Time (s),Fiducial ID,Position X,Position Y,Position Z,Rotation X,Rotation Y,Rotation Z,Rotation W
1741341455.1323571,2,5.834815644892455e-06,-1.2698299743527289e-06,-6.912585948958496e-05,-0.00038713771754853233,0.00028235940411985367,-4.795309035861554e-05,0.9999998840490212
1741341455.1477225,2,1.3208541875886202e-07,-2.819307289012686e-06,-4.507500258435038e-05,0.000663072118841031,-0.00035919211753712883,-8.611860706276241e-06,0.9999997156210715
1741341455.164309,2,1.952767659625467e-05,-1.8083725883625647e-05,-0.0003009540859760434,-0.0005469001501216598,-0.0009521289708197444,5.258682597347351e-05,0.9999993957924548
1741341455.1814618,2,9.280485679334646e-06,-6.3011653395754255e-06,-0.0001422150433685686,-0.0003527846660245325,-0.00012761532022789604,-6.155352503168038e-05,0.999999927734234
1741341455.1980834,2,1.151386461045689e-05,-5.886804890626111e-06,-0.00016943519878099775,-0.001406424667725658,-0.0001654717185216318,-8.562525872695724e-05,0.9999989936280334
1741341455.214355,2,-4.387156747995559e-06,-2.6355411426276497e-07,1.6687235582572338e-05,0.0010962732823135992,0.00023302885428914632,5.931323510346934e-06,0.9999993719234342
1741341455.231314,2,-7.192442108300882e-07,1.9900746370125217e-06,-2.1532492819704855e-05,0.0006426794800192477,0.00011910447483791113,-2.2762546591774714e-05,0.9999997861295153
1741341455.2476766,2,-2.5401349451701404e-05,2.4165383906011354e-05,-3.6573643533603587e-05,-0.04967564038960964,-0.06937331482299015,0.00017390036714295287,0.9963531721739107
1741341455.2646601,2,6.814730636162191e-07,4.374647263962867e-06,-3.059863581032442e-05,-0.0012027870323993459,0.0004163763787822774,-8.41007095272777e-05,0.9999991864302373
1741341455.2811635,2,9.340074042626836e-06,-6.774629219525421e-06,-9.633026194235417e-05,-0.00014941210835343256,0.0008250780841201616,-5.720858809333667e-05,0.999999646824615
1741341455.2978756,2,1.536479841188775e-05,-6.088511302623164e-06,-0.00016889670486062327,-0.0009555895576724824,6.60268836275167e-05,-5.109370212521603e-05,0.9999995399391349
1741341455.3149128,2,1.732762046943135e-05,-6.794930755021048e-06,-0.00021003594700908702,-0.0015523486678766926,7.122890787083819e-05,-0.00010253638966134973,0.9999987873124372
1741341455.3312612,2,8.570097326061182e-06,-2.02832849235528e-06,-0.00010279556004784491,-0.0012817781934418198,0.00037915884092858175,-0.00010570235522120638,0.99999910105472
1741341455.347972,2,1.3274049046202748e-05,-3.902469545712164e-06,-0.0001148558401037926,-0.0005641095111036233,0.0007207451043416383,-0.00010596979199328254,0.9999995755385885
1741341455.3646822,2,-2.9811529280031745e-05,3.06024429981232e-05,0.00010515422930538709,-0.05087042586123417,-0.06973650206012703,7.366110281329168e-05,0.9962675416910644
1741341455.381207,2,-4.3454212787720516e-05,3.443911622773261e-05,0.0002003964596753947,-0.05081465343608326,-0.06979129299386487,9.501383516943187e-05,0.9962665493685846
1741341455.3982,2,2.1102458731903784e-05,-1.1291900946945265e-05,-0.0002749988326933252,-0.0011317965117231292,0.00019888401812973854,-4.310459681162287e-05,0.9999993388116799
1741341455.4150233,2,1.979945993982664e-05,-3.7544316861270862e-06,-0.00014674613436729326,-0.0005067168223041923,9.363422126213994e-06,-8.66946190788893e-05,0.999999867817207
1741341455.431468,2,1.9047812319878676e-07,1.0052957005826918e-05,8.966435108828601e-05,-0.00038069051530365347,0.0015999725251194324,-7.99161912353156e-05,0.9999986443871076
1741341455.4483564,2,3.14608718385955e-06,-4.146872934778438e-06,-0.00010401836970161574,1.2271371429137125e-05,0.0008387230416756245,-5.6137829269902375e-05,0.999999646620746
1741341455.4647486,2,2.9220942395537774e-05,-1.8928442251157945e-05,-0.0003749679500731802,-0.0011999589971871973,-0.000605225527119383,-4.5124855415201845e-05,0.9999990958816981
1741341455.4813836,2,9.401500213588307e-06,-5.751088301206347e-07,-4.8976359429787765e-05,0.0005921438625960468,0.0005604188587971351,-5.2068066316476565e-05,0.999999666292577
1741341455.4982452,2,2.7359409794919555e-06,-3.2581931433505787e-06,-7.122976520331386e-05,0.00019305020865033752,0.0003826249855812195,-6.0737699015214274e-05,0.9999999063203303
1741341455.5147967,2,1.0174647456510429e-05,-3.59016936661381e-06,-0.0001770821481643943,-0.0011978731807830792,-0.0004895413675480831,-6.718588236348297e-05,0.9999991604672224
1741341455.5317945,2,-2.6542055792893824e-06,1.1541340771823001e-05,0.00013599581600121007,0.001203298415527994,0.0009168848837234783,6.39615509388161e-05,0.9999988536513196
1741341455.5485365,2,2.60930929026669e-06,1.6668857936624963e-07,-5.1991529096153985e-05,-0.00034982057833065825,0.00027106661793087225,-5.523739376212412e-06,0.9999999020589652
1741341455.564919,2,2.180726650689032e-05,-1.9095421242613242e-05,-0.00037653353882959837,-0.0011883335332529793,-0.0013306092624001853,-1.06829258762187e-05,0.9999984086128736
1741341455.5832872,2,-3.0078574371268865e-06,1.2019634183960319e-05,0.0001457569608454338,0.0007570518262438773,0.0007775386881551399,3.5220144861061235e-05,0.9999994105326573
1741341455.5991104,2,-1.13117118197055e-05,1.2739600979058574e-05,0.0002252084054426062,0.001576791587775427,0.0016602197643504082,0.00010257091381873054,0.9999973734354658
1741341455.6152632,2,5.493087664229535e-06,-7.471059907092042e-06,-0.00012865198416440793,-7.660230511154201e-05,5.4115943501487434e-05,-2.333068794169179e-05,0.9999999953296153
1741341455.631589,2,1.8022559382213355e-05,-6.742117260687997e-06,-0.0001959266146422772,-6.447214488313726e-06,-3.882868301027661e-05,-3.317302732883999e-05,0.9999999986751585
1741341455.6485183,2,9.372672812551459e-07,7.512181279092477e-06,6.339191729823985e-05,0.00010164869045538059,0.0008045461771279259,-5.298695239399513e-05,0.9999996697826332
1741341455.664991,2,1.855772368889917e-05,-1.626290888377062e-05,-0.00031544082427260395,-0.0004913756706320877,-0.0008495757907668011,-1.4748794379623804e-05,0.9999995182765835
1741341455.6819363,2,-2.9288287131079893e-05,2.6806701255975225e-05,8.03171692284366e-05,-0.05015151798883478,-0.06983666454981649,0.0001555969089282783,0.996296964422543
1741341455.698287,2,1.9440466405034075e-06,4.8545611303551595e-06,2.9757644668817166e-05,-0.00039102169637909726,0.0010350559550508607,-9.638317233460438e-05,0.9999993832355534
1741341455.7152226,2,-6.541418138611674e-07,-2.292925779469773e-06,-8.454131331055932e-05,0.00011838431980462326,0.00040540639258603093,-7.030902148813085e-05,0.9999999083437213
1741341455.731781,2,-1.0151001791842977e-05,1.0138302918102696e-05,0.00010957990839263957,0.00040479528914465706,0.00017732795069628116,1.3813373984367534e-05,0.9999999022523766
1741341455.7483363,2,2.0644512283985875e-07,8.387888940132566e-06,8.586734280740462e-05,-0.0005532456853447407,0.0012098490527434947,-0.0001452542740806276,0.9999991045424377
1741341455.76528,2,6.540916540963551e-06,-8.839621814809795e-06,-0.00016584529069985706,0.0004079528544940508,0.00027389878048235275,-4.076416876464304e-05,0.9999998784460972
1741341455.7816582,2,1.5383206289135134e-06,-3.428490647224808e-06,-0.00010402654754819687,-0.0004297294518233516,0.0002055312426535117,-7.797946844568291e-05,0.9999998835043478
1741341455.7983735,2,1.1664853253648633e-05,-8.34290889167974e-06,-0.00015096496369469928,0.0004917595297027542,-6.18443356244249e-06,-4.074619745278984e-05,0.9999998782370251
1741341455.8152673,2,1.7236421288926222e-05,-1.502264675730478e-05,-0.0002969451960068192,0.0002105303933733559,-0.0005437190295422732,-5.358061126976959e-06,0.9999998300089163
1741341455.831928,2,-1.1945118914848563e-05,1.137443507208189e-05,0.00010107924740857067,0.0010326847829113131,0.0006733976431954609,0.00011854257853953998,0.999999233022411
1741341455.84842,2,-2.5035943425370117e-05,2.3901270739221336e-05,-2.8934521492683676e-05,-0.049479869034890774,-0.06942845939135055,0.00019078462670654172,0.9963590694062356
1741341455.8655999,2,-6.344272576239278e-06,3.032695822215233e-06,4.355832790348062e-05,0.0009493984255131926,-0.0002435358274342026,-3.849378250867518e-05,0.9999995189254638
1741341455.8822677,2,-3.4035443616112554e-06,1.0330581443394312e-06,-5.817397807717473e-05,-0.0006806548968303492,0.0008690212599308823,-0.00011578339866502233,0.9999993840523933
1741341455.8992565,2,1.4892031634592402e-05,-1.171391813453877e-05,-0.00027137430228873106,-0.0011577589465110233,-0.001066766061258857,-7.779399328836318e-06,0.9999987607711688
1741341455.915501,2,8.168894494495242e-06,-8.152240955591833e-06,-0.00013616017174606127,0.0007154287431904872,-0.0007349341579262942,-2.5006494811797768e-05,0.9999994737039475
1741341455.9318001,2,6.472019718024252e-06,-5.767422835597867e-06,-0.0001470022954609315,-0.0003234725199715523,-0.00013243708252430592,-3.752560228217659e-05,0.9999999382088867
1741341455.9497888,2,-8.249293065993904e-07,2.1031124638515318e-06,-3.571543057266842e-05,-0.000519203782213216,0.0002577929815855567,-4.007646803490945e-05,0.9999998311820296
1741341455.9653277,2,2.439945576270399e-05,-2.0555598752566152e-05,-0.00038182525196982567,-0.0003688872088587859,-0.0010682214885991855,2.898374991057649e-05,0.9999993609923061
1741341455.9820375,2,-1.765412602921784e-05,1.541385214164479e-05,0.0002480585667904524,0.001460624417433014,0.0015558387945949737,0.00012947640118791793,0.9999977145862974
1741341455.9996517,2,-4.544132503977079e-07,4.5566737920628665e-06,-4.522803713279216e-06,-0.0007899520657172567,0.0004741376887722446,1.810560104094239e-05,0.9999995754205964
1741341456.0155578,2,-5.686422858266057e-06,5.1579621408628715e-06,6.888953943017949e-05,0.000599863285498165,0.0006544456077632484,8.456779199694136e-06,0.9999996058966564
1741341456.0323217,2,2.000043110343375e-05,-1.3966731140173576e-05,-0.00031188700138694026,-0.0007557871308056958,-0.0008374801890984348,-4.963210372069277e-06,0.9999993636938537
1741341456.0487905,2,-9.147602647717529e-06,7.292119077499502e-06,9.096747551508188e-05,0.0008220798719950196,0.000262225219885217,8.792049170399105e-05,0.9999996238462319
1741341456.0658116,2,2.252696187131724e-05,-1.9259649393518353e-05,-0.0003498392983814482,-0.0013602030826630057,-0.0012223453214767967,5.559933507877621e-06,0.99999832784289
1741341456.0824237,2,9.995090294442864e-06,-5.414444006266294e-06,-0.00012205246853554847,0.0004558029203249451,0.0001254873307445102,2.3226772574939052e-05,0.9999998879785661
1741341456.0987923,2,-4.1825396797056545e-06,5.6627481247852195e-06,1.8194801867548387e-05,-0.0002754742917624666,0.0002574879627752857,-4.096523911499685e-05,0.9999999280678538
1741341456.116673,2,5.362146655822718e-06,-9.53931293002405e-06,-0.00013194078526615629,-0.0006805959711257138,-0.00024195711387785994,-3.6200807266340294e-05,0.9999997384676562
1741341456.1330318,2,1.1209241613945176e-05,-5.551498961641196e-06,-0.00016914991144453942,-0.0009733663491748528,-0.0006080362659875848,-1.7730517024341703e-05,0.9999993412675222
1741341456.149149,2,-1.0645220131746641e-05,1.3459449997783212e-05,0.00017266729098415172,0.0014998168296001808,0.0005454804594056945,0.00010423809890671077,0.9999987210666645
1741341456.1657963,2,-3.473862482431745e-06,7.96950505412623e-06,4.055783925807354e-05,-0.0003459929637611283,0.000536459585745488,1.4768051484575937e-05,0.9999997961409226
1741341456.182752,2,-1.0271767038387737e-05,1.182886865920864e-05,0.00015095911850694524,0.0002817787275785529,0.0012081503366330234,2.9231038242543753e-05,0.9999992300592332
1741341456.1986837,2,1.0115116251207691e-05,-4.829537228667365e-07,-8.551481079508702e-05,-0.00020369415947622994,3.688781543714383e-05,-7.767842829980309e-05,0.9999999755570198
1741341456.2158384,2,2.5950322677835776e-05,-1.6973156346643577e-05,-0.0003411424951108959,-0.0010127337680700616,-0.0007074628353569639,-4.66874310076367e-05,0.9999992358431757
1741341456.23229,2,3.953875529070339e-06,-2.160527959722537e-06,-7.389804911911926e-05,-0.0003767280714905259,-0.0008371478761896095,-5.484436951930626e-05,0.9999995771256549
1741341456.2494357,2,1.6765078444465922e-05,-4.80092774809677e-06,-0.000169575831806116,-0.0010800100159119187,-0.0004946091460602803,-4.732795190427991e-05,0.9999992933498618
1741341456.2654743,2,1.6329625354927776e-05,-5.193735213160573e-06,-0.0001431053192111485,-0.00014948217245137047,0.00029675725244695183,-4.432943425891571e-05,0.9999999438125557
1741341456.2820115,2,1.3806346646691955e-06,3.510586224288154e-06,-3.1299066272967474e-05,-0.0006932643253122142,0.00042666478658500486,-2.809910358713877e-05,0.9999996682760327
1741341456.2991433,2,2.770736152358432e-06,1.7802155542556824e-06,-2.7063907225415175e-05,0.0005147573994426499,-7.281713960773456e-05,8.330080710972297e-05,0.9999998613917201
1741341456.315439,2,-2.4966303755476285e-05,2.7345328373391294e-05,5.862260809008741e-05,-0.049938481284026955,-0.06933930240189295,0.00012199303086749112,0.9963424081846382
1741341456.3324728,2,1.024089808554237e-05,-1.63434842736494e-06,-0.00010771821640834194,-0.0010349961022099452,0.00017467732022055735,-8.46372242664314e-05,0.9999994455535675
1741341456.348902,2,1.1252062953800747e-05,-6.61853477625262e-06,-0.00018720507763687308,-0.0010821145068998096,-0.0004321646796460697,-4.176718100014648e-05,0.999999320258462
1741341456.3657215,2,-7.970500810878314e-06,1.4959895024767974e-05,0.00023029285456349914,0.0021716186991548553,0.0011561751970292653,0.00012284831466397462,0.9999969661151132
1741341456.382302,2,4.722021038886922e-06,4.628220937905269e-06,2.1758530379296e-05,-0.0009372587540918584,0.0005004994708162183,-9.835137964460253e-05,0.9999994306864948
1741341456.398973,2,1.2057663689730191e-05,-1.1206032771629187e-05,-0.00021175773071538848,-0.0002719695445641001,-0.0008015876658073305,-1.6434858536431142e-05,0.9999996416097738
1741341456.4173427,2,5.252293120807036e-06,-6.789084109365193e-07,-2.2935306938676688e-05,0.0002768036810783308,0.0008554665901633854,-4.8383959071426735e-05,0.9999995946077318
1741341456.4325104,2,1.0050162822446242e-05,2.535029500470149e-06,-3.892317518717792e-05,-0.0010607667045101502,0.0005013349385247966,-0.00012317332645964585,0.9999993041325627
1741341456.449403,2,3.535235767272703e-06,6.006617694108543e-07,-6.830246444947386e-05,1.7030300532026675e-05,-0.0003682719033965485,-5.090145852888568e-05,0.9999999307474055
1741341456.465887,2,-1.162025493713104e-05,1.2497750948903588e-05,0.00013911498413031283,-0.0007095243646357545,0.0002440439127017539,-9.611646704264712e-05,0.9999997138896438
1741341456.4829197,2,1.733140017326716e-05,-9.304786585335199e-06,-0.00021856115263134182,-0.00125923908481641,-0.00020825789029456422,-6.715675571462795e-05,0.9999991832174407
1741341456.4991949,2,1.4295629044608098e-05,-4.751078170274916e-06,-0.00019256574980809822,-0.0013845023341278726,-0.00038441538787976036,-6.418508909392135e-05,0.9999989656286504
1741341456.5156283,2,4.3586944767142e-06,3.456202594024193e-06,-2.5680746158690493e-05,-0.0012540864001092976,0.0005583742042621948,-0.00013954184353718173,0.9999990480063583
1741341456.5329494,2,3.7410966405661515e-06,4.326928389914179e-06,2.5146362957859357e-06,-0.0009707114905638972,0.00046629231583711193,-0.00010782030792351987,0.9999994143325582
1741341456.5490613,2,1.2385216814175284e-05,-9.109956877761584e-06,-0.000199658033621964,-0.0007626781203100189,-0.0006663557443834957,-1.8321764557005105e-05,0.9999994869780782
1741341456.5659096,2,-1.5162739090801498e-05,1.50692417850661e-05,0.00017614211272749683,-0.0002089521165680094,0.0003973130968481981,-8.596730630786404e-05,0.9999998955454638
1741341456.582471,2,3.5204182733556085e-06,1.1117571860940787e-06,-4.5329176306431984e-05,-0.0007652172869298386,8.121593873074825e-05,-4.608331177004562e-05,0.9999997028613576
1741341456.599109,2,1.3355877094798458e-05,-9.399415518975831e-06,-0.00022470556770349292,-0.0007858392284029675,-0.0007840582033165646,-2.68863803546552e-05,0.9999993834930917
1741341456.6164804,2,-5.121323179761046e-05,4.029676094678609e-05,0.00028724068070940266,-0.051347957383608735,-0.06935329396766694,6.239933709133782e-05,0.9962697947818594
1741341456.6324883,2,-1.3890140364034255e-05,1.4917158619978829e-05,0.00017841901423045075,0.0016068576285491023,0.0001238212246367885,8.051835341971638e-05,0.9999986980959829
1741341456.6496522,2,-1.6783671132482452e-05,1.493699823804212e-05,0.00019769600323816996,-0.00015320592071166192,0.0012490406808294743,-5.385955334557161e-05,0.9999992067619213
1741341456.6658797,2,-1.524983446083015e-05,1.1074780500782724e-05,0.00014844220368463268,-0.00036784956737612054,0.0009502116710864294,-6.494454382218796e-05,0.9999994787832052
1741341456.6824613,2,8.356738510755004e-06,7.93221922750533e-07,-7.770989923821373e-05,-0.000775514847094129,0.0003287085412069266,-8.581894407982294e-05,0.9999996415811987
1741341456.6996386,2,-6.461777817909942e-06,9.301543762150371e-06,8.748810866529374e-05,-0.00012649960891530853,0.0003107700556281869,-5.7959393890783704e-05,0.9999999420302634
1741341456.7164867,2,-1.5649992136351836e-05,1.1796661996382018e-05,0.00016303740701901294,0.0006906940616091318,0.0009172854579331763,2.3818174884907918e-05,0.9999993404806807
1741341456.732658,2,4.342124520432669e-06,2.8339678473576104e-06,-4.24325607672945e-05,-0.0010178126010374153,0.00011546835475792546,-1.317170939137828e-05,0.9999994752753995
1741341456.7493737,2,1.036823723622289e-05,-5.52875896765549e-06,-0.00013250177124660685,-0.00020461441229967247,-0.00047320739565713695,-2.6368462650030485e-05,0.9999998667561947
1741341456.7663646,2,-2.1967088735296348e-05,1.5563559182539075e-05,0.00023860960641193123,0.001249663821797131,0.0011108750196127883,5.6952804580502096e-05,0.9999986005257214
1741341456.7827203,2,-5.101610106487833e-06,7.211440563835435e-06,3.9004529423572874e-05,0.0003500950001532509,-8.524251035774656e-05,0.00011025256217011467,0.9999999290057864
1741341456.799207,2,-3.147197600965307e-05,3.326016806255398e-05,0.00014954599707513348,-0.050718631255447275,-0.06940826536590221,9.245381523152486e-05,0.9962982006381235
1741341456.8158908,2,-1.4496986218880051e-05,1.3918957819296353e-05,0.00019307924566157943,-0.00043556408298127224,0.0010174091314597165,-8.450880568703923e-05,0.9999993840102356
1741341456.832895,2,-1.970011298730082e-06,-2.6312657214057688e-06,-8.645773046304873e-05,-0.00023634418507781054,-5.041001789659702e-06,-8.058878215528068e-05,0.9999999688107308
1741341456.8494668,2,-4.219571034207175e-05,3.38656967155567e-05,0.00019109849640681182,-0.05086599290233631,-0.06888661365788853,9.534280051730161e-05,0.9963268922068493
1741341456.8663387,2,-4.832152292522929e-05,4.271898250526205e-05,0.0003494481624432591,-0.05137546131124625,-0.0702795960030022,7.086239272338897e-05,0.9962034608147237
1741341456.8835838,2,-1.6923921396567764e-05,1.4198568025230087e-05,0.000185877537961938,-7.669102676544356e-06,0.0011197548333723353,-7.462656149136438e-05,0.9999993702603889
1741341456.8996968,2,-1.5714053068152546e-05,1.1237148719354791e-05,0.00014211858421751922,-0.00034201701799994373,0.0006322471236419365,-1.4293500737044882e-05,0.9999997415417815
1741341456.9162867,2,-1.1897760221478718e-05,1.116484350726689e-05,0.00015405612022702486,0.0005434304446392794,0.0005899313082550075,5.850869435905264e-05,0.9999996766205157
1741341456.933004,2,-6.903248623058682e-06,6.835390412161913e-06,6.596597500166164e-05,0.0005912366783749777,0.00010673996418363652,7.19059510362139e-05,0.9999998169376354
1741341456.9494808,2,-1.2473087885719897e-05,1.1289308495552254e-05,0.00014852970119826,0.0005564958735654423,0.0007039192323705202,4.370238461131711e-05,0.9999995964499978
1741341456.966769,2,-1.1417179048923689e-05,1.0344075996666874e-05,0.00013433818372835126,0.0005510554266349312,0.0003367194486241048,8.362043015227939e-05,0.9999997879827541
1741341456.982999,2,-1.577191017977779e-05,1.345508439318696e-05,0.00019056968977408914,0.00042554632351353097,0.0010307877824770096,-2.2009575033986257e-05,0.9999993779510329
1741341456.9999824,2,-1.2671675454063996e-05,8.835342148456624e-06,0.00010987375181016138,-0.00012418336407890132,0.000667136044606161,-6.147657976326652e-05,0.9999997678642832
1741341457.01658,2,-3.14767069547347e-05,2.6282231412886534e-05,5.5423033838666936e-05,-0.04950244386020094,-0.06935407561593393,0.0001780153342826324,0.996363130870401
1741341457.0328174,2,-5.250447737345667e-07,6.9069884002669614e-06,3.722203111952457e-05,-0.0003252502180943043,-8.174463460603409e-05,-1.5516259814333535e-05,0.9999999436446764
1741341457.0499897,2,-1.4025223221535574e-05,1.2640105210869784e-05,0.000192029691823289,0.0009861570074101188,0.0006746034915462161,8.177768509311254e-05,0.999999282858191
1741341457.0662298,2,-1.1217149499555459e-05,9.669825020158739e-06,0.00012073782101435113,0.0006375121448164885,0.0004528971197447937,0.00011520375305170261,0.999999687595231
1741341457.082962,2,3.0999918949820246e-06,3.539297668983738e-06,-4.742814573018697e-06,0.00029489634728069916,4.8787142937765755e-06,8.580216995959868e-05,0.999999952825164
1741341457.0999014,2,-8.677617243754615e-06,1.6645102130026032e-05,0.0002402708601400468,0.0017884192916654887,0.0014600008568740064,9.089518239430612e-05,0.9999973308424382
1741341457.1175396,2,-4.305022648755749e-05,3.6801872454161164e-05,0.0002527076063045025,-0.05055474271892146,-0.06977384667175052,0.00011692909010902615,0.9962809918074512
1741341457.1330419,2,-8.842748764356752e-06,9.634609828672726e-06,0.00012765588592242956,-0.00023716034020304497,0.001047365920149096,-1.3816551752745753e-05,0.9999994232941862
1741341457.1500642,2,7.785584733029685e-06,-5.957556660489523e-07,-5.8381977781820655e-05,-0.00031580647242892445,0.0003144276261225843,-8.76796824046155e-06,0.9999999006623264
1741341457.1663709,2,-1.1869619151151524e-05,1.5610700422486125e-05,0.0002480492352986437,0.0007215563149142536,0.0015956835306158072,1.1735931316174074e-05,0.9999984665052355
1741341457.1832762,2,-6.201615154825859e-06,7.688501741563329e-06,9.529004623284292e-05,-4.6468233862087935e-05,0.0001198124130037234,9.680324723109469e-05,0.99999998705741
1741341457.199777,2,-3.6948854599772316e-05,3.065132528955068e-05,0.00014631243319343311,-0.05000199927283708,-0.069217870680383,0.00012829708312362347,0.996347665218849
1741341457.2167876,2,3.939973088721601e-06,4.890606006170326e-06,2.9223480351937884e-05,-0.000313587732945604,0.0007675246428819393,4.026308905660611e-05,0.9999996554737106
1741341457.2334359,2,-5.573624219700982e-06,8.184662040255531e-06,9.932893325288274e-05,9.649621195310583e-05,0.0003786838934840446,9.954723725909884e-05,0.9999999186886653
1741341457.2498143,2,4.239282228049852e-06,3.8354928613780505e-06,-1.4764068338467382e-05,0.00018555970715547043,0.000450923219149888,8.55616297957837e-05,0.9999998774575191
1741341457.2664273,2,-8.143961760173725e-06,1.567086808134102e-05,0.00022174443409605246,0.0013162453305045425,0.0013170221641493826,6.611119515199509e-05,0.9999982642885731
1741341457.283305,2,-4.741126584353133e-06,9.911781286035634e-06,0.00010561577697069419,-2.4485697352948002e-06,0.0012984733178946636,-1.3946574949257729e-05,0.9999991568829146
1741341457.2998884,2,1.1787139193710646e-06,8.826852647956879e-07,-4.487530580956961e-05,-0.0007626376863794846,0.0003770759338146368,-2.611016935959274e-05,0.9999996377578136
1741341457.3168497,2,1.2715795189035218e-05,-2.6608985584101675e-06,-0.0001262146711610431,-0.001668548938933274,0.0001507751274856521,-0.0001005628352219984,0.9999985915482158
1741341457.3330684,2,4.914358781011736e-06,5.6001209029718456e-06,8.332963483810095e-06,-0.0008461445262072059,0.001114844582440124,-7.559099043292278e-05,0.9999990177230175
1741341457.3503563,2,-9.78231791856149e-06,7.952100429342076e-06,0.00012417350751211205,0.0005875062471419002,6.0270847724170975e-05,-3.1890102178689854e-05,0.9999998250934126
1741341457.3668385,2,7.781389802337402e-06,2.5617941048267156e-06,-5.819338683609012e-05,-0.0019705794576345323,0.0006093466547455066,-8.901106338615614e-05,0.9999978687928721
1741341457.3833344,2,-1.115689375758694e-07,5.787313304139994e-06,4.6507757730821746e-05,-0.000894741966484616,0.0008757908772084242,-0.0001244577836412168,0.9999992084683932
1741341457.400022,2,-1.8870180455354416e-05,1.7151002531605404e-05,0.0002631281941091974,0.000303045219738124,0.0007817666862651759,-5.516496244348201e-05,0.9999996469805726
1741341457.4171746,2,-5.940676102330151e-06,1.3285995312946074e-05,0.0001674695941760487,0.0009663747544364388,0.0011783247103011377,3.3242087999124336e-05,0.9999988382821625
1741341457.4334388,2,6.635740347949243e-06,3.309636604413593e-06,-3.9274676433058e-06,-0.0006621166727830216,0.0007105904121133267,-8.278326006424287e-05,0.999999524904742
1741341457.4503894,2,9.784978132604023e-07,-5.6059848950903625e-06,-3.337798821137389e-05,-0.0005382401121214284,7.869077266770387e-05,-5.610311873050562e-05,0.999999850478881
1741341457.467375,2,1.216918602381966e-06,3.9880582707945716e-06,-2.400963131149784e-05,-0.0019350340227065486,-7.526909050623964e-05,-6.350393653719954e-05,0.9999981229708108
1741341457.4834552,2,6.910450210315246e-06,3.3436753900306877e-06,-1.5108989313225461e-05,-0.0008704666153041188,0.00028386512154695117,-2.3584349712823404e-05,0.9999995805760334
1741341457.5003717,2,4.405740929510895e-06,-3.3993071147080543e-06,-6.670353659199801e-05,0.00038153785211959173,-0.00013386827384972546,-9.635233745803473e-06,0.9999999182076542
1741341457.5168388,2,-1.2100929956223963e-05,1.051703625914908e-05,0.00014857180678676815,0.0007945049790713024,0.0003792510182913003,0.00011242827746564744,0.9999996061451154
1741341457.5335028,2,-2.699856851048585e-08,2.9186271769352512e-06,-1.7457565761152332e-05,-0.0010155169673544179,3.4957816354391175e-05,-2.669208812906517e-05,0.9999994833952528
1741341457.5508215,2,1.0124078919968383e-06,-1.8750224397127789e-06,-5.8869576517193544e-05,-7.549722692666088e-05,-1.3481431023182845e-05,-1.3260724316080677e-05,0.9999999969712865
1741341457.5670476,2,-9.517575537007154e-06,1.0462185859864302e-05,0.00011066234393538173,0.000415053967667483,0.00041738452451813685,6.958387465724786e-05,0.999999824339208
1741341457.584801,2,-4.8285874083437746e-05,3.902955880524083e-05,0.0002770951757699192,-0.051149675823095084,-0.06925896307663107,7.411053098153033e-05,0.9962865557681542
1741341457.6009545,2,-6.746651314987964e-06,6.662553053336368e-06,8.60390298219187e-05,-0.0007867691006196671,0.00040287226883769546,-8.075247958253756e-05,0.9999996060835995
1741341457.6180484,2,8.330602483600688e-06,-6.953683589361877e-06,-0.00016006190900136384,-0.0009946936536818127,-0.0006347183946561123,-1.6585213654216008e-05,0.9999993037207703
1741341457.6342564,2,2.543402299058133e-06,9.997899742707774e-07,-5.518717871157689e-05,-0.0010590593332194741,-0.00024368025730261292,-5.721729681573885e-05,0.9999994078695457
1741341457.6512384,2,1.274703941870601e-05,-9.665313827091152e-06,-0.0001904513036100609,-0.0002696291133704539,-0.0004635769885909339,-2.0991006770614837e-05,0.9999998559779368
1741341457.6674833,2,-1.8321521018950317e-05,1.5645277028655058e-05,0.00022248144225370606,0.0002374536873515273,0.00019725871676890157,-2.8678688825680962e-05,0.9999999519411378
1741341457.6838071,2,-1.0590637415101694e-05,1.020127323282973e-05,0.00013566883112036015,0.0006092679132485324,0.0003458800939902491,9.049160042936698e-05,0.9999997504853891
1741341457.7005758,2,-1.5596398730177434e-05,1.1581993878249723e-05,0.00018641931153796505,0.0008472180350465756,0.0004697481035703541,9.325294568681451e-05,0.9999995264309921
1741341457.7172918,2,-2.361369138920882e-05,1.9037335248067152e-05,0.00030689951083389316,0.001221078558035214,0.001211796989441779,9.496458456527166e-05,0.999998515747368
1741341457.7340178,2,-1.457418649699908e-05,1.370598280486785e-05,0.00019423968938197815,0.0005356418202585453,0.0008336030599191769,7.718861066029123e-05,0.9999995061177267
1741341457.7502382,2,-1.3270461899527129e-05,1.0849431802959007e-05,0.0001532282842292456,-0.00010599330725020068,0.0008370993149242196,-3.7320618869160977e-06,0.9999996440080504
1741341457.7671545,2,5.602144510754247e-06,-5.056285052842884e-06,-0.0001467899333425275,-0.0009863457674530816,-0.0005796523423886845,-6.233759062745972e-05,0.9999993436193915
1741341457.7840407,2,-1.1363830494386165e-05,1.0514140640099518e-05,0.00011583114567833685,-0.00010317696657050955,0.000663365003254557,1.445584084073169e-05,0.9999997745461819
1741341457.800576,2,-1.0054145397306786e-05,9.204097350507379e-06,0.0001149579523968273,-0.000618273499331327,0.0008110710794588928,-2.4567972520064087e-05,0.999999479648864
1741341457.817524,2,1.0909276312196593e-06,1.3662098788062722e-07,-6.5358341674476e-05,8.582753877007597e-05,-0.0001061345101819775,-8.085051079604298e-06,0.9999999906518656
1741341457.8340738,2,-7.004430294806258e-06,7.424604683487439e-06,7.171615600488654e-05,0.0007072026979192788,0.0004995395650356516,0.00011761063028280356,0.9999996182460804
1741341457.8504481,2,-1.3921533992377734e-05,1.1076188716261822e-05,0.00015420028408771896,-0.00022586449593475015,0.0006304107815729503,-2.3642600561015982e-05,0.9999997755042265
1741341457.867357,2,-1.6732427025541448e-05,1.4913175789851735e-05,0.00018211610063789224,0.0007464987639865245,0.0010100876534602037,1.8509723337048656e-05,0.9999992110596477
1741341457.883952,2,-5.138494729806028e-06,8.76044099008686e-06,5.7747491695748436e-05,-0.0008929274035223307,1.2372265899357956e-05,2.2420170433483843e-05,0.999999601012378
1741341457.900602,2,-6.398550023662695e-06,1.0901405570847966e-05,0.0001230821945504572,0.0002228154613692628,0.001083042072138668,3.977193555928949e-05,0.9999993878954793
1741341457.9173303,2,-1.306464064134302e-05,1.040667478755903e-05,0.00016166667995870933,0.000919864101956232,0.0007150180918718487,7.682668917988617e-05,0.9999993183481787
1741341457.934032,2,6.649937503238661e-06,-3.3690242216469734e-06,-0.00012131025138437625,-0.001292942636156454,-7.273142640326729e-05,-4.690286718769708e-05,0.9999991604044477
1741341457.9505553,2,2.7638634570499362e-06,2.4069801853342875e-06,-3.543587934101936e-06,-0.0002137317632398831,1.2714344063886655e-05,-4.7010754086840916e-05,0.9999999759735336
1741341457.9670987,2,1.1703774422574202e-05,-8.940052987291223e-06,-0.00018119175335724397,-0.0001910514483021053,-0.0002999254925083824,5.395744400301405e-06,0.9999999367574626
1741341457.9838576,2,4.792608250280218e-06,-4.5247337264270814e-07,-9.456970745103496e-05,-0.001834568410212386,-0.0002872334000143788,-5.8220256710061494e-05,0.9999982742315727
1741341458.0008376,2,7.267704818089759e-06,3.332637268883109e-06,-2.4159592666631714e-05,-0.0012255817169268299,0.0004653579858904489,-8.533479507225174e-05,0.9999991370543141
1741341458.017249,2,1.0958694943617386e-05,-4.0847512972915e-06,-0.00011013538270726256,-0.000772146886444317,0.00012014112754085882,-0.00010416412012916088,0.9999996892525174
1741341458.0342247,2,-7.687830835112468e-06,7.204277226402813e-06,6.630966831456849e-05,0.0007544199071851576,0.00022884853713356725,8.068859261704075e-05,0.9999996859841016
1741341458.050761,2,-9.204383595014307e-06,1.0048770158453868e-05,0.0001259004837393244,0.0005689923413622429,0.00019429655019764737,7.629795835552754e-05,0.999999816337577
1741341458.0672827,2,2.6104845178587465e-05,-1.7325140331534734e-05,-0.00032608780470155986,-0.0009370364706286328,-0.0005367928898264088,-3.782314053637025e-05,0.9999994161925576
1741341458.0840914,2,-8.533362183785355e-06,8.365700702794331e-06,0.00012816500609766398,0.0009184944141213923,0.0009840217932878177,4.201364066388979e-06,0.9999990940253247
1741341458.1007264,2,-1.1274931804605683e-05,1.1270705724704243e-05,0.0001459835298738684,0.0008651888703702967,0.00043734231252111,8.942790446407019e-05,0.9999995260911727
1741341458.1180158,2,-1.5270294045494528e-05,1.371117134471628e-05,0.00019492037159035341,0.0001239435159648387,0.0002633316112125541,-3.224003830148513e-05,0.9999999571275227
1741341458.1341946,2,1.593757203610192e-05,-1.434054591410502e-05,-0.00024598994421112,-0.000917706595795635,-0.0008748515272588612,-1.5204168291705243e-05,0.9999991961087982
1741341458.15078,2,-9.854655074465774e-06,9.240533022553112e-06,0.00011084735694184617,-7.890175806702435e-05,0.00041011087041898454,2.6471910055137915e-05,0.9999999124414085
1741341458.1674514,2,-1.0048178878432931e-05,1.0205020830809049e-05,0.00011905984972945046,0.001196131971559183,-2.6429934679983988e-05,0.00010049636528273134,0.9999992792348632
1741341458.1843312,2,-1.0555340433231745e-05,1.1728381952726783e-05,0.00015013735442000046,0.0010282757965389413,0.00027177378037793155,0.00011926292841212226,0.9999994272819622
1741341458.2008939,2,-2.378316149801112e-06,9.016183784621835e-06,9.566773636301835e-05,0.0005758017685171706,1.9569564250540997e-05,8.397591773419456e-05,0.999999830508686
1741341458.217569,2,-6.1199775049767675e-06,1.0170546444315167e-05,0.00015219962897645165,0.0009321350805412348,0.00023014870880767773,9.43996359145215e-05,0.9999995346221278
1741341458.2347925,2,-8.31483221947071e-06,1.0798439514514475e-05,0.00010680055475283732,-0.0002644969070818443,0.0007131754690946485,-2.015220970740795e-05,0.9999997105079705
1741341458.250745,2,-5.308501185246473e-06,6.663720694193269e-06,6.885597309147345e-05,-0.0004494979432484703,-0.00029329598971729353,-7.936353722764746e-05,0.9999998528152344
1741341458.26771,2,-4.0286296014607385e-06,8.27735647817303e-06,0.00016373549598870386,-0.0001405136540993657,0.0006885536840760588,-8.253653055472712e-05,0.9999997496686979
1741341458.2842834,2,6.519801448369022e-06,1.1070483415940033e-06,-3.465641757449495e-05,-0.00017063984735392736,0.0004084149451713584,-4.427484807937795e-05,0.9999999010595015
1741341458.3008356,2,-9.239632058273805e-06,1.2488915301891718e-05,0.0001383931716098632,0.00039375934917115253,5.131890241438422e-05,0.00010616341371556966,0.9999999155246339
1741341458.3179662,2,-2.934360018769343e-05,2.8011558572133378e-05,6.071136240366942e-05,-0.04976643586604762,-0.0693171009899221,0.00015019421273093555,0.9963525574881824
1741341458.3340583,2,-1.0517534790281149e-05,1.434970959442115e-05,0.0002226743152989484,0.0002944748215360125,0.0013035166243937437,2.4375658935159762e-05,0.9999991067670093
1741341458.3514297,2,-7.601365807950622e-06,1.2153211532864352e-05,0.00011810728231413088,-0.0003288637771746113,0.00017213778358878101,-8.559053956507357e-05,0.999999927445727
1741341458.367611,2,-4.329893811465625e-06,7.797792737261551e-06,3.549381342464926e-05,-0.0011108370865769612,0.0001941206950198097,-6.84483912834215e-05,0.9999993618362667
1741341458.3843133,2,2.423457434265446e-06,-2.6363733039019708e-06,-8.885957974401858e-05,-0.000767006512594865,-0.0003139644917751421,-3.1064155119879296e-05,0.9999996560811039
1741341458.401063,2,-5.314080017192671e-06,2.6478123357352193e-06,2.810529171972434e-05,0.0007746775256335819,-0.0004964198981875684,-1.2514299270461419e-05,0.9999995766426146
1741341458.4175665,2,-3.049489514037086e-06,5.890420816884645e-06,4.904878493185198e-05,0.00029687651528487494,0.00022620010786873355,1.4632461895634625e-05,0.9999999302418661
1741341458.4342794,2,-9.893831062794855e-06,5.7694654441389405e-06,7.130643864003198e-05,0.00012820327239546997,0.0007096730428765563,-5.946994040219045e-05,0.9999997381956754
1741341458.4512098,2,-3.127953308640116e-05,2.2198637116401696e-05,0.00037450899271130824,0.0012130462243961828,0.0018033588401198072,2.7635435415755465e-05,0.999997637823227
1741341458.4677696,2,6.914447761695047e-06,-3.458730680013858e-06,-0.00012401779447560263,-0.0008018919600654377,-0.0006304355379799046,-1.8993447279907992e-05,0.9999994795796475
1741341458.4844747,2,-3.8287684505494595e-06,4.3373504922409865e-06,1.0341916226913405e-05,-0.0006285144804763599,0.0005818509265382624,-6.827096783179798e-05,0.9999996308789929
1741341458.5010679,2,-4.963604029619108e-05,3.57854276921175e-05,0.0002205065289273644,-0.05068099507682628,-0.06964948670319483,9.725021337456948e-05,0.9962832811416641
1741341458.517822,2,-4.572396767832068e-06,8.858631403694332e-06,9.296926042288735e-05,9.477217756005857e-05,0.00029686217079662305,7.313959958761451e-05,0.9999999487708411
1741341458.534936,2,-6.475865669836842e-06,3.5425878582009268e-06,0.00010183931841095389,-2.5738430402461247e-05,0.0005616087978482576,2.3300801960682917e-05,0.9999998416950694
1741341458.5513,2,2.5875316968813683e-06,-1.0251082830932021e-05,-0.00016263891744597392,0.0004730047722330805,-0.00040351614698111004,-6.643051440170755e-05,0.9999998045140766
1741341458.5680764,2,-1.1646670951458004e-05,1.1745146009357833e-05,0.000125040499014452,4.443570751334802e-05,0.0009318506993718931,-3.108935793431793e-05,0.9999995643565021
1741341458.5861852,2,-2.7010670922659955e-05,2.1493923397870753e-05,0.0003788610107693004,0.0011018007116216852,0.0014617132043808253,-1.83172535844376e-07,0.99999832471343
1741341458.6014845,2,4.600696071816307e-06,-7.11632560586474e-06,-0.00012058067103698222,-0.0002485228515870185,0.00022193711118944506,-5.3717992061914186e-05,0.9999999430473425
1741341458.6182334,2,-1.4116738671412043e-05,1.1037695071458546e-05,0.00014025199614012336,0.0014151898687430583,0.0007476462047754822,0.00010540706101418915,0.9999987135752422
1741341458.6348417,2,-1.7705067866230994e-05,1.4420404434352427e-05,0.00022527037758175562,0.0009691586625286302,0.0010648140322523669,6.432128754788971e-05,0.9999989613821284
1741341458.6512291,2,-6.893847788908873e-06,2.3370914888326767e-06,2.9971913224107485e-05,0.00036552305722185185,0.0001903532951104332,-4.4938900661908256e-05,0.9999999140695027
1741341458.6679285,2,-6.06440550742849e-06,5.703400844028583e-06,3.9995817239416885e-05,-0.0007607527205877343,0.0003160705033538637,-7.504789762135575e-05,0.9999996578612156
1741341458.6844022,2,-1.6149173893849513e-05,1.5124724320307998e-05,0.00021814214426780023,-3.659781082008273e-05,0.0007183351530998667,6.603171045733935e-05,0.9999997391474765
1741341458.7015145,2,3.546447884086163e-06,-7.602910212495415e-06,-0.00012167268722490628,0.0001271624312638862,-0.0005497232386750181,-1.023629529957261e-05,0.999999840764635
1741341458.718036,2,2.3867033239425074e-06,-7.7393397924924e-06,-0.0001266002846314514,0.00018731404906401143,-0.0004083702929295034,-1.3115785470176788e-05,0.9999998989875584
1741341458.7346976,2,-1.4643295663058674e-05,1.1559649265485031e-05,0.00021307636852039606,0.0005557065724003474,0.000361543225508232,-3.839325300792449e-06,0.9999997802309564
1741341458.7514338,2,-8.79811900326195e-06,3.5349369969241995e-06,0.00010141909552204688,0.0014094710392453952,-0.0005262393842428004,-1.995323169679958e-06,0.999998868229119
1741341458.767909,2,-2.3143479910059133e-05,1.5733512530951663e-05,0.0002411377767233614,0.001078018829615805,0.0007959459690860043,5.600654946431304e-05,0.9999991006039375
1741341458.7847385,2,-5.007427652591867e-05,3.7673285450003387e-05,0.00026843142291956365,-0.05022125776261708,-0.0698568018017303,0.0001389642764287548,0.9962920421240473
1741341458.8016555,2,-3.630622386560206e-06,1.0861089897783891e-06,5.046617341001155e-05,0.0006589435002523059,-0.0004760749903839405,-2.133090233124039e-05,0.9999996693454751
1741341458.8183496,2,-2.2428783767649246e-06,6.289710907837949e-06,2.3373489513195446e-05,-0.0005762154481178272,-4.979417046519167e-05,-7.592626437455009e-06,0.999999832719311
1741341458.8348014,2,-1.997145385118221e-05,1.7908382510276104e-05,0.0002567809118790018,0.0015039235467232768,0.0007371913610045603,0.00011386567095424546,0.9999985908977431
1741341458.8515208,2,8.213230999329102e-07,-9.91837511448638e-07,-2.5030621015919196e-05,-0.00022433095599457315,-0.00033886914696870137,-2.5251632844941174e-05,0.9999999171028358
1741341458.8682873,2,-3.4949810590749976e-06,8.817445117066704e-07,3.322474844861812e-05,0.0006538471806543553,-0.0006277703939915882,-6.002238285336065e-06,0.9999995891760006
1741341458.8849945,2,-7.973131851398812e-06,1.0436786371714649e-05,0.00011800155775160857,-0.0003565140433320989,-1.3287405908593233e-05,-1.4631069975246893e-05,0.9999999362535548
1741341458.90166,2,-7.596811130451071e-06,6.293040334395946e-06,6.979051581469646e-05,-0.0007213792625987786,0.0003003914249075601,-6.299930607522403e-05,0.9999996927039722
1741341458.9181578,2,1.0633559465669614e-06,-1.016549267093598e-07,-3.6294225434033666e-05,-0.0002541079021902197,0.00012102592767007008,-9.333160539988313e-06,0.9999999603473947
1741341458.9353783,2,1.7321780989604994e-05,-9.738967537857337e-06,-0.00018483814892859693,-0.00048501737118559536,0.00020029503507067796,-1.628955938190752e-05,0.9999998621873399
1741341458.9515767,2,-1.123430860150893e-05,7.320769168769847e-06,0.00013848132484256455,0.0015353749769550984,0.0001299922404015804,-1.7908250511323232e-05,0.9999988127017913
1741341458.9685977,2,-2.577211717217923e-05,1.7176036745979658e-05,0.00029413177750072135,0.000911136118666101,0.0016040265951546675,4.3687594018383524e-05,0.9999982975090755
1741341458.9850068,2,-5.0261350880160575e-06,8.549940264399514e-06,0.00011658754740494768,3.298035682578426e-05,0.0002758962355152859,7.048672976931731e-05,0.9999999589125913
1741341459.0017486,2,8.26466384947115e-06,-8.629106598637423e-07,-5.717859869220626e-06,0.00040609720135648483,0.00010548442560452074,-2.9200714918957935e-05,0.9999999115527047
1741341459.0184176,2,-5.226030897873557e-06,9.30389622952416e-06,8.114262436935243e-05,-0.0010494543587287158,0.000152047444495774,-4.815810638020342e-05,0.9999994366038015
1741341459.0348516,2,-1.7484544720776444e-05,1.496668035053223e-05,0.00023043906360626967,0.0012062073048133668,0.0005815127076677861,0.0001056143680867879,0.9999990978758501
1741341459.051694,2,6.3279533416679976e-06,-1.621365987384979e-06,-5.615821156272017e-06,-0.00018670772733758424,0.00025727284651532074,-5.750649478573681e-05,0.9999999478219537
1741341459.0685253,2,2.1028428754867824e-05,-1.1800705243157444e-05,-0.00022366305286490885,-0.00028050017056444423,-0.0002408265421761401,-2.0492544158861244e-05,0.999999931451141
1741341459.0849655,2,-2.077170017826161e-05,1.8839172664727304e-05,0.0002897079347169711,0.0017208955698020717,0.0005576527592409403,8.956347976495908e-05,0.9999983597587653
1741341459.1016638,2,-9.699884546679864e-07,1.021842109208695e-05,0.00010891583279721545,-0.00015413155725790934,0.0008457915584033642,-1.4152311939679324e-05,0.9999996303398391
1741341459.1190526,2,6.385513282838274e-06,1.2490491795341642e-06,1.4763917150614216e-05,0.0006132147527709328,0.0005934056006215325,-5.504704876632234e-05,0.9999996344035744
1741341459.1350582,2,5.8412052216952415e-06,-1.428287228546405e-07,-7.060277891612806e-05,-0.0014134742000099505,-6.224228241768969e-05,-5.229598817239871e-05,0.9999989977403546
1741341459.151786,2,1.1392194891471582e-05,-9.212447993467307e-06,-0.0001799243661444089,-0.0009722053334331576,-0.0008643582918364389,-3.3970142236062866e-06,0.9999991538446386
1741341459.1686819,2,-2.8063291853077538e-06,9.589345869883724e-06,0.0001466219364387699,-0.00034617179215055657,0.0011514093816217465,-5.8509618056863127e-05,0.999999275498813
1741341459.1850555,2,-3.4476631184820984e-06,1.0748278761991381e-05,0.00012840477697399373,-0.00013402952089148915,0.0008352271023339216,-0.00010575251488770962,0.9999996366240244
1741341459.202051,2,-8.615737792838579e-07,4.137988708216489e-07,-8.903770650570127e-06,-0.00027111405069783035,4.9283608785664847e-05,-4.3228174957856207e-05,0.9999999610998104
1741341459.218374,2,5.545603687472944e-06,-4.485172419891888e-06,-9.168992441576133e-05,-0.0005333311402238391,-0.00027025330045058176,-5.46332222447834e-05,0.9999998197681135
1741341459.2352617,2,-9.046694457390046e-06,8.497814945221247e-06,0.00012158656598956741,0.0011885922627078572,0.00022304152776271514,0.00013590225478893336,0.9999992595154693
1741341459.2518363,2,-8.312916514856248e-06,7.3763084138945624e-06,0.00010525506181174135,0.001007161818527748,8.779400039702262e-05,0.0001384640969930889,0.9999994793723538
1741341459.268437,2,-7.071353272058688e-06,5.0074538141141e-06,6.703927429161768e-05,2.1897304655513813e-05,0.0005594608978116301,-6.239043545723534e-05,0.9999998413157101
1741341459.2855325,2,-1.3402681444371086e-05,9.597773077196273e-06,0.0001414790669475487,0.0010793841316972359,0.0002623032686509958,8.293304937935258e-05,0.999999379624308
1741341459.3017368,2,-8.912468584877967e-06,7.708062716968019e-06,9.370320408580931e-05,2.01299939224399e-05,0.0005831846057573228,1.466007758972801e-05,0.999999829637776
1741341459.3185217,2,5.814563850142643e-06,-8.361997529540075e-06,-0.00014409891873563675,0.00015626085502882454,-0.0006113646137697804,2.5245253197558712e-06,0.9999998009047207
1741341459.33532,2,8.842088547576958e-06,-1.1152281117439986e-05,-0.00019374664968374526,0.0001234017386403378,-0.0008130412916578693,8.54694456963393e-06,0.9999996618313522
1741341459.3519342,2,-3.761808481000666e-06,3.998700571163307e-06,1.0651206688487887e-05,-0.00044116908599785526,7.32655564767778e-05,-3.12272741700102e-05,0.9999998995134215
1741341459.3686783,2,-1.4460977511858632e-05,1.3514268985773247e-05,0.00019254836064612414,-0.0002148556376751514,0.0007712317796234534,-2.0599664420036493e-05,0.9999996793070741
1741341459.38553,2,7.305546352974252e-06,-1.0198975636263706e-05,-0.0001600798541327991,0.00038507520560486925,-0.0006595280867794813,1.0440536209204566e-05,0.9999997083153496
1741341459.4021277,2,2.698755399433084e-06,-1.899465882162438e-07,-4.5808032258045314e-05,-0.0008583163995573229,-0.00011913002915109223,-2.068214778184127e-05,0.9999996243365511
1741341459.4188306,2,-3.3404082960518073e-06,9.212737590978789e-06,8.41284195836801e-05,0.0004154915852792987,0.00028599522678862075,8.724553245334484e-05,0.9999998689808364
1741341459.4353156,2,-7.54260265189813e-06,6.488371428465953e-06,7.613239461105647e-05,-0.0003619061069008015,0.00023407531631695192,-6.333639410247188e-06,0.9999999070962962
1741341459.4520018,2,9.338692163325758e-06,-8.941539301317698e-06,-0.00016248106344222014,-0.00018820803291531735,-0.0005293791436007437,2.7381016361065873e-06,0.9999998421639683
1741341459.4692397,2,-1.933177201113291e-05,1.7894563997955586e-05,0.0002619514406296586,0.0012094719963581537,0.000388048076622162,2.975082276315677e-06,0.9999991932933391
1741341459.4855895,2,1.9487428075141753e-06,-4.548847114425957e-06,-8.423268525914799e-05,0.00019043490038169464,-0.0003397257244197653,-2.2163861921170488e-05,0.9999999239148691
1741341459.5021946,2,9.295772524594618e-06,-1.1187493606264476e-05,-0.00018055963576623437,-4.531320123613846e-05,-0.000708132717003285,5.8821025190740446e-06,0.9999997482300531
1741341459.5194526,2,-7.81856559139717e-06,6.454202525648324e-06,8.399846457717421e-05,0.0005564435731883653,0.00019918787618751095,-4.7182250487909586e-05,0.9999998242342721
1741341459.5356405,2,6.0556439617624285e-06,-8.54523737241116e-06,-0.00016571263251497514,-0.0002929741482786757,-0.0003356729344923229,-3.575545326349026e-05,0.9999999001056835
1741341459.5525525,2,-1.2619706738581864e-05,4.993523334682074e-06,8.95830297720638e-05,0.0006327444673835999,0.0010694459237318744,-1.7887739445277514e-05,0.9999992277996438
1741341459.5688753,2,-1.890483584460552e-05,1.585289626916342e-05,0.0002457909038965456,3.258567896524913e-05,0.0004441860812874198,-5.993514949526314e-05,0.9999998990223332
1741341459.5854447,2,-9.542720519961161e-08,1.0202122329267918e-06,-3.0441444130565982e-05,-0.0007186896837321829,5.3390219091472926e-05,-3.47145743547497e-05,0.9999997397147268
1741341459.6023803,2,1.20037529870999e-06,-8.635985238054274e-06,-0.00013141047545851107,-3.8539923679688005e-05,0.0002949320331257185,-3.704673426506876e-05,0.9999999550786538
1741341459.619517,2,3.0829135882851154e-06,-7.770709490480823e-06,-0.00011974227560321209,-0.00041300080967472875,-0.0005121160312568867,2.92561252865277e-06,0.9999997835794477
1741341459.6361969,2,1.664150923160071e-06,-1.9636045181613956e-06,-5.501679509397499e-05,-0.0002977298014362186,6.187812180266715e-05,-2.95475048056324e-05,0.999999953327503
1741341459.652422,2,-7.585171916439437e-06,-2.706887944220257e-07,2.0654447634635043e-05,0.000517989719053433,0.0005974983835826751,-8.445546329799959e-06,0.9999996873054537
1741341459.6689718,2,-1.4823512371446512e-06,-1.5789495657403578e-06,-3.7064489604631275e-05,-0.0002987743360006779,0.00019620009922293298,-7.159913553693014e-05,0.9999999335564883
1741341459.6857321,2,1.115614632703216e-05,-6.715002472419921e-06,-0.0001297328413398855,-0.0003365884129555359,-0.00044664076414344003,-1.4171263420662184e-05,0.9999998435097094
1741341459.7022872,2,3.768862326818876e-07,-3.6903268766695822e-06,-4.1575385800776275e-05,0.0005342058399335851,4.4045304470768296e-05,-3.809877312171069e-05,0.9999998556162971
1741341459.7190373,2,9.397134649538288e-06,-1.0332908927592761e-05,-0.0001967796865096011,-0.00012844153267630492,-0.0008494012738263526,-8.453578699862175e-06,0.9999996309743248
1741341459.7358797,2,7.807875080664403e-06,-5.591417054120193e-07,-4.55127619013398e-05,-0.0005226163201450659,0.0004744132093209419,-8.945067644251204e-05,0.9999997469014006
1741341459.7523983,2,-1.1762594782643971e-05,1.1676146149301894e-05,0.00015550592581712772,-0.00011117756070826521,-0.00024031452135648293,-7.415836876811486e-05,0.9999999621945078
1741341459.7691917,2,-5.456090885871185e-07,-6.23928072268353e-07,-4.975145590686609e-05,-0.0003610647927606262,-0.0004067339564661559,-2.211400713477083e-05,0.9999998518553264
1741341459.785889,2,1.9361240648851273e-05,-1.270962849392468e-05,-0.00021046049776312728,-0.0005215324450149766,-0.0006568337189447784,-5.037454848430895e-05,0.9999996470178274
1741341459.8022437,2,5.5428452472032295e-06,-1.6920807431211422e-06,-4.188055609064168e-05,3.1241687775515225e-05,-0.00016503615160414232,-4.156732586960443e-05,0.9999999850295914
1741341459.8190897,2,-4.3693398584138325e-06,8.26152092419762e-07,-1.718413251123104e-05,-0.0001959129425721111,0.00032676367551906846,-6.633748411969115e-05,0.9999999252214761
1741341459.8358295,2,6.796213497123361e-06,-7.910779078868816e-06,-0.00011871979285224577,0.0004695482082572456,-0.0009217541920068618,3.139648184850035e-05,0.9999994644538319
1741341459.8526144,2,1.1427331543601239e-05,-1.5944897055019652e-06,-3.4469128378664956e-05,0.0009462879523816172,0.00027118103830682137,-3.0415243256460655e-05,0.9999995150373168
1741341459.8694148,2,-1.4735574933307238e-05,1.2259297260733358e-05,0.000174776073576732,0.00028590743005224036,0.0010942761255102625,-5.8145910420792825e-05,0.9999993587176722
1741341459.8857968,2,-1.2092846507218868e-05,1.0558560296040636e-05,0.0001307574671106202,8.003739762494831e-05,0.0006347146012054618,1.3542344500140334e-05,0.9999997952739764
1741341459.9023883,2,6.529693710996773e-06,-1.093293461867732e-08,1.444633458804422e-05,-0.0001435393252722926,0.00026190855589247635,-4.331412479130745e-05,0.9999999544621274
1741341459.9197173,2,-5.7663801061009435e-06,5.6619474477057925e-06,6.852939802431314e-05,0.00047014252910046293,-0.0004517081245565803,-7.705580734849119e-05,0.9999997844940643
1741341459.936036,2,5.238325697286803e-06,-5.147148695620732e-06,-0.0001413930522909502,-0.0008142478669776567,-6.009268837372126e-06,-8.327855936225076e-05,0.9999996650144345
1741341459.9528642,2,1.3491246559164095e-05,-3.980393761781353e-06,-7.723686196243608e-05,-0.0010270940120607065,0.0003063909208439311,-1.746288897684077e-05,0.9999994254486058
1741341459.969563,2,1.876625672854602e-05,-5.24541569810239e-06,-0.0001403205886580809,-0.00035188057190375715,-0.00014388677342942863,-5.27494614870074e-05,0.9999999263470742
1741341459.9865367,2,-6.785424184897096e-06,6.070325578925397e-06,4.771154560832988e-05,-0.0002599602637786047,0.0005709851358996621,-6.803304910287069e-05,0.9999998008840503
1741341460.0027263,2,-1.2144002087331727e-05,6.224466094089267e-06,0.00014827358241262828,0.00015964981870525722,0.0005994604676781325,-1.4456105289279406e-05,0.9999998074750335
1741341460.0192425,2,1.5069778366227657e-05,-3.919932983405005e-06,-9.948351752284829e-05,-3.889305761148378e-06,-1.7481129474979956e-05,-1.549366930653263e-05,0.9999999997196148
1741341460.0358207,2,-6.326078818855254e-06,1.0821344465875522e-05,0.00013733729553316903,-0.00010071037530593427,0.0004228921538017263,-5.4258012749879916e-05,0.9999999040378527
1741341460.0528429,2,-9.531978311792596e-07,2.6615569896253087e-07,-3.3051412311339814e-05,-8.420167219742313e-05,-0.000349163092943607,-9.62991226763031e-06,0.9999999354512368
1741341460.0691705,2,-2.939030531980721e-06,1.0285435385125123e-05,0.00011013321235075784,-9.959596019229836e-05,0.0008196335669265307,-5.870749493920787e-05,0.9999996574173867
1741341460.0860715,2,-3.1610859578659716e-06,8.697557655914466e-06,0.0001110300759224121,0.00035130758873270167,0.0008143366175067646,-7.702546535732856e-05,0.9999996037528861
1741341460.103105,2,-4.037513492189805e-06,-1.4692651879409379e-06,-2.9629093753948582e-06,0.00014704816761525134,0.0006421942871949699,-6.607771963628108e-05,0.9999997807985104
1741341460.1199448,2,5.430228585412736e-06,-9.350851114826093e-06,-0.00013003395625471137,0.0001514657021277088,-0.00035109259686601034,2.3544322201910497e-05,0.9999999266188945
1741341460.1360238,2,9.32483087442533e-06,-6.509049501713225e-07,-6.285965495743448e-05,-0.0004468320484045327,3.563910227262819e-05,-7.93945513427706e-05,0.9999998963837347
1741341460.1530797,2,-2.2282427905574077e-05,1.680995878656678e-05,0.00030309211995243197,0.0009197497145440307,0.0005825016195209825,-5.666236011029377e-05,0.9999994057706748
1741341460.169509,2,1.0686513199286405e-06,-6.718857662889083e-06,-9.618313039555966e-05,-4.225810191474434e-05,0.00023546821006752716,-5.121292263709657e-05,0.9999999700731053
1741341460.1862967,2,3.956622860254641e-06,1.5620757853304233e-06,-4.564376959450994e-05,-0.0016401722409045375,2.0115853529930588e-05,-3.8911940227972574e-05,0.9999986539572108
1741341460.2028024,2,-1.9727840138411273e-05,1.8609012188581247e-05,0.0002937995558735345,-0.0001659482496425541,0.0007549566512837927,-8.908151478518834e-05,0.9999996972830126
1741341460.2195895,2,1.5343935020706491e-06,-4.557146901239049e-06,-7.459770426944862e-05,-4.0727069478145024e-05,-0.00014822678848288597,9.040422235661616e-06,0.9999999881441979
1741341460.2362597,2,-5.527254674186754e-07,4.33425868298209e-06,1.4192429005905452e-05,-0.0005571462758280229,3.6066478446245353e-05,-1.1470067801185787e-05,0.9999998440778248
1741341460.253056,2,1.015553892363043e-05,3.300850780434827e-06,-6.348459907782788e-05,-0.0007838889866384305,0.000689635563583632,-1.4876146489851326e-05,0.9999994548496246
1741341460.2693582,2,-1.1101874196968834e-06,-4.1958602840704455e-06,-1.190024697214138e-06,0.0002193184967947109,0.0008082491592901099,-8.407148639762058e-06,0.9999996492809451
1741341460.2863173,2,1.0093613932533293e-05,-1.2377572657295805e-05,-0.00017070195718693477,-0.0007718958815509958,-0.0005706467470332484,-4.029549885538604e-06,0.9999995392612944
1741341460.302828,2,5.841583662312519e-06,1.092172327343632e-06,-4.872110010460536e-05,-0.0008373910835244827,3.739950902937853e-05,-2.2249691802946966e-05,0.9999996484411389
1741341460.319442,2,-7.798903697336597e-06,8.392931061611649e-06,8.335117223904662e-05,-0.001066896324219593,0.00020652610524151207,-7.286562947317622e-05,0.9999994068847247
1741341460.3362107,2,-9.47401782484205e-06,6.161659676397451e-06,8.787736963114703e-05,-0.0006877065628820715,0.0006772164377595948,-1.7884449782373856e-06,0.9999995342170822
1741341460.3528936,2,6.98997704440663e-06,-3.2157554357122078e-06,-0.00010079082416731499,-0.000656409085756408,-0.0005686128285820526,-6.114227889172518e-05,0.9999996210340206
1741341460.3698761,2,2.6302610325983857e-06,-1.6257603208862305e-06,-6.376635152542041e-05,-0.00011252369969825864,-3.80543421839643e-05,-8.009867055665407e-06,0.9999999929130631
1741341460.3861141,2,-1.120856435110034e-05,1.2010155983374171e-06,4.5565336417704324e-05,0.00010173126130302969,0.0010991309085115074,-5.788134506659439e-05,0.9999993891056866
1741341460.4030483,2,4.156756061395438e-06,-5.821032752963096e-06,-0.00012956124982826736,-0.0004982221481313209,-0.00024882927132086004,-7.71140375895461e-06,0.9999998448995975
1741341460.419773,2,8.057993535234216e-06,-8.393550717804832e-06,-0.00013790723610671013,-0.00021688323216271493,-0.00030125078863084534,1.0558732569603066e-05,0.9999999310490671
1741341460.4365566,2,-1.0906183401512309e-05,2.598787540964636e-06,5.663429444969947e-05,-0.00016503624809971457,0.00096633651245231,-8.19888045837158e-05,0.9999995161171916
1741341460.4532604,2,2.455030902254946e-06,-7.103814268099558e-06,-0.00013348116580370165,8.865447972460837e-05,-0.0004218874478839424,-1.5312851002383377e-06,0.9999999070745055
1741341460.469769,2,1.904882835758916e-05,-1.3698586643337747e-05,-0.00024444332874589363,-0.0002460473314324024,-0.00045480165646734165,-3.107826701433256e-05,0.9999998658251437
1741341460.4862382,2,1.683585142230984e-06,-3.5329942540303505e-06,-7.084699835841637e-05,-0.0005738552149529565,-0.00025887899038754155,-4.159969012411458e-05,0.9999998009706433
1741341460.5034518,2,-4.44845281801919e-06,-9.336337047690502e-07,-3.017759352891978e-05,7.677171054458709e-05,-1.593368724948272e-05,-1.3629710880015917e-05,0.9999999968332266
1741341460.520408,2,9.34675971270443e-06,-3.983835249084176e-06,-0.00010610831788448486,-0.0009142516882551173,0.00020297343412113513,-1.8835876756802513e-05,0.9999995612953264
1741341460.5367506,2,5.5562544726393266e-06,-3.42747968505064e-06,-7.813927941763181e-06,-0.0001260996697259672,0.001197775255554248,-2.7401177674084962e-05,0.9999992743409797
1741341460.5536067,2,-1.6478666790197993e-06,-7.265396223320226e-07,-4.664426491270956e-05,0.00033513121802808513,0.0003342780549964742,-3.2650132302095895e-05,0.9999998874396024
1741341460.5705254,2,4.321484499140567e-06,-2.809953755796069e-06,-7.53024620012734e-05,-0.0007674639806040334,-0.00018336641965953165,-2.528549659058857e-05,0.9999996883681705
1741341460.5874672,2,9.231493241468902e-06,-4.8427479107428205e-06,-3.959372830811041e-05,-0.00011341708216111065,0.0005385092158820871,-8.719206191108157e-05,0.999999844770955
1741341460.6033297,2,6.222616149472685e-06,-6.937696964878326e-06,-9.354374296608455e-05,0.0012100877509408736,-0.0006088942078371624,2.6773395926675623e-05,0.9999990821089106
1741341460.6203086,2,-3.3822168150947357e-06,3.5058632115268285e-06,1.4983028185240522e-05,-0.00029293280972081837,0.00031977370121900385,-3.800297597720802e-05,0.9999999052454569
1741341460.6370513,2,8.58488057316875e-06,-2.6185527151896044e-06,-7.029694717605726e-05,-0.0005672965373705024,0.0003644231794754374,8.957266330525529e-06,0.9999997726450502
1741341460.6531827,2,-1.1413073914972134e-06,1.7152030188697189e-06,1.8082303549558218e-05,7.013031560397364e-05,-0.00048190914969247167,-5.858021680022652e-05,0.999999879706827
1741341460.6701624,2,-3.762436024924085e-06,4.806789454361671e-06,2.897990213360372e-05,-0.00040595712647327746,0.00025472875081210614,-1.6846886283229384e-05,0.9999998850141222
1741341460.6869066,2,-2.9811886473268403e-06,4.7374808765729064e-06,2.2874918487974342e-05,-0.0009324348934356796,-7.936265634559104e-05,-1.604739648148009e-05,0.9999995620045137
1741341460.7031333,2,-1.020551350628348e-06,-3.1677910347589544e-07,-3.188237683624448e-07,0.00077707177286965,-0.0006782945997109994,-2.299389123730362e-05,0.9999994677734468
1741341460.719932,2,-7.737160523781952e-06,2.5659708719666285e-06,6.609765096588755e-05,0.0010358986751411077,-0.0001909891616241511,-1.2332435808614623e-05,0.9999994451423391
1741341460.7367644,2,5.5792108770273035e-06,-7.703165917846276e-06,-0.00010599779778832096,0.0003701905129723112,-0.000274217090520535,-2.348427571427003e-05,0.9999998936062244
1741341460.7536635,2,1.253256256460555e-06,7.719224163188288e-07,-7.195574625172068e-06,0.0006464086436706212,-0.00034941220344756143,-1.2132842765867628e-05,0.9999997299598493
1741341460.770423,2,-4.1589767849519346e-06,6.5008994082006175e-06,6.997340641875817e-05,0.001207900912030664,-6.381499035521994e-06,0.00015124602530187196,0.999999259029377
1741341460.7865548,2,-1.3637080325031054e-05,1.2659422239242387e-05,0.0001771660169793865,-0.0009720957762968868,9.421200962765661e-05,-8.545500626219936e-05,0.999999519425555
1741341460.8034484,2,7.541827569835422e-06,-6.126631902061344e-06,-0.00011776469070027878,0.00032054120172757565,-0.0008639779783315064,-1.080259408909624e-05,0.9999995753392573
1741341460.8203979,2,1.337688713529e-05,-4.4911175827575606e-06,-0.00012141204215876976,-0.00012803231296735633,-0.00019859817968723221,-4.482726755651307e-05,0.9999999710785025
1741341460.8368144,2,1.3612494653640397e-07,9.997716839613675e-06,8.468329239461539e-05,0.00034190987156239154,0.0010016464485556006,9.783590934227185e-05,0.9999994351149238
1741341460.8534114,2,3.4852670750893184e-06,4.89838926869627e-06,1.3238415186031928e-05,-0.001006074336925197,0.0008711486941985899,-4.536868320442484e-05,0.9999991134276388
1741341460.8705382,2,1.9868454853859354e-05,-1.1880474074274969e-05,-0.0001843380623948279,-0.00013986820127278527,-0.00023154986314587013,-4.7544330583521465e-05,0.9999999622805411
1741341460.886639,2,9.915856985320867e-06,7.8381550936766e-07,-3.822034119040931e-05,-0.0006924854766328731,0.0005447593519986963,-7.603018233240955e-05,0.9999996089601858
1741341460.9034936,2,5.702791847899508e-06,-2.8291619491940043e-06,-8.658276794694527e-05,-0.0009331400182826625,-0.0001592940527759895,-3.364848928472755e-05,0.9999995513713444
1741341460.9201183,2,1.2031142816464112e-05,-1.0316018446891461e-05,-0.0001739879311081971,-0.000346997925439424,-0.0011083365505087021,-2.105705783688635e-05,0.9999993253693379
1741341460.9368541,2,1.6602838474678992e-05,-4.664249794909485e-06,-0.00010983926460060034,-0.00023299783079420498,-0.00013624793528518742,-2.6220600711241115e-05,0.9999999632304949
1741341460.953679,2,-9.260001762946518e-06,6.818154692182467e-06,0.00011501138171763434,0.0007400470651276124,0.00029071024135961997,-8.220552566328463e-05,0.9999996805300233
1741341460.9701972,2,-9.472886685957105e-06,7.507730137104366e-06,7.996400251833982e-05,-0.00024713138470951234,0.00041711426027079673,-3.7778988819589275e-05,0.9999998817572533
1741341460.9871407,2,2.29705065745767e-06,5.967503522610318e-06,4.924490876539232e-05,-0.00022473494595133192,0.000574271457935981,-6.259296922159205e-05,0.99999980789429
1741341461.0041718,2,2.0824235217608396e-06,2.834830099587742e-06,3.957109137908483e-05,0.00046380546666346245,0.0007862571116776983,-5.1636035607880385e-05,0.9999995820088942
1741341461.0204613,2,1.1574060422787205e-06,-4.218911099660502e-06,-6.34042294092805e-05,0.0003847814682693741,-9.886874320784363e-05,-9.002025231829917e-06,0.9999999210435753
1741341461.0368965,2,-3.6143633539736652e-06,3.877278590940016e-06,2.1309222219550428e-05,-0.0006073937294449586,-0.0002687750383475318,-5.7255223708503524e-05,0.9999997777773131
1741341461.0538368,2,6.346190246973485e-06,-1.6831523393325697e-06,-3.4161403057196736e-05,-0.0004224834784023534,4.6384209448154236e-05,-5.585512979052785e-05,0.9999999081182058
1741341461.0702827,2,3.380630560277025e-06,-9.654715550149256e-06,-0.0001220992635989775,4.499352743834275e-05,-0.000297059618172541,-1.1163761795207433e-05,0.9999999548032671
1741341461.0870905,2,1.0093293390383834e-05,-9.984516606803542e-06,-0.00019922146139801636,-0.0003619596631102292,-0.0006233794555565219,-2.316298898624033e-05,0.9999997399233326
1741341461.1041121,2,2.0946875328634326e-05,-1.1663926086026514e-05,-0.0002403709949966043,-0.0008471700509419371,-0.001041872850112375,-4.112745141191429e-05,0.9999990975557936
1741341461.121046,2,1.024855688475152e-05,-7.66996308528225e-06,-0.00015059193249898186,-0.00023081828357776344,-0.0007453035892569463,3.3006565175983277e-06,0.9999996956172463
1741341461.137275,2,6.187553026846964e-06,-7.4712876228688e-06,-0.00011810222327079754,-0.0006856122587335799,-0.0005696315324865913,-1.451247654105066e-05,0.9999996026224891
1741341461.1537426,2,2.1740782789764603e-06,4.246794081373163e-06,2.9430982540420472e-05,6.201794316345018e-05,0.0006621787172724367,-6.670434777307174e-05,0.9999997766118006
1741341461.1704779,2,-1.4893243171381964e-05,9.710295051090626e-06,0.00020841335201217143,0.00048723500892907155,0.000513880641034228,-5.905420281415789e-05,0.9999997475206351
1741341461.1874712,2,1.2712836286109918e-05,-1.279059397634963e-05,-0.00022825218994961563,-0.0002620066429126979,-0.0010782913709832017,-1.0314107515796596e-05,0.9999993842667392
1741341461.2037125,2,2.8529639580387415e-06,2.0416674337825583e-06,4.401249648187592e-05,0.00023239678108693504,0.0009424306148817276,-3.811703192315406e-05,0.9999995281815708
1741341461.2208614,2,1.3661615235283283e-05,-7.651035189806718e-06,-0.00015221055269378227,-0.0006904492891091982,-0.0005896854843936901,-4.034879324118856e-05,0.9999995869613064
1741341461.237367,2,-1.205147676309181e-05,2.7142817967011472e-06,7.242459146378555e-05,0.0002460607966056052,0.0007389265397827847,-5.3436085834112456e-05,0.9999996952930725
1741341461.2540188,2,6.674586942690167e-06,-8.251122813215848e-06,-0.00014805178747425774,4.1393303866929796e-05,-0.0005947493387754074,-2.3120854037861283e-06,0.9999998222772206
1741341461.2707217,2,1.2753734022186613e-05,-9.514133842622334e-06,-0.00017635641550894826,-0.0007271979055905466,-0.0006344724211010904,5.296147352585806e-06,0.9999995342998435
1741341461.28733,2,-1.3118011733220929e-05,1.000750278906195e-05,0.00014559291897748018,0.0003940245872591762,0.0012732942768990164,-1.9833189102794213e-05,0.9999991115360821
1741341461.3038747,2,-1.051485623277785e-05,6.8871689573479245e-06,9.372346769781658e-05,0.0009228488726847299,4.148728929843931e-05,8.715663360253303e-05,0.9999995695161494
1741341461.3205495,2,-2.4082973533965236e-06,5.557004887880621e-06,5.333965337429742e-05,-0.00041779288110472656,0.0002661439714825981,-3.1117062180500603e-05,0.9999998768241041
1741341461.3374476,2,7.421738809374779e-06,-7.66453908959597e-06,-0.00013350812641946028,7.280043112397798e-05,-0.0005286836334477755,-9.659724244271248e-06,0.9999998575501912
1741341461.3544629,2,8.727168991461353e-06,-1.1196545811307818e-05,-0.00019672896208220233,-0.00023868451276684254,-0.0007990472043944397,9.585550344977616e-07,0.9999996522761144
1741341461.3705347,2,-2.4560771458095493e-06,-6.498222234757339e-07,2.0171865797842132e-05,0.0003415186063376577,-0.0007250852906092107,-3.734579334704381e-05,0.9999996781107755
1741341461.3871744,2,4.964696278967028e-07,-1.9835198877350967e-06,-3.326027861592884e-05,0.0005965179586882065,-0.0007628188729586172,-2.10923631140964e-05,0.9999995309142921
1741341461.4044406,2,-1.0133172975056128e-05,1.008516236435949e-05,0.00013315652952434687,0.0005278102063323885,0.000431098341715921,4.066150538274395e-05,0.9999997669585968
1741341461.4207065,2,-7.651870748629564e-06,9.705962478448255e-06,0.00011134102646301006,6.804790491026317e-05,0.0005778917396699337,3.2111041745989496e-05,0.9999998301897359
1741341461.4373946,2,1.5507276878690323e-05,-1.279938909829389e-05,-0.00024209120122709873,-0.0002798882474446329,-0.0012054115625666035,2.256522956991801e-05,0.9999992340678788
1741341461.45428,2,-1.1304904066814523e-05,7.790812141877054e-06,0.00014770665059401616,0.0006084547296991671,8.094043433084952e-05,8.204888029155949e-05,0.9999998082497162
1741341461.470507,2,-1.900653184014436e-05,1.3554630406407305e-05,0.00024781909685227444,0.0012679036921123797,0.0005605265280591589,4.405921251585547e-06,0.9999990391049517
1741341461.4876962,2,8.615066755585864e-06,-5.087974818134072e-06,-0.0001082810648919161,4.767773322775728e-05,-3.77599513824433e-05,1.9392254361083957e-05,0.9999999979624802
1741341461.5042677,2,1.7027596031172123e-06,1.2912054565647903e-06,-4.521461366812138e-06,0.00010846204005810799,0.0005135760807423152,-3.2064105385023767e-06,0.9999998622326475
1741341461.5210316,2,7.183187182796234e-07,-9.685811183566013e-07,-3.3962630692985296e-05,-0.0006799070846975378,-1.5421554618407522e-05,-3.949670357025707e-05,0.9999997679642442
1741341461.537594,2,1.297396788964474e-05,-1.5342264672806285e-05,-0.00023536387513764127,1.3487647617655456e-05,-0.0010149956369083348,-3.1825189811414127e-07,0.9999994848007868
1741341461.5542653,2,-5.2472506488961446e-08,-1.2686382961128312e-06,-4.289074045141991e-05,0.0006526860828011044,-0.0005155529312697612,-7.48548980424768e-06,0.9999996540749501
1741341461.572035,2,-2.2873157985173453e-06,5.210740368074003e-06,3.802985505527367e-05,-0.000618993265523608,0.000475150721258644,-5.963663792997754e-05,0.9999996937612534
1741341461.5892854,2,3.995235282443357e-06,-4.54084781732135e-06,-9.834753189757488e-05,-0.00024059122101398903,-0.0006231648950147764,-5.633818992380685e-06,0.9999997768747941
1741341461.6046295,2,7.344334928452454e-06,-2.2202508936190136e-06,-8.467176103925271e-05,-0.00014033159846696215,0.0002019319153316079,2.2294095875197464e-05,0.9999999695167583
1741341461.6207607,2,2.6805867954788772e-08,3.982970940042267e-06,8.172566397315838e-05,-0.0003038143487152253,0.0006792985098890254,-8.525532429600855e-05,0.9999997194909135
1741341461.6377926,2,2.563453682632447e-06,-6.512202245632414e-06,-7.157952308603387e-05,0.0012233988761727464,-0.0009596270425466882,-2.329405402376863e-05,0.9999987909335272
1741341461.6544802,2,1.2693032683273995e-05,-1.1782962803831558e-05,-0.00019803521387115714,0.00042623207650129875,-0.0011807218025249098,-2.0109758506427076e-06,0.9999992121087886
1741341461.6714182,2,3.990845862672362e-06,-4.7659496118895066e-07,5.237243231416687e-05,0.00029787608272100917,0.0009211747896106871,-3.559074194529788e-05,0.9999995307199626
1741341461.688188,2,2.839726459873986e-05,-2.1593380079316203e-05,-0.00033821340070047125,-0.0006672275230422837,-0.0008239059192020316,-4.143033052665497e-05,0.9999994371348397
1741341461.704401,2,2.0256089106831967e-05,-1.242716293064429e-05,-0.00025916584718537036,0.00031242434927562026,-0.0007900849449309884,-2.5472444000274883e-05,0.999999638753915
1741341461.7209756,2,5.720510698484312e-07,1.0043368703109956e-05,0.00010641657925330727,-0.0006897250734925074,0.00042022694534203057,-5.284276806304915e-05,0.999999672448086
1741341461.7378783,2,1.786364539696126e-05,-1.0675075371858466e-05,-0.00016676200904407244,-0.00021745375695404387,3.724045435410023e-05,-4.5433013497350675e-05,0.9999999746314263
1741341461.7547846,2,1.1857541333372764e-05,-5.805425864243095e-06,-0.00013232935767025419,-0.00026852223849100243,-0.0005214869900472655,-3.316464002687985e-05,0.9999998274236018
1741341461.7711823,2,-4.594421576033378e-06,1.215601191674143e-05,0.00014582703980352943,0.0003798954241645379,0.0008910840221223348,-6.063312327973572e-06,0.9999995308058741
1741341461.787818,2,-4.010367348042587e-06,4.7741944463532605e-06,0.00014022810607736762,0.0007358745194923316,0.00131744613697599,-3.488506594605696e-05,0.9999988608030511
1741341461.8046582,2,-8.602130804183526e-06,5.773125324734736e-06,0.0001142411755563591,0.0009387761480844366,3.753338603243084e-05,2.1121288479711215e-05,0.9999995584221425
1741341461.821197,2,5.5548469815510125e-06,-1.1809759760700953e-06,-6.230609967007282e-05,1.1645601169630405e-05,-0.000360576314653661,-8.954862357889908e-06,0.9999999348844538
1741341461.837641,2,1.7351818964876106e-05,-1.2361515567083298e-05,-0.00019261831439631996,-0.0006085816512381545,-9.448603811406838e-06,-4.070189034201932e-05,0.9999998139412095
1741341461.8544114,2,6.452444346174746e-06,-8.170266259234661e-06,-0.00011272488186696364,2.138335477818562e-05,-7.011035925616969e-05,-6.938744454078986e-05,0.9999999949063362
1741341461.8712695,2,-1.0858129505053171e-05,6.5402916667761015e-06,0.0001057096294664449,0.0009577988326018955,-0.00030518142388910797,-9.279221427240037e-06,0.9999994946996678
1741341461.8879008,2,1.5190986402529746e-06,2.063951806358686e-06,3.986348277623835e-05,0.0003377613270768049,0.0004872810574144581,4.0997962983564825e-05,0.9999998233967964
1741341461.9044542,2,-3.736945381567547e-05,2.764206934661587e-05,0.000514931171980081,0.002785338134840587,0.0012732811521308045,0.00012183194239568148,0.9999953028907487
1741341461.9213986,2,-4.0164520401059936e-05,3.010689772450409e-05,0.00014437204887251224,-0.05026546204015485,-0.06898971770835054,0.00012473592987579293,0.9963502329087698
1741341461.9383087,2,-7.662403351002874e-06,4.879073118183746e-06,9.984122651566736e-05,0.0004054142022149712,-0.0001802956134897312,-2.5926726302499706e-05,0.9999999012303058
1741341461.9545157,2,-3.4413115684579124e-06,-1.8282139528283918e-06,2.540916204407717e-05,0.0006529489166639124,-0.0005581534457930231,-2.3380057921415714e-05,0.9999996307878398
1741341461.9713893,2,-1.4311040181938106e-06,5.18224938198233e-07,-6.294608980691478e-06,-7.486796009759003e-05,-2.1791657057703126e-05,-1.4858074819333226e-05,0.999999996849575
1741341461.988501,2,-2.299077950195189e-06,3.3163277206495054e-06,8.21270008514762e-05,0.000339287161440173,0.0005211648416509042,-3.8664152224315504e-05,0.9999998058882378
1741341462.004574,2,2.3069354835245175e-06,2.335857144380958e-06,6.943779068348283e-05,0.0002297261458828326,0.0009506216914696398,-8.613241044785326e-05,0.9999995180626366
1741341462.0217068,2,3.076262479557673e-06,-8.453653128681763e-07,-6.85375058045064e-06,0.00047334466437040645,0.0007050101418434299,6.091957505651234e-06,0.9999996394341434
1741341462.0380952,2,-9.268435799218022e-06,1.0953408808336228e-05,0.0001705229240264553,0.00040429314817594483,0.0009321652051693951,7.26696501852219e-05,0.9999994811669666
1741341462.0546396,2,1.2754359636415244e-05,-6.709011495198542e-06,-0.00011603407961545275,-0.00017614830879481022,-0.00023084361742889946,2.68722210732614e-07,0.9999999578414618
1741341462.0716078,2,7.5884235647130344e-06,-3.581015945747016e-06,-6.143383141055316e-05,0.0002731825370890702,0.00029479210176327683,1.483606043561263e-05,0.9999999191244014
1741341462.0880785,2,-6.602375474665221e-06,8.136935213086702e-06,0.00011493559857802701,0.00031838774142885895,0.0005815063840903795,6.729696427889891e-06,0.9999997802171172
1741341462.1050565,2,6.119203671323135e-07,5.043390449083168e-06,7.249985796365284e-05,0.0005149897364777866,0.0007272655818547684,0.00011027486094210623,0.9999995968548185
1741341462.1215942,2,-1.8307259038307163e-06,3.7514170976655086e-06,7.529322195706557e-05,0.0001503825559550512,0.0007776462634307957,1.3860907298145957e-05,0.9999996862295762
1741341462.1379094,2,4.064780003516614e-06,-5.007904333557136e-06,-7.956503556752674e-05,-0.00014487583522834402,-3.429817850471791e-05,-9.101211306657042e-06,0.9999999888758976
1741341462.1555154,2,-6.599410020955508e-06,3.0813295720920854e-06,4.8820242807702116e-05,0.00027248538393570435,-7.483602233176903e-05,-1.5213465435791665e-05,0.9999999599599171
1741341462.1716897,2,-6.919501886009981e-06,5.753198859197372e-06,7.340208822839322e-05,-5.397418018339448e-05,0.0002728894791879961,-4.327300505218757e-06,0.9999999612996966
1741341462.1881003,2,-1.258096511608773e-06,3.942066594353838e-06,1.5691723860501115e-06,-0.00012590372653679103,0.0001862235519885461,8.329821199390995e-06,0.9999999746998268
1741341462.2050753,2,-1.0325357968940982e-05,9.040347702682091e-06,0.0001364788535557568,0.0005380619765202253,8.183029474483666e-05,0.00010834399391640154,0.9999998460273337
1741341462.222354,2,-9.964412054645533e-06,7.9379611350303e-06,0.0001154872127987648,0.00042849876720512205,-0.00023482224931317116,9.66721942215982e-05,0.9999998759508946
1741341462.238232,2,7.034915881430944e-06,-1.7777537036207477e-06,-0.0001265236775739662,-0.0017668300916826546,-0.0007260910810581632,-2.0920440156347723e-05,0.9999981753310874
1741341462.2551274,2,-1.5136004446520386e-05,1.3140101561761721e-05,0.00021011370820871669,0.0014057413676289551,0.0007215950783457888,0.00011399608905778214,0.9999987450975336
1741341462.2717109,2,3.534687932522457e-06,-2.5820285313192843e-06,-8.340319839971029e-05,-0.0008599118577872031,-0.00034804984248358286,-6.501419386323938e-05,0.9999995675929358
1741341462.2884881,2,-8.115572730284766e-07,4.877311349657599e-06,5.2314136152268355e-05,0.00037787079234165777,8.996928653768101e-05,7.447465140436151e-05,0.999999921786356
1741341462.3050272,2,-5.060931257483512e-06,8.556082742766232e-06,0.0001104691044702771,-0.0002757232400871597,0.0009393037855967025,-2.450206141291961e-05,0.9999995205422562
1741341462.3214371,2,5.455797593248323e-06,-8.448793778326316e-06,-0.00015009094535423738,0.00012838868423791584,-0.0011887731192938816,-2.1839917142735542e-05,0.9999992849286616
1741341462.3386202,2,4.971804018264243e-06,-6.421427199285463e-06,-0.00012358241483488355,-0.00019379347050608615,-0.0014494978897226648,-3.744468419914396e-05,0.9999989299983547
1741341462.3549373,2,-7.426808292104534e-06,1.1787931301995704e-05,0.00013943827877408482,-0.0007377593910678678,0.00031678942384781,-8.057221457848255e-05,0.999999674431777
1741341462.3716202,2,-9.385905797171904e-06,8.02412171631843e-06,0.00011827863716178044,0.0005208056835719275,-3.2243177728784234e-05,9.570696390669945e-05,0.9999998592809874
1741341462.3888063,2,9.476987190409078e-06,-4.809080648481511e-06,-0.00015783569296583388,-0.0017167305692431666,-0.000976408400689099,-3.3940708906009406e-05,0.9999980491535051
1741341462.405048,2,-3.874689620110898e-05,3.5356743231856354e-05,0.00022060717027309017,-0.05058284755451849,-0.06968184305317063,9.81148855468599e-05,0.9962860064536985
1741341462.4217963,2,9.130100276897535e-06,-4.940534454690216e-06,-9.04501118963077e-05,0.00012338812904989427,7.372051651106475e-05,1.7834380108778412e-05,0.9999999895112949
1741341462.4383295,2,9.68337006933409e-06,-9.446435286878506e-06,-0.0001676229224086952,-0.00017793615968824593,-0.0009264806687819183,-2.062679648098412e-05,0.9999995547733153
1741341462.4553356,2,-2.1484662718007256e-06,5.28499237514926e-06,2.879340080723425e-05,-0.000475047862399736,-7.292066837581601e-05,-6.066362271434017e-05,0.9999998826660078
1741341462.4718864,2,-3.672597583915565e-07,2.88320602745096e-06,1.692902035692115e-05,-0.00041408512705933204,-0.00028730693008716205,-5.279940618472985e-05,0.9999998716002209
1741341462.488338,2,-1.0152616376488593e-06,-1.0564145049660965e-07,-5.1081658372212765e-06,0.000669821064641824,-0.0005183329541184586,-1.644919404619649e-05,0.9999996411999926
1741341462.505103,2,-2.642882883422968e-06,7.950910238015099e-06,5.613572976314209e-05,-0.00041120059826861127,-8.356628543231765e-05,-1.5699884695131647e-05,0.9999999118421249
1741341462.5218267,2,5.115256811202172e-06,4.6691353419774515e-06,2.6447437468080413e-05,-0.00032546618628903444,0.000360188913424417,-4.9520362392115855e-05,0.9999998809417138
1741341462.538679,2,4.3781926178725605e-06,1.6432245598978274e-06,1.1337159395078278e-05,-0.0006043522210881768,0.0007406402670997443,-4.576875418867968e-05,0.9999995420576995
1741341462.5550098,2,3.8611268461334606e-06,1.519871072679668e-06,-2.3091378424716964e-05,-0.0006156322346511164,0.00020804705345993247,-3.521458213505417e-05,0.9999997882366317
1741341462.5729623,2,9.292753535334342e-06,1.085850927833469e-07,-5.219901703260941e-05,-0.0008054302270321666,0.00022691576019044578,-7.821012952297241e-05,0.9999996468372191
1741341462.5887053,2,1.409506629298598e-05,-5.947645831527206e-06,-0.00012779092802108204,0.00048406453441573143,0.0001762007699359814,-4.3740728997019676e-05,0.999999866360773
1741341462.6051404,2,3.942044483764147e-06,2.518615629286867e-06,-5.155078677310491e-06,0.000119164572572697,0.000552761378428053,-5.564853691473771e-05,0.9999998385789387
1741341462.622719,2,7.9086384674183e-06,1.580142269533251e-06,-2.4186269859212798e-05,-0.000397216907695742,0.0004614216436954602,-8.033669966189142e-05,0.9999998114273871
1741341462.6393514,2,-4.729333085796414e-06,9.578214636014227e-06,0.00014892678166257306,-0.0002828314509850518,0.001337021370136531,-0.00010343308481402532,0.9999990608404705
1741341462.6552281,2,8.156903612008797e-06,-6.942705460821459e-06,-0.00016272712911620255,-0.0008678446230312735,-0.00035293286654554444,-4.831184461314748e-05,0.999999559974937
1741341462.6720579,2,2.5833581901049e-05,-1.609222235578386e-05,-0.00033150512788392475,-0.0015570085822779283,-0.0005993380060020231,-5.082776082509968e-05,0.9999986069664137
1741341462.6892745,2,-4.939441993514659e-06,1.1676030211728813e-05,0.00019558384379934237,0.0017159260892540716,0.0010986007492016395,7.482422150886354e-05,0.999997921535533
1741341462.7058146,2,-2.278734614233396e-05,2.0243187263227236e-05,0.00033374754926814563,0.001423358874828089,0.0012472422142351441,4.154843922565191e-05,0.9999982083534449
1741341462.7220566,2,8.088756443606881e-06,-4.135621034354108e-06,-0.00012199450780732973,-0.0010133899293677587,-0.000558670956793823,-6.86058120110999e-05,0.9999993281102021
1741341462.739087,2,2.3203002935649377e-07,-2.2494243441741798e-07,7.086911508654572e-05,0.00037286567649438455,0.0009964538960419874,-4.779328636753535e-05,0.9999994328831502
1741341462.7556682,2,1.6389873350417007e-07,-2.2387115226508274e-06,3.265134724485122e-05,0.0004433073493123441,0.00042671933898179,-3.947127830142401e-05,0.999999809915591
1741341462.772042,2,-1.3740849562066926e-05,1.2790023201332065e-05,0.00020950813097640213,0.0011107069361853677,0.00040431098207672323,6.867629150293367e-05,0.9999992990729037
1741341462.7886944,2,-2.608502088871161e-06,1.0287727943855197e-05,0.0001163546909128329,-0.00048629340619491055,0.0011792350882582913,-6.696120356504012e-05,0.9999991842194308
1741341462.8065479,2,-2.370941218817153e-06,7.65603197822452e-06,0.00011724628644299517,0.00042438694157731017,0.00120704206106325,-2.7274294668585373e-05,0.9999991811003145
1741341462.8224545,2,7.287767692110276e-06,2.218251045612841e-06,-4.271892843253419e-05,-0.0011689548055684423,0.00016183353068703084,-7.804618277867344e-05,0.9999993006314375
1741341462.8388903,2,-7.840745931283775e-06,1.409505669114542e-05,0.00016664624358719388,-0.0009988395110681605,0.0009544463397416228,-0.00013707111468073152,0.9999990362811982
1741341462.855973,2,1.1166895731651528e-07,9.657183041827294e-07,3.115469055391925e-06,0.00048531014007900967,-0.00022470745380253146,-1.8764993882434278e-06,0.9999998569885432
1741341462.872288,2,1.0070210797520361e-05,-1.0614456441596722e-06,-9.778379614197477e-05,-0.0008273572023324643,-0.00031194679888042634,-4.1066922515170214e-05,0.9999996082413044
1741341462.888908,2,-8.213418164469727e-06,1.3298399745260257e-05,0.00020982003276946622,0.0012662594010963621,0.0010800831636700852,4.122796077141188e-05,0.9999986141529117
1741341462.9055903,2,1.1623523268028658e-05,-8.648644475062043e-06,-0.00017562325504399305,-8.850713030867346e-05,-0.0007216007133694537,-2.6883359205612436e-06,0.9999997357258007
1741341462.9223957,2,-4.178150184576955e-06,3.4814068917658516e-06,4.653362109089866e-05,0.0006701875422732323,-6.054091184057331e-05,9.599190324406596e-06,0.9999997735456302
1741341462.9390903,2,9.003274045923829e-06,-4.99224847985828e-06,-6.180232288725064e-05,-0.00011501307535075197,0.0003471049038417521,-7.104046963561144e-05,0.9999999306217127
1741341462.9567993,2,5.612323331269357e-06,-8.279514684324472e-06,-0.00011112119804161175,0.0005958346027960724,-0.0005111569239913106,-5.15763690383758e-06,0.9999996918365146
1741341462.9730692,2,-2.484820926091958e-06,2.3854259014780187e-06,-1.0173306151279257e-05,-0.0005115483111947655,0.00025529162807207925,-5.922267097417614e-05,0.9999998348185789
1741341462.9898205,2,-4.7896343709517516e-05,3.855081673758048e-05,0.0002954177331202258,-0.051100494902111604,-0.06937995508109464,8.335187086323737e-05,0.9962806604095906
1741341463.0059078,2,-5.141695247495116e-06,6.215401581119968e-06,7.030089540781868e-05,0.00038499337790762976,-2.0313810376488126e-05,-3.214572023970168e-05,0.9999999251670476
1741341463.0221896,2,-5.243657685617188e-06,2.4420852878413697e-06,4.0675815463723044e-06,-0.0004425412324161468,2.0234062884510467e-06,-5.5256351269634576e-05,0.9999999005499447
1741341463.0391834,2,-1.7959603564521257e-05,1.37991276403616e-05,0.00022942372381645694,0.00170354771389405,0.0006970051105785155,0.00010722174181254726,0.9999983003048357
1741341463.0553887,2,-4.727651110107032e-06,1.3379280625117768e-06,4.0219050537536655e-05,-0.00037987009261090113,0.00019896886399551323,-4.550043453545836e-05,0.9999999070199028
1741341463.0722272,2,7.823806811223605e-06,-1.1163554605799257e-05,-0.00018658517444842211,1.2861655991308866e-05,-0.00041489539705775075,-4.0499843288503066e-05,0.9999999130280712
1741341463.089079,2,5.999070960312873e-07,-3.928020956128146e-06,-5.9529341544766006e-05,0.0006674594710856782,-0.0006804201897569664,-1.0617184780683728e-06,0.9999995457624432
1741341463.1056068,2,3.5875193977609764e-06,4.696002383480428e-07,-4.519824336176732e-05,-0.0006985222867359536,-0.00052943737588147,-3.995334720210619e-05,0.9999996150831308
1741341463.1222775,2,-9.973755684050496e-06,7.875879905990004e-06,9.820573759437876e-05,-0.00044694011657004105,0.000548760265426222,-4.298729040016986e-05,0.9999997486293665
1741341463.13913,2,-6.572734948701486e-06,8.123930502372199e-06,7.591954338509118e-05,-0.0006916400538603382,0.00018763357926014442,-7.404783115359571e-05,0.9999997404722635
1741341463.155996,2,9.31966868947396e-06,-2.482256170381373e-07,-7.286760606813904e-05,-0.000700180864996372,-0.00014873086768198122,-1.126406618849537e-05,0.9999997437494703
1741341463.1723888,2,-5.75194135136721e-06,6.8277741574267736e-06,7.719260017375395e-05,0.00017734292395426941,0.00012573561738046574,5.169575312754217e-05,0.9999999750337951
1741341463.1891692,2,2.5413283790412796e-06,1.1867788336778656e-06,-6.138582139028455e-05,-0.00065989395878734,-4.3003002423639016e-05,-3.0613850580501825e-05,0.9999997808767246
1741341463.2058637,2,1.1573553394987611e-05,-2.58824450156817e-06,-8.415888191695998e-05,-7.539162981746664e-05,0.0002848789197252657,-6.721759942005702e-05,0.9999999543209477
1741341463.2228544,2,6.6995608742106956e-06,-1.9485643800773886e-06,-6.658932007753024e-05,2.0893074659609852e-05,-0.0005886501132699966,-5.495065201702012e-05,0.9999998250174593
1741341463.2392013,2,-1.4326884008074905e-05,1.1520298484396323e-05,0.00015563952487202047,0.0011750203487176322,0.00016791915500771412,9.381161441782962e-05,0.999999291164608
1741341463.255895,2,1.712812216226172e-05,-1.4640962837537847e-05,-0.0002632209496621963,-2.2236787536122807e-05,-0.0011945892144347155,1.6892103027013922e-05,0.9999992860881406
1741341463.2731428,2,1.2510950793711116e-05,-8.993151785349675e-06,-0.00012899765691462317,0.00046052005680103785,0.000204891228766495,-5.4132581421253e-05,0.9999998715052544
1741341463.289084,2,-1.4312463158240577e-05,1.4619782914737711e-05,0.00015977339459007133,4.4232951581969776e-05,0.0011413625739615143,-4.043700688162056e-05,0.9999993468496713
1741341463.3057244,2,-9.781938661731125e-06,9.220656845470244e-06,9.858668944643077e-05,0.0007394042718960208,0.00047155693827591284,6.200022114108131e-05,0.9999996135356
1741341463.3227558,2,-8.428018261225797e-06,1.4317242023232537e-05,0.00020443776806541438,0.0009700112182386059,0.001626031235646451,1.3378244057578732e-05,0.9999982074592333
1741341463.3392518,2,-1.4383899052490557e-05,1.404436083676879e-05,0.00022874167427331733,0.0015894884892134473,0.0003291500109300459,5.89559822126307e-05,0.9999986808545325
1741341463.3561845,2,-1.8054149032743174e-05,1.298430852052364e-05,0.0002121608331792702,0.0014522073996301712,0.0010509814396868697,4.959563570991956e-05,0.9999983920346845
1741341463.3725126,2,1.8797937199976212e-06,9.247851939379289e-07,-5.143816699644379e-05,-0.0007303559158546044,0.0002104078656244475,-3.463400078883955e-05,0.9999997105545843
1741341463.3897374,2,2.219816987148769e-05,-9.053072458889145e-06,-0.00022673861994269216,-0.0005549600032086029,-1.4630761765781436e-05,-2.5159083596506247e-05,0.9999998455861662
1741341463.406269,2,-1.5608998418988558e-06,8.089581567562906e-06,7.879069317812483e-05,0.00015823963383508087,0.0008549585746054484,-2.8138272676331988e-05,0.9999996216070741
1741341463.4227111,2,-4.8897974764187705e-05,3.821144581566493e-05,0.0002810247335745536,-0.05140194972285505,-0.06939875327932406,5.239822018433926e-05,0.996263845505994
1741341463.4392438,2,8.66108747732982e-06,1.2339979716896825e-06,-6.509276236102649e-05,-0.0013277833954323899,0.00033634243773132016,-7.610133529959596e-05,0.9999990590363604
1741341463.456179,2,3.2270086935778694e-06,8.795821682709654e-06,6.679528772551125e-05,-0.0007065874763707913,0.0006052062234449409,-9.619033344042777e-05,0.999999562603397
1741341463.4726963,2,1.4897669400912864e-05,-6.090899807237093e-06,-0.00014180171257939249,-0.000614078479590799,0.00022192975550066677,-7.705878425230994e-05,0.9999997838583508
1741341463.4908662,2,9.919490807426113e-06,1.2427011138604153e-06,-8.459924091195858e-05,-0.0017905437705729647,0.00044515194903708754,-9.110199012406841e-05,0.9999982937451319
1741341463.5065129,2,1.3069415056210279e-05,-1.8692659679772227e-06,-8.77304838892478e-05,-0.0004755881865359681,0.00025657964405135207,-5.177785416109749e-05,0.9999998526508975
1741341463.5227315,2,5.935238640919069e-06,1.6388071148927588e-06,2.2094756708551812e-05,-0.00016823314967412333,0.0005564404682626903,-5.1422404309188515e-05,0.99999982971366
1741341463.539562,2,-6.324506111912735e-06,5.378098810225663e-06,9.614607146669865e-05,0.0009090270270073858,0.000467980174172874,1.8836810047206528e-05,0.9999994771546611
1741341463.5562692,2,1.339380430660438e-05,-4.698978403805834e-06,-0.00013645098675268933,-0.0007072961560475732,3.2169304500426857e-05,-6.752769497367327e-05,0.999999747068615
1741341463.5738826,2,4.439856394354315e-06,3.418983582207859e-06,1.7523388223168227e-05,0.00027487966512585875,0.0005867715828091132,8.106952994264061e-05,0.9999997867839826
1741341463.590272,2,7.4247520806217275e-06,-7.464227894484572e-06,-0.0001314134690054041,0.00037200837400999854,-0.00016841264493977777,-1.3418183243859418e-05,0.999999916533448
1741341463.6065948,2,7.711576279192178e-06,-1.8379600580704983e-06,-9.940563476973667e-05,-0.0009285420126376411,-0.00044841389583396044,-5.060334785494552e-05,0.999999467086863
1741341463.6242676,2,-3.313226949097397e-05,3.166085818661384e-05,0.00015178915115312858,-0.0503047326914948,-0.07003218867646956,0.00013628041258765774,0.9962755180398993
1741341463.6397793,2,-4.977562295411931e-06,5.969627961322566e-06,7.472555808634402e-05,0.0007581182736092697,4.243713273426872e-05,-8.165832468822689e-06,0.9999997116945044
1741341463.656614,2,1.2042622106461422e-05,-9.51932127209117e-06,-0.00017280813869807144,0.00039917099609387157,-0.0005565064939779626,-2.5987861615069806e-05,0.999999765143807
1741341463.6729922,2,1.1999041038455645e-05,-2.331804232534353e-06,-7.055498742771222e-05,-0.0008076601074716737,0.0001382116373130362,-8.45106680957838e-05,0.9999996607202629
1741341463.6901007,2,3.5063107640444873e-06,3.24126879530056e-06,8.982620962632162e-06,-0.0003923568025908341,0.0009611122838037938,-8.6138965040906e-05,0.999999457449551
1741341463.7063506,2,3.7523750853010745e-06,-3.9192576184208976e-06,-8.33159958947971e-05,0.000461020681806306,-0.0006195899957150625,2.7590607362125734e-06,0.9999997017802335
1741341463.7231476,2,4.622254804724019e-06,4.307891688818595e-06,5.284982592980495e-05,0.00024117140689978604,0.0006130402125903083,-4.272009399975333e-05,0.9999997820964981
1741341463.7400906,2,1.1020535346323269e-05,-3.235833213898991e-06,-6.838858644394244e-05,0.0009356148203221404,0.00016743659283685038,-2.666116508350366e-05,0.9999995479394366
1741341463.756476,2,-6.155721802505408e-06,7.239685775479844e-06,6.702682672938157e-05,-0.00036796414380154476,0.00046218555405300686,-3.891038089247869e-05,0.999999824736427
1741341463.7731593,2,2.2043691345569824e-05,-9.908453683957729e-06,-0.0002548603647878604,-0.0011449389525564765,9.466410100209024e-05,-2.265657376028203e-05,0.9999993398198733
1741341463.7897868,2,1.7380106493042615e-05,-9.475484127353767e-06,-0.0001727810634186309,-0.00011241369677682276,-0.0004509908071329451,-4.035017524332008e-05,0.9999998911711521
1741341463.8062632,2,1.0252736788149805e-05,-9.817185404114381e-06,-0.000184519650771452,-0.00048412065516859016,-0.0007094300795213175,-3.072799450192554e-05,0.9999996306959038
1741341463.823236,2,2.5162664929845775e-06,-4.0115227558209275e-06,-8.041081545720993e-05,-0.00021790353126794143,-4.552113768323548e-05,-1.071495218004292e-06,0.9999999752223642
1741341463.8397675,2,1.4232656086731898e-05,-7.103615921620927e-06,-0.0001234481842280054,0.00022224106415961675,0.00024341966588945638,-2.528347774734383e-05,0.9999999453582592
1741341463.8568113,2,1.5656746625350657e-05,-1.336526409851225e-05,-0.00020919997540127464,-3.289673310873518e-05,-0.00015687948245037372,-2.7298770495674883e-05,0.9999999867807049
1741341463.8734426,2,3.829196518597306e-07,-5.220670807064365e-06,-7.856739869438168e-05,0.0005413572516862499,0.00046430242913992237,-5.0007480063226677e-05,0.9999997444273836
1741341463.8898115,2,2.4664513270011162e-05,-1.7677256522087426e-05,-0.0003326239910579621,-0.0005237841295275893,-0.0006027954851920478,-6.2869287791291024e-06,0.9999996811240808
1741341463.906487,2,1.640794248242494e-05,-1.1250705039380679e-05,-0.0001923622090762364,0.00023638001605533603,-0.00023142128426815485,-6.478034464484081e-05,0.9999999431860905
1741341463.9232507,2,-1.5510399388245737e-06,-1.4006453916396884e-06,-5.686079802685576e-05,0.00045637183608346544,0.0006027227720417198,-4.429010931543508e-05,0.9999997132441556
1741341463.9398437,2,7.1767615067126964e-06,-7.502159333448274e-06,-0.00015866230725534728,-0.0002215873275531407,-0.00027741890782499414,-1.0473932670434032e-06,0.9999999369683524
1741341463.9567223,2,2.503229446959212e-05,-1.560523641063735e-05,-0.00028477362810001405,-0.00019240194172406876,-0.00018652663598963233,-4.184788461882815e-05,0.9999999632190301
1741341463.9734387,2,8.902642278810934e-06,-1.0114902447086921e-05,-0.00017699366104363605,-0.00015295670229139267,-0.00039290442027407066,-6.486364774393082e-05,0.9999999090115314
1741341463.9899867,2,-1.081744039471046e-06,-6.490659997930171e-06,-3.379610533580262e-05,0.0005155292133129406,0.0007377652198836342,5.455569059957704e-06,0.9999995949510916
1741341464.0068023,2,1.3050337977274194e-05,-9.98564842217157e-06,-0.00010296496053210772,0.0003111855176800746,0.0007109650511390866,-2.8711602356392613e-05,0.9999996984339113
1741341464.0232432,2,1.732732389827443e-05,-1.3665002814555311e-05,-0.00025441201597543856,-0.0005278664716288264,-0.00040155387617967636,-1.8433404092349834e-05,0.9999997798858169
1741341464.0400233,2,5.325027619532576e-06,-1.076919768306967e-05,-0.00016581641972695382,-6.598833550655915e-05,-0.00018890994971598746,-4.554750326002571e-05,0.9999999789419974
1741341464.0566733,2,2.5133925875562323e-05,-2.1148883555149117e-05,-0.00030967682959370216,-0.0011472231958767705,-7.469972922866093e-05,-1.7720964991382124e-05,0.9999993389922098
1741341464.0732667,2,2.8511760480496926e-05,-1.7505681596508295e-05,-0.0003501173322261107,-0.000876174933545535,-0.0006182302414353035,-4.6470999102043143e-05,0.9999994239744844
1741341464.090303,2,-1.344202040231545e-06,-3.2695527735009934e-06,-8.82016539172819e-05,-0.0002572793239571773,-4.431675824302316e-05,-5.3221243797039717e-05,0.9999999645054363
1741341464.106634,2,-4.5609253184060765e-06,-6.045643096262248e-06,9.815475384335451e-06,0.0006614256531650222,0.000313938490772587,-1.6830529501288511e-06,0.9999997319779125
1741341464.1233664,2,2.232610002176747e-05,-1.651408049425971e-05,-0.00023490102540819514,-6.848738534825559e-06,-0.0004034458366331552,-2.2517746599323385e-05,0.9999999183387481
1741341464.1401546,2,5.28744323197416e-06,-8.634862841326404e-06,-0.00013220843851398658,0.00045000799112896584,-9.2533972455869e-05,-3.927316396847229e-05,0.9999998936939396
1741341464.156928,2,-1.0960839018540296e-07,-1.0374955728206901e-05,-9.479762553975607e-05,0.0004035381004181368,-7.674473855169476e-05,-2.3555887233756615e-05,0.9999999153561797
1741341464.1735146,2,2.5170407684519574e-05,-2.0216778466697843e-05,-0.0002916709204343357,-0.0005293297595598498,-0.0004313608383790402,3.205914665435396e-05,0.9999997663549945
1741341464.19028,2,1.5009848038643533e-05,-1.2088784236946708e-05,-0.0001509352069772523,8.380543533837096e-05,-3.091740577543671e-05,-5.276217300059798e-05,0.9999999946184581
1741341464.2072914,2,9.773170919878287e-07,-1.068368002044637e-05,-0.00012984934955471918,0.00022648176879943292,7.219360974950678e-05,-3.320761147723921e-05,0.9999999711956724
1741341464.2239254,2,1.612313365885002e-05,-1.6381021888111445e-05,-0.00027849056257506634,-0.0002667585147126667,-0.0006485025092235958,-6.467373623657802e-06,0.9999997541212514
1741341464.240079,2,-1.0549400272406136e-06,1.1378656974389666e-05,0.00015830863666304514,0.00022946477298413327,0.0014900614801259266,-2.495129246166212e-05,0.999998863219422
1741341464.2570903,2,4.971445882343083e-06,-8.980345284439545e-06,-8.487160638018746e-05,-0.0005475577489777394,3.643060608196361e-05,-8.819957105746942e-05,0.9999998455370671
1741341464.2736847,2,3.8091375728190538e-06,-1.0162148148406959e-05,-0.0001490062863465434,0.00028851576440863306,7.61104027783818e-05,-4.8281970575539644e-05,0.9999999543173548
1741341464.290708,2,2.7547532835912903e-06,5.543669274227001e-06,8.74232305944359e-05,0.0006085603721770656,0.0010699851524989849,1.450413128423541e-05,0.9999992422875515
1741341464.3069308,2,4.387764056313765e-06,2.5614348692533043e-06,7.596452813352313e-05,0.000764072361927476,0.0013298665500895205,-4.6959112309789265e-05,0.9999988227209202
1741341464.323614,2,-6.55445096996482e-06,-3.6150579285827394e-06,1.8066044436943104e-05,0.0013558244859986138,0.0009017421560404259,4.4367668375101484e-05,0.9999986733153986
1741341464.3403542,2,1.6188007287347505e-05,-1.3312251521438463e-05,-0.0002410027977007323,-7.781862300348722e-05,-0.0009057426749304146,8.124781347414145e-06,0.9999995867541429
1741341464.357306,2,5.0937993310098566e-06,1.157889232569297e-06,9.227660480652529e-05,0.001114018606362181,0.0009994930334724483,5.255777860314067e-06,0.9999988799736715
1741341464.3734984,2,1.5102977637272656e-05,-1.334699323074725e-05,-0.00022346499414091105,0.00023657566855878027,-0.0003871261707200791,5.780928225631167e-06,0.9999998970659256
1741341464.3904297,2,2.949588088541605e-06,-1.1795611763576892e-06,-6.807868263520742e-05,0.0006642357441433219,-0.00039976346255962496,-2.5509792434130438e-06,0.9999996994867263
1741341464.407274,2,7.342442756941255e-06,9.404152294079942e-08,3.811175660235354e-05,0.0006746655599589382,0.0008273595274393139,1.1026196245203023e-05,0.9999994300903463
1741341464.4239023,2,1.598583955572627e-05,-1.49616154196014e-05,-0.00020423374704843828,-0.0003495414173965667,-0.0003189368951473655,-3.1373459835076815e-05,0.9999998875578738
1741341464.440979,2,6.75136239952684e-06,-1.1460477643044607e-05,-0.00016535048789624744,0.00015312746101232906,-0.00032621713680451835,-1.842182768036997e-05,0.9999999348974962
1741341464.4576092,2,1.9089617955824847e-05,-1.1466423175315871e-05,-0.00018523902114172947,-0.00012844872291363195,-0.0002857376217720669,-4.148217907110895e-05,0.9999999500670818
1741341464.4739404,2,5.783916147534499e-06,-1.6286389696286447e-06,1.3455456263751343e-05,0.0007338223337156484,0.0005844789646600524,-4.239106714452525e-05,0.9999995590459627
1741341464.4905515,2,3.3781993472799397e-06,-6.6914802530388564e-06,-0.00010536302037132184,0.00029470709375600915,-0.00016835046248243305,-1.1939483092464915e-05,0.999999942331648
1741341464.5071228,2,1.7545880189711917e-05,-9.377140182639256e-06,-0.00019272686263453468,-0.0009476042399557079,5.334433829943634e-05,-5.99671564191407e-05,0.9999995478021608
1741341464.523808,2,1.5559630556957785e-05,-7.2462994069904e-06,-0.00013618331000392082,0.0001371462772991189,-7.639464095523787e-05,-4.547357679971476e-05,0.9999999866434556
1741341464.54048,2,1.0188297064275076e-05,-8.169168853610895e-06,-0.00017290078579006672,-0.0007445469637901416,-9.016284907138318e-05,-4.205997434319418e-05,0.9999997178756791
1741341464.557543,2,-2.7544034368485204e-06,6.418917566769512e-07,5.395323859699375e-05,-0.0003640431756309151,0.0007350685661622081,-1.7292867219641845e-05,0.9999996634238064
1741341464.5739722,2,9.173797006760843e-06,-7.95180818909153e-07,3.166680064784101e-05,0.0007607833441618883,0.0009434888797205897,-4.3277579023536196e-05,0.9999992645819737
1741341464.5909283,2,-7.589563777695735e-06,1.1312451413244905e-05,0.0001893754841829605,0.0005925323101662914,0.0019866309496751207,-4.09536468028442e-05,0.9999978502605543
1741341464.6072981,2,-3.6892507953456516e-06,4.8106647948721665e-06,3.959372656088432e-05,-0.0010295056269736238,0.0004761298073140285,-4.169769789416112e-06,0.999999356700385
1741341464.6246996,2,1.1773584533111727e-05,-8.881259219457665e-06,-4.8298588736817866e-05,-0.00021892209413456728,0.0009576076383581984,-4.525592782977229e-05,0.9999995165061975
1741341464.6407073,2,1.9224790578041597e-05,-1.2988824794342066e-05,-0.00019475290221764073,8.757185201805799e-05,-0.00045534737282279384,-6.065633800514989e-05,0.9999998906553687
1741341464.6577413,2,7.0675749337925665e-06,-9.161447317005769e-06,-0.00016331370923217123,-0.001124765512675335,-8.396067929352817e-05,-8.820727460128335e-05,0.9999993600361065
1741341464.6744323,2,1.0303327143872408e-05,-9.290016998489927e-06,-0.00016704910995887185,-0.0003916205047649146,-0.000423339766808636,-2.2656850109549597e-05,0.9999998334517307
1741341464.6904619,2,1.8410055473544505e-05,-1.04508729631056e-05,-0.00019012266031264246,0.0002721438841367232,0.00012272152011393508,-3.0121594022384814e-05,0.9999999549849112
1741341464.7072356,2,-2.851434830611899e-07,4.202391009799913e-06,2.809169044133353e-06,-0.0005437858910781633,0.0006481874920110268,-2.641041922785385e-05,0.9999996417261207
1741341464.7239509,2,-7.498252455161833e-06,4.151993504775519e-07,7.016456972668613e-05,0.0002996655482095098,0.0011263293874556775,-2.6573088020505945e-06,0.9999993207875738
1741341464.7405977,2,1.6357396150013505e-06,-4.036444479994102e-06,-2.2491981979921187e-05,0.00028144592675060357,0.0005539227349504558,-4.9328160008904265e-06,0.999999806966712
1741341464.7575579,2,1.3033750572472588e-05,-9.827839249124791e-06,-0.00015671558659195492,-0.00019844493064682158,0.00039535699439808154,-1.2225358771858077e-05,0.9999999020814938
1741341464.7742455,2,7.437165555082106e-06,-1.2775456457876454e-05,-0.0001753601528580121,-6.7243599334395785e-06,0.000489143328782492,-7.081079012951903e-05,0.999999877839702
1741341464.7908812,2,1.2008829382169399e-05,-1.4574418506427575e-05,-0.0002192883980686047,-0.0010081026991608328,-4.323301856235442e-05,-3.40644299046603e-05,0.9999994903496044
1741341464.8074343,2,1.1540377735683711e-05,-6.7785285093987776e-06,-0.00012041591495398926,8.682026607469312e-05,0.00030687428738568275,-3.978072900395212e-05,0.9999999483539521
1741341464.82384,2,-8.2103647825386e-06,1.0777009440804502e-06,9.639409955091162e-05,0.0006747116577493931,0.0008544146009395049,-1.3145644264848556e-05,0.9999994072833547
1741341464.8406572,2,6.1930414305775405e-06,-1.214634412946504e-05,-0.00016897857977389666,-0.0001933185144609016,-0.0002126079612775845,-2.905488668875555e-05,0.9999999582908092
1741341464.8574462,2,2.2857912161913584e-06,5.562083397586835e-06,2.5337823621300106e-05,-0.0007243155136625298,0.0015818685563430731,-8.888551098882539e-05,0.9999984825779852
1741341464.8740275,2,9.65413020980708e-06,-8.052414908935673e-06,-7.711477099834916e-05,0.00026103668527622316,0.0011600467163093374,-3.945731685033389e-06,0.9999992930676983
1741341464.8910391,2,5.603733813689954e-06,-1.0732619030654073e-05,-0.00014881045918827405,0.0001953077729024858,-6.896247709247811e-05,-1.8569158859358534e-05,0.9999999783771183
1741341464.9074433,2,-1.0757871348490002e-06,7.115908966756719e-07,-1.2210788588001972e-05,-0.0003399559285135403,9.350967566988829e-05,-3.264358489131701e-05,0.9999999373101499
1741341464.9240992,2,1.4578461120914264e-05,-1.0324004276156267e-05,-0.00013002303069788976,0.0001287408323956299,0.0004867890680787997,-6.844114699998235e-05,0.999999870888997
1741341464.9409592,2,-7.053658854358202e-07,-8.616768488659575e-06,-6.0567242600524445e-05,0.0005996916705174434,0.0009914673377315823,-5.1381587199462084e-05,0.9999993273609493
1741341464.9574118,2,5.991891374631359e-06,-1.2768973709832362e-05,-0.00017234907925896804,-0.00020328531368815508,6.315201710638004e-05,-6.11914029797718e-05,0.9999999754712579
1741341464.9747958,2,1.568800498012775e-05,-1.0049455555802318e-05,-0.00015574787398960744,0.00037487141561216793,0.00036432509364764165,-4.152729787386557e-05,0.9999998625070563
1741341464.9911838,2,5.965337590194027e-06,-7.48564034597721e-06,-0.00011097526680078166,0.00032767912618732897,0.00016006794847325047,9.124750959980531e-06,0.9999999334606883
1741341465.0074544,2,-8.142068125954909e-08,-8.526772433516786e-06,-0.0001157814647077246,0.00012363296397213515,0.0002582704132506732,-1.3144065191919806e-05,0.9999999589192579
1741341465.02463,2,3.333340448131906e-05,-2.6154160385007633e-05,-0.0004579157723109443,-0.0012951719337536086,-0.000792010627573132,-1.1143156826021074e-05,0.9999988475616649
1741341465.0411837,2,4.217222289274987e-06,-5.4107150240722875e-06,-5.2649255342063584e-05,0.00013087852645294544,0.0006176177173444226,-3.4276687969737136e-05,0.9999998001221176
1741341465.0575576,2,-5.794049859077806e-06,-6.9203129895351055e-06,-6.313573142759105e-05,0.00020230578991109425,0.0005955244276655292,-5.7194323338039816e-05,0.9999998005758965
1741341465.0743032,2,1.2014759577017417e-05,-1.627895258909913e-05,-0.00022205630793203205,5.280583843263724e-05,-0.0008753552638130805,-2.0584198578688925e-05,0.9999996152704241
1741341465.0912385,2,2.1861081564863912e-05,-1.4224343485322462e-05,-0.00022153730818660596,-0.0003487670671206906,-9.208744831299384e-06,-6.868666429131656e-05,0.9999999367794351
1741341465.1076715,2,-4.2163599311185215e-06,-5.099197664360589e-06,-4.537201103973431e-05,0.00018889092132028744,0.0004977217248614118,-4.75481580244385e-05,0.9999998571662283
1741341465.1244318,2,7.0545548323179e-06,-1.5445154945183988e-05,-0.0001971259288322451,-4.373342929335694e-05,-0.00013571727691190564,-5.686629751546745e-05,0.999999988217216
