Time (s),Fiducial ID,Position X,Position Y,Position Z,Rotation X,Rotation Y,Rotation Z,Rotation W
1741341921.3789,2,0.016430270745332112,3.140056834822451e-05,0.0026963788446631057,0.00913474174721107,0.0026209873893940044,0.00047019427061210266,0.9999547318932315
1741341921.3942094,2,0.016342158335324212,6.131464693988254e-05,0.0032712332487457242,0.011622244720232856,0.005422460163018293,0.0002936695080909122,0.9999177136703117
1741341921.4111345,2,0.016239550171817833,0.00010614145192248773,0.0035532526439717915,-0.0647324386193476,-0.08897538894981202,-0.0006087227103250814,0.9939279254595295
1741341921.4282122,2,0.016332594008424663,2.3876082495950446e-05,0.0024785642402676347,0.009232594122974844,0.004940164016187146,0.0003045867662826705,0.9999451291006699
1741341921.4442272,2,0.01636103286888757,2.968994847188772e-05,0.0025439235338471566,0.009143603828472072,0.006764558892948868,0.0002137889574718181,0.9999352926796281
1741341921.4610813,2,0.016406273405859463,2.752598784646971e-05,0.0025176773097938493,0.008129840898119816,0.0030984397107317882,0.0005265408310103518,0.9999620133350483
1741341921.4776099,2,0.016445068077608368,2.6885555054371806e-05,0.002556185258341543,0.008263561286532712,0.0019255239960644694,0.0006117874707627389,0.9999638151594762
1741341921.4941385,2,0.016435547397297984,3.4017312034171555e-05,0.002702518668415047,0.009645585990042897,0.0027302036532958498,0.0006247398192663068,0.9999495579073369
1741341921.5110104,2,0.016371338379269025,5.4902667766168475e-05,0.0031007624783560154,0.011233895753414255,0.004215628474045233,0.000494747077901654,0.9999278890440546
1741341921.5276558,2,0.016304335495461213,6.812928884483544e-05,0.0034073227223168634,0.01225701927642938,0.006919810383433756,0.0001543829402410964,0.9999009240262869
1741341921.5445492,2,0.016290033336647088,7.761881948909076e-05,0.0030428662857099006,-0.06200454967963907,-0.08345553749295127,-0.0004476409497716087,0.9945805189618223
1741341921.5612607,2,0.016387067479043758,3.605278771583973e-05,0.0027424066816708953,0.009148165631315082,0.0035667211639420437,0.0005333736737157144,0.9999516513703275
1741341921.5777977,2,0.016463121996948032,2.016031441111357e-05,0.002408329353244495,0.007527540099871532,0.0015275950855540765,0.0006774133278002216,0.9999702714103469
1741341921.5944045,2,0.01645509564518746,5.3618424452222556e-05,0.003108651581320693,0.01016278826181894,0.003156045785527079,0.0005647709741986168,0.9999432174596175
1741341921.6113086,2,0.016364984911392755,0.00011745873898807421,0.004422048605311086,0.016316765169740493,0.006559375324869542,0.0003054183807227531,0.9998453102802232
1741341921.627956,2,0.016406839788454006,5.776987809337959e-05,0.0031824930582294375,0.011179326689110978,0.00427488877313516,0.000457056825470468,0.9999282669670928
1741341921.644488,2,0.01634157305882124,6.161861756761227e-05,0.003275462811180107,0.01096290730462963,0.005371471309823248,0.00033562805959056353,0.9999254218756535
1741341921.6615593,2,0.016345441907739743,5.092375381719726e-05,0.0030976122572180824,0.010029030260161572,0.004955729898913439,0.000362452369328251,0.9999373619989853
1741341921.6779616,2,0.016431939135602546,1.5225755302961279e-05,0.002411155955779767,0.00688635177611824,0.0020891665481629212,0.00048648929347720776,0.9999739880969489
1741341921.694733,2,0.016483403386606314,1.882191036582911e-05,0.002474908165025868,0.007295288735583354,0.0011706471688753561,0.0006063848435055459,0.9999725199448694
1741341921.7111747,2,0.016543797658675752,2.1115235569939386e-05,0.002483677938702141,0.007420818163268989,0.009529846403086073,0.00016870203682636003,0.9999270398508804
1741341921.7284467,2,0.016527768373784633,3.730420525701423e-05,0.002809150094988217,0.009660517743702975,0.011104315794194323,1.604045296341536e-05,0.9998916782883885
1741341921.7448037,2,0.01640408369432292,8.308043787727274e-05,0.0036849427132895195,0.012146476793749257,0.006565042722263443,0.00028184840919307045,0.9999046373915005
1741341921.761177,2,0.016401451407018073,4.0425178114894504e-05,0.0028610583471275967,0.00917805664867743,0.003757481058602046,0.0004726022607822151,0.9999507094148946
1741341921.778444,2,0.016385579783518654,4.0131651711058924e-05,0.0028588035565718915,0.009669900468673776,0.0037535049816378456,0.0005421648248390998,0.9999460536861884
1741341921.7945764,2,0.016456514910882746,1.40810367492441e-05,0.00233476812067334,0.006283489575735165,0.0013832274997674205,0.0005770846081919737,0.9999791354892313
1741341921.8113048,2,0.016502740311721695,2.6960911182690226e-05,0.002611429812649183,0.007899495290462076,0.0019873897726785357,0.0005559964494689321,0.9999666690065202
1741341921.8279321,2,0.016535606339575085,4.463453658046404e-05,0.002445158803667078,-0.058258725897195385,-0.08859882207784496,5.484883722323882e-05,0.9943621908413749
1741341921.8446407,2,0.016574292435522445,1.772768742629651e-05,0.002464969033367851,0.00804215753890549,0.010808364769681729,-1.4779626418038096e-05,0.999909247249313
1741341921.8611794,2,0.016434015226872236,6.289897804948513e-05,0.0034404894653511193,0.011994490824398818,0.00922926789985033,8.710785304850624e-05,0.9998854660490462
1741341921.87812,2,0.01640325657915018,4.5128746475555684e-05,0.003020174637087948,0.00975899540934205,0.003834814282029948,0.000434012392515343,0.999944932404413
1741341921.8947847,2,0.016387233095784413,3.466971143191212e-05,0.0027612169791343543,0.008684496893486037,0.0038654470617298215,0.00035121003912101927,0.9999547562186143
1741341921.9114194,2,0.01644267930652266,1.3495586527700979e-05,0.002314850756633373,0.00701466163643191,0.002214204672209741,0.0005794471689460064,0.9999727776598594
1741341921.9286778,2,0.016492996028047924,2.331442525741655e-05,0.0025118300010288767,0.007739604993074535,0.0007554405333153356,0.0006541529263928284,0.9999695494904336
1741341921.9445374,2,0.01658588107116353,2.947628214819145e-06,0.002122253671434449,0.006351204149755198,0.008722318036178945,0.0001409625926380699,0.9999417800569549
1741341921.9617262,2,0.016546342309427066,3.13182813382675e-05,0.0027231675589911657,0.009234338842152615,0.010830797897369026,4.729168590964424e-05,0.9998987041528512
1741341921.9780724,2,0.016436892925790043,6.0413666979207046e-05,0.0033025044109724552,0.011885698808246916,0.008754348627963275,0.00012303724694569764,0.9998910322659043
1741341921.9947355,2,0.016360021439141448,6.004869210294108e-05,0.0033210101938550424,0.010691836386013977,0.0054697590102817705,0.0003421907213554856,0.9999278220334578
1741341922.0119097,2,0.01628551231513315,8.392562033507082e-05,0.0031998794908022895,-0.0626341282572235,-0.08400376412787434,-0.0004536251476491414,0.9944949109040386
1741341922.02802,2,0.016381555297185775,2.2025428912868337e-05,0.0025260772322537378,0.008765951819802376,0.00364164559280795,0.00030443108891527193,0.9999549008969261
1741341922.0448513,2,0.01645582091190311,8.943567837213176e-06,0.002233608815386815,0.005443310444928608,0.0014903072195016627,0.000531058676991021,0.9999839335371711
1741341922.0617096,2,0.01649167380976375,2.284409827694538e-05,0.0025495244973240396,0.00782357031889421,0.0014130904701207306,0.0005478444985417614,0.999968246890467
1741341922.0784593,2,0.016465828513674327,4.888103212415524e-05,0.003080493607619655,0.010241032933499952,0.007049527629498033,0.0002284539995512439,0.9999226836178016
1741341922.0950809,2,0.016413870941179638,6.778331046824893e-05,0.00341961693531816,0.01182863492845635,0.005033065415942174,0.0003608235864786229,0.9999173073082531
1741341922.1116374,2,0.01635408328486801,5.624723239188709e-05,0.003217590713033147,0.010693621945605886,0.005190334491197558,0.0002743488630617081,0.9999293133068233
1741341922.1288118,2,0.01624352323526135,0.0001054357951246768,0.003565868503571769,-0.06333264758169597,-0.08499992213515395,-0.0005389970532066625,0.9943659781335478
1741341922.1453488,2,0.016303801632343018,6.256015367201198e-05,0.0032838725931186932,0.010872166944389748,0.006230927215494623,9.811940688932113e-05,0.9999214778694128
1741341922.1616657,2,0.0163902843538941,2.49968998526538e-05,0.002621400394876193,0.007623357109034855,0.0036576223440019924,0.00030154898878006223,0.9999642070061229
1741341922.1781723,2,0.01644478144333164,1.935931137885603e-05,0.002518478510778326,0.00674484544579163,0.002031796473050303,0.0005223059631985144,0.9999750527185592
1741341922.1956098,2,0.016446544042178796,4.172805026283737e-05,0.002904037329386771,0.009248432984158993,0.00236144800197755,0.0006048456529113461,0.9999542610601785
1741341922.2117188,2,0.016409698371965303,4.84997959357593e-05,0.003022413105242483,0.010093426940810795,0.0034770178572683694,0.0004725863817759907,0.9999429032407413
1741341922.2286015,2,0.016294674608987647,9.056116861608988e-05,0.0032569605940436608,-0.06187892902617313,-0.08409043720909212,-0.0003930314796262145,0.9945348872909454
1741341922.2454894,2,0.0162601598530863,9.365396674569403e-05,0.003291896799400299,-0.06225267069117136,-0.08766160611844423,-0.00040347984412130545,0.9942031407155012
1741341922.261686,2,0.016334470816882305,3.888331839964434e-05,0.0028113917805230124,0.008998587837371988,0.007368458232769419,0.00014941819813772488,0.999932352169089
1741341922.278536,2,0.01637610211079794,2.366197582218784e-05,0.0025548219089530774,0.00828861602125358,0.004502295159989006,0.00028577602093904266,0.9999554722660456
1741341922.2950027,2,0.016443163752910907,1.4483036137071759e-05,0.00241189645397689,0.006250409220654442,0.001972536251562231,0.0005500345740986286,0.999978369239694
1741341922.3123186,2,0.016451757429348207,2.9804475584980795e-05,0.0027017988564303668,0.008001720935712765,0.002184533266643923,0.000555634563222428,0.9999654451763351
1741341922.328827,2,0.016405396242843925,4.2789826636864414e-05,0.002936961258406998,0.009424478075277921,0.0033659322374398606,0.0004290483566482022,0.9999498315569082
1741341922.3451395,2,0.016331146791881513,6.0609878284393566e-05,0.0032838944952621684,0.010907642482305583,0.006083378594608273,0.00020459956984931378,0.9999219839464321
1741341922.361919,2,0.016248859721317826,0.00010435341593045517,0.0035177748567490276,-0.06317540153359108,-0.0848409426354621,-0.0005121707138028032,0.9943895719359469
1741341922.3791645,2,0.016287912452085447,6.995485702610266e-05,0.003409838360448933,0.011496212773150069,0.00682207683458343,5.5519044948933764e-05,0.9999106426462183
1741341922.3953424,2,0.016377708211511938,3.24163841112279e-05,0.002651142994751622,0.007877478339193797,0.004169947668013409,0.0003923168978625767,0.9999602006874639
1741341922.412309,2,0.01647562624533887,8.016701325673032e-06,0.0022032121005647843,0.006240474903938784,0.0009555217443460001,0.0006515658331840193,0.9999798592537424
1741341922.429503,2,0.016458907325887992,4.257923825161023e-05,0.002920803453237546,0.009414626192331662,0.0029222280267699437,0.0005191855213454597,0.9999512767347281
1741341922.4454167,2,0.016422612122196163,4.4694910435585154e-05,0.0029727158981762503,0.010140891886900368,0.0036626249048989424,0.0004928192646209999,0.9999417506133629
1741341922.4619925,2,0.01637519848451986,4.736033284400223e-05,0.0030310437040657143,0.009655064754427518,0.0041817322245932395,0.0003250691411024281,0.9999445920501011
1741341922.4787652,2,0.01634405019692611,5.100349867053213e-05,0.003131855436914184,0.010351351522896934,0.005417561547394653,0.00027283823702043677,0.9999317102221662
1741341922.4953556,2,0.016377142506414862,2.790201188221552e-05,0.0026220103628227923,0.008720417107580068,0.00367893243291604,0.00023861609784975763,0.9999551804175933
1741341922.512263,2,0.016434014128725305,1.332320524345661e-05,0.0023038303700812376,0.00644386253513224,0.0021601787797238116,0.00048703445048481694,0.9999767862609171
1741341922.5288868,2,0.016504901829407757,1.1893027275927071e-05,0.00225015142985034,0.006763918745605074,0.0006000322930095898,0.0006952675475805874,0.9999767027123619
1741341922.546377,2,0.0163956047651961,0.00010641808429549917,0.004152036575631346,0.015121821645481329,0.006232304737917103,0.000341485683763502,0.9998661771833788
1741341922.5621796,2,0.016425364629981034,6.27780211306823e-05,0.0032961901426258357,0.011103391075400693,0.0042694653733861086,0.000385803374980749,0.9999291662551943
1741341922.5788808,2,0.016402513514601112,4.327576615233614e-05,0.002941667988027395,0.010031758080404967,0.003381788147427896,0.0005035792158035638,0.9999438352961207
1741341922.5960095,2,0.01636496126917958,5.043876808368577e-05,0.0030699612572634197,0.010343763083647239,0.0042822137777956985,0.00044725607000896465,0.999937232616347
1741341922.612053,2,0.016374037680402107,3.77330228773641e-05,0.002859057227521242,0.008847720770426639,0.004199302032596591,0.0003349718552850064,0.9999519845939923
1741341922.6287212,2,0.016456511775683268,6.990977995673967e-06,0.002256776464736077,0.006044728278280791,0.0017413261668784462,0.0005985087298816111,0.999980035215965
1741341922.6455762,2,0.01654223201891731,1.931297613679109e-05,0.0024236337532452653,0.008349074806585175,0.005054488748646172,0.00046510828137906387,0.9999522632444263
1741341922.662413,2,0.016521117736252713,5.362537356237929e-05,0.0025616817395844454,-0.059265781671931826,-0.08864455582492646,-5.031048165202635e-05,0.9942986006800331
1741341922.6789966,2,0.016435746809912315,7.344718779921364e-05,0.0035416081348219894,0.012522687191803461,0.009195622397445782,0.00012799450730686132,0.999879295941078
1741341922.6954393,2,0.016441488537183947,4.218651427856852e-05,0.002866919494437167,0.009917285401850348,0.002604084550723745,0.0005359634016489453,0.9999472880792982
1741341922.7122347,2,0.016395948595400056,4.412689979238576e-05,0.0029182886981975686,0.010142860149965838,0.0030404511639060654,0.0005401068159034032,0.9999437915849697
1741341922.7292,2,0.016371245062602773,4.217185371827124e-05,0.002898247668784727,0.009009485713083857,0.0043812333901277175,0.0003411014479595671,0.9999497575433324
1741341922.7454925,2,0.016481065437902828,-6.914816158113689e-06,0.0019112829011999977,0.0047740976225408805,0.00016047397066141063,0.0005793143419902461,0.9999884232504337
1741341922.762067,2,0.016549753113547803,1.1106507884241477e-05,0.0023311512751730164,0.007084265626451967,0.005333218216104718,0.00042367228465660503,0.9999605944564958
1741341922.7795098,2,0.016538494580300826,4.0470965428082744e-05,0.0023706703527459107,-0.05851136894954597,-0.08831245767610735,-6.584114709501379e-05,0.9943728300732072
1741341922.7956102,2,0.01646079107936872,5.7632785844941136e-05,0.003297991690836395,0.012182029166487526,0.008858292825942696,0.00011507481389080859,0.9998865513503938
1741341922.8122687,2,0.01643815655704287,5.217649975219865e-05,0.003134113506671158,0.010960927967274672,0.0038191926797987445,0.0004358692821559605,0.9999325386461527
1741341922.8289773,2,0.016405750349009478,3.9259455684241335e-05,0.002863488577117847,0.009605523090425203,0.003334713113302706,0.00046265517555782703,0.9999481984406992
1741341922.8457026,2,0.016307442209267903,7.991471315030213e-05,0.0030787821416462554,-0.06163732193301457,-0.08296936267915023,-0.00032931116127126917,0.9946440654604544
1741341922.8624823,2,0.016438864318091613,6.633531417605466e-06,0.0021613696255108595,0.0066163289749277005,0.001966305935073052,0.00046114025286678705,0.9999760723044989
1741341922.8789306,2,0.016510485282756407,1.648983770793111e-05,0.002353874648166342,0.007196337049873716,0.00031672521440190504,0.0006891127749036226,0.999973818428156
1741341922.8958504,2,0.016475415480317567,4.900291706598877e-05,0.0030926592159476363,0.011051113841930367,0.00778425645373904,0.00019059273580755842,0.9999086167789156
1741341922.9127057,2,0.016431405531381324,6.660954998308891e-05,0.0034430771369846746,0.012720936845524009,0.004573264069249471,0.00035426754101076897,0.999908564577799
1741341922.9291973,2,0.016443391154661865,3.8949983179193586e-05,0.0028380976797056047,0.009478118910563842,0.0027355951580292,0.0004446380468160895,0.9999512408503006
1741341922.9463575,2,0.01636772138609848,4.7525462177193065e-05,0.0030634059064556535,0.010115670107015529,0.004805306044616523,0.00026901933043805133,0.9999372529717568
1741341922.9623811,2,0.016255294265400323,9.460969686480523e-05,0.0033616251369764593,-0.0641602828564573,-0.08453723063815789,-0.0005784807708685352,0.9943523420296289
1741341922.979248,2,0.016409271647403353,1.1720808914278053e-05,0.0022037667340360206,0.006402368450577921,0.0029554098415478063,0.0003030768025267999,0.9999750913774519
1741341922.996071,2,0.016478484150997615,8.022775529959247e-06,0.002167575001504525,0.006053102081341805,0.0009318090682825151,0.0006178483216174303,0.9999810547957919
1741341923.0128293,2,0.01645810244977661,3.941334789427633e-05,0.002836380235404304,0.00931965348206902,0.0016425793908174718,0.0005664563714289375,0.9999550615498171
1741341923.0292468,2,0.016456575228428985,3.960065521661844e-05,0.002837357384131108,0.009856113001076274,0.0017697645447738533,0.0005661331485227612,0.9999497009666157
1741341923.046062,2,0.016409661753830074,5.3042708744738636e-05,0.003104239080077505,0.010958489455610695,0.0033142125437348896,0.00045973951549736303,0.9999343559172493
1741341923.062601,2,0.01627827283819354,9.807894141587472e-05,0.003420064835162772,-0.06304022826194323,-0.08482021915489532,-0.00045773281717939726,0.9943999449536719
1741341923.07928,2,0.016306663156832817,4.715286453643242e-05,0.0030806912928842017,0.011105445188101843,0.008234830032982993,8.771986523248878e-05,0.9999044199155873
1741341923.0961854,2,0.016358908352109718,2.6396804058327856e-05,0.0026213829759183255,0.008605978854452282,0.004238303433744552,0.00026042859910379294,0.9999539519842426
1741341923.1125765,2,0.016414935958882902,2.2473316230481674e-05,0.00249391389947565,0.007240991171535594,0.002419424731532296,0.00045566547085313134,0.9999707529722061
1741341923.1302552,2,0.016438199726399462,2.5286944480398636e-05,0.0025511995501499097,0.0076752349286525945,0.001562100919557271,0.0006181160588981775,0.999969133794661
1741341923.1461375,2,0.016452998074558703,2.812268156812461e-05,0.00260247683214578,0.008700409947104571,0.0016465135227029838,0.0005984492561577142,0.9999606160836835
1741341923.1629217,2,0.01640406221023683,4.505126592785015e-05,0.0029509197715465677,0.009690626163329889,0.003598163289348518,0.00043574626103503954,0.9999464761229482
1741341923.1798017,2,0.016258581200728015,0.0001083448786195964,0.0035687052764510206,-0.0631931287246634,-0.08509552878974386,-0.0005045787094998424,0.9943666953706303
1741341923.1965175,2,0.016326841097553196,4.3802936144485076e-05,0.0028837930782711465,0.009768954156934235,0.007965204300859664,4.987372043734943e-05,0.9999205571282836
1741341923.212914,2,0.016342999659012224,3.813057629288077e-05,0.0028556261599098367,0.009557344416072642,0.005020891574704377,0.00025069501857960085,0.9999416907837754
1741341923.2293825,2,0.016401572001257483,2.3475810396501825e-05,0.002589339965651815,0.007548412772945703,0.0036671039981268083,0.00040692278853640153,0.9999647034904384
1741341923.2462792,2,0.01644328273690822,1.2963650703300471e-05,0.002381369769845142,0.006728620593675782,0.0015021165175979983,0.0005534017894617896,0.9999760812426133
1741341923.2627962,2,0.01644079779049492,2.6046134334948717e-05,0.002630513632771246,0.007653962449667439,0.002485935003320903,0.0005048450032177306,0.9999674905303177
1741341923.279234,2,0.01642281574167206,2.5771261463954987e-05,0.002619162022960329,0.008176664748508247,0.0024420650635941094,0.0004125501477354056,0.9999635034710973
1741341923.2962446,2,0.016311170970083076,6.390593534412123e-05,0.0033594983457408355,0.012185556573576364,0.006838472093153484,6.645960016340572e-05,0.9999023667806497
1741341923.3127508,2,0.016293123159795586,7.20709444321385e-05,0.002922656012338707,-0.06109776300707155,-0.08648571056020904,-0.00023041297482681027,0.9943778115657491
1741341923.3297396,2,0.016375801601853576,2.70232457901459e-05,0.0025571140411136555,0.0074818789272616815,0.004994833854240101,0.00022528265651290138,0.9999595103654003
1741341923.3461313,2,0.016444941601179385,8.414543537437414e-06,0.002292318974979093,0.006528317413795762,0.0019872907923376227,0.0005402825248205495,0.9999765696464318
1741341923.3634264,2,0.01645897827600155,2.5207570802817818e-05,0.0026021448383520634,0.007443099901524396,0.001636674460178711,0.0005671855122239997,0.9999707995042466
1741341923.3793914,2,0.01644324465885551,5.027454977731885e-05,0.003088337049328254,0.01010245026060819,0.0025639848079193565,0.000544944988841585,0.9999455332744859
1741341923.396242,2,0.016422688960314714,4.12782143154609e-05,0.0029619799217094813,0.009459296530040243,0.0038428774904244573,0.00047874277768053395,0.9999477610390971
1741341923.412768,2,0.01635600136328424,4.804429610214561e-05,0.0031260159839452276,0.010397009825912795,0.00506829587790252,0.00028976147596773856,0.9999330630606535
1741341923.4295356,2,0.016330965496619967,5.218480347359042e-05,0.0030898477560675312,0.010646747381757431,0.006516417956670761,0.0001287059727606867,0.9999220802152413
1741341923.4462426,2,0.016379915393928985,3.70470690984576e-05,0.0027803748627703794,0.008744703852184971,0.004023933874247573,0.00039643469448243004,0.9999535893981513
1741341923.4628465,2,0.016465048793388577,1.5242969777778129e-05,0.0023057870099368045,0.0068131463903018325,0.001063295800713315,0.0006206331569550782,0.9999760323391702
1741341923.479905,2,0.016474469340675993,3.9662593693230375e-05,0.0028542372274954074,0.009560291049560013,0.0026673736544336286,0.0005690356774748358,0.9999505798544412
1741341923.496379,2,0.0164734976809099,4.855878393713163e-05,0.003043777341120353,0.010963582005537946,0.0073399786421213505,0.0002749555407114901,0.9999129206998936
1741341923.512857,2,0.016410252883974664,8.035283440858245e-05,0.0036273695360430794,0.012846841182689788,0.005557227838595755,0.0003651927068143076,0.999901966457044
1741341923.5298464,2,0.016394094388913375,4.482452541245145e-05,0.002980219907123138,0.009712036897906878,0.003840657819699401,0.00039068928836338384,0.9999453850329455
1741341923.5465615,2,0.016362994400711834,4.117856579341766e-05,0.002951114008083141,0.009989062894960491,0.004673968216734081,0.00030551787555153605,0.9999391377991048
1741341923.56344,2,0.016417117298154156,2.0658232853501486e-05,0.0024690904020882917,0.0074808363506779964,0.0025457331281215296,0.0004890380183655007,0.9999686580949182
1741341923.580281,2,0.016490555141674492,3.0177263143122573e-06,0.0020905981250186867,0.0051436284847724365,0.00037655508008418943,0.000596494054401525,0.9999865226527432
1741341923.5968707,2,0.016466767712718444,5.314023324209402e-05,0.0031545630258040026,0.010494901473106956,0.0036831671848543816,0.0004752087280899334,0.9999380308295225
1741341923.6133828,2,0.016538156164319997,3.3646560795865064e-05,0.002711448811875889,0.008496129442764818,0.010461394489883216,7.97472745976677e-05,0.9999091802009776
1741341923.630033,2,0.016426059494682635,7.362376687314036e-05,0.0035440050609168478,0.012672208678312294,0.009180754058078944,0.00015448670735818368,0.9998775450103855
1741341923.6463735,2,0.0163934001781759,5.251653781819918e-05,0.003084120181802505,0.010021692367357452,0.003906514178027949,0.00041964597281614005,0.999942062684798
1741341923.663023,2,0.016356786127740604,5.34131326378954e-05,0.0031093335748515706,0.01000883084842691,0.004874712332919255,0.0004168249854285239,0.9999379414451931
1741341923.6800787,2,0.016395035519937602,3.480793625213347e-05,0.002757543644241246,0.008954921555743664,0.0031349641366193873,0.0005170385919395517,0.9999548560064535
1741341923.696399,2,0.016446297402114063,2.4121482552847326e-05,0.0025438499408060775,0.007034807957915707,0.00176180608239802,0.0005675052587207763,0.9999735423770494
1741341923.713235,2,0.016481362462093533,4.161730953514673e-05,0.0028672247904156637,0.008924950267686544,0.0021792940488485875,0.0006084089623151812,0.9999576119909795
1741341923.7306995,2,0.016536050656796447,3.472116055964377e-05,0.002761038099378207,0.00891222999004846,0.01048474955793557,8.173928767825689e-05,0.9999053132682119
1741341923.7465181,2,0.0164264026767835,7.440014044774529e-05,0.003617284784352246,0.01254370717905611,0.009723053393503302,6.889875178653426e-05,0.9998740485160494
1741341923.7634368,2,0.016389973609363218,6.01957811163889e-05,0.003220630901002143,0.011084308692361534,0.004222301848815499,0.0004574904352156946,0.9999295480034639
1741341923.7800333,2,0.016332411347112507,6.61629539948581e-05,0.0033598364035660605,0.011475310982055007,0.005355380789956446,0.00037196026517631576,0.9999197461696717
1741341923.7964737,2,0.01634082223874506,5.382795627410817e-05,0.003141858918874046,0.01027139789356014,0.005226301172609765,0.00026092460917243553,0.9999335558324431
1741341923.8135262,2,0.016397245286913595,3.454329927831826e-05,0.0027356197304305584,0.007884917234160533,0.0036858389139075376,0.00048210960874945963,0.9999620043991854
1741341923.8306315,2,0.016474977989220947,2.041236081253147e-05,0.0024186168452379683,0.007376915241494894,0.001073986430429694,0.0007208797621337877,0.9999719536102177
1741341923.8470473,2,0.016449043610850738,6.036462413411223e-05,0.0032777751751952664,0.010849340169102486,0.004030672140973652,0.0004819744352191059,0.9999329043494022
1741341923.8638458,2,0.016413615903438154,7.069235912670634e-05,0.0035124797891156146,0.012879194580904753,0.00466411183927873,0.0004318419407101208,0.9999060885504379
1741341923.8799095,2,0.016397948454119845,4.416132498492473e-05,0.0029482124898151697,0.009550361889229813,0.0033180586965686795,0.000421742447319899,0.9999488002930845
1741341923.8966155,2,0.016297365018736003,8.228911950982812e-05,0.0031419967163428806,-0.06190642200060165,-0.08391037213659619,-0.00044620452060072465,0.9945483624562997
1741341923.9136367,2,0.016299792507493832,6.903603213201826e-05,0.00341042425810463,0.011713910241489737,0.006964167841858932,0.00017914369408150054,0.9999071219771672
1741341923.9299643,2,0.01636236200052077,4.384403620993793e-05,0.002909554728712029,0.009508510351652254,0.00440299564725447,0.00037876370193621256,0.999945027688163
1741341923.94694,2,0.016442040580111717,2.1961962615438154e-05,0.0024876011175943213,0.007464463821668516,0.0017427154937186362,0.000669512589769671,0.9999703977995824
1741341923.9633741,2,0.016455771803098446,3.591103762015157e-05,0.0027287910251945066,0.008973056808762201,0.0016502146805571348,0.0006106809634111995,0.9999581931819829
1741341923.9799743,2,0.01641803713862659,4.811137771580423e-05,0.0030211293771053222,0.010596777566013037,0.0032864748579545583,0.0005988401430992075,0.9999382724842107
1741341923.9971063,2,0.01635953088785721,5.4052459565532354e-05,0.0031734595825771844,0.010006616947042104,0.0047298071653219115,0.0003676220580553697,0.9999386788175945
1741341924.0135777,2,0.016268140833639488,9.498249690766227e-05,0.003388221178402396,-0.0634086639748852,-0.08425085457285082,-0.0005096245994472001,0.9944248966711524
1741341924.0302434,2,0.016245085096195547,0.00010701751229973095,0.003529299753198079,-0.06357552198114605,-0.08453532772354959,-0.0005252977296717048,0.9943900921840442
1741341924.0470343,2,0.016356270321975813,3.876603114799933e-05,0.002790095919713006,0.008558661835505344,0.005208935146141551,0.00018766579705659347,0.9999497892813305
1741341924.063772,2,0.01643939592954572,1.1808555972631695e-05,0.002300518563001431,0.006341094763006647,0.0019413389260138014,0.0005013037795794864,0.9999778849629133
1741341924.080247,2,0.01646330102357578,2.088928201246844e-05,0.0024518806225069015,0.008512817719551664,0.0007423873317540983,0.0006347697371368086,0.9999632882575761
1741341924.0967064,2,0.0164078310183956,4.979337610507603e-05,0.003011808583326053,0.00989957480342395,0.0036260851813588106,0.00048017517105107196,0.9999443081275946
1741341924.113573,2,0.016363842571394983,4.666254121377762e-05,0.0030000006317958457,0.00990311882942759,0.004523581424692102,0.0002556706903773568,0.9999406982821745
1741341924.1306748,2,0.016257228892683967,0.000101398791053279,0.0034318024131197097,-0.06309697477262724,-0.08496354655871612,-0.000529226173365841,0.9943840744150947
1741341924.146769,2,0.016264909028023137,9.193646544229572e-05,0.003313665851942519,-0.06258216604507753,-0.08906256012936135,-0.0004397884805195163,0.9940579155473802
1741341924.1636455,2,0.016356446415221784,3.247832954733332e-05,0.002762090413890392,0.009692462796103212,0.004987019677878399,0.00024782769207877834,0.9999405604240252
1741341924.1802702,2,0.01644316936872579,6.745388572995419e-06,0.002267108570024047,0.006650950455392225,0.0017618662985628352,0.0005033981755308404,0.9999762033545911
1741341924.1969047,2,0.016463897391419176,2.1502025150062044e-05,0.002526592768147704,0.007234660751636317,0.0015441168914127157,0.0005498978533781264,0.9999724861210858
1741341924.2136796,2,0.016436529007600897,3.107235946052712e-05,0.0027531843337312437,0.008590381969041985,0.0026704881869988647,0.00043155223428230696,0.9999594429741329
1741341924.2302039,2,0.016378695002232484,4.3199194428172785e-05,0.002966202195730398,0.009814551999496535,0.0042030117758449,0.00032157609857079276,0.9999429512976599
1741341924.2476234,2,0.016313157987860583,7.5970036483572e-05,0.002987881613702953,-0.060674074863062616,-0.08299756223428571,-0.00033555565580856486,0.9947009343039139
1741341924.263736,2,0.01631404809550917,6.960554953047841e-05,0.002881150205636304,-0.0614133778111067,-0.08271064380060239,-0.0003614205095371513,0.9946794537956113
1741341924.2803223,2,0.016395291798386735,2.47284728665855e-05,0.0025811261396039373,0.008075028135606406,0.003829138572631744,0.000323894873083643,0.9999600125557581
1741341924.2976964,2,0.01647883439575822,5.265964331474826e-06,0.002181664534506921,0.005841802258504209,0.0013010283313803583,0.0005545775237175161,0.9999819363945649
1741341924.313822,2,0.016462498310715615,4.224710124581151e-05,0.002965568629590156,0.009657838576677251,0.0034597661910493005,0.00045314967966252317,0.9999472740236347
1741341924.3306453,2,0.016436972683577557,5.194769754221575e-05,0.003163072387357275,0.011147255771919943,0.003930336676454869,0.00041563674482558764,0.9999300567482016
1741341924.3473742,2,0.01637147506006956,4.787242951625724e-05,0.003126290718693705,0.009132449517644595,0.0051070783261315715,0.00031684456852888667,0.9999452063619775
1741341924.3639576,2,0.016364214085436996,1.1355225930612285e-05,0.0031579375031572468,0.009263461183457717,0.004636966758222878,0.00034501609573422715,0.9999462824522523
1741341924.3805938,2,0.016244196846249337,-7.035505526795762e-06,0.0031074341069528806,0.013473832392647428,0.01638707138288402,-0.0004101839310840944,0.9997748503944724
1741341924.397283,2,0.015827216550273287,9.35233669409512e-05,0.004212512145115858,0.01631689612242586,0.021149647090421893,-0.0006714943078856322,0.9996429364649535
1741341924.4142177,2,0.015057324060668778,0.0001721439647543874,0.0062676778758425315,0.02061511045206896,0.04780455375667213,-0.002660045463303562,0.9986404087654913
1741341924.430876,2,0.013887086229670897,0.00014472822772644732,0.005766730060776962,-0.0726084746621782,-0.1377988271870348,-0.002329542338723901,0.9877925216692025
1741341924.4473584,2,0.01282984158784386,0.00010397489994992702,0.004264351291498802,-0.0702020211254082,-0.12776528026829018,-0.0019008008131422495,0.9893149631659989
1741341924.4637642,2,0.01188175412113688,0.00014940931528493255,0.0044507686616185186,-0.06830287564899484,-0.10973502482062135,-0.0014737075691889031,0.9916101903932291
1741341924.4810164,2,0.011756878303439345,2.6166242677034626e-05,0.0028009722352307694,0.00790979158568436,0.006317916244349138,0.00020342963760338774,0.9999487375599726
1741341924.4971185,2,0.012158914964152574,-0.00010166812866140544,-9.160914606036682e-06,-0.043471566106750174,-0.07855350461688766,0.0012742373220852828,0.9959608155805519
1741341924.51419,2,0.012287533730062314,-1.2380735067064973e-05,0.001742212529089463,0.0070777126560516625,-0.0011261236670395533,0.0008563779276089863,0.9999739518836928
1741341924.5311277,2,0.01194770659534444,0.00014440114711768718,0.0045115892751482565,0.015837776782755022,0.025208256071782658,-0.000989125138846322,0.9995562666923052
1741341924.5478368,2,0.011017332570839622,0.0001814128458455263,0.005741389708103548,0.020185578950540073,0.0620175386065532,-0.0036948489179939414,0.9978640766151917
1741341924.5642414,2,0.0096391936304474,0.00016164141979019096,0.005202464211265018,-0.07045349893190546,-0.13745067050921023,-0.0018720959430653982,0.9879980328531027
1741341924.5809245,2,0.008677410141440084,0.00012258964582690908,0.004255568344358142,-0.06804141665813569,-0.10663700694189086,-0.0012079226433508255,0.991966458753781
1741341924.5978694,2,0.008897110413423538,-0.00013673770212151704,-0.0004852780369735149,-0.007100406181763368,0.007000472223758554,0.0004312594602595183,0.9999501945776982
1741341924.6143003,2,0.00975176416222283,-0.0001443004575042332,-0.0006136144859485884,-0.009573962157535988,-0.13312271588369268,0.006243438887990969,0.9910336529276932
1741341924.6307387,2,0.011306509601686153,-0.00011433755835380511,-0.0003273766715962278,-0.0430578865661894,0.06545169688468074,0.00012390215215912873,0.9969263154454424
1741341924.6476073,2,0.012562320450671944,-0.0001723393816439044,-0.0013324552679874317,-0.03190336979601925,0.024624179652604983,0.0001460567552231748,0.999187571699888
1741341924.6644611,2,0.012418316911080295,6.118271640855245e-05,0.0034432513815218237,0.01381039243028563,0.0177847938797962,-0.0006374317961020167,0.9997462517300478
1741341924.6808238,2,0.011481478257666097,0.00016335166201538636,0.005511729129817357,0.02083858869659071,0.05891254220526069,-0.0034732709158471937,0.9980395793660654
1741341924.69736,2,0.010347869648070575,0.00010870997803828392,0.004539480548157034,0.01738512618143589,0.05326970086851501,-0.003174198583628609,0.9984237681567812
1741341924.7147202,2,0.00970908202966013,6.012418051429853e-05,0.002979956532351562,-0.059858689626311724,-0.08918409210730084,-0.0002214896191031016,0.9942148087478712
1741341924.731067,2,0.010307439786484369,-0.00014137603822793256,-0.0007273528090152465,-0.016647215179068715,-0.10569529964877968,0.004159583227620819,0.9942505075313308
1741341924.7475333,2,0.011653380288377032,-7.7305262467959e-05,-0.00020544267266164255,-0.04288739052439826,0.06876474044430818,-3.1612920330911464e-05,0.9967106306276953
1741341924.7643785,2,0.01305116517503406,-5.652462043648633e-05,0.0001125030859487412,-0.03885470382635777,0.047916949317237424,-5.9855510227829004e-05,0.9980953232913242
1741341924.7807946,2,0.013575301970309414,2.30664189825152e-06,0.001557537386166902,-0.05145697693498673,-0.08147923287896863,0.0005554306480597324,0.9953456714282543
1741341924.797729,2,0.012978012874902923,0.00016156104568931437,0.005077017087967377,0.018235521522133494,0.0437954989403456,-0.002308953846161989,0.9988714075192654
1741341924.8140614,2,0.01184287883446644,0.00014940012891666364,0.004800881961723258,0.016243940026946346,0.061922484012001594,-0.0034786500941414874,0.9979427034553171
1741341924.8309913,2,0.010818963762716304,0.00013038575551951612,0.004285390959835761,-0.06574266207277243,-0.10365738179054157,-0.001043152679319485,0.9924373841287936
1741341924.847526,2,0.01120854438492943,-0.0001610608830464683,-0.000778146144502699,-0.012616789168668036,0.01591984987165058,6.92474210937553e-05,0.9997936638206566
1741341924.864245,2,0.012229705407681955,-0.00014027510045790223,-0.0006018293037658061,-0.005030468013844183,-0.1442275155485325,0.007121106797090703,0.9895061434818098
1741341924.8813279,2,0.01394244711678548,-0.00011907997433578477,-0.0004795147436905862,-0.008235047467420884,-0.14991604102627992,0.0070922291674793666,0.988638996257811
1741341924.8980403,2,0.015391726573335558,-0.00015238210881581368,-0.001154729787808754,-0.02077192871033647,-0.11049009382050276,0.004247852044198539,0.9936510564067246
1741341924.9143414,2,0.0155318480740016,5.0351802056648385e-06,0.002182952374164019,0.008964323937225202,0.01200039431702877,-6.257661658094939e-05,0.9998878074647932
1741341924.9312732,2,0.014798190521604823,8.852538497017165e-05,0.0038188498819264707,0.015397942042666838,0.047362276811233,-0.002626545867712588,0.9987556354649078
1741341924.9485586,2,0.013624547438748453,0.0001488168679419545,0.004523907430455056,-0.06854563693442428,-0.12401553334908479,-0.0015728728901726553,0.9899086671083688
1741341924.9642982,2,0.013140391370808448,4.85557056880409e-05,0.00272889106059074,-0.06180851215825341,-0.09153972230804769,-0.0005125735950542796,0.9938812425701867
1741341924.9815784,2,0.013680405541882759,-0.00015617105603111113,-0.0009841679579022516,-0.022632320422797104,0.018507400037882288,4.746251930382801e-05,0.9995725346183872
1741341924.997696,2,0.014617100892357394,-0.00012670573208158837,-0.00032753495743256583,-0.03789009390703303,0.04917939273351277,-0.00019755977954051906,0.9980709839907244
1741341925.0158854,2,0.015705632758159106,-0.0001608244156389122,-0.0009875945447082406,-0.020400234455697164,-0.10874579147343941,0.003948407586874812,0.9938524001824898
1741341925.0315435,2,0.016099483716881052,-1.698975697817049e-05,0.0012218031149389508,-0.051202166225856355,-0.07926922757426615,0.0005818229941692229,0.9955372364786576
1741341925.047656,2,0.015705204106697096,0.00014560712952843032,0.004801699560803899,0.01639495434511343,0.026987635807929563,-0.0012030179059344197,0.9995005881606265
1741341925.065108,2,0.015000786448628801,0.0001311469800423538,0.004826574540695628,0.015903385063052063,0.03871955043617748,-0.0021206507792743533,0.99912130474624
1741341925.0811875,2,0.014291307450494872,0.00014591705681476464,0.004596284897522413,-0.06729785994989496,-0.09932101314984025,-0.0011258386490752502,0.9927764435563475
1741341925.0978572,2,0.014267656059509923,1.9403974652909308e-05,0.0025708220410572006,0.007808967487592661,0.009461409981025314,-3.891499197909134e-05,0.9999247472853005
1741341925.114854,2,0.014752589941934027,-0.00012964069723976504,-0.00019503557941637301,-0.013493650923707152,0.009142358713277229,0.0003373965719990828,0.999867103582001
1741341925.131325,2,0.015255106971607724,-0.0001606957316879081,-0.0006539471467308172,-0.03518489668304238,-0.08790689900034712,0.0020087010985972544,0.9955050804860027
1741341925.1482003,2,0.015516871009555833,-6.385718524209484e-05,0.0007563090598681726,-0.05308841633823578,-0.08114149996277575,0.00036456364194434126,0.9952876690323456
1741341925.1646643,2,0.015469800611586572,1.353187069501798e-05,0.002228409404221365,0.008007456789627181,0.009929087215234824,-2.099261537852203e-05,0.9999186434016243
1741341925.1818798,2,0.015125160142412025,0.00010352480303456047,0.004248812447190996,0.013871982992731279,0.01322628888774278,-0.00017915166950370004,0.9998162837615653
1741341925.198147,2,0.015074220355402942,-1.8647519563075546e-05,0.002332788316374585,0.009587076771770696,0.0108016655108833,-0.00011608806075334069,0.9998956938124723
1741341925.2149403,2,0.015080823015109449,-9.798635339457988e-06,0.001952284524553346,0.00874572364240652,0.008679787487807632,0.00013238845592084783,0.9999240751579263
1741341925.231778,2,0.015137028059711094,-4.818329274462263e-06,0.0018493301325710318,0.004878837225460078,0.007373894097273559,0.00022543844084704095,0.9999608851403534
1741341925.248323,2,0.015090873526115427,-2.6170343573130634e-05,0.002252436297846012,0.007136144771374133,0.009243353216423623,-3.8287086587253665e-05,0.9999318148720028
1741341925.2650964,2,0.014793281888403807,3.896116834357781e-05,0.0035324164778257994,0.015440473069394547,0.012505689818615185,-0.0002548325166498185,0.9998025477932843
1741341925.281895,2,0.01438917549102269,0.00011528059359766827,0.003763705263489144,-0.06635191721626424,-0.09258162190304974,-0.0008176335672070741,0.9934915187573955
1741341925.2984505,2,0.014206302503940905,7.368644356079062e-05,0.0030670915546354483,-0.0607153829957902,-0.08839649457019691,-0.00029099287462444503,0.9942331805660695
1741341925.3155496,2,0.01445371654600179,-5.6242241785343924e-05,0.0012721991239327047,0.0013317937121111443,0.005264725223068086,0.00028273346605131594,0.9999852144185039
1741341925.331497,2,0.014943922635637857,-0.0001473043296931271,-0.0006544661123830282,-0.009796694643721215,0.005428835683195228,0.0005137071665673324,0.9999371423355218
1741341925.3479667,2,0.015105676670184717,-1.2936252774872458e-05,0.0011296931514696966,-0.05212115701986464,-0.08158906440093036,0.00047559042259790477,0.995302156822159
1741341925.3648798,2,0.014882814173125512,0.000106457463736462,0.004272188811833951,0.01316184952144795,0.01796482604589743,-0.0004970554126793135,0.9997518610526475
1741341925.3816168,2,0.014451569731129271,8.507243832868552e-05,0.004349865846103483,0.01591885614922813,0.02642201382246403,-0.0011318128935159332,0.999523479566158
1741341925.3980594,2,0.01383284204445174,6.690823383810143e-05,0.0038082331739735585,0.014416282040249187,0.03178107527772975,-0.001569815345529732,0.9993896486086437
1741341925.415358,2,0.013379145061299086,8.069956003264577e-05,0.0038373359436971654,0.014110430090441278,0.011956400397849013,-4.525516957785853e-05,0.9998289544737933
1741341925.431525,2,0.013881894011441619,-0.00012913342920370488,-0.00042975201790940485,-0.010115857606920613,0.010071387426538713,0.0003705213381001533,0.9998980444495925
1741341925.4481475,2,0.014593466230956937,-0.0001610982816287014,-0.001172987750369363,-0.025062977791506125,-0.10484266587800807,0.0034693289754600836,0.9941669006320192
1741341925.4651678,2,0.015393298015174459,-0.0001461367962217226,-0.001182223724302233,-0.030526495276381453,-0.094961401164817,0.002590769468205606,0.9950094237184482
1741341925.4818728,2,0.015455104933912483,1.7774516605039952e-05,0.0023146236060854054,0.0075497769901278705,0.010636593416896913,3.751070839941773e-05,0.9999149275517542
1741341925.4981825,2,0.014858346833346456,0.0001358764699156958,0.004857529217690585,0.01732436716288161,0.038395901703645284,-0.0019285806096927005,0.9991105552498191
1741341925.5151775,2,0.013961488641538533,6.960799771029379e-05,0.0036804370392339025,0.014938433661681379,0.04857588229337959,-0.002574266022025085,0.9987044607958868
1741341925.5319161,2,0.013031839881352224,8.25224723687434e-05,0.0033154714115409068,-0.06359432409512329,-0.10612097597285192,-0.0008753564145517746,0.9923171540150867
1741341925.548595,2,0.013084213179925691,-6.646315524635099e-05,0.0009646439365654291,0.0012531655634702857,0.002823159652522259,0.0004431819460620406,0.9999951314558535
1741341925.5656037,2,0.01390782195931937,-0.00016782740127548642,-0.0013847242131948992,-0.020217313685979846,-0.11449449876929178,0.004274982847136382,0.993208937988653
1741341925.5819304,2,0.015101430802840538,-0.0001361657024351445,-0.0010087358911532753,-0.034251525687412715,0.0453070340622589,-0.00011939655994923384,0.998385742785336
1741341925.599712,2,0.015839931235771015,-8.858666142571705e-05,-8.752812175498816e-05,-0.043000248506461704,-0.08946542204595033,0.0014201659324864782,0.995060249439825
1741341925.6161482,2,0.015548773425213472,0.00011296885318113964,0.004201511306365193,0.015647726261283613,0.02223528380600308,-0.0008991919414114738,0.9996298976475099
1741341925.6326022,2,0.014737247547903795,8.768104017685153e-05,0.0036431009077390257,0.013571499836815193,0.05138098762396612,-0.0027433375193060276,0.9985831375515112
1741341925.648647,2,0.013449724687396728,0.0001342955730894725,0.004140158813262961,-0.0644765830849241,-0.12495449429483714,-0.0011517421842641654,0.9900645524808751
1741341925.6655273,2,0.012878664667534626,8.586466218906289e-05,0.0034659663972999777,-0.06260240926133576,-0.08543427619209622,-0.000573609704638818,0.9943749764440553
1741341925.6821165,2,0.013581582994788384,-0.00016137373185588316,-0.0011554692948885926,-0.024028065505159582,0.02455592493080316,-2.5841695562443697e-05,0.9994096547217659
1741341925.698652,2,0.014586918282562856,-0.00012694975413357938,-0.0006933488186001087,-0.015631695253609,-0.13127187335275114,0.005452984580060029,0.9912081569121226
1741341925.7152882,2,0.01589742937480651,-0.00013136093471687255,-0.0007895505541357531,-0.031782536070426644,0.03888708574964536,-8.684560708092488e-05,0.9987380324292613
1741341925.7318466,2,0.016163161839745976,3.77514640065654e-05,0.0028912764791607605,0.01001185701371339,0.009329483127884843,0.0001587698098613685,0.9999063447422718
1741341925.748843,2,0.015695656911032748,9.54551391713721e-05,0.003940496393986079,0.015384069547902467,0.03769049514647344,-0.001936744328105725,0.9991691578512453
1741341925.7654634,2,0.014674721342704217,0.00010213191364855379,0.004011723774068634,0.015154128108173657,0.04907442953975457,-0.002642187972646695,0.9986766601905473
1741341925.7818727,2,0.013634425064710574,0.00012563358057684522,0.004099966664270612,-0.0664653246317661,-0.10626036807603619,-0.0009820350516019237,0.9921139704716876
1741341925.7988396,2,0.013742711861967096,-0.00010781381563137717,0.0002985982724546351,-0.0018383813195854033,0.007273716739509202,0.00014145543758409376,0.9999718462983227
1741341925.8155944,2,0.014436515462846099,-0.00017681019251685593,-0.0014741488083651133,-0.022535045414704184,-0.10815482049312543,0.0037279302248295577,0.9938716260506162
1741341925.8322744,2,0.015410684969825091,-0.00013171300411909682,-0.000707849176085073,-0.020853987426899555,-0.11617569859876478,0.004105319071502996,0.9930012409956036
1741341925.8488896,2,0.016128024875130036,-9.949922117469698e-05,-7.353147345829313e-05,-0.042258749705618076,-0.08862459385073139,0.0014514752118451853,0.9951672083915447
1741341925.865572,2,0.015911413799366343,5.82134230203411e-05,0.003273036368866156,0.012572796234834606,0.017375450593331225,-0.00044079918640248743,0.9997698856274845
1741341925.8824542,2,0.015265312354795333,9.180370446356153e-05,0.0039103605053176956,0.014848376096940253,0.03921795525849497,-0.0018575072106600855,0.9991186252790951
1741341925.8988097,2,0.014432466396474745,9.812071691047547e-05,0.004254694512361345,0.016126528610356284,0.031445461318258754,-0.0014067956178050603,0.9993743737776906
1741341925.9154801,2,0.014089980705326792,4.710608444145537e-05,0.003251158619646716,0.01171172551292793,0.005308509629684504,0.00035993670098633684,0.9999172594052934
1741341925.932138,2,0.014609785491625222,-0.00012596627715814678,-0.0004086320518553571,-0.012532652501632624,0.015521714693557337,0.00010484722203986425,0.9998009791960124
1741341925.9488988,2,0.015267845029303118,-0.00014594316613802426,-0.0007316985700165677,-0.0282536316310705,-0.10050512614409005,0.0029858365094190217,0.9945308123425616
1741341925.9655902,2,0.015874331611298774,-0.00011319324858166057,-0.0003349753965599129,-0.039356300580742534,-0.08780072661937599,0.0017728867052553938,0.995358714676492
1741341925.9822307,2,0.015916957967291936,1.5066649410661932e-06,0.0020129392858350644,0.006468913059128008,0.007304421450947225,0.0002157694921941252,0.9999523748832374
1741341925.9991307,2,0.01550367507960483,8.339951624585946e-05,0.003695419808791077,0.012083020463461424,0.021838205307589634,-0.0008097806745552164,0.9996881702114326
1741341926.0158436,2,0.014998806428351191,8.713214981930675e-05,0.004004736370365504,0.013035581118165919,0.027359618006024003,-0.0011117388816930813,0.9995400386998687
1741341926.0324848,2,0.01471846857871215,5.955234020330044e-05,0.0034168692718530877,0.012945951961607404,0.009726726407601928,9.462599756542337e-05,0.9998688834877901
1741341926.0490413,2,0.014920621610868337,-2.792231986196538e-05,0.0014613893901415246,0.000241764194964551,0.005796680102218543,0.00037152145775041167,0.9999831008680461
1741341926.0657454,2,0.015317866581757338,-9.063020183404215e-05,0.0005112208420291551,-0.004501952413023667,0.0074656584666251274,0.0004153550348865861,0.9999619111987844
1741341926.0824983,2,0.01556557035223494,-8.040174420755752e-05,0.0009060587832078976,-0.0011143407606973015,0.007280487492553601,0.00016962826751372155,0.9999728616181495
1741341926.0990858,2,0.015494625024253243,4.8535795408533996e-06,0.0023601572417011767,0.009585765793176887,0.008301228533699362,0.000255009101445483,0.9999195655998275
1741341926.116028,2,0.015199422006617768,8.449511265927503e-05,0.003675859017262666,0.013609561401299658,0.012605865160703986,-0.00024048998561720963,0.9998278922727557
1741341926.1324859,2,0.015027200811229546,3.7809791604658454e-05,0.0029696553012450986,0.009213312568883464,0.01297796813309149,-0.0001830953064894581,0.9998733188213161
1741341926.1490805,2,0.015010947320745486,2.0726165292021055e-05,0.0022433942700324926,-0.05794240618479863,-0.08686691159074125,7.496684645877222e-05,0.9945334643018173
1741341926.1654148,2,0.01533204162958234,-5.266315958948681e-05,0.000972253285393404,0.002306567438197775,0.005369204643687789,0.0005531961634853703,0.9999827725326832
1741341926.1822572,2,0.015539253743790109,-4.3065578192318854e-05,0.0012468471409097064,0.0008022744007716154,0.0076180110697618535,0.00025320174569843404,0.9999706286446632
1741341926.1994214,2,0.015494673284846348,-1.212907415650249e-05,0.002306848121880753,0.0062948115939112995,0.009153437573754279,5.153513143725368e-05,0.9999382917319003
1741341926.2157533,2,0.015130718147497267,6.381787729140585e-05,0.0038816518699389237,0.016709931173389172,0.015044100385845851,-0.00034233992235696955,0.9997471360534816
1741341926.2329805,2,0.014740074199441452,0.00010842715212160229,0.004183928846373724,0.015190073050763963,0.015219967600284531,-0.00030897280863867037,0.9997687326590896
1741341926.2490468,2,0.014731441793253064,1.1001271034584884e-06,0.0021475129272808405,0.004595164327362423,0.008345560536215893,9.99202041514817e-05,0.9999546120200125
1741341926.265594,2,0.015160416815146231,-0.00012526222915840165,-0.00025160676759886585,-0.007997665524601053,0.007612092998175862,0.0004196692705655351,0.9999389567688854
1741341926.2824025,2,0.01575722083756326,-0.00015684171845828788,-0.0011569385543792393,-0.01583671225485904,0.014084863723049219,0.00020360971352533045,0.9997753616197712
1741341926.2990992,2,0.016052414110712464,-4.0201730148127266e-05,0.0006947518485589311,-0.046404764719452804,-0.08660762421115785,0.001026293752123822,0.995160622191697
1741341926.3157225,2,0.015922077570480166,6.579770517046909e-05,0.003610373155931294,0.012478130990304126,0.010896605530957424,-0.00011996617205886146,0.9998627635045767
1741341926.3326864,2,0.0154314513405551,7.917525828764915e-05,0.003998717925940353,0.015451047753490568,0.03305359861590429,-0.001413460782355122,0.9993331410848311
1741341926.3491786,2,0.014665238968909835,0.0001102729946630914,0.004345863399904425,0.015301723916065066,0.033879136880980106,-0.0015705620538788653,0.9993075575938727
1741341926.3658667,2,0.014275156086774599,5.891837420814407e-05,0.0028260751745258395,-0.06058803678300044,-0.09099938174027698,-0.00017356784605485312,0.9940061228160881
1741341926.3826776,2,0.01472729944560976,-0.00013714388834011856,-0.0006040507494011948,-0.01239388063514748,0.008714494087530687,0.0003102992629887621,0.9998851699220104
1741341926.3990102,2,0.015507612276944041,-0.0001665461821137852,-0.0014391547888633306,-0.0262642133548268,0.028333731529962488,-4.17149066353277e-05,0.9992534158131793
1741341926.416414,2,0.01630465507869491,-0.0001415646261582628,-0.0011010233867630378,-0.02171906785953761,0.02066351046718971,7.730312679123108e-06,0.9995505496805689
1741341926.4325535,2,0.01634805029861766,4.655759141290111e-05,0.0029043148347269966,0.008631406701545493,0.006001640728709464,0.00019681517982780784,0.9999447186673376
1741341926.4490924,2,0.015934910701799265,8.097438695777858e-05,0.0037799878390947198,0.014901513441588092,0.03253638845183909,-0.00147292283419284,0.9993583735687542
1741341926.4663625,2,0.014970585539873207,0.00014045785938100058,0.0043357260266802256,-0.06713650254571124,-0.12243974067887678,-0.0011780983900719854,0.9902019046702558
1741341926.482872,2,0.014176953086809788,0.00013036166850054342,0.004246707960921071,-0.06669981400091589,-0.10504878043162787,-0.0009399274614143568,0.992227295068241
1741341926.4994874,2,0.014274613477660408,-4.791789080051325e-05,0.0013240881136930022,0.0024056751307510514,0.0007813835566087285,0.0006949188024637221,0.9999965596214623
1741341926.516259,2,0.014998961309621235,-0.0001406453100846004,-0.0009173488133957402,-0.0244520003631653,-0.10802540496939658,0.003564147307249893,0.9938409874891505
1741341926.5331035,2,0.01605403432879763,-0.00014037533516351503,-0.0009635657345987951,-0.030666971899085876,0.03541750196381704,-7.136163875411812e-05,0.9989019633060594
1741341926.5493147,2,0.01666012441953136,-8.023334803623148e-05,6.85007379404286e-05,-0.04233085151269373,-0.08827284889257074,0.0013751584385681924,0.9951955145085154
1741341926.5662665,2,0.016366698572815027,9.961926746190326e-05,0.004055994925529851,0.015301561367485375,0.021023662676214486,-0.0007066790357333911,0.9996616269679127
1741341926.5843077,2,0.015674396136100856,9.345007600150413e-05,0.0038136576981275087,0.014222568452126754,0.04787830330359208,-0.0024721648580313896,0.9987488548280335
1741341926.6000118,2,0.014628386234138493,0.0001294967837053909,0.0041188676530202585,-0.06682234430654702,-0.11552697054407857,-0.0012211969147852047,0.9910533800236899
1741341926.6164157,2,0.014295960419585318,2.0277345732446953e-05,0.0026828049503015276,0.008793120376101853,0.012231341712358063,-9.592422466696121e-05,0.9998865266181508
1741341926.633103,2,0.014845070836129104,-0.00015317457495962782,-0.0010098889956567682,-0.018520770355947472,0.016736170452317543,0.00022197522996636712,0.9996883676381408
1741341926.6498826,2,0.01566081740259908,-0.00014992273603469812,-0.0010729787485892334,-0.02033532604742113,-0.11450329254821416,0.004169702418777606,0.9932059625736759
1741341926.6664712,2,0.01654201754941247,-0.00013971143975436345,-0.000907299619253064,-0.03041004418092854,-0.0982790994716299,0.0027170342845437,0.9946904370429306
1741341926.6830726,2,0.0166163977980918,8.842701098102257e-06,0.002289923880624838,0.007530426534336958,0.0106884806232462,7.908476445039246e-05,0.999914517748281
1741341926.6994333,2,0.01611383918173828,8.201305800429596e-05,0.003621941325614216,0.014350824704167242,0.03358436575618899,-0.0014879066769236382,0.9993317418859393
1741341926.7165868,2,0.015282223889557562,4.9854905845252155e-05,0.003076736597667108,0.01162890538125314,0.04064221757856171,-0.0019344304500479013,0.9991042171309081
1741341926.7328916,2,0.01452410476530923,0.0001060873133756682,0.0036779483905368896,-0.06415156735572816,-0.10045254577758027,-0.000735176082219089,0.9928712514564689
1741341926.7495682,2,0.014720064236465526,-6.221339589350543e-05,0.000850087022159579,-0.0024299322139048826,0.005412178182925777,0.00042349100915655834,0.9999823120496268
1741341926.7665167,2,0.015381861404977333,-0.00015279781634357936,-0.0010781466016030977,-0.02723374049545642,-0.1019891048161449,0.0032087001612558126,0.9944074869592961
1741341926.7828517,2,0.016219600957358426,-0.00015251388157841677,-0.0010269306557474857,-0.02313677857838497,0.021408705913950887,1.6049379982883024e-05,0.9995030547879893
1741341926.7999456,2,0.016458575864621367,-3.258229611890561e-05,0.001480096486846667,0.00375298689737873,0.0027752462344078897,0.00042625109045978555,0.9999890156435192
1741341926.816571,2,0.01617083062195699,9.621553700349843e-05,0.003849310109691824,0.014431566844808664,0.023817132709069867,-0.0008750692156142184,0.9996117788030462
1741341926.833183,2,0.015587724986829891,0.00011402941526274388,0.004281628969703063,0.014859608814080919,0.029370912078910665,-0.001305939404448452,0.9994572707583937
1741341926.85005,2,0.014943567440449985,0.00013887405166802168,0.004295157580840458,-0.06557162548066346,-0.1004625995448126,-0.0007734084314440846,0.9927774321890684
1741341926.8668034,2,0.014933916852482,2.1992878551367963e-05,0.0024877566870177225,0.0073353929633929215,0.0016037007551233723,0.0007047436372840325,0.9999715613408046
1741341926.883872,2,0.015466914511738525,-0.00012104100518514284,-0.0005303722374612918,-0.012546956262092481,0.009565558547912073,0.00019907406260174303,0.9998755094249189
1741341926.902085,2,0.015969952105114153,-0.0001326967209002223,-0.00048535273353286036,-0.014469167404767438,0.010890954547936855,0.00018880637317540079,0.9998359838772563
1741341926.9166148,2,0.01610003198179502,-1.420685133557029e-05,0.0019273831534830815,0.003996186808837376,0.0027624651300880306,0.0006136789352600469,0.9999880112659143
1741341926.9336157,2,0.015973617383532476,6.353995400295628e-05,0.0033059100689537607,0.012140383348048905,0.008680129766926255,-1.7086280653033901e-06,0.9998886270162654
1741341926.9503515,2,0.015590933012518305,0.000106159956544866,0.004194119786917438,0.01474613365958669,0.018180421945943107,-0.0006030549087897866,0.9997257924674836
1741341926.9663618,2,0.015264428645211436,8.236294381623154e-05,0.003944696006948344,0.014614411398497198,0.015272274884557204,-0.00030397123222616185,0.999776517128111
1741341926.9829504,2,0.01530845385982952,1.4001259570469004e-05,0.0023902362704862215,0.0066762917779438,0.0021606187046190133,0.0006078403967148438,0.9999751943848213
1741341927.0007153,2,0.01570426937393406,-8.472204273404111e-05,0.00024264874729470313,-0.0037373938884380283,0.004632981343134513,0.00040984589095498816,0.9999821995401431
1741341927.0163827,2,0.015933918377779896,-5.722152922473836e-05,0.001020327404447144,-0.0005940121285860739,0.005810085977783392,0.00037395187139088433,0.9999828749586263
1741341927.033126,2,0.015910696380952095,1.4103411904241784e-05,0.0026524581279930974,0.010229060119375577,0.005771390350787091,0.00042089509159849936,0.9999309377301089
1741341927.0502436,2,0.015608186798487605,0.00011137922340083908,0.004373421684147667,0.017664983763514577,0.014722877416494638,-0.00036693283901798545,0.9997354903120651
1741341927.0664797,2,0.015381103922414735,6.051616679959645e-05,0.0031959163423527603,0.011669642799528807,0.01753263970567214,-0.0005341031474150962,0.9997780457260053
1741341927.0835483,2,0.015143915800324094,9.111986528491592e-05,0.003394066269299025,-0.06229473224983832,-0.08457428137050005,-0.00023269549356334346,0.9944679497688157
1741341927.0998533,2,0.015529872803205745,-6.781303336820055e-05,0.0007583757791197533,-0.0027678444783756752,0.005707736270227013,0.0004530311403012826,0.999979777568726
1741341927.1173942,2,0.015994569344587657,-0.00011607237075397968,-0.00043718308977350575,-0.011569612400100102,0.007783717795790789,0.0002722808900576056,0.9999027371046164
1741341927.1332695,2,0.01612587248872625,-1.7085325565243428e-05,0.0016654736478537093,0.0019482721128876019,0.0028362504493468824,0.0005342695872297693,0.9999939372192068
1741341927.1500158,2,0.015956187242461117,7.981766527038198e-05,0.0038969447107113486,0.01295712708558028,0.009781489187246431,0.0002507081398317925,0.9998681775476188
1741341927.166531,2,0.015570015641913926,0.00010732231965781408,0.004322577740548833,0.01555032888397233,0.022230347201615017,-0.0008838658887620167,0.9996315409769676
1741341927.183548,2,0.015119228074736068,8.96216873309795e-05,0.0037750766409493423,0.01431982762328045,0.021466064245542964,-0.0007983405745124011,0.9996667010934059
1741341927.2001057,2,0.014936026774141195,4.863090304098965e-05,0.003087723608326173,0.010786544227033526,0.007542936366915202,0.00017074173518042568,0.9999133589575964
1741341927.2168915,2,0.015471138186337384,-0.0001323151800386001,-0.0006072873538936967,-0.012786709578436247,0.008649687905135834,0.000320963727371783,0.9998807828634303
1741341927.2336307,2,0.016069134498950373,-0.00013179038210894804,-0.0009168715135080298,-0.02152324876010926,0.017252801717892816,0.00011462198469271976,0.9996194663258086
1741341927.250027,2,0.01642348511488689,-5.740440418902243e-05,0.0003935090810491547,-0.04490434276053789,-0.08563016130531809,0.001262711060088425,0.995313760096206
1741341927.266962,2,0.016214790564538402,0.00010242758199067786,0.0042802014726964375,0.015323617580238997,0.01265810178157917,-0.00025729877807772913,0.9998024269828918
1741341927.283347,2,0.015802687943415078,8.094519237111114e-05,0.0038704622621995293,0.015257603211612805,0.030818182952414026,-0.0014143179883439705,0.9994075469238645
1741341927.3000686,2,0.015089622438137487,8.797273477590519e-05,0.00394768714177884,0.016280370649948524,0.03233875549775168,-0.0015343046125199785,0.999343184463532
1741341927.3170493,2,0.01474710986395498,2.07363716069505e-05,0.0026128023493833586,0.009185519348312295,0.013139714328478574,-0.00018300821860129656,0.9998714620638294
1741341927.3335176,2,0.015114526487334742,-0.0001128334546774814,-0.00029372052403015426,-0.011147922606938714,0.008958829146851609,0.00043690920218216877,0.9998976309163934
1741341927.350602,2,0.015786365672128495,-0.00014417391252098663,-0.0011106796851660305,-0.022402298517478113,-0.1026517984395025,0.0035201968027700568,0.9944588244430935
1741341927.3667889,2,0.01647770945149093,-0.0001145032282664659,-0.0006338623632462641,-0.033247399730649975,-0.0935968589269197,0.0023932566736746107,0.995052014084017
1741341927.3834867,2,0.016544801651791664,3.1779661041091123e-05,0.00266724874608175,0.008602612438617143,0.0115123092632112,-6.965940166234917e-06,0.9998967255402603
1741341927.400665,2,0.016091577214452736,0.00010913737099730724,0.004220614605091038,0.015752475501696075,0.031673729393693936,-0.0015153168073869694,0.999372972516686
1741341927.4170103,2,0.0153156585834714,0.00012675041974953235,0.0045821418208036105,0.017115394908939142,0.041114114728473254,-0.0022399059409268815,0.9990053431531689
1741341927.4338076,2,0.014550865509675217,0.00014554436659763447,0.004374919336439055,-0.06589575210494489,-0.10041264637933865,-0.0008504994255112345,0.9927609616379709
1741341927.4505334,2,0.014782026916548792,-6.415068943146645e-05,0.000873784143725491,0.0009725565718436559,0.007609023484963736,0.00037638273085353836,0.9999705071807666
1741341927.4675734,2,0.015443616626352725,-0.0001561043524504775,-0.001247077994803727,-0.023308832245953426,-0.10120217212707279,0.0034256631910748263,0.9945868908887717
1741341927.4837048,2,0.01625739608240402,-0.0001410248660149218,-0.0010566747649579445,-0.02534742909894662,-0.10303593658764527,0.003390699900827407,0.9943488355520728
1741341927.5004983,2,0.016680185688025494,-4.388247223960763e-05,0.0006725731901848743,-0.04796545855695761,-0.08466301350677259,0.0009324709343775805,0.9952540476819621
1741341927.5172,2,0.01633044144948274,0.00012627555253928683,0.0045439491928343555,0.017339702250700598,0.02128494726459669,-0.0007257936978175095,0.9996228083478831
1741341927.534086,2,0.01573068372457493,0.0001017431508592814,0.003978302900586873,0.014647812112678326,0.0411363735580728,-0.0020974144706321237,0.9990439636088798
1741341927.5505757,2,0.014856345723841256,0.00013336295155102335,0.004180279600799649,-0.06662786536753633,-0.11000005428736293,-0.0009685459362817893,0.9916954056221658
1741341927.5669,2,0.014665904016078958,2.9090619430906247e-05,0.0022998532062588474,-0.05852135534810427,-0.08653680594856729,6.17160678460529e-05,0.9945283446818234
1741341927.584384,2,0.01522654214118476,-0.00013966033693030457,-0.0008041917268017055,-0.016188448515740275,0.013312065853733446,0.000346786072365958,0.9997802772493459
1741341927.6002753,2,0.01590281776243677,-0.00014635647273044815,-0.0010258408206034173,-0.02569698667724802,-0.10269167454655313,0.0035287789939417954,0.9943749959513997
1741341927.617569,2,0.016522984347794274,-0.00012101351202898078,-0.0006036088246803871,-0.03874215069865628,-0.08761659652565794,0.001754566182907211,0.9953990653351109
1741341927.633701,2,0.016382806362209037,5.5180387462455326e-05,0.0031719313232580195,0.011685114455867458,0.007884498675458564,0.00015186241278708775,0.9999006299220926
1741341927.6503394,2,0.015856701630491205,0.00012782237631735993,0.004505750965990173,0.017147763729325183,0.03189512265621503,-0.0015314102337684963,0.9993429392018157
1741341927.667401,2,0.015191527383158272,0.00013242299763558475,0.004079029452824406,-0.0665368625572712,-0.10617429781369518,-0.0011267678568019986,0.9921182362999889
1741341927.683897,2,0.014812965630259009,0.00010053612708889609,0.003544351905803709,-0.062251208871295274,-0.08767881183636408,-0.0003432159354092908,0.9942017376528003
1741341927.7011325,2,0.015219687992258032,-0.0001158403744439018,-0.00023723207670965697,-0.006244862418033469,0.004065637355362325,0.000539249584522569,0.999972090358606
1741341927.7173483,2,0.01577438934260026,-0.0001501221567423907,-0.00104236763188328,-0.023462232682130962,0.017259796285523994,0.0001506376304113067,0.9995757101781015
1741341927.7339218,2,0.016259446087426244,-0.0001429553777452923,-0.00082478558669589,-0.03802661426030079,-0.08171689434151605,0.001694736952323514,0.9959284380183839
1741341927.7508264,2,0.016282615793073073,-1.1459456114335733e-05,0.0019212859961416431,0.0062775215774205995,0.007656157485849097,0.0002928209207047439,0.9999509439124027
1741341927.7676518,2,0.015830654036845346,0.00014579509323552054,0.004891705087041711,0.01872951010274335,0.02160221599971018,-0.0007466981155930574,0.9995909124022374
1741341927.7843046,2,0.015430112263864327,8.806258974070855e-05,0.003858693276295479,0.014086205758341998,0.02302151443563294,-0.0009007857636224618,0.9996353221377443
1741341927.8007467,2,0.015015269412443754,0.00015269067491962862,0.004505168597501506,-0.06635077910318368,-0.08945575215637781,-0.000742630846968021,0.9937779887972779
1741341927.817858,2,0.015354176491553424,-5.365695602409559e-05,0.0009620533760764163,0.0010426973596689524,0.003716588864210768,0.00047350192301661483,0.9999924377440859
1741341927.8339262,2,0.01580758776448802,-0.00012156805891792291,-0.0004647993034852575,-0.011895397580749385,0.009467693205455988,0.0002503457121286943,0.9998843931319199
1741341927.8512225,2,0.016059415597209106,-6.183050173127683e-05,0.0006197036761928905,-0.04691917538428783,-0.08527137789055929,0.0011396661141708736,0.9952517692800411
1741341927.8674083,2,0.01602750101263293,2.905581724729919e-05,0.002857354515008219,0.010245652551441236,0.004074395501998837,0.0005245634121492473,0.9999390735131392
1741341927.8839242,2,0.01578627985746346,6.974691550085405e-05,0.0034824472712902043,0.013808625738124592,0.020208532769360153,-0.0006570426447606539,0.9997002077390488
1741341927.900634,2,0.015395128647577295,9.052173417012001e-05,0.0033609669025858172,-0.06378669695614683,-0.09790412694790628,-0.0006161915021695644,0.993149364157288
1741341927.9173274,2,0.015243355331616375,5.149682217029383e-05,0.00318495093470587,0.010102282659334341,0.004992839854581903,0.0005171613371301037,0.999936371965441
1741341927.934806,2,0.015563633441166588,-7.612932767039336e-05,0.0005566875823307887,-0.002016724905463235,0.004029219097911541,0.0006030233241955837,0.9999896672351105
1741341927.951134,2,0.01594395827095698,-0.00010527783812749479,-0.00017570271706850854,-0.008931145332007588,0.006405855328120985,0.00032585712233699343,0.9999395449114459
1741341927.967578,2,0.016061635331002497,-1.9106128600825196e-05,0.0017356332204184882,0.003560003794832951,0.003381914711620179,0.00040693597595828243,0.9999878616408179
1741341927.9842434,2,0.01582111033933305,0.00013334487627651167,0.004243700249560512,-0.06562359994135188,-0.09036678630960167,-0.0005756358726666245,0.9937439588275012
1741341928.0009947,2,0.015541823059796095,0.00011817015485134337,0.004549030313833777,0.01833709639697526,0.020586260084124546,-0.0008432057351014263,0.9996195505268818
1741341928.0175276,2,0.015202144243064184,0.00011151690327728883,0.004281083899016897,0.015440258775021176,0.015665739009934905,-0.0004639251410284481,0.9997579546088625
1741341928.0340793,2,0.015170608364385493,5.366343207528655e-05,0.0026880434667484157,-0.05930346552781083,-0.08580062496249698,9.876824231024615e-05,0.9945457968224847
1741341928.0510886,2,0.015670432454756248,-0.0001171390891348465,-0.00035288173706783915,-0.012483914415444558,0.006551349574647356,0.00040864506802648317,0.9999005274070151
1741341928.0675554,2,0.01612451249576383,-0.00011961878423391033,-0.0005513225551206516,-0.01334741182078159,0.008951460668037762,0.0004200530068981357,0.9998707624013548
1741341928.084415,2,0.016308559291123934,-4.774631639640499e-05,0.0010443854894711959,0.0002467726872614738,0.0075239107588195575,0.0002511261063437913,0.9999716330005631
1741341928.100784,2,0.01598923984397563,0.00010061138700428173,0.004267128039151636,0.01550107843249761,0.018048193029651025,-0.000563094333430037,0.9997167910066159
1741341928.1182373,2,0.015575440620996759,9.91270625526895e-05,0.004139696858202898,0.01729163008555646,0.02362225300131706,-0.0010905942043515646,0.9995708075451221
1741341928.1343,2,0.01507852775710291,9.660924794058325e-05,0.00398494000217009,0.015431473491955667,0.021173198476248187,-0.0007923030762018572,0.999656409746863
1741341928.1509352,2,0.014893093515332651,8.980744456800932e-05,0.003928773170783158,0.014283097991647925,0.0057922603599333475,0.00022775735218878663,0.9998811884210405
1741341928.167822,2,0.015557808898262837,-0.00016648899305998573,-0.0012895679010342838,-0.017160885494967016,0.008743407596239991,0.0004337252796143472,0.9998144171370087
1741341928.1841836,2,0.016132563654739872,-0.00014295280591991572,-0.0010371417206639737,-0.024250298562232327,0.017001904458296413,0.0001681054656859802,0.9995613187818875
1741341928.201132,2,0.01647001708742205,-7.120892406708465e-05,0.0002184518007217537,-0.04426709470349762,-0.0828252384976702,0.0010738553395577108,0.9955798566810325
1741341928.2174852,2,0.016206614658146587,9.475942285581688e-05,0.0040319352535679994,0.015297958165496917,0.016430735593566604,-0.0005217433924954878,0.9997478337999305
1741341928.2341876,2,0.015721735748071685,0.000117817788348059,0.004455162001700719,0.01757555511265652,0.030734020791924097,-0.00146273483287016,0.9993719929211806
1741341928.2511566,2,0.015013067495636306,0.00014802295282470446,0.004411119635978902,-0.06820379722189485,-0.10794166763449856,-0.0012912941545646925,0.9918140808600191
1741341928.267674,2,0.014671991146275477,0.0001350385729513124,0.0041452514517571265,-0.0647676441700139,-0.08759910423302614,-0.0006094731298092319,0.9940478749782335
1741341928.284505,2,0.015267226974993428,-0.0001440504044341827,-0.0008762297796119234,-0.012186699157706128,0.007658251650846907,0.0005709344584844862,0.9998962494074753
1741341928.3010726,2,0.015866019732132128,-0.0001447357262444353,-0.0011518189318650003,-0.022617919602452075,-0.09966160252083994,0.0035459689483039285,0.9947579709658289
1741341928.3178995,2,0.01651546416044881,-0.00012902231496994608,-0.0007475740702386381,-0.018792455894077346,0.011022955362321283,0.0002730943584547554,0.9997626035594753
1741341928.3343785,2,0.01641607553126718,4.2743041245746816e-05,0.00293004019129652,0.00952604590665466,0.004725415454537827,0.00032858616280914606,0.9999434068632583
1741341928.3510742,2,0.015947882576281023,0.0001392056247173421,0.004822363271828928,0.01882500838855859,0.027553023383903003,-0.0012495430754354898,0.9994422887809378
1741341928.3676987,2,0.01529377975488772,0.0001260345555003434,0.004530055699530458,0.016876269985985893,0.03751158472835488,-0.0020530508334600578,0.9991515688346803
1741341928.3845787,2,0.014692972719646185,0.0001632522341618085,0.004661967539312573,-0.06709294237524092,-0.09584330163514641,-0.0009270771489677716,0.9931322868294368
1741341928.4011326,2,0.014993462014507769,-5.2229640280673076e-05,0.0009639075819425951,-0.0015734235031712308,0.003245012631488362,0.000532077474478306,0.9999933555404568
1741341928.4179227,2,0.01568818913136002,-0.00015844278865072,-0.0013579259899528374,-0.025113644954555495,0.019516133539800737,0.00021646432631533525,0.9994940612689746
1741341928.4344575,2,0.016330439509558006,-0.00013460636686599297,-0.0009201509960654985,-0.02466685127506869,0.016159487061178108,0.00018466803027107102,0.9995650970916361
1741341928.451078,2,0.016460271531179682,-6.622391430517318e-06,0.0018944232563773212,0.003954612401732013,0.0022926922764793293,0.0004433179439328473,0.9999894539804298
1741341928.4684381,2,0.0160981289069414,0.00012786961390976733,0.0045577907083986305,0.017642881997785933,0.024231622400914032,-0.0009469095156569854,0.9995502291295825
1741341928.484425,2,0.015487913376226006,0.00014739249145418305,0.004880663944661869,0.01801392090813825,0.034243076911353455,-0.0017384866403809959,0.999249662497496
1741341928.5014083,2,0.014893090494981772,0.00014073722329414673,0.00434192714427585,-0.06770680195326423,-0.10193421158971422,-0.0011094291516269914,0.9924837402415226
1741341928.5182233,2,0.01493307680960086,-5.1940496010108306e-06,0.002130989527624663,0.006437492694895452,0.0027767424988132455,0.0006405408170529654,0.9999752187411247
1741341928.5351558,2,0.015510809074792383,-0.0001450690335391329,-0.0010123173075990031,-0.018751068494681174,0.011715937957872699,0.00028684224540847364,0.999755496083718
1741341928.5515537,2,0.016093036355943086,-0.00014011965349978932,-0.000962517690470338,-0.02339462643745616,0.014896495887548855,0.0002663454811578319,0.9996152834586959
1741341928.568685,2,0.01639573201306161,-8.2461164777939e-05,0.0003774603344573134,-0.004760946929047526,0.0067609757870930355,0.00033318475657028574,0.9999657552029785
1741341928.5850666,2,0.01615673069667135,6.484866936412584e-05,0.0033061626207067946,0.012445378217815266,0.01632278680407271,-0.00031373046948952665,0.9997892681786281
1741341928.6015313,2,0.01567849323489099,0.00012368576514009186,0.0043421642901208144,0.015861264436785066,0.029798275422696894,-0.0013599536961357204,0.9994291538664678
1741341928.6184292,2,0.015101162067342997,0.00015737537654512393,0.004498164730757809,-0.06746906900471915,-0.09890820722702576,-0.0011410330932941305,0.9928060179683905
1741341928.6349287,2,0.015114774194498092,-7.704578144164453e-06,0.0019443208825904684,0.0049791436358441795,0.008240802107744204,7.75721198248679e-05,0.9999536445715075
1741341928.6517012,2,0.015518189735575316,-0.00012613228590667615,-0.0005712205166614965,-0.011896526844207483,0.005956746398636178,0.0003921279889573195,0.9999114141047835
1741341928.6683273,2,0.015972559811214253,-0.00012795541330669843,-0.0005993150644853306,-0.015962158694835932,0.010779497048421498,0.00026442293631400614,0.9998144537931499
1741341928.6845734,2,0.01619260411408662,-5.970172881240248e-05,0.0009218833319597164,-0.001789798598204416,0.00038796142015490336,0.0005110503798411625,0.9999981924655783
1741341928.701624,2,0.015995039821567143,8.824001647243166e-05,0.0038536998425413604,0.014138716672458033,0.009099655717009145,5.787624385290011e-05,0.9998586348114559
1741341928.718164,2,0.015698103402884352,9.678385746833703e-05,0.003922500645435452,0.014999137411527438,0.02282103223612825,-0.0008147510422185728,0.999626711600549
1741341928.7351177,2,0.015268348169319072,0.00011064384218683872,0.004242696201191206,0.016072986543490462,0.01907770216667584,-0.0006655150284092682,0.999688580245548
1741341928.7518184,2,0.015217733717624813,4.103901063870641e-05,0.002836242926074254,0.009555875496688696,0.006778116898640306,8.812317387467488e-05,0.999931364949168
1741341928.768571,2,0.015646015312347186,-0.00011331595115550017,-0.000346265442425889,-0.008393846479485524,0.003647751000445996,0.0005086059672901924,0.9999579884044567
1741341928.785207,2,0.01598812023368329,-0.00010467660376818489,-0.00016329088910488603,-0.01023988269917674,0.007454899153926223,0.00029987332068530815,0.9999197364573336
1741341928.801496,2,0.016058794900059997,-1.0579741336309995e-05,0.0020198590253779724,0.0052835557105795,0.003820575743060177,0.0004780336031292826,0.9999786291336026
1741341928.8182127,2,0.015858226959146734,9.81341322198616e-05,0.004145896605579173,0.01606621511093151,0.01314809146867635,-0.0003153979127234457,0.999784429238072
1741341928.834826,2,0.01555053492097267,0.0001083955343915277,0.004259631768912375,0.01690000593504324,0.020559706642116322,-0.0008620273342734566,0.9996454097183964
1741341928.851868,2,0.01516282708828509,0.00014727077212118108,0.004424716277221454,-0.06666804307361719,-0.09207928072423167,-0.0007573820188650473,0.9935170881602993
1741341928.868452,2,0.015271124776597181,1.632049193077117e-05,0.002421466225288689,0.006637798841433376,0.005283635969044182,0.0003747972143582225,0.9999639405221247
1741341928.8850694,2,0.01575573090832388,-0.00012848139367264494,-0.0006359837292995567,-0.009895887083675947,0.005242536273095774,0.0004641154146299632,0.9999371839416386
1741341928.9016056,2,0.016118639841862414,-0.00011779678960204683,-0.00043668520438441095,-0.010957861373840645,0.004873931240343378,0.0003671800160473743,0.9999280150326882
1741341928.9185317,2,0.016124583099129248,7.656396194064206e-07,0.0021662222755206724,0.006259047077343276,0.00156677203917538,0.0005540419460011044,0.9999790310764436
1741341928.9352958,2,0.0158766830211493,9.37261293499655e-05,0.004031668174067764,0.015677532352439964,0.014435382982730496,-0.0004189884740425557,0.9997728037640045
1741341928.9521267,2,0.015485968999484442,0.00010072824853092757,0.004117025895075122,0.016862706574742002,0.02367221081669762,-0.0009493602385528681,0.9995770977154096
1741341928.9685037,2,0.01506760560589711,0.00014126594420169213,0.004310195340740934,-0.06745234196715828,-0.09113551238503674,-0.0008444324058804324,0.9935510992794353
1741341928.9856918,2,0.015261704260860568,-2.011524534449874e-05,0.001665349135020562,0.004206824192508485,0.002774057970252832,0.0006515588166779638,0.999987091268532
1741341929.0023649,2,0.015771378708883402,-0.00014526767128731084,-0.0010276238683876546,-0.017219172243154456,0.007266650161583628,0.0004377414244197361,0.999825236871492
1741341929.0184963,2,0.016231547713561563,-0.0001368590516375482,-0.000897162815710408,-0.016231172066008395,0.008696418253657098,0.0003050967592404556,0.9998303997573231
1741341929.0350094,2,0.016355882843442086,-5.3001605298691056e-05,0.0009845846505912202,0.0007059386340812885,0.0062314997147215195,0.0002996103631614629,0.9999802899535474
1741341929.0524466,2,0.015979478135280837,0.00010427660263680986,0.004252586060900333,0.016486935482689938,0.020070211294041247,-0.0007313515808735925,0.9996623593503294
1741341929.0685916,2,0.015501148898422492,0.00012349249911348871,0.004480936999239667,0.017665531414703336,0.02808814659777798,-0.0014255527415528088,0.9994483242368856
1741341929.0851028,2,0.015056427574713259,9.736625186133157e-05,0.003984815664317029,0.015225791958355588,0.019055408271881857,-0.0007183117115009596,0.9997022310183757
1741341929.1019783,2,0.015099642305891541,-1.8501213337484713e-05,0.001771252629947499,0.005149515836022151,0.00907044643470496,6.0683334667469134e-05,0.9999456014232287
1741341929.1193402,2,0.015598700284556068,-0.00013114215058963928,-0.000691574298511455,-0.017147882394866365,0.010612151989168,0.0004179430978602394,0.9997965581472551
1741341929.135709,2,0.01618268835469201,-0.00014171797312807863,-0.0010534015201571236,-0.025078268835471398,0.013451858063277474,0.00024150513152016118,0.999594952779441
1741341929.1520202,2,0.016460410555193334,-7.484224346823444e-05,0.0005452265188109906,-0.0025503128213549813,0.0027665273967817333,0.00045838893971811057,0.9999928160293233
1741341929.168931,2,0.016212266452868385,5.6531943968884394e-05,0.0032825885446055953,0.013213661182595106,0.018026503274843234,-0.0005252603607187887,0.9997500529829378
1741341929.1855803,2,0.015652762840925878,0.00013141370831247262,0.004684298124056972,0.01809463535524714,0.03263504774979053,-0.0016472160314176326,0.9993021687703251
1741341929.2023776,2,0.01502901827919245,0.00015586981548684092,0.004476215102286015,-0.06821709157667671,-0.10346388395530749,-0.0012707722395248,0.9922902993940922
1741341929.219015,2,0.014875074912989951,7.659530922546442e-05,0.0036023133904559607,0.011789879921931189,0.0046221465441598246,0.00043625348946995735,0.9999197188652915
1741341929.2354891,2,0.015420600513032368,-0.0001400242808863839,-0.0010239100635452765,-0.03343369078386514,-0.08463153510944972,0.0022440400316471997,0.9958487113361764
1741341929.2520394,2,0.016011132240286913,-0.00013536179261344967,-0.0009563360892743907,-0.028074388167686336,0.01653091398144243,0.00019924153735057702,0.9994691180395511
1741341929.2688096,2,0.016438703656175637,-0.0001114216571044678,-0.00044580671752755666,-0.03850929048835624,-0.08324849025151551,0.0016189206488343643,0.9957831603882742
1741341929.2856932,2,0.016218752658553125,0.00010575901893900178,0.004205468683947715,0.01590276881624427,0.011461419883862088,-0.0002289238391659426,0.9998078242302861
1741341929.3020196,2,0.015809012071756872,0.00013590044637535416,0.004771959025805261,0.01812477127317837,0.030113765592244966,-0.0015549171911595225,0.9993809263842687
1741341929.3190336,2,0.015215422221902123,0.00013872277411688963,0.0042417084073534525,-0.06713201729093679,-0.10913015036761724,-0.001229533504544863,0.991757223710799
1741341929.3356948,2,0.014892162190315753,8.585733541959488e-05,0.003908950780616291,0.014284254046015138,0.013165687187607853,-0.00036220551636709176,0.9998112289699446
1741341929.3520138,2,0.015281829975418312,-0.00010691359566908875,-0.00012391140539940032,-0.007329754801808934,0.0073858673505192134,0.00031027745017951305,0.9999458122248074
1741341929.3690453,2,0.015790618249554845,-0.00015100150112897797,-0.0011678065175541998,-0.024028884440829325,-0.09151511893858316,0.003053329561958623,0.9955090521420549
1741341929.385344,2,0.016333477209112476,-0.00013316620293937976,-0.0007759134835445453,-0.01862644283394064,0.008446505611756432,0.00033307240839509136,0.9997907787297677
1741341929.4025304,2,0.016309276933582202,1.104627036784123e-05,0.0023179582145344876,0.007663138193987728,0.0032328357535626553,0.0003455660831725887,0.9999653522348124
1741341929.418932,2,0.015870438656265945,0.00014576410221249497,0.005002592052100882,0.01878557531666215,0.02332703055413209,-0.0010400388258115436,0.9995508341874311
1741341929.4354067,2,0.015372410015286098,0.00012812373974932056,0.004646755410802268,0.017711925679659637,0.0284322445630427,-0.0013796068494609398,0.9994378379082746
1741341929.4527137,2,0.015087370452514605,4.7578101904210186e-05,0.003102972185513997,0.011569163125179145,0.0167563123633103,-0.0005775513375164847,0.9997925019197826
1741341929.469291,2,0.015221854300732555,-6.51338944687496e-05,0.0008156776505433264,-0.0011586219455597894,0.006573808477941264,0.00027321678830498857,0.999977683745927
1741341929.4856462,2,0.01575661530494059,-0.0001726538206248264,-0.00144288055647581,-0.01981841606409154,0.0075272985876961825,0.0004495606706932332,0.9997751587511492
1741341929.5023355,2,0.01618645797734675,-0.0001433173117835332,-0.0009019980492429256,-0.017271363277471027,0.006541433922630484,0.00038231101560315335,0.9998293671877521
1741341929.519464,2,0.016151850754513634,2.9836895840125033e-05,0.00272414463151784,0.009549084699926333,0.006882778866509671,0.00023320279269617696,0.999930691574634
1741341929.535999,2,0.015884410891423752,0.00011315237857737942,0.004256516995488359,0.016248608918960045,0.015043045645772439,-0.00037255727597481313,0.9997547452685455
1741341929.5525553,2,0.015457226744795041,0.00013139688472566338,0.004581749038740432,0.01700500322866904,0.024645443955099322,-0.0011097253576630999,0.999550999432785
1741341929.5696926,2,0.015099584657945921,0.00012474091161599613,0.0040072072836424754,-0.06578773076604476,-0.08998391295123807,-0.0007979713954804647,0.9937676957580631
1741341929.5873644,2,0.015244479905816887,-3.89935881717834e-06,0.0019842142778315713,0.005434327483235048,0.0033462975444155407,0.0005183170247605712,0.9999795006523938
1741341929.602698,2,0.015735073022089974,-0.00014186392519023917,-0.000867533985546257,-0.013726769290189691,0.004245709219367027,0.0005368170823317974,0.9998966254496006
1741341929.619728,2,0.016053919353789057,-0.00011098345906805217,-0.00038247621661483515,-0.03885644855823467,-0.08166642654882111,0.0016143281893644295,0.9959006803515521
1741341929.6364715,2,0.016067009400171924,3.887631031103136e-06,0.0023345890829503226,0.008351711607267378,0.0018270274228030495,0.0006600586037009173,0.9999632369275708
1741341929.6526258,2,0.015807262241016296,0.00010356007700359379,0.004118115835475527,0.01627502165393909,0.017295779872903,-0.000613099417616967,0.9997177620598006
1741341929.6690679,2,0.015448538890365385,0.00011639932810243074,0.004298120476559354,0.015791621382366165,0.019970284220946433,-0.0007439535485184106,0.999675576862498
1741341929.6858697,2,0.015183753558875412,8.728211626579431e-05,0.00393812808276644,0.015098959894931267,0.010274490161479554,8.832675625487369e-05,0.9998332103208001
1741341929.7024615,2,0.015310240956027904,-4.3039688686991934e-06,0.0019827901143872097,0.006591752419417066,0.0033071181728323096,0.0005946038486599727,0.9999726287332544
1741341929.7195525,2,0.015776928056441545,-0.00011685286387346395,-0.0004231161185186432,-0.010763856596163357,0.004622943728024031,0.0004658477122503777,0.9999312730224881
1741341929.736023,2,0.01609966973528971,-0.00011215239021913422,-0.0001630130875436513,-0.007636849214725908,0.0029102423836165573,0.0004893380923194557,0.9999664842241321
1741341929.7529085,2,0.016037011984930374,1.6046971271092398e-05,0.002532934268005085,0.009211167432917236,0.0031846028538855264,0.00044904022924410243,0.9999524043983585
1741341929.7692685,2,0.01579197599215112,8.504809416006893e-05,0.0038379236471960437,0.014832480506459871,0.020153256024112165,-0.0006835454832344992,0.9996866391821111
1741341929.7863438,2,0.015406173691399912,9.086862478009292e-05,0.003947729683934036,0.01606719127620789,0.01969813026997863,-0.0006998411623537948,0.9996766173371808
1741341929.8026206,2,0.015098717002446659,0.0001260917349059609,0.004006533176204524,-0.06617502916261876,-0.08672844740938307,-0.000540239741005374,0.994031563918524
1741341929.8193498,2,0.015364132087610055,-3.9591538025931195e-05,0.001376297147773335,0.0038020271582067727,0.00185105121284122,0.0005691673367293471,0.9999908970822876
1741341929.8359313,2,0.015813450676321672,-0.00012449165385898888,-0.0007327870737071342,-0.039358011848921945,-0.0841141641867032,0.0017959412853522606,0.9956769199300403
1741341929.852876,2,0.016194233969463245,-0.00010847481312325415,-0.0002616207297196211,-0.009415954575777678,0.005031269830176211,0.00039454269378907367,0.9999429336014058
1741341929.8695722,2,0.016051469779882793,6.702305328192524e-05,0.0034697691865305464,0.012564926062222195,0.004377385264799993,0.0004332227214549587,0.9999113827981798
1741341929.8860233,2,0.01579576849782708,9.722395885589016e-05,0.004199284502485416,0.017431242626325488,0.019860472670887905,-0.0006954786042234645,0.9996505538013282
1741341929.9027252,2,0.015377579679759017,9.792814432029924e-05,0.004142763256625541,0.01717150996636909,0.022943820459808743,-0.0009260389415256477,0.9995888468765853
1741341929.9192107,2,0.015025148368164211,0.00013751455464662551,0.004257316950506057,-0.06815873897512914,-0.08876678860722477,-0.0009380392004838637,0.9937172453088146
1741341929.9361415,2,0.015324432257701292,-5.0957235683382736e-05,0.0010775374754363317,0.0003299075948584649,0.0027296140735767163,0.0005664079394424364,0.9999960597672544
1741341929.9531138,2,0.015806424232400047,-0.00014684844388541208,-0.001180896624822429,-0.03407042828874246,-0.08486627173256037,0.002250904033907858,0.9958071375871269
1741341929.969408,2,0.01622787751188873,-0.00011261192963432646,-0.0004192874559324295,-0.01305610886538225,0.004712361253645737,0.0003830725515450129,0.9999035878164108
1741341929.9866002,2,0.01628308689475631,-1.9612177687057282e-05,0.0017071032692683758,0.004773663538939013,0.007701874945885681,0.0002713839012156763,0.9999589089605199
1741341930.0029752,2,0.01590614027667341,0.00011099991833809528,0.004321485853620894,0.01750847662953797,0.0196227934491267,-0.0008097301435206376,0.9996538118571151
1741341930.01971,2,0.015460428254508489,0.00010321093729441454,0.004043137450481534,0.01625943314858196,0.02624681175340724,-0.0011830967167566011,0.9995225540169801
1741341930.036322,2,0.01501949073547685,0.00011559655714219725,0.0038433739035664176,-0.06680090464292401,-0.09335908156247215,-0.0008577409072190233,0.9933886375982135
1741341930.0528116,2,0.015231269250787436,-6.855485114238457e-05,0.0008042471410461828,0.000968573607187812,0.006176088256085459,0.00039186990511084905,0.9999803819260646
1741341930.0694637,2,0.015742249136709307,-0.0001660645642317868,-0.0013581841445795967,-0.017684588116100675,0.009656185667836367,0.0003661350707535174,0.9997969190623774
1741341930.0864086,2,0.01623484123472963,-0.00015009019521536066,-0.001081602013828083,-0.0185690947937546,0.009483606177959982,0.000274532602096178,0.9997825636428415
1741341930.10353,2,0.016330843861996378,-2.706007807142947e-05,0.001577480186795128,0.005247666541876828,0.004546383370821071,0.0004218410512929732,0.9999758069294667
1741341930.1201663,2,0.01602337284054969,9.768232523240716e-05,0.0040758982178670895,0.01599490034853732,0.017970187180193168,-0.0005856577531770859,0.9997104043374488
1741341930.1362736,2,0.015543821186236408,0.00013853188916310952,0.004791336457466124,0.018631200572311237,0.025027493885462333,-0.0010884228765007935,0.9995125403168733
1741341930.1528692,2,0.015054016985061189,0.00015307350964272246,0.004450076125735221,-0.0685132957530609,-0.09682577696493286,-0.0011862560840776946,0.9929397212402642
1741341930.1701303,2,0.015138796246336048,-2.4108992758030473e-05,0.001552302494006496,0.004723716554819763,0.007697354959978038,3.854541291026327e-05,0.9999592170397655
1741341930.1863194,2,0.015603395252852677,-0.00015151739037314437,-0.001046882629047152,-0.01400495895839537,0.007623313808248859,0.000448103245462024,0.9998727646128962
1741341930.203403,2,0.016110135332862003,-0.00014677736366849192,-0.0010367010732778813,-0.019940111883696404,0.01139263310158867,0.00028581033888463515,0.9997362242919522
1741341930.2206314,2,0.016333885489259486,-5.592465831590976e-05,0.0009005481937783658,-0.00016363301889773906,0.004882295098054903,0.0004694970746127526,0.9999879579231479
1741341930.2364423,2,0.016176362989643932,3.555840089367236e-05,0.002805760398814983,0.011056341498086366,0.01423291331299693,-0.0002875420120055509,0.9998375362082051
1741341930.2529676,2,0.015717322627639863,0.0001068233128383642,0.004190488526471785,0.016389845039581047,0.027741935823956256,-0.0012516042415060822,0.9994799605110353
1741341930.2698417,2,0.015130204193967448,0.00016807690749048876,0.004752110040702483,-0.06849590496974171,-0.09869510325914872,-0.0010428791274397675,0.9927570196166672
1741341930.2864742,2,0.015124183229071345,5.467156034136817e-07,0.002085189039449397,0.007030974736164746,0.008331688073071887,0.00010152161908135963,0.9999405672646116
1741341930.303262,2,0.015468628556216866,-0.00010959752148076679,-0.00023564186647136675,-0.008407675313211809,0.003940389125403932,0.000527649203089541,0.9999567520226496
1741341930.319705,2,0.015972673819870335,-0.00014408102432185752,-0.0009920334847779233,-0.017537596064318643,0.010313234823690688,0.00030361442066843906,0.9997929674337782
1741341930.336399,2,0.016226871177855273,-7.717703161838664e-05,0.0005283431311398884,-0.004197799620184019,0.0010007706256071657,0.0005580024929576376,0.9999905327400463
1741341930.3531992,2,0.01605663872976221,7.673872744159166e-05,0.0036791358548629765,0.013883706233735613,0.012468023206929439,-0.00018991225326314983,0.9998258623539715
1741341930.3696692,2,0.015776942993513943,9.928056011444822e-05,0.0039860471034949,0.014836032689510618,0.026458683984480192,-0.0010885287036095828,0.9995392164798271
1741341930.3867533,2,0.015330758268986184,9.677505589186437e-05,0.004050867205028218,0.01568022905675346,0.024433213657006524,-0.000990741235821761,0.9995779944151044
1741341930.4036713,2,0.01508655448398644,8.383270554211257e-05,0.0038481156130377183,0.013911468764153823,0.010650478669131306,6.131238187649389e-05,0.999846505510588
1741341930.4196455,2,0.015372786118888036,-4.6813531958178686e-05,0.001024374119957167,-0.00022222400928124453,0.00264289010654081,0.0005251712518237446,0.9999963449650857
1741341930.4369597,2,0.015852764553893648,-0.00012783913856479005,-0.0008340633424322011,-0.0382697567600417,-0.08448287426359362,0.0016863177729117562,0.9956883177009047
1741341930.453598,2,0.016127098170690152,-7.233204005095361e-05,0.00028841678822221856,-0.04709292186413382,-0.08299553957411406,0.0010776606182453011,0.9954360028493505
1741341930.47008,2,0.016036845591375488,4.144432385177226e-05,0.002961619426472357,0.010744199208139887,0.003892315155354592,0.000399603810258699,0.9999346240544439
1741341930.4867666,2,0.015757395847819874,9.068849194893223e-05,0.0038251916102949052,0.01504347361450566,0.021731321408896484,-0.0007619721350348715,0.9996503703645082
1741341930.5031147,2,0.015307570192315946,0.0001408077983185431,0.004165921969277817,-0.06598958130784723,-0.10100414112302028,-0.0008151547080463616,0.9926947537675506
1741341930.5202217,2,0.015100909974101706,0.00012035282790198845,0.0038819551476026296,-0.06442066088997146,-0.08593614225380473,-0.0004800976807695183,0.9942156342621302
1741341930.536745,2,0.015406549927791864,-4.007399422678365e-05,0.0012249715549910618,0.0016054304829030796,0.0020555607431723705,0.0006470259862622278,0.9999963893036659
1741341930.5532134,2,0.015820806531734892,-0.00010254043156444324,-0.0003732236819713217,-0.040815746160630884,-0.08390482054099076,0.0014304691407159287,0.9956364847239039
1741341930.570237,2,0.01610805719146811,-7.921414737538726e-05,0.0005181202260035655,-0.002652070466280536,0.00368613565025227,0.000478318845355472,0.9999895750143059
1741341930.5868263,2,0.015983736486649736,3.75454532226341e-05,0.002974568012481918,0.010974648756878294,0.006080681918148911,0.00019974685393682056,0.9999212681472816
1741341930.603435,2,0.015729200654405813,7.70280098364298e-05,0.003564276895428796,0.01395252567629874,0.018847017658537978,-0.0005840717199265351,0.9997248500526817
1741341930.6207912,2,0.015379339583548575,8.037197795556885e-05,0.003593018031971805,0.01360811153625751,0.021037439115241495,-0.0006809881619713092,0.9996858415077271
1741341930.6373198,2,0.015123243085161312,0.00010261705059454227,0.0035769483007339307,-0.06435272665425638,-0.08606683918658464,-0.0003962122671240855,0.9942087651899034
1741341930.6536307,2,0.015504323603027855,-8.035724635210826e-05,0.0004750629831360923,-0.0025319196077718325,0.0033664774896645646,0.00045001867604249683,0.9999910268075423
1741341930.6705754,2,0.01588204609109685,-0.00012164902036389231,-0.00043146633756353765,-0.011634105608094584,0.0005638841861131287,0.0005190080153912964,0.9999320278158933
1741341930.68712,2,0.016128780521328247,-7.854293122452781e-05,0.000542567606144094,-0.0028945366301604317,0.00403337115745566,0.0003949580774099544,0.9999875987145641
1741341930.7037802,2,0.01599094260932038,4.315448748185877e-05,0.0030235767321098533,0.010662260629436763,0.005848282201697038,0.00027125631914358633,0.9999260173700696
1741341930.7204401,2,0.015712974389328963,7.87979501236767e-05,0.0036993667416761957,0.014665139331628316,0.019753596726568543,-0.0006196145176881584,0.9996971267251884
1741341930.7365742,2,0.015339567618429088,7.96596173630466e-05,0.0037141216811386693,0.01447959055418391,0.020601762452620766,-0.0006795598597074843,0.999682673171655
1741341930.7536738,2,0.015086716677218495,0.00011358244451391188,0.0037362220040262108,-0.06530720143299207,-0.08530974304012806,-0.0006643197218915074,0.9942116353486942
1741341930.770074,2,0.015467249856573263,-6.957009511327519e-05,0.0007275329113327755,-0.0009292978394630247,0.004188551300260874,0.00035671169261661446,0.9999907325572067
1741341930.7868025,2,0.015872908315716742,-0.00011114623218928593,-0.0004611564070618626,-0.04048613969346412,-0.08357433138908218,0.0013617585594873245,0.9956778340604028
1741341930.804185,2,0.01616077649151346,-6.636567985731021e-05,0.0006047818682869949,-0.004557810113020863,0.0015370371829589871,0.0004915454495089129,0.9999883110650559
1741341930.8207555,2,0.016010562933256405,7.857706547698235e-05,0.003686499896384492,0.013304452517826275,0.005693584964239508,0.00030679157171806996,0.9998952347683169
1741341930.8368957,2,0.015751154055450373,8.994584973719575e-05,0.003960297048435474,0.015714287479375352,0.023444469566559222,-0.0008655250647745702,0.9996012549422497
1741341930.853824,2,0.015339084381450721,9.165145077026323e-05,0.003938780895926796,0.015417513999785703,0.02292361897695076,-0.0008167363066825286,0.9996179974854751
1741341930.870676,2,0.015108144957779535,7.793301080240918e-05,0.0036737072420482673,0.013790406631456554,0.010870418287038735,-0.0001332696005066851,0.9998458085777113
1741341930.8874025,2,0.01535729242752439,-4.854234895433429e-05,0.0011659638842991457,0.0023022791289669955,0.0018526088666918896,0.0006908639314431958,0.9999953950185109
1741341930.9036562,2,0.015886900777389155,-0.00013421890329271848,-0.0007595691880907591,-0.012954493552172264,0.008434622297774632,0.0003622661355952087,0.9998804463568369
1741341930.920543,2,0.016210649146307803,-9.11133193486102e-05,0.00010758714160991216,-0.00828587202490044,0.0016262335348147632,0.000512140334742405,0.9999642180606039
1741341930.9376092,2,0.016082849321413576,8.11765486772601e-05,0.0031225581737386416,-0.06174964329480273,-0.09071634128734951,-0.0002707444482720189,0.9939604889903045
1741341930.9539015,2,0.015837887604271978,8.87021187456088e-05,0.0037376890703578834,0.014452734601377734,0.01935833311333347,-0.0007012551342656598,0.9997078981596834
1741341930.9702747,2,0.015386236692135303,0.00010008174575799937,0.004033864586059941,0.015371521970007648,0.022719763427369612,-0.0009541566978528508,0.9996232381488167
1741341930.987515,2,0.015025655257611457,0.00012605009162974063,0.0041021872844857615,-0.06687934536249333,-0.08821975633100249,-0.0008578374004936105,0.9938529528415042
1741341931.0037582,2,0.015282625998094622,-3.2759931674189555e-05,0.001380506636365494,0.003282944311636151,0.0033080754598451066,0.0006635696585270568,0.9999889192329617
1741341931.020868,2,0.01582022749646431,-0.00014054864401066703,-0.0009874137163576645,-0.017419610460944566,0.009089433542758627,0.00021987639030670428,0.9998069268732006
1741341931.0372589,2,0.016204496666884498,-0.00010861409750390911,-0.00025436151692358736,-0.01120383323946666,0.007086193052797421,0.000304522753259228,0.9999120797623426
1741341931.053814,2,0.016186480349904758,2.572981847711434e-05,0.0020501423706654697,-0.05739968351357209,-0.08738741399309284,-5.264618739610328e-06,0.9945193392691896
1741341931.0708444,2,0.015906641910139328,0.00010774445033173198,0.004126466025103103,0.015668387258272413,0.015839406193033808,-0.0004613246486642056,0.9997516701820234
1741341931.0873673,2,0.015488202394400657,0.00010822821588712005,0.00414079781487442,0.015147495780506262,0.023967966941555965,-0.0009660457483774279,0.9995974973397443
1741341931.1044486,2,0.015087645611471672,0.00011655091523633526,0.0044726777214221134,0.017844094430686918,0.01380158272517472,-0.0002912870466308725,0.9997454774891884
1741341931.1212528,2,0.015221746009584031,-6.052246382432782e-06,0.001921714800327,0.005869575011202883,0.0028596989421869725,0.000663402973354486,0.9999784648219394
1741341931.1371598,2,0.015720661464199124,-0.00013976855390987095,-0.0008291195404923224,-0.01287369097279112,0.005858138436118095,0.0004436075606576652,0.9998998717407321
1741341931.154358,2,0.01612598223019064,-0.00012808382107409335,-0.0006002766498731178,-0.012206674646184983,0.006618374048899107,0.0004514720938746673,0.9999034905389518
1741341931.1708868,2,0.01614925388596133,2.150088910436055e-05,0.00202144775635396,-0.056195647996716835,-0.08293059053046767,0.00012901203781415734,0.9949696224791947
1741341931.18753,2,0.015971729244100927,7.627214946238053e-05,0.0036336995790847686,0.01339749881447084,0.011925363617266295,-0.00014441665189744916,0.9998391229952661
1741341931.2041306,2,0.015543686246251971,0.0001222046389827977,0.004434287796477078,0.01678175579929696,0.021533742026097875,-0.0008797618416301841,0.9996268787131268
1741341931.2212448,2,0.01514259197857036,0.00013549538339852583,0.0041068736304670905,-0.06611048295656599,-0.09189951045171744,-0.0008232987142489928,0.9935709366729742
1741341931.2373545,2,0.015200920430348572,1.859835719404412e-05,0.002507954587601675,0.009426873910836337,0.004896701658329016,0.00039035608076911434,0.9999435003955317
1741341931.2542129,2,0.01563396749401946,-0.0001189552881538783,-0.0003871546390055207,-0.0076131694613035756,0.004280250472853613,0.000498081510780434,0.9999617347786123
1741341931.270774,2,0.016012515259029993,-0.00010973400727036144,-0.0002996919971973515,-0.010957325706421378,0.006468868480824162,0.0002951600312076217,0.99991899853663
1741341931.2877917,2,0.016098931699449953,-4.9933919721004865e-06,0.001964691040782347,0.0036219331442705243,0.0024482626971992815,0.000541123525743516,0.9999902973506263
1741341931.3044655,2,0.015967385726594736,5.7428174968119305e-05,0.0032814446363011104,0.012134646122771185,0.009013790233355894,8.264994895856977e-06,0.9998857444132275
1741341931.320746,2,0.015596648166063518,0.00010210195218317053,0.0041011548823818396,0.015389544259440236,0.01813102850640346,-0.0006900290517964008,0.9997169357336577
1741341931.338104,2,0.015244083014777829,9.807151701648562e-05,0.004004434711259527,0.014770011962465154,0.016661125588939178,-0.00050574786388561,0.9997519681700238
1741341931.3543196,2,0.015142375300629313,8.550181696793389e-05,0.003252429773916172,-0.0630859060624715,-0.08386528178736115,-0.00032352846055765317,0.9944780934220414
1741341931.3709025,2,0.015606741428049707,-0.00010214396522745267,-3.2129949859057153e-06,-0.005555322945369235,0.003442409924398786,0.0005519294006702547,0.9999784915561043
1741341931.387873,2,0.015953224012475172,-9.570430277399785e-05,1.4752770657417744e-05,-0.0077211742370847485,0.0068351969647958526,0.000267631835539764,0.9999467945466167
1741341931.4044323,2,0.016015149829030847,2.0082284835687902e-05,0.001916757582563768,-0.05544317523557754,-0.08050196376604125,0.00012143325660314394,0.9952112707378128
1741341931.4211886,2,0.01585981888084091,0.00010400535487565195,0.004150683686499899,0.015055585685944695,0.011461382363552984,-0.00019824195711471424,0.9998209473471217
1741341931.4376082,2,0.015558556939150307,0.00012301934032177682,0.004566900590322538,0.016529088963060955,0.018097388184678015,-0.0005992738559898822,0.9996994121383636
1741341931.4547722,2,0.01526392231334339,9.695009288467044e-05,0.004027504070655467,0.015063878607756946,0.01570581579622917,-0.00043833813935036277,0.9997630793198663
1741341931.471254,2,0.015168749421224315,7.814814972844294e-05,0.0031145276136303485,-0.061316922375922234,-0.08344362820503112,-0.00021783637124096563,0.9946242247651326
1741341931.4876118,2,0.01559467442050506,-8.830363002410453e-05,0.00028949419570059256,-0.0034071494352504693,0.003867807309420736,0.0005319788552040341,0.999986574108793
1741341931.504378,2,0.015942519968649028,-8.873465978410111e-05,0.00017691808958877122,-0.006339807424255625,0.006413866071596489,0.00031406926459504476,0.9999592844332893
1741341931.521256,2,0.016001785876716794,2.0682841999861398e-05,0.0019811921041469048,-0.05580763329213206,-0.08338267938634222,0.0002583063548212948,0.9949536522484413
1741341931.5378926,2,0.015829912346487285,0.00011001537475509697,0.004266916569665526,0.01592663597638335,0.01183236403433204,-0.00021890146639472216,0.9998031253751826
1741341931.5545511,2,0.015573973297070835,0.00011174339418728796,0.004195417805304954,0.014873129491481884,0.01725037310764627,-0.0005085437015923623,0.9997404443304673
1741341931.5719173,2,0.015257756848673563,9.48378986432185e-05,0.003939569769546594,0.014253790631390779,0.015948145252387906,-0.00042139908070255877,0.9997711280780517
1741341931.5877895,2,0.015185707026453707,6.714529962835116e-05,0.0028441681666067594,-0.060147250080065405,-0.08224040339107512,-0.00022594834491246324,0.994795845038179
1741341931.6053023,2,0.015605380543450275,-8.573467004879461e-05,0.00021736053640371682,-0.005245624769201116,0.004834428783572635,0.0004473435227276721,0.9999744554751837
1741341931.6219218,2,0.01594953072527221,-8.492019963558544e-05,0.00018845162515148233,-0.008414664409422103,0.006986558517870177,0.00027678731172527045,0.9999401506148943
1741341931.638867,2,0.016034182406775777,3.2277003821044937e-06,0.0021830239855661934,0.004890981312952242,0.0034444551475786155,0.0003581753709897621,0.9999820427092361
1741341931.6553938,2,0.015919175830921003,6.812239458426755e-05,0.003469551930858986,0.01283188356639465,0.009507376899610693,-0.0001085358133351526,0.9998724622513636
1741341931.671287,2,0.015579880996467203,0.0001144598254108088,0.004299223025073269,0.015007500130544044,0.01781520622676093,-0.0006302679789703936,0.9997284611979417
1741341931.6880338,2,0.015253547933727775,9.418736579979625e-05,0.003911413838620818,0.013994385221874678,0.016143263216475728,-0.0004776342633642284,0.9997716359751839
1741341931.704775,2,0.01512948091990332,9.520004138318485e-05,0.0033265466814522177,-0.06331868537948405,-0.08368043987593966,-0.00047729470450564616,0.9944788083482464
1741341931.7211676,2,0.015579577292555161,-8.818716665846287e-05,0.00018911981539882004,-0.0050571311993023995,0.0044052642527760985,0.00046912688633375205,0.9999773992400333
1741341931.7377107,2,0.015952411988157462,-9.075549509038886e-05,5.123308448515408e-05,-0.007521007332196298,0.0077757206297268365,0.00027050584064135225,0.9999414480078259
1741341931.7548473,2,0.016098287668184615,-1.6823202644847406e-05,0.001680849606321701,0.002301211444248875,0.002466537180958991,0.0004928046283079553,0.9999941888650263
1741341931.7714622,2,0.015976494848231274,6.381696558686695e-05,0.003404155792484645,0.011661246695743506,0.007063762279066825,0.0002397285869624517,0.9999070262370249
1741341931.7877495,2,0.01566593891285916,8.763845658293611e-05,0.003846806979877138,0.014163681443761626,0.021131453551454918,-0.0007100853568632973,0.999676121340081
1741341931.8048766,2,0.01526579339257843,9.581874577371737e-05,0.00400185337762167,0.01492856206254796,0.01739298756768136,-0.0005254476716274461,0.9997371384133729
1741341931.8212116,2,0.015172708300015162,4.576696653697007e-05,0.003074069540981199,0.011641307051520992,0.008013002996924687,0.00011334335163897102,0.9999001244656328
1741341931.8382967,2,0.015521698120545241,-9.008768690804326e-05,0.00025670367589573207,-0.004744578231468305,0.005048214263983416,0.00037180676518103016,0.9999759328453259
1741341931.8545587,2,0.01592936972012824,-0.00011284034230332873,-0.0002881438431808198,-0.010519603549225343,0.0077556567302540505,0.0003378207856845728,0.9999145331511919
1741341931.8712533,2,0.016116084423007746,-2.8537856668247002e-05,0.0013894507446891378,0.0005497385944333779,0.003007027207633888,0.0005326540196840499,0.999995185915685
1741341931.8881757,2,0.016016206621374485,7.162468983458613e-05,0.003510549541066666,0.01200838774302864,0.0058527319313775965,0.00028608796188898976,0.999910727168396
1741341931.9046035,2,0.015759463688923867,8.134793154499574e-05,0.003709787634616492,0.014424007547028012,0.02154929182663851,-0.0006932052887570154,0.9996634911281302
1741341931.9214673,2,0.015372505815527656,7.876458414409821e-05,0.003627929302164189,0.013287917143801828,0.02143694523476407,-0.0006685828534933944,0.9996816701500278
1741341931.938044,2,0.015084244822983537,0.00010928060285392934,0.0037347839909322965,-0.0656617652520657,-0.08578144816047562,-0.0006737420909139885,0.9941476861146281
1741341931.9547675,2,0.015383405911000491,-4.035021205762742e-05,0.0012796868776818523,0.002894314605431823,0.002630634400738309,0.0006081791287385316,0.9999921663811981
1741341931.9716685,2,0.01583941668491612,-0.0001001430844105081,-0.00015843213834831288,-0.010658536494810767,0.00473071488470896,0.00042388818852719725,0.9999319158099076
1741341931.988483,2,0.01612285869599902,-5.710929361948196e-05,0.0008134098153695236,-0.002467709887410339,0.0027773836465983187,0.0004237542095597447,0.9999930084657397
1741341932.0050273,2,0.016045968534533717,5.7271878218431226e-05,0.003220997370360732,0.011334631408524767,0.003331556463401986,0.0004785221900923248,0.9999300964961889
1741341932.0217438,2,0.015768949138338987,0.0001222357480108381,0.003723378544205078,-0.06391195909170255,-0.09885342495905418,-0.0006322308062004267,0.9930472607802374
1741341932.0384436,2,0.01541786685190726,9.207667233067179e-05,0.0038129472561997837,0.013030500549875671,0.01947204412908222,-0.0006363151275985199,0.9997252825931298
1741341932.0549176,2,0.01511052377570207,0.00011519646718341972,0.0038256816971359037,-0.06518480406548578,-0.08707189963778761,-0.0005062751185221635,0.9940669843113771
1741341932.0714707,2,0.015317204537189431,-5.205316029309379e-06,0.0019311005570894796,0.004787734981476058,0.003442117948170422,0.0004041293496868437,0.9999825328960735
1741341932.088206,2,0.015774314042164107,-0.00010009114295393617,-3.23782818271013e-06,-0.00700570368938076,0.007663405561005969,0.0003402682769157375,0.9999460368182495
1741341932.1059356,2,0.016120066543487854,-9.627870922059256e-05,0.00016163286586487975,-0.00545335409904992,0.005458332528811044,0.0003160333255169021,0.999970183384491
1741341932.122081,2,0.016047499595298883,3.5548017659941075e-05,0.002778028201143649,0.00878634930584575,0.002234042438236803,0.0004964960937659972,0.999958780456419
1741341932.1381972,2,0.015810818737964062,9.592888055165041e-05,0.00389424374562086,0.013926563839495717,0.01684059939467386,-0.0005145438730039736,0.9997610615923462
1741341932.1556742,2,0.015473870965766124,8.518523561184331e-05,0.0037347974894927716,0.013795943416742451,0.017096724840426732,-0.0004394850640519114,0.9997585612525912
1741341932.1720693,2,0.015224827182053386,7.220177537212283e-05,0.0034523335150418765,0.012224208668134602,0.007443085749724816,8.530085948318223e-05,0.9998975757149947
1741341932.1885839,2,0.015323295645654302,-1.2216303209015126e-06,0.001948795987091303,0.004524297247887912,0.0025309701669177904,0.00043496425705100535,0.9999864677737004
1741341932.2048588,2,0.015740219148597984,-0.0001000898042295943,8.345248137763133e-06,-0.007121614595093943,0.005085854041103985,0.00043750980833181055,0.9999616119028767
1741341932.2216587,2,0.01600159350553599,-5.3705329746463304e-05,0.000882036328730612,-0.0002650513229670039,0.005686089500451755,0.0003655253235845153,0.9999837321302916
1741341932.238677,2,0.015995103658440847,4.4888737062141716e-05,0.0029626346912897004,0.008417915757878978,0.004438872314847847,0.0003740666054880731,0.999954646562053
1741341932.2551978,2,0.015860515841015357,5.630258287556685e-05,0.003262630565433828,0.012512929616799846,0.016281280203564993,-0.00043715466428224963,0.9997890554527677
1741341932.2721388,2,0.015497521185791953,9.216560762759549e-05,0.003886596683867226,0.014456868454854941,0.013635296691919204,-0.0003422032674927228,0.9998024607568867
1741341932.2885077,2,0.015235359077459563,8.487012512066015e-05,0.003818763234480049,0.014259693587013912,0.008696105710821125,9.40823959323771e-05,0.9998605052869993
1741341932.3050032,2,0.015328571480267611,-1.501213806755393e-06,0.002061409389398697,0.006028389811112129,0.0014632238462931313,0.0005261107012078122,0.9999806201621064
1741341932.321769,2,0.01571419521888503,-8.732718886800279e-05,0.0001532702972633924,-0.004288475865550003,0.004271126179847008,0.0003782125983156323,0.9999816115365006
1741341932.3385756,2,0.015992768053620203,-6.977480488196857e-05,0.0005436472822202586,-0.0037575056173540875,0.008837763313378544,0.00027701926691163416,0.9999538481107406
1741341932.355011,2,0.015931925807267325,6.916475344764392e-05,0.0029435949704451725,-0.06092996870736592,-0.08322750108745376,-0.00023562397700841746,0.9946661080269091
1741341932.3716753,2,0.015861275377409875,4.4895059750494845e-05,0.0029430256268962386,0.010902876908515234,0.014165265493061662,-0.000206572803609636,0.9998402021604781
1741341932.3884106,2,0.015491361873090246,9.635155677459264e-05,0.003958038771585848,0.014816121341390081,0.013518450306951715,-0.00032871321232718617,0.9997987927564824
1741341932.4051406,2,0.015248558537802076,7.651639599210813e-05,0.0037537930433059565,0.014491160746453693,0.008710213356711523,8.29670266025741e-05,0.9998570555634307
1741341932.4220665,2,0.015329499631616344,-6.696898330631391e-06,0.0020213159749878666,0.005776099600847499,0.0010027698720417037,0.0005763624929724396,0.9999826493156075
1741341932.4383512,2,0.01570942854600459,-9.01132166844273e-05,0.00016186995625424412,-0.004640180172841477,0.004148212427074635,0.0004169726450620569,0.9999805434084389
1741341932.4553032,2,0.015989070300482654,-7.818786599839195e-05,0.00045858465783052383,-0.004646215808747574,0.007647246294251258,0.00027807201314870064,0.9999599266864294
1741341932.472152,2,0.015956590568477116,5.577790724219904e-05,0.00260011221622516,-0.059886953070641416,-0.08171113182993854,-0.00024251476610701516,0.9948551577860837
1741341932.488305,2,0.015858416267369696,5.371547842276588e-05,0.0030501169651082523,0.011032181837464256,0.014425115746730032,-0.0002499041449162152,0.9998350586709374
1741341932.5054698,2,0.015499513086627737,9.42749347610491e-05,0.003928210330766755,0.014080504819131208,0.013720611821683014,-0.0003222453411859043,0.999806671488652
1741341932.5217905,2,0.015235984991725118,8.872783030328155e-05,0.003858116547591928,0.013695118415626607,0.010039303912358173,-3.490845859771399e-05,0.999855817050607
1741341932.5385458,2,0.015302684641826953,1.2213984895335026e-05,0.002288770349266619,0.006264881426870157,0.0018995648194293769,0.00048127564189755315,0.9999784554118957
1741341932.5554414,2,0.015684145145467464,-8.111121677297002e-05,0.00037168672090983853,-0.003367761348671404,0.0050682136340552695,0.00037059811102497673,0.9999814168528824
1741341932.573132,2,0.016014146554889405,-8.341404800667916e-05,0.0002930413249397209,-0.004663295579126378,0.0056365089808717945,0.00041300083014158683,0.9999731560752841
1741341932.5897164,2,0.016001684372631567,3.2405129344243926e-05,0.0027353020312532415,0.007852364946194373,0.004741094886971367,0.0002798678725426631,0.9999578911424214
1741341932.6057913,2,0.01581399133141146,0.00010578122604686129,0.004269931745797039,0.016506320433050534,0.01600141994507471,-0.0004239205356133383,0.9997356231708873
1741341932.6231673,2,0.015546914966874112,8.795994945598511e-05,0.0037381408389682703,0.013375467815878131,0.014263300319469995,-0.0003940836106809239,0.9998087316196087
1741341932.6386569,2,0.01524370414045211,9.31239928360829e-05,0.003847218436076665,0.013285684648452629,0.011473679677994526,-0.00014779121330257085,0.9998458998344824
1741341932.6553378,2,0.015217994122257135,5.696495560749825e-05,0.0027143485169562527,-0.05946980620793124,-0.08170339142448989,2.479004894328483e-05,0.9948808458125934
1741341932.671916,2,0.015659618636041338,-9.479584007327267e-05,0.00010030029319391069,-0.00553233333682843,0.008081700363284833,0.00027598423485759486,0.9999520004679177
1741341932.689136,2,0.015991792232282254,-8.008349076114463e-05,0.0003128142661462758,-0.00562607507197156,0.00578916720159706,0.0003842952612539805,0.999967342036503
1741341932.7053986,2,0.016044574863085012,1.1858327581498833e-05,0.002309291686937168,0.0057021716879369164,0.0035775459746454925,0.0004015156915888711,0.9999772623354942
1741341932.722065,2,0.01586989186535683,9.382015292488987e-05,0.0039879873269794384,0.014502886519969713,0.01145069186730463,-0.00019461165886201047,0.9998292404529142
1741341932.7392535,2,0.015573306680165613,0.00010017549495052635,0.004054856397955115,0.014774446602769277,0.017718006742789776,-0.0006143887903511299,0.9997336697796362
1741341932.7554116,2,0.015234222347976141,0.00011094102868912701,0.004281640442458319,0.015482794995086445,0.013301879895898459,-0.00039080699147494175,0.9997915734393198
1741341932.772172,2,0.015151702977174565,9.491050305560567e-05,0.0033693477636067204,-0.0617241699311668,-0.08396172584751689,-0.00010863894520928866,0.994555450257347
1741341932.78873,2,0.015574262468270704,-5.799981832358806e-05,0.0008034941653155291,-0.0009704649710193332,0.00616199258261353,0.0004202536610495915,0.9999804555250128
1741341932.8054545,2,0.015966020275459753,-8.91049923028367e-05,0.00014207896229451126,-0.007399181661143721,0.006826593856950947,0.00029357389284402364,0.999949280484479
1741341932.8225443,2,0.016053325196019083,5.1660955538233015e-06,0.002133959511591835,0.004574170855550795,0.003995883354875478,0.0003304123449168028,0.9999815001813187
1741341932.838927,2,0.0159453969594455,6.50639477454481e-05,0.0033939977402755225,0.011758019381700518,0.008652846902160312,1.2456794307745243e-05,0.9998934328544896
1741341932.8556008,2,0.015616705496209162,0.00010897432065731029,0.004237102565443437,0.014961406698947806,0.01577915683616276,-0.00045841901677183165,0.9997634542086111
1741341932.8729196,2,0.01533585952658077,7.318803807829883e-05,0.003549075604510094,0.012658793736922198,0.017403980058165718,-0.0005066609951052998,0.9997682730082491
1741341932.8888345,2,0.01522848011155098,3.97294991781916e-05,0.00292095224114621,0.009494706758918793,0.004865014982735062,0.0002741752771199538,0.9999430518788044
1741341932.9055994,2,0.015567531213777198,-8.104772942804327e-05,0.0004530469750616713,-0.0028016983154405995,0.004051476812956328,0.00047742404903659645,0.9999877539692478
1741341932.9224632,2,0.015902255329452643,-8.056050280010536e-05,0.0003435414337561284,-0.005304952835277255,0.006887679249400844,0.00024973873694591065,0.9999621767749699
1741341932.9389608,2,0.01602906276368906,8.866070200311255e-06,0.0017410485168684907,-0.055032550347640805,-0.08519191441647511,0.00027816410184291134,0.9948435448576941
1741341932.9559586,2,0.01595475078202246,6.346713691251913e-05,0.003343987815587501,0.01089114988550409,0.007715074425655877,6.463035613600838e-05,0.999910924184597
1741341932.9724221,2,0.01573773462884412,6.445464496728688e-05,0.0033009802013183142,0.012808357818182908,0.017386876964788453,-0.00045633692389355205,0.9997666899012112
1741341932.9890473,2,0.015409594799222761,6.289518330820449e-05,0.0032732621862076217,0.01152873622065339,0.01846192743028649,-0.00048406275021725415,0.9997629774901486
1741341933.006299,2,0.015243340200547767,4.170275771495e-05,0.0029514396764628793,0.009358748025323277,0.004114288047300853,0.00030873359928952,0.9999476942084655
1741341933.0222592,2,0.015535203007386656,-7.247548420229043e-05,0.0006701116695308213,0.0005077593112124968,0.002170407451071793,0.000518989970652768,0.999997381077265
1741341933.0397227,2,0.015820145464340473,-7.232696636743819e-05,0.0005827357071268824,-0.0028938703620603854,0.0022680615652201715,0.00047609054300856116,0.9999931273508127
1741341933.0560272,2,0.01605791213131406,-4.737805131009684e-05,0.001123001464333178,0.0010493128339271601,0.004495907334627915,0.00036161264309061953,0.9999892774405691
1741341933.072768,2,0.015923490959258157,8.074416138399856e-05,0.003088653198806157,-0.061845320111338274,-0.08446198660895746,-0.00044758807337616117,0.994505469498942
1741341933.0892477,2,0.015756229495909563,6.153544793967033e-05,0.0032457980170228448,0.011971200622845513,0.01626054541188645,-0.00035700806123746255,0.9997960579857272
1741341933.10588,2,0.015466463487575207,4.6788429222067475e-05,0.0029561169421687436,0.01046243636048754,0.017654545651297607,-0.0004630848620692277,0.9997892978001213
1741341933.123288,2,0.015265425275233687,4.6736354919529755e-05,0.003036768401584553,0.011145316884713418,0.0035542989706172172,0.0004268878352124971,0.9999314809711429
1741341933.1393323,2,0.015517292437021591,-5.882738021268956e-05,0.0008631972490771674,0.0002846609979556822,0.00214196595809639,0.0004941284912996155,0.9999975433904749
1741341933.1562955,2,0.015801931586208025,-8.40933877801463e-05,0.0003885767734074259,-0.004359889864480257,0.0013620256701597905,0.0005428044881973576,0.9999894207489052
1741341933.1726296,2,0.01603620717859862,-5.801302750803127e-05,0.000963996361692924,0.00026130082200506174,0.003996133211180525,0.00047132029417468484,0.999991870216163
1741341933.1891735,2,0.01587122716127747,0.00010304445850436059,0.003546392908284479,-0.06402261868305265,-0.0851923446801261,-0.0005726616149484447,0.9943053056096712
1741341933.2059958,2,0.015762823824666625,5.389239158670518e-05,0.0031441100643195027,0.011830582628165033,0.016371356088360364,-0.00036330107540570144,0.999795921189337
1741341933.2231185,2,0.015494945508058154,3.557967631416157e-05,0.0027685871870559643,0.01044267190567122,0.016344984514559735,-0.00037411241890985804,0.999811808354246
1741341933.2394576,2,0.015263728689303759,6.142632743123163e-05,0.003294478075634203,0.01131204615717327,0.004583255238476352,0.00032909180386050106,0.9999254587626728
1741341933.2558863,2,0.015480672301229157,-3.7541933496424114e-05,0.00130133896431715,0.0031830881174512732,0.002731640932941317,0.0005018685373178613,0.9999910770681012
1741341933.2730238,2,0.015784331514257847,-7.857514757388711e-05,0.0003949613582661797,-0.00360401607380051,0.0011095334263838015,0.0005157288225351741,0.9999927569875179
1741341933.289404,2,0.01599951739559297,-4.278080405797311e-05,0.0012058006517435605,0.0010457582821801843,0.003997191145063449,0.00042972585534141277,0.9999913720569064
1741341933.3059032,2,0.015864843356870204,9.938833729943199e-05,0.0035075074319974907,-0.06390738050005619,-0.0852012745938508,-0.0005316623521840798,0.9943119766252178
1741341933.3228924,2,0.015762286021432065,5.15545776805827e-05,0.0031345047297333074,0.012253760716394356,0.016078467935084242,-0.00036676174988301794,0.9997955759568976
1741341933.3400183,2,0.015485771519586192,4.611009635038029e-05,0.0030260791580440935,0.011214406451713215,0.016958614964319427,-0.00038648372047516897,0.9997932251704658
1741341933.3561137,2,0.015279258719059876,4.384638244642387e-05,0.003125044773693198,0.012374616432790149,0.004191976232779018,0.0003424949890745497,0.9999145858025013
1741341933.3728123,2,0.015458916841547257,-3.729704706116671e-05,0.0014452801148613435,0.004406728934409169,0.002286521917379957,0.0005099267046501194,0.9999875461886393
1741341933.389672,2,0.015765426287299652,-7.182806226839418e-05,0.00048338339393419363,-0.0038296269608678714,0.0017565751575269563,0.0005043662937226682,0.9999909969673219
1741341933.4063125,2,0.01602009810107605,-5.527277670050335e-05,0.0008925027230817728,-0.0003517345888573869,0.002789739222362801,0.00045340692963725124,0.9999959440217777
1741341933.4228635,2,0.015871421374010854,0.00010268189502730794,0.0035144457862353556,-0.06395123726424856,-0.08505442048967989,-0.000543187716454579,0.9943217234651173
1741341933.4394755,2,0.015793647792508376,4.7569526544264446e-05,0.0030061656827219765,0.01130490618898148,0.01568017242972025,-0.0002617844138566495,0.9998131139155724
1741341933.4566176,2,0.015444850319438135,7.755375035150189e-05,0.003599500239871276,0.013226330252021329,0.0162890382426835,-0.00044284440080021373,0.9997797433985295
1741341933.4730241,2,0.015270529094185692,4.813322500177486e-05,0.003175583453641808,0.01182123232386369,0.005338781774103271,0.00027963614374709115,0.999915835297722
1741341933.4896877,2,0.015405275967888883,-2.0425595302802897e-05,0.001736831686943329,0.005111278142471315,-2.1207324309197446e-05,0.0005869910782260161,0.9999867648261519
1741341933.5067892,2,0.015793423326006722,-0.00010138609652397926,2.014400895888981e-05,-0.00596622509296193,0.00435083753090359,0.0004243087166113493,0.9999726467924175
1741341933.5234985,2,0.01597060853926866,-3.6810639421578153e-05,0.001350663248511048,0.0031703304600332145,0.006604637171813548,0.0003616535840055687,0.9999730981277887
1741341933.539768,2,0.015916246262114898,8.000414611917479e-05,0.00308375899118214,-0.061955426417358225,-0.08370398415378486,-0.00035360318819896815,0.9945627396695552
1741341933.556201,2,0.015824419166780634,4.683921364678511e-05,0.003017321909026776,0.011084114869862808,0.015479147379735823,-0.00027274286445695353,0.9998187155706167
1741341933.573124,2,0.015468628987588964,7.842219783779628e-05,0.003642341581068811,0.013800695800255924,0.015896464805739887,-0.00040779980135927866,0.9997783138783471
1741341933.5902257,2,0.015256774125659704,7.117164976573457e-05,0.0034797054253989657,0.01258287340126522,0.006865368674318295,0.00018486656384704403,0.9998972466380168
1741341933.6064584,2,0.01539323806007679,-2.4771906182301184e-05,0.001604639562388899,0.00424995908726744,-0.00045184371677597864,0.0006291119134985398,0.9999906689080716
1741341933.6236303,2,0.015743075384394543,-9.138890899204624e-05,0.00022283650093134577,-0.004447682204680645,0.004911993611686095,0.00043312567524654794,0.9999779511788819
1741341933.6398652,2,0.016007158688566725,-7.520605443922889e-05,0.0005008713347324036,-0.002977750930119484,0.00745786626355767,0.00031555390129448224,0.9999677063065229
1741341933.6562648,2,0.015977050311888466,4.005568101043216e-05,0.002906578537215441,0.009224215995480525,0.00560973883704686,0.00020975044414773983,0.9999416986375756
1741341933.673454,2,0.0158711731125863,4.0928064321061564e-05,0.0029133531047428303,0.010913648901603392,0.014179280747395107,-0.0002260665233847871,0.9998398817606077
1741341933.689997,2,0.015500675386510971,9.830175856654674e-05,0.0039338459984493085,0.014513997368473463,0.013499672544488318,-0.00029826882956616893,0.9998034875700748
1741341933.7065144,2,0.015263257456642252,8.248849117492497e-05,0.003701064152991492,0.013544428610229876,0.012354250020806765,-0.00018834474572937486,0.9998319286191567
1741341933.7233322,2,0.015354966161598461,-6.375910778596671e-06,0.0019640122534154356,0.006090865381125317,-0.0005005789389435135,0.0005806476382561598,0.9999811566364414
1741341933.7399294,2,0.015691684019748423,-7.669999005597505e-05,0.0004141302549602817,-0.004172533633609369,0.005052509669991345,0.0004151799491591547,0.9999784446350435
1741341933.7564754,2,0.01598486415929939,-6.939302011041868e-05,0.0005759873209064621,-0.0026059285895751448,0.004648219196185037,0.0004348317895977255,0.999985706955757
1741341933.7732356,2,0.01599042966570882,2.8745777884016122e-05,0.0027139217566207606,0.008043572513829969,0.004815981703968706,0.00023341804466577913,0.9999560254218474
1741341933.7900803,2,0.015869651349227878,5.874949918163265e-05,0.003296154030412613,0.012527200632484836,0.014808490604179379,-0.0003348051524485131,0.9998118151711598
1741341933.8067255,2,0.015562210390034074,8.640831145834661e-05,0.0037670008628310128,0.013880951359021985,0.013247256957645032,-0.0003280401930581225,0.999815843924319
1741341933.8235786,2,0.015227521737135806,0.00012658334441989993,0.004026408609043987,-0.06564013583012132,-0.09168847118157869,-0.0007141902212727684,0.9936217020339863
1741341933.8397338,2,0.015332393296643173,7.162992548293274e-06,0.0023021938382210847,0.007836433767642434,-0.00048654673118546355,0.0006104310425276583,0.9999689899952028
1741341933.8571332,2,0.015631718442589745,-5.9505862992215355e-05,0.0008103502767469983,-1.6504044132743114e-05,0.005512313329498013,0.00039579367199846666,0.9999847286217641
1741341933.8734648,2,0.01595665437445147,-7.248435110491453e-05,0.00048798231619296166,-0.003878023206003755,0.004887342743381016,0.00040479448115350467,0.9999804552881773
1741341933.8898942,2,0.016009068505783767,1.2716759891617449e-05,0.0023019155120447355,0.007454458563359801,0.00676340001479705,0.0002793473644645013,0.9999493034313374
1741341933.9067209,2,0.015870356911778582,7.504021322922018e-05,0.003566654890242742,0.013771981930707222,0.011338002382973325,-0.0001993568978822238,0.9998408585732488
1741341933.9233642,2,0.015595611430714522,8.972728672279891e-05,0.0038233810012857973,0.013836382424300879,0.01364989768288796,-0.00027613578276102613,0.9998110614329514
1741341933.940121,2,0.015363462292630314,6.299535887738605e-05,0.003333148989383656,0.012008002563407666,0.015286160902489286,-0.00028241030500352415,0.9998110128437874
1741341933.9565609,2,0.015286621445967654,4.033691171810552e-05,0.002975891982906535,0.010430135921553223,0.002041217180266336,0.0007341784494049276,0.9999432517293596
1741341933.9736211,2,0.015621073888897526,-7.352137183585177e-05,0.0005953980388070473,-0.0014729650175354968,0.006981706619030311,0.0003482441120392871,0.9999744821108093
1741341933.9904332,2,0.015928104966725688,-7.875784795981202e-05,0.000410609699932302,-0.004535789798209068,0.005068287175378872,0.0003885152290327931,0.9999767937967016
1741341934.0069036,2,0.015990832717860046,2.9861592099191756e-06,0.0021129521001079054,0.006937218923013671,0.004321937464915623,0.00033892290347572156,0.9999665399309264
1741341934.0236025,2,0.015876232575224504,6.818104115904503e-05,0.003397055026149087,0.012745432472902248,0.010065580846881896,-7.109271825966962e-06,0.9998681102939286
1741341934.0402093,2,0.01558759064489327,0.00011202082358845495,0.004194749877095863,0.014808190502436,0.014064154385188482,-0.00032047668734351147,0.9997913854150605
1741341934.0569158,2,0.01540573313876049,5.170883402640377e-05,0.0030618339476198527,0.010771910622260827,0.014565810744942828,-0.00020384248173503712,0.9998358673037946
1741341934.0736651,2,0.01530103559996981,3.96139336696909e-05,0.0029194263470799825,0.010489977305068102,0.0010265361567127183,0.0005792218171025182,0.9999442839987359
1741341934.090273,2,0.015594769462835202,-6.195017455422509e-05,0.0007714058533578694,-0.0001240141249104556,0.007310891010337034,0.0003339502095846572,0.9999732116263862
1741341934.1069226,2,0.01590094782989672,-8.025196272792794e-05,0.00043471873421609814,-0.004303364100280375,0.00442247879536431,0.0004133799137062568,0.9999808757450174
1741341934.1245768,2,0.015995197655842737,-1.7360778736621557e-05,0.0017593889438436221,0.004562398123968506,0.003279448073708291,0.0004308734302757621,0.999984121919832
1741341934.1402135,2,0.015859660471826784,7.053977939438559e-05,0.0035075588250986335,0.013362696692292012,0.00973669843921576,6.456901307977332e-05,0.999863306093116
1741341934.1568868,2,0.015597335645544885,0.00010385953985148061,0.004147621199948955,0.015246858046854522,0.013876643101781536,-0.00026637315942589575,0.9997874279771999
1741341934.1738858,2,0.015426169539632174,4.7688546378850016e-05,0.0029482677722841343,0.010362517166921967,0.014221893088613652,-0.00020057419442855056,0.9998451458925696
1741341934.1904473,2,0.01531298846579372,4.19943711520593e-05,0.002845663730026768,0.009982489601076753,0.0014135536681095004,0.0004841687154093576,0.999949057376448
1741341934.2079165,2,0.015573520432853415,-5.273952142305583e-05,0.0009446900125380613,3.0600791794853484e-05,0.00789105592121009,0.00031564720087416903,0.9999688148471854
1741341934.223797,2,0.015862959430720993,-6.347670157896105e-05,0.0006652513891732625,-0.0041629052640805644,0.005433865305057615,0.00038930071422331084,0.9999764956100532
1741341934.24047,2,0.01599575121946804,-2.3099996604754184e-05,0.0015681744789162848,0.0037909526929883635,0.002782684299701566,0.0005079560990595636,0.9999888136006168
1741341934.2571952,2,0.015863282053628247,7.084450686313313e-05,0.0035154162083173577,0.01324620173308397,0.009378760017653164,7.701601690418908e-05,0.9998682768588626
1741341934.273846,2,0.015586879002866304,0.00011998392944470235,0.004466280289148935,0.01614851339295193,0.014235558680518979,-0.00026527890551097396,0.9997682251458851
1741341934.2901459,2,0.01542920732599627,5.148645956450324e-05,0.0030610430904369984,0.010930029148446395,0.015250934327640726,-0.00027291393944683544,0.9998239189892036
1741341934.3071795,2,0.015292459183063378,4.596459026631806e-05,0.003055234285509659,0.011099401351347874,0.0023247652161952994,0.000491834986940561,0.9999355763521353
1741341934.3239982,2,0.015557668755428966,-5.257782948275707e-05,0.000937019266318788,-8.7471322969741e-05,0.0072680209615190545,0.0002816820979378396,0.9999735440876755
1741341934.3403256,2,0.015829080770092114,-6.2307602896896e-05,0.0006848919394504616,-0.0033289697834745294,0.0005212346807508488,0.0005451137643843657,0.9999941745458181
1741341934.3571312,2,0.016005186987921898,-3.258803040731262e-05,0.0013609845174077902,0.001645026850353954,0.002718517559379923,0.0004441206721933716,0.9999948531396398
1741341934.3735998,2,0.015903445379201946,5.414024862478176e-05,0.0031296668357695887,0.011522228725464385,0.008177141828667953,-8.615970600546187e-06,0.99990018127935
1741341934.3907194,2,0.015615268757867432,0.00010718279607644168,0.004221473619911156,0.015404627584884725,0.01656267182579429,-0.0004459483356348526,0.999744055486725
1741341934.4070249,2,0.015461266433135888,3.8254717388492215e-05,0.0028752999849895873,0.010308904345705763,0.015617426408858232,-0.0003062162382965677,0.9998248490186521
1741341934.4239292,2,0.015274520314435379,5.691516798147484e-05,0.003266710753763926,0.011588594065263589,0.0032682510685338208,0.000439832818538919,0.9999274121503198
1741341934.4406898,2,0.015543676641558587,-5.606129765256251e-05,0.000899462962575317,4.438720964245425e-05,0.006995165232311713,0.0003060181946600754,0.9999754857225315
1741341934.4573104,2,0.01581972764858823,-7.365675911940018e-05,0.0005126116421548139,-0.0038203610299846445,3.779885562110624e-05,0.0005562319744740562,0.9999925469816451
1741341934.4737659,2,0.01601338078474801,-4.481161041394118e-05,0.0010890495503006945,0.0009414326236298765,0.0018120216144117771,0.0005171881822481685,0.999997781396873
1741341934.4904525,2,0.0158853581005,7.667852413734025e-05,0.0035547822354277687,0.01335141025551116,0.009837266385810419,-3.3940480517267764e-05,0.9998624739844413
1741341934.5075178,2,0.01565839332563213,0.00010061546081614621,0.00405244887113192,0.014670468247950649,0.01493791747149125,-0.0003215656286245515,0.9997807422522937
1741341934.5242076,2,0.015414756187109137,9.426587373348576e-05,0.0033149858256274205,-0.06269433650856265,-0.09464113313313505,-0.0005206225472354362,0.9935352057381713
1741341934.540604,2,0.01525944361554629,7.632533734561298e-05,0.0035984370231287787,0.013152742745977896,0.004932083741766896,0.0003506074269396794,0.9999012736178781
1741341934.5580297,2,0.015463890316496144,-1.1784557730753889e-05,0.0018487482071578398,0.004637558985162402,0.00446744418583944,0.0004028106448342855,0.9999791861497368
1741341934.5747075,2,0.015782404805150033,-7.45887279708462e-05,0.0005740649840204567,-0.002641330618090578,0.0016368749106690612,0.0005207569101302685,0.999995036400348
1741341934.5905232,2,0.016025865144346445,-6.383073778428189e-05,0.0007512482939822425,-0.0005914364225045126,0.0009548220664342453,0.0005538995328575287,0.9999992158562362
1741341934.6071734,2,0.015903800589013414,6.790747746903523e-05,0.0034614781034707043,0.012547194287118658,0.009851917271365734,-5.500682880850995e-05,0.9998727442109061
1741341934.6247218,2,0.01576216794154494,5.849803710041486e-05,0.003232336518754983,0.012346732759405893,0.015539830677558411,-0.00034642761787452537,0.9998029565072241
1741341934.6405816,2,0.0154297198522369,0.00010035533692302805,0.003966561642983928,0.01434742820919509,0.01582134494469798,-0.0004722575885007172,0.9997717806183034
1741341934.6572385,2,0.015179053310085174,0.00014483043158155845,0.004966037700680325,0.018164699397018445,0.009348188345255852,0.00011137404654560496,0.9997912995552117
1741341934.6745732,2,0.015463072545949218,-2.1140751460755557e-05,0.0016121038379147631,0.003877505760053913,0.0031990024039684354,0.0005442106339200048,0.9999872175020469
1741341934.6909976,2,0.015794934570516898,-9.018315949614044e-05,0.00020639371898912974,-0.0034835650233435056,0.0028630065247192186,0.0005963251397613587,0.9999896561288498
1741341934.7073367,2,0.01598553168709703,-5.645947645029097e-05,0.0008753123130694184,-0.0006937658950452898,0.0068214004132823285,0.0003207342927275288,0.9999764418799064
1741341934.7240121,2,0.01592031972911393,5.401681347951887e-05,0.0031914221623082157,0.011967067140438216,0.008070798918938334,0.0001031943333782161,0.9998958150026411
1741341934.7406576,2,0.015677703249449948,7.623893026039946e-05,0.0038150667144261517,0.013413316212924124,0.024570068772687147,-0.0009219612649213309,0.999607695376593
1741341934.757898,2,0.015142439743528174,9.517261466004534e-05,0.005130987011410929,0.016985075262047244,0.02345761721710534,-0.0008216294719320409,0.9995801980520869
1741341934.774069,2,0.014372574095083763,7.081780319596271e-05,0.005344982131800202,0.019190792880648653,0.07332786418462509,-0.0044037078800684745,0.9971135066579132
1741341934.790884,2,0.012145696965515007,0.0001681749483569161,0.006213224888677444,-0.07729544918243941,-0.16822897834551379,-0.0038821481172067068,0.9827051202199496
1741341934.8075788,2,0.010812137580898253,0.00011404041336394607,0.0041266725136703,-0.0682136285401335,-0.12847599149480726,-0.001685230873552417,0.9893624110950029
1741341934.8241937,2,0.009738551655381775,0.00011485006577680344,0.0044135762343572235,-0.06485809403792817,-0.11112698451914733,-0.0009244044706626677,0.9916871313200667
1741341934.8410032,2,0.010153263659936636,-0.00021642026447516236,-0.001366751105625796,-0.0225140198588985,0.016592728493694094,0.00044464259338834224,0.999608724733779
1741341934.8577464,2,0.010994288987819697,-0.00020228316340797358,-0.00251106282810495,-0.024304822684023973,0.0060529213164544175,0.0005054832977090733,0.9996861418587689
1741341934.8743637,2,0.010519747384732669,0.000169237425021112,0.005165201413320017,0.015201203352675656,0.01884541625479677,-0.0003379310771573071,0.9997067867657001
1741341934.8910162,2,0.009861259268847095,9.752313343876386e-05,0.004464272797829841,0.01868104899026653,0.058895760742098756,-0.0032793875850454174,0.9980839410552098
1741341934.9075742,2,0.007899481470319956,0.00027758786154899456,0.005805850721519092,-0.07553593602724502,-0.1731045644428581,-0.00360381042588882,0.9819960003421351
1741341934.924255,2,0.005312712865862164,0.0003701342517175171,0.008512288734134687,-0.07614664422551996,-0.17115738570202396,-0.0038861743815454927,0.9822890285152924
1741341934.9414318,2,0.004216038825202255,0.00010091001227675597,0.004679456162236564,-0.06817263829116528,-0.10698098400921,-0.0010432071978217054,0.9919205977131363
1741341934.9575548,2,0.004548720413482287,-0.0001723183644159412,-0.0007125389840258903,-0.013475096293013548,0.007977557818726631,0.0006274697241906998,0.9998771857747771
1741341934.975542,2,0.005417761662115386,-0.00010777492020719724,0.0004600032397202055,-0.0026390946656966396,-0.14202757671390817,0.007645872073427655,0.9898296536638803
1741341934.9909925,2,0.007123092851940044,-7.929036621918382e-05,0.00041431495813400453,-0.04952250351393281,0.06333785394033907,0.0006279163876994755,0.9967624810479951
1741341935.007497,2,0.007896263872105257,-9.390164464351646e-05,6.481824717745432e-06,-0.044123084080662706,-0.07821519800074267,0.0012845542015395065,0.9959587773464416
1741341935.024572,2,0.0075835260431295504,0.00012918214633102635,0.0040163065172241184,-0.06706936787377354,-0.09315535328239316,-0.0008270528430270262,0.9933896999825595
1741341935.0409832,2,0.006944681840169669,0.0001351100789466916,0.004965542263176902,0.018928941408321576,0.04498638432694931,-0.002486105479836287,0.9988051560148713
1741341935.0577552,2,0.006383225347347146,-1.3140067570381215e-05,0.0024561306477412937,0.0072772063484476,0.014961287872504753,-0.0001922353209719772,0.9998615730082537
1741341935.0745993,2,0.0069211811063665,-0.00020827224926360833,-0.0019946332844300923,-0.021546790822667,-0.08613837043611589,0.003064233198687912,0.9960454444545986
1741341935.091225,2,0.007596287222228913,-0.00010401921734662565,-0.0007660559560233128,-0.011812684115486508,-0.10430551274125052,0.004733214301841374,0.9944638843055817
1741341935.1077344,2,0.008569847357814617,-6.655798648543631e-05,0.0003599028634904532,-0.03908937432684841,0.040075843443415,-2.1277878539412293e-05,0.9984317438534726
1741341935.1251996,2,0.009012292206884983,-4.8846553770894686e-05,0.001351318176928759,-0.05074780038136358,-0.07521657808412706,0.000345595848993566,0.9958749960217281
1741341935.1411984,2,0.00849143897234251,0.00013240227098536102,0.004444372538765501,-0.06857503328001159,-0.09938690048515898,-0.001215734762486402,0.992682341341673
1741341935.158094,2,0.008051781111333138,0.00011612948032124914,0.004172373853035173,0.014690531981485032,0.021989798339123567,-0.0011734313194176128,0.999649568647956
1741341935.1744678,2,0.0080515124374348,5.037162422880718e-06,0.0017586702973940572,-0.0496131649936438,-0.07856325036345597,0.0004207232692914117,0.995673727956891
1741341935.1911793,2,0.00885597497057604,-0.0001228942756264997,-8.986779301119129e-05,-0.005089891341257729,-0.1270003214874049,0.006287183976982808,0.9918696903655588
1741341935.2083628,2,0.01045688208265157,-3.888527190959034e-05,0.0003893819532623133,-0.050029095931294384,0.07528472692999262,0.0003799897187854579,0.9959061979218662
1741341935.2246006,2,0.01193096704779188,-3.930748775525958e-05,0.000614882888302706,-0.044024380400828525,0.05353254531229095,0.0002814750602420455,0.9975951289448547
1741341935.2412698,2,0.01272374113866605,-0.0001008477687682467,-0.00013236090196667983,-0.044219278895769376,-0.07659499448696194,0.0009665375648207982,0.9960807838717783
1741341935.2582214,2,0.0121024265087334,0.00019514174795299137,0.005697196608868018,0.024093907656669692,0.04314779445656724,-0.002691897590688206,0.9987745016442535
1741341935.274856,2,0.01105934112238268,0.0002139608589623982,0.005354379124915895,-0.07026288087482306,-0.12363949209661489,-0.0020048705569923404,0.9898345235741737
1741341935.2913957,2,0.010511445923695668,0.00011542858071611637,0.004258208482601642,-0.06608911629887561,-0.09024235134479146,-0.0009725331116278174,0.9937241070387413
1741341935.3079832,2,0.011105212417972446,-0.00019229070443259775,-0.0013251636145039105,-0.019189290561358794,-0.09340495492717943,0.0031923358640667783,0.9954381419829835
1741341935.3250597,2,0.012160071143920707,-0.00010670883848100607,0.0001812369428366063,-0.00033267639792752894,-0.14579462161299062,0.007890116560513864,0.9892833586469555
1741341935.3416097,2,0.013854907795673126,-6.900151325663271e-05,0.0005800436485740752,-0.047745734696623424,0.06492492772450646,0.00010526349068994466,0.996747253569251
1741341935.357911,2,0.015027784779311633,-0.00017521896102217044,-0.0010264261388222874,-0.02695985549395812,0.018981150769356785,7.726959967072117e-05,0.9994562902581707
1741341935.3746147,2,0.014809704423727183,7.240650727755278e-05,0.003766001822393029,0.017431132057016373,0.0136225617248118,-0.00033389871484248334,0.9997552050171645
1741341935.3916786,2,0.013986281116940872,0.000174559481524464,0.005586518181454563,0.02111745021694869,0.051412863256137746,-0.0032466218771238305,0.9984489121805519
1741341935.4083514,2,0.013093847148816057,0.00018492833957191364,0.005501567565346775,-0.06981434934504112,-0.10597350400970831,-0.0016726813478192902,0.991913693428285
1741341935.425208,2,0.013213262190283391,-4.736927827988531e-05,0.0012044431442765594,-0.052593882256710314,-0.0834747386055944,0.0002507776771803181,0.9951209919775844
1741341935.4422526,2,0.013830005602272698,-0.00017087535534758468,-0.0014066370893970857,-0.02208777548279507,-0.0953259990990232,0.0033035240521737696,0.995195544000691
1741341935.4581351,2,0.014527908524997413,-9.841354725651954e-05,6.884075399937811e-05,-0.017936627374707238,-0.10426836421625818,0.003972881452810557,0.9943795059407895
1741341935.4753737,2,0.01480226190038026,-4.191653249772561e-06,0.0024970862674440274,-0.057456715326287884,-0.08122530266978191,-0.0002143761950359372,0.9950382556027498
1741341935.4925697,2,0.01438433227711269,0.00010229782872089474,0.004987930408397804,0.02078598852864666,0.026147200613754088,-0.001368885853768378,0.9994410401481773
1741341935.5085578,2,0.013570681112126344,0.00018145473884691591,0.0050462047464602585,-0.07066587496391759,-0.12002265824982991,-0.0017497458024161826,0.9902513993990897
1741341935.5252492,2,0.012931287671197956,0.00013019193387022327,0.004431366348436855,-0.06575673574639554,-0.098812982730364,-0.0011393848887591362,0.992930384241505
1741341935.5416188,2,0.013462527654167033,-0.00018870846466184895,-0.0011879323191210924,-0.019039302806002044,0.008546353610917086,0.0003064997633654386,0.9997821616964936
1741341935.5595734,2,0.01421565455841418,-0.00016957536814389714,-0.0013331159638147398,-0.011002754821234365,-0.11199301365194306,0.0052972978779886595,0.9936339582133308
1741341935.5763385,2,0.015189330467163871,-0.0001034237529698621,-0.0004913847809816111,-0.035342751654640514,0.03193757940605554,0.00016660453850790495,0.9988647822253461
1741341935.591918,2,0.015361894181923618,3.402257674099116e-05,0.0025795313372772395,-0.058158860194124896,-0.09055686965824453,0.00010401598495180302,0.9941916261562932
1741341935.6085649,2,0.014698532652745809,0.00014723704448080957,0.00530012776950751,0.022164766718302073,0.051999312978668534,-0.003133226560037794,0.9983962026457198
1741341935.6255553,2,0.013323129559775134,0.00024434601613608086,0.006821767999627584,0.024643487766282186,0.07049864491050396,-0.004745012796852602,0.9971961313753948
1741341935.6417072,2,0.012028295459534502,0.00023297045638126865,0.006328725007905979,-0.07316300326535362,-0.12708983312101263,-0.0025150679090832346,0.9891860409972837
1741341935.6584425,2,0.011869705425946859,-4.438429130883741e-06,0.0021775856747820984,-0.05713072321549966,-0.08102194557081173,2.146722073506363e-05,0.9950736275974521
1741341935.6756809,2,0.012628650978441285,-0.00016031102415873597,-0.0009426574519744942,-0.011196154754941512,-0.110604819782254,0.004988764160996541,0.9937888770718781
1741341935.6916425,2,0.013665208913612878,-0.00012027548465137141,-0.0003380848696235897,-0.01077322262759844,-0.11785439939729828,0.005504124032335766,0.9929571908373266
1741341935.7085714,2,0.014546652549387995,-0.00015146641484514936,-0.0008551307667570264,-0.03447079312996697,-0.08599809078712255,0.0021358402707078515,0.9956965054615281
1741341935.7251937,2,0.014167568140512022,0.0001086446287291352,0.004430630862596607,0.018134676752549306,0.030263424245248378,-0.001334448651101658,0.9993765446010979
1741341935.7418036,2,0.013054557787224901,0.00023922278309669866,0.005954465842947641,-0.0735137531123006,-0.13529675202704403,-0.0025414910658649354,0.9880708769199901
1741341935.7588744,2,0.011964873180495576,0.00021239426108046213,0.005657999370740629,-0.07118273953249513,-0.1252095682370195,-0.0019300337806859283,0.98957155202853
1741341935.7750323,2,0.011615031771473978,4.197017743292057e-05,0.0027335223341008554,-0.06027688023771956,-0.08938904403541878,-0.0003683159318068204,0.9941710923470949
1741341935.792097,2,0.012157375156721079,-0.0001624306493182483,-0.0012871302544351167,-0.020881103962039346,-0.09102110625730135,0.0033601188412222477,0.9956243505029376
1741341935.8084302,2,0.012910678010962143,-0.00010741037386976715,-0.0002883221835022923,-0.012769313529006844,-0.10729290395979894,0.004758594206969345,0.9941340619720485
1741341935.8251827,2,0.013552780512838411,-0.00010661376302010254,0.00021800797720285584,-0.03947666106605853,-0.08440095547397132,0.0015985116725554833,0.9956482896618609
1741341935.8421977,2,0.013252375451398504,0.00010150643592306025,0.004722335802584866,0.019786633146771815,0.02057013133051357,-0.0008428543062650245,0.9995922410875241
1741341935.858642,2,0.012465767580271667,0.00018765125882241337,0.00580363814876422,0.02367995622181358,0.049627192670274545,-0.0031571180180999894,0.9984820649500021
1741341935.8752174,2,0.011566331223329228,0.00017634173433831628,0.004952366189578915,-0.06915918583924713,-0.11010944149235512,-0.0015814976355227111,0.9915091612151261
1741341935.8921158,2,0.011563690539057111,-4.0307967603286766e-05,0.0017170074302420557,0.0027812056957018014,-0.0012172691435333007,0.0005805457589292854,0.9999952230472564
1741341935.9090936,2,0.0122478571546751,-0.00018461189419851336,-0.0016047681544418644,-0.014191018595484184,-0.10107581629839994,0.0044246341176192566,0.9947676698424411
1741341935.9253929,2,0.013195957330612964,-5.578358591201402e-05,0.00023367469256546785,-0.04377663066874398,0.04532627521130957,0.000345945433609992,0.9980125328394018
1741341935.9421964,2,0.01402591898444224,-0.00012647133135418074,-0.0005412922734547829,-0.035448430273407716,-0.08656700161620258,0.002140227070411584,0.9956128677605663
1741341935.9586303,2,0.013631555851548755,0.0001264349406210635,0.00490991340925279,0.02172828869100898,0.023458525834447373,-0.0009695210149816718,0.9994881885571416
1741341935.9758873,2,0.012737522495392763,0.0002004220894872421,0.005887483530257683,0.022109360058112593,0.0573929574501982,-0.00361689779997124,0.9981002668485992
1741341935.991978,2,0.011563441493135044,0.00020863936618879618,0.005652320935748574,-0.0710367183042617,-0.1259768458988108,-0.0021775882143908257,0.9894841469470427
1741341936.0086327,2,0.011318571386007477,2.1353030971965576e-06,0.0026495231018412832,0.010106165716441856,0.008864434354945029,-7.265784446084652e-05,0.999909636886712
1741341936.0259764,2,0.011933084538080256,-0.00016411963935206655,-0.0011556644901327222,-0.01372310013813872,-0.10242429077848834,0.004426636356882833,0.9946362883344274
1741341936.0420957,2,0.012895987048486815,-6.45299586521188e-05,0.0006134766188907744,-0.0013698185641861048,-0.13200322025502018,0.007060569142171105,0.9912231947461653
1741341936.0588748,2,0.01418825834406039,-9.985177867188793e-05,-0.00013820633149485748,-0.03959852651869865,0.0328564646646042,0.00017283829112761475,0.998675312378461
1741341936.0754871,2,0.014385033633914862,2.788080975794237e-06,0.002344755207539614,0.008330368689879245,0.009159453204524244,0.00012629770980348594,0.9999233437735982
1741341936.0924728,2,0.013716300422541383,0.00017996446393719372,0.00551374483476132,0.020770324098134126,0.041124125039684586,-0.0022123672278174973,0.9989356863221116
1741341936.1094673,2,0.012672529864191207,0.00023478169725623727,0.005888025430494611,-0.0706669188867477,-0.12467609090113979,-0.0018928998424239962,0.9896759448743063
1741341936.1262007,2,0.012136618060396965,0.00013048039512064807,0.004458562874741674,-0.0664170778582909,-0.09407455367064076,-0.0008885104886088973,0.993346848119803
1741341936.1425543,2,0.012711345073625174,-0.00018117177950349337,-0.0014827872635594576,-0.027848638080605004,-0.08837173811870043,0.0025285812364357315,0.9956949811743886
1741341936.1589873,2,0.013415164851935828,-0.00012164719907388464,-0.0005430618124121286,-0.010746126047302004,-0.11237526028546153,0.005187123450006844,0.9935941905028756
1741341936.1756058,2,0.014379151755763743,-0.00013275899440519284,-0.0005567960295302869,-0.029892828901681216,0.023647032454926192,0.00021186199257659913,0.9992733318521148
1741341936.1926305,2,0.0143915361328523,4.366398411891787e-05,0.003458833961359826,0.012970342306819206,0.008207369767516863,0.0001189166109265097,0.9998821906408688
1741341936.209231,2,0.013868696717917406,0.00014117035478016123,0.005032478167633863,0.021581464777626617,0.03572895360306066,-0.0018876490522024354,0.9991266781712608
1741341936.2255347,2,0.01303458542147075,0.00019922907244857786,0.00586204152843814,0.02050416035938284,0.03880110345214244,-0.0021132680309882716,0.9990343276770234
1741341936.2424421,2,0.01272475694501483,5.075692798746655e-05,0.0029753398414843735,-0.06072527591585317,-0.09071636945655913,-0.00036703579334586197,0.9940235643395438
1741341936.2594671,2,0.013296170621501128,-0.00018855106192455047,-0.0015656783346011736,-0.022417278300662948,-0.09056447286605927,0.003290826910921577,0.9956328200427735
1741341936.2758217,2,0.014047902374718016,-9.622937145083877e-05,-0.0001939430781820108,-0.010616577749233663,-0.11459484943710613,0.00527723027568784,0.9933415624043922
1741341936.2929132,2,0.01499611017305256,-0.00010969941114254375,-0.00030473858471309514,-0.02847654043241657,0.021404886264865555,0.0002060334552261922,0.9993652360569706
1741341936.309251,2,0.014972369972979804,4.423024727378569e-05,0.003345282215149061,0.012903849974880591,0.015522060382766288,-0.00025212130193242677,0.9997962256040721
1741341936.3262272,2,0.014261564638024521,0.00018358061329391676,0.0057019933602268785,0.02167062527942703,0.044312288840915474,-0.002622358492698198,0.9987792189936742
1741341936.3428173,2,0.013279546136890084,0.00021935313633039628,0.006303892252429534,0.021660252984231784,0.048346497472500936,-0.0028792457309659318,0.9985915879711892
1741341936.359099,2,0.012704689736445075,0.000106853282594628,0.003886624673808101,-0.06377472480256757,-0.09317394519135792,-0.0008067904825607745,0.9936049262674537
1741341936.3761008,2,0.013266477570943994,-0.00017259457298401083,-0.0012987602678102472,-0.02335349594017373,0.01196025844967307,0.0003238280237521971,0.9996556715092454
1741341936.3923965,2,0.014012798017560635,-0.00010967923805152419,-0.00028615119471139464,-0.006848253425851831,-0.1202618330621729,0.005781882011217827,0.9927017491542712
1741341936.409332,2,0.015100499351377207,-9.510020915583354e-05,-6.590270658582123e-05,-0.03800312842162961,0.031558712265315696,7.122427392557208e-05,0.9987791571901302
1741341936.4263675,2,0.015342558450311482,1.0186079332773912e-06,0.002477888822452519,0.007736051337550522,0.0034631343146480776,0.00047566204098958284,0.9999639663288094
1741341936.4427273,2,0.014746069847032148,0.0001933252604461479,0.0060226005993302655,0.023220551292069794,0.0406584435718419,-0.0022771775528980876,0.9989006514295604
1741341936.4592352,2,0.013832622167126083,0.00017773558847561328,0.005517084172407089,0.020044993333727137,0.051932826458319065,-0.002987233088750411,0.9984449189698822
1741341936.4759471,2,0.013007860909849147,0.00014764106303987508,0.004663049514416808,-0.06811444748529137,-0.10387570463775193,-0.0013446767538897889,0.9922542274408366
1741341936.4927554,2,0.013329521806323408,-0.00012854023546564407,-0.00020261193435166492,-0.004357819571700799,0.000879430870878701,0.0006524998151471814,0.9999899050760038
1741341936.5091503,2,0.013968606100159318,-0.00014735132722107488,-0.0010535614115827997,-0.013478577651766313,-0.10715920187870197,0.0047308683667518555,0.9941392519570392
1741341936.52595,2,0.014796687154089605,-0.00010394109157598399,-0.00021929480905351158,-0.017504348979837932,-0.10295662206897609,0.004104437798139645,0.9945233457940036
1741341936.5424092,2,0.015134097534045857,-5.067664151145023e-05,0.0015178765504013582,0.00194155829632698,0.008269287051162888,0.0001080601394309331,0.9999639181320763
1741341936.5595706,2,0.014604900487759514,0.00012551792983274155,0.004883131048896654,0.02055222597993731,0.032628274202417366,-0.001624110481136964,0.999254904413777
1741341936.5767245,2,0.013759021156797365,0.00016572799327334927,0.0053168676002019145,0.020506874938812102,0.04603997018655565,-0.00256243978695425,0.9987257997707895
1741341936.5924344,2,0.013035048470688117,0.00013563107201630963,0.004428278123990098,-0.06675893663463775,-0.0991782517976586,-0.00111502029427398,0.9928271125828081
1741341936.6098242,2,0.013448681040098715,-0.0001554118913956642,-0.0006543884669867409,-0.008856999378329596,0.007792295844587176,0.0004153358775012064,0.9999303281647135
1741341936.6264317,2,0.014096215941114503,-0.00013809137222943403,-0.000857505352850098,-0.011709859339867214,-0.10800648658321847,0.004946530980697842,0.9940689160623858
1741341936.6427803,2,0.015051979142507409,-0.0001099130857211946,-0.0005137448384205564,-0.036969783408236284,0.028428743099718854,0.0001367996786245425,0.9989119195236216
1741341936.659306,2,0.015217711149377519,4.0537643020698924e-05,0.002611481604461169,-0.056295256186850814,-0.08218502070464864,0.0002420052570835057,0.9950258327983695
1741341936.6759486,2,0.014706838004934579,0.00017147565169115046,0.005644903177640796,0.022892769161689207,0.035638761763146856,-0.0019645060606677542,0.9991005657570398
1741341936.6927853,2,0.01381700471657892,0.00016608603925856658,0.005314959517585651,0.020475003219047994,0.051427589291936325,-0.0031414208819425284,0.9984618714691325
1741341936.7095423,2,0.012890825561971023,0.00016788049690201988,0.004984338607417823,-0.06897866376757468,-0.10833574461960485,-0.0014376171374874437,0.9917173204293256
1741341936.7264018,2,0.013115853418144035,-9.313767793166373e-05,0.0005314250849182639,-0.0007747756423311872,0.00026207970231807975,0.0005885470891818008,0.9999994923244999
1741341936.7431142,2,0.013828979271723899,-0.00014480060779061674,-0.0009284402083059178,-0.010488410200591169,-0.11041357234233122,0.005201502999877999,0.9938167741895944
1741341936.759336,2,0.014796335185081564,-0.00010798673224287468,-0.0002528360291785814,-0.013869335889250529,-0.11323168486659249,0.005147879687167457,0.9934584673749528
1741341936.7768745,2,0.015419213103199492,-8.211100489612062e-05,0.00038177574548171184,-0.045570604313801506,-0.07962837148238881,0.0011831509974282776,0.9957817243910709
1741341936.7929924,2,0.014975042353012797,0.0001350637897745045,0.00485784487269992,0.01921739430351829,0.028500985254325907,-0.001251313004776982,0.9994082348127216
1741341936.8096013,2,0.01408154725950467,0.00020074827534874494,0.005965873589149425,0.02284715124800729,0.050075541378665885,-0.0031459891002018642,0.9984791187541509
1741341936.8261845,2,0.01316792366972321,0.00016036207112054022,0.004715741719560188,-0.06752615029009214,-0.11455224966227391,-0.001331345733095358,0.9911186753577248
1741341936.8430696,2,0.013056722141210507,-2.294589520218725e-06,0.002352851732937718,0.007517165460861763,0.0012774774335385026,0.0005263100675847474,0.9999707912097
1741341936.8596342,2,0.013754316844030494,-0.0001636965806102613,-0.001293963344413301,-0.017134993451036484,-0.10010681130672859,0.004136415696569109,0.9948205407984986
1741341936.8764052,2,0.014606835056282753,-8.307035932094628e-05,-3.4538545642953e-06,-0.03698456403559513,0.03432793714257227,0.00025230284049439266,0.9987260240415834
1741341936.892927,2,0.015293243689790965,-0.00013227606322081323,-0.0004658433360894319,-0.038560655920299926,-0.0846925466437481,0.0018768260489896212,0.99565894054238
1741341936.9096196,2,0.014981143010882306,9.142686694408651e-05,0.004168422259931522,0.01701037853616193,0.023713582746950537,-0.0008931287742450411,0.9995736667881726
1741341936.9263127,2,0.014190073065660733,0.00017110307906758747,0.005487672428819855,0.02158031093627097,0.04357881492403975,-0.002558513104931688,0.9988136117816988
1741341936.9429555,2,0.013326447657387365,0.00019932936951790324,0.005475932573234972,-0.06982979292928021,-0.11049454457741235,-0.0014328511686295575,0.9914195391334653
1741341936.9602876,2,0.013314838123381583,8.963045905005341e-06,0.002528030928338547,0.007758335740163819,0.003483149071615,0.00021074440402909725,0.999963815088268
1741341936.9767973,2,0.01399921708060296,-0.0001643249243061434,-0.0013657568330768823,-0.017818786862771246,-0.09805747441688573,0.003945769033822155,0.9950133936045548
1741341936.9931936,2,0.014850829594684735,-0.0001003769136910727,-0.0004194737439003472,-0.037737749340760456,0.0314583360017413,0.00020206902375923254,0.9987923680819778
1741341937.0099056,2,0.015453758385951226,-0.00010927173808891887,-0.0001812516898747471,-0.040347889228921734,-0.0814901351756389,0.0015138590359546676,0.9958559704769792
1741341937.0263078,2,0.015080132610703387,0.00014297042915550266,0.005149893800498553,0.019519300404473233,0.02143425510346612,-0.0008561608356302111,0.9995793298225524
1741341937.0429718,2,0.014356585483731329,0.00015874318152266477,0.005236291324571801,0.019758813539081665,0.047668943575973476,-0.002935822338331033,0.9986634278139338
1741341937.0600932,2,0.01337541322799518,0.00021981275232154865,0.0057655878405584605,-0.07054929437159281,-0.11382315239285064,-0.0016143142678568213,0.9909916654707389
1741341937.0765836,2,0.013288663974121593,2.8790442628321183e-05,0.0029266898208215077,0.009603748131300306,0.004304453933666451,6.329942656745187e-05,0.9999446163119966
1741341937.0931776,2,0.0139384140599768,-0.00016716151309540352,-0.0012701082592849985,-0.018116231187286187,-0.0970145589093967,0.0036675291362918026,0.9951113137519936
1741341937.1099205,2,0.0148344420749749,-0.00010150167978515997,-0.00040710146424432483,-0.03844475074532956,0.036986328722436616,0.00021008721371280635,0.9985759703152925
1741341937.1273098,2,0.015555924624846429,-0.00010495191574753147,-0.00023126215601738278,-0.032277634078644805,-0.09087566112105938,0.002493510655425556,0.9953358985582237
1741341937.1438549,2,0.015428989060170182,4.377705543456675e-05,0.0031856409930022204,0.013332484074377898,0.01763972641145132,-0.000434383040190331,0.9997554182058279
1741341937.1600032,2,0.014699791720849124,0.00014307732983025043,0.004827381088830964,0.019987659885151037,0.0430308237534134,-0.002487969003417574,0.9988706881622146
1741341937.1766577,2,0.013707631637054267,0.00020673698452617825,0.0054764896112388575,-0.07078897367629804,-0.1159579799094438,-0.0015810747640415534,0.9907270907287071
1741341937.1936345,2,0.013418945216790318,6.833731164495216e-05,0.0032417908501015985,-0.06252573349927548,-0.08979907172533041,-0.0005662261780281507,0.9939951402072155
1741341937.210606,2,0.014053876898397525,-0.00017141645932549975,-0.0013964162873387536,-0.024655692398670492,0.01398399196681451,0.00024030165949419024,0.9995981627914922
1741341937.2269218,2,0.014752794226640269,-0.00012578902201625675,-0.0006393999217074598,-0.014707207719273174,-0.11065748584181341,0.004768554570721642,0.9937383356576202
1741341937.2434068,2,0.015507960705307562,-0.00011181941278177169,-0.00022699836818394797,-0.02996726869740368,-0.09208423907484137,0.00263981210161669,0.9952966829608613
1741341937.2601988,2,0.01545763772860132,2.5276487724065568e-05,0.0029096734652983556,0.011342453710533404,0.013764164961440357,-0.0001226432221531475,0.9998409280807516
1741341937.2771292,2,0.014782247754560978,0.0001676930184262641,0.0053940268572360206,0.021973980128726513,0.03820802992770554,-0.0021722708344548273,0.9990258114211902
1741341937.293442,2,0.013954067290425637,0.00016830963203513864,0.004713159501588496,-0.0670584400587733,-0.11506580688175214,-0.0014161399208972986,0.9910908234118908
1741341937.3099983,2,0.013581340119501547,0.00010116445597379297,0.0037195009039616175,-0.06532058972140417,-0.08433725065475382,-0.0007925759862827862,0.9942936289314898
1741341937.3270087,2,0.014244602947536588,-0.00017835296771024983,-0.0015003852166900378,-0.02197157655421119,0.01132528337208419,0.0004895420291390979,0.9996943273465475
1741341937.3436282,2,0.014953789773567663,-0.0001163070227066138,-0.000662342118594017,-0.03548809951121678,0.03147766315599226,0.0001557131118745107,0.9988742299552765
1741341937.360167,2,0.015682614024083375,-0.00014787481223754083,-0.0009019933413733507,-0.03120219957301669,-0.08994722832638764,0.0024575826964076263,0.9954546092843695
1741341937.3771422,2,0.015473165392491144,9.131112545698641e-05,0.004217299384688197,0.015153715697074358,0.012824785253655425,-0.00018869224761974046,0.9998029076668089
1741341937.3933768,2,0.014876710150314307,0.00016781552541112789,0.00549994880335367,0.021704975257016725,0.041282239609757604,-0.002140010508764155,0.9989094508997887
1741341937.4101386,2,0.013898445596752693,0.0002256544816890145,0.005843462983604582,-0.07110310582977372,-0.11858457447059818,-0.0017251002855308846,0.9903933920760942
1741341937.4267735,2,0.013544744288001757,8.352146493301006e-05,0.004027881084081494,0.014319052048728784,0.010972789468246823,-0.0003341301210723184,0.9998372122484607
1741341937.4434981,2,0.014130269744526159,-0.0001681238547311303,-0.0012335353218111847,-0.020041509510308565,0.010945130199955992,0.00029327615471772325,0.9997391939953897
1741341937.4604335,2,0.014887072177357108,-0.0001211712951167399,-0.0008087540441814966,-0.037420967434648664,0.03273898364417879,0.00013409993719321078,0.9987631411718235
1741341937.476801,2,0.015717174800454058,-0.00013277345647250816,-0.0007194768453186359,-0.02694860243405096,0.01923518271886287,0.00017426397758949687,0.9994517247994971
1741341937.4941216,2,0.01562130902806137,7.970303384106608e-05,0.0039043737048342934,0.013107627944817684,0.007988328556267498,0.00017606046019287477,0.9998821659071891
1741341937.5102456,2,0.01509713601114646,0.0001298491283507617,0.004754829151889904,0.020445443528210365,0.0382538807909625,-0.0021277798165959725,0.9990566034997305
1741341937.5271358,2,0.014098318972829161,0.00021086467665123394,0.005540281848920988,-0.0713225404318855,-0.12058778121147122,-0.0017413961819507336,0.9901356724147322
1741341937.543721,2,0.013555260465723692,0.0001381357423778092,0.0044940514120528794,-0.06738705636483242,-0.09389800610426233,-0.0009494467069436909,0.9932981665316198
1741341937.5605886,2,0.014043879736396557,-0.0001471150352445633,-0.0007047192416112595,-0.011300749903606173,0.006415064130745654,0.0002844348068314062,0.9999155259823977
1741341937.5772603,2,0.014745606319359512,-0.0001242334602046491,-0.0008230261071629224,-0.03629279467161544,0.03129321376971753,0.00011473447590830196,0.9988511173657899
1741341937.59424,2,0.01558642920925531,-0.00013401329482425376,-0.0008058078251333295,-0.029228891031565295,0.020993640290844585,0.00017983654300868414,0.9993522435333907
1741341937.6105566,2,0.01563852749037429,3.286329012067393e-05,0.0029247192388823337,0.007534482866726366,0.003879028027360858,0.00042581038923464364,0.9999640010495409
1741341937.62761,2,0.01513097787358741,0.00014919132007218841,0.005128242813296064,0.020956882635513915,0.03331985352627792,-0.0017106961935512857,0.9992235335247674
1741341937.6444654,2,0.014315749681471158,0.0001508881351103562,0.005010353673814709,0.019009465399787415,0.04216116629532717,-0.0023622570537562837,0.9989271725323343
1741341937.6608365,2,0.01363248116454306,0.0001541024003766059,0.004740868459623747,-0.06725829731997895,-0.09799186374782805,-0.0009859007379137371,0.9929113475434649
1741341937.6776364,2,0.014058753991501758,-0.00013197589742159512,-0.00034736534101052167,-0.008654823836988512,0.0033400852792495523,0.0003713086518411099,0.9999568990634361
1741341937.6940389,2,0.014771338642794885,-0.00014805691754626296,-0.0012442742977138391,-0.032737940544008186,0.028685122484940668,0.00013423041085994792,0.9990522373625703
1741341937.7108958,2,0.015561706005968843,-0.00013375246341789748,-0.0008245782813708507,-0.029683752917107228,0.020579737197152354,0.00015660320612100525,0.9993474494414283
1741341937.7276099,2,0.015656843684515257,1.443540034069528e-05,0.0025729015051229537,0.006194840556969328,0.0026619464095631352,0.0005551386655165611,0.9999771146445544
1741341937.7444663,2,0.01520989357777978,0.00013132422991507417,0.004759137213533667,0.019341420120610874,0.032407257099063544,-0.001624298234834148,0.999286265696811
1741341937.7610517,2,0.014390982925312615,0.00013744120336519843,0.004736724853303367,0.019006048533809602,0.04427308498084142,-0.0024865529227388137,0.9988355626027601
1741341937.7776198,2,0.013633176953867149,0.0001600622720778993,0.004771549539017045,-0.0677399850476116,-0.10055502511075587,-0.0010171870259345277,0.9926222578006595
1741341937.794742,2,0.013956031792949037,-9.626521408315011e-05,0.000307697949210869,-0.0036752314220790836,0.004985621697139429,0.0003110310540914058,0.9999807695700806
1741341937.810733,2,0.014588799173955547,-0.00012394617783511615,-0.0006725372193577985,-0.01721402031332603,-0.1052334116398193,0.004199796910544919,0.9942896802668761
1741341937.8274276,2,0.015523025884207894,-0.000132222716921229,-0.0008116813257719889,-0.030181899068806764,0.025634067301626998,0.00013152372418913824,0.9992156575352921
1741341937.8449621,2,0.01575180171279164,-5.94966171313045e-06,0.00205572685444309,0.0025385527223013783,0.001965923943522426,0.0006566471299397469,0.9999946298394163
1741341937.860986,2,0.015382431942816355,9.79295799934061e-05,0.0041840681086801595,0.017898061448055398,0.027089032367985186,-0.0011987685968493824,0.9994720639795888
1741341937.8774638,2,0.014573123707358073,0.0001462421828332053,0.004944678242556451,0.01840606895794599,0.04333825587837711,-0.002480938647270158,0.9988878100899841
1741341937.8943856,2,0.013768296465896994,0.00016907621355964012,0.0049013095375944945,-0.068629502502318,-0.10479980175133817,-0.0011965134355995768,0.9921217472139007
1741341937.9110854,2,0.013933258265192998,-5.198719662342472e-05,0.0012290117981276043,0.0027954773608447796,0.0008105469737828828,0.0006056882693214053,0.9999955807210593
1741341937.9275308,2,0.014530865467595275,-0.00012312182641593673,-0.0006516671220630521,-0.019611636548451928,-0.10132439811015014,0.0037666081503053774,0.994652986082357
1741341937.944452,2,0.015418530696975833,-0.00012848045260836468,-0.0007376562893589842,-0.031237719891167318,0.026493101771989526,0.0001274466653364638,0.9991607999575682
1741341937.9610536,2,0.015741477036554836,-3.061170482208302e-05,0.0012075723173456748,-0.047587514652614,-0.07924930575890882,0.0009113588469251016,0.9957179045346981
1741341937.9774823,2,0.015407869056652408,0.00010734054097403907,0.00431533302651258,0.016088213554942513,0.02401120451771964,-0.000811235721889571,0.9995818992652991
1741341937.99418,2,0.014710364063115423,0.00013676741612623445,0.004790606240014479,0.018721247365300137,0.04077635683959146,-0.002250710039329643,0.9989903592749514
1741341938.0107708,2,0.013920586448348416,0.00018242512183275342,0.005152106647237986,-0.06904152301111799,-0.1034845441513331,-0.0013030313094437513,0.9922310816193488
1741341938.02775,2,0.014056604590742216,-5.931043264914259e-05,0.0011365132282299927,0.0011967061469460548,0.006522065331650933,0.00016494946623582527,0.999978001432972
1741341938.0454264,2,0.01466940913801364,-0.00013711170361288392,-0.0009782745531947243,-0.025722817573774592,0.020782197659811937,0.000324507025761865,0.9994530162102093
1741341938.0613132,2,0.015449661826789016,-0.00011689889377999861,-0.0006615250389668178,-0.031169689264238895,0.024832903199735072,0.00012599654120195927,0.999205565194027
1741341938.0783024,2,0.015761917780745545,-1.0791613882570427e-05,0.001576889578107242,-0.05015846923450465,-0.08187438282270067,0.0008940070283885149,0.9953792815569783
1741341938.094035,2,0.01543598095456428,0.00014554079427309355,0.005102817323813309,0.01879864693211593,0.02229125454007718,-0.0007432745177786002,0.9995744886638226
1741341938.1108286,2,0.014800741547103011,0.00015705597655441233,0.00506312679693743,0.019916885011367916,0.038665889960269866,-0.002103997768781733,0.9990514700646875
1741341938.127654,2,0.014078575375779048,0.00013707187593250248,0.00425036031777123,-0.06549424178772023,-0.10699630110030109,-0.0009532512460920448,0.9920994845052421
1741341938.144561,2,0.014090495757607313,-3.980469361291129e-05,0.0016756230073499843,0.004848193409913937,0.002157253705869067,0.00038976066923353416,0.9999858445816768
1741341938.1608083,2,0.014740670210041187,-0.00015577331665854926,-0.0012009165706364986,-0.027161993007890302,0.02036033785178266,0.00013623552931889634,0.9994236660287172
1741341938.1777327,2,0.015518381772773216,-0.00012272181555927596,-0.0006943190173708287,-0.028684947638286412,0.027416262923741438,0.0001160852658532175,0.9992124442932524
1741341938.1946104,2,0.016020083851391632,-9.994812553348554e-05,-1.8310385914874465e-05,-0.043410324542795115,-0.08325406008352443,0.001346965518235969,0.9955814838005932
1741341938.2109573,2,0.015773958302575185,5.146515705179076e-05,0.003285305087020142,0.012813085262267434,0.019657973002953404,-0.0006253518016036317,0.9997244609784244
1741341938.2276762,2,0.015028284133287101,0.00014851842712112912,0.004903560582728556,0.018292665215972677,0.03912645614418146,-0.0021944393871700225,0.9990644039623621
1741341938.2440565,2,0.014226988662519419,0.00015115607883791303,0.004478254304242327,-0.06695841757622767,-0.10824460428410099,-0.0012364475391100336,0.9918659925395915
1741341938.261068,2,0.014058883186478351,4.4321875896937484e-05,0.0032269596101982363,0.0114767688797423,0.005285907229646948,0.0003216644140930185,0.9999201165557403
1741341938.2776327,2,0.014760629773922566,-0.00015965996918464187,-0.0012153622883489094,-0.022196076870801423,0.015970797955174636,0.00032754920595380946,0.9996260103137263
1741341938.29407,2,0.015472959138483917,-0.00014075104185827829,-0.000955584382648818,-0.023717542082033305,-0.10424460539243086,0.003686570069701393,0.9942620125727848
1741341938.3112679,2,0.016065425608890665,-0.00010416753462664896,-0.0001761142649472833,-0.03918751945037342,-0.08580481617750182,0.0016193166164591999,0.9955396775888782
1741341938.3279946,2,0.01578415939190726,0.00011586660687278413,0.004502883804254907,0.015308569323285701,0.01910909623344136,-0.0005186476937831635,0.9997000655951689
1741341938.3446128,2,0.01526826489483281,0.00010846770954674057,0.0042794692961272375,0.01762235093729503,0.03655595164348463,-0.0017875424248657104,0.9991746192928248
1741341938.3616533,2,0.014413708240891276,0.00017097477848764583,0.0047355866647355695,-0.06734112936703843,-0.11027715909406438,-0.0011000047672472134,0.9916163121223986
1741341938.3779202,2,0.014085730133285856,0.00011682215837994516,0.004021893258410328,-0.06508238285464266,-0.0880886103711923,-0.00038808214372240143,0.9939841696712699
1741341938.3947635,2,0.01481674354393784,-0.00015618521802209843,-0.0010877685563115609,-0.019007389548863402,0.014253122410199595,0.000367588576663394,0.9997176764080627
1741341938.4110837,2,0.015549101624755538,-0.00012827909467968897,-0.0008220413567308842,-0.027996267517601175,0.02708433561048238,0.00014016412479785268,0.9992410260410848
1741341938.4279041,2,0.016172425850271795,-0.0001240885276612704,-0.00039511896818107494,-0.014720911285597446,0.010542688858526968,0.00019691469278634098,0.9998360404122055
1741341938.444453,2,0.01592388202301659,8.279385598871695e-05,0.003931730792086952,0.013433318311848899,0.011887698171008479,-3.036018692581518e-05,0.9998391008905315
1741341938.4610484,2,0.015392530010124994,0.00010295400987603157,0.004225967248653335,0.01724730583496564,0.03722560879852,-0.0018481896736836255,0.999156328452132
1741341938.477739,2,0.014532353827959841,0.00015667099043814022,0.004571120383083068,-0.06756708348250791,-0.11144334601450083,-0.001288443666343016,0.9914703272270324
1741341938.4945915,2,0.014254884709567216,5.243518243036849e-05,0.002814234551794067,-0.05969763134302483,-0.08854741570569175,-0.00010217422990333834,0.9942814176802776
1741341938.5111988,2,0.0148300502991397,-0.00015856454828754214,-0.0011352343592031578,-0.01779490574076133,0.011501637997720532,0.00038563760582015905,0.9997754272518823
1741341938.5279803,2,0.015487416332690133,-0.00012920667071171954,-0.0008267529539630256,-0.02146034381870612,-0.10527227681111823,0.0037423373297149386,0.9942048060080462
1741341938.5448842,2,0.016179144875382315,-0.00012332781480160028,-0.0006093206312557483,-0.03481469037368173,-0.08730541031919818,0.002028086645347624,0.9955709866843951
1741341938.5613892,2,0.016048063981937057,6.967699425927912e-05,0.003733984255164237,0.01412760976191038,0.014149408068324723,-0.0003196831276149957,0.9998000313544849
1741341938.5779755,2,0.0155345745755115,0.00011402009142401029,0.004306928916044135,0.01690552118679879,0.03539826295449968,-0.001807054533328497,0.9992286529554286
1741341938.594774,2,0.014750432199203153,0.00010952201020660157,0.00428868950693464,0.01603511265432451,0.03643155548710172,-0.0018692438136119307,0.9992057460075571
1741341938.6115906,2,0.014288114604899291,7.759438579080057e-05,0.0039436982561878815,0.013834837500297783,0.014494968436979774,-0.000394152939548864,0.9997991487317899
1741341938.6281614,2,0.014784426217588553,-0.00015446134527411317,-0.0008992214599658388,-0.010908487446042243,0.006990242625959526,0.0005253486166063595,0.9999159291752986
1741341938.6444776,2,0.015479173884142924,-0.00014558397200409642,-0.0011347212653261742,-0.0274500393190795,0.025744294837560182,8.115126559096405e-05,0.999291609110759
1741341938.6619225,2,0.016178815713253955,-0.00013805946805717212,-0.0007249951060570518,-0.020330231711078728,0.015576328969812467,0.00019332908007743785,0.9996719573331367
1741341938.6785405,2,0.01614456960776145,2.4229135913017997e-05,0.002800686426016712,0.009857440299357895,0.012698891898134028,-0.0001827928776109217,0.9998707594494741
1741341938.6945152,2,0.015676332661383807,0.00010854279572488634,0.004156469648045065,0.01627763942261798,0.031491236525899885,-0.0014990410659409337,0.99937034844585
1741341938.7118642,2,0.01493747422843817,9.804640570427417e-05,0.0040036594304391215,0.01506427765898364,0.03547425595577943,-0.0018450890810199302,0.9992553429175547
1741341938.7283642,2,0.014337580307702978,0.00012449581964619103,0.00415149812015958,-0.06555553538364386,-0.09089507747773602,-0.000700698649426798,0.993700189037057
1741341938.7447565,2,0.014781347233335254,-0.00011600164817309971,-0.00017884444423708668,-0.007659200722947452,0.006995284023911953,0.0003421377769772439,0.9999461413433486
1741341938.7620802,2,0.01547018735541286,-0.00014855166725767307,-0.0011599978809778855,-0.02574380275254295,0.022953095979271334,0.00010653829782520977,0.9994050233285781
1741341938.7793827,2,0.01615521024545006,-0.00013688718314900272,-0.0007057770839329809,-0.019401634907334136,0.015399009612939461,0.0001600063896969731,0.9996931636576387
1741341938.7949715,2,0.016193952209197688,4.798715229183812e-06,0.00240953165864308,0.007165529958099899,0.011431676047888863,-2.783805164193562e-05,0.9999089814519112
1741341938.8118017,2,0.015741366347858773,9.594386302754748e-05,0.004064578824507254,0.016327121133724004,0.029096044866149497,-0.0013467500039460207,0.9994423602955094
1741341938.828132,2,0.01500246900000808,0.00011579746252188104,0.004348977001290847,0.01612830092619949,0.036075253208957755,-0.0018825741731391976,0.9992171485366063
1741341938.8448324,2,0.01441053847248515,0.00013136025128280377,0.004229180610223451,-0.06461597175649135,-0.09125333343949545,-0.0006025111694503402,0.993728958172416
1741341938.86155,2,0.014823531991363834,-0.0001167075955337253,-0.00013662669410864864,-0.006627721503119311,0.004578288796340562,0.000485877799563658,0.9999674377209181
1741341938.8781073,2,0.015493531859358827,-0.0001545153065950454,-0.0012336476225637916,-0.02526386922548869,0.02260607846402364,0.00013881763209725096,0.9994251762177601
1741341938.8955588,2,0.016196360749099612,-0.00013792685709217628,-0.0008316391388731707,-0.022100722621729532,0.017721050444104606,5.984564654121585e-05,0.9995986788953122
1741341938.9118812,2,0.016308215726238466,-6.657886758727219e-06,0.0021741683839214525,0.006258098327955646,0.0044757664406855765,0.00038030932956078524,0.9999703291022688
1741341938.9284205,2,0.015884433404072088,8.739120349237332e-05,0.003967412632827527,0.015985991388208488,0.028919175465299738,-0.0012580136800341383,0.9994531238488998
1741341938.945494,2,0.015181836944074677,9.754425791503582e-05,0.003980126169281119,0.015388822418928262,0.035886521071454465,-0.0018504195700271512,0.9992356667460193
1741341938.9621549,2,0.014592343582756236,9.288805809850762e-05,0.003566862106753539,-0.06350977182788606,-0.09760783550142793,-0.0005857940879119773,0.9931962928728554
1741341938.9784718,2,0.014799323663559929,-6.405832936110046e-05,0.0009486354802919946,-2.8376137024698827e-06,0.008976429436343867,0.00032018892459151734,0.9999596597791208
1741341938.99521,2,0.015496920444779913,-0.00014676233372184566,-0.0011279194183239736,-0.02520981250198897,0.021910942318697543,5.471446539130048e-05,0.9994420308185206
1741341939.0121026,2,0.016221915301449785,-0.00013863660640683786,-0.000873958537355565,-0.023463526560564805,0.019611096968292937,6.228794662495715e-05,0.9995323225975504
1741341939.028597,2,0.016368404575537933,1.1703044186711574e-05,0.0020623637243628694,-0.05798874035066918,-0.08517080931394559,-1.049094963471862e-05,0.9946774548180382
1741341939.0449648,2,0.01610117594199268,5.942480013937244e-05,0.0033596382944306546,0.013850452491598553,0.022409431843887728,-0.000903596017236845,0.9996525225519365
1741341939.0616736,2,0.015383879206444162,9.565820017445512e-05,0.0039022486782910788,0.014027465934129794,0.036108875724946955,-0.001812633503803712,0.9992477638969868
1741341939.0788958,2,0.014666493785639058,0.00015926790059473463,0.00474398186583625,-0.06700933131298051,-0.09786473266267125,-0.0009356658023921899,0.9929407676932986
1741341939.0953202,2,0.014907588783013506,-7.080256143928046e-05,0.0009038751271421828,0.00037541002486214957,0.002166417142455044,0.0005921865977017927,0.9999974075061953
1741341939.1120036,2,0.015545459936334724,-0.0001533773527562592,-0.001222899457123275,-0.024055659562300727,0.01965195791822968,2.346376049093094e-05,0.9995174461921386
1741341939.1289487,2,0.016206644885577486,-0.0001367516752999125,-0.0009417165603959888,-0.028270665198773796,-0.0972401456269685,0.0029247404375065686,0.9948550494725541
1741341939.145297,2,0.016463141871365546,-3.2354123709183504e-05,0.0016619053480686923,0.003809273468135349,0.0023989463016087795,0.0004895328076099672,0.9999897473724004
1741341939.1624901,2,0.016145754892260663,8.12248588204819e-05,0.0038226938486992106,0.015194034804781074,0.025916932713682037,-0.0010338027981490034,0.9995480904673072
1741341939.1786633,2,0.015461398352316212,0.00010880655922360235,0.004149481697193096,0.015654978787232224,0.03525006502055304,-0.0017378353301370202,0.9992543892741145
1741341939.1957397,2,0.014763614678224015,0.00014609090504114487,0.004470797972117889,-0.0657833502557426,-0.09869620993604594,-0.0007778024381405453,0.9929405843235322
1741341939.2122653,2,0.014889138088360562,-4.04245999682439e-05,0.0015348906650353522,0.004847499612402999,0.002187753729226241,0.0006658833904944876,0.999985635937056
1741341939.2286344,2,0.015496528514415277,-0.00013257948445733294,-0.0007914051882005678,-0.01997333942359091,0.018799232005448446,0.00017018539785414424,0.999623742027572
1741341939.2457209,2,0.016182823093643894,-0.00014033259503373407,-0.0009171181042338252,-0.029286689703074145,-0.09854383933417596,0.0028645590711567975,0.9946975398767426
1741341939.2622476,2,0.01651666194859943,-5.3637011947503366e-05,0.0011922412583310247,-0.0004351172456982145,0.001994393888029726,0.000500063708460488,0.999997791498706
1741341939.2789493,2,0.016198721001928096,7.939347208959794e-05,0.003800590271665464,0.014915701221529852,0.021396686608435352,-0.0007567387432801006,0.9996595075353032
1741341939.2952425,2,0.015571157986569386,9.732249018419232e-05,0.003999057071238873,0.015176616583238024,0.035679004624966884,-0.0017699528854764302,0.9992464892131672
1741341939.3127096,2,0.014950037838137671,7.818121244649952e-05,0.0036776743615597974,0.013500006660069161,0.024042158512513928,-0.0009800220413260221,0.999619309532902
1741341939.3290017,2,0.0148259499043683,-4.114266141747192e-06,0.002154565891729248,0.007100669307224036,0.0025616826961252985,0.0004537238385881513,0.9999714057971019
1741341939.345514,2,0.015432891559173984,-0.00015020460861521655,-0.0010188454030663175,-0.018068307193970862,0.016263956119572168,0.00015822048832030397,0.9997044538126065
1741341939.3624475,2,0.016142836117118586,-0.00014054104813110744,-0.000957999566245847,-0.02305268851440602,0.021670221305096455,2.6647039397221588e-06,0.9994993622077731
1741341939.3789148,2,0.016493503523862158,-6.0030948522939107e-05,0.0009513609797224934,-0.0016697265724681764,0.0028370447484284784,0.0004016819334732941,0.9999945009058265
1741341939.395555,2,0.016230021588638687,6.192539123103875e-05,0.0035488660708890975,0.014066798424292527,0.018465386095577515,-0.000569715653665142,0.9997303787134337
1741341939.4120624,2,0.015678613769844096,7.838039817392999e-05,0.0036491903884634538,0.014021039085581439,0.03376428320246301,-0.0014828538852627467,0.9993303681901894
1741341939.42946,2,0.014991237774032728,7.362700974725286e-05,0.0036022048928155484,0.013147476537058625,0.027529386042771595,-0.0012352872297180335,0.999533766728406
1741341939.4457726,2,0.014782394776044929,1.416466618487311e-05,0.002550640338784139,0.008788835193251897,0.0038658943171990486,0.0004379746205726891,0.999953808640832
1741341939.46215,2,0.015330700920999337,-0.00012917789101874098,-0.0007123290764213884,-0.017377770438879052,0.013566838789266178,0.0002856643062216295,0.9997569066406812
1741341939.4795403,2,0.01603270559691738,-0.00012919061496273427,-0.0008613043347711329,-0.025886440070622213,0.02146043097635318,1.1714766338850123e-05,0.999434511103926
1741341939.4958959,2,0.016424003390703656,-6.762661118908402e-05,0.0005026507552461374,-0.045483503099930996,-0.08446641652307071,0.001052667068478803,0.9953871444405702
1741341939.5120378,2,0.016235597725045355,4.541592374567884e-05,0.0032778167271902844,0.013554049317600061,0.0187006375785012,-0.0005609786996208237,0.9997330939826651
1741341939.5292232,2,0.01569678428230468,8.58691460258701e-05,0.003778143239951308,0.015057872553238386,0.03128269176718647,-0.0015418828435691066,0.9993959556988743
1741341939.545982,2,0.014976920370084247,9.455121111187054e-05,0.004132697907447043,0.015706415973283913,0.028997554832494565,-0.001269259972081279,0.999455271280378
1741341939.5625632,2,0.014740714049067384,2.531876435309353e-05,0.00285847244396903,0.00978525761752216,0.005991858401778787,0.00031668652751647456,0.9999341208679174
1741341939.579029,2,0.015269506265510886,-0.00013629086544763203,-0.0007311564615087886,-0.014423789472526339,0.011104373292963144,0.00035929557069967245,0.9998342453115495
1741341939.595579,2,0.015972435798950954,-0.00014131012165376374,-0.0009337846485984377,-0.022642053734284417,0.021994517787953076,6.368811148954431e-05,0.9995016630970625
1741341939.612144,2,0.016402515530328482,-7.749777295666813e-05,0.000306224581050173,-0.04415550347318369,-0.08464681359906301,0.001237370365697901,0.9954314026466782
1741341939.6289718,2,0.01624951070582967,5.8556073206773576e-05,0.003460175980432613,0.014040176170339884,0.016282427027320134,-0.0003955769785825884,0.999768773038076
1741341939.6455564,2,0.01575296810798228,8.937914082785746e-05,0.0038513836785841753,0.01495537371763646,0.03069074842816705,-0.0014317172512704323,0.9994160119507778
1741341939.662294,2,0.015029445650012878,0.00011012156036470527,0.0043352083919017854,0.015201594171826873,0.03148722588278543,-0.0014685634832309546,0.9993874671328119
1741341939.678888,2,0.014754389640585133,3.402976239477625e-05,0.0030277783672064923,0.011093024208642752,0.008050031058091052,0.0002195644121969615,0.9999060423886531
1741341939.6959486,2,0.015240608808259863,-0.00014026379577177398,-0.0006300872725735408,-0.010453876499774348,0.01025770328915008,0.00042850373003780153,0.9998926504249908
1741341939.7131233,2,0.015922015516109066,-0.00014849601766143183,-0.0010434289329012353,-0.022542636802878217,0.021426113050666155,-1.2223085743094766e-05,0.9995162585251476
1741341939.7290196,2,0.016418916151804762,-0.00011522661076338451,-0.00035436086787169976,-0.04034741032047388,-0.0853936595384102,0.001563251785464832,0.995528786944368
1741341939.7461689,2,0.016252015680006712,7.843405584218922e-05,0.003956161063254628,0.015641331035260754,0.00956951090908575,2.3720282167433522e-05,0.9998318721973983
1741341939.762856,2,0.015844814020645488,9.397745412222864e-05,0.003982477944195309,0.015978799276946166,0.03031965306426243,-0.0014322135214892512,0.9994114995216729
1741341939.7804618,2,0.015136894538386222,0.00012348791128161948,0.0044886307497384705,0.01694508414360048,0.02920168328688451,-0.0014547074351130781,0.9994288417105327
1741341939.7963257,2,0.014718274545520058,0.00011450830412861824,0.003870905577755564,-0.06331194609684268,-0.08694473632667417,-0.0004897948308402437,0.9941991603333505
1741341939.8124394,2,0.015255438052024506,-0.00013588574585829757,-0.0005529049951517207,-0.009635571793343447,0.007631790372101106,0.00046540923253467263,0.9999243446012193
1741341939.8293998,2,0.015865863653273506,-0.0001500646353694857,-0.0011930735948295352,-0.030061385396439683,-0.09747055948232147,0.0027647746316346424,0.994780457771204
1741341939.84604,2,0.016410331005767612,-0.00011031191394840258,-0.00033938646213271144,-0.03777002107170703,-0.08776239105790466,0.0017749892613810906,0.9954235468568965
1741341939.8624003,2,0.01631438473345103,6.74930880393253e-05,0.003650706595232849,0.01212869701973718,0.007506131063019991,0.00036674910981996826,0.9998982039188583
1741341939.8790898,2,0.0159476988514725,8.878157213605602e-05,0.003967957965339573,0.016592658165750583,0.025603021525310046,-0.001091118853401436,0.9995338805880554
1741341939.8962889,2,0.015298658833595418,9.780566835434274e-05,0.003987090421018264,0.013951218301037247,0.03082705030577139,-0.0013879832522276491,0.9994264004817233
1741341939.91255,2,0.014831991973479315,9.211718108281716e-05,0.004065656742542324,0.012964269680488257,0.010992120036985083,-4.272209642369669e-05,0.9998555391573158
1741341939.9294858,2,0.01525331348306515,-0.00010724003946472498,-9.633115073339796e-06,-0.006336503446116778,0.006696064272043388,0.0005464021451595087,0.9999573555367438
1741341939.9460042,2,0.015913925334112348,-0.0001449586136295264,-0.0010719924899600041,-0.022831412179206277,0.0200292268401992,2.7455768898970847e-05,0.9995386715561673
1741341939.9627469,2,0.016480050593311354,-0.00012030342533393687,-0.0003986053635983482,-0.014865955295108249,0.012221643333423978,0.00013496435271052732,0.999814791144849
1741341939.979372,2,0.016453030630102793,1.505554709210902e-05,0.0027136466663468194,0.010487357195196697,0.0022532103203813042,0.00047371247225157925,0.9999423553279491
1741341939.9958653,2,0.016113071601619396,5.8360089471158696e-05,0.003333520232723432,0.012655575168606437,0.028073046832831045,-0.0011415884211406519,0.9995251058550506
1741341940.013418,2,0.015414175992175842,8.811826564563353e-05,0.0038751107312524793,0.01476040017246042,0.03217773516574684,-0.001479406236475649,0.9993720705040439
1741341940.0294328,2,0.014853189744670002,0.00012222217663902758,0.004111306791336808,-0.06562932032066729,-0.09268736099985396,-0.0005964789366988216,0.9935298131601326
1741341940.0461519,2,0.015237589660515518,-9.052573979096519e-05,0.0003331854694704886,-0.0030401577922287487,0.008879217536107323,0.0003349904453687802,0.9999559013866293
1741341940.0630786,2,0.015880766422446554,-0.0001401969994179246,-0.000950301925925837,-0.021009703419099218,0.01890116992462195,3.751021044310845e-05,0.9996005886006201
1741341940.0794108,2,0.016481530068672593,-0.00012720136393861404,-0.0005569172854882454,-0.015853704635605072,0.012928239748773088,0.0001758862910474667,0.9997907229667305
1741341940.0960114,2,0.016476502989441113,3.371528750839411e-05,0.0028772538787526203,0.009727390191062377,0.002785832357557157,0.00036042931952782293,0.999948742240747
1741341940.113125,2,0.016133943581831702,9.678632439833644e-05,0.003981756317763056,0.014452622131674227,0.02574828534952032,-0.0011385749623487934,0.9995633302408276
1741341940.1301582,2,0.015506562054838772,8.706861163359655e-05,0.003832151450209935,0.014288785326096513,0.03194038386215414,-0.0014523787566423107,0.9993865784012662
1741341940.1465008,2,0.014992559521559484,8.22664885138943e-05,0.0033523896706397363,-0.06287891090175535,-0.09623166636101904,-0.0004482969704342193,0.9933707807173598
1741341940.1634512,2,0.015232096922646323,-8.164957694843642e-05,0.0005819052383973127,-0.001004636763041741,0.00771732350530548,0.0003333462657600425,0.9999696607913441
1741341940.1798885,2,0.015849992782826044,-0.00014847894709689425,-0.0010374488113778612,-0.018993934538464114,0.016844722794826593,0.00010902425661108754,0.9996776849957318
1741341940.1966026,2,0.016467766104772654,-0.0001471476303365077,-0.0008954182569226968,-0.016970999294145674,0.013265844725211926,0.0001610773434237433,0.9997679613794264
1741341940.2129087,2,0.016506594164628807,1.1759978644571055e-05,0.002541339285487202,0.00848146397528967,0.002653480767348927,0.0004309559302840797,0.9999604182594626
1741341940.229997,2,0.016212410602959512,6.899242789427788e-05,0.0035165454820576163,0.013457950995352795,0.022927733454598923,-0.0008933575470986308,0.9996461396443916
1741341940.24674,2,0.01556416817908794,0.00010985247220976287,0.004186015517116746,0.015057374091589798,0.02949685957406208,-0.0014451749556304528,0.9994504100905065
1741341940.2630098,2,0.015029621913765822,9.232583114719272e-05,0.003456008841140635,-0.06458181096028016,-0.09395448737138787,-0.00060048889717734,0.9934794328062131
1741341940.2796693,2,0.015197670638834197,-5.685255382527949e-05,0.0010819591118152374,0.0017312522884351251,0.0077456782368570615,0.0003154230532189167,0.9999684533736364
1741341940.2967532,2,0.015802269661971746,-0.0001481983721341733,-0.0010314503798761632,-0.018673240730636833,0.01589288059428773,0.00017661921784396976,0.9996993024068203
1741341940.312949,2,0.01642062178605029,-0.0001396978852558584,-0.0008259811376692782,-0.017826286148981216,0.01483483985803096,0.00015799579172638302,0.9997310268696531
1741341940.3299809,2,0.01650020118473992,2.9224433789408613e-05,0.0023891006049401044,-0.0586222984243653,-0.08432468015262881,-3.6434201107564974e-06,0.9947124079005584
1741341940.3461819,2,0.01627376461258162,5.530811773266662e-05,0.003290708370984803,0.012858199349043519,0.020129875607757815,-0.0006201572916313346,0.9997144943544882
1741341940.3634772,2,0.01569511494364609,7.565018800331091e-05,0.0035233036010659823,0.013337291569948307,0.031103586478729416,-0.0014601653928649773,0.9994261110651271
1741341940.3799405,2,0.015068692490277905,0.00010332947556821252,0.004301213891226917,0.01719397233660599,0.018773394380712908,-0.0006187163115078323,0.9996757195055005
1741341940.39643,2,0.015159604198945582,-3.926319362943152e-05,0.0014436841292375616,0.003854369161833896,0.007833837857937424,0.0003380582753021325,0.9999618295411992
1741341940.413237,2,0.015752389986820155,-0.00015318966109679387,-0.001118962369730333,-0.0169200413039463,0.014315566976086899,0.0002146177838966557,0.999754335166211
1741341940.4300365,2,0.01636535772653318,-0.00012837938634889225,-0.0007104735362875212,-0.019873740057982262,0.01687462232484878,0.00012015742875269013,0.9996600757956146
1741341940.446707,2,0.016534414453856054,5.015916417598062e-06,0.0018899060454218414,-0.05451078407833117,-0.08441899668919273,0.00036923354611577327,0.9949381242488118
1741341940.4635131,2,0.016308328139906732,7.151275327833393e-05,0.003674451303960739,0.014984984210327484,0.015881993516733712,-0.00041780066184608354,0.9997614905429982
1741341940.4802659,2,0.015780328783409413,7.472795481308137e-05,0.0035232060940371705,0.01271615781654506,0.03186568662829148,-0.0014816745124216842,0.9994101670419065
1741341940.4967084,2,0.015100277629395423,0.0001373255825311089,0.004278437326037716,-0.06669322758076562,-0.09757515401990248,-0.001011911836819641,0.9929904726367152
1741341940.5133543,2,0.01518899168834225,-4.5354314894969996e-05,0.001339843136021902,0.0036380398303303392,0.005863458766937547,0.0004528670424053761,0.9999760894286039
1741341940.5300355,2,0.015740516358219308,-0.00015625449285097258,-0.0011310529606755042,-0.015831488470475476,0.013105967142174643,0.00024270617067398488,0.9997887470319878
1741341940.5467408,2,0.016334934971555692,-0.00011812663719750982,-0.0005589257645488578,-0.017222368233832896,0.01805292383801999,6.60480209595555e-05,0.9996886903486384
1741341940.563604,2,0.016641246036395427,-4.3724468365794326e-05,0.0011906896473311108,-0.0005581818051979958,0.0065467219194663764,0.0002823681316415215,0.9999783743328752
1741341940.580855,2,0.01635904538576362,9.053779905293831e-05,0.004004656673547549,0.014690143700669964,0.01632012107560112,-0.0004345709265736834,0.9997588031491601
1741341940.5969415,2,0.015860382255856266,9.477592921189254e-05,0.003882877765807432,0.013846580708073642,0.030855978540736146,-0.0014144411351607817,0.9994269258666506
1741341940.6137714,2,0.015239437715207901,0.00011857011061893887,0.0038781813955247836,-0.06439693644190086,-0.09814088764892176,-0.0006292815213209002,0.9930866048603951
1741341940.6300871,2,0.01518223057225552,1.2223717704064041e-05,0.002417376704341476,0.007558395459434732,0.0035550282052399336,0.0004386555304440057,0.9999650193951107
1741341940.6467884,2,0.015755832125924234,-0.00015541053446376982,-0.0010781734142663066,-0.01600866833467093,0.011808482394226107,0.0002598454319198457,0.9998020877964036
1741341940.664111,2,0.016357846952762104,-0.0001295976955512516,-0.0006938548971265294,-0.018663714302550382,0.017472302522264463,0.00010543042591393578,0.999673133227771
1741341940.6800148,2,0.016729288754004375,-7.799789483145387e-05,0.0005545756138382019,-0.003779962034043751,0.006434884075839354,0.0003435671490406311,0.9999720926683734
1741341940.696842,2,0.01652198881244631,4.8463757501914934e-05,0.0030936914582073123,0.011858806125943295,0.016717779509755032,-0.0004242782999695562,0.999789830191053
1741341940.7141902,2,0.01599961143706693,9.689322577447267e-05,0.0039266305243704745,0.014955635898416225,0.027100625952735696,-0.0011989350230040589,0.9995201086434703
1741341940.7303886,2,0.015347429861680209,0.00012325945305335505,0.003913789033914214,-0.06512957709795414,-0.10132873954480225,-0.0008743105396995074,0.9927184194475206
1741341940.7469096,2,0.015153352684632417,9.048969281123727e-05,0.00337578808738874,-0.061277559935671896,-0.08440578383471488,-0.00015996939650866863,0.994545473426615
1741341940.7637336,2,0.01573183695627007,-0.00011527396363328484,-0.00021664703568514208,-0.00966892342204143,0.011529097593355773,0.00030444594664133057,0.9998867431570473
1741341940.780731,2,0.01638176693535885,-0.00013818929001385954,-0.0008498617067385474,-0.01971427267357479,0.01825246449956212,7.004664564889462e-05,0.9996390298933467
1741341940.9140742,2,0.016835837891668957,-9.042251176135596e-05,0.00030314719047986927,-0.006294503442959401,0.007164718458931276,0.00029391347921857577,0.9999544787892484
1741341940.9303045,2,0.016620619913549902,8.888020927396089e-05,0.004076415559141052,0.01522571528555775,0.01075888290156408,-7.508494239453718e-05,0.9998261940932558
1741341940.9472787,2,0.01624426166737064,8.894056821394645e-05,0.003843096802740053,0.014250086201851333,0.027217913742073812,-0.0011667740424922282,0.9995272676886322
1741341940.9637403,2,0.015643431515346397,0.00010411412979470673,0.00420612225667492,0.014881151082068958,0.02477790168788945,-0.0008820923347208381,0.9995818269874313
1741341940.9805906,2,0.015340070014964671,6.720102895970427e-05,0.003045404443916311,-0.06125430850465611,-0.09026532046291538,-0.000350929151545764,0.9940321717429845
1741341940.9970045,2,0.015782442331241046,-0.00011083884492396278,-0.00013755723886868423,-0.005881492415568045,0.008143498857533701,0.000548428196285286,0.9999493940694382
1741341941.014213,2,0.016393367955585776,-0.00014096218494139565,-0.0009376195749395684,-0.019944964605688224,0.017054797625461925,0.00011922794953813143,0.9996555997189874
1741341941.0304708,2,0.01681716991175974,-9.459171716452197e-05,-0.00010407940656298246,-0.041078794305328084,-0.0851022022517014,0.001449543810807248,0.9955240060656858
1741341941.0471275,2,0.01669528357227431,6.265461046328405e-05,0.003421411634515296,0.012210499134480798,0.008032707854059276,6.487368237932792e-05,0.9998931818483531
1741341941.0639422,2,0.01625297031284076,0.00013562400829192575,0.004748917327194171,0.01793425358083022,0.026101144441451802,-0.0011337446984409497,0.9994977776014831
1741341941.0807972,2,0.015741482786325277,8.480543769831548e-05,0.0037900425976674246,0.01298813805699254,0.029169310478051918,-0.0013299643140189646,0.9994892149447991
1741341941.09712,2,0.01542898818435946,2.3195678863584573e-05,0.0026848564445886374,0.008985237505417739,0.012724693989623354,-0.00025232833125203255,0.9998786346353516
1741341941.113909,2,0.015749200281796872,-0.00010951689898150207,-0.00010691144439268863,-0.007233512859763028,0.006241766161005917,0.00035140173806138446,0.9999542955374097
1741341941.13075,2,0.01631470532953863,-0.00013911772353833782,-0.0008681303434735924,-0.01776808432717053,0.015038170741044197,0.00012302238111105168,0.9997290300204348
1741341941.1474981,2,0.016785955243155164,-0.00010365902434530478,-9.429219556841296e-05,-0.010432121227528878,0.009212834847581335,0.00023943860773980569,0.9999031139015011
1741341941.1639354,2,0.01666410655849142,7.247186393774158e-05,0.0035890920440084986,0.012527483325032026,0.008191259788470379,5.093569641224649e-05,0.9998879751403023
1741341941.1806753,2,0.0162973899878933,0.00011735595933373512,0.004394560108635173,0.016235226363805373,0.024045211188605704,-0.0009149990639776477,0.9995786152276989
1741341941.1971076,2,0.01572423630688803,0.00010547053457952841,0.00412959469583266,0.014780995223453006,0.028529818230323422,-0.0013314890551072798,0.9994827656287252
1741341941.2139938,2,0.01537323658044117,5.0065140459630556e-05,0.0032353890972796093,0.010450768159697334,0.015690238699780246,-0.00042160324197202125,0.999822194245118
1741341941.230501,2,0.015616673605392673,-8.082097496565907e-05,0.0005237134625738576,-0.0032128778587860755,0.009154001939159976,0.0002677960325073394,0.9999529038658007
1741341941.2474546,2,0.016191776805013425,-0.0001341495043817999,-0.0007728256434897747,-0.016084525147062306,0.014599977246028054,0.00023831848607329701,0.9997640081136688
1741341941.263851,2,0.016681096058975494,-0.00010370855502034826,-8.836377051965046e-05,-0.011633383249770384,0.011742565908341527,0.00022760717245211387,0.9998633530313166
1741341941.2806454,2,0.016678499423705216,1.665300429504577e-05,0.0025735467774563674,0.008400056125024051,0.004964555141415785,0.00036148285271720364,0.9999523296535148
1741341941.2977266,2,0.01627575551694175,0.00011282806112930366,0.004327729929270365,0.016886882727110628,0.02190040494236621,-0.0008214475491043265,0.9996171920685664
1741341941.3140457,2,0.01576711732496785,7.934893646726326e-05,0.0035632026386277667,0.012232745993416169,0.029365712600739946,-0.0012931589645963114,0.9994930427915962
1741341941.3305166,2,0.01526128803765085,9.291290312601441e-05,0.004047509537380531,0.014405723484004122,0.015577540491070038,-0.0003601930937542802,0.9997748174584549
1741341941.3473456,2,0.015518323023405714,-6.25446747963844e-05,0.0008048496789697817,-0.0018452173291440522,0.0023950572433534853,0.00039487142223593185,0.9999953514643801
1741341941.3641562,2,0.016067958455931678,-0.00012743045382209543,-0.0007022779617425383,-0.017968723414133986,0.01436489164420259,0.000202255016877623,0.9997353319553254
1741341941.380797,2,0.016528374616532854,-8.983091297882271e-05,-7.777961645480523e-05,-0.03984184966727261,-0.09005514813453874,0.001603157804389101,0.9951382452677673
1741341941.3973575,2,0.016648325901415177,-1.2319060614453739e-05,0.001976110052224818,0.005292024067358241,0.008882148656237349,0.00018876878982862605,0.9999465317120027
1741341941.414219,2,0.016283827668192825,8.060417487561745e-05,0.003757952572017939,0.014109837801245572,0.021086552866954187,-0.000714591958186667,0.9996778276643656
1741341941.4312556,2,0.015703290772211644,0.00011682910455800429,0.004363109868577712,0.015926723853255716,0.028654802854041494,-0.0013493527221616185,0.9994615655381298
1741341941.44764,2,0.015247009071916414,9.155953611794002e-05,0.00408408470797685,0.014386725714774836,0.016870246253006004,-0.000382759647946889,0.9997541049726291
1741341941.464106,2,0.015397457742788438,-3.145095604798084e-05,0.0014909915349824512,0.0009070830881109411,0.0016260783410523127,0.0005525729521252741,0.9999981138645376
1741341941.481597,2,0.015996387628439766,-0.00013855542174602662,-0.0008682790450080967,-0.01590537451663974,0.013272606706829745,0.00023941242635024603,0.9997853767956307
1741341941.4973958,2,0.016525265326950842,-0.00012354065956130043,-0.0005323433520397213,-0.01542187527336106,0.011544047100318169,0.00030921461561365677,0.9998143853365584
1741341941.5143032,2,0.016561440331263638,1.6502640264571625e-05,0.002061092943715641,-0.05624609517267674,-0.08754095818392806,0.00016328821915721108,0.9945717323325771
1741341941.5310066,2,0.016288572477299767,9.140388391920169e-05,0.003961157335726086,0.015096362047709616,0.016702468571273797,-0.00047917509582073625,0.9997464167416544
1741341941.5476985,2,0.015760071800343705,0.0001039030826136392,0.004131587169694367,0.01488812236114645,0.02785494871875029,-0.0012271269023341302,0.9995003450744782
1741341941.5647006,2,0.015278490403378158,8.808495218137527e-05,0.003987547919353717,0.01419042440932807,0.017825210160367946,-0.0005426096520402456,0.999740265925399
1741341941.5813835,2,0.015357512201318564,-1.4648198571175832e-05,0.0018216363598343764,0.0032208939339816722,0.001342253396492719,0.0006281815461418423,0.9999937147732634
1741341941.598393,2,0.015958335049593726,-0.00014957135544825398,-0.0010136740827605495,-0.01672999770600812,0.01161674276972162,0.0002948175418472292,0.9997925142482295
1741341941.615385,2,0.016467280580693994,-0.00012006012376000925,-0.00046096915883001537,-0.016648799059610163,0.012779623845860713,0.00022758940851789735,0.999779699187422
1741341941.631393,2,0.016565182812579675,2.1982543839365882e-05,0.0026000119260825437,0.008910870153917604,0.0076900182521782694,0.00025950360902552935,0.9999306939334637
1741341941.647961,2,0.016341260253242017,8.408035889609418e-05,0.003814875626010314,0.013982152643414491,0.015979432277742393,-0.0003855925059933709,0.9997744788050736
1741341941.6648512,2,0.015840735199604872,0.0001020094898301383,0.0040755380971029785,0.014596731354970699,0.028485378883779923,-0.0012360152797490727,0.9994868637905285
1741341941.681082,2,0.015338897048485223,0.00010729539653083906,0.0036562855041640183,-0.06427151988157974,-0.09963624237072743,-0.0007133210502797146,0.9929457599040505
1741341941.697781,2,0.015359240003694128,4.131786535989339e-06,0.0022353815714515994,0.00656006150247746,0.0007049452267523041,0.0007584244569943679,0.999977946475648
1741341941.7154074,2,0.01596483987757888,-0.00015565126686214906,-0.0010887671587188166,-0.016261373507485247,0.009354932909094041,0.0003677806849470519,0.9998239433516705
1741341941.7315605,2,0.016486048048503028,-0.0001321589352968397,-0.0007137717012294796,-0.016983258918320938,0.012093473843780955,0.0002444003734510304,0.999782604907367
1741341941.7477498,2,0.01669047473124067,-4.9320672821049094e-05,0.0011806321431248072,0.0007346735662850783,0.008417012813479199,0.00022562789898236132,0.9999642809831258
1741341941.7647266,2,0.01640314527238051,8.221365383589995e-05,0.003867604434240226,0.01397990768170535,0.017397851580446867,-0.0004994841163956088,0.9997507826739688
1741341941.7811656,2,0.0159342495966567,0.00011341045474791726,0.00427883535072353,0.016062723851115818,0.024422045916926375,-0.0011214599541285433,0.9995720558835595
1741341941.7980416,2,0.015474777932489385,7.474926694203725e-05,0.0035753287269409215,0.01284792665122566,0.018199168747121918,-0.0005639511488383124,0.9997516706646608
1741341941.8149626,2,0.015433053810124348,-3.0375213776533835e-06,0.002147017954024845,0.006945718131381686,0.009056811400552919,0.00018315097979497208,0.9999348466888295
1741341941.8337665,2,0.015974106072114618,-0.00014819034135904897,-0.0009506235509239467,-0.013294625180973239,0.009172856801236553,0.00032891366226583165,0.9998694932115912
1741341941.8480816,2,0.016497203957859224,-0.00013256585564949919,-0.0007625993603623902,-0.01817667066983993,0.013143132883810754,0.0002240244617909196,0.9997483766000318
1741341941.8647697,2,0.016711564273368094,-3.814290391308282e-05,0.0014346745156971616,0.0017393502770220554,0.006526076834755279,0.00032419593226584687,0.999977139678082
1741341941.881271,2,0.016555328693480992,3.845138114250797e-05,0.0029731029491696695,0.011510785494530683,0.015571041553859941,-0.00024827822355847566,0.9998124738370444
1741341941.898227,2,0.016083556392698463,8.451079338814274e-05,0.0037618496784501106,0.014240616286514393,0.02889596076519377,-0.0012812153598981432,0.99948015827551
1741341941.914949,2,0.015474618529177819,0.0001413424483133843,0.004331599663331169,-0.06711972209619324,-0.09767249845260606,-0.001099701033737018,0.992952071657737
1741341941.9312778,2,0.015510033123162903,-2.2572260047791088e-05,0.0017102948638790913,0.00451128927908784,0.007953742698731267,0.0001407436764586408,0.999958182344312
1741341941.9481075,2,0.015958943256854215,-0.0001342230510925354,-0.0006864784877686023,-0.012380591115804663,0.00765851350359069,0.00040810689496813436,0.9998939451678368
1741341941.9651031,2,0.01648018535482993,-0.0001305638158681419,-0.0007182667051215711,-0.018000868569789136,0.012321403883729778,0.0002399380415060796,0.9997620187658679
1741341941.981548,2,0.016765254657492276,-6.590457737009117e-05,0.0008074627708014221,-0.0015042494609042003,0.004572225197729891,0.00036633800418454037,0.9999883488255088
1741341941.9984825,2,0.01662327688102775,2.7769724406705443e-05,0.002746569381219513,0.010435609435323902,0.013612068589517877,-0.00014454661875507054,0.999852883553727
1741341942.0149465,2,0.01609721527317801,0.00011380678777330172,0.004372973765937872,0.01637214069359885,0.026769867892315318,-0.001193123398713617,0.9995068302111259
1741341942.031388,2,0.01554161135273386,0.0001298851453000759,0.004183121705254511,-0.06650728253525612,-0.09739262807867151,-0.000939408152269486,0.9930209337561966
1741341942.0481591,2,0.015508363012583825,-1.012916924136075e-05,0.0020333548636284767,0.005938123464731967,0.007955281376472752,0.00017430580526692273,0.999950709687945
1741341942.0649078,2,0.015934629010773704,-0.00014270599054552323,-0.0006913106740572321,-0.01012801855415142,0.004867358596969814,0.00047081251857249476,0.9999367531979347
1741341942.0814865,2,0.016447016656467344,-0.00014465505987329522,-0.000942465807384679,-0.018943492237154542,0.011963558263899417,0.000282573359453617,0.999748937247659
1741341942.0982184,2,0.01674521084671709,-7.240331234155424e-05,0.0006506032401796029,-0.002358999718365455,0.004782642058935048,0.00041650449958267134,0.999985693887301
1741341942.1148531,2,0.016644545996818253,1.756964704797603e-05,0.0024954595366789073,0.008809670795662874,0.011250461393932256,-3.284183117094711e-05,0.9998979026582212
1741341942.1314454,2,0.01614072799828027,0.00010625843238442996,0.004183126613117224,0.015599961462118813,0.025522791013958063,-0.0011332110584272195,0.999551871677471
1741341942.1483266,2,0.015605738590902769,0.00011534047309432087,0.004407239768350725,0.015816560609577788,0.021434219029343535,-0.0006645404881572479,0.9996449214851367
1741341942.164733,2,0.015485409294651194,9.071278467117903e-07,0.002207083626484779,0.006426597106023988,0.009022445702990602,7.505617119289399e-05,0.9999386424624986
1741341942.1819847,2,0.015831754544264737,-0.00011498954254132155,-0.0002053791872594287,-0.00875120156355147,0.0057234772998306935,0.0004233092835026026,0.9999452380445857
1741341942.1981215,2,0.016361817322393182,-0.000145470487715871,-0.000967604877211291,-0.018709541035067393,0.011349083080716284,0.00031876628753520013,0.9997604962067356
1741341942.2149172,2,0.016721754278454327,-9.773680257478177e-05,0.00011071922636880666,-0.007482223009371223,0.006642626485378906,0.0002538213193603343,0.9999499124590949
1741341942.2319047,2,0.016611187674145468,1.4675261978709889e-05,0.0024689465174862406,0.008560319918983181,0.011240660739828998,-7.3860911397435285e-06,0.9999001792251376
1741341942.2484548,2,0.01613797733114259,0.00010688614247258492,0.004188512467163146,0.015165334110246063,0.02522227237742977,-0.0011388089882835135,0.999566182266853
1741341942.2651424,2,0.015617101219703259,0.00011372511933253085,0.004345285702180304,0.015634857702300494,0.02179864963767486,-0.0008516427850086204,0.9996397575142604
1741341942.2818518,2,0.015427388248518675,2.3094944134360047e-05,0.002645147592120673,0.009072831059756713,0.011654500844974137,-0.00023524420012847742,0.9998908945513916
1741341942.2986684,2,0.015767869946397933,-0.00011888922980302983,-0.00034353164488222266,-0.00893204354343768,0.0028723039135290364,0.00047941463974257944,0.9999558683411832
1741341942.3155239,2,0.016216271377592056,-0.00013479653788860355,-0.0008677982565605201,-0.03329809300946611,-0.0899208046767189,0.002160915918743852,0.9953897811061837
1741341942.3318415,2,0.016614976945349826,-9.967757953002617e-05,0.0001420547016959037,-0.00737171800015018,0.0021585925913769903,0.0004782642663347744,0.9999703843189769
1741341942.348328,2,0.01653189777522906,3.3685683042138956e-05,0.002915491550277942,0.010469453121956213,0.013011455873984381,-0.00012989252646998257,0.9998605281214465
1741341942.3659163,2,0.016115469624159103,0.00011403362254283888,0.004363909221766636,0.016263928182378883,0.02467293577527175,-0.0010465060969380865,0.9995627222467317
1741341942.3819795,2,0.015611853187896775,0.0001125816185593144,0.004424449415840181,0.016507862662255186,0.022663291315862043,-0.0007654999493884744,0.9996065624568917
1741341942.398326,2,0.015283906289737588,0.00010287940369843285,0.0036674140312878004,-0.0639659399788289,-0.09204286408830485,-0.0005792084387704633,0.9936982108319564
1741341942.4152932,2,0.015658966941234115,-9.735664121690438e-05,0.00012749247710488467,-0.004726584041605476,0.007442904027011339,0.0002720087305754996,0.9999610935402401
1741341942.4321563,2,0.016166157795753738,-0.00013925208992044238,-0.0008719657217809515,-0.0160617225575132,0.01173003034485881,0.0003752732068276867,0.9998021237357992
1741341942.4487784,2,0.016527195982398667,-8.642009210271363e-05,6.294076304501054e-05,-0.043687851938097204,-0.08593224580908451,0.001319603593390193,0.9953417902256483
1741341942.465486,2,0.016454685329813465,4.975603809126442e-05,0.0032441071550419628,0.011440453327830738,0.008646176205239619,1.6296811236220545e-05,0.9998971744129971
1741341942.4819896,2,0.016127572583391456,0.00010422838806616871,0.004245839016901279,0.01610380383941779,0.023264139748134793,-0.0010073358353548296,0.9995991359431017
1741341942.4986224,2,0.015642118811479453,0.00010376366190150896,0.004217232140560515,0.015527929656811407,0.024937864068203842,-0.0010630006998822998,0.9995678347995203
1741341942.5152488,2,0.015335870541499281,6.620359484046772e-05,0.003582117094852281,0.01276671778064885,0.015363024498570863,-0.0004099218261399197,0.9998003902577064
1741341942.5321047,2,0.015593712560807278,-7.836531933846493e-05,0.0005914548293537293,-0.0017738873898557877,0.0073069831818694695,0.0002743920467066125,0.9999716926140022
1741341942.5487006,2,0.016112189523883557,-0.0001401876807140408,-0.000881361187037564,-0.017639324590303547,0.010820837430351853,0.0003892128080945651,0.9997857831649207
1741341942.5652208,2,0.016544843490206827,-0.00011249851980881403,-0.0002526134184477761,-0.011141084346066652,0.008101748145328875,0.00024781720073656046,0.9999050837470618
1741341942.582167,2,0.016383657445303842,0.00010174102641794644,0.0042736267273793095,0.015583917491368686,0.006636168238082053,0.00031811088723031035,0.9998564904986122
1741341942.5987597,2,0.01618391343112253,9.604259438829104e-05,0.003998735616527764,0.014569268381355992,0.020788715913626906,-0.0008096862762213152,0.9996774030244099
1741341942.615229,2,0.01570260250334691,0.00011296238385937904,0.0043649748198645345,0.016945107280192426,0.027772132375675582,-0.001146838526907606,0.9994699879255825
1741341942.632083,2,0.01542080187325308,4.23547450857599e-05,0.003023473973276362,0.010458863799233057,0.01494907434740321,-0.0003483589527139457,0.9998334941330107
1741341942.6487389,2,0.015574798368751867,-6.0845697851640635e-05,0.0009645896589459046,-0.00040387533604741715,0.007944099657773889,0.00026630883797194437,0.9999683281209175
1741341942.6652539,2,0.016108387890433385,-0.00015515306030077034,-0.0010528141584445205,-0.016443454631887417,0.00857629601140159,0.0004000914198103096,0.9998279351335156
1741341942.682498,2,0.016540616133202676,-0.00011918069380397085,-0.00038101466523983034,-0.012802440104676524,0.008645212691094294,0.0002312153171412,0.9998806450593837
1741341942.6986585,2,0.01655601258514964,9.484041130265351e-06,0.0023597759079195843,0.007066098588982329,0.00954435468743477,2.7253663558606724e-05,0.9999294849145959
1741341942.715467,2,0.01620549962378176,0.0001249374060841805,0.004640297701948008,0.017694467624409342,0.01743020198397474,-0.0005228110786450108,0.9996913626429222
1741341942.7322123,2,0.0157783960779398,0.00010575727431601005,0.004170543542411461,0.015880809428190614,0.024634036641748337,-0.0010677199867855057,0.9995698195247135
1741341942.748525,2,0.015443660519338286,7.902346422623787e-05,0.0030839816649149846,-0.06208868901758142,-0.09391620221714642,-0.00046223453049352184,0.9936420522484065
1741341942.7657492,2,0.015593790021609157,-5.882537768461147e-05,0.0009806996182432515,0.00018259249001991603,0.006197202251379505,0.0003130633579404757,0.999980731482148
1741341942.7821403,2,0.01611939749419477,-0.0001605952547757125,-0.0011916861609343546,-0.017553988959434965,0.007966275954757022,0.0003960948621116605,0.9998141022349529
1741341942.798734,2,0.01655560619881459,-0.0001234583061469864,-0.0004986358361662644,-0.01334901833286591,0.00872020319861474,0.0004061656127479408,0.9998727903064563
1741341942.815674,2,0.016577377654067034,1.232924961724381e-05,0.0019711799142539755,-0.05598217864452114,-0.08739952224336206,0.0002197707436514365,0.9945990503145804
1741341942.832158,2,0.01630939583776861,9.754664685863075e-05,0.004168882612834682,0.01604444612332138,0.016133308126655154,-0.00047065569507635867,0.9997410017603074
1741341942.8488362,2,0.015858494902727983,0.00012100227167554223,0.004451893528826448,0.016585911961941764,0.026320499672239744,-0.0012104977424530114,0.9995152192521182
1741341942.8657076,2,0.015455245348790492,0.00011032145135641614,0.004368004037190217,0.015836239630194055,0.01415756608145493,-0.00038994639256624173,0.9997742869162195
1741341942.8823166,2,0.015612858208398082,-4.352051869204543e-05,0.001277994677007325,0.002613811957778295,0.0010936869292765968,0.0005812537233847027,0.9999958169812807
1741341942.8999064,2,0.01608437584957749,-0.00013182805407347574,-0.0007207277134222918,-0.01621188650675108,0.008825847100194878,0.00038023499049182795,0.999829552763974
1741341942.915487,2,0.016542545379180332,-0.00011779171462349341,-0.0003862637939345388,-0.013569066620065606,0.010639273587956976,0.00021492528271145687,0.9998513089933441
1741341942.9322526,2,0.016660189192416585,-2.9300960603657796e-05,0.0015984909062697267,0.0031057950825644598,0.007753351984458525,0.0002564737392078402,0.999965086286082
1741341942.9491444,2,0.016321731555477243,0.00013616098178145087,0.004859492109999603,0.018008995545562245,0.01694124087994398,-0.0004753916120315881,0.9996941754555253
1741341942.9657779,2,0.015926548078751098,0.00012420106486138476,0.004595486306970751,0.017611232326104134,0.023109678379465683,-0.0010632980388714129,0.999577238965771
1741341942.9820683,2,0.015455196786568315,0.00014969158872803846,0.004561472647418458,-0.06799838319281527,-0.09469868571613375,-0.0008841980385729689,0.9931805460240493
1741341942.9996004,2,0.01560998105266329,-2.672684116791048e-05,0.0015681601622119553,0.0042561730156809195,0.001471989215995644,0.0004813278236529007,0.9999897432286666
1741341943.0155282,2,0.016082379230047166,-0.0001480541190515845,-0.0009543688895001136,-0.01473779966113998,0.006352451707291465,0.0005009756226411943,0.9998710880117897
1741341943.0324247,2,0.016479339644552442,-0.00011891704688413788,-0.0005784551108255788,-0.034498679734038154,-0.08703394629433821,0.0021293932964771647,0.9956055438642513
1741341943.0489228,2,0.01668710410249761,-4.786230199752663e-05,0.001137813021014379,-0.00037866503069545825,0.007657151860935536,0.00024569854913308707,0.9999705817024799
1741341943.0655715,2,0.016427252342372165,8.564864451807073e-05,0.0038664488030456796,0.015076172256932118,0.013229843897633575,-0.00024164849730109257,0.9997987906906705
1741341943.082582,2,0.013080823022904614,0.0006342825999006271,0.013970688344608536,-0.09378441304550708,-0.20733462606328645,-0.0086783424241152,0.9737255892075943
1741341943.09919,2,0.01088234605287708,0.0003105145311654422,0.008584024736151013,-0.07821519206771896,-0.1596177035274813,-0.0037629888461323344,0.984068296596007
1741341943.116196,2,0.01079907133303067,-0.00015072045715991417,0.0002987143557784176,0.0027029841386551267,0.003945975075851509,0.0004702314001029401,0.9999884509532484
1741341943.132769,2,0.011628075076416054,-8.521598880985865e-05,0.000603937437502646,0.0002389447482718504,-0.14028762185045496,0.007738247726321249,0.990080524797391
1741341943.1492002,2,0.013151085912034963,-6.012796163365634e-05,0.0006925080794811854,-0.04662567354094897,0.04832622315859909,0.00042341264159044464,0.9977426739614845
1741341943.1658218,2,0.013300717601727775,8.468114944016277e-05,0.00413722671913703,0.016299535074409385,0.015135616560379643,-3.166101619410597e-05,0.9997525880262953
1741341943.1825643,2,0.012160972344185013,0.00015740730923015963,0.004953580812555146,0.021457175925077777,0.08655180534074591,-0.0053372807487909605,0.9960019518192655
1741341943.199428,2,0.009167911568038537,0.0005669559108500905,0.012153743114409036,-0.08887843528316679,-0.18386850146964703,-0.006357502361952026,0.9789037644593261
1741341943.2158585,2,0.007156726259050297,0.0002890432715989049,0.008147038489965968,-0.0778659978790329,-0.1570735018347743,-0.003609734292545558,0.984505851284796
1741341943.2328389,2,0.006693298859681416,-3.8810075171212357e-05,0.0019808366260288266,-0.06015072693910333,-0.08548677319283345,1.6095869330274966e-05,0.9945219461624251
1741341943.2496905,2,0.007402417335379509,-0.00012678432527624947,-0.00013387497272992636,-0.005718209300933982,-0.12392798341607639,0.006399187579967428,0.9922541042531049
1741341943.2662501,2,0.008882531049621256,-5.064825371123723e-05,0.00143609369238544,-0.050423295163286454,0.07131601976699316,0.0006051659992303698,0.9961782724008706
1741341943.2827203,2,0.010229812094357756,-0.00020850273078072196,-0.001232744136016953,-0.0291874640857581,0.015715348962086918,0.00032186575399019884,0.9994503570211374
1741341943.2995765,2,0.009748245705965117,0.0001326944782577889,0.0049834662331278545,0.021284947170967284,0.03457488173720151,-0.0017443223635044704,0.9991739017389716
1741341943.3159838,2,0.008534058449254861,0.00022575417634612788,0.005856137691306173,-0.07163647880880793,-0.14304051952528873,-0.002358229600087011,0.9871180595202196
1741341943.3325503,2,0.007256486983551259,0.00015447684357454636,0.005239456305445165,-0.06884355351655237,-0.1260649766156581,-0.0016315655367753032,0.9896289834094424
1741341943.350026,2,0.006941146194412897,-6.476216985736525e-06,0.001960394166045503,-0.057610941080070005,-0.07710317189861778,5.164854515924099e-05,0.995357261330558
1741341943.3665187,2,0.007605390940371786,-0.000119233581913564,-0.0002398384670082999,-0.007733605648378834,-0.11227099463479236,0.005396066540019206,0.9936328786696248
1741341943.3826897,2,0.008860909261972716,-5.418172898146256e-05,0.0012622786983640818,-0.04651492229763872,0.06386383835786465,0.00032981440824596616,0.9968739455800324
1741341943.3994775,2,0.010216068018752349,-0.00018922095624408596,-0.0011780345919669415,-0.0366528585059276,0.02654990416399436,0.0002720820808053978,0.998975273229307
1741341943.4166179,2,0.010142145424428909,0.00011264830585554079,0.004028309894465241,0.01741912047972784,0.010105228168993547,2.8090158242695237e-05,0.9997972083459268
1741341943.43295,2,0.009615417741859927,0.00018508785341766844,0.005345878379968849,0.018769906238863876,0.03510559042463567,-0.0017860234483464102,0.9992057337010051
1741341943.4494185,2,0.0089086261570049,0.00016542252500043893,0.005427316932821411,-0.06855291936384389,-0.09960137269820518,-0.0012198221677402845,0.9926623674932008
1741341943.4661863,2,0.00929930904296385,-0.00019364700655912938,-0.0009326547622079904,-0.007993251332392998,-0.001583366247860007,0.000568298644535751,0.9999666384040585
1741341943.4831235,2,0.009957669791610377,-0.00013423682022626915,-0.0009683058088912395,-0.00822499741240981,-0.11455567506814258,0.005518842480770285,0.9933674491873188
1741341943.4996252,2,0.011110205077291999,-3.7085994916754364e-05,0.0010346788677520486,-0.044766610388249396,0.056747155465094665,0.0003392862210780637,0.9973843771715232
1741341943.516233,2,0.012322890809641537,-0.00019409231339212493,-0.0005085657751791334,-0.035924598982213625,0.030155249664955548,0.00018447804013463245,0.9988994193979012
1741341943.533175,2,0.012616649658230302,-5.623960211100488e-05,0.0010927361210141602,-0.0615960099222069,-0.07365140209487728,-0.00027390962287879577,0.9953799915131107
1741341943.5497746,2,0.012412172265364,6.193946695078956e-05,0.0028257730383033954,0.011183800711416945,0.01523491275756369,-0.0005007625241924741,0.9998212686634603
1741341943.5689213,2,0.012155738578585845,7.286290532384491e-05,0.003536476377580203,-0.05902633449046895,-0.08253316794966341,-0.0001781844612073608,0.9948387488809982
1741341943.5837018,2,0.012796232270208263,-0.0002172295284392054,-0.0012172917814252655,-0.019527272700908867,0.009090859061638975,0.0003293816076084199,0.9997679397790982
1741341943.6004221,2,0.013523115894909581,-0.0001869056961194376,-0.0016738586887834594,-0.013366394592802712,-0.10655453575156164,0.004630256185876685,0.994206231691399
1741341943.6166422,2,0.01434839240303483,-9.668767868136305e-05,-0.00024837498221298157,-0.03304661817513125,0.02306632353776605,5.661267401456406e-05,0.9991876012744771
1741341943.6346357,2,0.014507772706984274,-2.836413264228032e-05,0.0027873796811967305,0.005430442676043699,0.0034428389871627367,0.00037524263586296647,0.9999792579573913
1741341943.6503606,2,0.014200227347540085,3.2911907689112516e-05,0.003995435046593331,0.01894102366800108,0.02833616492296635,-0.0015044239025919536,0.9994178485941644
1741341943.6662128,2,0.013447870490558253,0.00015389650689380166,0.004589633034549375,-0.0701407280384749,-0.10751531328612829,-0.001602275644736998,0.9917248451016928
1741341943.6829822,2,0.013361008113259432,5.776899855668981e-06,0.002516323378090151,0.00602315789995028,0.00354975348763728,0.00033111662322612257,0.9999755052904401
1741341943.6997073,2,0.014052566776582037,-0.00016527803477493048,-0.00035732386750706054,-0.012743880444756934,-0.10999303085567914,0.004740438450113979,0.9938393506586927
1741341943.7172437,2,0.015253739275700999,-0.00014307521790792407,-0.0004063158991470831,-0.0033760934555243293,-0.13341221717814652,0.006909562591600942,0.9910307968198482
1741341943.733394,2,0.01656121996131993,-0.00010214735299269526,-0.0004949005917679716,-0.039357702468969503,0.03615163711505369,0.0001370304365993315,0.9985709847641905
1741341943.7496166,2,0.016584961064919034,7.599192784482937e-05,0.004006711882616192,0.011317359704227481,0.018645947857142894,-0.0005471161765449661,0.9997619449957691
1741341943.766768,2,0.01573618149279657,0.00014665413079742714,0.006021804055626146,0.023509707651819686,0.0585784140690435,-0.0037973777305692073,0.9979987189238536
1741341943.7831917,2,0.014165535124848735,0.00023663162149862237,0.00643916986709368,-0.07573944073285901,-0.1491399200059801,-0.0031789898821571252,0.9859060378156798
1741341943.7997904,2,0.013162557937834909,0.00015392958976689203,0.004769063404803835,-0.06848638332243372,-0.10667677590056303,-0.001573188238352664,0.9919310489452583
1741341943.8164413,2,0.013617316404498519,-0.00017366020446791213,-0.0007962427210904303,-0.01829695182146756,-0.09623654227083128,0.003630499093559967,0.9951836860409887
1741341943.83366,2,0.014693957558358983,-7.768286933881432e-05,0.0009225976552151603,0.003791291905367118,-0.1474823427288762,0.008713915739616477,0.9890190353887903
1741341943.8503973,2,0.016438864960197398,-5.169194735079254e-05,0.0006193929695166333,-0.04918712716771904,0.06427065068823551,0.0004902312003778861,0.9967194538356656
1741341943.8663838,2,0.01728676970913933,-7.070013519313162e-05,0.000659143878414815,-0.04497264519816814,-0.08241257090907284,0.0010946193126457734,0.9955824582366832
1741341943.8834403,2,0.016456790460077277,0.0001879564654243747,0.00631982910178303,0.024719286747755375,0.05611619456451678,-0.0035341480902972367,0.9981119372933857
1741341943.900075,2,0.0146216438354486,0.000327128522033838,0.007872958268287334,-0.07863925140214931,-0.1682963107718075,-0.004159645031953114,0.982585832013019
1741341943.9166656,2,0.012865845820085698,0.0002858774454379855,0.007489888267619457,-0.07645819236192851,-0.14802992031640916,-0.0033958753987456767,0.9860171172662978
1741341943.9334204,2,0.01252342499717211,-1.1367858478850726e-05,0.00284806367699537,0.010614918014046156,0.005703330956586772,0.00016529089938845893,0.999927381468511
1741341943.9500568,2,0.013398872245290143,-0.00013717928120151007,-0.00037121125694880764,-0.0026034627845688504,-0.1289970196265234,0.0069134489594091224,0.9916174641122902
1741341943.9666286,2,0.014970780147964716,-2.3789591370697676e-05,0.0010891854535772009,-0.0503336284652459,0.0740206711884451,0.0006131565633975976,0.9959854869029786
1741341943.9834518,2,0.016383611822566434,-0.00013049635530236158,-0.0003166694867477167,-0.033683105279484434,0.026886515763807486,0.00022482943499729473,0.9990708248870741
1741341944.0004673,2,0.01602892667759857,0.00012073592557823094,0.005092963358103305,0.021172771066624848,0.032571362491039264,-0.0016105002867411245,0.9992438273012568
1741341944.0167062,2,0.014582712313889317,0.00025447606523790997,0.007209901509212701,0.02792731080372289,0.0848596843940801,-0.006110667663370201,0.9959827101995884
1741341944.0336354,2,0.012714923084560108,0.00026164126655685294,0.006827420389676722,-0.07443619035643358,-0.15717007779820855,-0.0033158631668740815,0.9847567340524178
1741341944.0500765,2,0.011838168231079626,8.109600697666002e-05,0.0039866959804779395,-0.06618852957424635,-0.09790513624891035,-0.0008698431068543241,0.9929918963525587
1741341944.0666776,2,0.012466340323548531,-0.00018916104371212192,-0.001203399190098166,-0.01063518346457059,-0.10722156648656646,0.004843096138672361,0.9941664714586956
1741341944.083564,2,0.01369069564963537,-7.065829145973157e-05,0.0007313000207105406,0.0020721682597135433,-0.1485180862940422,0.008501767042965565,0.9888709744549113
1741341944.100106,2,0.01531672086264014,-7.574192699374724e-05,0.0004081841133018625,-0.045855890677658884,0.048956998358092835,0.00040211448475676535,0.9977476073165324
1741341944.1174345,2,0.01562582403771567,2.062536560006311e-05,0.0028997604279490173,0.01099118870366728,0.00899250461868395,0.0002005795599213186,0.9998991391132425
1741341944.13345,2,0.014548426005705063,0.0002482964128269696,0.007054915478347921,0.027164479358698684,0.06909159701292455,-0.0043636042291453426,0.9972308665707785
1741341944.1502085,2,0.01277503255890784,0.0003395432671590159,0.00814910453094449,-0.07876494179151813,-0.1577276809413093,-0.0038602383535654575,0.9843287871282181
1741341944.167078,2,0.011668146954441209,0.00017106317609520452,0.0054033089637100596,-0.07080684800989547,-0.11829160750659909,-0.0019065124207301833,0.9904493177739071
1741341944.1835103,2,0.012010464819819645,-0.00018349284176706723,-0.0011288716426426145,-0.013257615628298983,0.00579826099842757,0.00048445064637365435,0.999895185059323
1741341944.2001414,2,0.012769158205325783,-7.194586249930704e-05,0.0008636309422179598,-0.00034946384069309803,-0.13630246138650323,0.007558761239524977,0.9906383709626478
1741341944.2170272,2,0.014271127516827471,-5.230527456300206e-05,0.0011215233817828026,-0.049301890748152985,0.05830845192294785,0.0005157958240734012,0.9970803287387001
1741341944.23389,2,0.0152189152412146,-0.00013724499040508313,-0.00040884228249468625,-0.04019217138964179,-0.08449040973194098,0.001586048588520237,0.9956120953826291
1741341944.2501366,2,0.014648140309229573,0.00015672780078479425,0.005115208764686148,0.021596033076196064,0.036304767097900224,-0.001984501318520129,0.9991054183597724
1741341944.2673616,2,0.013447090227433593,0.00025653050695159825,0.006405681961113368,-0.07314429399924724,-0.1388146051932937,-0.002504805394313059,0.9876103197062687
1741341944.2837725,2,0.012479188694882693,0.00017032282889288932,0.005469774431463498,-0.07175830510704237,-0.11809740414934267,-0.001882388357117654,0.990404061681607
1741341944.3008022,2,0.012582570865153757,-0.00010905285601912574,4.477549148541191e-07,0.006803579982885265,0.002117710394386417,0.00038075657314395384,0.9999745404891737
1741341944.3169186,2,0.013067374549224395,-7.395885429281273e-05,-1.1378326332422819e-05,-0.011051507389581558,-0.10811246154045798,0.004777319437143676,0.9940657609348974
1741341944.3336146,2,0.01404656910928898,-0.00013114126207923224,3.820556154923695e-05,-0.012584838501094623,-0.1122386866478167,0.005022226261358159,0.9935888869662614
1741341944.3507473,2,0.01479599748590488,-0.00017173839708055933,-0.0006736280053280036,-0.04229948908763344,-0.07970381518189548,0.0013696108345347823,0.9959197654603194
1741341944.3669498,2,0.014414079526300002,0.00011655796805959237,0.004425014514951234,0.02052230901246598,0.01861174456237858,-0.0006201601603159543,0.9996159528531531
1741341944.3839312,2,0.01374179515793531,0.00018512108463687515,0.005686640326976629,0.019395797184642502,0.03656006047824464,-0.0019663633334197368,0.9991412805227498
1741341944.400627,2,0.013214812818420282,0.00012519811380385545,0.0046761673147097576,-0.06696357348060744,-0.09618229138014035,-0.0009010096001187514,0.9931082694415919
1741341944.4170558,2,0.013553134894281935,-0.00012332673863973867,0.00011458510823550667,0.00014859573034948993,-0.0020555775276483,0.000762163150740498,0.99999758581092
1741341944.4339156,2,0.01412443021691985,-0.00012575595156076775,-0.0009596882208988038,-0.01974022456918788,-0.09788221973841943,0.0037056479342394686,0.9949953079117636
1741341944.450298,2,0.014752494738339051,-0.00010080255707855362,6.508309855378137e-05,-0.02739337623134815,-0.09480792905781187,0.002899772419142591,0.995114390834709
1741341944.4671805,2,0.014815850057445033,1.5104483579100728e-05,0.0033019169405264113,0.010313052156712138,0.006710064371361629,0.00016597085641989603,0.9999242913566105
1741341944.4839869,2,0.014377348347416202,9.95548288052837e-05,0.004472042307445058,0.02010753536083883,0.029157224631927676,-0.0014383342220391129,0.9993715397529298
1741341944.5005147,2,0.013685045836313676,0.00015215627793505523,0.0049765429553426535,0.01974223930774799,0.032287813943031,-0.0017470684856674193,0.9992820867050516
1741341944.5171645,2,0.013341520273794961,7.18212724600183e-05,0.003990768317413325,0.011873331048054837,0.008489799581851285,3.551160320112407e-05,0.999893467351302
1741341944.5342782,2,0.013993024398175787,-0.00019983094351301518,-0.0013187628715197331,-0.02212135401590659,-0.09244341592102749,0.0031960102831646653,0.995467049212391
1741341944.5504477,2,0.014816722604415756,-0.00015128063577532036,-0.0011464660071461416,-0.011738703118040929,-0.11058201677440134,0.005096665083723376,0.9937846066528887
1741341944.567235,2,0.015623927862284752,-0.00010806283496528362,-0.0004832806009257747,-0.02359834125202402,-0.0958371936634599,0.003360772879432406,0.995111579576139
1741341944.584913,2,0.015545652909311454,4.34216032044341e-05,0.0037154351468082873,0.012087014368125011,0.011209084536065065,-0.00018128744097493262,0.9998641045874144
1741341944.6007967,2,0.014804073305124578,0.00016766548935181564,0.0060177461497703845,0.02422123834623175,0.04842988512830735,-0.0029093789684523606,0.9985286242033584
1741341944.6177452,2,0.013734782939412332,0.00021971885191726317,0.005613908690950284,-0.07244768782274255,-0.12374219995075647,-0.0019301466068270836,0.9896643244123543
1741341944.6339164,2,0.013260145951534491,0.0001123822003509254,0.0040233247280255366,-0.06411322770046095,-0.08812536501560447,-0.0005656897757867733,0.9940438089288484
1741341944.6506357,2,0.013934159148573584,-0.00019266073532084123,-0.0012126639561038086,-0.0170255600951122,-0.09808436584991566,0.00385638719217244,0.995024982478878
1741341944.6675096,2,0.01490868251421123,-0.0001253784569070494,-0.00044811932070171884,-0.00510880284211978,-0.1272042720467349,0.0065950275222237745,0.9918414585600672
1741341944.6839883,2,0.016085946070481808,-0.00010532356903252999,-0.0004273265547695481,-0.03642074797685235,0.030558755789963896,0.00017942831981261867,0.9988691903181587
1741341944.700943,2,0.0161592212688245,2.5179713287357094e-05,0.0030744634354325003,0.00994291555274776,0.014767167694904588,-4.798206715248823e-05,0.9998415208853364
1741341944.7175183,2,0.015288641563152315,0.00017277468012451687,0.006037468222671504,0.025275179315979827,0.05559898308605866,-0.0034743092878572594,0.9981271700366209
1741341944.733947,2,0.013858663549428704,0.00026967432484088755,0.0066481728446453415,-0.07564642843736526,-0.1416178403460325,-0.0029591709320597676,0.9870224153826452
1741341944.750771,2,0.01306894585264093,0.00013333654550730433,0.004381980056105631,-0.0664119974962032,-0.10251594566016209,-0.0011493491778945104,0.9925112626416057
1741341944.7673895,2,0.013594700195069432,-0.0001879091569822082,-0.0013748696860486646,-0.02348806834655052,-0.09315648200597848,0.0031714231905699067,0.9953693397832605
1741341944.7840774,2,0.014583474663970211,-0.00010109093387317388,-3.063389000413925e-05,-0.002939865093992356,-0.13884569080054893,0.007381495206021105,0.9902821541701491
1741341944.800974,2,0.016076484265683352,-6.585361198107762e-05,0.0002218372259627814,-0.04320209778362367,0.05210883235682229,0.0003869547089084278,0.9977064190449794
1741341944.81807,2,0.01669120471675624,-4.778188285363162e-05,0.0013580600653099394,0.0007420229709335931,0.006579691292444052,0.0003322335337084276,0.9999780231011508
1741341944.83437,2,0.015865671963942632,0.00019929615848464206,0.0063474918749523756,0.025096284210554844,0.05392063135376178,-0.003169911176054675,0.9982247711294139
1741341944.851389,2,0.01443677683389954,0.00023729143232467052,0.006806899811199947,0.025780727704091986,0.07706029724932156,-0.005400704762298435,0.9966784321208944
1741341944.8674083,2,0.01306089631410592,0.00019486020150822305,0.005560059718379126,-0.07108441837766936,-0.1262229020260753,-0.002148263637424332,0.9894494274248524
1741341944.884274,2,0.013118134880275802,-9.518832484089211e-05,0.000687285037389603,0.0007438054535636837,0.0030581257682161865,0.00039718448911198683,0.999994968419699
1741341944.9010394,2,0.013971858529946382,-0.00010941620960767392,-9.930644220042739e-05,-0.002770954815649457,-0.1341725296009523,0.007037455292885507,0.9909291237686437
1741341944.9174583,2,0.015486741550043308,-6.578857253092897e-06,0.0013186987277800297,-0.05171448472369673,0.06841748928631361,0.0006575851821994758,0.9963153249906617
1741341944.9346106,2,0.016732898116467457,-0.00013879683762128465,-0.000678292707003815,-0.027478762186444846,-0.09683700143607238,0.00321220561862599,0.9949156720630319
1741341944.9509978,2,0.01639402582915243,0.00010516751103988503,0.004367388343634022,0.018770813041796976,0.030091731858390428,-0.0013732899964427913,0.9993699306693684
1741341944.967856,2,0.015214931061642152,0.00015862732733877005,0.005050074027158872,0.019999602072051644,0.07471743183861627,-0.004653537798933617,0.9969933128573909
1741341944.9845798,2,0.013534714252391503,0.0002456782638479913,0.006444133793664361,-0.07299335142934739,-0.14201990314146182,-0.0024901549588229456,0.9871656987998938
1741341945.0008593,2,0.012938288209479265,9.988996873027887e-05,0.004006424940226589,-0.06628342861899501,-0.08821041781503275,-0.0008535539036403572,0.9938937069551963
1741341945.017956,2,0.013678659179176844,-0.00016462863399155746,-0.0011626359127379076,-0.012585357124194807,-0.1071489716718876,0.004568513246620888,0.9941528229313785
1741341945.0344613,2,0.014771503014737968,-6.501518354488811e-05,0.0006827470662162157,-0.003605592330546465,-0.13939087948932685,0.007373239022074894,0.9902034224165565
1741341945.0510368,2,0.016156363182603946,-0.00011398004842748013,-0.00018231976811532678,-0.037957559888582425,0.03394708191166593,0.00019457358728292305,0.9987025490195299
1741341945.0676758,2,0.016280592713309856,1.809695274023009e-05,0.0026929543737118544,0.011896350539467774,0.013620723346919533,-0.0001953920182206159,0.999836443905356
1741341945.0845852,2,0.015435744762603747,0.00016886886577403734,0.005186877385408906,0.020078531419270344,0.05339891341284726,-0.0031640897829091842,0.9983663641961392
1741341945.1009798,2,0.014203645505377649,0.00016990685093134318,0.005577942891616879,0.019149697919413247,0.05766365513325311,-0.0035818672933734903,0.9981459623586928
1741341945.118891,2,0.013364239339052373,0.00012970829856342436,0.00458943521391529,-0.06785495522963444,-0.10204683176500497,-0.0010777009274821787,0.9924620837786298
1741341945.1350646,2,0.013936138663681307,-0.00019378598257018597,-0.0016205270379020446,-0.017102236686121132,0.012313523119517293,0.00027218682211243444,0.9997778836136809
1741341945.150958,2,0.014624915180145397,-9.984030051074267e-05,8.47356459362529e-05,-0.007556985727434539,-0.12095249100701835,0.005865836709850322,0.9926121996256171
1741341945.1683733,2,0.01576405614535247,-0.00014491037085424897,-0.0005278794385139639,-0.036096061424112806,0.028388194461408164,0.00015069991490631224,0.9989450245406019
1741341945.1844473,2,0.01596515706578877,-2.14563145247206e-05,0.0021060719159965847,0.008742353384149327,0.005069997882126019,0.000361795495969234,0.9999488664340797
1741341945.2014482,2,0.015344848005744139,0.00014909306848185383,0.004860524548047662,0.019417271369682625,0.03924540068178942,-0.0021525802869061367,0.9990386051079259
1741341945.2181656,2,0.014339940200246731,0.00020873512342765814,0.006342390284682431,0.02270196192876877,0.04694209336520618,-0.0028894339055887397,0.9986354249508588
1741341945.2354033,2,0.013792934492138134,9.918248380021486e-05,0.004006807209272756,-0.06527857650990561,-0.09828094877692607,-0.0007858281991184157,0.9930150779471524
1741341945.2516947,2,0.014242334394964126,-0.00014671219275678358,-0.0007403279956502343,-0.007447452987605956,0.006559873450268685,0.0003529652427884659,0.999950688244101
1741341945.2678876,2,0.014871420635799569,-0.0001383320718470663,-0.0008834303986520362,-0.016517936824593675,-0.1043779575196742,0.004268901565908065,0.9943913596901878
1741341945.2852788,2,0.015645785517583197,-0.00015349549730525432,-0.0006671838837330037,-0.025438530553961565,-0.09537569061257806,0.0031654779526429115,0.9951112191874636
1741341945.301301,2,0.01567567420171685,6.850763594905094e-06,0.0029481675706040126,0.011164148967608404,0.0028152795280238867,0.0004806605182549643,0.9999336002677749
1741341945.317889,2,0.015157143224897224,0.00014545635371087648,0.004985899866756187,0.021465611724455155,0.031246126297030257,-0.0016323688774381162,0.9992798619388729
1741341945.334614,2,0.014414810448216575,0.0001666488735489479,0.005393929879352224,0.019859254422425723,0.034836302436830634,-0.0019329238191397344,0.9991938279692407
1741341945.3525896,2,0.01399597801980301,0.00010449098456242379,0.004050452345466292,-0.06420995160928508,-0.08710233012338027,-0.0005257961189993905,0.9941277532288555
1741341945.3686666,2,0.014635901174688151,-0.00018696541042933875,-0.0014842792276674377,-0.01866272671760847,0.005977601349729664,0.0004458862721890094,0.9998078675920689
1741341945.3846157,2,0.015275949247704484,-0.00012765384250407546,-0.0009185817241243435,-0.03194113035302526,0.02488595088637884,0.000189343323503717,0.9991798725901947
1741341945.402111,2,0.015823004261259217,-0.00012245169671264925,-0.0003000900419790654,-0.03812214203547614,-0.08337223588649091,0.0017859402411136145,0.9957874185725433
1741341945.4181051,2,0.015624777399781568,6.216717128494938e-05,0.004132008283895791,0.016236491708045593,0.015992526935332523,-0.0004259245367178966,0.9997401832513917
1741341945.4348543,2,0.015049229762592311,0.00013148470750571836,0.0049094671108926066,0.020505114938313047,0.03686027094199772,-0.0018921540795510973,0.999108242604568
1741341945.4516163,2,0.01422837007327759,0.00017455330567608065,0.004815898088036992,-0.06898753439464259,-0.11031980535723315,-0.0014021231124770664,0.9914980053912704
1741341945.4685566,2,0.014069707575985644,2.902893109542796e-05,0.0030975922144531624,0.008947927295087092,0.00508702544914182,9.502138376253988e-05,0.9999470224667596
1741341945.4851408,2,0.014734090992180086,-0.0001747166843531789,-0.0012366533867505642,-0.021197596289391003,-0.0959679011954909,0.0035252325525607755,0.9951524489178203
1741341945.5017424,2,0.015636002553814993,-0.00012885803144867266,-0.000952027054225897,-0.037147375025373026,0.03341953447540861,0.00019607960166359998,0.9987508041533488
1741341945.5183845,2,0.01634375125915856,-0.00011492113896328102,-0.000411090738903669,-0.019039689095807562,0.01249083166178671,0.00020156904286527122,0.999740680743488
1741341945.5350015,2,0.01606196883129494,5.6898914125175196e-05,0.0037674474829149695,0.01366255564110671,0.022088062736823556,-0.0006329255432382174,0.9996624687679059
1741341945.5514793,2,0.015260949414750109,0.00013261741439497804,0.00502229769049572,0.021435640631767807,0.05260254027505706,-0.0030237629913050183,0.9983808606562372
1741341945.5680232,2,0.01410834443611148,0.0002050368307365031,0.005450384427048324,-0.0712795296022604,-0.12175419242909731,-0.0016713398632688468,0.9899961373200807
1741341945.5847723,2,0.013786509992796406,6.621860878030241e-05,0.003164987852284422,-0.06024890655630737,-0.08891385762107167,-0.00041559967997887567,0.9942153803168683
1741341945.6015236,2,0.014486909608760631,-0.00017351757245017473,-0.0011063365957002045,-0.01762770027767117,-0.10292185020064709,0.004178439789037321,0.994524458007507
1741341945.6189432,2,0.01560712243734786,-0.00012096401289330436,-0.0007416873964350294,-0.04198853682398913,0.05090074844547865,0.00016999984178319246,0.9978206490562943
1741341945.635079,2,0.016651119128934667,-0.00010880471564441453,-0.0004932385407236946,-0.03146547654617049,0.025691707445283665,0.000187723637173694,0.9991745716911056
1741341945.6516018,2,0.016603193572172027,4.108614248920171e-05,0.0032379859657065513,0.011908312349611871,0.017269035421463914,-0.0003348440302152693,0.999779905975346
1741341945.668482,2,0.015779994372253414,0.00013980720003602403,0.005029774230013275,0.020810870913641488,0.05190482182040847,-0.002857611428428646,0.9984310848428807
1741341945.6849785,2,0.014500462427861845,0.00017309161110414786,0.005433400068221663,0.02062997287693507,0.05943515816753767,-0.0037537711620563644,0.9980119114493371
1741341945.7020745,2,0.013666682016318498,0.00012015456101859455,0.0042253919569188786,-0.06586525697410178,-0.0955341941965795,-0.0010179333863867105,0.9932441540097614
1741341945.7184453,2,0.014263154513296059,-0.00017659249389642443,-0.0012775836765958474,-0.025670833127928516,0.017637386957046947,0.00024981714396435893,0.999514816548129
1741341945.7350562,2,0.015175293741293873,-0.00010181946994838679,-0.00015885321346353006,-0.0054352860637257175,-0.1322612089696152,0.006744580901855421,0.9911770482087242
1741341945.7521813,2,0.01652835262420721,-9.380531782608549e-05,-0.00013532695884718021,-0.03972911801924687,0.04315916385830182,0.00017621502333176102,0.9982779436132657
1741341945.7686043,2,0.016878054052639986,1.569632259862653e-05,0.0022558280072261065,-0.058144623769713306,-0.08235014371270755,9.273393743515714e-05,0.9949058487905235
1741341945.7853336,2,0.01626693493056951,0.00015424398333749445,0.00521454210266803,0.0206355747979469,0.04662516336323024,-0.0026515945064218976,0.9986957676092775
1741341945.8017626,2,0.0149686332508978,0.00020030744374751897,0.0052325584062491584,-0.07046404003790845,-0.14085432359841207,-0.002256431383612991,0.9875169806654369
1741341945.818683,2,0.013884382937080211,0.00015992084754883838,0.004872212757160316,-0.06897950561179712,-0.11173979054012935,-0.0013924281727984455,0.9913395524034051
1741341945.8351736,2,0.014132660658381289,-0.00011891974115887537,-2.1482123730140722e-05,-0.006631555731432161,0.009158192610908987,0.00013230858749993085,0.9999360641916663
1741341945.8523936,2,0.01491440260424913,-0.00011969385401226608,-0.0004476790067620378,-0.008516518949914648,-0.12416901583886995,0.00596032973932963,0.9922066311409034
1741341945.8688145,2,0.016214175034761948,-7.596332788669763e-05,0.0001850651446105127,-0.04298941948677606,0.051513174022622905,0.00021010239908371263,0.9977465903581365
1741341945.88541,2,0.017060131747633323,-0.0001279388699510531,-0.0004527491714002476,-0.03992482679707761,-0.08617452232331685,0.001649957800371451,0.9954783963235107
1741341945.9022589,2,0.016588131202152783,9.856446562647635e-05,0.004167301439525337,0.017062909114067496,0.031872077691823764,-0.0015994661780795974,0.9993450202528237
1741341945.9183893,2,0.015431372894787965,0.00020171724595298364,0.00526193212434759,-0.07056085011656164,-0.1372167430614936,-0.002076490477564335,0.9880224795224656
1741341945.9354086,2,0.014322068995255273,0.00017300946807331541,0.005028623590741219,-0.06851001673209307,-0.12221316559619111,-0.0014824787907935777,0.9901354059011127
1741341945.9517715,2,0.014119312728737612,1.333671824142259e-05,0.0027155199775289866,0.00932851103251409,0.004425897017056976,0.00039812466804896123,0.9999466144821229
1741341945.9685571,2,0.014870749173703696,-0.00015896684672675053,-0.0011818423640481553,-0.017551793004182813,-0.10774002078613502,0.004352748484161532,0.9940146256791069
1741341945.9856324,2,0.01595083687311355,-9.861489933258048e-05,-0.0001731582424036825,-0.04049314727992767,0.04680140642447853,0.00020015432879170498,0.9980831094244114
1741341946.001957,2,0.01681751266026839,-0.00011784744936881886,-0.00028442156223642786,-0.03196389087888433,-0.09465909597223943,0.002539642000814337,0.9949932238201972
1741341946.0186086,2,0.016627822286509296,6.200175363054301e-05,0.003470967687323219,0.014135113269949996,0.019925305586068486,-0.000737728817787391,0.9997012736444516
1741341946.0354428,2,0.015791996984165172,0.00016198813629350964,0.005139463105722474,0.019441833269212994,0.04731925920178482,-0.0025920992415132066,0.998687230242406
1741341946.052218,2,0.014722655652653632,0.00020835205672194566,0.005640214102389878,-0.06964234645459476,-0.11994967076273096,-0.0016995713898637535,0.9903328387574055
1741341946.0689244,2,0.014379436368046618,7.92549835344217e-05,0.0034590255772384967,-0.06279311377858458,-0.08611780856756238,-0.0005329518765768715,0.9943040097836314
1741341946.085321,2,0.015004016199790434,-0.0001524969878535625,-0.0011462261771567853,-0.02676103888091818,-0.09372523660290577,0.002949350539729675,0.9952340067306468
1741341946.102996,2,0.015858085314050942,-0.00012341843678485587,-0.0006182247715252675,-0.035528722368816344,0.034423283650847174,8.171491365546775e-05,0.9987756208239195
1741341946.1196582,2,0.016553116531702522,-0.00012767383376624067,-0.00032516956274002243,-0.03683146186722616,-0.09094983487106553,0.0021032868275807017,0.9951719183830349
1741341946.1354582,2,0.016378363321784512,7.680498256717651e-05,0.003912770095583677,0.016360113898759812,0.012506046096698338,-0.00017151029355281543,0.9997879355485673
1741341946.15225,2,0.01577470530958191,0.00014579816531373052,0.004770792040503803,0.018747883252387507,0.03688644834349382,-0.0018483783652536875,0.9991418769622143
1741341946.1696365,2,0.014917042620979554,0.00017834648639662563,0.005048257866426167,-0.06803378295684878,-0.1121890836298762,-0.0013736260986614303,0.9913541884927961
1741341946.1858094,2,0.014749696379369966,1.4567499564076786e-05,0.002829901911843305,0.010579935134915341,0.007869945173890622,4.1336572429063025e-05,0.9999130598340982
1741341946.202549,2,0.015308297146635268,-0.00016638503381450741,-0.0013099441435253949,-0.01702978312609526,0.010756648547753928,0.00046386565129085175,0.9997970123116771
1741341946.2191937,2,0.01597728661159156,-0.00012062647303942085,-0.0007073718248372747,-0.029740175844754337,0.02431141334904183,9.894891369594172e-05,0.9992619613148533
1741341946.2357361,2,0.016409740022692118,-7.629507124716678e-05,0.000570303136267738,-0.04219028611220583,-0.08603051288041523,0.001428302242705578,0.9953977549522635
1741341946.2523916,2,0.016157324921073947,7.650253482866021e-05,0.004178198631086981,0.01707842604505418,0.018980615874453183,-0.0005191638297354367,0.9996738438379631
1741341946.2688515,2,0.015616451481695822,0.00011503160651952485,0.0043130526195596834,0.01805275685499351,0.034476014967833826,-0.0017595270759855168,0.999240915108234
1741341946.2857716,2,0.01489176377885882,0.00011704245224833616,0.003790536901368847,-0.06437029087650321,-0.10637993788111991,-0.0009026858242244442,0.9922393660942838
1741341946.3029327,2,0.014787783364222592,-5.429935715074727e-06,0.0023247081447291514,0.006680006342784421,0.003986159508409006,0.0004693108790229108,0.9999696334364023
1741341946.3189495,2,0.015404938686401144,-0.00016679779344561314,-0.001368065193201989,-0.028637949909227276,-0.09488592596812279,0.0028640375323624604,0.9950720205930733
1741341946.3361552,2,0.016174811925287604,-0.00012415846449653515,-0.0008522238609582911,-0.02797630655831373,0.024266146197627358,0.00018682977121288802,0.9993139874507448
1741341946.3524904,2,0.016547556833693026,-5.797034292288903e-05,0.001123175514438327,-0.0036518889799273136,0.0035740229371844794,0.0005118834092332398,0.9999868139342128
1741341946.3693528,2,0.016248744826019106,6.103911599232896e-05,0.0038249351604766543,0.014825893613105861,0.021046496446321873,-0.0005747338890954278,0.9996683987937524
1741341946.3860273,2,0.015563053517384027,8.272751823552315e-05,0.0038891175584566643,0.017769805194371404,0.04029434496934536,-0.0021382689318622376,0.9990275409581162
1741341946.4031937,2,0.014649918896704217,0.00015140244121714515,0.004511248686118371,-0.06766938578409508,-0.10857529366392663,-0.0012111856558563968,0.9917816255923995
1741341946.4190907,2,0.014583419818677919,-7.3889693003549914e-06,0.00236923046482628,0.006902211306234413,0.0010007095097003366,0.0005150996382238274,0.9999755460669645
1741341946.4359612,2,0.01530512990114115,-0.0001839354084681582,-0.0015479576701629579,-0.021254897195292805,-0.10067165451144572,0.0036466978560907542,0.9946859549213973
1741341946.452411,2,0.01622560048049992,-0.00012204453876001825,-0.0008644177372106353,-0.0327973178316962,0.032258829793009605,0.00011265294155654235,0.9989412851377939
1741341946.4692037,2,0.0167636859726636,-7.30357017392147e-05,0.0003891969128393745,-0.0410848662342987,-0.0873111379917158,0.0014674534496326292,0.9953324296582898
1741341946.485824,2,0.016507554108966125,5.161486284351924e-05,0.003487316521112954,0.012982397482268516,0.02493117241498763,-0.0008705162132729363,0.9996044898854491
1741341946.5023398,2,0.015652094814908188,0.00012165142518402559,0.0047021951006337255,0.019373533630619888,0.049854331848555075,-0.0028510118000169486,0.9985645114474645
1741341946.5198328,2,0.014578918739349182,0.0001649899883995645,0.0048242397670202435,-0.06944017255458909,-0.11681300687130078,-0.001544180038575781,0.9907221605320449
1741341946.5359766,2,0.014376538702073574,1.8270547350794937e-06,0.002495201674272528,0.007384819271620707,0.006074524677021212,0.00019844693954176775,0.9999542615605406
1741341946.5525053,2,0.015023570036905146,-0.0001787822126776582,-0.0013758974975201033,-0.0213119496643665,-0.1017658509579514,0.003758091443982971,0.9945729682275737
1741341946.5695515,2,0.01605595352318787,-0.00012638094268147698,-0.000808316869969964,-0.03531912534626975,0.041822400998085825,0.00011267633796870457,0.9985005926205415
1741341946.586693,2,0.01692401363457292,-0.00012617204638543496,-0.0005144505250227233,-0.021283546418495426,0.017700427397829538,0.0001743754973181519,0.9996167641226171
1741341946.6024811,2,0.016716752477404066,6.804331225727977e-05,0.0037429073582565045,0.01473352091033397,0.013530606277136367,-0.00018574664909717567,0.9997998857539143
1741341946.6196213,2,0.01594973075206221,0.00012105910964858193,0.004442283929958876,0.01733876943691074,0.050091059978975595,-0.0027847824466014953,0.9985902551954537
1741341946.6359973,2,0.014746000827560349,0.00016549301122421365,0.004660857833013989,-0.06715158893686982,-0.12736418760629428,-0.0015300912862584385,0.9895790451698632
1741341946.6527007,2,0.014147773837264859,9.990888507559954e-05,0.003841382850927159,-0.063397112979076,-0.09585631338086362,-0.0006661932359062491,0.9933740128660103
1741341946.6694167,2,0.014807569314726132,-0.00017904499793431757,-0.0013152611954079633,-0.021985019387709026,0.018351104897319705,0.00015904903267171383,0.9995898511764586
1741341946.6859376,2,0.01577132369515762,-0.0001349470443204194,-0.0009997320287390577,-0.03804250352261908,0.04514414254957003,8.511564126827713e-05,0.9982558625295036
1741341946.702743,2,0.016792654105312766,-0.00011919467591615433,-0.000581241322504817,-0.029741997336414878,0.028798043174270874,-1.3521033911321716e-05,0.9991426755578782
1741341946.7194242,2,0.01675172071278481,0.00011490691929160577,0.004695102972702813,0.01708348825354455,0.013089869004620157,-0.00018802075317311473,0.9997683603749067
1741341946.7359972,2,0.016259031099041234,0.00010539748063427193,0.004168883026557782,0.017048061694695905,0.04332254788486903,-0.002395055552380378,0.9989128010723048
1741341946.753236,2,0.015066258242623384,0.00015872803319408443,0.004477535640044451,-0.06704500040408462,-0.13096899415580043,-0.0015971360843626617,0.9891155340236863
1741341946.769337,2,0.014272922118985816,0.00010027663157195343,0.0037889016842114296,-0.06450949849296642,-0.10056572938786164,-0.0007830144653468818,0.9928365653848675
1741341946.786079,2,0.014611536344863785,-0.00012100904922755348,-0.00016102045971657346,-0.0068895112402428665,0.00980841970701299,0.00021329463096857111,0.9999281394395909
1741341946.8029304,2,0.015459589365272882,-0.00013746826715216662,-0.0009867914758682256,-0.033573374704504624,0.04007880417887133,-1.400954113472983e-05,0.9986323236157917
1741341946.8194103,2,0.016475818078712047,-0.0001233010787474834,-0.0005142668654006059,-0.033260582479631595,0.033460616584804655,-3.393283159362021e-05,0.998886439811575
1741341946.8360844,2,0.016817336152303918,-1.3224532355452195e-05,0.0016781727716215728,-0.05474393005352832,-0.08123819703888975,0.000588461183049287,0.9951899874785725
1741341946.8528242,2,0.01642145134754911,9.654354626514893e-05,0.00403155685230903,0.01598996452408579,0.033798483314159126,-0.0016784208957539657,0.9992993377679572
1741341946.8697345,2,0.01544966246633988,0.00012017794985686367,0.004455797660919577,0.016289307314412926,0.04835143046620347,-0.0025741218777568,0.9986942332544265
1741341946.8862839,2,0.014505266524086628,0.00015238780630296374,0.004760623362251717,-0.06812005967977844,-0.10759412561477558,-0.0011204361004960724,0.9918578054466074
1741341946.9030178,2,0.014621980404708421,-5.394784141313078e-05,0.0012795513373879165,0.002583534507864167,0.0017701304147175493,0.0006253401075422139,0.9999949004557531
1741341946.9195127,2,0.01535121928369005,-0.00012473734361848993,-0.0007007980497653313,-0.02861535709815543,0.029210304167867934,0.00011762047953824074,0.9991636030370544
1741341946.9364948,2,0.01623371825171187,-0.0001395378464236855,-0.0007818876555518146,-0.02307684144678723,-0.10820777460765545,0.0037695626932572647,0.9938532725208487
1741341946.9529448,2,0.01674978832267666,-7.504666987564128e-05,0.0008119874068044445,-0.0017121863244408556,0.006298587599924591,0.00040986353246713923,0.9999786138833776
1741341946.969466,2,0.016363959751080355,8.946418028848042e-05,0.0040641112463774024,0.016902144941211655,0.022298377817692054,-0.0008738608185078947,0.9996080913089668
1741341946.9865937,2,0.015572691831306674,0.00014939040940841223,0.005054098442921492,0.019115849056462932,0.04209041194689571,-0.0021991358392990322,0.9989284986116631
1741341947.002907,2,0.01479756805722959,0.0001395703575699531,0.0044529271129909575,-0.0658979951652097,-0.10329436205639936,-0.0009661336325059235,0.9924650097541835
1741341947.0197937,2,0.014836938672707781,-4.154743809890383e-05,0.0015869050775438839,0.0045395210546444985,0.0017668487707381366,0.0005098852086386827,0.9999880054336101
1741341947.036434,2,0.015490751634692535,-0.00015657131868649867,-0.0011992303190208678,-0.022924985973367614,0.020592640761450908,0.000132051823751463,0.9995250725854288
1741341947.053088,2,0.016236957065201858,-0.0001340111765702296,-0.0007435393801865891,-0.02347973938630378,0.023279878177296293,9.14864463341062e-05,0.9994532208866164
1741341947.0698812,2,0.016510924402622466,-3.176021999859651e-05,0.001443364998124814,-0.05190551582419225,-0.08038675814500437,0.0006325971653039813,0.9954111644756591
1741341947.0862017,2,0.016275246336036393,5.1644824242723894e-05,0.00334204523706264,0.014773330870960917,0.019750277312369738,-0.0005300982114162798,0.9996956508042575
1741341947.1037846,2,0.015588049172597955,0.00011532927181928223,0.00424140824161696,0.015622355804138515,0.035521094203902794,-0.001589373578344311,0.9992455492807134
1741341947.120524,2,0.014985931034420934,6.110539924408524e-05,0.0035582985104386736,0.011933987160747792,0.02581658072769399,-0.0011666982396510196,0.9995947793607144
1741341947.13667,2,0.01490460127619981,-1.593310675266483e-05,0.00222275829880153,0.007832839397597442,0.004316760246079639,0.0004939654398772953,0.9999598832983718
1741341947.1532762,2,0.015605715946492396,-0.0001525828273964407,-0.0011764436815966122,-0.021718712238139273,0.01789428147818451,0.00022222422609357185,0.9996039429921681
1741341947.1700125,2,0.0162853408279291,-0.0001376420698660697,-0.0007297188267707501,-0.02189708174672283,0.020313116377571917,6.821657184476494e-05,0.9995538457034258
1741341947.1863515,2,0.016498836173309554,-3.907091687889584e-05,0.0017882267248139725,0.003164827413583274,0.0013037050198892312,0.0006419211751334008,0.9999939360605484
1741341947.2031968,2,0.016164684659505827,7.152949294471667e-05,0.0038677806187652477,0.016862940576406773,0.02420410273315768,-0.0009632559401402644,0.999564342493265
1741341947.2198865,2,0.015485297235099227,0.00010199581793869037,0.004085202805523559,0.015342671589200564,0.03546496278831163,-0.001793356038948618,0.9992515312557931
1741341947.2364655,2,0.014763414900778996,0.00015149740012019273,0.004573465436084833,-0.06521422489809446,-0.09831717876193151,-0.0007667266575896931,0.9930157346998424
1741341947.2533627,2,0.01494706624971126,-5.5375753329600656e-05,0.0012749998749881557,0.002711755728525498,0.004371522758220071,0.0004596198158138655,0.9999866623706878
1741341947.2698984,2,0.01561043847907703,-0.00013903367453608405,-0.0009236190557242367,-0.021852355167531756,0.02153299221455234,0.0002021055798810465,0.9995292711938228
1741341947.286475,2,0.01635615666164703,-0.000133330767325504,-0.0007972907571350556,-0.02262999021543923,0.022250022954651245,-6.386613680316488e-05,0.999496281104879
1741341947.3034556,2,0.01654921801309685,2.358078228708254e-07,0.0019374743940722902,-0.05606485850007335,-0.08539943900094366,0.0002642705041981177,0.9947681124869209
1741341947.319889,2,0.016197906727079187,8.120647041986105e-05,0.003982454179919926,0.014718296770456881,0.026573336051729804,-0.0009577115681037569,0.9995380494707597
1741341947.3374,2,0.015430757219660316,9.796618319374543e-05,0.004174966750763603,0.01667282844347771,0.04075160091518326,-0.0020937793467963903,0.9990279975569208
1741341947.3533509,2,0.014630524172116983,0.00013512651604333998,0.0041925370162986106,-0.06417737951511172,-0.10314334610122508,-0.0007285308091732045,0.9925936647775243
1741341947.3701015,2,0.014734252289168142,-4.668330971704914e-05,0.001456520951443083,0.0023294994686991555,0.008620684701724033,0.00022397490944557857,0.9999601027354735
1741341947.3866072,2,0.015464309763573245,-0.0001463048748837897,-0.0009953079902832033,-0.024022367266251943,0.025969737433200274,7.589962753410697e-05,0.999374050517534
1741341947.4034228,2,0.016338392723289324,-0.00012938148706016127,-0.0009159353199479785,-0.02571509190741337,0.02806277181768975,6.421082886715918e-05,0.9992753428175194
1741341947.4199097,2,0.016761619732778777,-6.31379823367714e-05,0.0009054080768912042,-0.002778772550217533,0.005801560805754432,0.00042285868806324274,0.9999792205370376
1741341947.436941,2,0.016318486806790516,0.0001080839457897351,0.0045741236539083045,0.017291940944530054,0.02540865787890144,-0.000836169698909554,0.9995272330974272
1741341947.4539318,2,0.015601786282310218,5.852953097103627e-05,0.0033389875959181268,0.014225641263105136,0.04500472139659109,-0.0024231734355588254,0.9988825428513454
1741341947.4701025,2,0.014555645541144935,0.00015743671336985315,0.004634836363935778,-0.06645505740507383,-0.11102756152425891,-0.0011118991768121482,0.9915923404340544
1741341947.4867458,2,0.014465762453932713,2.916554715211218e-06,0.0025009190006180246,0.007592817328219796,0.0040948034171217,0.00022064178177979058,0.9999627658204078
1741341947.5032885,2,0.015182638587078735,-0.00017079201364304168,-0.0013822848774103344,-0.024958014990013763,-0.10222487584418889,0.00341020399052996,0.9944423275158502
1741341947.5204594,2,0.016159241879835497,-0.0001330970797378515,-0.0009587063014821333,-0.031513152966202294,0.035029373512977906,-5.4544434704104396e-05,0.9988893137912337
1741341947.5369065,2,0.01677530554531459,-9.0728299946459e-05,3.513363356401207e-05,-0.04074716531006593,-0.08817355010146738,0.0015392391676711822,0.9952701765472945
1741341947.553482,2,0.016569309161659454,4.593289498664935e-05,0.00324280156819159,0.013171398188725536,0.02220742596614606,-0.000704357846128088,0.9996663685358915
1741341947.5716403,2,0.015799666935214715,9.627059352529938e-05,0.003936237418366105,0.014858996470643211,0.043917299122052236,-0.002348608010779236,0.998921901402768
1741341947.5882547,2,0.014739818987797332,0.00011776928205662662,0.003931898267532701,-0.0652845211916153,-0.11657124843154447,-0.0011242059595352343,0.9910337085552908
1741341947.6039865,2,0.014378425307486816,3.7421459933855385e-05,0.0032027736476004883,0.0112256484910997,0.00928560802232499,-5.278471278639982e-05,0.9998938741253414
1741341947.621302,2,0.01502422944492323,-0.0001750640443648605,-0.0013421751391523074,-0.018752885367728747,0.018576019119067387,0.00018980127842368566,0.9996515516816585
1741341947.6377978,2,0.015906185614768278,-0.00013946205381175044,-0.0009344649939156304,-0.03103283627177115,0.03780708254894131,7.11129742199997e-06,0.9988030774539576
1741341947.653841,2,0.01669499461582129,-0.00014227370185146713,-0.0008217681705810651,-0.03425150006428389,-0.09322149059757234,0.002248341643563837,0.9950535329287399
1741341947.67052,2,0.01665724607360466,1.552446699222837e-05,0.002559451781023554,0.00971547771039095,0.0126087961184642,-8.649167140543904e-05,0.9998733021100686
1741341947.6870809,2,0.01600998510964831,9.018452186532837e-05,0.003780008952405536,0.015313330777881034,0.042641897470737336,-0.002094238827698299,0.9989708627604286
1741341947.7042623,2,0.015035760498042908,0.00010426200494013005,0.004214015046191271,0.01514240087976135,0.04274662801751257,-0.0022519996814782408,0.9989686491507946
1741341947.7206185,2,0.014409964047000012,9.847847767209878e-05,0.0037436129807850225,-0.06457153392710491,-0.08943855435431829,-0.0004732592701471931,0.9938968950685849
1741341947.7369914,2,0.01493792876839139,-0.0001497041840691163,-0.0008442930084572659,-0.013287622394313315,0.010208074617253884,0.0003996400175932891,0.999859527429514
1741341947.754031,2,0.015722691605701427,-0.0001496774566184977,-0.0011127194371191229,-0.029629050849500765,0.032322249676698216,-2.6712574082268198e-05,0.9990382329060451
1741341947.770282,2,0.016563220447010328,-0.0001487964722196252,-0.0008711585477598088,-0.02089009743738722,0.019309084291543932,8.539934845676075e-05,0.999595296007254
1741341947.786987,2,0.016642192257476252,-1.4147680066126851e-05,0.0020484818523021455,0.0064999732321747656,0.009407910681612256,0.00013025523806846812,0.9999346101611649
1741341947.8040173,2,0.01614673094320134,7.194067880379143e-05,0.0034867498705649985,0.013686949319275632,0.03256723946174037,-0.0015542502966977266,0.9993746177676259
1741341947.820349,2,0.01530538883895044,0.00010022958739490923,0.004016151520696798,0.014637251072683802,0.039949565108795965,-0.0019458919852863089,0.9990925866169936
1741341947.83727,2,0.014619673367505923,0.00010382799510267091,0.0037544322225190135,-0.06376285644060987,-0.09465371376092267,-0.0005450060514114867,0.9934659911532974
1741341947.8539085,2,0.014998109859936359,-0.00011480156036926828,-0.00016229594157655838,-0.005893319313029089,0.005290915549365661,0.00041192669392456783,0.9999685521637783
1741341947.8705757,2,0.01568318304308547,-0.00013970082550751893,-0.0010257505625608408,-0.025378598105700444,0.025965135096779838,-2.612456090263416e-06,0.9993406518854171
1741341947.8873708,2,0.01643261886711735,-0.0001376482817007463,-0.0007471670040827459,-0.022537897038591315,0.019003486125947575,4.628956921490343e-05,0.999565359828668
1741341947.904298,2,0.016466117085174942,3.749235967086339e-05,0.0031601461451780774,0.010989063556181894,0.00517719147144348,0.0005338703908779703,0.9999260733439408
1741341947.9209273,2,0.016123523608402187,9.14458118607431e-05,0.003886209690584961,0.014763412982933813,0.0290649105396051,-0.0013194749652746126,0.9994676240870618
1741341947.9372177,2,0.015408362944073316,0.0001060542207287824,0.0040613252584041065,0.013984704641996382,0.035720802850090695,-0.001719204711577846,0.9992624763369137
1741341947.9539106,2,0.014793705831078996,0.0001093884305298696,0.00402214701318673,-0.06485868941459375,-0.09256630882182046,-0.0005991230169576243,0.9935917018223004
1741341947.9710267,2,0.015060540673993294,-7.249073329096422e-05,0.0008497671162962107,-6.467215254216893e-05,0.003357843064832975,0.0005591550063069257,0.9999942040097751
1741341947.9875433,2,0.015745998911858093,-0.00013862523172050102,-0.0010042410968618516,-0.0230325285221171,0.02139599744418862,2.5205842869640336e-06,0.9995057348094071
1741341948.0040243,2,0.01639816632353618,-0.00013015781508140715,-0.000600592734613531,-0.01841476269548077,0.015225075709599356,9.62041296206431e-05,0.9997145014099132
1741341948.020793,2,0.016413428216160233,2.9978340919929416e-05,0.002950278160633765,0.008119587258782429,0.003933834802715896,0.0005213461889414907,0.9999591618884459
1741341948.0379205,2,0.016115237081717994,6.973660897941648e-05,0.003504472043879135,0.014096717720742485,0.025937158174328245,-0.0011105514836137684,0.9995635612859963
1741341948.0540583,2,0.015395628143982614,0.00010077214373559431,0.004023130474864086,0.014392938963139248,0.033691261953540046,-0.0015923278919920325,0.9993273771231656
1741341948.0712998,2,0.014863128474221901,8.617708589591562e-05,0.00410440835316652,0.014571659360840436,0.01343583590926852,-0.00021200104611486742,0.9998035307561418
1741341948.087348,2,0.015174886994240157,-0.0001000683966354662,0.00023502982661444753,-0.0023930234246041593,0.004436513703888297,0.0005265433560782268,0.999987156686094
1741341948.104569,2,0.015815384233512333,-0.00014026731280534555,-0.0010124305411094694,-0.022101104064082788,0.02084049135843752,4.943728334387084e-05,0.9995384998463254
1741341948.1213408,2,0.016442142296605185,-0.00012568543742351223,-0.0005359178904853069,-0.01669168412106042,0.01421139469145298,0.00011622056348282748,0.9997596763397227
1741341948.1373703,2,0.01643743571300977,2.05633095275714e-05,0.0028088800713120684,0.009479420299405234,0.003358933764716834,0.0004890400815055722,0.9999493082124463
1741341948.1543493,2,0.016068627359905434,8.043320512908309e-05,0.003808746261208778,0.01513329227783692,0.0278351527372078,-0.0010731414878030038,0.9994973917446093
1741341948.1711771,2,0.015350071375259233,9.536211508966478e-05,0.003855016217756942,0.013826787199969172,0.03477623113009055,-0.001678628286634674,0.9992980615968333
1741341948.1875432,2,0.014752665418208109,0.00012726135839239843,0.004014001174643648,-0.06387256918532266,-0.09220793292510175,-0.0005859483492989249,0.9936889094056942
1741341948.2050583,2,0.015054500099620054,-6.862373944243783e-05,0.0008636967233014962,-0.00024421488034957837,0.007520117252019564,0.0003511719735527088,0.9999716320345557
1741341948.2214746,2,0.015786625233735044,-0.0001468158939101521,-0.0010839926656600273,-0.024184764000708018,0.023188111708005405,1.6893006189738892e-05,0.9994385465751626
1741341948.2379823,2,0.016475133041746,-0.00012350231577069388,-0.000646289901741861,-0.019958680335836303,0.018293192596062924,9.379580691522822e-05,0.9996334335076242
1741341948.2541733,2,0.016528373968811842,1.5167554356565547e-05,0.002644969037443315,0.008471896465684308,0.010752022027608742,-2.6652887968532503e-06,0.9999063061034713
1741341948.271026,2,0.016127254966165083,7.025391154409302e-05,0.003664086096099503,0.014971292604639693,0.030250652263971764,-0.0013499980024319655,0.9994293051240514
1741341948.2876918,2,0.015372924704022375,9.581763480711624e-05,0.003836908341388289,0.014026620892830443,0.03597145439682393,-0.0018087648050640454,0.9992527391730212
1741341948.3041139,2,0.014640718324475449,0.0001241747267529746,0.003963994292627866,-0.06320734205843685,-0.09710958026690361,-0.0006600395736159701,0.9932643785408066
1741341948.320917,2,0.014894802163545164,-7.461363458197652e-05,0.0007686029483996327,0.00016236023417336186,0.006040394095853157,0.00044625833042876724,0.9999816438974386
1741341948.3382554,2,0.015637852067401887,-0.00015578454039747992,-0.001252960633344173,-0.024284030972121257,0.025763504318209236,-1.1183215728380295e-05,0.9993730672576314
1741341948.3547187,2,0.01642399201434916,-0.00012575134138669965,-0.0007848149204806856,-0.024566221817284774,0.022818479732333488,-1.0783602822770712e-05,0.9994377507439085
1741341948.3710866,2,0.01665554017376574,-3.0301613827985897e-05,0.0016130474833406544,0.0028359377021226037,0.008653297703140588,0.00025198703202849255,0.999958506338511
1741341948.387734,2,0.016256308272724503,6.45011121057183e-05,0.003493191303753303,0.013914954738902217,0.027151781368961587,-0.0010584490073016213,0.9995339086238172
1741341948.4044137,2,0.015449762976801262,9.735800762056745e-05,0.003930682877459415,0.014117499503515499,0.0404195941313144,-0.0020916456184808673,0.9990808664150439
1741341948.4211884,2,0.014663884586096337,9.708098020697447e-05,0.0035801121020590885,-0.06438812136192294,-0.10176831692403422,-0.0007463337909714117,0.992721926061777
1741341948.4379725,2,0.01469809535186513,-3.606707715682533e-05,0.0016437090975782009,0.005534154408003133,0.0034874628304278313,0.0005192866493325913,0.9999784703079214
1741341948.4548376,2,0.015447932443508188,-0.00016678545368663977,-0.0014363394454613414,-0.023393076469397638,0.024386150938320524,2.3581078375732797e-05,0.9994288764387604
1741341948.4714956,2,0.01621444385540884,-0.00012180819595813162,-0.0007136687900507958,-0.027811582298887742,-0.1054622453125563,0.0032051585661450636,0.9940291533261146
1741341948.4878845,2,0.016696870244993958,-6.095488105932497e-05,0.0009126722074013319,-0.001901670610604455,0.006464184045077968,0.0003526328688147568,0.9999772365527028
1741341948.5046644,2,0.016336807974252045,9.520700191487077e-05,0.004093747555173455,0.015706553751796734,0.021154402324864836,-0.0008382176326860712,0.9996524860283797
1741341948.5214458,2,0.015675857859001704,7.440786043340074e-05,0.003461225912295766,0.013099411447835304,0.04079410839191671,-0.00195248127266033,0.9990797935886346
1741341948.5379953,2,0.014813063344940576,9.023504411319496e-05,0.004053104534086838,0.015673798670884656,0.029849911079070153,-0.001285810337404886,0.9994306686987208
1741341948.5544443,2,0.014518313324373328,6.281711741479117e-05,0.003589354394141585,0.01280159821507103,0.004176203673997836,0.0004405729330806619,0.9999092380318845
1741341948.5714831,2,0.0152482979602622,-0.00013085064673202775,-0.0007457547744123001,-0.02124574466346789,0.02011120473897378,0.00018351098878770827,0.9995719704460299
1741341948.587807,2,0.01608503310863246,-0.00013366775909410327,-0.0008683469076958207,-0.027042524608117673,0.028927208639539098,-9.667771449745708e-06,0.9992156515836198
1741341948.6046855,2,0.01659356696354274,-8.305490219440181e-05,0.00020870763763461672,-0.04433550906748246,-0.08312685155581495,0.0011972039227242845,0.9955515335174328
1741341948.621924,2,0.01635093331684313,0.00010578008431900122,0.0042793024998466645,0.015525674246536392,0.01661584368468349,-0.0003666507885850246,0.9997413329181883
1741341948.6380217,2,0.015783160621323025,0.00011565815410245162,0.00420841016417368,0.015161927043985939,0.037945774845823114,-0.0018739759187625796,0.999163010901584
1741341948.654867,2,0.014997502168323717,9.263494044199608e-05,0.004004904704829303,0.014548423584237538,0.03347984007598985,-0.00160847401583381,0.9993322052706197
1741341948.6715324,2,0.014652231478165549,4.183200889307108e-05,0.0025873926651903186,-0.059439784677291614,-0.08743340019520736,1.284082597811187e-05,0.9943954506950116
1741341948.6886375,2,0.015203625019677737,-0.00012575146844194518,-0.0005956604598909603,-0.014566217394796325,0.01347888462928083,0.000332183037124581,0.9998029979122827
1741341948.704591,2,0.015957735524768823,-0.0001434919182018133,-0.0009822812453518996,-0.024375547094966057,0.025789687087304756,-4.174163766353589e-06,0.999370164016485
1741341948.7215881,2,0.01651876245597136,-0.00011318337763185483,-0.00028163032771824387,-0.04076455316125438,-0.08895761021909267,0.0016108667938276478,0.9951995779228626
1741341948.738635,2,0.016384056332740763,5.632529969260121e-05,0.0033705951100933907,0.012961610070448172,0.008979857674943133,9.405582276315236e-05,0.9998756672576954
1741341948.7549717,2,0.015851155629882627,0.00011163467905581313,0.004186785913504121,0.015290210110100833,0.03357366649035843,-0.0016450218617951335,0.9993179235339759
1741341948.7713265,2,0.015131142526930179,0.00010665315191061019,0.0041868731250555985,0.014468190435008323,0.031526557955786634,-0.001491814229607229,0.9993970792929611
1741341948.7881086,2,0.014707850991959969,0.00011183743119475191,0.0038649041659784677,-0.06513994591479143,-0.08625619353463411,-0.000512364000115453,0.9941410332574877
1741341948.805192,2,0.015226179145726841,-0.00010395958676589012,-0.00014860985738735798,-0.010001340883151221,0.009571148729740884,0.0004105408546091715,0.9999040942754155
1741341948.8216126,2,0.01591253668775879,-0.00012654880514026602,-0.000792467187365553,-0.022723209538993514,0.02272764516172002,-8.050631566466072e-05,0.9994834182778537
1741341948.8381197,2,0.016435978213654903,-0.00010441653623965168,-0.00013547218165157893,-0.039780792478069295,-0.08852627529359024,0.0015986210388228839,0.9952778664992177
1741341948.8547626,2,0.016309062904117974,6.839332472175766e-05,0.003661253870679443,0.012468177627848173,0.009217163017375001,0.00010809215358886017,0.999879781158034
1741341948.871635,2,0.015880870229828488,9.035185423661446e-05,0.003835600215199942,0.01477405699740001,0.030294990036366095,-0.0014263710419743566,0.9994307911427308
1741341948.8881252,2,0.015239949455535223,9.100500262754221e-05,0.0038645159525455795,0.014263405167223075,0.026341612880051456,-0.0011882819817855535,0.9995505303334319
1741341948.9048834,2,0.01485208132666185,6.572567499404728e-05,0.0037216263799620002,0.013030452325551467,0.007691122050988208,0.00019944038342071117,0.999885500533597
1741341948.9221363,2,0.015298934068367739,-0.00010751537075143113,-4.329240477790539e-05,-0.005408934241631336,0.007339470496554455,0.0003857654796024484,0.9999583625272578
1741341948.938497,2,0.01595445916469714,-0.0001309466004493616,-0.0009188081290127298,-0.020528397905259253,0.020106495467856287,-1.978915944255603e-05,0.9995870714089061
1741341948.9549098,2,0.01646095579043985,-0.00011144756501496779,-0.0001648262075962564,-0.01147885968354149,0.008004203755490933,0.00019767055576040197,0.999902059918349
1741341948.9715328,2,0.01626172165674111,8.069628882231104e-05,0.00397643158478242,0.0147565541224456,0.010337338238416318,0.00011565477796716942,0.99983767191107
1741341948.9886892,2,0.015879663369806025,8.266199857095401e-05,0.00376720179411519,0.015111486753237379,0.029470814002563163,-0.001343521220008653,0.9994505035472564
1741341949.0055623,2,0.015212709673636476,0.00010744250232014645,0.0041635775634117,0.015252623531575844,0.02747297604601915,-0.0012993089150713343,0.9995053300802963
1741341949.0221574,2,0.014853568541403617,6.593857648828132e-05,0.003668580082282121,0.01203408117856947,0.0070553823420108144,0.00026805832592967794,0.9999026605699824
1741341949.038727,2,0.015342859138483652,-0.0001374107563151027,-0.0006014408060975728,-0.008928762118421248,0.010718848769845015,0.0003795563170005301,0.99990261497062
1741341949.0553904,2,0.015973149311747925,-0.00013380443354075677,-0.0008847891106685955,-0.021272978565892556,0.01992901907689643,5.835323561878527e-05,0.9995750552992345
1741341949.0719101,2,0.016488505208968534,-0.0001077945559873984,-0.00010178347348654114,-0.010192631040910506,0.009297874100231817,0.0002822052674501654,0.999904785552038
1741341949.0885038,2,0.016340972710599363,5.3696164997764436e-05,0.0034061694293183445,0.012472898631865985,0.008072158982146544,0.00021573572645340708,0.9998896041599704
1741341949.1051846,2,0.01588591175516888,9.626580031506625e-05,0.003990165827461295,0.015365178143811433,0.03129332219880897,-0.0015085970147152362,0.9993909962679359
1741341949.122288,2,0.015178459113567022,0.00011651551770861443,0.004349310413645238,0.015572325472968404,0.030116299448526253,-0.0014182198866020941,0.9994240840800486
1741341949.1383972,2,0.014746684847726892,0.00010855992765671989,0.0037632600691395826,-0.062361621204836334,-0.08644958359174683,-0.0003751499108531333,0.9943024474273723
1741341949.1552258,2,0.015236470415933342,-0.00010603455701880781,-7.610144534672729e-05,-0.011038213210075745,0.009221530256499758,0.00041653242605935354,0.9998964685054125
1741341949.1720343,2,0.015932193771396923,-0.00014277273143304482,-0.0010828789718996124,-0.024101735446702646,0.02203455661869554,-4.926915512524807e-05,0.9994666488861071
1741341949.18913,2,0.016478791231812017,-0.0001074902295793623,-0.00037723561649676435,-0.037351709227652276,-0.08981372760852774,0.001883263938161455,0.9952561466616388
1741341949.2053378,2,0.016410763660531538,5.804765864627449e-05,0.0034449203812823657,0.012104811400775047,0.006217087730415543,0.00030964944938001795,0.9999073584479325
1741341949.2223148,2,0.015976813458657483,9.500398599119968e-05,0.004016470017897022,0.015795923886768846,0.029628102307937852,-0.0014034648880279167,0.9994351878078448
1741341949.2388453,2,0.015209717217174526,0.00011285245296169315,0.004309604727720902,0.015596639098613408,0.03369401664913158,-0.0016483316175792066,0.9993091318975095
1741341949.2552438,2,0.014639531979702436,0.00015324165103779586,0.004480996029349009,-0.0653906234824225,-0.09002271513457547,-0.0006497751676788816,0.9937904985018776
1741341949.2720375,2,0.01509258133261908,-8.876295422905885e-05,0.0002570919591758539,-0.005784782282864922,0.007622713704257796,0.0003945999243153097,0.9999541363585744
1741341949.288519,2,0.015789199739903077,-0.00013811241500405016,-0.0009585015455681507,-0.023994218559511622,0.024413381016726673,6.561784618899762e-05,0.9994139582762235
1741341949.3052254,2,0.016477182195045393,-0.00012293524320209774,-0.0005810880267354242,-0.021432027896554344,0.017341062214608856,6.243397572265838e-05,0.9996199036851503
1741341949.3219304,2,0.01639287870604117,9.980594693309887e-05,0.004301624522476509,0.015755741669327836,0.007673810625907366,0.00021765700745834626,0.999846399133564
1741341949.3385808,2,0.016110985013601614,8.995877048593424e-05,0.0039202174797207156,0.014758626096086733,0.032968696976216814,-0.0016224736701999092,0.999346093980777
1741341949.3554883,2,0.015390105562573602,8.085661788833311e-05,0.003635254328286421,0.012862696809008348,0.03948422596160567,-0.0020046028584548617,0.9991353904743803
1741341949.3719046,2,0.014706192096795858,0.00011597646966738154,0.00447618199390573,0.015301251777588017,0.018353104905192947,-0.000525407046354453,0.9997143387897433
1741341949.38882,2,0.014973894019638478,-8.094645796191567e-05,0.0005464434920368653,-0.002029173392203196,0.004191909029937127,0.0005512219862255673,0.9999890031937106
1741341949.4054043,2,0.01564633891030226,-0.00014633673745889118,-0.0011060891082491013,-0.02514817544528629,0.023342084220859344,4.545057262822964e-05,0.9994111838028655
1741341949.4218583,2,0.016371648903677163,-0.00012844280987858557,-0.0007429621814815578,-0.022273680606582674,0.020027068556193274,6.497992141364333e-05,0.9995512970602817
1741341949.4388268,2,0.016521240717276068,3.2731228227145308e-06,0.0022659231476740093,0.006408014193785717,0.0018479402044445014,0.00048008398812803303,0.9999776457453723
1741341949.4557588,2,0.016163818150195297,9.395496844468796e-05,0.004010076325013611,0.01542972639686704,0.025009176754437985,-0.001006458999086565,0.9995676323599451
1741341949.47218,2,0.015464161373908774,0.00010889730828250206,0.004215729690446459,0.01568853914357657,0.03639594430305462,-0.0017916558469942654,0.9992126875431253
1741341949.4891384,2,0.01473460029736442,0.0001552214208703261,0.00462038701321582,-0.06599214196436472,-0.09877744440560414,-0.0008415801921168026,0.992918599593357
1741341949.5054603,2,0.014892081965239489,-4.3374065290380593e-05,0.0013804421419588806,0.0026509073442716343,0.0023080247930834493,0.0005667463405327048,0.9999936622351123
1741341949.5222197,2,0.01552177359304399,-0.00014636758571121136,-0.0010600568637002797,-0.01987957328051469,0.01871855048804462,5.931405307235372e-05,0.9996271379447711
1741341949.5390475,2,0.01622415894423996,-0.00013311689690740166,-0.0007654109615333873,-0.021448725476431833,0.02105682918388444,8.60233328635935e-05,0.9995481752872863
1741341949.5555353,2,0.01649934666905388,-3.932309515678358e-05,0.0014280322774193025,0.0007202996900529681,0.0025371285177954923,0.0004982411724032668,0.999996397945
1741341949.5728161,2,0.01620421183637234,8.300812905457324e-05,0.0037722049393354535,0.014433570928358267,0.020807741423092614,-0.0007610674713825705,0.999679013835656
1741341949.590186,2,0.015592593037811703,0.00010708160903197223,0.004119866031754624,0.014812781195812426,0.032655500736383375,-0.001644323260685148,0.9993555403288238
1741341949.6070397,2,0.014964626275106844,8.576474045537724e-05,0.00389445357136326,0.013821527146107463,0.026749939892305716,-0.0011437997191486974,0.9995459458300603
1741341949.6240416,2,0.01484792344740651,1.0305037503567706e-05,0.0025380375371906916,0.009017802672032576,0.0045039869922300245,0.0003790219521782584,0.9999491235450441
1741341949.6405556,2,0.015445682436619798,-0.00012280052587828455,-0.0005530641988573947,-0.01605527936143217,0.016263491973600056,0.00021739732920773286,0.9997388056746884
1741341949.655885,2,0.016128410148871192,-0.00013707787630989356,-0.0008381628119956263,-0.02192857882242604,0.018642596556059404,0.00011113579934531718,0.9995857035158671
1741341949.6721644,2,0.01643935600400489,-5.334270148299999e-05,0.0007951772239074733,-0.04970471751415319,-0.08316145443956455,0.0007175803102115564,0.9952954830756707
1741341949.6891487,2,0.016201884869294744,7.496471259968793e-05,0.003721575224265911,0.01441330897091109,0.02133023120114937,-0.0007431601421107669,0.9996683077273271
1741341949.7056646,2,0.015594923386803137,0.000145367540958429,0.0049397179503870015,0.018390535783096934,0.03289665967973584,-0.0015778698400396745,0.9992883008933379
1741341949.7223775,2,0.015005303446585273,0.00011096466385669874,0.0037435023592174706,-0.0651988950246592,-0.10059162239067226,-0.0008186922402663272,0.992788879538541
1741341949.739326,2,0.014916887503307373,1.569393032203701e-05,0.0025308215084386423,0.007146619493970357,0.0019242584580740757,0.0005646417755723859,0.9999724517399768
1741341949.7558024,2,0.015482685068118491,-0.0001425532883058395,-0.0008593407584020423,-0.015422741460868063,0.011975318053712042,0.00013804892647215425,0.9998093376968618
1741341949.7724068,2,0.016092541009737237,-0.0001410319937455688,-0.0008929184995451707,-0.02268559645730034,0.0161037160598809,0.00017700957014674844,0.9996129264420561
1741341949.788921,2,0.016391051977118248,-5.7265106320306076e-05,0.0007268139479873321,-0.04812243609288982,-0.08243425334346503,0.0008882895012385944,0.9954335919396899
1741341949.8056288,2,0.016207204427228922,5.0100312792158255e-05,0.0032741319179116738,0.012916390859563448,0.018257770067997493,-0.000561911540862399,0.9997497211476117
1741341949.8227785,2,0.015677400598576318,0.00010438853419990332,0.00412931799459556,0.01571330832217873,0.029841746403929826,-0.0013656375954034328,0.9994301862296805
1741341949.8391342,2,0.015086493750341299,8.543033137014099e-05,0.003913218231935658,0.014543956932749359,0.023751393220038233,-0.0008850904875176088,0.9996117052394266
1741341949.856062,2,0.014921038444212926,3.424740091788317e-05,0.0029940735449526107,0.010168669291674806,0.0020119524993915715,0.0006026042410013546,0.9999460920870212
1741341949.87241,2,0.015514629074013943,-0.00015431482183213459,-0.0009895744249253317,-0.012406674431910776,0.010139554257513816,0.00029847268424901106,0.9998715791455702
1741341949.8891501,2,0.016083550948721704,-0.0001195660854762578,-0.000624100293963571,-0.0218895576604182,0.017310449709402903,0.0001493787772903213,0.9996105107902129
1741341949.9061217,2,0.016388970850980712,-5.351195871976236e-05,0.0007719092117143114,-0.04807054111569078,-0.0827578736596989,0.000913677933055875,0.9954092236948604
1741341949.922773,2,0.016215191361520085,4.676413061820277e-05,0.003227162776047879,0.012707346564919172,0.017841556137486017,-0.00047068587822079544,0.9997599615271038
1741341949.9391868,2,0.015672768696821576,0.00010335302179813346,0.004156598017970254,0.016009020126968424,0.0325964407750703,-0.0015851545485413196,0.9993391169209923
1741341949.955929,2,0.015090090678403197,8.469444920769518e-05,0.003904527213834892,0.015126255760371254,0.024657820273743185,-0.0009689116975817731,0.9995810369830662
1741341949.9729996,2,0.014910847211329317,3.333152645096069e-05,0.0029853866472040213,0.010245593178758826,0.00212650794896294,0.0006146431173841859,0.9999450624900333
1741341949.9893568,2,0.015493854766968572,-0.00014468351774065623,-0.0009132520393422367,-0.014957501931902144,0.010315513204704356,0.0003300283322900433,0.9998348635672696
1741341950.0062604,2,0.01609239007032895,-0.00012979890109552391,-0.0007978386038413641,-0.023321688691647947,0.01737855073526868,0.000121069533649226,0.9995769455890224
1741341950.0225263,2,0.0164818096867895,-8.707453839721699e-05,0.000391831218949645,-0.004844003360079363,0.004928915894234959,0.00039600698650198835,0.9999760420120183
1741341950.039525,2,0.01617889159586793,0.00010049331752595936,0.004211801851904634,0.015747374416220414,0.017027887766711533,-0.0004646541134536753,0.9997308914571734
1741341950.0559397,2,0.01575730117780775,8.376214056052129e-05,0.0037474942704830263,0.01438435633532961,0.032036559375010834,-0.001545232179611057,0.9993819897385288
1741341950.0725842,2,0.015084874049452426,9.647082852916409e-05,0.0041581790981172085,0.016504734912347222,0.027227236973378824,-0.0011107252473786964,0.9994923899568688
1741341950.0896688,2,0.014864335313121205,4.2797536210108064e-05,0.0030657055129417556,0.009365089739394405,0.004485919234551986,0.0004307524289285846,0.9999459915791149
1741341950.1062942,2,0.01540544257424493,-0.00013613334521861122,-0.0007089647889638775,-0.013388388065872985,0.010236225440716193,0.0002746558366207407,0.9998579375680806
1741341950.123296,2,0.016058792252437375,-0.0001508997626477655,-0.0011283864286930872,-0.024826328963211682,0.019280526279661123,0.00018293638528124443,0.9995058185077607
1741341950.13937,2,0.01650483386917881,-9.041086432126927e-05,0.00022585171500970704,-0.007883648701652902,0.00790459869273901,0.0002522225643948177,0.9999376489493901
1741341950.1560555,2,0.016260294188555888,9.551756803866801e-05,0.004057367821590514,0.014748654078448487,0.011962771354286703,-0.00017679427134205435,0.9998196527615293
1741341950.1728396,2,0.01578596523482711,0.00011735669109236151,0.004401004973145974,0.017090312242436793,0.031387809225350324,-0.0015131292605694538,0.9993600137584703
1741341950.1894085,2,0.015109371363581418,0.00012534536197510916,0.004489971831593298,0.016149312227496326,0.029714562464030238,-0.001441433721051255,0.9994269191696699
1741341950.206103,2,0.01477592724439981,9.325154427689526e-05,0.0039455314023623764,0.012719971040998125,0.009534490365044947,0.00019700438067122002,0.9998736205238485
1741341950.2229152,2,0.015282972422097859,-0.00011305836319562254,-0.0003559142317047425,-0.013676736890092153,0.008079944490255873,0.0004412375988150027,0.9998737253645857
1741341950.2396326,2,0.015943851718900785,-0.0001344408793461938,-0.000907832816454475,-0.025834898142239403,0.021585647546879295,0.00012059013797529637,0.9994331409934237
1741341950.2560272,2,0.016456276574679095,-0.00010021912547313419,-0.0002317574250598153,-0.038334257369030955,-0.08824008657751725,0.0018072106621617057,0.9953596866572304
1741341950.2734807,2,0.016353331630100713,5.2285678657889914e-05,0.0032937829434758754,0.011863573517902336,0.007625443636628263,0.00019471783520859495,0.999900530211728
1741341950.289687,2,0.015861638774719477,0.00012231185901142279,0.004516062302167885,0.01711612092299556,0.031603475330960334,-0.0015865499155619967,0.9993526612817522
1741341950.3065202,2,0.015220316662508738,0.00012294772469166972,0.004487765300478716,0.016899435264112327,0.030553221955576377,-0.0015589611398881536,0.999389053049938
1741341950.3230977,2,0.014756822158443738,0.00012180502485279534,0.003969081363602248,-0.0632406819810666,-0.08980750065562935,-0.0004700495614516564,0.993949197908006
1741341950.3396044,2,0.015200079243266332,-0.00011420076387938196,-0.00021685258181923205,-0.006352755360562344,0.005152199111493188,0.0005782624318212749,0.9999663809129807
1741341950.35636,2,0.01581819707651141,-0.0001281067874477165,-0.0008915187011066022,-0.026718691124855524,0.021607159993355194,0.00013738730524658527,0.9994094372709939
1741341950.3729281,2,0.016438568429716353,-0.00013411729953861814,-0.0007361279545163126,-0.017988355757575587,0.010725225844201384,0.0002593340746046488,0.9997806366066346
1741341950.3897102,2,0.016341243956992497,5.2528149209213835e-05,0.003256423536024095,0.010988644232983059,0.005589951364096076,0.0002236533789113059,0.9999239731703776
1741341950.4064572,2,0.015968446318867055,0.00010990404891406996,0.004197287333039547,0.016235527150355242,0.023870110313467537,-0.0010778111938164919,0.9995826448147264
1741341950.4230356,2,0.015344881264182627,0.00011059208109259193,0.004212876452052989,0.014588832510362396,0.0339618270275866,-0.0017062378711910117,0.9993151900292819
1741341950.4397767,2,0.014781159422999237,0.00014340519572084636,0.00438116541505279,-0.06492588672343766,-0.0921899451134402,-0.0006188962170765788,0.9936222925340539
1741341950.4564183,2,0.015117083309796678,-7.192343591436309e-05,0.0005954813952255924,-0.004074050287267197,0.004722820331012237,0.0004730152497240926,0.99998043647811
1741341950.4730968,2,0.01574730380693997,-0.00015362075631712298,-0.0012026631527019562,-0.024254368063850763,0.017092654708868747,0.0002179908170030421,0.9995596626839391
1741341950.4899774,2,0.01632397058069119,-0.0001286852630259026,-0.000680594459574404,-0.019887512226066967,0.013894751039077828,0.00018371331672534732,0.9997056511796046
1741341950.5067813,2,0.016349507762637217,2.3263449165506815e-05,0.002657137079331989,0.009219532279856958,0.008119246469544292,0.00014222693724381318,0.9999245260682457
1741341950.5229735,2,0.015947501314157238,0.00013334997796504098,0.004757737955438103,0.017656430112590334,0.022407862967751838,-0.000833893121767164,0.9995926384158496
1741341950.5401437,2,0.015408886827582017,0.00011586359730976132,0.0043349217971645196,0.016007683140732237,0.032481340817737285,-0.001573145055795094,0.9993429050099777
1741341950.5565588,2,0.014917669851831775,9.217338183112485e-05,0.004021951211678066,0.01446229906518716,0.018144477796411703,-0.0006132551387528744,0.9997305855826256
1741341950.573698,2,0.015111651525974483,-5.893699957148333e-05,0.0009377669436224755,-0.0024069794224308933,0.002094830802222882,0.0006169903931727236,0.9999947187144663
1741341950.5908003,2,0.01570525254411781,-0.0001572010662471493,-0.0011833151617705452,-0.021185041229910797,0.014265534004934449,0.0002564888841532408,0.999673758173682
1741341950.6064167,2,0.016238875918804425,-0.00013106815233821808,-0.0007195148221867699,-0.017870504654880832,0.008956417679673463,0.0003005530479036157,0.9998001486865224
1741341950.6238654,2,0.016335765540797107,-8.067963774929434e-06,0.0020053291897692634,0.005442538560816535,0.0034721906440301708,0.00043061539613156247,0.9999790683991971
1741341950.6400082,2,0.015950270290073836,0.00012831382055610875,0.0046508256780275195,0.018108814564672737,0.0202340100470895,-0.0007544556661018436,0.9996309751448903
1741341950.656499,2,0.015443436407002135,0.00011939528314450328,0.004329821533920535,0.015857314816838525,0.030990057378297475,-0.0015265381372273877,0.9993927314083314
1741341950.673507,2,0.014953204666392755,0.00011745226413232894,0.0038120802293384404,-0.0647992775304241,-0.09861357589303185,-0.0007149709456989281,0.9930135472880878
1741341950.6899533,2,0.015124715403939079,-4.772560613572283e-05,0.001203338668629128,0.0016681958327208913,0.002762406687941278,0.000440409463541506,0.9999946961216637
1741341950.7066019,2,0.01570120704828751,-0.0001621380956852008,-0.0013134228640057245,-0.021367704989266833,0.011128616123066112,0.0003540615451753903,0.9997096827214885
1741341950.7235317,2,0.016218340196583123,-0.00012963744830856528,-0.0006832857193591197,-0.018422444901549952,0.011870689672431555,0.00016890160328706579,0.9997598070150643
1741341950.7401564,2,0.016300898755937154,-6.2929136051582415e-06,0.002105935550510706,0.006765476154908016,0.0048672907606788504,0.00041993706713962654,0.9999651801267422
1741341950.756688,2,0.01594605287611976,0.0001262486082353781,0.004681181111148535,0.01800477480765345,0.01984745140878612,-0.0006906468936669651,0.9996406503156872
1741341950.7736554,2,0.015436498758149841,0.00013329256142092204,0.004672451145757028,0.017120373545562503,0.030639236950349456,-0.0014782887069612826,0.9993827818364991
1741341950.7904081,2,0.014997452759917164,0.00010013174489337475,0.0035706340675397863,-0.06438070847599814,-0.09811953550834424,-0.0006899671584663982,0.9930897265972876
1741341950.8068974,2,0.015116618227594206,-3.8263519199712347e-05,0.0013590652981855338,0.0026854349488692393,0.007415756501655143,0.0002552434618011548,0.9999688644379978
1741341950.8233306,2,0.01567086137681304,-0.0001408066001376786,-0.000994548913895834,-0.02015773652233409,0.012661254125674868,0.0002621896229089011,0.9997166046229615
1741341950.840044,2,0.016214646346755943,-0.00013111694739320655,-0.0007413020448140842,-0.019056160766406333,0.01202258939330955,0.00020001507147684953,0.9997461078069252
1741341950.8571398,2,0.016340902762048744,-2.3737708149331865e-05,0.0017672278616175266,0.004209271175300547,0.0030651305803938516,0.0004839081919540647,0.9999863263282951
1741341950.8734078,2,0.01601357724157408,9.09115185483335e-05,0.004041649498602504,0.015674014756597115,0.019337583471522212,-0.0006798394195383165,0.9996899123954666
1741341950.8901095,2,0.015468686675072407,0.00012739371766874795,0.004619753874359698,0.01745892946639925,0.030191917384935128,-0.001487509615054325,0.9993905248808664
1741341950.906946,2,0.014948679697928936,0.00012308806438859416,0.004095419135729204,-0.06646241843559307,-0.09748406312381949,-0.0009033893356754953,0.9930149990107257
1741341950.923468,2,0.01502067087061693,1.0941160076523274e-05,0.002484182627607438,0.009008255124829907,0.004584504759716765,0.000464492725384288,0.9999488076407822
1741341950.9404914,2,0.015665115447362894,-0.00016364478180932852,-0.0013410338941496993,-0.020921077227054656,0.011538700364618187,0.000400440586052312,0.9997144625186194
1741341950.9567804,2,0.0161541948525525,-0.00012572033377506969,-0.0007521048332714384,-0.03176076236260475,-0.0908788381138174,0.0024434854314721284,0.9953523597883188
1741341950.9741025,2,0.01641221624932341,-4.967961951392634e-05,0.001123818764060018,6.203022386968493e-05,0.0028767803959086694,0.0004485748197066726,0.9999957595247273
1741341950.990289,2,0.016119386745361713,7.081884446740721e-05,0.0036083503357851273,0.014068240941206088,0.01967851363735216,-0.0005340296912194201,0.9997072348993646
1741341951.0068989,2,0.015495119313224788,0.0001508325287058546,0.005082962089004489,0.01978593000306465,0.029201479950683604,-0.0015503010367024636,0.9993764991780122
1741341951.0236127,2,0.014948057486863595,0.00014198169510203367,0.004316005648434366,-0.06707932434897967,-0.09927680632543504,-0.0009703793803801042,0.9927958190557435
1741341951.0403297,2,0.014959054942826027,2.640219702244567e-05,0.002668003929737313,0.0069082340269013736,0.0015203641624951987,0.0006190868743561681,0.9999747904456816
1741341951.0569122,2,0.015544783384858955,-0.00014802518546324516,-0.0011297905153205227,-0.03190168584994217,-0.08812534611989888,0.002555677344079364,0.9955951357477056
1741341951.073687,2,0.016157192983990636,-0.00013572751471522618,-0.000902829849358083,-0.023225804277886064,0.013309347410442254,0.00026778989747044935,0.9996416115667276
1741341951.0909784,2,0.01642649258893853,-5.5249824898201055e-05,0.000955972026500999,-0.001939990902756771,0.004434193128577539,0.00039093626691448177,0.9999882106982217
1741341951.1071029,2,0.01618076981256709,7.270614941885803e-05,0.003610862598887115,0.014003035737577845,0.019603634379170603,-0.0005369044767778549,0.9997096199611378
1741341951.124485,2,0.0156267901890554,0.00012917231662130571,0.004575042056236874,0.016726816745139348,0.03341539799395908,-0.0016089662788971557,0.9993002731941952
1741341951.1403365,2,0.015001123083949533,0.00014540263072454246,0.0043323137632652695,-0.06695413125449391,-0.10237153201196696,-0.0010174754181208284,0.9924898883541596
1741341951.1570032,2,0.014899933748415889,5.396545905622014e-05,0.003205812076198048,0.009594788534931791,0.0031298753650388835,0.0006122602309482529,0.9999488832188267
1741341951.1744301,2,0.015488224467512106,-0.00014413781490914084,-0.0008357284140693915,-0.0140893036661278,0.009125694988537447,0.0005668646570155328,0.9998589359892928
1741341951.1906455,2,0.01608768054505303,-0.0001495601451997049,-0.0011345688856358846,-0.023933848975704025,0.015419740100241785,0.0002888808560225356,0.9995945773343812
1741341951.207688,2,0.0164211653301675,-8.567315803870986e-05,0.00011087960054058663,-0.04314580855205467,-0.08198474947587403,0.0012422754482800237,0.995698446724448
1741341951.2240083,2,0.01620607054026463,7.395301878369468e-05,0.003677347862348762,0.014164861611489313,0.016928863977437678,-0.0004454330452303422,0.9997562562191662
1741341951.240559,2,0.015675178066295613,0.00014240648400044625,0.00485840518375953,0.01793275383591951,0.030318378776208535,-0.0015084025276236406,0.999378275214174
1741341951.25733,2,0.015081682846477606,0.00013885888621300267,0.004893165597280795,0.018109749821099596,0.027501795331885175,-0.0013160230716407974,0.9994568306326268
1741341951.273837,2,0.01488637107070976,6.89185476209503e-05,0.003553171045077474,0.01126418069928662,0.00589393842025395,0.00023993049509351435,0.999919157810485
1741341951.290511,2,0.015361225150925839,-0.00011127037107382568,-0.00045509972230879176,-0.03779719125965113,-0.08516062772399477,0.0019844297874100827,0.9956480813304244
1741341951.3072984,2,0.015974606943822016,-0.00013811549123105165,-0.0008940357496531533,-0.02441528690204683,0.015895161292741627,0.0002686251075036934,0.9995754926235036
1741341951.3241384,2,0.01638082214742333,-0.0001088329824140705,-0.0002638637814846659,-0.040532413419705274,-0.0829202272062576,0.0015034923435322868,0.995730434853334
1741341951.3406827,2,0.016242971077089045,4.0208626208158385e-05,0.0030231722150019878,0.011998154943272363,0.011960868323997027,-7.100832292832845e-05,0.9998564781330924
1741341951.3573813,2,0.0157349009812778,0.0001320362363994119,0.004717818365585703,0.017867081553537265,0.027762006803933703,-0.0012717072249662112,0.9994540615434567
1741341951.3738468,2,0.015145609802944009,0.00014228282758034413,0.005057181727959681,0.018693730354604657,0.0262063141798442,-0.0012437214061526928,0.9994809786582236
1741341951.391052,2,0.014839727667554972,0.00011879600658990709,0.004023859363197971,-0.06591926096457312,-0.08969887571179036,-0.0005776714681997168,0.9937849007836657
1741341951.4075432,2,0.01536238568930255,-0.00011652591184507465,-0.000356116300334341,-0.00880327489881426,0.004776167026376146,0.00041029408344744927,0.9999497598571426
1741341951.4241834,2,0.01589218754750359,-0.00013111958825914503,-0.0008334802007416397,-0.024023140183063323,0.014618840220858475,0.00020621827681656052,0.9996044896459619
1741341951.441294,2,0.016352310006398186,-0.00012063253728549023,-0.000322536899390565,-0.011981071446723932,0.006643267934084657,0.0003760884801112447,0.999906085327817
1741341951.4572496,2,0.016246424233545196,2.0950480416782664e-05,0.0025998798246065764,0.009270907033534635,0.009274557279178693,0.00017931867230646723,0.9999139966591449
1741341951.4739842,2,0.015777519331059864,0.00011881376069165354,0.004438101738477009,0.016432458955634888,0.02629078243746578,-0.0011596780886565185,0.9995185962243163
1741341951.4908445,2,0.015170898072503994,0.00015915497475574753,0.004657946736440721,-0.06796863041796601,-0.10463245533410356,-0.0011857771743809808,0.9921849164860124
1741341951.5072997,2,0.01492922211077177,9.41503187638605e-05,0.0035085233603914232,-0.06358140210898615,-0.09085892990388927,-0.0005144345053030573,0.9938318748760855
1741341951.524204,2,0.015325899952742493,-0.00010025538979541197,7.286163853267626e-05,-0.006033758593859015,0.003232030447475114,0.0005343157606544913,0.9999764308437903
1741341951.540717,2,0.01586042413853522,-0.00015023496638782703,-0.001064586824713677,-0.02211081298718066,0.012458159435008831,0.00032234140826567715,0.9996778492637288
1741341951.5583649,2,0.016288229977068126,-0.00011606856988376422,-0.0002849987539002341,-0.013018514294000352,0.007583040959458851,0.0003583978043892249,0.9998864372149459
1741341951.5746095,2,0.01624233623482355,6.746613580991096e-06,0.0023264360710559943,0.007962978561172677,0.009461204093228917,0.00017596657310961259,0.9999235198880491
1741341951.5909014,2,0.0157780334214711,0.00012223808290820687,0.004514912033247783,0.01712462254424379,0.02499509455385754,-0.0010448976882515702,0.9995403447284067
1741341951.6076198,2,0.015263008246642612,0.0001295593508810352,0.004672650681905683,0.017773716788592457,0.027368671206723174,-0.0012132961186573981,0.9994666471375748
1741341951.6251173,2,0.015032123109257228,4.2435721733091175e-05,0.0030617383123602545,0.010710449451141508,0.013070032612861226,-0.00014586780897097258,0.9998572094267438
1741341951.6410382,2,0.01532102140679033,-0.000102181886678677,0.00013613584369070048,-0.003852539864052339,0.001791994501576667,0.0005915791386850907,0.9999907983208769
1741341951.6576986,2,0.015842598220938905,-0.0001520545081133842,-0.0011283271400635796,-0.02222670430035464,0.011921792290876294,0.0002902750579223982,0.9996818294962194
1741341951.6745172,2,0.01627463474432973,-0.00012736285227513594,-0.000539544011188028,-0.015520324180037338,0.0031973940058372284,0.0004669619332069085,0.9998743311814096
1741341951.691222,2,0.016235605069891,-7.939640127674981e-08,0.002252345405742943,0.007732695320952244,0.00876973081745793,0.00016599036663829357,0.9999316325087735
1741341951.7076304,2,0.015816507472319462,0.00010500775189997396,0.004242382544814965,0.016581821887616227,0.022834933566531088,-0.0008857081581052035,0.9996013327887063
1741341951.7242253,2,0.015310608984045234,0.00013151171290055771,0.0045877589147356465,0.016886579383841017,0.028696672204220924,-0.0013731354752473002,0.9994445752216996
1741341951.7409403,2,0.015043617567696059,4.976350286531363e-05,0.0031105109107754814,0.010452835336974409,0.014505061104251375,-0.0003153823879099964,0.9998401082021712
1741341951.7578576,2,0.015279933006750788,-9.28246870258206e-05,0.00028742648661816685,-0.004881423880950685,0.006635713432555616,0.00033655671883548897,0.9999660122912731
1741341951.7740777,2,0.015835043056349724,-0.00016301182689181719,-0.0012694078156359058,-0.022928927010748043,0.011313940882348154,0.0002797439229678811,0.9996730369431718
1741341951.7911053,2,0.016270076762103555,-0.00012344736339141277,-0.0004890563214947513,-0.015027744355123435,0.003736156655333631,0.0005197611082010646,0.9998799617361247
1741341951.8076591,2,0.016249994903904285,5.424099271144589e-06,0.00223622749776575,0.006706854909495112,0.008746641124222564,0.00019179626368806755,0.9999392369441558
1741341951.8242435,2,0.01584078204697864,0.0001150850360056718,0.004474409831274957,0.016682122725060002,0.022985346263364646,-0.0008900837629350147,0.9995962126726142
1741341951.8411794,2,0.015341103948966803,0.0001140536390685357,0.004570039451690942,0.018268729311142394,0.026246248500520653,-0.0011553220946561016,0.9994878954744089
1741341951.857766,2,0.01500141521362562,8.717989424509944e-05,0.0033073562731167935,-0.0633679313291487,-0.09420367723198413,-0.0005741182566950539,0.9935340169633166
1741341951.8743818,2,0.015242987956551634,-7.728918015761631e-05,0.0004596800960863021,-0.0020513627051054646,0.006927798734093409,0.0002806699614479611,0.9999738590283872
1741341951.89125,2,0.015776377639075162,-0.0001376681592559173,-0.0009427528596645445,-0.0255455938463924,0.013384906711471353,0.00031916230903029187,0.9995839959917231
1741341951.9079943,2,0.016255202863347876,-0.00012026141127149621,-0.00046191843137697463,-0.015919296741066336,0.00599133094777363,0.00042088712083379517,0.9998552409217926
1741341951.924513,2,0.01630608366369163,-1.58879138989117e-05,0.0018016428377262868,0.005198895294731033,0.006608452939535949,0.0003097785720984207,0.9999646013108147
1741341951.9415302,2,0.015884645074181813,0.00014025442140455904,0.004835088372206178,0.01853348705815834,0.021541362386234688,-0.0008624157802702393,0.9995957862071208
1741341951.957742,2,0.015380968749791042,0.00014602226456418666,0.00491619061927361,0.017596961730820423,0.02964592994110921,-0.001455469800792575,0.9994044963794338
1741341951.9749465,2,0.015011453155170416,9.542003720682407e-05,0.0034968011990360323,-0.06543725933613673,-0.09598996455677636,-0.0007216567115005991,0.9932287606621923
1741341951.9911394,2,0.015189274293341014,-5.8676251844894316e-05,0.0009460512161178428,0.0006140771972499474,0.007489478622749836,0.00023461384978459683,0.9999717373883606
1741341952.0079148,2,0.015736337171306708,-0.00015404458444926518,-0.0012057934029396347,-0.021976685087199223,0.01274738186208009,0.00033165866851945494,0.9996771576717995
1741341952.0249445,2,0.016257464481676604,-0.00014162578244418197,-0.0009899385462241324,-0.019593281682814004,0.00968189982567151,0.000396152775949084,0.9997610750532557
1741341952.041205,2,0.016355658722891398,-2.6209049716009053e-05,0.0015320719498824059,0.0033939164027082178,0.001829700203888836,0.0004969103046967666,0.9999924432758301
1741341952.0579126,2,0.01596467928597869,0.00011966836502568651,0.004491914524412902,0.016994361903902733,0.02118978543187554,-0.0007821126242354898,0.9996307182938473
1741341952.0747354,2,0.015451598248320146,0.00014740358052509284,0.0049079741055967525,0.018778308557243394,0.029348004036534477,-0.0014760950118210656,0.999391760487506
1741341952.091372,2,0.01502793905210571,0.00010611047636936,0.004223096637975092,0.01505925869035823,0.01850519262384874,-0.0006607434677977416,0.9997151294202369
1741341952.1081336,2,0.01514424633763995,-3.625914143467704e-05,0.0014424046167355973,0.0026594531945541757,0.007486612855384036,0.0001989409247365378,0.9999684186808941
1741341952.1253526,2,0.01570698756083615,-0.0001670504101695869,-0.0014035815776455415,-0.017830322339884522,0.009080297676894247,0.0005292865208423638,0.9997996537582586
1741341952.141778,2,0.016143068790549442,-0.00012259911126499086,-0.0007441863460961221,-0.03185174243426145,-0.08851503674471738,0.0024451854937495394,0.995562441960264
1741341952.158373,2,0.016306966875978338,-1.2254591797381317e-05,0.0018318812961659696,0.004779193822083565,0.005650508291300708,0.000386128484739523,0.9999725406066179
1741341952.174936,2,0.016015159479345155,0.00011546086812462149,0.004418159723192854,0.01701642582530043,0.01997258546589804,-0.0006859375553449091,0.9996554739367007
1741341952.1914675,2,0.015518183281442832,0.00016321941459901136,0.005219052420552185,0.020203351452527257,0.025998190197126098,-0.001098226760689213,0.9994572089862287
1741341952.2088094,2,0.015069957407208654,0.0001407071014642215,0.00479828495461414,0.017597602065480018,0.02059151392746292,-0.0008630560724104398,0.9996327170966025
1741341952.2252023,2,0.015117096858923103,-8.42353860611702e-06,0.0018906824479370651,0.005099435970002838,0.007709178544334529,0.0001670256615088167,0.999957267297652
1741341952.241822,2,0.015619640368222729,-0.00013969898865156405,-0.0008596789183900549,-0.016705820459103498,0.008743416994458214,0.00041758066314264314,0.9998221311055476
1741341952.258219,2,0.016139432075067402,-0.0001454116484084379,-0.000985835844897922,-0.021012789449947375,0.010587399112610953,0.00035001807577161685,0.9997230852325603
1741341952.2752132,2,0.01634038360962365,-6.309875120651665e-05,0.0008376236297049705,-0.0009170827917017298,0.007160745220934497,0.0003455379713614815,0.999973881304179
1741341952.2916348,2,0.016100869844217675,7.199585090638801e-05,0.003552943014597569,0.013606906070373041,0.016830823968318632,-0.000435081827932519,0.9997656656314732
1741341952.308121,2,0.015604832550481163,0.00013717496378992393,0.00480936423294878,0.017957393105716302,0.027616749190996673,-0.0013328491199004783,0.9994563875978741
1741341952.3249397,2,0.01507447221517479,0.00016766534113013572,0.004774730227900116,-0.06978591850508452,-0.0986678328200887,-0.0011802456804089223,0.9926697292479119
1741341952.3416936,2,0.015139000413832676,-1.3148143582952877e-05,0.0018182734308713094,0.004780567172994445,0.007139972722629033,0.00015493379323394145,0.9999630707993892
1741341952.358168,2,0.015582239445624018,-0.00013283039235455294,-0.0007363060891557837,-0.013108906151956437,0.006126366948778691,0.0004502840213832639,0.9998952052349327
1741341952.3751476,2,0.016079273811387306,-0.00013845669866692194,-0.0008841770308489309,-0.019217690517834705,0.010246318631198317,0.0003200593614606772,0.9997627673041609
1741341952.3918152,2,0.01627790064981435,-4.517303782220863e-05,0.0008067683864783503,-0.04898662563386364,-0.08189779726171431,0.0007914235113673874,0.9954358015269054
1741341952.4081562,2,0.01597896196866973,0.00014138835596677824,0.004348764666819807,-0.06695709307955729,-0.09578249394747912,-0.000838445552868835,0.9931474002123711
1741341952.425085,2,0.01567072509700294,0.00011401401033191743,0.004359901381378113,0.017041337140999775,0.027295426140064506,-0.0012499617842244694,0.9994813605744818
1741341952.4421914,2,0.015147924967003795,0.00013591220633706088,0.004879610160604559,0.018358115843813118,0.020645817955911513,-0.0008013890514403726,0.99961797080644
1741341952.4583075,2,0.01514022311798472,-8.933592009545685e-06,0.0020004261193276047,0.0063988714683331106,0.007018791993820954,0.00022698304118602588,0.9999548687223729
1741341952.475563,2,0.015532444567835101,-0.00012566249823734135,-0.0004441652516868836,-0.007947598880311449,0.003937175464332458,0.0007058395536072472,0.9999604172725665
1741341952.4917452,2,0.01600130802317514,-0.00012413044471659053,-0.0006453886096601675,-0.01932221990912802,0.01008496301124116,0.0003153236484501128,0.999762394726788
1741341952.5083938,2,0.01628736735092001,-7.913984373163064e-05,0.0005066355064656312,-0.0047636746314796575,0.004324213862977943,0.00046634211804079623,0.9999791953353337
1741341952.525207,2,0.01603012510299169,9.460739658150753e-05,0.004080072480008295,0.015670330633210206,0.014766326853987485,-0.00033105732834835404,0.9997681164800828
1741341952.541669,2,0.015672151737725376,0.00012458184504865368,0.004540892172638083,0.01707882143117782,0.027573861227196354,-0.001204259011123194,0.9994731341040536
1741341952.559225,2,0.015118987114898891,0.00017062610423961428,0.004816707790456683,-0.06856251650532151,-0.09730031634015324,-0.001093183144500888,0.9928900416064087
1741341952.576011,2,0.015127979633242104,-3.992243626039547e-06,0.002171723416871859,0.0072103505032488704,0.007422692262626902,0.00028986355346302857,0.9999464137964169
1741341952.591755,2,0.015435741436273428,-8.392672933786049e-05,0.0003147684486291488,-0.006965317949419856,0.0030502643149852137,0.0006212678653811891,0.999970896706355
1741341952.6087248,2,0.01598449731277939,-0.00014256778162325613,-0.0009524868039093427,-0.02035121021224902,0.008694205039317043,0.00036873078365546073,0.9997550215323953
1741341952.6257002,2,0.01624880391470938,-7.930116367890393e-05,0.0004841598661141776,-0.0046134977417752205,-2.8713754107442572e-05,0.0005953379133849374,0.9999891801349032
1741341952.6419983,2,0.016022409665585904,9.447861832462414e-05,0.004129416594998268,0.015346356494167983,0.014432309736730424,-0.0003242504166189694,0.9997780216826555
1741341952.6585562,2,0.015686314596214782,0.00012424025011899872,0.004526883426047287,0.017347264121423338,0.02737422582102347,-0.0012074916822846728,0.9994739947352499
1741341952.6757433,2,0.015106382975756255,0.00019035561101173054,0.005144925828413154,-0.069858193950061,-0.09901754113446846,-0.0011060353427463409,0.9926299088640942
1741341952.6920652,2,0.015092059438374817,1.886366314439283e-05,0.002506231540144679,0.007914291392304516,0.009320993620682758,9.332592051664771e-05,0.9999252343850281
1741341952.708727,2,0.015463237143969327,-0.00012226103976884216,-0.0003740490556795692,-0.008387253291682148,0.003297696420083463,0.0005056507063642149,0.9999592609191162
1741341952.7253997,2,0.015943431073485715,-0.00014807787683905008,-0.000994122106363694,-0.019748688018358117,0.010633164519921542,0.00033940980899959956,0.9997483733094179
1741341952.742096,2,0.016231732092332744,-8.823565836320232e-05,0.0003201776488645397,-0.006034086040625938,6.412624240174112e-05,0.0005861156806263925,0.9999816209120487
1741341952.75898,2,0.016053303258618482,7.773867765536103e-05,0.003785520890386346,0.01394874003618474,0.012913750594001929,-0.00016838809269695393,0.9998193033455841
1741341952.77553,2,0.015694471793068723,0.00012759733893204765,0.004714465209173413,0.018238976674721952,0.02524033919625819,-0.0011232826103895115,0.9995143837100564
1741341952.792689,2,0.015164693951633926,0.00016018810933891652,0.00466973212596529,-0.06788450167022214,-0.10219106548979963,-0.001152380629758192,0.9924451383255042
1741341952.8087738,2,0.015074340346165607,2.6922017924435547e-05,0.002676207058651442,0.009101430990398944,0.009382851505253195,3.67352874218763e-05,0.9999145587009303
1741341952.8253748,2,0.015364860405469603,-8.3323256400866e-05,0.00041453649424590236,-0.004049809034392038,0.003936166689789398,0.0006745501469231187,0.9999838251795248
1741341952.8422728,2,0.015899474469332774,-0.00014808583733426692,-0.0009650040642167738,-0.01608636057987723,0.00950709184483085,0.0003999659827604859,0.9998253268622278
1741341952.8588,2,0.01624732167347566,-0.0001094430812027533,-0.00014101548335026287,-0.010131975593994778,0.0014376032395482508,0.0005115897506689947,0.9999475059438946
1741341952.8754404,2,0.01610911803482257,6.189377468367864e-05,0.0029083194900243283,-0.06074609030128502,-0.09051261628466008,-0.0002501318683163855,0.9940409026999153
1741341952.8923202,2,0.015742642485597827,0.00012159375975955057,0.004609826322805104,0.01755171072478363,0.023811102761430857,-0.0009647857075574107,0.999561923056524
1741341952.9093344,2,0.015319316241953226,9.89542831390918e-05,0.004168220959552255,0.015987917878576455,0.02657400801009743,-0.0013372877915320152,0.9995180940040805
1741341952.9257562,2,0.015090493064322747,2.8420087067944192e-05,0.0028052620783047197,0.009866095065183081,0.011519807063138402,-0.00010904174293322319,0.9998849645450676
1741341952.9422567,2,0.015321756113183219,-7.204941126225694e-05,0.0006125489239026463,-0.0029754753034973765,0.0032323895338151726,0.0006875941793285287,0.9999901126605525
1741341952.9588492,2,0.015834514634487526,-0.0001422739161567329,-0.0008905098376694621,-0.0187463562139528,0.009871745739990119,0.0004080134271608562,0.9997754529342016
1741341952.9757533,2,0.016223445668706527,-0.00011756186765189104,-0.0002887600729106763,-0.011426066122906874,0.003204386308523266,0.0004832743254764056,0.9999294691963364
1741341952.9922895,2,0.01614394207517783,4.7625721058432125e-05,0.002578210991680861,-0.05949030296186749,-0.08881385975462176,-0.00010807582617522576,0.9942700792483938
1741341953.008901,2,0.015811710013573826,0.00011025202072621068,0.004330154190986498,0.016776569719290948,0.021171923255989673,-0.0007224725085581554,0.999634820525761
1741341953.0264175,2,0.01531707121655072,0.00013097127024802734,0.004769605522791042,0.01763720205818269,0.02600511950367642,-0.0011782720104072263,0.9995055150114119
1741341953.0422223,2,0.015107006187827818,4.099525900195864e-05,0.003125570789041509,0.012023278992520802,0.015737286237016732,-0.0003826269231940091,0.9998037968425605
1741341953.058927,2,0.015308202470974506,-8.255619981783395e-05,0.0005782666811194448,-0.001899022022472493,0.0014008681268515536,0.0005998866626593768,0.999997035705527
1741341953.0757525,2,0.01578264806451557,-0.00014390576943570585,-0.0008516570164987801,-0.017978441760949707,0.009331168975226381,0.0004888476893335514,0.9997947119010684
1741341953.0923207,2,0.016218377745976384,-0.0001256770429111884,-0.0005061247210193456,-0.013934601379169954,0.007297929770200996,0.00033811020190021397,0.999876218732581
1741341953.109294,2,0.01616128397594571,3.536226390527242e-05,0.002359157966813713,-0.05841701673723097,-0.0881531981306092,3.146368691346548e-05,0.9943925104428855
1741341953.1261961,2,0.015858603137460556,0.00011566678648209969,0.004483773250300621,0.017483011982799824,0.016928147416087284,-0.000573107019772439,0.9997036829308035
1741341953.1429973,2,0.015406187284663062,0.00012087205380332839,0.004481694670861741,0.016723594337288438,0.025021997200277223,-0.0010575384951585934,0.9995464484759488
1741341953.159488,2,0.01502423989448938,0.00013557244196057524,0.004248945514170386,-0.06764383041303956,-0.08984072059744148,-0.0009914030165290328,0.993655863088244
1741341953.175686,2,0.015273699366633278,-5.638885093484474e-05,0.001100132085883794,0.000861937693901052,0.0018984384042073582,0.0006079436474189338,0.9999976416969987
1741341953.1924005,2,0.015780357410908618,-0.00016320723416216536,-0.0012378465634479139,-0.01811270408215989,0.007056166265370032,0.0004894025903632907,0.9998109326035458
1741341953.2091436,2,0.016175870490060515,-0.00012640110041343985,-0.0005189840937447907,-0.013301460714209424,0.007004144707224558,0.0004390681701244169,0.9998869037640861
1741341953.2257247,2,0.01615868618526549,1.8360252446111054e-05,0.0021374270631515295,-0.05672574619391102,-0.08711150840454959,0.00018824319071112215,0.9945821933790738
1741341953.2422793,2,0.015897331781639115,0.00010197646986224724,0.00424309878057271,0.017436658615868572,0.015276311940316593,-0.0003810950034227359,0.9997311898687637
1741341953.2595794,2,0.015462454050231533,0.00012309642623051025,0.0045441401854704085,0.017288558656065732,0.025379509429872774,-0.001152216227192249,0.9995277177939893
1741341953.2758749,2,0.01502032155385448,0.00016153722785752013,0.004756435293601012,-0.06842289835904657,-0.09272935130790333,-0.0009019993761855428,0.9933371838319999
1741341953.2926505,2,0.015259215178674878,-3.910198797541781e-05,0.0013315944141054732,0.002211135556432322,0.0012185220788051665,0.0005373123450441699,0.9999966686839203
1741341953.3094108,2,0.015747201382379155,-0.00016102464099172146,-0.0011939882957507585,-0.01558760786292054,0.004673131277374903,0.0005354816347773879,0.9998674420064867
1741341953.326349,2,0.016125572529525043,-0.00012227342912349138,-0.0004687153747176591,-0.014489445588291737,0.007608773232495224,0.0004304058559149857,0.9998659796628944
1741341953.3427346,2,0.01614798200531183,2.0901919031279303e-05,0.002120410198806404,-0.05727783836995701,-0.08266077786659932,0.00010532816402641449,0.9949303663775327
1741341953.3592186,2,0.015930161326749803,8.950061459015772e-05,0.003950697225261323,0.015032480553339281,0.01363508260567684,-0.0002642820175468201,0.9997939983845497
1741341953.3761458,2,0.015469053944868671,0.0001377926455090358,0.0049795255560620465,0.019140923550497735,0.0233080295958229,-0.001012399822707706,0.9995445642134189
1741341953.3928616,2,0.015052864859079779,0.0001642289905565055,0.004703662793434822,-0.0673642987728791,-0.09331916605694568,-0.0008195675259235092,0.99335437423225
1741341953.4095998,2,0.015211905082756478,-3.7724252184447146e-06,0.0019976373430197875,0.004949377818418944,0.002170409884387333,0.0005225088186352125,0.9999852598737038
1741341953.426354,2,0.015645416606073673,-0.00010603811379100084,-0.0001930781549995549,-0.012367763567258046,0.007619143543553163,0.00042488660991600287,0.9998943976977648
1741341953.443297,2,0.01611640368689317,-0.00013880604449280465,-0.0007973727826888056,-0.015673340914701073,0.005602219365153086,0.00040481616180832743,0.9998613892168411
1741341953.4594123,2,0.01617618292032144,-1.9488550021850236e-05,0.0018042933265003324,0.004468452980516396,0.00043639413839153916,0.000561202408923326,0.9999897637175957
1741341953.4762495,2,0.015944530801125924,7.828715222299712e-05,0.0038006064219203235,0.014563511340801456,0.012327148901269576,-0.0002295525331792686,0.9998179298467431
1741341953.4930577,2,0.01550176075305836,0.00013078867501874615,0.004804685863751195,0.018896911627624538,0.022583856059940288,-0.0009744675359778777,0.9995658690598749
1741341953.5094707,2,0.015084832362469467,0.00015399579642175573,0.00459614496370344,-0.0678207797905835,-0.09401456498206355,-0.0008709360235145085,0.993257693083861
1741341953.5262704,2,0.015180816203739369,5.984254420973075e-06,0.0023346844074379064,0.007601141006697784,0.0029051511758417755,0.0005323885356813101,0.9999667491044335
1741341953.5427983,2,0.015607900904548657,-0.00010769387345034843,-0.000187752232585736,-0.011126672539526887,0.006676056912457033,0.0005365820754533422,0.9999156661948927
1741341953.559822,2,0.01607227018579406,-0.00013752590230648224,-0.0006868641471939184,-0.013727172959532923,0.007107305367506,0.000372283500597389,0.9998804490227556
1741341953.5770226,2,0.016152853389834423,-1.3063947072363804e-05,0.0014570166806718917,-0.052676935622260404,-0.07740488074597525,0.0004250200422431803,0.9956070732212147
1741341953.5933614,2,0.01595751027580429,8.1028604904518e-05,0.0037710030245159854,0.014283824317235863,0.01109707383105953,-5.7055888843006794e-05,0.9998363986472426
1741341953.610656,2,0.0155412579450429,0.00013039789817230024,0.004606306459188935,0.01723889756878243,0.02154394655083123,-0.0009168110688483666,0.9996188464785425
1741341953.626817,2,0.01508017500284151,0.00016754443906397555,0.004850881871343982,-0.06849777200711821,-0.09539267038183051,-0.000938317014962727,0.9930797617657223
1741341953.6428883,2,0.015171704961166637,1.219130788976359e-06,0.002273800040409025,0.007846191353884929,0.0029459080696953256,0.0005189689615450406,0.9999647441675632
1741341953.6598127,2,0.015570823228239408,-0.00011306653378137752,-0.00017687687418992148,-0.007525978755332712,0.005344191205145611,0.0006394394446285451,0.9999571942745018
1741341953.6763182,2,0.016038824331521814,-0.00013718884490230302,-0.0007256543532761046,-0.01405345882926665,0.007367613344751711,0.0003647959707437218,0.9998740348126038
1741341953.6930218,2,0.016169619241062992,-4.089558436616051e-05,0.0014530516553309613,0.0023638677484372223,0.0003351524782133307,0.0006399163749601257,0.9999969451498926
1741341953.709562,2,0.015973674298627866,7.702916194588677e-05,0.003782942405803965,0.014714098658843277,0.009930579228669585,6.643361526547968e-05,0.9998424248267402
1741341953.726475,2,0.015564075499599534,0.00013090087147970108,0.004756542079301001,0.01780574867920778,0.020371162229032843,-0.0008619473618955529,0.9996335469111451
1741341953.7430592,2,0.015122189110692777,0.000154514335250948,0.004625125997695935,-0.06857004168129581,-0.09513324810613182,-0.0009428496798406194,0.9930996553836295
1741341953.759873,2,0.01516154805219873,8.034777358724745e-06,0.0023340606012972167,0.007986394305403752,0.0033200029302332397,0.0004448057864908866,0.999962497913974
1741341953.7763863,2,0.015529405399790632,-0.00011191989071398327,-0.00011154144956774299,-0.007816572575925601,0.004906173477645056,0.00045835681988815724,0.9999573093707541
1741341953.7934792,2,0.015983472755018248,-0.00013319292204763957,-0.0006247757471320628,-0.014039579759400624,0.008391707056703257,0.0003879013597895104,0.999866150534855
1741341953.8098755,2,0.016176324793059537,-5.341125215823252e-05,0.0010683164804076667,-0.0005057022134330492,0.00010575224513747609,0.0005609531266484702,0.9999997092066195
1741341953.826203,2,0.015996236437282582,7.464792677818774e-05,0.0037325832824471996,0.013233870132422014,0.00833146799866455,0.00015865028332804918,0.9998777055982361
1741341953.8436086,2,0.01568034119311633,8.534013840991595e-05,0.0038890061663411422,0.014796012137661348,0.022772047415508114,-0.0009189007406301928,0.9996307655843516
1741341953.8598132,2,0.015140442603980788,0.00016694590503249713,0.004821846779946521,-0.06856942917491032,-0.09582383511070805,-0.0009540786155351723,0.9930332903489683
1741341953.87681,2,0.01514619305554438,2.0774184935293528e-05,0.002582577402876467,0.009000562728081729,0.00462944731743536,0.00022338905917544812,0.9999487527795817
1741341953.893605,2,0.015409434092968742,-6.114566602148636e-05,0.0008491239906580373,-0.0029837240119788087,0.0033281469113062606,0.0005092246888729107,0.9999898807084866
1741341953.9099088,2,0.0159410033557615,-0.00013649191099810584,-0.0007297070074090686,-0.015505357604469267,0.007769464539238573,0.0004323205910836164,0.999849504878228
1741341953.9268355,2,0.016169511446448376,-6.383563638196512e-05,0.0007986263522601252,-0.0033925548411611857,0.0011713566190161115,0.0005424599115718625,0.9999934120945823
1741341953.943274,2,0.015996946299463896,8.147559721477935e-05,0.00386972729518149,0.014065792405679811,0.007118358136202206,0.0002425906829631729,0.9998757040808651
1741341953.960092,2,0.015715878373352005,9.368726314743943e-05,0.0040735010187247485,0.015633306468505248,0.023525008081676915,-0.0008602483711341306,0.9996006371028177
1741341953.9767485,2,0.015302155077564092,9.464248010453868e-05,0.004055648600811272,0.015070247336175487,0.022604531092910878,-0.0008523065256005189,0.9996305299423796
1741341953.9931984,2,0.015106332468479974,6.6906325458121e-05,0.003459883978792126,0.011714019781375215,0.009267007664820286,6.219126962026555e-05,0.9998884439985031
1741341954.0099409,2,0.0153419532013031,-2.9417267438392653e-05,0.0015331996326497152,0.00021845586588086847,0.004894763328762355,0.0005663247681048618,0.9999878363486463
1741341954.0269687,2,0.015897054508016928,-0.0001399969661230652,-0.0008280038680007558,-0.014970665934081034,0.003476326194753924,0.0004570943940570669,0.9998817857038865
1741341954.0432465,2,0.016171515939707903,-8.229731822698723e-05,0.00042550598858318196,-0.004507019414278739,0.0011686008384310575,0.0005324404657723778,0.9999890187673214
1741341954.0600007,2,0.016012408581333498,7.262545477512205e-05,0.003661651515960157,0.013586354888228335,0.005539495636247716,0.0003602187789629706,0.9998922917951606
1741341954.0770636,2,0.0157641536621889,9.194830063730103e-05,0.003953039462524394,0.015658664853133678,0.02305427890314597,-0.0008147476379377586,0.9996112457478455
1741341954.0934184,2,0.0153547344337971,0.0001008524582387061,0.004122058356712967,0.014728021684694543,0.024535476243504745,-0.000945340463424039,0.9995900170140596
1741341954.1101558,2,0.014984003184386707,0.00016894154440673875,0.0047874624967867725,-0.06727792066432617,-0.08912945744145956,-0.0008007420897022215,0.9937449270408284
1741341954.1273687,2,0.015332775316551367,-3.0164122835087938e-05,0.001433899912143926,0.0008620881502943629,0.0032313415466893726,0.00048415587373542885,0.99999429039816
1741341954.143442,2,0.015874564578593896,-0.00014038109145509108,-0.0007614516060924734,-0.014277960034013333,0.0070612760108233995,0.0004519520244390204,0.9998730289280402
1741341954.1602163,2,0.01611779372247553,-6.774017319588083e-05,0.0004318659216383228,-0.04579235771172676,-0.08239716801131877,0.0011120536987277462,0.9955463474974368
1741341954.176619,2,0.016041521554117776,4.818750991045108e-05,0.003189878250808085,0.011262452746339092,0.0029480898909743196,0.0004964342303556623,0.9999321074338928
1741341954.19343,2,0.015763568538249177,0.0001031768128456153,0.004163292925774961,0.015695807290203787,0.020091397357730228,-0.0007115687060803427,0.9996746826121481
1741341954.2103631,2,0.015372151028345925,0.00010491851841075558,0.004193200093604497,0.015409726813082406,0.02181610550971139,-0.0008374477865317477,0.9996428845048315
1741341954.226877,2,0.015008418183410411,0.00016617097721974362,0.004734102973384035,-0.06666046687945215,-0.08926919689167094,-0.0007698839251253408,0.993774018537651
1741341954.244514,2,0.015326225914840542,-3.0256472926682804e-05,0.0015452453993164243,0.004080578275068926,0.0025111037375169687,0.0006279169160851686,0.9999883244114938
1741341954.2610202,2,0.015832541286576764,-0.0001261480574075574,-0.0005571333493562966,-0.01312149584365904,0.007276988373627275,0.00033886572297919733,0.9998873721360104
1741341954.2768362,2,0.016149049457627174,-9.937926321185881e-05,0.00012168096791647973,-0.00593539282445583,0.004256008463863476,0.00042657018584288354,0.9999732374128077
1741341954.2938507,2,0.016053689800583092,3.443868174799929e-05,0.002969362901957281,0.009944140101664842,0.002336744489210045,0.0005089268593059947,0.9999476959802861
1741341954.310361,2,0.01579701742318937,9.352490243782573e-05,0.004017245875690942,0.015074224849277642,0.01851685952376537,-0.0006182746654428364,0.9997147150037399
1741341954.327061,2,0.015426519142681994,8.420533707969265e-05,0.003811429132372946,0.01470735440354588,0.020056256504539585,-0.0007069472489406633,0.9996904223443676
1741341954.3437397,2,0.01503917861972658,0.00015392994931974187,0.004561984129591921,-0.06638704677103031,-0.08937551223320965,-0.0006738297201793092,0.9937828353254954
1741341954.3602405,2,0.015280478922767005,8.42948885275363e-07,0.0020947932970104247,0.004038019278177857,0.004399764794194592,0.00039377781059808165,0.999982090544176
1741341954.3774924,2,0.015807096110183584,-0.00013068135394217424,-0.0006312656926705963,-0.011102489309709834,0.005439306938131454,0.0004000340727645163,0.9999234913951672
1741341954.3944266,2,0.01611976941934448,-9.784569218298676e-05,8.270404841482822e-05,-0.00703601851376382,0.005071859356537716,0.0004004998657177891,0.9999623044325217
1741341954.4103441,2,0.016076600081747487,2.1471962522441102e-05,0.002606971342636516,0.007628240465644644,0.0017030007133077214,0.0005505227786057791,0.9999693028591623
1741341954.4273639,2,0.015816570813180626,9.402179725124317e-05,0.004053943772333668,0.015544714959821059,0.01802566884241343,-0.000569937366762376,0.9997165159538975
1741341954.4436781,2,0.015444422669142813,9.334575584714762e-05,0.003982237402018616,0.014926160728421916,0.020187294261772886,-0.0007042450573972271,0.9996845437012603
1741341954.4604146,2,0.015057254412304122,0.00014766623070217494,0.00449644214124428,-0.06693004834176604,-0.08951493813952019,-0.0006134505629529564,0.9937339020870997
1741341954.477233,2,0.01525569113944004,4.1034625011735875e-06,0.0022798115492221253,0.0061390648336145555,0.0038277485872669206,0.0004191288980479174,0.999973741932601
1741341954.4937692,2,0.015762894957050078,-0.00012818416936452188,-0.0005158436943079464,-0.010384780399042406,0.0049458023527396335,0.0005097533745137599,0.9999337155665111
1741341954.5105755,2,0.016097269054460628,-0.0001021769016298176,-2.1141709995284566e-05,-0.008470657162575796,0.004558614156047521,0.0004518572912299242,0.9999536303395267
1741341954.5271113,2,0.01608886750598197,9.524770192954998e-06,0.002371832629485297,0.006805270886206429,0.0013150012241784305,0.0005593608244414042,0.9999758227954383
1741341954.544034,2,0.01581753729344372,0.00011103822586725623,0.004361525160593711,0.016828069094149967,0.015191537191410335,-0.0004641848563358053,0.9997428758539586
1741341954.560411,2,0.01547007002606961,0.00010036050469377681,0.004060982473228074,0.014947016018862051,0.020064405726069923,-0.0006973020199003178,0.9996867109774364
1741341954.5775514,2,0.015076917553803202,0.00014845930408358317,0.0044858491334928904,-0.06580195811802024,-0.08965459177730332,-0.0005556411798124329,0.9937966833029575
1741341954.5938063,2,0.015250659979062027,7.464081599578631e-06,0.0022851168203301604,0.006122166310183293,0.005107316880834964,0.0003831893555457382,0.9999681432725079
1741341954.611221,2,0.01567134745167485,-9.157501246285532e-05,0.00017270980777048798,-0.004842609391527068,0.005348717053983651,0.0004943110067728616,0.9999738476664207
1741341954.6273408,2,0.016074520344944422,-0.00011530170513213462,-0.00019800318739306315,-0.008456789370259683,0.004706056632392287,0.00046545800537763256,0.9999530584449277
1741341954.6438909,2,0.01606162088845028,1.871396214781238e-05,0.0026092982026035207,0.0074392590509875485,0.002292853215918866,0.0007435077069115402,0.9999694232551275
1741341954.6611545,2,0.015853776385263366,0.00010061840252176401,0.004130935285977874,0.01540307871211402,0.013206909646980953,-0.00032457809316777006,0.9997940874764295
1741341954.6773381,2,0.015491436103879761,0.00011537201419295147,0.0044283844091159985,0.01658463618388423,0.019667267147360983,-0.0007094501309217532,0.9996687677056408
1741341954.693969,2,0.015100136204046205,0.00014768983833767006,0.004459764379206355,-0.06615892000584667,-0.0915875656386875,-0.0006546348400271817,0.9935966417904527
1741341954.7106183,2,0.015214219163246232,2.0901750195365995e-05,0.0025945209442445466,0.009155953983175954,0.005927309884416173,0.00042604447273953577,0.9999404252205725
1741341954.7275877,2,0.015664505452730383,-0.00011770313255242812,-0.0002843777856761334,-0.008836288357312354,0.004840832940222492,0.00044668794650665146,0.9999491421139326
1741341954.7442303,2,0.016041134363312427,-0.0001250279121048054,-0.0002831653379522156,-0.00884761433720953,0.005099956625907598,0.0004895129154627466,0.9999477339041574
1741341954.760645,2,0.01603181980051203,3.386389725954666e-05,0.002387603864829134,-0.05635079654663852,-0.0812973705978991,0.000449133627411579,0.9950955348816575
1741341954.777502,2,0.01589194623518548,8.393873261762205e-05,0.003903802867511707,0.014549402334022927,0.0115573342122809,-0.00014943380347121502,0.999827345388776
1741341954.7940981,2,0.015540836399711109,0.00010100586246376592,0.004230156310156987,0.01649477822038062,0.019735470857479346,-0.0008099200587326462,0.99966883392001
1741341954.810836,2,0.015124299413428343,0.0001476808710682905,0.004460608711129712,-0.0656392138023895,-0.09237555088379686,-0.000606633081334197,0.9935581931656665
1741341954.8272643,2,0.015202175364386736,3.281936325624457e-05,0.0027828873916329023,0.008509534964637605,0.006651290649044831,0.00027142671738264034,0.9999416355342569
1741341954.8444788,2,0.01561612712403978,-0.00011220162864538028,-0.00011158721308073456,-0.0062645136284122886,0.0038052868146886075,0.0005325617581659155,0.9999729956549982
1741341954.860802,2,0.015982120089623544,-0.00010820385944198695,-0.00014779597104699573,-0.009024567180705134,0.006648194640144168,0.000382621206282471,0.9999371041701774
1741341954.8774142,2,0.016084871093709496,-1.380398531026982e-05,0.001964054140850031,0.004999229104607079,0.002636725087908354,0.0006251644324604164,0.9999838321486016
1741341954.8942575,2,0.015927379899274518,6.88456444143148e-05,0.003660379568701127,0.01370677777630375,0.010074758252367278,-1.9861049878695668e-05,0.9998553010784542
1741341954.9108775,2,0.01550297351737709,0.00014949009023440128,0.00452499880281948,-0.06782708979548598,-0.09720769182858593,-0.0009183868689692823,0.9929498008987124
1741341954.927727,2,0.01515655739646691,0.00014807171500685505,0.004517816640028673,-0.06686774949195329,-0.09213781643878104,-0.000788447748323217,0.9934982160074184
1741341954.944087,2,0.015099126849306723,0.00010395586077402468,0.003636007474924708,-0.062059596094389664,-0.08499122271734832,-0.0003634099843869842,0.9944470657238598
1741341954.9610014,2,0.015552575377010594,-7.968769166486987e-05,0.0004047029848741606,-0.005427517005129321,0.0044085891743208035,0.00046501277542727534,0.9999754447804056
1741341954.9777443,2,0.015954797461138818,-0.00010947776750220583,-0.00014806253354652038,-0.008346456065934852,0.006778156490544405,0.0003541265335425111,0.9999421322557258
1741341954.9940443,2,0.016082055164694513,-1.806422117166938e-05,0.0017621756465198762,0.0024557248529433313,0.0030426150610337057,0.00041559073083459106,0.9999922695668109
1741341955.0120244,2,0.015950256802517545,6.451381165641396e-05,0.0034600319302050785,0.012047759672945078,0.008422588651997817,3.518652409636993e-05,0.9998919492871071
1741341955.0276937,2,0.01558961089652591,0.00011710375089287393,0.004502536432187978,0.016596948208204548,0.017179249197316702,-0.0004536330801186951,0.9997145637251761
1741341955.044494,2,0.015247249041134973,0.00010563698245120577,0.004278128495776427,0.015468800229925257,0.016912661407708703,-0.00048111634444948984,0.9997371887804404
1741341955.0611908,2,0.015092695023665913,0.0001173174540891184,0.0038362428373760592,-0.06321544123309439,-0.08558857725633714,-0.0004532801537787703,0.9943229847338556
1741341955.07812,2,0.01555034610712837,-0.0001009028841472512,0.0001710236938236785,-0.004727586848462295,0.003271483402523275,0.000548520798506071,0.9999833230828757
1741341955.0943956,2,0.015906692456586678,-0.00010118727519568051,8.476679705237594e-05,-0.008861872874506717,0.007832035631014724,0.0002596565819580636,0.9999300270546384
1741341955.1112187,2,0.016101024397171797,-4.572694109595179e-05,0.001250853769694323,0.001367531693139262,0.0023896355855414163,0.0004565715256840268,0.9999961055130557
1741341955.1279433,2,0.015962619377851105,5.814577162952387e-05,0.0033414637268628024,0.011581826820590843,0.007419017996820301,0.000128856089667575,0.9999053969529162
1741341955.1444063,2,0.015641400635177244,0.00010306008607968386,0.004219450010115049,0.015458129597334969,0.020256561777606437,-0.0007008083341533896,0.9996750606081861
1741341955.160954,2,0.015349467745437327,7.089203626163763e-05,0.0035696267660980645,0.013180105713222203,0.01833121914388842,-0.0005430532334196312,0.9997449456292704
1741341955.1775866,2,0.015100580414697098,0.00011787925690619657,0.003858669374791484,-0.06362727624271702,-0.08622845759849146,-0.00031844199158457723,0.9942414804326041
1741341955.194805,2,0.015504064181561913,-7.50661370966897e-05,0.0006601394435684375,-0.0014735278507741149,0.004076046779521223,0.0005555932123996968,0.9999904528916795
1741341955.2109623,2,0.015853683934487287,-9.35629049199259e-05,0.00035781944822290616,-0.005697660997150889,0.007053668024362019,0.0003001387193224651,0.9999588453248027
1741341955.2278774,2,0.016086067433431574,-4.9657878297886015e-05,0.0009034992149736164,-0.051090360930143755,-0.08283199379277942,0.0006246517919639878,0.9952528551250076
1741341955.244555,2,0.015992314714622306,3.899291527246766e-05,0.0030494875451181247,0.010725626921420124,0.005898943606779059,0.00028135182249648503,0.9999250393067566
1741341955.2616303,2,0.015746510112201465,5.120243934168765e-05,0.0032294613425824003,0.012281435982123615,0.01771011180383436,-0.0005347756267817767,0.9997675891351658
1741341955.2779138,2,0.015403639132237221,5.052639248126133e-05,0.0032049621924656185,0.011258063659180082,0.018388518429892503,-0.0006391864430622861,0.9997673278484802
1741341955.2944143,2,0.015124029396377891,0.0001083716063915153,0.003717576643900507,-0.06236997179640298,-0.08503381995013874,-0.00023789813570054884,0.9944240441015495
1741341955.3117275,2,0.015371023427059574,-3.4166677712732095e-06,0.001571343758232004,-0.05226048845145553,-0.08096446662197074,0.0006669185594116846,0.9953457448098475
1741341955.3282206,2,0.015854011045104414,-0.00011365359425979189,-0.00024407487704210511,-0.007772349544605239,0.002192594360919122,0.00045286680154512797,0.9999672884770707
1741341955.3446863,2,0.016077754979560727,-4.752421234445192e-05,0.0007647087947116246,-0.048318096485797456,-0.08262886291072327,0.000792120228637037,0.9954080595974767
1741341955.3614821,2,0.015978852863234198,5.0043054601289414e-05,0.0032805503993295296,0.011298091340954991,0.006041396368888313,0.00044626731680037036,0.9999178243773073
1741341955.3783004,2,0.015765230809630926,5.463853621456957e-05,0.003331437545659813,0.012294903952117131,0.018104389943434995,-0.0005134925416822385,0.9997603726528642
1741341955.3946302,2,0.015430907871195582,5.6168891617589746e-05,0.0032464428581315207,0.012408678418449384,0.019435523384688593,-0.0005755331234631411,0.9997339415525985
1741341955.4111667,2,0.015127551816457873,0.00011218455722457344,0.0037676836546592773,-0.06237580495995674,-0.08549503535226011,-0.00023319258596597798,0.9943841327710992
1741341955.428313,2,0.015379895637008999,-2.5038099614573358e-05,0.0016532104585659426,0.001414591149524173,0.0023015599264285392,0.0006017714702141519,0.999996169805106
1741341955.44471,2,0.01580666837814151,-0.0001004215587497048,1.811436615818226e-05,-0.006915641763149958,0.0022450356931389753,0.0005283824563928625,0.9999734269097954
1741341955.4615476,2,0.016081029264393174,-6.290541070555256e-05,0.0008176565524720764,-0.0012232337024883724,0.004842281242892684,0.00038572551514439834,0.9999874535350436
1741341955.4779983,2,0.016002395491229435,3.3303782900525065e-05,0.0029356135349980833,0.009771293056946804,0.005035323191046862,0.00031593599916571673,0.9999395319402075
1741341955.4949167,2,0.0157932196850181,5.721618225842391e-05,0.0033260154765667347,0.012557842560415523,0.017226367190851005,-0.0004363518239238828,0.9997726553875733
1741341955.511477,2,0.015424227375738255,7.530969460347084e-05,0.0035886272168329314,0.013243415487001992,0.017915086619834247,-0.0005591427971329613,0.9997516436480487
1741341955.5280173,2,0.015103771790584178,0.00012259617930570076,0.004069167903140641,-0.06480630831990024,-0.08703267888257471,-0.00033297426200224346,0.9940952390674695
1741341955.5448043,2,0.015326769972056934,-2.489831091785482e-06,0.0020560502226000246,0.0032747522585533234,0.0037023317461967573,0.0005033239735655001,0.9999876576249648
1741341955.5619235,2,0.015808167647694528,-0.00011172755995203195,-0.00016541827701965257,-0.0072031491763209785,0.005496723388600623,0.00038369568135892195,0.999958875880182
1741341955.5785754,2,0.01607536557770455,-7.952337497562326e-05,0.0005063977296044513,-0.0034322828887432847,0.0024780687882784334,0.0005104992582958972,0.9999909089585562
1741341955.595856,2,0.015988887896598657,4.422280646018984e-05,0.0030102963337915907,0.00959092281279965,0.005238882967431773,0.00028482692666287356,0.9999402418037162
1741341955.612476,2,0.015838871062449945,4.7025423455507094e-05,0.0030331625522870076,0.01152618637755885,0.01630975884944114,-0.0003320422117556659,0.999800494369668
1741341955.6288218,2,0.015451368018023553,7.75701592820675e-05,0.0036649029566495285,0.01349519984186775,0.017501776259458927,-0.0005509172714064498,0.9997556020844054
1741341955.6454544,2,0.015206188160193694,5.980971369437424e-05,0.0034205646141399477,0.012159161614742321,0.007835396029603515,0.00013548452799128216,0.9998953660267801
1741341955.6622634,2,0.015294047679520924,1.0772386536512126e-05,0.0022998257924135,0.0059062525917899355,0.004232147637968432,0.0006256979972284543,0.999973406450746
1741341955.6785667,2,0.01575565773100978,-0.0001014773270067521,4.1866264580803666e-05,-0.006569976112315643,0.0060814979552814286,0.00038744346522994133,0.9999598495360026
1741341955.695061,2,0.016026217485436957,-7.292297333877868e-05,0.0006723834283602192,-0.0016512120050640314,0.004627777444049484,0.00044703461494975574,0.9999878285933762
1741341955.711995,2,0.01594688166534309,6.687283379749274e-05,0.003028518087053934,-0.06117233146034403,-0.08302851746093041,-0.00010093171120111764,0.9946678847558794
1741341955.7282715,2,0.015849662766125476,5.399428590593682e-05,0.0032087781910744764,0.011757123830217745,0.015761959773787908,-0.0003160650971778779,0.9998065966806704
1741341955.745083,2,0.015475559207878796,8.29665003568915e-05,0.003728330584936737,0.013907525147780684,0.016941322952367055,-0.00047409010974919507,0.9997596448944392
1741341955.7617116,2,0.015188204421380785,8.807114092825372e-05,0.003877597912777904,0.012866454209138322,0.009281396999764985,0.00017838314953980323,0.9998741311811546
1741341955.7784748,2,0.015312050637430128,-8.389037363905803e-06,0.001977240666420964,0.005319349713678703,0.002715592100146584,0.00041184618194972097,0.9999820800698839
1741341955.7953174,2,0.0157215391013219,-9.667790724540246e-05,-7.222231062810179e-06,-0.006113287267319912,0.0038621666234723144,0.0004505895743756108,0.999973753833967
1741341955.8121865,2,0.01594872359724678,-3.8750087846932785e-05,0.0012881758247626186,0.0013577327915830985,0.005882992249408439,0.0003452535548756988,0.9999817137147274
1741341955.828838,2,0.015990881424498643,3.1961117327249086e-05,0.0028336172997935716,0.008727851579254162,0.005016307381478649,0.0002903881458393219,0.9999492871850001
1741341955.8452644,2,0.015875966936973768,4.951288056691789e-05,0.0031294496381254807,0.0120230925093821,0.015268507729506275,-0.00035879669900116753,0.9998110767455788
1741341955.862212,2,0.015500091407907621,8.871795604712177e-05,0.003920490329624309,0.014988235660253067,0.014548878288118655,-0.00037138480197982976,0.9997817486860215
1741341955.8786256,2,0.015197604098568731,9.884095759918113e-05,0.004147882372432563,0.014970354779499779,0.011150921592649516,0.00020044996555596418,0.9998257374388908
1741341955.8959937,2,0.015222443837737397,5.6906013909031926e-05,0.0027043434969616837,-0.05814646330371736,-0.08207467481649243,0.00017870526342349792,0.9949284922161317
1741341955.9123075,2,0.015636897826331805,-6.539670518675573e-05,0.0007275599640047474,-0.000597897012854324,0.00689487924385061,0.000423455190135881,0.9999759616336168
1741341955.928757,2,0.015969356575089855,-6.992294800574157e-05,0.0005847537862621666,-0.00387497522761946,0.005731583333162343,0.00037968153052763467,0.9999759943925733
1741341955.9457135,2,0.015993206723985975,2.61371748846831e-05,0.002690319458508243,0.008633100650812436,0.004941848926385579,0.00030849057252510515,0.9999504750415935
1741341955.9621341,2,0.01582723808841299,9.637333371855113e-05,0.004109360181653355,0.016106282986469496,0.015163662974525916,-0.0002941286656138886,0.9997552522802182
1741341955.9787393,2,0.015549804260342824,8.543394057021407e-05,0.0037768864765647682,0.014100467167417153,0.014523925391018691,-0.0003910724101118707,0.9997950187309731
1741341955.99572,2,0.015226595631150341,0.00010073374001381126,0.004185751724888068,0.014899192344743368,0.012210591227981026,-9.882587263241147e-05,0.9998144356643309
1741341956.0124433,2,0.015214048609557202,6.16227446656186e-05,0.0028292912348787027,-0.058766444557195346,-0.0820724715515829,0.0001339969167838287,0.9948922536899898
1741341956.0288434,2,0.01563555724452546,-8.674336151366151e-05,0.00033689422961283674,-0.0036553596393921035,0.007300402735145998,0.00033012890262600834,0.99996661618312
1741341956.0458016,2,0.015973086146544538,-9.024461540601345e-05,0.0002663063857556813,-0.00435828067962123,0.004791001205686648,0.0004359601044675233,0.9999789305959161
1741341956.0620377,2,0.016012544843030583,8.313631643142961e-06,0.0023130802575304665,0.007556565253853825,0.0033601414462813674,0.00034498242655287134,0.9999657437923315
1741341956.0796642,2,0.01587033436326027,7.953332878944425e-05,0.0036960098628211467,0.01396901859074555,0.012806814833579904,-0.0003234386165739535,0.9998203575647433
1741341956.0961094,2,0.015580268879559161,8.682214471933138e-05,0.003798708599699282,0.014205621096811213,0.015548337874898533,-0.0004957294797882207,0.9997780772605811
1741341956.1120553,2,0.015259196580693251,8.916459107705709e-05,0.003980738542229656,0.014464430774887375,0.014870116471614245,-0.0003144016334412809,0.9997847573503469
1741341956.1289334,2,0.015198822691549959,7.417831051769059e-05,0.003039005829267817,-0.059938532242960814,-0.08262807949783668,5.6464099346058723e-05,0.9947763415174611
1741341956.1455894,2,0.015607447741892412,-8.085694532091326e-05,0.0004758623191899944,-0.0030865955839081607,0.007910263707650033,0.0003213601041619552,0.9999638980400544
1741341956.1620085,2,0.015954977719229612,-0.00010179300916694698,0.0001979712252235822,-0.004183249118413033,0.0056547533550548885,0.00036955920854943357,0.9999751935009679
1741341956.1788118,2,0.01603200466755426,-6.57353014177057e-06,0.002043190296116878,0.006147995595312177,0.006013207725627968,0.00020876571577760862,0.999962999265415
1741341956.1957173,2,0.01583642486314314,9.682524540242701e-05,0.004126065750053168,0.015545702497332295,0.01081039280752098,-0.00014660138186497278,0.999820706451535
1741341956.2119842,2,0.015576708804838154,0.00010459930673202883,0.003684699788175038,-0.06491561958968033,-0.09203362013159969,-0.0007921455861779115,0.9936373320302185
1741341956.2288141,2,0.015292240812450937,8.30588559901168e-05,0.0038422480848211956,0.014612815738848272,0.014366285858971218,-0.0003672575426437608,0.9997899482234748
1741341956.2456157,2,0.015277986648524774,1.946190984919806e-05,0.0024991698580440784,0.007766547861764251,0.0030675809351414676,0.0004265214817375885,0.9999650437695025
1741341956.2621071,2,0.015519872125043577,-2.7768612843159767e-05,0.001567502764474242,0.003489490515632,0.006018392085813757,0.0003682731022163261,0.9999757330993412
1741341956.2790837,2,0.015911488218485512,-8.707861040458282e-05,0.0003841157802922645,-0.004067072475426959,0.005784358561839579,0.0003951228872034561,0.9999749216832448
1741341956.295564,2,0.016057872108670927,-3.2081476910209674e-05,0.0015189384647245434,0.0036944698413058797,0.004362579949567916,0.00029320766471770945,0.999983616274807
1741341956.3124716,2,0.015844526810535723,9.957791190034626e-05,0.004176069298928067,0.0154963018312321,0.010408720313518041,-0.00011327422017907881,0.9998257399866946
1741341956.3290908,2,0.01556236788380071,0.00013413718084038227,0.004185873719086847,-0.0661350592600609,-0.09278352720603841,-0.0008055317292223263,0.9934871524758173
1741341956.3454142,2,0.015385044852546765,4.435260813091479e-05,0.0030517628190210515,0.0111400577858755,0.015351051648153308,-0.00038522331211448765,0.9998200317701297
1741341956.3623548,2,0.015199906403776197,7.696069755065742e-05,0.0030917903481635788,-0.06019240673914193,-0.08269368735849396,5.5519270990603257e-05,0.9947555605070102
1741341956.3788645,2,0.015538576206335,-5.5937987274419325e-05,0.0009626084279271371,0.0003952239912448117,0.004107053978671407,0.0005093802845617105,0.9999913581813288
1741341956.3956141,2,0.015878255155300353,-8.151463370896836e-05,0.0004233215826836581,-0.004024501534625792,0.005743496814951074,0.00030548684519681314,0.9999753608512172
1741341956.4126408,2,0.01604234579811989,-3.139302834536641e-05,0.0014928385407890858,0.0028581941392484232,0.004277263629128331,0.0003715421112748664,0.999986698760823
1741341956.4290917,2,0.01587300489560473,8.711685801592321e-05,0.003888973562780021,0.01435926017276063,0.009812721207132008,-9.013339954591957e-05,0.9998487455739355
1741341956.4456694,2,0.015639183473782334,8.56720391068614e-05,0.0038987550499062027,0.01409854441021113,0.016478587290607742,-0.00040845225369906,0.9997647325111921
1741341956.4625883,2,0.015409079839710058,4.303969672863379e-05,0.0030588574099375656,0.011081944566133062,0.01618080630029606,-0.0003670356749771917,0.9998076001396062
1741341956.4794042,2,0.015232017379991608,5.300165030501425e-05,0.003190584583458042,0.01020167613203768,0.004528036717194069,0.0005379244923790692,0.9999375647133302
1741341956.495769,2,0.015529797555857195,-7.189240744811303e-05,0.0007442172286312983,0.0005559481070304776,0.0022347955473041277,0.0005401168214074535,0.9999972024382784
1741341956.5128703,2,0.015830370149469884,-8.625577083862495e-05,0.00041898852715944426,-0.003681105985176544,0.0008864175298258351,0.0006324280319033137,0.9999926318515918
1741341956.5292175,2,0.016052483955898915,-5.2033064075440105e-05,0.0010854785806500308,0.0005221349884518016,0.002782699606674432,0.0004610916116167539,0.9999958856677754
1741341956.5459752,2,0.015853238639760858,0.00010573748231514176,0.00364081277534608,-0.06442988693145463,-0.08629199902441155,-0.0005997053035543492,0.9941841483990377
1741341956.5626237,2,0.0156686288554471,8.822081787523292e-05,0.003915099686542024,0.014271577654813721,0.01803163390207836,-0.000567082312487125,0.9997353953260406
1741341956.580058,2,0.015455741829430212,3.691559124907076e-05,0.002873935507262273,0.010571984604016066,0.016366608247620405,-0.00039937573911012753,0.9998100858538187
1741341956.5975487,2,0.015228138806856544,5.8525418563519246e-05,0.0032967231611064516,0.010331484085716264,0.0048662858519452805,0.0004725124340587221,0.9999346760816896
1741341956.6129055,2,0.015413358440620289,-1.1402064731350715e-05,0.0014888514318858038,-0.052340070585523826,-0.08332218394638405,0.0007547386645476999,0.99514690425236
1741341956.6295106,2,0.015822751472566343,-0.00010380884889150306,0.0001096275996082396,-0.0043876490820775335,0.0004711789450499371,0.000616096718517864,0.9999900734261155
1741341956.6461318,2,0.016027988693943538,-5.747486354645826e-05,0.0010483978447742145,0.0006393369563281849,0.003135939777198986,0.0005090655093010489,0.999994748977352
1741341956.6631708,2,0.01585972470949354,9.989528596160068e-05,0.003532799319078437,-0.06404707910386626,-0.08525741889872845,-0.0005850702915830655,0.9942981453637253
1741341956.6795661,2,0.015734051682749398,6.21793926260844e-05,0.003380678472494539,0.012453645643661238,0.016077211608741045,-0.0003522584458773617,0.9997931315482503
1741341956.6961741,2,0.015470869936703727,4.423336132630108e-05,0.0030378395118980934,0.01110565803835488,0.017636307450911257,-0.0004791666468835254,0.9997826740939035
1741341956.7130513,2,0.015248087498645367,5.036573255474323e-05,0.0032038760617932632,0.011673229878290923,0.004810631662853036,0.0004296926871829065,0.9999202012617845
1741341956.7295547,2,0.015396732861869235,-1.3529263836575673e-05,0.001868228445293424,0.005411669856679777,0.0012443216255896535,0.000760171136661953,0.9999842936931046
1741341956.7463498,2,0.015760550456553522,-7.755458812675605e-05,0.0002398598300897013,-0.047141713615617635,-0.08293225468606173,0.0009402578672957535,0.9954391070704487
1741341956.762801,2,0.01599976114104019,-5.132734529608719e-05,0.0011278465960319836,0.0011371746839052507,0.0038445768165369224,0.00048584946962567494,0.9999918449733142
1741341956.779512,2,0.015863195298113007,9.703443423930389e-05,0.0035483270506538205,-0.06426656003211231,-0.08503981541152682,-0.0005764593284370702,0.9943026233250394
1741341956.796435,2,0.015776054608194662,4.603522093741158e-05,0.0031347951696190993,0.011475537874879255,0.015669099515473954,-0.0003271481646881475,0.9998113243632194
1741341956.8128934,2,0.015448976820903779,7.432083434235765e-05,0.0030373849067606967,-0.06223302416124477,-0.09460895534178995,-0.0004885441723357358,0.9935672889127706
1741341956.8295271,2,0.015227273111315963,7.740490673038115e-05,0.003754484750028677,0.013542021754731338,0.006588220192021525,0.00046872327068113613,0.9998864882075321
1741341956.846244,2,0.015322650406544633,3.301773808631612e-05,0.0023303866552419243,-0.05666235262475025,-0.08054294150240483,0.00033892353972347585,0.995139235232941
1741341956.8627903,2,0.0157684393744482,-9.091479394107176e-05,0.0002168467257962625,-0.004296362678569071,0.004772444692404575,0.00038620289784073886,0.9999793077292719
1741341956.8794706,2,0.015993027588730783,-6.254875584317608e-05,0.0007980211197732132,-0.001213102652285253,0.00731670310284833,0.000342695729606124,0.999972438018817
1741341956.8969636,2,0.01586196921349264,9.512851250349064e-05,0.003524762245947758,-0.06405355318572117,-0.08492678194131285,-0.0005228874606233419,0.9943260585049958
1741341956.9130552,2,0.015819483423207426,3.121880354215547e-05,0.0028097356000356508,0.010401818102039067,0.013629591156631952,-0.00014676231605240881,0.9998529966379546
1741341956.929918,2,0.01546107320873598,7.984027731324327e-05,0.0037252257761455536,0.013751986698847508,0.0154365657811741,-0.0004118808864341529,0.9997861899690621
1741341956.946884,2,0.015251807527675812,7.040812319541232e-05,0.0036962210263450273,0.01353557717977111,0.007231745591751929,0.0001220930495376316,0.9998822306148829
1741341956.9628172,2,0.015347386615832351,1.1541790731188938e-05,0.002348579075000718,0.005684881863720739,0.0015104496327276642,0.0006106277208900633,0.9999825137440599
1741341956.9794736,2,0.015744678301079458,-9.283461217756051e-05,0.0002605425177914772,-0.0029040302766185186,0.003827215195716514,0.0004999572711741316,0.9999883344693203
1741341956.9964948,2,0.015977901424960455,-7.002629193741521e-05,0.0007269655175772201,-0.0018591816743648896,0.007414238764070528,0.0003137165363667691,0.9999707366163201
1741341957.0131147,2,0.015905360655142118,6.83141186362746e-05,0.0029794287811632848,-0.061629334943246857,-0.08671765289162295,-0.00027635882678967447,0.9943247947110743
1741341957.0294874,2,0.015848911191529994,2.7109721175274806e-05,0.0026967631697692135,0.00962233567247882,0.012527282848164333,-6.299451955914476e-05,0.9998752291522872
1741341957.0463564,2,0.015470780023099723,9.423094290678992e-05,0.004096317541633858,0.01558552346404559,0.013199597631219556,-0.00021591982531834065,0.9997913859697705
1741341957.0628724,2,0.015216506827863551,0.0001062744842814504,0.004373570330507483,0.01566402491982679,0.010360339241675568,4.4824087665237276e-05,0.999823634290023
1741341957.0798786,2,0.015315608695239253,2.8111811982660467e-05,0.0027206805283230165,0.0064945728150272155,0.002325126115494538,0.0005994384923069527,0.9999760272056483
1741341957.096311,2,0.015655340468975914,-5.155244987626116e-05,0.0007204317810209494,-0.04750913294439389,-0.0836136984465651,0.0010769965670062425,0.9953644919311485
1741341957.11283,2,0.01596179489204184,-7.560300061615458e-05,0.0006530033627814361,-0.0019521500691029592,0.007504386382601472,0.0002834736301140602,0.9999698960157898
1741341957.130143,2,0.015974649757801326,1.785276047119706e-05,0.002552264554614041,0.008825643872708159,0.006956478497272727,0.00013593055793467538,0.9999368464758325
1741341957.1466043,2,0.01586820093224958,2.648015027421806e-05,0.002693898108117192,0.009607634757156803,0.0121490291779836,-5.6953949543808655e-05,0.9998800384049344
1741341957.1632338,2,0.015520414306454563,8.076148269618521e-05,0.0037868262805390756,0.014466985907422196,0.012432836993138392,-0.00023916870684290555,0.9998180202823842
1741341957.180155,2,0.015259721645338835,9.019034873019151e-05,0.003992001063105396,0.014658670862976623,0.013398932061530375,-0.00013730332230043718,0.9998027671175647
1741341957.1966202,2,0.015339303590612783,9.72605919322196e-06,0.002428125504021889,0.008427055474327153,0.0006749659004796737,0.000649928497785332,0.9999640527289035
1741341957.2131577,2,0.01567217041970081,-7.342196811203437e-05,0.0006265972469470028,-0.001551427334842284,0.0033458091536422065,0.00045099158451419635,0.9999930975966398
1741341957.2296958,2,0.015946135469107406,-7.520088447912006e-05,0.0006887985490247034,-0.0008244650219747025,0.004742838351713167,0.00045542430676760633,0.9999883090969103
1741341957.246582,2,0.015979177509615708,1.1484815050625685e-05,0.002470363947884982,0.00809242429046847,0.005485026678286791,0.0002985376174729196,0.9999521678694099
1741341957.2633376,2,0.015880226593756132,2.707618738698425e-05,0.002741777834388547,0.010156296373778744,0.012201004672815229,-6.223151136987533e-05,0.999873982687909
1741341957.2797675,2,0.015572982975344964,6.12900914746871e-05,0.0034047640233827443,0.012638436109566548,0.011496067565190036,-0.00019820803407924673,0.999854024884041
1741341957.2968714,2,0.015242506741591763,0.00011805212937081353,0.0039041153889291655,-0.06489471052741462,-0.09076001129067054,-0.0006630991640737859,0.9937559344203077
1741341957.3133152,2,0.015276788341711346,5.2549260777639406e-05,0.0032020309144388404,0.010402758175201381,0.0026742647651523737,0.0007062407644376881,0.9999420643988814
1741341957.3299973,2,0.01559219548256485,-4.173431391430443e-05,0.0012697096067555635,0.002918234181004521,0.006106149371349092,0.00031460468590597504,0.9999770496731469
1741341957.346593,2,0.01590856138142961,-6.158782098194542e-05,0.000823605020165241,-0.0017828278122976077,0.005630394706774682,0.0003660412014013695,0.9999824929438897
1741341957.36356,2,0.015972638415426833,9.892631821397067e-06,0.0023890392759067605,0.00745818010041464,0.005326072224130027,0.00027188532159434217,0.999957966407901
1741341957.3799326,2,0.015882167582241855,2.8289253896480622e-05,0.002812188163911942,0.010664556733359493,0.011861461651881018,-9.533769675751318e-05,0.999872773840695
1741341957.3968103,2,0.015573136902856282,7.701035887455729e-05,0.003723529684804983,0.012932564797758428,0.012209658007821129,-0.00021806176596511677,0.99984180022049
1741341957.413257,2,0.015342670753939166,6.437690259237462e-05,0.0034894174311581034,0.012580340186839817,0.01520054564996695,-0.0002580401295740216,0.9998052869774285
1741341957.430043,2,0.015265436547806233,5.401558503505074e-05,0.0032577230268400086,0.009543655969947284,0.0033065754746138963,0.000586339484396885,0.999948819387956
1741341957.44718,2,0.015614097950027632,-7.38892155191195e-05,0.0006250066034388124,-0.0019311498576395326,0.0073913467329830024,0.00019336779949432652,0.9999708002049831
1741341957.4634805,2,0.01588454085357206,-6.309279228687505e-05,0.0008012275988337601,-0.002282444369655356,0.004896166369758652,0.0004066334560588549,0.9999853262182458
1741341957.4803886,2,0.01598482057655619,-1.1403759837756414e-05,0.0019504710179978075,0.006148879738773888,0.003379497166661064,0.00036263505557810824,0.9999753190817636
1741341957.4970658,2,0.015830423403002076,7.238735423649644e-05,0.003647798958996662,0.014022317141561312,0.010057895107855834,1.852772394346067e-05,0.9998510954260661
1741341957.5136232,2,0.01560073007244006,7.847010381607038e-05,0.0037718851808619,0.013730029264304722,0.01217838483021557,-0.00015291544524932682,0.9998315607422057
1741341957.530182,2,0.015389312069663097,4.388465874941469e-05,0.00308979648358466,0.010896322613463252,0.01433832479941515,-0.00023669640584068322,0.9998378001307319
1741341957.5470476,2,0.015266416100811048,5.011913867576673e-05,0.003176371922454177,0.010354419200988835,0.0028414718557512302,0.0007167549419521948,0.999942097475177
1741341957.563649,2,0.01557347025189334,-6.122731338804242e-05,0.0009168900691683567,-0.000733225568075513,0.007570800170483641,0.00019015450248295314,0.9999710541842249
1741341957.5802274,2,0.01579477576477822,-3.510597194794056e-05,0.0010922372944119824,-0.051425699962413314,-0.08252031707837802,0.0005388684126017314,0.9952615255667696
1741341957.5971227,2,0.01599565349114021,-3.102154446086193e-05,0.0015184879101731554,0.0034222807217990227,0.0027942336985844595,0.0005201670130711717,0.9999901047905312
1741341957.6135051,2,0.015864104610500238,5.983450538892282e-05,0.0033137680727311474,0.012911641851234114,0.008155446612029162,0.00015053722757439868,0.9998833709657377
1741341957.63026,2,0.015614613817014905,8.627463435748033e-05,0.003908069354068789,0.01421553709268403,0.01256494630706366,-0.00016702850867321008,0.9998199901637016
1741341957.6470442,2,0.015422593944042266,4.173334441641379e-05,0.0029350452585065793,0.010231059620257516,0.014002809959051113,-0.00020271168948903404,0.9998495915087771
1741341957.6636817,2,0.015278874638620694,4.838501343601142e-05,0.0031106833814787903,0.010795068993651572,0.0025465268601064205,0.0005099315559073068,0.9999383589282798
1741341957.6807303,2,0.01553385093460277,-4.668415038662429e-05,0.0012145711226697658,0.001328292880212771,0.00766472538127064,0.00031768112214967183,0.999969692891519
1741341957.6967578,2,0.01582320431218134,-7.455782966572373e-05,0.0006784751025483814,-0.0018245701766285913,-0.00025053977049027595,0.0005751825393460135,0.9999981386675378
1741341957.7137828,2,0.015998906556231773,-4.6055698606534017e-05,0.0012582253864718688,0.002235509984955339,0.0018468354431828095,0.000487548483448984,0.9999956769858703
1741341957.730446,2,0.015877931164926327,4.889774270777147e-05,0.0031904575577661326,0.011171886566720137,0.007968940489694591,0.00012936660777986542,0.9999058296671206
1741341957.7469327,2,0.015597480241011,0.00010961272167186903,0.004399148766055433,0.016216707709155224,0.013772013366451676,-0.0002575751041584066,0.9997736162221804
1741341957.76372,2,0.015467709285876357,2.5432282191057004e-05,0.002660800849796664,0.009290273450687826,0.013691675657913896,-0.00020146996973900775,0.9998630847504778
1741341957.7802925,2,0.015253404214578648,6.658332030170925e-05,0.003559129975747134,0.012986034809708656,0.0038666317186240363,0.000634413535013243,0.9999080005573213
1741341957.797096,2,0.015530772207626265,-5.005600221627146e-05,0.0010777013466435486,0.0016073439665903987,0.007342116097494801,0.0003012867324141465,0.9999717091012569
1741341957.8136606,2,0.015785016791334372,-6.03755435436464e-05,0.0008701949041168803,-0.0008516871293787618,0.0006448895244419223,0.0005379164954734631,0.9999992846959336
1741341957.8307736,2,0.01597532424722431,-3.800670471851826e-05,0.0014099965964168993,0.0026174543250983948,0.002331769129669452,0.0005351779237958318,0.9999937126653206
1741341957.8472753,2,0.015884867087425075,4.545935037475842e-05,0.0031172937098243405,0.011607071617054605,0.006821589779326874,0.00025940113637125,0.9999093331459656
1741341957.864769,2,0.015640063992702704,8.926341050921614e-05,0.003946905505157571,0.014558588927372058,0.014604600068186788,-0.0003753724322918004,0.9997872834962591
1741341957.8802986,2,0.01548959763752174,2.869095439100319e-05,0.00273810080933655,0.009554104869790497,0.014137728456645649,-0.00033046605055533717,0.9998543566472132
1741341957.8973105,2,0.015260864540632177,6.602278927580965e-05,0.0036448825188097537,0.014243305659262274,0.005296995209247026,0.00037047077826063294,0.9998844597437508
1741341957.9138267,2,0.015504452698929515,-4.10361648290949e-05,0.001303657391850157,0.0026032699530911707,0.006993957762326387,0.00024058471694747127,0.9999721244411587
1741341957.930588,2,0.01576021581950406,-5.92345227623949e-05,0.0009340006247707003,-0.0016297542472184618,0.0013120034333860217,0.0005259042903773115,0.9999976729836734
1741341957.9473202,2,0.01593660160891918,-2.215734768998612e-05,0.0017175254331046252,0.004471054226875699,0.00583894612115838,0.0003831602583898078,0.999972884417628
1741341957.9637046,2,0.015912575424818925,3.362996849960137e-05,0.0028561031381949724,0.010622345167391536,0.006187334444070744,0.00017297130728566407,0.9999244235223725
1741341957.9806178,2,0.01565841762154026,9.4078763842394e-05,0.004006483505923308,0.01484411157771842,0.014600278959391047,-0.0003194937908592954,0.9997831675565927
1741341957.9973488,2,0.015474628328080864,5.457120165695136e-05,0.003294730977013159,0.012925049208002802,0.016046481070869284,-0.00021693008172614272,0.9997876807050348
1741341958.0137963,2,0.015196451771046294,0.00012168995180661449,0.004712414719942671,0.01759704479843993,0.00800612829138179,0.00017831465326860715,0.9998130895962645
1741341958.0307581,2,0.01548572532455429,-3.565989982772554e-05,0.0014624434686681005,0.002996283462648707,0.007428408946001779,0.00027399655484563237,0.9999678824601469
1741341958.0471394,2,0.015749474898117975,-6.794872782056728e-05,0.0008215555287146903,-0.0005629170641775193,0.0006437770428503543,0.0005821124882380164,0.9999994649101313
1741341958.0643325,2,0.015964063439180935,-5.767090033641684e-05,0.0010307575245228273,0.0011732717224894836,0.00639199141469416,0.00034594190795134887,0.9999788228774728
1741341958.080502,2,0.01591704616375502,3.1053150397325604e-05,0.002808080293921732,0.010158702823257443,0.005828016079241493,0.00025783803578739207,0.9999313818983161
1741341958.0973368,2,0.015725294724143916,6.936004541630182e-05,0.0035361635712862927,0.013171175523331158,0.015557224223171507,-0.00031524744389681763,0.9997921751688461
1741341958.1142194,2,0.015447461713786189,7.814746191499834e-05,0.003765895602254296,0.01459074791554883,0.014718712733743294,-0.0003647235327806059,0.9997851451924414
1741341958.1309538,2,0.015280166098350005,7.138239377001323e-05,0.0036034281878513674,0.013264459730789147,0.010325887976166213,-9.745149172052966e-06,0.9998587050431607
1741341958.1474164,2,0.015447061768409723,-1.6609079336527985e-05,0.0018379374622835795,0.004671822360303692,0.007158378216732805,0.00029001097565324135,0.9999634231264531
1741341958.1642137,2,0.01570068998970501,-4.5172710863623005e-05,0.0008720024137198101,-0.05013634916562787,-0.08262062362484017,0.0009003130834190967,0.9953187270822029
1741341958.1814322,2,0.015935885470086775,-4.8727776574559354e-05,0.001158643806117978,0.0014134196058384755,0.007936065439270019,0.00030684428857536436,0.9999674629491421
1741341958.1976428,2,0.015934189102305592,1.939519467658535e-05,0.0025912227409533367,0.009853065880746274,0.004545203767119691,0.00030914844441573563,0.9999410795855446
1741341958.2139513,2,0.01577969766564074,4.1004613876413436e-05,0.003005671902851406,0.011390563167667869,0.013888699091897862,-0.0002534525578831307,0.9998386344156036
1741341958.230669,2,0.015432915432582125,0.0001107865428740661,0.004357113252812249,0.01662347146914957,0.013386756075537925,-0.0003273369921432383,0.9997721479460118
1741341958.2477317,2,0.015283032196392703,7.92829797301041e-05,0.0037662980347368037,0.01415860352417597,0.01190255660882942,-6.663603783382124e-05,0.9998289146909372
1741341958.2644098,2,0.015354245747388877,4.631702302134601e-05,0.003129133596403238,0.011452411772688425,0.0061859800657045536,0.0002924889571434696,0.9999152415907187
1741341958.2808793,2,0.01572728993576179,-7.657210093904004e-05,0.0005994554308771669,-0.0009330527716959998,0.003329274721237559,0.0005616113265552465,0.9999938649487173
1741341958.2978582,2,0.015946241673106903,-6.665809735274298e-05,0.000775396670376957,-0.0003362126283482643,0.007137864420003402,0.00040096214849544894,0.9999743882129911
1741341958.3142376,2,0.015955493609109854,-3.00595320511414e-08,0.0022375543140874103,0.008738861748971065,0.0038185420412156423,0.00036043360334319686,0.9999544595228472
1741341958.3314877,2,0.0157993215930581,3.6121708742487355e-05,0.002895427664994644,0.010436190606128335,0.013066925673892756,-0.0001545577918308725,0.9998601489663214
1741341958.3475661,2,0.015469674692170228,9.618715044683688e-05,0.004151422819133182,0.01625075293189648,0.012284093084748862,-0.00023883788303023014,0.999792456984297
1741341958.364177,2,0.015264549239565066,9.994201902226704e-05,0.00362087939548936,-0.06408204896419258,-0.08925909383717553,-0.000661423742630064,0.9939445999081385
1741341958.3810413,2,0.01532581343329276,5.6338895589341445e-05,0.003361577189305944,0.012242270771158165,0.006102936788721261,0.00031500444296734956,0.9999063864888149
1741341958.3977046,2,0.015682574571369283,-6.090445689355672e-05,0.0008744663047210875,0.00015122839764108694,0.003278061603313277,0.0007195321298387305,0.9999943568418828
1741341958.4147565,2,0.015912758828132617,-5.1655009679373106e-05,0.0010524918777905293,0.00037901002971624524,0.005024686959178816,0.0004593229726659587,0.9999871988654487
1741341958.4312396,2,0.0159585700990538,-6.642420598135735e-06,0.0020227013672095206,0.00594005205662918,0.003421009462166968,0.00043327248959696687,0.9999764120971925
1741341958.4476311,2,0.015827281537138114,2.4106357988710157e-05,0.002643897797674632,0.009321212211242987,0.012015604689259609,-5.1056079585797256e-05,0.9998843621340125
1741341958.464382,2,0.015507413642601102,8.660035951100996e-05,0.003933052512908259,0.014739876059239286,0.011637863163815177,-0.00019948911705380582,0.9998236126431654
1741341958.481017,2,0.015289734047652336,9.761952930374047e-05,0.003538899550219893,-0.06403373573754738,-0.09189128016236463,-0.0005847491370784049,0.9937078702446018
1741341958.497858,2,0.015334179616537404,3.8273577012508206e-05,0.0029559996660914714,0.010131368010463567,0.002780782846797591,0.0004999583162410889,0.9999446848054534
1741341958.5146868,2,0.015680604819850293,-7.534030332233186e-05,0.0006088569207060549,-0.0030225273086870504,0.003015170667364493,0.00046462264114176916,0.9999907785576407
1741341958.531234,2,0.015908501495846876,-6.494374691733727e-05,0.0007856810044493936,-0.0018269932115590256,0.0036434197199026147,0.000455107563539393,0.9999915901974652
1741341958.5477593,2,0.01594884416119528,-7.448311326490345e-06,0.00199420218541123,0.005851429885411794,0.002831414844352171,0.00047263449611543746,0.9999787600118856
1741341958.564653,2,0.01583900922703979,2.4060401933446138e-05,0.0026167435005119677,0.009328298197335192,0.01114893642761347,2.3789330916817042e-05,0.9998943361692486
1741341958.581658,2,0.015549297895130649,7.567084839594718e-05,0.0036337585293841853,0.0131491911204668,0.010670108103477958,-0.00010962943554006313,0.9998566074929566
1741341958.5985126,2,0.01532907312648377,8.151856757307087e-05,0.00322410982349783,-0.062440023113469786,-0.09100298753155062,-0.0004298139997458999,0.9938910981761772
1741341958.6149573,2,0.015270713586845576,8.417131730773967e-05,0.003862287622611802,0.014407980650283734,0.004475363820683468,0.0003628676822462135,0.999886118285127
1741341958.631295,2,0.015635975786666576,-5.759079441079558e-05,0.0009621815386523529,0.00022153780921688857,0.003241107989862877,0.00047881846993487763,0.9999946084219005
1741341958.6483576,2,0.015880674286360873,-6.646964418487942e-05,0.0008213825165301513,-0.001815234931654888,0.003685950582814136,0.00045918943241183814,0.9999914538812366
1741341958.6649384,2,0.015940281980113442,-7.984922192228522e-06,0.001976062650344709,0.005805880278158662,0.003109938784949755,0.0004932613848206512,0.9999781881261989
1741341958.6814234,2,0.015851623564035067,2.1811836734842592e-05,0.002591210006203933,0.008761403198092078,0.010379620359083389,9.314472269959718e-05,0.9999077420538669
1741341958.6983538,2,0.015563432818907411,7.977921689015504e-05,0.0037447548515658646,0.013307871178925517,0.010697784964150126,-8.204321275444629e-05,0.9998542149885937
1741341958.715036,2,0.01540253625539584,4.7884357781953875e-05,0.0030187227407832726,0.010418003446604077,0.01326007720287743,-0.00017706182931272036,0.9998577919913756
1741341958.7315195,2,0.015241681115656835,0.00010707364597520392,0.004252791882262135,0.014910054390864588,0.006122044813809229,0.00029326728922990174,0.9998700539768436
1741341958.7480927,2,0.0155976464065343,-4.272830054902512e-05,0.001224406832612805,0.002566112267232034,0.004467395181027789,0.0004062557269406401,0.9999866461130433
1741341958.7651207,2,0.015813187361506394,-3.212218964632511e-05,0.0013615056289357998,0.0004088650911998469,0.004996050708988799,0.0003062289726016631,0.9999873891857171
1741341958.781667,2,0.015961861710214586,-2.308901250969566e-05,0.0016078878993297943,0.002938787760590504,0.002088114584823659,0.0004861697036905967,0.9999933834496096
1741341958.7979772,2,0.015881857021168875,5.661586916338608e-06,0.002296131896870256,0.00734352304152709,0.009178634582177525,0.0001330536136489149,0.9999309014293344
1741341958.8147962,2,0.015596876622888415,7.252955892696147e-05,0.0036215664434375416,0.01301232259707288,0.010144700633066382,-1.50697879223568e-05,0.9998638728760014
1741341958.83169,2,0.015445633037923583,2.885671991389055e-05,0.002714883494933787,0.009150285463637896,0.011962391384539632,-7.501728400518636e-05,0.999886577488019
1741341958.8479362,2,0.01531921462275444,4.487787443351684e-05,0.0030889320299611147,0.010454534190649971,0.007097839309821219,0.00019203413349871292,0.9999201400686357
1741341958.8653324,2,0.015608036083969807,-6.176004444197257e-05,0.0008255264496236206,-0.00035061480776196746,0.0068177043296550515,0.00033694810542155674,0.9999766409486295
1741341958.8818536,2,0.015817786782611042,-5.2789747694058826e-05,0.0009431234755347149,-0.001422976779533715,-0.0005224608351391546,0.0005804942128494213,0.999998682598247
1741341958.898157,2,0.015921452882478072,-7.939852274387538e-06,0.001998812877241054,0.005680915923906917,0.004917596218281264,0.0004617952899935481,0.9999716651919741
1741341958.914778,2,0.01588856900815651,9.887222532137013e-06,0.002308158181570561,0.007907768202085549,0.008809255334369801,0.0001752156494571487,0.9999299143049937
1741341958.9316819,2,0.015596626307273341,9.523651053685531e-05,0.00398472340547321,0.014432267074151149,0.011176156874962711,-0.00010203744732101743,0.9998333825057882
1741341958.94881,2,0.015468972352950914,2.6258219761470142e-05,0.002668559652885744,0.00916151283719384,0.012382401397108025,-6.700036658610658e-05,0.9998813621270904
1741341958.9651256,2,0.015323610832136625,4.704219533146523e-05,0.0031015207040555617,0.010559830084854265,0.007549156040791245,0.00012835032355152702,0.999915738328908
1741341958.9813974,2,0.015578841247988834,-5.0491803227054844e-05,0.0010549915019914206,0.0011241753460464344,0.00672452766568284,0.00035696560107653007,0.999976694494939
1741341958.9982777,2,0.015780289097404435,-4.65054287301866e-05,0.0011474437930469245,0.00020700756367036352,0.0003108693792521903,0.0005371609085908042,0.999999785983105
1741341959.0150208,2,0.01589686226672792,5.193557670120819e-07,0.002101177849217694,0.0062577754181568105,0.006287409733004935,0.00033246459979125,0.9999605983202314
1741341959.031564,2,0.015897646076205793,9.630840267626455e-06,0.002283858381129723,0.008100506343364702,0.007962528079628588,0.00020171156223873954,0.9999354675457851
1741341959.0480583,2,0.015606972840208446,0.00010050828532725615,0.004115886866035436,0.015073672561221704,0.012041122237386277,-0.0002048820689767549,0.9998138595729302
1741341959.0655398,2,0.015491316665292585,2.81294594878381e-05,0.002650108954954864,0.009872063575337212,0.012571250873026466,-0.00013485057291869772,0.999872235751936
1741341959.0815966,2,0.015312929806601297,6.147118443693154e-05,0.003381473215210984,0.011728917106099213,0.009458920326873226,3.3620330410171784e-05,0.9998864736556052
1741341959.0982482,2,0.015572093473766481,-5.397013430763185e-05,0.001026253157632656,0.0001090539878997852,0.006990738180694601,0.00017588025258672246,0.9999755430774562
1741341959.1150131,2,0.015755711892154103,-4.607680035809133e-05,0.0012235833000529817,0.0017519823220391504,0.0011002602254913008,0.0005927977593480824,0.9999976842854168
1741341959.1316037,2,0.01595351215258756,-4.585413110746525e-05,0.0011605979243349434,0.0018364447948176984,0.006760855437068251,0.00034525654551449783,0.9999753992484977
1741341959.1486728,2,0.015907948759002675,1.479021952765327e-06,0.0021973118116814334,0.00771702871729603,0.007527983434436453,0.00022929716674419467,0.9999418604878968
1741341959.1648734,2,0.01562053331510968,9.415246086042066e-05,0.004011584068443688,0.015136561764863016,0.014678449772337662,-0.00030619059779935333,0.9997776422072746
1741341959.18211,2,0.015486536420851705,4.684679759342612e-05,0.0029954594413974752,0.011046333486877578,0.01385264262673386,-0.0002622898840962307,0.9998429946810496
1741341959.1985059,2,0.01526382632474488,0.00010294891829467787,0.003561457911658869,-0.06328855460149588,-0.08810323236929615,-0.00045645433300303554,0.9940986726437055
1741341959.215441,2,0.015543880875203935,-4.32341370291229e-05,0.0012127284831858188,0.002031230683218522,0.006867726139903788,0.0003057946401523151,0.9999743071345468
1741341959.2323716,2,0.015743524607715075,-4.5146986786059845e-05,0.0011290446634433962,0.0002949817774235001,0.0008051861181445732,0.0005795623890009502,0.9999994643841082
1741341959.24852,2,0.015922194713562075,-3.5542693475466626e-05,0.001363278264971224,0.0022501597715124935,0.007915239051216732,0.00030355786225465616,0.999966096237462
1741341959.2651987,2,0.015912305565113395,-1.921804063975982e-06,0.0020857004715494763,0.0073279675885778595,0.006875515166629441,0.00027872491819951246,0.9999494739708773
1741341959.2820692,2,0.015624292635834282,9.969461413442463e-05,0.004144593479997307,0.01543985174223336,0.014582068730746264,-0.00037784031093894587,0.9997743902933346
1741341959.2987766,2,0.015482306894524853,6.068386081788262e-05,0.0033528803891168008,0.013330032736872988,0.015353781704321463,-0.0003336335362331923,0.9997932087703304
1741341959.3156104,2,0.01526237960465104,0.00010590261140504976,0.0036583324557509776,-0.06405588570863334,-0.08868268164312149,-0.0005415263429829336,0.9939979538368714
1741341959.3323896,2,0.015525977441674969,-3.801215286661637e-05,0.0013256588079272717,0.0033580008939518282,0.007099463404832354,0.00030706415652992906,0.9999691131034816
1741341959.3486125,2,0.01574014403764657,-5.5787008619502776e-05,0.0009103598652406322,-0.0007371436862917548,0.00011355724079878388,0.0005676048509022993,0.9999995607742395
1741341959.3652015,2,0.015911044893518092,-3.847882214518766e-05,0.0012994845847078607,0.001915210308055486,0.007304286904422526,0.00031864306908043264,0.9999714385065647
1741341959.382219,2,0.01591017323997301,-1.021255957571533e-06,0.002083779616864172,0.0069091228326073435,0.0066979035916312065,0.000279605901976139,0.999953660891194
1741341959.3986366,2,0.0156324586718357,0.00010629180245570825,0.004219303779928413,0.015650881303959554,0.014516898517432547,-0.0003251849000650874,0.9997720759386234
1741341959.416059,2,0.015403522227734183,0.0001205193235581986,0.004600362858774304,0.01682926414016634,0.01289640114014313,-0.00025444806509017424,0.999775171707277
1741341959.432066,2,0.015296276154335202,9.054195481843033e-05,0.0034163018118895396,-0.06353882995756657,-0.0901767509102639,-0.0005455384594657978,0.9938967114698997
1741341959.4488156,2,0.015489635180092507,-2.0503098443029312e-05,0.0016843195478556782,0.004340160479407858,0.008529656546018683,0.00017205025086380364,0.999954188133102
1741341959.4654915,2,0.01574290210657614,-6.674046289578906e-05,0.000747537346836945,-0.00094062457113571,0.003458216276968204,0.0004006009597021933,0.9999934977210947
1741341959.4825215,2,0.015828511276177813,1.1671657905059693e-05,0.002331386356044307,0.0076142207493883375,0.0063346423775471295,0.0003383024963397464,0.9999508895439562
1741341959.4988158,2,0.015927070198501564,-9.215276261858908e-06,0.00185493904033277,0.005491635915269654,0.007027275081855037,0.00023554698587024598,0.999960201136783
1741341959.5156672,2,0.015647253091715378,0.00010191323909343448,0.00412407000061351,0.015207114359475736,0.014002413523091718,-0.00029771942499921816,0.9997862708856978
1741341959.5326717,2,0.015430170358574693,0.00011192202721804943,0.0044185377269351685,0.017136483259265377,0.012429820574759817,-0.00024611237109011934,0.999775864847059
1741341959.548802,2,0.015341691308672925,7.315679466070826e-05,0.0030137074812612305,-0.06141333908467754,-0.08971933359766503,-0.00031855940213457433,0.9940717989567799
1741341959.5658321,2,0.015469998854602277,-1.1784813855265503e-05,0.0018549185453372971,0.004839164158741016,0.008367788965223067,0.00014295328243770078,0.9999532699893717
1741341959.5827637,2,0.015707364568943928,-6.165415736991838e-05,0.0008810344937721056,-0.00019375375486787105,0.002608793869269462,0.0005474069765112012,0.9999964284934383
1741341959.599237,2,0.015867472876979222,-2.600489295608151e-05,0.001549798861225654,0.0019109860116042594,0.004757521617190659,0.000468304470920978,0.9999867473179072
1741341959.6157067,2,0.015928415445402293,-1.658883324165666e-05,0.0017827961632733162,0.0048003245597981106,0.006923293428671096,0.0003045147988021905,0.9999644654501271
1741341959.6320949,2,0.0156197775753727,0.00013361960671305005,0.004161086062792144,-0.06608786348873642,-0.0936579053077711,-0.000753958004075596,0.9934082859631195
1741341959.649491,2,0.015460677773208864,0.00010965635542038466,0.004251822870143366,0.0154086696413126,0.012320318265713991,-0.0002829461419625762,0.999805332351852
1741341959.6655276,2,0.015364712178436726,6.887628060711542e-05,0.0028657994365822643,-0.0607327425528058,-0.08918139423005778,-0.00027591967493538174,0.9941620274248714
1741341959.6824684,2,0.015450217082578436,-3.027780661119973e-06,0.0020776701014954594,0.0062169918867690304,0.009240414645004026,6.11873084190543e-05,0.9999379780792315
1741341959.6990135,2,0.015702251439261298,-6.773855879510387e-05,0.0007272987791650097,-0.0014923426626177179,0.0021131318793552742,0.0005209906194136169,0.9999965180718442
1741341959.716522,2,0.015875009711134903,-4.2846777273532466e-05,0.0012218831526903716,0.0006413878633604812,0.0035660933709651703,0.0004984115977335216,0.9999933115704112
1741341959.7321844,2,0.015935606225006643,-2.6247299129086513e-05,0.0016291563408873104,0.004286363579395297,0.006178636231295926,0.00031109222127094206,0.9999716769805115
1741341959.7489874,2,0.015739139400832373,5.8777976153966595e-05,0.0033614333965492843,0.01239158901333381,0.01424311776963787,-0.0002365975952797266,0.999821747182718
1741341959.7659657,2,0.015512309795936553,8.924086152199942e-05,0.003871016588513728,0.014410587870596922,0.010442041885189254,-0.00011078152885096063,0.9998416306825519
1741341959.782511,2,0.015377288460500274,6.670911343724217e-05,0.0028442774629648592,-0.06099089301230643,-0.08884665930718018,-0.0002439769497834317,0.9941762029815254
1741341959.7991092,2,0.015442580756797927,1.9493408972060913e-06,0.0021078216866844135,0.006802157886406799,0.008897788719972686,0.00014435839673466105,0.9999372676146422
1741341959.8155582,2,0.015695547080736373,-6.990088627017782e-05,0.0006552865004949766,-0.0009540379976226594,0.0009630720483043643,0.0006139307023087457,0.9999988926957977
1741341959.8324351,2,0.015864282487733118,-4.471275103926449e-05,0.001133098911813701,-0.0001341013636185461,0.0025837601304181195,0.0005191628151286484,0.999996518329131
1741341959.8490002,2,0.01591690102988632,-1.4562023318750082e-05,0.0017919655628823672,0.004981621647009458,0.007363251629082035,0.00031755796487460924,0.9999604317812539
1741341959.8656714,2,0.01578810171366353,3.969168885190233e-05,0.002921638451826608,0.010380266490792248,0.012726502858641185,-0.0001227211218774936,0.9998651264706132
1741341959.8827035,2,0.015560707987968065,6.904788816585724e-05,0.0035296292175977517,0.012887677781449381,0.0088633344206782,-4.0864199079183274e-05,0.9998776662144554
1741341959.899361,2,0.015442837560064388,2.5691360465998544e-05,0.0026718210746171033,0.009106208754358941,0.011278563133440665,-4.1130015565433376e-05,0.9998949291220998
1741341959.9160504,2,0.01543538964259602,4.844736067650017e-06,0.002194989446836136,0.007043261622810275,0.00958463251877224,9.885858149272453e-05,0.999929256253748
1741341959.9325135,2,0.015667004377492466,-6.077759915613223e-05,0.000890967899511568,-0.00025025772761961776,0.0017611044171772638,0.000562280672994729,0.9999982598598591
1741341959.9491062,2,0.015841492640649404,-4.7231056261445436e-05,0.0011901107353853425,0.001234791975218702,0.002443729774400158,0.0004772043754352969,0.9999961378673179
1741341959.9660795,2,0.015915054931100014,-1.6522139718781157e-05,0.001718493781747507,0.004112560229527282,0.007323965547193961,0.00025971688232160315,0.9999646888386424
1741341959.9823737,2,0.01582014587863139,2.7788505490048283e-05,0.002606199070177453,0.0086485302324495,0.011177758418486736,-0.00010868466365604812,0.9999001194265357
1741341959.9997048,2,0.015565954906742783,7.592196685507572e-05,0.0037100468033868456,0.013449215546526174,0.00869780881921751,3.997344029411955e-05,0.9998717243352025
1741341960.015857,2,0.015465137714666722,2.2192893710984314e-05,0.002597055480621841,0.00927440469989502,0.010722417688516525,-2.4369058315211685e-05,0.9998995022413626
1741341960.0325541,2,0.015422907801998044,1.44774126130504e-05,0.0024000894114489238,0.007632599069094844,0.01013103011262802,6.832751743741235e-05,0.9999195472595073
1741341960.049332,2,0.015662223870549913,-6.817911019435687e-05,0.0007140860644931697,-0.0014027959994183147,0.00014138154328662692,0.0005234635129230764,0.9999988690796575
1741341960.0658023,2,0.015820025697756892,-5.725454668462678e-05,0.0010302257060022686,0.001266381944915695,-0.001801694984818301,0.0006688560978835249,0.9999973513982283
1741341960.0825038,2,0.015922097544404986,-2.6358306968253626e-05,0.0015752599488064972,0.003945620837224407,0.007267482323246733,0.0002729559754967587,0.999965770050118
1741341960.0996747,2,0.015822040190877892,3.17585214416026e-05,0.0026890905441559945,0.008885903441353007,0.010662446490796009,2.747215773379458e-05,0.9999036714604774
1741341960.1164885,2,0.015584497879299292,7.761634999372608e-05,0.0036466246441375647,0.01309138587489689,0.008413061172679344,1.9381249020088874e-05,0.9998789104896384
1741341960.1327593,2,0.015467551944425747,3.410578517792178e-05,0.0027673508777362847,0.009714357991622886,0.011214739453321163,2.3800765727277276e-05,0.9998899240923115
1741341960.1495762,2,0.015369321443462468,5.137391840266236e-05,0.0026310418937267434,-0.059521508096175325,-0.08795563433777924,-0.00013706030556983717,0.9943444964782923
1741341960.1660285,2,0.015617721890114322,-5.1716058514551797e-05,0.0010914026873604951,0.0015731808630340053,0.000934670354283369,0.0005952708553058364,0.9999981485712409
1741341960.1829295,2,0.01579003790748781,-4.4851603495459824e-05,0.0011495326875999945,-0.00012513015631230743,-0.00048002169996490626,0.000580649119121805,0.9999997083840635
1741341960.1996138,2,0.015916415583146517,-2.7953966236296182e-05,0.0015741096924514423,0.0038122065315733668,0.007688666970502148,0.00027009748189226135,0.9999631385850819
1741341960.2159014,2,0.0158427101968122,1.4960093247668409e-05,0.0024667179888411277,0.00855777903632364,0.010121368325246623,9.186587281495778e-05,0.9999121530823852
1741341960.233178,2,0.015604120744453161,7.224582132983155e-05,0.00358171503065262,0.013519518295662563,0.007996851473792305,0.00010544950476716051,0.9998766233250787
1741341960.2493985,2,0.01548506492637569,3.329171158205672e-05,0.0027451016131714284,0.010031693837076902,0.010844857087212917,-5.148297858767087e-05,0.9998908698168115
1741341960.2663348,2,0.015368212409537839,5.52349622422904e-05,0.0026784147155399364,-0.06023717544218853,-0.08812855769376554,-0.00015132095692662204,0.9942860841405413
1741341960.2834582,2,0.015599319109247141,-4.068230251396794e-05,0.0012308163015581795,0.00182979998029818,0.0016954361191332688,0.0005460114283737281,0.9999967395946439
1741341960.2995062,2,0.015758256353721335,-3.346352149161585e-05,0.001334370106672901,0.0009575043779537955,0.0006571495270157451,0.000560321372006491,0.9999991686895671
1741341960.3165996,2,0.01589252803393259,-2.1250557472428146e-05,0.0016628006713912077,0.0038197282760786735,0.007843409037029864,0.0002658776761305426,0.9999619092343649
1741341960.333143,2,0.015858979472929174,7.541700781784491e-06,0.0022701475556633987,0.007940982320943217,0.008678574325177019,0.00011207243392167128,0.9999308028994959
1741341960.3496935,2,0.015602504611444119,8.662300823015313e-05,0.00391266393587541,0.01476970058638882,0.009016034846542379,7.191605294272237e-05,0.9998502697345816
1741341960.3664162,2,0.015483932054806212,4.4136965823135355e-05,0.002978568454388171,0.011431717498420058,0.012323786520097739,-0.00013278855150281976,0.9998587012613552
1741341960.3830147,2,0.015335722979287918,7.244244915782558e-05,0.0030222962304179584,-0.06139632466318461,-0.08890781205981621,-0.0002848435833641811,0.9941457695613467
1741341960.3995254,2,0.015592037753343143,-5.29067576673303e-05,0.0010375846956096264,0.0005359506546316703,0.005873174934054629,0.00028039943014316644,0.9999825698227192
1741341960.4164345,2,0.01574263489883362,-3.719939825260613e-05,0.0013317728202952327,0.0012972409806758793,0.0009511191867125604,0.0005871564507421611,0.9999985338916417
1741341960.433189,2,0.01587390343318988,-1.604506483699134e-05,0.0017227692876212446,0.004348113039625338,0.00828378306660253,0.0002170237853477025,0.9999562119171902
1741341960.4496813,2,0.0158527770472544,1.1964232984358276e-05,0.002327085183322511,0.007310737101821927,0.009001231869318348,0.0001037537858939738,0.9999327578307527
1741341960.4667988,2,0.015568525635270966,0.00012174040426676992,0.004588560141439365,0.016786013934649634,0.011487222471376794,-4.5305496735823055e-05,0.9997931143008991
1741341960.4832714,2,0.015480225084846122,5.754389851138787e-05,0.0032340594110044276,0.012438455431438785,0.0137045608809794,-0.00021143599694117734,0.9998286978939737
1741341960.5001333,2,0.015352657592625182,6.571230944102876e-05,0.0028670174655053907,-0.06088318210786427,-0.08882731280761692,-0.0002233590845239322,0.9941845385774806
1741341960.516544,2,0.015571779948002523,-4.5197148993193625e-05,0.0011909331947423788,0.0014287331301392826,0.006355023392149321,0.0003188790141021187,0.9999787351316539
1741341960.5330625,2,0.015721166922631202,-3.719863523984903e-05,0.0014067106575864346,0.00260164321824203,0.0011753245904048925,0.0005246067165812924,0.9999957874173596
1741341960.5500488,2,0.01587360258059795,-2.482068473777521e-05,0.0015934483416316684,0.0037507631320087297,0.0075945327124943614,0.00023079311839852766,0.9999641001472718
1741341960.5663824,2,0.015859681074337422,7.596612354847276e-06,0.002264890268782221,0.007536545850369524,0.008464085368253785,0.00018298979221767492,0.9999357610618095
1741341960.58369,2,0.015608795475701839,9.513216357888909e-05,0.004014285533141271,0.014429322323986799,0.01276241858245444,-0.0001840683873640055,0.9998144235046948
1741341960.600025,2,0.015456204504865302,9.066832891293524e-05,0.003918312611387695,0.014941906328040292,0.012377680163353983,-0.0002706590190995477,0.9998117118801685
1741341960.6163938,2,0.015377476416918563,5.9719116436043155e-05,0.0027331580216647254,-0.06014729854844896,-0.08819170695860294,-0.0001901044247140368,0.9942859192211059
1741341960.633332,2,0.015546265260275896,-3.27756954010788e-05,0.0014042137431786832,0.002871138116290213,0.006863545868417638,0.0002946057363694279,0.9999722803715558
1741341960.65038,2,0.015723780150991074,-4.252180302465996e-05,0.001265126968293596,0.0023861585343132306,0.004306349820511613,0.0004751458262926131,0.9999877678427453
1741341960.6665783,2,0.015872905318924893,-3.328417739508647e-05,0.0014682849854758611,0.002238579704569155,0.007140892335685405,0.00027508597734754675,0.9999719599795094
1741341960.6834466,2,0.01587113087393535,3.904379684557173e-06,0.0021952009120886234,0.007261463786294881,0.008628189166781557,0.00019811847923863578,0.9999363910991793
1741341960.700203,2,0.01561638149807588,9.65865667561191e-05,0.004068449461203462,0.01507011459077527,0.012733809721152286,-0.0001729389648971873,0.9998053369673122
1741341960.7167861,2,0.015425573538695028,0.00011500013670521128,0.004357614016798216,0.01582370759568522,0.01140069829929699,-0.00017905769718243013,0.999809783056035
1741341960.7335434,2,0.015385628394363802,5.947336489747627e-05,0.002727475812516181,-0.060379077253230544,-0.0878323373441792,-0.00021833470613312475,0.9943036758841148
1741341960.749776,2,0.015527233909792196,-2.4196719309073503e-05,0.0015756047225756542,0.003874872221089346,0.007218931616393153,0.00031035288938503633,0.9999663874714351
1741341960.7668686,2,0.015727486389897016,-5.095999939301307e-05,0.000987432021120865,0.00010197239699860481,0.0025172886600869234,0.00045528595352939736,0.9999967227816962
1741341960.783729,2,0.015853990471408348,-2.152170908824179e-05,0.0016460375339176071,0.0027599762504560955,0.004086394156797683,0.0004851664376614624,0.9999877241883621
1741341960.8000953,2,0.015872036357060956,6.833014892073245e-07,0.0021793557101208094,0.007140563801939441,0.008588263794755671,0.00020686238971782018,0.9999376036941173
1741341960.81704,2,0.015624021379477592,0.00010212513892209461,0.004179362987194205,0.015203805054687073,0.013117741356724184,-0.00027556600426905585,0.999798326282323
1741341960.833256,2,0.015435005169256538,0.00011904025785187047,0.004474731025148054,0.016117763414037853,0.011662697069066445,-0.00021600786994137924,0.9998020566793231
1741341960.8502033,2,0.0154014998665776,5.3166405861483675e-05,0.002627099729467444,-0.05954110176403176,-0.08770755172421486,-6.521854026790895e-05,0.9943652439208701
1741341960.8668644,2,0.015519509066062438,-2.0854564025390196e-05,0.0016484161861392717,0.003981791018411623,0.007058495958420299,0.0003049313410271463,0.9999671144552545
1741341960.883416,2,0.015710435390156978,-5.00458777938912e-05,0.0010468231146395863,0.0002772995082087866,0.0023128949746718855,0.0004669529909636009,0.9999971777843791
1741341960.9003232,2,0.0158452954527859,-2.6143903773284953e-05,0.0015407231193226086,0.0016535183998158606,0.0029738103581549587,0.0004669976785835916,0.9999941021036192
1741341960.9170117,2,0.015864987813463037,9.414078612347882e-06,0.0022574087875257376,0.006540943581252171,0.00902047218101143,0.0001981259080534892,0.9999379020143316
1741341960.9338875,2,0.015637935643612377,0.00010345462801890227,0.004170672775294054,0.015176217075955404,0.013354710392035401,-0.00025052134130571716,0.999795614805679
1741341960.9506123,2,0.015445371572443495,0.00012003180647106167,0.004535720999314495,0.016366603176086576,0.011656088209877222,-0.0002577342500740295,0.9997980813550186
1741341960.9667938,2,0.015454435156576013,2.3643957905210167e-05,0.0025950715116937932,0.008238894423371302,0.009595259148569303,0.00011541211250169727,0.9999200159515743
1741341960.9835672,2,0.01550670871475774,-1.4028291233272648e-05,0.0018077881560371524,0.004518741834687356,0.007268057504154462,0.00028333098301506273,0.9999633373458758
1741341961.0012305,2,0.015672402044545605,-4.088375272349453e-05,0.0013195695867022615,0.002401053381537412,0.0017874016773964253,0.0006153487359154974,0.9999953307310169
1741341961.0172493,2,0.01582869090389233,-2.6944498974254986e-05,0.0015472814158761846,0.0015667189899600574,0.0034859915491515054,0.00047402873972693046,0.9999925842481432
1741341961.033652,2,0.015880714012772943,-1.4204074899465876e-06,0.00201727509773899,0.005041378105535221,0.008546614153158095,0.0001331896430029799,0.999950759864621
1741341961.0502625,2,0.015656931442394818,9.454664221194783e-05,0.004024407403115165,0.0146808226887312,0.01273800577391198,-0.00021152839168590991,0.9998110681072827
1741341961.0672584,2,0.015498735613758537,9.467594093940735e-05,0.003998350007976188,0.014213091795114393,0.010055373565631309,-0.00010331907337032997,0.9998484219166665
1741341961.0837095,2,0.01546147353732473,3.0474588659594607e-05,0.0026656650318120944,0.009314409820318463,0.009115716766053383,0.00011808508733411839,0.9999150621595079
1741341961.1001668,2,0.01548633832165294,-4.7726938015545795e-06,0.0020125694826623234,0.005530817435704958,0.008028553195535068,0.00019852448339709148,0.999952455359808
1741341961.1175358,2,0.015669657432705777,-4.90887257920866e-05,0.00115380728056064,0.0015190805867287284,0.0012520425283347758,0.0005760689999114598,0.9999978964618803
1741341961.1339033,2,0.015814253249223583,-3.4620948459104e-05,0.0013767411964293963,0.0014800207835316576,-0.0009747189112923277,0.0006285617325954716,0.9999982321842737
1741341961.1502912,2,0.01586749357552265,-1.7742556477618441e-06,0.0020966322564679586,0.006228140825256692,0.00839524498998957,0.0002287558850718512,0.9999453374030821
1741341961.1671436,2,0.0156206778464349,0.00012336797721145256,0.003996764039835042,-0.06532928032703109,-0.09045293265593206,-0.000643894092757685,0.9937554716862147
1741341961.1839223,2,0.01554405388304923,7.833102842810132e-05,0.0036383280869145274,0.01342685372775522,0.007980502723543854,3.325080707699773e-05,0.9998780075937449
1741341961.2005038,2,0.015475856537790884,2.9569978606968383e-05,0.002655318717022623,0.009314623113611632,0.009642368355262798,0.0001157443028464859,0.9999101205268447
1741341961.2171197,2,0.015476509088428538,-4.112977739310011e-07,0.0020747656797109244,0.006391014769775973,0.008486988935491265,0.00019815283876911655,0.9999435417484699
1741341961.2338445,2,0.01567323593189827,-5.639004837993488e-05,0.000922642014185045,0.0008824845904415076,8.053737585982383e-05,0.0006109305473980466,0.9999994207491048
1741341961.2503574,2,0.01580576387625309,-3.581303190817427e-05,0.0012932513889218071,0.0012172936910190145,-0.00187746397419488,0.0006697862454442676,0.9999972723520204
1741341961.2674744,2,0.015880242651553838,-1.3037314255251728e-05,0.001832894586007702,0.005447992746368767,0.008542184294380634,0.00011447782545812542,0.999948667361152
1741341961.2844398,2,0.015655500470566124,0.00011418259778390254,0.0037899395173198167,-0.06469372021388226,-0.09245593901821765,-0.0006017495863319862,0.9936127313005721
1741341961.3006265,2,0.015559739472360331,7.536892231455272e-05,0.0036481672335913207,0.012684913232634524,0.008329566467170726,3.4965530028621e-05,0.9998848484081361
1741341961.317172,2,0.015470649744041132,3.3353505290909765e-05,0.002789525957877449,0.010577235873514137,0.009812108213893432,0.00011227362419422365,0.9998959105868511
1741341961.3338141,2,0.015466879346420418,3.32785976675519e-06,0.0021493323245064576,0.007009902195407205,0.008780488810201369,0.0001423330364187031,0.9999368700216887
1741341961.351097,2,0.015645330340107382,-4.61637465822808e-05,0.0011275777170654555,0.001434940098218222,0.0012117179292509615,0.0005917884504193845,0.9999980612346229
1741341961.367262,2,0.015773334959595264,-2.908098886450001e-05,0.0014859840784112017,0.0020203048151405316,-0.000171326745977789,0.0006489839233752183,0.9999977339151661
1741341961.3839011,2,0.01585192985472241,1.356914825595938e-06,0.0020719657453394137,0.0061706405604822516,0.009026819347678112,0.00014074312505021143,0.999940208171924
1741341961.4010596,2,0.01570488442801405,8.535921632719575e-05,0.003230827022853378,-0.06216709147968628,-0.09071596714223434,-0.0003622425428405765,0.9939344720970017
1741341961.417226,2,0.015577490453621346,6.769887351575212e-05,0.003568859414305119,0.013011579368883721,0.007269504937906582,0.00015427986127704882,0.9998889084783417
1741341961.4340198,2,0.015484880108524354,3.285937362194681e-05,0.00277369782732487,0.010220816335078205,0.010208882612353249,-3.840575509635593e-05,0.9998956506327297
1741341961.4506433,2,0.015423955602688536,3.079261051458633e-05,0.002227925360571014,-0.057474421378866186,-0.08653994808310182,5.995532388137981e-05,0.9945891235471548
1741341961.4674802,2,0.015626083528107064,-4.75958661888449e-05,0.0012056542327267834,0.0011650561557996879,0.0009740419639666244,0.0005786888313159697,0.9999986795019495
1741341961.4840426,2,0.015762469487589033,-3.370317027581085e-05,0.0014210473825453122,0.001666661512063488,-0.0002304356931154763,0.0006116731693162966,0.9999983974960807
1741341961.5008433,2,0.01584926666305816,-2.701892809601579e-06,0.0020128351623203596,0.005389519619066894,0.009115886751965195,0.00012994545592919494,0.9999439168279286
1741341961.517391,2,0.015722349739998764,7.697557194292576e-05,0.0030694316751081166,-0.06189106465206639,-0.09015593328682511,-0.000335050884631526,0.99400266174207
1741341961.5342615,2,0.01559750263637681,7.06029183033807e-05,0.0035177643699136145,0.01281978390313766,0.006562234503622809,0.00018583367822444408,0.9998962724627191
1741341961.550824,2,0.015480431014235917,4.827344860426437e-05,0.0030436873954365717,0.011017884488640679,0.010986976865234246,5.172827582157744e-07,0.9998789389523565
1741341961.5672963,2,0.015415231612311925,3.935590686174124e-05,0.002376149926286504,-0.0588370369044382,-0.08663810735610536,-4.3549750977310807e-05,0.994500899720798
1741341961.5855722,2,0.015607901639966287,-4.106488101256392e-05,0.0013120915254575135,0.0028020979877478773,0.0013636225434172145,0.0005505885125671516,0.999994992803822
1741341961.6017756,2,0.015743563965028264,-3.089721770105538e-05,0.0014988717036840272,0.0015654859508523165,0.0007015580644380361,0.0005584431924953265,0.9999983726042861
1741341961.6185977,2,0.015846026577863593,-9.317993593783142e-06,0.0019733099305572397,0.005523492208383061,0.009113095405146387,0.00013633447711333823,0.9999432103569037
1741341961.634615,2,0.0157419085159603,6.335722170524522e-05,0.0028600472318896673,-0.06168172365299294,-0.08965794326589127,-0.0003246227685893401,0.9940607188681103
1741341961.651054,2,0.015603219098187055,7.660221792995145e-05,0.003616809489354704,0.012707710816398453,0.007391533999051305,0.0001570891455575071,0.9998919214764904
1741341961.6676354,2,0.015460358529190582,7.563241492458933e-05,0.0036250026347407014,0.014158982501315235,0.010344971542051861,-4.134832610923334e-06,0.9998462405596297
1741341961.6844165,2,0.015422605359978666,3.621974446409347e-05,0.002315961117721052,-0.05851992766135816,-0.08644003579762083,-2.9934043255346277e-05,0.9945368456632306
1741341961.7017024,2,0.015592627648649547,-3.0033992270008356e-05,0.0014510473977571935,0.0035300691753481933,0.0023032892015414416,0.0005402213468818476,0.9999909707749204
1741341961.7176092,2,0.015720341847298105,-2.0887696525717994e-05,0.0016250518240253078,0.0022588690603029746,0.001318038178583389,0.0005195374360099161,0.999996445177072
1741341961.7343252,2,0.015831869403550802,-9.929423789966504e-06,0.0019549704569068794,0.005314837490104212,0.007809088234030601,0.00024626838950469587,0.999955354001011
1741341961.750891,2,0.015752874779359768,5.92758467706662e-05,0.002799353407843781,-0.060829773537634024,-0.08920832524125628,-0.00021951172977060794,0.9941536929336484
1741341961.7677135,2,0.015607378376111744,8.385089527925801e-05,0.0038069794681280245,0.01369420841050965,0.007603727756974821,0.00016500190283018189,0.9998773048502398
1741341961.7842107,2,0.015470313143321037,7.826784203442292e-05,0.0036979706166143348,0.01423579553343821,0.01099346707225919,-0.00010203312437737226,0.9998382246126135
1741341961.8010433,2,0.01547545543174989,3.5663791479878803e-06,0.0021902795201851045,0.007166754563308675,0.008637237728150012,0.0001830048318160032,0.9999369991467904
1741341961.8182902,2,0.015596322020562688,-3.641412585469144e-05,0.001387418924217443,0.003260288060962561,0.0012599732223004703,0.0005541814197295329,0.9999937379164895
1741341961.8342586,2,0.015693945328705525,-1.3448399590703561e-05,0.0018034669560722124,0.003756730277684554,0.001993895351373292,0.0004673472048638619,0.9999908464308753
1741341961.8509552,2,0.015758791601941664,4.1793885333606934e-05,0.0029020389518702693,0.010075108973036918,0.005443026233276323,0.00031601160891874626,0.9999343807376905
1741341961.8678725,2,0.015764450502797858,5.5789624229877875e-05,0.0026969239548081413,-0.05999532334155815,-0.08908115996241558,-0.00013084618716259846,0.9942158171122444
1741341961.8843696,2,0.01560239899009065,9.612224439976253e-05,0.004105497551556235,0.015448430873199425,0.008368590144952058,0.00011964034624704782,0.9998456372704385
1741341961.9012554,2,0.01543543226619571,0.00010346614463002134,0.00420161437681556,0.015578036677445596,0.010830491364921055,-0.0001777859354942316,0.999819980607625
1741341961.9176958,2,0.015473862190305533,5.9751939289494265e-06,0.0022536650207249137,0.007543457715664952,0.008479187532012072,0.00015841011414822868,0.9999355851907284
1741341961.9347723,2,0.015538503557211834,-8.678228875167625e-06,0.0019885791152412092,0.005494908778805029,0.004798954719950903,0.0004563367403231851,0.9999732835270589
1741341961.951826,2,0.015690964984809964,-2.4304253887265544e-05,0.0016806657039449915,0.004400813108369531,0.0013707722628841358,0.0005435292014473428,0.9999892291436923
1741341961.9677517,2,0.015790582955710925,1.4492054813060953e-05,0.002322241547261805,0.006791220584993762,0.004934004180027996,0.0005009530875749555,0.999964641360744
1741341961.9846296,2,0.015759714519711313,6.167594047056015e-05,0.002731953499677285,-0.05956607978078627,-0.08915081487161683,-0.00014691398410070046,0.9942353809654719
1741341962.001868,2,0.015567082500808281,0.00012776606323626567,0.004691989324632477,0.017189706494302095,0.009470644999041945,3.1993422168342646e-05,0.9998073913761405
1741341962.018088,2,0.015433813256738795,0.00011173674244555884,0.004396448117086105,0.01638142186673125,0.011483620641554818,-0.000211891327259654,0.9997998452573648
1741341962.0343459,2,0.015469496347418633,1.642139722189671e-05,0.0024119465497379144,0.00819010174679828,0.008127970521182644,0.00017987611223139276,0.9999334107695212
1741341962.0516486,2,0.015553510435675384,-2.815792206037679e-05,0.0015377537197102595,0.0035077842159243026,0.005615088070324023,0.00032618344184043475,0.9999780296787621
1741341962.0680983,2,0.01571911434147297,-4.446168645985838e-05,0.001265967778375022,0.0026236781000588912,0.0031181326706832464,0.000555038309588934,0.9999915427114122
1741341962.0849512,2,0.015799826565693773,-2.3953899850495433e-06,0.0020331983887783203,0.005197897100696497,0.003586801101234176,0.000431011741820271,0.9999799652755396
1741341962.1012404,2,0.015759856720086566,5.704139785723175e-05,0.0026956917300346743,-0.059934079225801615,-0.08878019588112794,-8.431361469785587e-05,0.9942464361806274
1741341962.118817,2,0.015627034446774983,8.337136006691701e-05,0.0038337722688401884,0.014202765848126518,0.010775771296967355,3.7549686069273735e-05,0.9998410687630508
1741341962.1356878,2,0.01540781569534766,0.00015128816543981383,0.004419475253696326,-0.06741344771507578,-0.08794643783869353,-0.0008650947216164685,0.9938410852594968
1741341962.1515133,2,0.015485180938067,1.2942464976103599e-05,0.0023289308548991913,0.007901010075625423,0.008602937607993561,0.00018281545279409466,0.9999317627132404
1741341962.1683645,2,0.015550534768515678,-2.9147036453100193e-05,0.0014987104001744132,0.004135446156996788,0.005979825970766141,0.000348748361818932,0.999973508719617
1741341962.1845849,2,0.01569755314356169,-3.438669789532412e-05,0.0013714897659484577,0.002937820658161507,0.0029320071467392457,0.0004627105524827767,0.999991279183382
1741341962.201217,2,0.015782137665878673,-8.223770061231346e-06,0.0019534708647479717,0.005248535260371905,-0.0016007181389667156,0.0007128938503340855,0.9999846910635275
1741341962.218028,2,0.015809793653007356,1.79182453647606e-05,0.002521567136946701,0.008345346500032583,0.01116656158829944,-1.0990384182331272e-05,0.9999028267653315
1741341962.234764,2,0.01563340348365615,8.641187786742214e-05,0.0038705858126103967,0.014069352521343897,0.010749156575237642,-3.918561019799754e-06,0.9998432421820912
1741341962.2518022,2,0.015445768785361526,0.00013065099835201337,0.004043807271861777,-0.0660550710136678,-0.08713195062660241,-0.0007587445177383845,0.9940041122048436
1741341962.2681904,2,0.015492277543941876,9.687330446978419e-06,0.0023011490206525462,0.008479912182454063,0.008212900964075044,0.00016652529434586628,0.9999303033794198
1741341962.2849813,2,0.01554304581361885,-2.250522002245491e-05,0.0015611621247045362,0.003951928461163221,0.00638366016598281,0.0002923239015442471,0.9999717724471324
1741341962.301469,2,0.015695386406266193,-4.098957599198085e-05,0.001158337589018214,0.0023302367584438636,0.0016291691690602124,0.000494003631460975,0.9999958358737702
1741341962.3185098,2,0.015786442860087718,-2.045314888139519e-05,0.0016385185982638543,0.00330173361918135,-0.001962959692050967,0.0006926765378736764,0.9999923827427734
1741341962.3352065,2,0.01577094264057886,4.909706298413556e-05,0.0024820058445912236,-0.05940961222382122,-0.08762410725295403,-8.511541211610729e-05,0.994380463685256
1741341962.3515615,2,0.015648301325639526,8.400516428663027e-05,0.003806744848995049,0.014157908433730864,0.0108828986643865,-1.9352674880708034e-05,0.9998405451725374
1741341962.3682144,2,0.015479661197689754,0.00011265371825826904,0.0037269710115769294,-0.06512281197934364,-0.08648156715456794,-0.0006814614252730091,0.9941224741010128
1741341962.3850951,2,0.015490221450451569,1.586135723647566e-05,0.002432029103515347,0.008687030068536765,0.00845455027642162,0.00020172079755698485,0.9999265049977082
1741341962.4027088,2,0.015537013684863859,-2.5001245313519952e-05,0.0016303305821162707,0.004641550334607711,0.006666531191485816,0.00031187876984981657,0.9999669575060953
1741341962.4182584,2,0.015653616991422585,-3.081020381124775e-05,0.001535923940514838,0.004529054121479102,0.0022095080767286783,0.0005625452027707107,0.9999871445602281
1741341962.434867,2,0.0157657036296055,-1.3663306873450582e-05,0.0017088024663454771,0.0032868200250129407,-0.0008310373238943073,0.0006966037222784175,0.9999940104492344
1741341962.4517694,2,0.01581334524926281,1.712097947219246e-05,0.0023974282674906204,0.007656176654955298,0.009832932118230652,9.465196178522487e-05,0.9999223407075134
1741341962.4682677,2,0.01566461470610238,7.643270187729247e-05,0.0037023591699957563,0.013969337030832368,0.010650147718464939,-8.649868613164417e-05,0.9998457003430435
1741341962.4851336,2,0.01554287689112845,7.584192354225433e-05,0.003570635431232646,0.013058871112619915,0.007868587899489963,1.1365194876758333e-05,0.9998837687854345
1741341962.5019362,2,0.0155077561561486,1.5347206555854778e-05,0.0023725946533501648,0.008503479692633592,0.00852406129133319,0.0001683801593204583,0.9999274988019583
1741341962.5184987,2,0.015523735874016334,-1.8201270657344102e-05,0.0017725788346452341,0.004372936127632692,0.007101755563895238,0.00014342951023931273,0.9999652103575954
1741341962.535495,2,0.015620166880463188,-1.4080745585952421e-05,0.001806072281203971,0.00549446899534301,0.002414113592384126,0.000713192955359561,0.9999817369441458
1741341962.5516903,2,0.015757239625380583,-2.3300897191990627e-05,0.001668381226467224,0.0038479945475867455,-0.0004231494276007359,0.0006189306934942483,0.9999923153741335
1741341962.5688055,2,0.015803181983150238,1.556018102472473e-05,0.0024383945950939533,0.0077107241266628915,0.009362263423781485,0.00015072758574310625,0.9999264323130083
1741341962.5859556,2,0.015678181272802287,7.596877112891784e-05,0.003623154547441125,0.01393430635949699,0.010701120608939057,-4.2993072648317016e-05,0.9998456477254819
1741341962.6019745,2,0.015567712298804385,7.19424501350123e-05,0.0034857901073564817,0.012024631657284518,0.006971061682646391,0.00012939470963359317,0.9999033932283321
1741341962.6189518,2,0.015493048189001098,3.271196639623398e-05,0.0027194246262534968,0.010354284405506144,0.00919910213346913,0.00010912656488687785,0.9999040721018094
1741341962.6353343,2,0.015512400954035825,-8.928346596908942e-06,0.001895659367353397,0.00613590918476847,0.007172050657689381,0.0002988020759973192,0.9999554105184687
1741341962.6518679,2,0.01563417713752625,-3.0306713055499355e-05,0.001481942705971072,0.0036450746983731526,0.0020613991814134327,0.0005100808408838028,0.999991101901109
1741341962.6684382,2,0.015749379741178838,-2.280291116497591e-05,0.0016731928471694021,0.003327242148274233,-0.00035743568086196205,0.000623503606754115,0.9999942064545541
1741341962.6853535,2,0.015809554024496915,1.0475605227635482e-05,0.002302711911079744,0.00733419774744198,0.009036881680209267,0.00016185203047042803,0.9999322567638367
1741341962.7020972,2,0.01564858268743093,0.00010077421615199533,0.0035317156172962583,-0.06356255590849741,-0.08819876482086055,-0.00053494855574248,0.99407268003929
1741341962.7184656,2,0.01558322426285009,6.176979157868793e-05,0.003393005213935144,0.011481270955253047,0.006528942465573513,0.0001984069476095239,0.999912753175104
1741341962.7352564,2,0.015459524172539285,6.595956297186777e-05,0.0034644205340968928,0.012964685306001564,0.008473237160983974,0.00013491652700934213,0.9998800442975451
1741341962.7520664,2,0.015511084393194836,-3.140387801546037e-06,0.001964893912873649,0.006069777887539464,0.007239068239250564,0.00024367613613520526,0.9999553461576992
1741341962.7686257,2,0.015610360927878458,-1.6705367689874408e-05,0.0016546223237385632,0.0035869647997604065,0.0017218430723777737,0.0005569473835780863,0.9999919293422178
1741341962.7851536,2,0.015733290938525046,-1.6868540953482206e-05,0.0017221856358548221,0.00314552025654691,0.00024032888051313725,0.0005982208767952997,0.9999948450247769
1741341962.8020158,2,0.015809857589645225,6.443250599032498e-06,0.002226633397192561,0.007199868759538954,0.008709878581812174,0.00022475442623108818,0.9999361226550341
1741341962.8191235,2,0.01568509814118919,7.642432843936751e-05,0.0036379200393620165,0.012841361967640814,0.010807418807492183,-8.029346136165413e-05,0.9998591364159731
1741341962.8353555,2,0.01558620191199973,7.176110124554352e-05,0.003506243315724467,0.012229060330018762,0.006234473029931713,0.00025940296035660494,0.9999057526285104
1741341962.8520782,2,0.015470145005567176,6.937903276030964e-05,0.0035296319686205176,0.013272104936964617,0.00848773915650661,0.00010541747085102403,0.999875891499395
1741341962.8695574,2,0.015511005380129693,-5.5142332659109225e-06,0.002010225082526889,0.005940736684692276,0.007133733224474744,0.0001590309690261831,0.9999568951745251
1741341962.8855848,2,0.015616641903283972,-3.463635960410415e-05,0.0014062118865600932,0.0031547735463343797,0.0008336427012786993,0.0005323279417729728,0.9999945345204045
1741341962.902314,2,0.01570566538106651,-1.0725712250405773e-05,0.0018641622359850923,0.0032740753772863545,0.001676786684162389,0.0005048938767264784,0.9999931069257493
1741341962.9186542,2,0.015815620574754247,4.733542476145598e-07,0.0020726114663425083,0.005889376082887943,0.007856962315349972,0.0002135576871216571,0.999951767729646
1741341962.936178,2,0.01566720211432958,0.00010069879257100979,0.0035323248166000973,-0.0638709685713226,-0.09090662403184512,-0.0004886765725494629,0.9938089586414993
1741341962.9525874,2,0.015612104372039089,5.755329286561101e-05,0.00326734337877525,0.010838394321061068,0.005467342908450966,0.0002588138080995772,0.999926282475601
1741341962.968923,2,0.015502460323310742,5.7294639069350415e-05,0.0032387446393731295,0.012137298560268623,0.008399927585097356,2.9210589321895916e-05,0.9998910572392201
1741341962.9857957,2,0.015510389430681313,-1.4333150921418903e-06,0.0020839238807049804,0.006991682857943557,0.007151810285001208,0.00024620262604927893,0.9999499524299844
1741341963.0026023,2,0.015594996496366425,-2.600737057461936e-05,0.0015902415290459143,0.004128576518320539,0.001452449239165394,0.0005421784372034247,0.999990275597559
1741341963.019021,2,0.015688698741450288,-6.73943676875392e-06,0.0019482574471383633,0.004764752517377499,0.0020625177621415277,0.0005048598255574067,0.9999863940426817
1741341963.0356383,2,0.01574682049591408,4.670098807721059e-05,0.00303289914853762,0.010895291534239354,0.006274395692957452,0.0003711549105047992,0.9999208902833786
1741341963.0522392,2,0.015676808755890732,9.672811132130501e-05,0.003424855456657959,-0.06298785711497894,-0.09091010022147654,-0.00041556804855835444,0.993865036530102
1741341963.068934,2,0.015612072109295732,6.57767107358177e-05,0.0033985407540415456,0.0115043789374887,0.005440819255017345,0.000229164766915664,0.9999189938363039
1741341963.085725,2,0.015495840942348267,7.199268099692064e-05,0.0035262787097027595,0.013157193222394217,0.010028900378425225,-3.824062193317904e-05,0.9998631446159835
1741341963.1023524,2,0.015501099973341825,4.694786307904482e-06,0.0021933904970263176,0.007319077935627114,0.007541233146657363,0.000232670442126567,0.9999447518564539
1741341963.11954,2,0.015579571590202873,-2.1734901085745583e-05,0.0016691293836373707,0.004743164615010878,0.001035490849271256,0.0006179381939841696,0.9999880240785508
1741341963.1358757,2,0.015687212262040333,-1.6181653590603242e-05,0.0018210119470306314,0.005116169912265197,0.0014583992440345493,0.0005163497054541062,0.9999857155280047
1741341963.1522293,2,0.015756356809947764,2.479200614248948e-05,0.0026314756781086863,0.008427292133581007,0.00481444766431716,0.00036273163063226774,0.9999528340210586
1741341963.1690338,2,0.01567434418948834,9.276277638013752e-05,0.0033935361868985057,-0.06299397890053543,-0.09021372301091847,-0.0003850981423582756,0.9939281133473431
1741341963.1859047,2,0.015633243590681727,5.6838918894950046e-05,0.00328770510492345,0.012151268632144269,0.004588025803723717,0.000372564551197436,0.9999155753789962
1741341963.2023177,2,0.015484491582891866,8.485894024164262e-05,0.003801183212274064,0.014167531644477585,0.011639442905380335,-0.00019273018991761433,0.9998318695015823
1741341963.2197258,2,0.015497591121643008,7.648776835870566e-06,0.00222243959418955,0.007374547355607713,0.007724994831363488,0.00022348782492885287,0.9999429436519603
1741341963.2365816,2,0.015571554953499073,-1.5666007475389064e-05,0.001746324928061393,0.005060941321488526,0.0018437988723938566,0.0005480133685307905,0.9999853433725949
1741341963.2528145,2,0.015665633903912134,-4.853810080842503e-06,0.0019777691458965204,0.004813437739414749,0.002328351588556565,0.0004916109078935977,0.9999855838534494
1741341963.2692077,2,0.015751923046888654,1.4675778817650939e-05,0.002343626395254757,0.0067315224259749265,-7.0490007987806e-05,0.0005684052017717355,0.9999771790158584
1741341963.285844,2,0.015732947657957057,5.382053352219125e-05,0.00318721096982827,0.011195793719270543,0.011920022589623998,-2.6548237056473976e-05,0.9998662743385485
1741341963.3023555,2,0.015625270547719516,7.276076170612274e-05,0.003579250640665262,0.01251199071169714,0.00529039625256216,0.0003257925185090451,0.9999076735654928
1741341963.3192341,2,0.015458792284050935,9.930201547602092e-05,0.004147992748403175,0.015993560538623375,0.009595282833672418,-6.023334903299776e-05,0.9998260513412235
1741341963.3360188,2,0.015506800812099139,4.026936264551082e-06,0.0021769884915537473,0.007163462820246808,0.007662089473034767,0.0002480200879895092,0.9999449563207797
1741341963.352826,2,0.015528516471047084,7.0496689577669e-06,0.002234406933874897,0.007279462733075944,0.004491624963389434,0.0004115798046227809,0.9999633319925139
1741341963.3691487,2,0.01565139867286708,5.669895628145245e-06,0.001726480422809646,-0.05583472394766029,-0.08309342696247969,0.000207173498952837,0.9949763429732694
1741341963.3859444,2,0.0157549348150073,8.595582440973925e-06,0.0021903964184755782,0.00642422247004944,-0.0011091492769027197,0.0006621751565350583,0.9999785301083213
1741341963.402925,2,0.015738530973178535,5.077133708293249e-05,0.0030842054111864608,0.010074344969086668,0.011211029406088906,-4.5877081436902215e-06,0.9998864037339704
1741341963.4192526,2,0.015631589085545107,7.350909237609495e-05,0.003593759403604243,0.013010940084842975,0.004980213454442084,0.0003340427861920521,0.9999028959491386
1741341963.4358943,2,0.015439762324605037,0.00012899502144049843,0.0040241879439355255,-0.06625996573097087,-0.08690043463510107,-0.0007542746012015568,0.9940107456518703
1741341963.4528184,2,0.015508232231223319,7.97023105476698e-06,0.002236264640051149,0.007168030531492651,0.007839443418246238,0.00023294921196489668,0.9999435525067684
1741341963.4694,2,0.015513574181985634,7.7182251781957e-06,0.0022945260617569184,0.00822206222076113,0.005433436713521677,0.0003295330797823209,0.999951382251291
1741341963.486053,2,0.01568859844102783,-2.8724464598409886e-05,0.0015449281147313157,0.004232602110120983,0.004147294691480161,0.00039315649272762116,0.9999823650715505
1741341963.5026963,2,0.015763159999017548,-3.615400093713495e-06,0.0019658077538773832,0.004756581971437609,-0.0011717341772573401,0.0006427573955553105,0.9999877943404596
1741341963.5198617,2,0.01573957373674281,4.523964192389521e-05,0.0030302077443709334,0.0105456984985381,0.010806909805702963,4.408138817002935e-05,0.9998859920013183
1741341963.5362453,2,0.015622118788152345,8.572180412963215e-05,0.003815417824840666,0.013848963169381544,0.005356531031969246,0.00041347210863640636,0.9998896653307564
1741341963.5527017,2,0.015509233846689728,8.865478103843062e-05,0.0038082834126334834,0.013421043569226417,0.009084218313452892,-1.826027604940508e-05,0.9998686674927406
1741341963.5696652,2,0.015496494946276218,1.9068484349872202e-05,0.0024960042115505046,0.009066235928232655,0.00854450405034128,0.00017982239590199267,0.9999223782276969
1741341963.586512,2,0.015556803904232261,-2.5743736992582726e-05,0.0015841188909505087,0.004078763573306073,0.006240668208862207,0.00029287441334677585,0.999972165598922
1741341963.6028,2,0.015678001439027586,-2.4536150089828515e-05,0.001568092438323471,0.003822660619385937,0.003466472014503757,0.0004006441800905694,0.9999866050711892
1741341963.6199536,2,0.015755634567509877,-1.0322770017769803e-05,0.0019080271201664602,0.0047285219110412245,-0.0009181731680624816,0.0006243243423563376,0.9999882040592707
1741341963.6368737,2,0.01575284801960008,3.2039908715020755e-05,0.002790119191184705,0.009914370511378456,0.00957316233621855,2.788359921440683e-05,0.999905025011252
1741341963.652816,2,0.015666606979804234,5.694955269944712e-05,0.0032587992016526756,0.011762665122071433,0.007196153257446322,0.00021243808476192536,0.9999049004568291
1741341963.669862,2,0.015543223070562233,7.116229332541284e-05,0.0034948483837555847,0.012847964793290532,0.007665490271129436,4.4386901020035944e-05,0.9998880777813968
1741341963.6862526,2,0.015510574627891212,1.4772320144496735e-05,0.0024000673143208134,0.008884459766834342,0.008152488892597114,0.00015211635904014835,0.999927287436502
1741341963.7029288,2,0.01555759977627012,-2.1291896622221263e-05,0.0015963902985631582,0.004408257309877751,0.005868445257828584,0.0003162312656112312,0.9999730139436426
1741341963.719882,2,0.01565303732638304,-1.6069382803546435e-05,0.0017336878408260195,0.004796554851805608,0.004319977071124257,0.00035995119923586317,0.9999791004290004
1741341963.736143,2,0.015730496363477734,-2.4976308762587383e-06,0.002028892853988427,0.005356528333728392,-9.07055242114373e-05,0.0005971624734091322,0.9999854712813072
1741341963.7533288,2,0.015761190642389962,2.482057554475542e-05,0.002639304828323816,0.008733293156438482,0.008669627136892856,4.884684817074308e-05,0.9999242795181724
1741341963.769553,2,0.01567208696499116,6.108774198667594e-05,0.003365277753485369,0.012364675105396615,0.007742386889026753,0.000157510936857752,0.9998935670585662
1741341963.7863758,2,0.01556889729568255,5.881915827890792e-05,0.0032774678552852906,0.01179518600604256,0.00701945160019718,0.00011604557586193033,0.9999057892720391
1741341963.8030908,2,0.01544561646946129,6.674584737819265e-05,0.0034613886176815415,0.013055827348620444,0.008535282894694607,0.00015046467315712195,0.9998783284372817
1741341963.819603,2,0.015550444765252297,-2.0381292088946373e-05,0.0017214972169369448,0.005558916530828623,0.006252554142507318,0.00033669222670513116,0.9999649447115848
1741341963.836253,2,0.01563432233958893,-1.3644179265406766e-05,0.0018460901565156842,0.006181641101468452,0.0027795309521222145,0.00043817024688965064,0.999976934497898
1741341963.8530598,2,0.01571273807803402,2.9419825707373363e-06,0.0020893690021133804,0.004696231521337813,0.0009499287212399282,0.0005304054012749622,0.9999883807900134
1741341963.8700035,2,0.01575523408687869,3.083492862342825e-05,0.0027017536665678793,0.008838840970984049,0.009030253937124673,0.00020025691180303558,0.999920141461952
1741341963.8863776,2,0.0156815935852652,6.208318576748509e-05,0.003355908500534106,0.01210884734411968,0.007900690675057184,0.00011002514795795686,0.9998954659349749
1741341963.9034364,2,0.015559066231643255,7.093673534774015e-05,0.0035047349325198064,0.0122818912372514,0.007345018066536637,0.00011097586513272447,0.9998975915270504
1741341963.920098,2,0.01547878208456864,5.089838934914884e-05,0.003142119757937855,0.01214553896390971,0.0071077353188049915,0.00022534322440980392,0.9999009526959884
1741341963.9370105,2,0.015552955416672443,-2.087123505792201e-05,0.0017145497216167975,0.004833498180814235,0.006147129799622448,0.000226989389415166,0.9999693988149737
1741341963.9531937,2,0.015609917308705434,-4.8334946891693745e-06,0.002032373849488343,0.006780949808742481,0.003659401369153277,0.0003705135386958747,0.9999702446678244
1741341963.9697473,2,0.015706971295776848,-3.0115474411223703e-06,0.0020343409877599415,0.0050954422200790266,0.0013450750727200395,0.0005247700969494827,0.9999859758306493
1741341963.986894,2,0.015693036157670672,7.331920249209588e-05,0.003579745236028529,0.012999079052340625,0.00643664161750966,0.00018102954353862877,0.9998947748722278
1741341964.004794,2,0.015675474893975704,6.564520898318697e-05,0.003427302420922727,0.011719689721329807,0.008403369322657468,0.00014269398007506903,0.9998960005397016
1741341964.0197606,2,0.015570985546409297,6.888520096074257e-05,0.0034758162367186716,0.012203792261761551,0.0070281458266733595,0.0001711958376930205,0.9999008167376683
1741341964.0365949,2,0.015483889662106367,5.7043144092326845e-05,0.003247157541176791,0.011971294386953508,0.007196038248196552,0.0002208888756742279,0.999902423415573
1741341964.053136,2,0.015510989073512662,5.227621697644709e-06,0.002187420917301624,0.007287069637504535,0.006658986542463002,0.0003715468701395748,0.999951208043297
1741341964.0701506,2,0.015591353060748228,-1.5182913502429575e-06,0.0020644798805180935,0.006778210190943963,0.0031879524104507476,0.000451239333398322,0.9999718442081756
1741341964.0864863,2,0.01569157600897145,-2.280011576689997e-06,0.0021203935192995126,0.00559875378753668,0.0017776408276244885,0.0005057223671274169,0.9999826189459504
1741341964.1036499,2,0.015653389936873485,8.769558364693848e-05,0.003908422282725805,0.014541060526286658,0.004453409594378173,0.00048810429342976746,0.9998842365273863
1741341964.1208217,2,0.015686092239691144,5.915160324634862e-05,0.0033038194716085998,0.011689750027152121,0.007575713447216089,0.00013572768366378106,0.9999029652361594
1741341964.1364286,2,0.015605307089251801,4.9039632592113874e-05,0.0031259645056125,0.010869289418872639,0.00545368500162661,0.00028171138257394564,0.9999260155162125
1741341964.1532927,2,0.015528957845087819,3.673787661834179e-05,0.002842809955014639,0.010789725606411867,0.005915663373976442,0.00020361286198987568,0.99992426977746
1741341964.1698449,2,0.015532860826379983,-3.41410450501037e-06,0.0019384993421837247,0.006355238125485572,0.006020577142969495,0.0002998893299543311,0.9999616360969174
1741341964.1866663,2,0.015584630296844332,1.0599459131824151e-06,0.0020403867210198306,0.0059927558575065985,0.0027410765969321464,0.000545708002274756,0.9999781375505659
1741341964.2034106,2,0.01567775985869597,3.1653104542271328e-06,0.002151689733722417,0.0052009296445693284,0.0024654308431039757,0.0004694748186375413,0.9999833256484754
1741341964.220654,2,0.015717768044091848,4.216013767352453e-05,0.0029429449625082166,0.010194822579116275,0.001877828330402751,0.0005810991056890973,0.9999460993859475
1741341964.236969,2,0.01568829212394775,6.219018346741886e-05,0.003302869926578753,0.011935192763010475,0.007577986799201222,0.00020145777495109802,0.9999000373560077
1741341964.2536209,2,0.015610606038364097,5.03779821227636e-05,0.00314768099837286,0.01107532167635447,0.005036215139358135,0.0003098608948479872,0.9999259361438032
1741341964.270008,2,0.015525430769200835,4.019925631639218e-05,0.0029961825612482406,0.011888871364857735,0.007491770547232264,0.000236771443640352,0.9999012311478674
1741341964.286766,2,0.015483436472412952,3.369484852775011e-05,0.002779063057825506,0.010314329300859536,0.006136134404428271,0.0002441998409256991,0.9999279488203547
1741341964.303625,2,0.015587306152320598,-9.658935203120716e-06,0.0018651365066106379,0.0057072910549501666,0.001848820900588398,0.0004826919825024977,0.9999818876852429
1741341964.3201058,2,0.015660207535208217,3.7684848571574634e-06,0.002187492179498198,0.006407537460733908,0.0026809173552336334,0.0004680133627971265,0.9999757682610693
1741341964.3372715,2,0.0157333633306743,2.734655137943927e-05,0.0026214806534722726,0.008205700708858782,0.0006776058683526422,0.0005464879660304173,0.9999659537589601
1741341964.3535912,2,0.015703102086876322,5.3178474752809824e-05,0.003145268008437686,0.011726281980645825,0.007233907623396511,0.00016122052820788008,0.9999050649433415
1741341964.370153,2,0.015622397272488141,4.6903279447836956e-05,0.0031150487755577678,0.011034492294118663,0.0041729244681051655,0.0003773603576504839,0.9999303397138998
1741341964.387432,2,0.015501254255206166,6.772593515491805e-05,0.0034833622608308884,0.013216485323534729,0.008676625306790949,1.923429593706924e-05,0.9998750123485537
1741341964.4038181,2,0.015473344108350651,4.3807824855661635e-05,0.0029778249807142663,0.011533110322266144,0.0067718836685401575,0.00030106816492726936,0.9999105151541483
1741341964.4204059,2,0.015594915835822998,-2.2970584443698446e-05,0.0016600474325428466,0.005557558037407729,0.000967027806690936,0.0005504759570742455,0.9999839375620503
1741341964.4371731,2,0.015659340165805554,-4.499030626775637e-07,0.0020962241578308905,0.005354815042187138,0.002522831351016279,0.0004086570077365292,0.9999823969837112
1741341964.4541228,2,0.015726407700628067,3.0614502176342504e-05,0.002664444862297024,0.008203017714688262,0.0011786932394135502,0.0006002310842425282,0.9999654798568126
1741341964.4703376,2,0.01569962283244953,5.4362802077145646e-05,0.0032048699651648343,0.01189424760437805,0.007224207927792699,0.00019293113441485745,0.9999031455452669
1741341964.486878,2,0.015634396953577143,5.002970837642632e-05,0.0030654055606758987,0.010994680079488933,0.003972569203548014,0.0003472242514649263,0.9999316052306738
1741341964.5036435,2,0.015510886217760093,7.56590937609064e-05,0.0035561488602400375,0.012880985613572864,0.010181587888001716,-2.9833407462380426e-05,0.9998651982080733
1741341964.5211499,2,0.015482883727995497,3.5807733565776114e-05,0.0028607138245756447,0.011083693522162858,0.0061016249677536116,0.00023187837425030152,0.9999199308660065
1741341964.5370455,2,0.015563579414630485,-7.807960881958726e-06,0.0019677783013864296,0.006261767023519915,0.002611506328042841,0.0004993763730102088,0.9999768601981146
1741341964.553834,2,0.015667000127996284,-8.966133276142078e-06,0.001909861702330111,0.005729368847162365,0.0025895866630070642,0.00041122015083753296,0.9999801494387353
1741341964.571287,2,0.015745216918091266,1.0918104299661341e-05,0.0023020106175858828,0.007336108186857401,-0.0013911114198058717,0.0006660196565303636,0.9999719009769752
1741341964.588058,2,0.015705865630752804,4.487986290474638e-05,0.003045051149254687,0.01107733161479377,0.006376505211506786,0.00022367289368590112,0.9999182880995928
1741341964.603951,2,0.015638454905627035,5.4056671479506565e-05,0.0031728093020650765,0.01128171978418105,0.003806736039083093,0.00041803450142946405,0.9999290258846353
1741341964.621115,2,0.015459015724502404,0.00011634109873068024,0.0037457404582806808,-0.06483933264169726,-0.08529664214370834,-0.0006665995401271093,0.9942433803785875
1741341964.6371388,2,0.015471753656759716,4.73217981170255e-05,0.0030590732341616352,0.010693807051534603,0.006913349488916823,0.000273127876141337,0.999918883455429
1741341964.6539543,2,0.015559782117567237,-1.0169348091564257e-06,0.0020247687897926156,0.007326622110221334,0.0027892183198975013,0.0004898897936370186,0.9999691499629416
1741341964.6705034,2,0.015642880907861277,5.070655480498727e-06,0.0021800009984853136,0.006467771145592921,0.0023989844000457568,0.00043624908540437215,0.999976110963153
1741341964.687833,2,0.015726346989781186,1.2721767147772108e-05,0.0023665776290390946,0.007447352829559589,3.244865691817491e-05,0.0006656969278041619,0.9999720459745447
1741341964.704083,2,0.015625196129801948,0.00010814819091018612,0.004269861067990689,0.01618625968630057,0.005092962411514947,0.0003245024320114612,0.9998559703424359
1741341964.7207015,2,0.015641437001430312,5.6097207968289984e-05,0.003293169883866454,0.012239153618535146,0.0036257413642703327,0.0004220036714530206,0.9999184361892537
1741341964.7370942,2,0.015483159761776832,0.00010067420226620889,0.003530113707861081,-0.06484222984300557,-0.08521213430298304,-0.0006182222191668228,0.9942504690458058
1741341964.7543242,2,0.015500405938364891,3.152587750798504e-05,0.002716355692446172,0.010851218132843886,0.0056177337961363875,0.00023248203202213736,0.999925316253236
1741341964.7706435,2,0.015564186993168822,-5.117818047667704e-06,0.0019225247897026528,0.0061597781673544075,0.0013875658033575553,0.0005212215412826437,0.9999799298596823
1741341964.7872896,2,0.015652001999783973,3.838089778535639e-07,0.0020618453867441633,0.005994610356422454,0.005800784036509556,0.00031419016198151777,0.9999651578109002
1741341964.8041923,2,0.015734101132203675,3.330957677636273e-06,0.002155585003787008,0.006324519934574831,-0.00042506123232266795,0.0006636990789847407,0.9999796894307796
1741341964.8207793,2,0.015726805976747985,3.2319066865667225e-05,0.002740776859282131,0.009489887722409947,0.004920063591076563,0.00029691935427850576,0.9999428217874125
1741341964.8375542,2,0.015652243630395885,5.524092277252019e-05,0.0032055355567635873,0.011214784121036086,0.0032729722819716898,0.00044644264784192834,0.9999316561438197
1741341964.8540595,2,0.015483413803515195,0.00010639255886818798,0.0036086034185254605,-0.06528314118799254,-0.08515404226403607,-0.0006241565097683666,0.9942265893604811
1741341964.8707156,2,0.015511829984580217,2.7760205265208732e-05,0.0026751038458506064,0.010191285172526135,0.004554156386249378,0.00039095890253153264,0.9999376203130266
1741341964.887613,2,0.015547621209777918,-1.6607034278168437e-06,0.0021038032438016364,0.007238819115437883,0.002687113947627071,0.0005202102119345171,0.9999700537005004
1741341964.9039774,2,0.015649199558336734,-9.294050287757461e-06,0.001938836412258069,0.0067422431410021294,0.0040163732493660505,0.0003556826326299197,0.9999691417204905
1741341964.9210649,2,0.01571650723159337,8.221720727404212e-06,0.0022215932328738153,0.0062026914142738416,0.0007655967903268596,0.0005936411912019643,0.9999802938412886
1741341964.9375947,2,0.01562845075693844,0.00010175926518137161,0.0041550354924085936,0.01582627017359622,0.004703871018146294,0.00041479602115027054,0.9998636060553948
1741341964.9541779,2,0.0156551780015074,5.514067306929952e-05,0.003262365419477768,0.012688928135591814,0.0028926907904397183,0.0005283834332745951,0.9999151685286648
1741341964.970866,2,0.015516205219354486,9.802651697263549e-05,0.003353150952595754,-0.06347768784702412,-0.0841534450739615,-0.0005210859315697917,0.9944287351526159
1741341964.9877489,2,0.015510804600969824,3.289819975463624e-05,0.0027783656087906378,0.010800423406659982,0.005231888999412529,0.00031558919473135535,0.999927936701038
1741341965.0043707,2,0.01554294463139235,1.1596900917004182e-06,0.0021410030416050877,0.006952070913262696,0.002664283074696463,0.00044901076597803356,0.9999721839606573
1741341965.0211058,2,0.015638934507995916,-6.4654712218967215e-06,0.0019283013843503904,0.006202836068664456,0.0037407089141123133,0.0003625648210104357,0.9999736998882899
1741341965.0384235,2,0.01571259174739977,6.260952676984851e-07,0.0021216053410704127,0.006199134425166091,0.00038125012727217346,0.000618450607054812,0.9999805212600723
1741341965.0543256,2,0.015710354502638177,3.9284964780658106e-05,0.0029504709504120387,0.011155509836019564,0.0017559389769083674,0.0005486112218129998,0.9999360831094831
1741341965.0710518,2,0.015644491955503055,7.449940235574126e-05,0.003538927257345374,0.013116491995033496,0.004249830042329198,0.0004721539157112409,0.999904832298072
1741341965.0875015,2,0.01556556176742736,6.277002282766078e-05,0.003271047981030373,0.011722419246578209,0.006912772988533678,5.904495232796206e-05,0.9999073931971452
1741341965.1042333,2,0.015510908558941992,3.2694234404249736e-05,0.0027745576486366158,0.010570300103359758,0.004805011788644587,0.00034911485625670815,0.9999325270918299
1741341965.1220055,2,0.015549930579333151,-1.522770324698313e-06,0.0020502927771121173,0.0070008857752008585,0.0024456411165471644,0.00048804200140633767,0.9999723837451195
1741341965.1376917,2,0.015626853302653374,-5.0279361696974655e-06,0.002026373865832989,0.0074991813833641275,0.004008419998229399,0.00044204231392711046,0.9999637490660798
1741341965.154539,2,0.015709949809663826,-6.7987456174818715e-06,0.0019822714310413435,0.005655640004529254,0.0008908011054100132,0.0005370667422792151,0.9999834657477312
1741341965.1709726,2,0.01572263736966552,3.085972632384909e-05,0.0027089485241347895,0.009956894283047362,0.0010578690342439702,0.000560775067866897,0.9999497120858958
1741341965.1879818,2,0.015656900718040583,6.761817172863549e-05,0.0034968707292435362,0.013069452249147536,0.003836177990555562,0.00047699338269716627,0.9999071185033361
1741341965.2044756,2,0.015547135613523838,7.699099024586144e-05,0.0031473156517574535,-0.062457793735827986,-0.0831143531687295,-0.000386805347131086,0.9945807552333897
1741341965.2213545,2,0.015515442398053237,3.8471983800426315e-05,0.002827066493476626,0.010685455073268535,0.006580075885709391,0.0002255125342264511,0.9999212332955594
1741341965.2377965,2,0.015548791378502685,3.855595127170278e-06,0.0020722575007350286,0.007162184182515484,0.0019987726353023565,0.0004795665170129161,0.9999722386354752
1741341965.2546976,2,0.015590181985615096,1.113761896028059e-05,0.0023203966431327846,0.00853411951540017,0.003976056350292141,0.00040749480800729627,0.9999555958781259
1741341965.2711842,2,0.015688535436256208,5.4452450251296885e-06,0.0021776809891928144,0.005664976854890516,0.002180183115171295,0.0004492740013440917,0.9999814763242816
1741341965.2878664,2,0.015722878294527315,3.530363065050998e-05,0.0027348835423711654,0.009302575901843047,0.0004368948008687567,0.0005543863393706218,0.9999564809832027
1741341965.3047185,2,0.01565183091642588,7.270698160270421e-05,0.0035762382203349172,0.012619398754810694,0.004456454990752089,0.00048790419526436826,0.9999103223456985
1741341965.3212125,2,0.01558651774446488,5.279619026959007e-05,0.0032078015959836753,0.01167517764633535,0.006218022040949401,0.00019172074312057353,0.9999124910070789
1741341965.338151,2,0.015538898480151424,3.1542223724457184e-05,0.002703768034799204,0.009883654685155936,0.005122543662810984,0.0002443781795196772,0.9999380046761862
1741341965.3547466,2,0.015517951712888448,1.669026469088043e-05,0.0024748996147640413,0.008702611809680209,0.003945199930611514,0.00045377107335670916,0.9999542459717897
1741341965.3712993,2,0.015595161826176858,1.780747142385537e-06,0.0021185561202399015,0.007318665072460665,0.003431110862574282,0.00043015943129544115,0.9999672392547014
1741341965.388283,2,0.01568618817614903,9.969770158478047e-07,0.002101573197927909,0.006153517875208459,0.0018889429339797687,0.0004889065690760727,0.9999791633242757
1741341965.4049947,2,0.01572914569389277,2.606750233664312e-05,0.002582556619605782,0.007850949173339613,0.00020794061323585586,0.0005139570000831218,0.999969027123331
1741341965.4212146,2,0.01565375645359604,7.427866640590647e-05,0.003564193656008448,0.01299815573286285,0.004145804300017608,0.00047886082154062666,0.9999068111311993
1741341965.4379716,2,0.015595624227246247,5.9591492158132423e-05,0.0032304949538828997,0.01051437607548234,0.005654922477024227,0.00025819963950759323,0.9999286989983178
1741341965.4549835,2,0.01552083234653573,5.227049472180032e-05,0.003157627774246738,0.011744117537833065,0.008238984732230675,8.474964329751222e-05,0.9998970885302835
1741341965.4717495,2,0.015510616683237295,2.4657487321718255e-05,0.0025888348059780494,0.009325671282866923,0.004309930448735673,0.00040820778396504816,0.9999471434636213
1741341965.4880655,2,0.015589213833731548,3.4758076394667144e-06,0.0021402050307413076,0.007448195989231554,0.00365087805703233,0.00041496007834579667,0.9999655110422819
1741341965.5047703,2,0.015663967551452624,1.1202180906582695e-05,0.0023396710953203646,0.005882429743717164,0.002696007165314309,0.0004417131060777283,0.9999789665063994
1741341965.5215135,2,0.015719659267184435,2.771872410394121e-05,0.0026466353820097043,0.008796697190481564,0.0003151405493897211,0.0005417027601990735,0.9999611119254053
1741341965.5380027,2,0.015642378886192982,8.256686289564061e-05,0.003717507782223483,0.013152516268396648,0.003945934017907505,0.0005255528208472651,0.9999055778996176
1741341965.5546694,2,0.015617650863261119,4.786634937141995e-05,0.0030639160341800514,0.009767747759603396,0.004483891894631041,0.00029270025183672065,0.9999421984013599
1741341965.5726519,2,0.015506209273552195,6.562230209976182e-05,0.003439808247990684,0.012789356000106302,0.008512824530684816,5.6903850282253535e-05,0.9998819735116561
1741341965.5895255,2,0.015508355789008693,2.3394551098420655e-05,0.002611880958898607,0.008494505331514744,0.0042070360819770475,0.0003202543457092974,0.9999550198202576
1741341965.6051075,2,0.015586184031033446,3.1400730993061903e-07,0.002093261162362129,0.007023747248235482,0.0021767184138277587,0.0004638802723355696,0.9999728564749308
1741341965.6223617,2,0.015653261290600677,1.2012291770509452e-05,0.0023667241974539123,0.006713855802121192,0.002587001070436592,0.00042525161457417803,0.9999740250260474
1741341965.6383672,2,0.015721481729788274,1.8894196974497903e-05,0.0025217639019768736,0.008918431925932134,-0.0008944350470132943,0.000657365480266221,0.9999596138987586
1741341965.654848,2,0.01560539178357813,0.00010714792361036923,0.004260613410571642,0.016267528644599575,0.004267887913546677,0.0004012433794319407,0.9998584858110198
1741341965.671458,2,0.015635799248684426,4.1075344718286944e-05,0.0029173152354376422,0.01000909969648443,0.003832812614047298,0.00038100339446247254,0.9999424894998435
1741341965.6884265,2,0.015522007179856388,6.019576728057752e-05,0.0033121135880872154,0.012842715556707384,0.008830130467882375,-2.2085929918578433e-05,0.9998785391062563
1741341965.7052302,2,0.015517664494731308,2.4109391645469056e-05,0.0025216897000621243,0.00965171856043517,0.003783837060997886,0.00039551995847104975,0.9999461837868517
1741341965.721545,2,0.015585053285910274,-9.626545302389566e-07,0.002010465829365663,0.006057546908360406,0.002456290337624345,0.00040646369262047137,0.9999785535452732
1741341965.7388139,2,0.015648408829857553,1.0962867933055241e-05,0.002280449144346569,0.0070311166237840925,0.0023850163596146803,0.0004222079642402162,0.9999723480358954
1741341965.7553508,2,0.015718685770038678,1.902261824860045e-05,0.002442914924914725,0.0073185084058533184,0.0005178039068971624,0.0006537535474911905,0.999972871592088
1741341965.7716055,2,0.015663483404408197,6.89978961600741e-05,0.003483111753136509,0.012989260061117067,0.0026429426117249234,0.0005142213275591306,0.9999120109058807
1741341965.7882118,2,0.015631149078831674,4.433224414627574e-05,0.0030483569275897003,0.010937058205474753,0.0036715180733775457,0.00040375192343631997,0.9999333666286127
1741341965.80587,2,0.015474719963701766,0.00010170074460299738,0.003537899492498642,-0.06435246396073122,-0.08780076646021708,-0.0005448522569637546,0.9940570853463092
1741341965.8218217,2,0.015532290611759748,1.6965926903577754e-05,0.0024522969987500857,0.00875524400456727,0.003109347063504921,0.0004288016680070557,0.9999567459607385
1741341965.8385935,2,0.01559452963812549,-1.3606493465981908e-05,0.0018431125149452926,0.00596269237227094,0.0018130702507951687,0.0004953572278277131,0.9999804566576069
1741341965.8552716,2,0.015645111779160014,7.206260443207025e-06,0.0021702006496487646,0.007022563375699469,0.002697924507415809,0.0004066836543119516,0.999971619304964
1741341965.8716397,2,0.01571543751579391,1.8201766270092433e-05,0.0024132491471471336,0.006796589377559155,0.0003665080991113462,0.0005974335089846421,0.9999766572864831
1741341965.8883076,2,0.015611286888225112,0.00010655418597352873,0.004230696187931005,0.016133431806422446,0.004007537517034837,0.0004388096532313079,0.9998617201729874
1741341965.9051387,2,0.015628581310035684,5.4028285819543236e-05,0.0031566297877247585,0.010113652025608204,0.0041424546134411705,0.00034796624402536996,0.9999402147288474
1741341965.9223769,2,0.015495470137252703,8.246077834983418e-05,0.0037286790590488335,0.013809058184315085,0.0071499631217013014,4.78589856516191e-05,0.9998790855143126
1741341965.9384763,2,0.01550900052840723,3.2407430367532786e-05,0.00278845968552316,0.010586000930121214,0.004633767131010243,0.0003807891039773996,0.9999331576591214
1741341965.955056,2,0.01558344624889649,-1.025712662225052e-05,0.001903394744786464,0.005858925565529105,0.0015933235881848032,0.0005586993760954972,0.9999814109103069
1741341965.971904,2,0.01563032180996168,1.228438510034945e-05,0.0022890956374007755,0.0071785877313860465,0.002292467553874765,0.0004212247426585511,0.9999715171145693
1741341965.9884877,2,0.015728499262031972,2.321146504950221e-06,0.002158888704861712,0.005812203724203978,-0.0006819651853117003,0.0006596846488751333,0.9999826588634018
1741341966.0050945,2,0.015620538389295223,0.00010197001227599587,0.004121609352162782,0.015593734645618829,0.003491371125456511,0.00047821934156582575,0.9998722003704913
1741341966.0218468,2,0.01564852702389539,5.2822478372679905e-05,0.0030653427812118877,0.009890709276584395,0.0027816329418799282,0.00047977039720732267,0.9999471017051595
1741341966.0390453,2,0.015465424262968135,0.00012117712384355119,0.0038112314935055836,-0.06489101358606758,-0.08524102908051769,-0.0006178186356553535,0.9942448097009109
1741341966.0555477,2,0.015516759485915733,3.424043394372726e-05,0.0027805130406999205,0.009856728360176462,0.005160390732874559,0.00032549549958345005,0.9999380527443675
1741341966.0719454,2,0.015564180569030882,7.5323533015973505e-06,0.0022143000208194505,0.007208685646065217,0.0029829132798149098,0.0004960001806327993,0.999969445064919
1741341966.0887268,2,0.01561440373077653,2.1623073576969685e-05,0.0024922290204946436,0.007705645736178687,0.0027997478485427903,0.0004341157878661791,0.9999662974216961
1741341966.105369,2,0.01571470872355319,1.244829925851263e-05,0.0023047331928492984,0.006305703609316393,-0.00022757360475344636,0.0006604202369929522,0.9999798748761679
1741341966.1226792,2,0.015699613367639278,4.5067318822995545e-05,0.0029751442512954904,0.009691178690216,0.004833144817570682,0.0004100831477410621,0.9999412750749809
1741341966.1386323,2,0.01564023304637585,6.623834883965613e-05,0.003360147906206884,0.011008217984424503,0.002974664416919738,0.00043964408705562046,0.9999348864908608
1741341966.1557918,2,0.015482607715136881,0.00011887169819635873,0.003741359026619419,-0.06444308167307944,-0.08449643788655573,-0.0005775194286836811,0.9943375220116506
1741341966.1718748,2,0.015535869772539972,3.721067242403512e-05,0.0027045941707303494,0.010210740974059468,0.005028829582022499,0.00035962658960486037,0.9999351590530816
1741341966.18855,2,0.015569508002679908,1.8857208260850445e-05,0.0022730932541140812,0.007308712148417547,0.0028505260651574766,0.00042751361005889866,0.9999691367537283
1741341966.2057238,2,0.015597693928655567,3.962431129253305e-05,0.002674292608745861,0.007986127238318236,0.0036829071532838886,0.00032842114424495243,0.999961274303253
1741341966.2220137,2,0.01572530306420323,9.30994720006029e-06,0.0021410420346972244,0.005267089890821522,-0.0003622531678822128,0.00065461128625517,0.9999858489102674
1741341966.2386527,2,0.01571389043366627,4.8319530889992364e-05,0.002959118705797781,0.009923353046014423,0.0056773221073024484,0.0003185198781018959,0.9999345946726222
1741341966.2555208,2,0.015630461351883323,8.550393797614636e-05,0.003699445488997982,0.012398510621781267,0.0044565118493171746,0.0003997640983436893,0.9999131245389091
1741341966.2726743,2,0.015563423422695904,6.891565699762846e-05,0.0034035077191087227,0.011509212382497082,0.0062243128482957055,0.00014184707864068304,0.9999143842546256
1741341966.2890577,2,0.015527522048045842,5.405017151323636e-05,0.0030613879093960017,0.011444679711242477,0.005152843434514293,0.000213552720265313,0.9999212078489396
1741341966.3058379,2,0.015559985125200558,2.7848241773780373e-05,0.0024826039067834056,0.007820098189735478,0.0038501007684539684,0.0003048104702953866,0.999961964216116
1741341966.3220465,2,0.015642610750201656,1.5075706874458673e-05,0.0022565167125137573,0.007144531331302015,0.006292576803968543,0.00020323478235762982,0.9999546578944694
1741341966.339197,2,0.015732495079204076,1.2151699648638246e-05,0.002162632130060452,0.005276994471093806,-0.0003183218317142423,0.0006890896086793554,0.9999857884770538
1741341966.3554676,2,0.01572773901417392,5.71853428262391e-05,0.00308815365765729,0.010587302888013196,0.009639680942188308,8.005963860996181e-05,0.9998974843249405
1741341966.3725088,2,0.015586142010174397,0.000123973701593362,0.004505591374755672,0.01672410809986043,0.005968569831902598,0.00029924746546827676,0.9998422829793608
1741341966.3892362,2,0.015596348592295447,6.455979893253378e-05,0.003251296665656221,0.010396102388173782,0.0049747873934719265,0.0002821589191686369,0.9999335442577514
1741341966.4055326,2,0.015485777935585145,0.00010017405377030622,0.0034425131547673334,-0.06347136417899804,-0.08673020838012552,-0.0004400676950124783,0.9942077565700344
1741341966.4221683,2,0.015560898392066062,2.8205869676912576e-05,0.002581081312221838,0.009177089981900347,0.004531256851034973,0.0002847714161660915,0.9999475824442272
1741341966.4393435,2,0.01563618522225734,1.2952124752370164e-05,0.0021994976546138674,0.005392008508696829,0.0018729239703930963,0.0003443401747883895,0.9999836497812788
1741341966.4555748,2,0.015738382637981704,8.323948715940106e-06,0.0021141694702099985,0.004821748898161015,-0.000825327422692281,0.0006601436818241354,0.999987816817049
1741341966.472846,2,0.015753121390849223,4.0820344303826076e-05,0.002796876480679098,0.009696423282690264,0.00947580311868231,8.812656660949942e-05,0.9999080861581665
1741341966.4890246,2,0.015675792423027027,6.73258721641299e-05,0.003318492948755544,0.01159237764542256,0.007136458655167897,0.0002184969470850767,0.9999073157035471
1741341966.5059593,2,0.015612132398091961,6.188466350450245e-05,0.003206850080221372,0.010208008410974289,0.004362870372921889,0.00036355716491020596,0.9999383129736447
1741341966.5231285,2,0.015476404120780723,0.0001100451734930875,0.0036143836676812593,-0.0642690888008847,-0.08754458638513511,-0.0005221404398995412,0.9940850853869203
1741341966.5391178,2,0.015558128972266553,3.083531406751116e-05,0.0025975857599718614,0.008534450820018432,0.004337167077243007,0.00030576708566958864,0.9999541282666091
1741341966.5556786,2,0.015645339605066186,8.020687212661615e-06,0.0021885069673248593,0.007374899372968469,0.005437022075018168,0.00037595850192869394,0.9999579532687358
1741341966.5727358,2,0.015726371775526053,2.1967406352422673e-06,0.00207906062175808,0.004855415809666124,-0.00010522840949149249,0.0005883807919163013,0.999988033764575
1741341966.589189,2,0.015730794949056465,3.875958020150334e-05,0.002787041931515468,0.008811724201844905,0.005251229774688166,0.00025720256740583835,0.9999473545888721
1741341966.6062696,2,0.01567723582389104,6.497281167193365e-05,0.003300899603425808,0.011603701081387944,0.0070458318239622186,0.0002701076656570219,0.9999078144593986
1741341966.6234286,2,0.015620858495278814,5.656790154362111e-05,0.0031131605316716124,0.009931217872378216,0.004002208995641455,0.0003716670452669745,0.9999426059021258
1741341966.6390982,2,0.015475388994562009,0.00010150026621358884,0.003959758146506119,0.013586932082349673,0.008097027780429346,2.977554555479397e-05,0.9998749084416158
1741341966.6558878,2,0.01553723968314926,4.469604069810414e-05,0.0028048261789767382,0.008984237748334605,0.0047832731060455935,0.00024369186099693725,0.9999481708492451
1741341966.6729033,2,0.015615131329520927,2.1070608884784003e-05,0.0024015376020063866,0.007568143087500742,0.005283903129060609,0.00024097608060705568,0.9999573718456495
1741341966.6893358,2,0.015706320193221265,1.0838965154900764e-05,0.0021866817502615124,0.005177410617164973,0.000717408147561964,0.0005802171743241788,0.9999861714508265
1741341966.7065198,2,0.01563682779634509,0.00010182897789199339,0.004046120547498465,0.014379650642477074,0.0038526223701850393,0.0004390679765500047,0.9998890889331601
1741341966.7226238,2,0.01559021476914326,0.00012597334132459883,0.00457566191271657,0.016539895511854138,0.0061184712655519505,0.00031384131735357363,0.9998444367347638
1741341966.7397084,2,0.015622001448863176,5.63732609738821e-05,0.0031310207080922936,0.009879634476863679,0.003737934601084471,0.0003868839466335,0.9999441339336581
1741341966.7559552,2,0.015474658550105921,0.00011771352228810308,0.003651095419666442,-0.06341638929290054,-0.08800741420176876,-0.0005938310530186001,0.9940989407394266
1741341966.7725658,2,0.015534332481258736,3.9095325592811566e-05,0.0027547814532647274,0.009048865366477189,0.0048116748370612816,0.0003185894912095605,0.9999474307790275
1741341966.7893238,2,0.015600164803848113,1.8844287426213707e-05,0.0023543120512367274,0.007727074184036034,0.0037631750030306392,0.00037834457770391045,0.9999629931621627
1741341966.8064554,2,0.015685773944842978,1.8563327620413212e-05,0.0022555748481838805,0.006267796251187227,0.0018044967206926963,0.0006020624051759208,0.9999785477912009
1741341966.8230536,2,0.015679821122263574,6.20765508911748e-05,0.003214307001592882,0.009760089961655184,0.0018906653661238833,0.0005804423424974601,0.9999504133281314
1741341966.83932,2,0.01563808292445597,8.575508616929717e-05,0.003750440677521993,0.012396075395941883,0.004254618189839332,0.0004777153312115285,0.9999139999654466
1741341966.8561318,2,0.015629558826592106,5.2034468870955174e-05,0.0030093184471666054,0.009641084826903309,0.0035238330180247957,0.00036713789472649647,0.9999472472555678
1741341966.872694,2,0.015481172731661684,9.464370741477321e-05,0.0038715377289785676,0.01380771528951849,0.007878212859845203,-3.5351766936462004e-05,0.999873631770971
1741341966.8897188,2,0.015541180861512027,2.2946923449253128e-05,0.0024995239974332944,0.008017436921744711,0.00395246713967217,0.0003940667093959114,0.999959970908908
1741341966.9061713,2,0.015588767599385116,1.3576605650915582e-05,0.00227786724581302,0.007493513845862749,0.0026790562765970256,0.00041884501697506317,0.9999682467341452
1741341966.9233592,2,0.01567709202444991,1.1940765802729062e-05,0.0022178410112612553,0.0055787237626215075,0.0017632726869197988,0.0004780942339782927,0.9999827699198198
1741341966.9398117,2,0.015693793875268154,4.515916124909417e-05,0.002848443924197962,0.00867782250569524,-3.190573932248675e-05,0.0006539929699110701,0.9999621326189201
1741341966.9561172,2,0.01566070424402498,7.217263648328657e-05,0.0034095271794162474,0.011847742999285966,0.0024845352157831123,0.0005443304678745291,0.9999265781920822
1741341966.9732862,2,0.015630649052448698,5.8487208485059834e-05,0.003115226335170546,0.010419060695753933,0.00353609482032327,0.00040715542449415394,0.9999393848789536
1741341966.9894445,2,0.015488386715514047,9.733552513779992e-05,0.003862665733064606,0.013329936011970878,0.008422240944340667,-7.268873659208055e-05,0.9998756789620097
1741341967.0062323,2,0.015559852911327063,1.5602538031480226e-05,0.002283622801994839,0.007955821015902892,0.002885079290725174,0.0003864661169814965,0.9999641152928387
1741341967.0230849,2,0.015584503905826767,2.2465506201015277e-05,0.0023812703246511723,0.007009094378595921,0.003930996637976781,0.00033748358106670655,0.9999676524599467
1741341967.0394905,2,0.015657378907161082,2.290091114706609e-05,0.002416871441129455,0.0061998955816626854,0.0031771700443434642,0.0004605732895543633,0.9999756270817458
1741341967.0565429,2,0.015717841467064918,2.039385912294067e-05,0.0024515210078479457,0.007532022975477672,8.82193699346869e-05,0.0006157482446479147,0.9999714404428452
1741341967.0729024,2,0.015660431699124976,7.559538382032484e-05,0.003510236885726077,0.012443401829373684,0.003041741976739839,0.000543743736179731,0.999917803571578
1741341967.0901494,2,0.015641890168922517,5.8685864239765315e-05,0.0031250936987583296,0.010065592982734519,0.0032761123099770747,0.00038344391056000155,0.9999439003748188
1741341967.1063385,2,0.015460910249327681,0.00012377938708244072,0.0038234318552666357,-0.06529822520694693,-0.08532050024481691,-0.0006945957211047086,0.99421128114681
1741341967.123656,2,0.015520205472440271,4.751103415155575e-05,0.0029516229838300323,0.010592583038116108,0.005585097462327214,0.0003240987452645015,0.9999282468412022
1741341967.139579,2,0.015598204897537597,1.7581184259501984e-05,0.0022758331738842253,0.007045106904535939,0.004041042972474277,0.00030434100382203044,0.9999669713630305
1741341967.1564052,2,0.015657572637260107,1.711774384287282e-05,0.0023248329107091368,0.006384861349387634,0.0022428217253021993,0.0004806185748559098,0.9999769858861968
1741341967.1729085,2,0.015735657678249755,1.0144071585411321e-05,0.002223022965080746,0.006250679753907898,-0.00048555780677884307,0.0005974841374772019,0.9999801679278124
1741341967.189659,2,0.015725297913989682,3.407584470707856e-05,0.002726005442708672,0.009242110283300868,0.004651375180186374,0.000260523649460509,0.9999464386825289
1741341967.2066195,2,0.015646169172790537,5.917442165533285e-05,0.003221013600182727,0.011087382350430238,0.0036974462059552074,0.0003505140583168027,0.9999316356551903
1741341967.223461,2,0.015506381427799821,0.0001032418591103608,0.0034313629075615917,-0.06312903036208352,-0.08410982149290092,-0.0005721944917126005,0.9944545922501635
1741341967.2401597,2,0.015540337105175597,4.57596958613317e-05,0.00291655715657817,0.010637492757056046,0.005885977889125274,0.00016834275886858728,0.9999260826045333
1741341967.2566683,2,0.015610249206351233,1.0826994508239616e-05,0.0022173150615983715,0.007787244761500904,0.0037229634092195325,0.00026640346205034787,0.9999627130006766
1741341967.2732418,2,0.015666597376350497,1.4911504423781777e-05,0.0022221234312331467,0.006020933016833804,0.002366371598942838,0.00046246880920934526,0.9999789671656414
1741341967.2898548,2,0.01573220803194466,2.4704895255194684e-05,0.002415382273213154,0.0066876869562446754,-0.00014773055510420067,0.0006645994757745952,0.9999774054079398
1741341967.3064334,2,0.01572047992173849,5.5225842084395284e-05,0.003112941868129179,0.010842339278115676,0.009960858190576285,3.963093461279515e-05,0.9998916058315893
1741341967.3233588,2,0.015626356233787105,8.981595972355568e-05,0.0037391991310905567,0.012635630754350239,0.004724602068701924,0.0003490209527132434,0.9999089444319952
1741341967.34057,2,0.015564815098034283,7.36998541607982e-05,0.0034119288858459602,0.011556640152908793,0.0063038050458450665,0.00018802921250502238,0.9999133316219638
1741341967.3567343,2,0.015536908972733621,5.3784795831798836e-05,0.003143436692043018,0.011857555713197639,0.007219625052127734,0.00013517266882724985,0.9999036239133072
1741341967.3732524,2,0.015600688483572642,1.8883033716843684e-05,0.0023625266720552532,0.008216842689167704,0.004889035259713889,0.00029372744454956933,0.9999542462306158
1741341967.3897283,2,0.01565196149330721,2.324397009291599e-05,0.002392577232714443,0.006811211334983187,0.0029449474689255094,0.00048547132442326734,0.9999723491187887
1741341967.406599,2,0.01573084082009346,2.1029877615343236e-05,0.0023821041022911438,0.006574820146049321,5.070951557495682e-05,0.0006550476262084307,0.9999781698023209
1741341967.4234784,2,0.015710066715119812,5.516820549247866e-05,0.003090920147858867,0.01081193399005523,0.0068531294798439375,0.0002718028181583257,0.9999180280517775
1741341967.439985,2,0.015642448061521493,8.237850351303502e-05,0.003560284984981437,0.013001598416811932,0.004438306682863553,0.0003991264211724204,0.9999055458244528
1741341967.4566405,2,0.015565491576811035,7.491394380722272e-05,0.0034731707216220853,0.010796475265794553,0.006891414777180817,0.00016634952805091808,0.9999179550603331
1741341967.4732206,2,0.015530074254759106,6.207795312908721e-05,0.0032727146321445467,0.011834426171031054,0.008359720148572126,9.52469967662003e-05,0.999895020671795
1741341967.4899201,2,0.01559417220213105,2.3396080226197136e-05,0.002433859173791211,0.00820502298537745,0.004443721585377351,0.00024839178946486326,0.9999564336698875
1741341967.5072937,2,0.01563939848258087,2.1834286319917185e-05,0.002448801633807073,0.006425843125644345,0.003425735403166969,0.00034708660719893575,0.9999734258508869
1741341967.5232296,2,0.01573785754836568,4.679736114634478e-06,0.0021437186509375736,0.005064757000958826,-0.00027768028807520934,0.0006192417801100097,0.9999869437496655
1741341967.5400367,2,0.01572620903966791,4.867199910181429e-05,0.0029907329662475944,0.010230723692594663,0.00921443821594597,5.23973597656734e-05,0.9999052073449798
1741341967.5570984,2,0.015613514935832308,0.00010066436661196722,0.004041168340737097,0.014383892989261234,0.006169584194806451,0.000312818458035647,0.9998774634913765
1741341967.5742302,2,0.015582141446144485,6.679092579228543e-05,0.003315077890159699,0.010581928593532762,0.005906929562393517,0.00018994501959772208,0.9999265447478008
1741341967.5913715,2,0.01554047390592576,6.283582020397019e-05,0.00316236244691663,0.011238091679144484,0.008207040359328083,1.0764997261287055e-05,0.9999031701460228
1741341967.6101828,2,0.015576344089259182,3.442116463842658e-05,0.0026121989642940405,0.007893010620783241,0.005015575667493927,0.00018458733739210883,0.9999562541989419
1741341967.6265695,2,0.015622603460922242,2.5449682311529948e-05,0.0025510041506272047,0.007200611269570539,0.0033898081333794874,0.0003473424599120078,0.9999682693722731
1741341967.6412668,2,0.015738470948268142,-2.6759155246249333e-06,0.0019674933376756716,0.004613042638036955,-0.0005365317641672049,0.0005937411977206295,0.9999890396612734
1741341967.6582122,2,0.015634988463576055,0.00010228318367786751,0.004096395121741563,0.014912945323171715,0.004667121641269582,0.0003301964556372142,0.999877849043409
1741341967.6745539,2,0.015638565101351507,7.913926030380498e-05,0.0036250293746919503,0.012501467167141967,0.0045784607511223175,0.0003564272468928514,0.9999113080545878
1741341967.6918395,2,0.015587279565368772,5.682409237857754e-05,0.0031971700842020733,0.011193349892635804,0.005740624463941139,0.00015587648922014272,0.9999208617943048
1741341967.7073221,2,0.015533565744293227,6.210162826993612e-05,0.0032318300135438195,0.011484267948650083,0.008077437091872025,2.4572137782479505e-05,0.9999014281397544
1741341967.7242458,2,0.015555436875268957,3.828602573005955e-05,0.0027106764002021266,0.008879198514434706,0.004843270842465179,0.0002852764291978668,0.9999488092790784
1741341967.7404132,2,0.015657382805568353,-2.8311436268447455e-06,0.0019440043745970336,0.006461184401830781,0.004302988836277874,0.0003663683028589828,0.9999698011227475
1741341967.7570028,2,0.015722849859333435,-3.029604670878202e-06,0.001954248976551966,0.00453339882304424,0.0005625011286125118,0.0005569866858860193,0.9999894107706458
1741341967.7739544,2,0.015688327032794658,5.9546663382198846e-05,0.0031814034353035013,0.010628427043448657,0.0023724751526715106,0.0005821531363995041,0.9999405327308009
1741341967.7904615,2,0.01565341642093432,6.639259543971964e-05,0.0033265455811175384,0.011612441755992966,0.0032640726670556206,0.0004922951699352647,0.9999271246803706
1741341967.8071475,2,0.015582754295041114,5.8656153038381124e-05,0.0032452268284898,0.010415799823225904,0.006195338334787167,0.00014594145852800982,0.9999265511016551
1741341967.8238132,2,0.015520887241492235,6.330135507425573e-05,0.0033837793990555646,0.013109523803981272,0.008569179254214422,1.8960217066717263e-05,0.999877347074656
1741341967.8405735,2,0.015555253317664794,2.7438633979926584e-05,0.002613526247730477,0.009699852623243368,0.00473345629273847,0.0003286742690570642,0.9999416979123518
1741341967.8571675,2,0.015636856665673732,2.5361280570648003e-06,0.002083543503448244,0.00720017392598276,0.004370244282356641,0.00032969990816419454,0.9999644742481199
1741341967.8742094,2,0.015733694233666023,-1.3232511835397373e-05,0.0017252476466480804,0.004028764217971317,-1.634814439073408e-05,0.0005324760912308566,0.999991742596321
1741341967.890342,2,0.015698173199269982,4.9439809767165836e-05,0.002968876016804303,0.009858471420461366,0.001498500908018797,0.0005348785822217224,0.9999501382274932
1741341967.9072242,2,0.015665047475513984,5.89956637157835e-05,0.0031667573270716455,0.010809038869891579,0.00272428347943967,0.00044565475535679027,0.9999377702387644
1741341967.923677,2,0.015601677975990947,5.371882541975125e-05,0.003097265468704657,0.010453539770913513,0.005066348416183181,0.00025374607239894443,0.9999324933378825
1741341967.9403749,2,0.015545006359401849,5.565097282215988e-05,0.0031772085337086284,0.01290131704062703,0.008663239512576344,9.272806003878643e-05,0.9998792405592147
1741341967.957203,2,0.01554726700964752,3.285661612345875e-05,0.0027120813030639375,0.009965865144072786,0.004863703365173934,0.0002730098805983297,0.9999384738008189
1741341967.9738915,2,0.01564415629630139,-8.648596909900525e-06,0.0019030480511520746,0.006538380889354123,0.003419716571913194,0.0003738429177529561,0.9999727073052477
1741341967.9903874,2,0.015711568789450597,-6.250222650620871e-06,0.0019416803903286458,0.0057195067056780855,0.001059573984746684,0.0005138243148942366,0.9999829501199448
1741341968.007381,2,0.015716703731240265,3.046115190217698e-05,0.00264996945434802,0.008302671399788382,0.0006572700878999169,0.0005686945182655668,0.9999651545079977
1741341968.0237997,2,0.01567944239169043,4.998911209862723e-05,0.0030307754577109285,0.010633365021751688,0.001996111889118208,0.00044431629157503586,0.9999413731157808
1741341968.0405967,2,0.015618841672479329,4.815912534492937e-05,0.0030186821712990188,0.010509544767956878,0.004132014890978369,0.00027688767377649,0.99993619759209
1741341968.057545,2,0.015477912693394116,0.000106457863503265,0.003493364273325838,-0.06447179424659856,-0.08407591858738894,-0.0006263179905994923,0.9943712764285207
1741341968.0738556,2,0.015563586954436881,2.7245613877466703e-05,0.002516319513165968,0.009749876618185514,0.004379407294291037,0.00025075512743403383,0.9999428472765566
1741341968.090913,2,0.015631977779025103,2.209402532821195e-06,0.002100192170112743,0.007709377044274719,0.004294325627226948,0.0003226957939526547,0.9999610093100736
1741341968.107328,2,0.015720542561044628,-1.042356727809805e-05,0.0018347391518014377,0.004424181898455035,0.0004384275455639542,0.0005603178187425582,0.9999899601694803
1741341968.1245768,2,0.01571511869773645,3.5509487224530634e-05,0.0027201697139754163,0.009429405201812558,0.0005112198921955501,0.0005547218235349542,0.9999552576267902
1741341968.1407607,2,0.01565182736179293,7.453265150073922e-05,0.0035533162881264597,0.012557031717302882,0.0038198822368570324,0.0005145262727769504,0.9999137286370569
1741341968.1572154,2,0.015642500815777283,4.2471925322796346e-05,0.0029150678750000988,0.010605807980945221,0.002984769779043546,0.0004161735064139514,0.9999392155456501
1741341968.173985,2,0.015497864167190203,0.00010618953513190584,0.00345678949380052,-0.0647271167395097,-0.08422269847383745,-0.0006266241022001302,0.9943422674122877
1741341968.1908588,2,0.015544734311814868,4.885721649875238e-05,0.0029553779152646444,0.011053265256031203,0.0058178442569000646,0.00015798783239728554,0.999921973483545
1741341968.208035,2,0.01563257198504371,9.573040413487963e-06,0.0021747182423294004,0.008013490663649177,0.004720406544373946,0.000258824735141113,0.9999567164328644
1741341968.2240338,2,0.01570968663766828,1.3599355214066985e-06,0.0019746682360331554,0.005682375539298597,0.000674218522777255,0.0005557254206084175,0.9999834734668722
1741341968.2410727,2,0.01572581087717866,2.9257876272952943e-05,0.0026122209211350937,0.00876649782479412,0.00046871343223431626,0.0005982059771292632,0.9999612847371718
1741341968.2573335,2,0.015613145987320122,0.00011000049154359743,0.004296432948955572,0.0166219244635586,0.005023645518351637,0.00032001728794784067,0.999849174726753
1741341968.2743278,2,0.01565867220134215,4.551426491957086e-05,0.0029229007107710115,0.010946673672195999,0.00219814501651599,0.00042254123025371065,0.9999375780282035
1741341968.2908814,2,0.015501255687599826,0.00010789642074910128,0.0035310561372599524,-0.0635003044684906,-0.08383892167472583,-0.0005053752164478276,0.9944538657678992
1741341968.3073413,2,0.015537418110655187,4.66284367811104e-05,0.0030573570571294215,0.012101413713474106,0.0061461216829340115,0.00029004388064242604,0.9999078441781228
1741341968.3253665,2,0.01565763783501927,-6.424102270572427e-06,0.0019093087641610532,0.007564618206427253,0.0033124737186176413,0.0003553915603290441,0.9999658382995358
1741341968.3406942,2,0.015707130577726925,6.425384874454322e-06,0.0020366025243068017,0.00532198212580666,0.0003214586633217888,0.0005756861349199177,0.9999856207746461
1741341968.3573668,2,0.015706499851715742,4.01695725931773e-05,0.002771507777339501,0.00904514920406472,0.00039393618980244975,0.0006232077012273079,0.9999588200032618
1741341968.3746626,2,0.015707453066860673,4.198559888108027e-05,0.0028794081600403,0.011051095836857126,0.004920361823680766,0.0003832984114912908,0.9999267555189513
1741341968.3908231,2,0.01565106764585581,6.068977013588642e-05,0.0032086338411138277,0.011268165945335681,0.0024758974284223487,0.0004446442763217999,0.9999333481085726
1741341968.4075499,2,0.015535148467424126,8.963558565096244e-05,0.003183850865051682,-0.06251775534852787,-0.08316446305341985,-0.0005348455468280386,0.9945727305187183
1741341968.424163,2,0.015550929305335375,4.3573966274137856e-05,0.0028944070760494297,0.011358429459614862,0.005517939660614603,0.0001958659060919707,0.9999202468490473
1741341968.4413214,2,0.015636507156185458,5.740820921821063e-06,0.0021626963933085073,0.0076060660625800365,0.004595084068508664,0.00035781491386623917,0.9999604516829365
1741341968.4578083,2,0.01567843524453558,1.1371206235188659e-05,0.002310491615411063,0.006607394899223757,0.0016004081458945113,0.0005132775166768641,0.9999767585162183
1741341968.474225,2,0.015718444778266942,2.524397608870887e-05,0.002515979482735202,0.00864300832441465,-0.0011086673774128265,0.0006991818965665825,0.9999617894741908
1741341968.490923,2,0.015617080524211497,0.00011036309227621392,0.004213568202238635,0.0159320965234842,0.004081718273049615,0.00044027827534843454,0.9998646478555715
1741341968.5077944,2,0.01564623066635671,6.11570170598774e-05,0.0032715270364726485,0.011475185546911437,0.0031090218644276987,0.0004546027441193851,0.9999292212132094
1741341968.524363,2,0.015531840081182255,9.106255055085145e-05,0.0032287654250156323,-0.06309351659135698,-0.08299899974484158,-0.0005166118929549763,0.9945502035179743
1741341968.5412154,2,0.015552192937796942,4.3456420864565554e-05,0.002872640342861082,0.011192235743136035,0.005889584678720747,0.00018271811575789658,0.9999200034330108
1741341968.5583982,2,0.015609173965755471,1.584030338021739e-05,0.0022858878344950003,0.00759204441708047,0.004918967471852376,0.00027693789407367533,0.9999590431242585
1741341968.5747068,2,0.015667134116021515,7.931452757258567e-06,0.0022256217988204296,0.006778461382038472,0.0018345276643528638,0.0004480632223245255,0.9999752427979854
1741341968.5921671,2,0.015733610009665815,5.110685054628025e-06,0.0021628478158263404,0.00611580141907352,-0.0012991697311439154,0.0006563483085702761,0.9999802389737059
1741341968.6083264,2,0.01568951008231083,4.793446109425256e-05,0.0030713083212239043,0.010689918850932912,0.0015236039734918892,0.0005465543962954992,0.9999415510639531
1741341968.6252203,2,0.015652910443330427,4.613033952241483e-05,0.003019910532114635,0.011731943197438826,0.002151097377959495,0.0005034647750922695,0.9999287378669056
1741341968.6413033,2,0.015520931817784819,9.624113346356738e-05,0.003329512994685657,-0.06318866644954425,-0.08353171870563149,-0.0005314557875696536,0.9944995535228548
1741341968.6579561,2,0.015524489949491382,5.698628424936476e-05,0.00320586778509946,0.012652161398931694,0.006959143633973383,0.00016568084882259844,0.9998957274044495
1741341968.6747098,2,0.015582723265047348,2.090409503768477e-05,0.0024731799642007672,0.009622921409275821,0.0041277996444210275,0.0003097657659666805,0.9999451308440962
1741341968.6919734,2,0.015644144483717017,1.7835965437794868e-05,0.0023388762830706764,0.007641149751933185,0.002468577758547117,0.0004181520747221028,0.9999676715290154
1741341968.7078407,2,0.015710754382955702,1.4982069269372498e-05,0.0023494382998944623,0.006818918054864818,-0.00025193354594079607,0.0006459748581127655,0.9999765105253884
1741341968.7243981,2,0.015685697507384272,4.642113491929588e-05,0.003081090054847126,0.011361280775145189,0.0008259493302441284,0.0006137345402166867,0.9999349291012722
1741341968.7417142,2,0.015656388985759953,4.5150324581259134e-05,0.0029842642815136803,0.01048743927254171,0.0022250590585383575,0.0004505811448953814,0.999942428195905
1741341968.7580924,2,0.015517137360803655,9.57161705423444e-05,0.0033736898641706886,-0.0637266591096395,-0.08398603048929429,-0.0005866543774322043,0.9944269281541085
1741341968.7749686,2,0.015527102597307477,5.0471990871509685e-05,0.00315599214746416,0.012893247931441821,0.006565581506361449,0.00026401218873631325,0.9998952883151445
1741341968.7919087,2,0.015566881099546251,2.9280630334033854e-05,0.002633573662449109,0.010375973875054473,0.004945650609023775,0.0002516534387721441,0.9999339060041641
1741341968.8082383,2,0.015624052897287615,2.2592945604936926e-05,0.0024870666318614577,0.007744774945070595,0.002566118197864849,0.00043914466881483845,0.9999666197680823
1741341968.8249197,2,0.01570411430195818,1.2311299219909292e-05,0.002280575850226959,0.006807120641866355,0.00025329211006426945,0.0006064999784802419,0.9999766152813027
1741341968.8416033,2,0.015688758321327125,4.8434870157473194e-05,0.00297582645827427,0.010406144756171206,0.00020485819783172383,0.0006457402038858703,0.9999456251236972
1741341968.8588223,2,0.015648569595444303,5.5003507084069506e-05,0.0031342763348290413,0.011360587674898861,0.002390998174432744,0.00042737928898175837,0.9999325164841646
1741341968.8748484,2,0.015551633933647004,7.149945792862196e-05,0.003509241056666746,0.012308358907555392,0.006605777170402736,0.00012942189499513384,0.9999024208686319
1741341968.891563,2,0.015528646125781793,5.600516860456621e-05,0.003179958635523949,0.012089079821512411,0.00735563629170524,0.00012420559387562745,0.9998998616545477
1741341968.9085944,2,0.015554288774506278,3.5015368043428486e-05,0.00277366975156165,0.010594656621239927,0.004774917860453453,0.0003415242352941245,0.9999324161020586
1741341968.9249566,2,0.015620164588300303,2.1662980672815235e-05,0.002514407883023408,0.008303856630226102,0.002631707500471814,0.0004605226483095518,0.999961953276017
1741341968.9415112,2,0.01570213659958112,5.432282915807296e-06,0.0022351983915532858,0.006973418232252677,0.0002569023091097079,0.0005801234337874825,0.9999754841475681
1741341968.9586942,2,0.015696358051227103,4.16792442803852e-05,0.0029048807085208478,0.010417246564295544,-0.00016528195478498223,0.0006399558797970993,0.999945520572179
1741341968.9753127,2,0.015649129606001934,6.370183914868182e-05,0.0033241901806344287,0.012143408154806657,0.002173321580217884,0.000492770652214309,0.9999237828398618
1741341968.9915102,2,0.015561431377513233,7.437853275851837e-05,0.003511381337309143,0.011578541588079482,0.006578812225795888,0.0001252817073382243,0.9999113165220627
1741341969.0086362,2,0.015539042923049657,5.2007134352212514e-05,0.003140740858491898,0.012482975183419086,0.007250926316681841,0.00010983444563555052,0.9998957882372117
1741341969.0251498,2,0.015571206053937805,2.7957093937811485e-05,0.0026570039342859474,0.010025520897187352,0.00444329063939575,0.0003321391924024524,0.9999398160802433
1741341969.0415692,2,0.015613573542217655,2.486402731366445e-05,0.0025800247248742303,0.008253278665923076,0.0029097532312041367,0.0003995925030511229,0.9999616277904005
1741341969.0581317,2,0.015701520357523036,5.073091824882127e-06,0.0022320195904724635,0.0075813855480054435,0.0004155618051887466,0.0006192594436169991,0.9999709827886507
1741341969.07481,2,0.015695036074084203,4.6795504683031696e-05,0.0030289000637271817,0.010126036420622663,0.0012312166729874503,0.0005675729982461136,0.9999478113145727
1741341969.0922942,2,0.015650605653727154,6.790895235470038e-05,0.0034513403592999863,0.012860431426812112,0.003128248297489701,0.00043387281740077074,0.9999123137157998
1741341969.1082554,2,0.015598813514087748,5.105615830573262e-05,0.0031458771490979463,0.011629568517665527,0.00470019694912088,0.0003086253340671136,0.9999212799191423
1741341969.1254413,2,0.015512259396664054,8.999056495925647e-05,0.003191497751394676,-0.06360610246142882,-0.08503467638580299,-0.0004948879105798808,0.9943455750530517
1741341969.141859,2,0.015591710427844388,2.6672838772951978e-05,0.0025561984521625895,0.00929564809308161,0.004993840709365218,0.00028847188625630445,0.9999442830805475
1741341969.1588998,2,0.015631356737909666,1.3018851599488535e-05,0.0023397918267605215,0.008363966139337018,0.0019936697836570724,0.0004343475387502472,0.9999629396599803
1741341969.1753502,2,0.01572025435939165,-2.4679200204377923e-08,0.0020381284959684913,0.005927790214513419,-0.00017723027306179646,0.0006020131058123351,0.9999822335785888
1741341969.1917136,2,0.01569315015555518,5.431222348434057e-05,0.00314049600420108,0.011156339536071327,0.001961507351570956,0.0006173380877758852,0.9999356516650214
1741341969.2085133,2,0.01563308326429693,7.982194937408978e-05,0.0037647405705755616,0.013939175206415197,0.0040434837599461326,0.0004960877336680438,0.9998945462050528
1741341969.225456,2,0.015615175648123696,5.165073895038652e-05,0.00311045761384512,0.010968901103016272,0.003552513383110101,0.0003871067982620641,0.9999334542886251
1741341969.2415946,2,0.015476308277087418,0.00011296136930291491,0.0036701635105068522,-0.06483526934652098,-0.08406385510440302,-0.0006011172924634506,0.994348678669485
1741341969.2583954,2,0.01556153992594305,3.90817083525261e-05,0.0028946117056666493,0.01141857634205177,0.005886728230584297,0.00030604244344489243,0.9999174310327242
1741341969.275266,2,0.01562392834488483,1.800500621499087e-05,0.002375390478832735,0.00851489304374905,0.0030638715107570193,0.00033956490868883174,0.9999589961510881
1741341969.2918243,2,0.01571096380428599,7.718688582946199e-06,0.002154246036468573,0.006192098317780572,-2.262432007540153e-05,0.0005929470355768158,0.9999806527230294
1741341969.308594,2,0.015701250653298766,4.267033123462163e-05,0.0029620622608615655,0.010537642905097146,0.0009396129770638548,0.0006458648693577546,0.9999438274563369
1741341969.3256001,2,0.01564711515358883,7.566701417254503e-05,0.003605657036019145,0.012904506157753215,0.0028365743648309984,0.0005605826558852937,0.9999125528333882
1741341969.341827,2,0.015623214171966614,5.2534476917402036e-05,0.003110015517130376,0.010440067607199819,0.003615884580234961,0.0003539981355023806,0.9999389006596252
1741341969.3586526,2,0.015473530976239387,0.00011179250560700395,0.0037564626973599457,-0.06601320015821117,-0.08472011694527244,-0.0005745577688230287,0.994215484225136
1741341969.3755758,2,0.015578292566140068,2.7117788863609694e-05,0.00265874220708675,0.01016708620311019,0.005309271194198835,0.00027414132885752416,0.9999341812559748
1741341969.3917778,2,0.015618052431394568,1.886476982083869e-05,0.0024233636353482775,0.008278817931831177,0.0018480126068344592,0.0004198369831667729,0.9999639342296122
1741341969.4093904,2,0.015707700133864664,1.8368082847015473e-06,0.0021195889752343195,0.006179480005512632,0.0003713456709265456,0.0005734362239735334,0.9999806734633181
1741341969.4253254,2,0.015706598468514386,3.799277507435597e-05,0.002818319368503636,0.009576679869306277,0.0003349329545431413,0.0005821613216175675,0.9999539169935744
1741341969.4422438,2,0.01567289765756209,6.214851146510675e-05,0.0032898304725938322,0.011752977082706366,0.002069383046765752,0.0004598062405226656,0.9999286843378983
1741341969.4589124,2,0.015626380239257297,5.024032635373023e-05,0.0031193296908503527,0.010976539192461575,0.0031047673886333,0.0003723795455381705,0.9999348665489632
1741341969.4756863,2,0.015505218979123398,9.683499966798895e-05,0.0033925233708196573,-0.06408759811032302,-0.08318778054244962,-0.0006010405276698139,0.9944708199274401
1741341969.4923263,2,0.01556352936654052,3.7791253739631775e-05,0.00285132461295178,0.010714996610615542,0.006014592084951676,0.00019767582291429519,0.9999244843756728
1741341969.508552,2,0.015636539196741458,3.8027124609332083e-06,0.002255578513768674,0.00905878231600689,0.005138697178752573,0.0003715637948282309,0.9999456956228187
1741341969.52533,2,0.015683675622276263,7.10875671667508e-06,0.0022453570132514892,0.006586171890223429,0.001262103451099218,0.0004814609308698193,0.999977398559629
1741341969.5418823,2,0.015703431749971387,2.7112454495154566e-05,0.002687055143537548,0.0092572664468467,-0.00023106969180630395,0.0006967431968038804,0.9999568811572063
1741341969.5588853,2,0.015669990117706662,5.131996039550617e-05,0.0032163774036565846,0.011706265064765058,0.0018555191552949173,0.0005372995405301574,0.9999296133809128
1741341969.5754023,2,0.01563317600394802,4.7445252495145876e-05,0.002972875558403578,0.009941258868555729,0.002755672392647319,0.00038589873851576257,0.9999467129422129
1741341969.592148,2,0.0154870449647727,0.00010931499692910893,0.0035434031237141107,-0.06443530832870488,-0.08357672138201508,-0.0005990160196646846,0.9944157399515686
1741341969.6089926,2,0.015554117137105309,3.7184430099651954e-05,0.0028362600250881323,0.01067229367699929,0.005542252687268298,0.0002357008600810299,0.9999276623975991
1741341969.6261237,2,0.015602370290259255,1.752830083196974e-05,0.0025003498222609505,0.009000347618692563,0.004907119983662756,0.00039825656390575937,0.9999473762693304
1741341969.6421697,2,0.01566392589985083,1.2008132690119557e-05,0.0022943029362058284,0.006416382739145016,0.0021531814431365814,0.00043422453806393817,0.9999770023811889
1741341969.6587286,2,0.015710329751000653,1.96471741009396e-05,0.002451735353967611,0.007689941137615249,-0.0003401535954080916,0.0006660469318677541,0.9999701522957153
1741341969.6759932,2,0.015679635587297874,4.541503865031722e-05,0.0030352897115000065,0.011202617292975508,0.000938188005548503,0.0006000333673830611,0.9999366285565358
1741341969.69239,2,0.01563753280615906,4.032176195922494e-05,0.0029212067093088217,0.009837070854235725,0.0026716697473764266,0.00042102218886402756,0.9999479571248127
1741341969.7090445,2,0.015480562451583,0.00011053436709738441,0.003643957912931745,-0.0642944246432194,-0.08421690514748548,-0.0005900877136309658,0.9943708521691829
1741341969.7262058,2,0.01552177533934853,5.5247021906653264e-05,0.0032298755212019953,0.011950245083783803,0.006773775990298126,0.00014458886210757504,0.9999056388956569
1741341969.742097,2,0.015597436339608436,1.9963067884849887e-05,0.002487329271567081,0.009063662360423939,0.004942755581167097,0.0003121595265999097,0.9999466594515485
1741341969.7592676,2,0.01565577761185769,1.7839131671859867e-05,0.002387789424420049,0.00694632962668866,0.0024612194852824633,0.0003993537247609375,0.9999727653391192
1741341969.7759254,2,0.015709463409180672,1.957816479498794e-05,0.002417999707261004,0.007558734366966544,-0.00035505993433071134,0.00063727286598545,0.9999711662595612
1741341969.7927735,2,0.015680998721153503,4.690060333846605e-05,0.003002727173848109,0.010246079520195253,0.0009661195158719713,0.0005904445588703674,0.9999468665098009
1741341969.8097067,2,0.01563530552547142,4.8812133942433153e-05,0.0030746067143758906,0.010237614224216592,0.003328331602166204,0.00039641146884517796,0.9999419764774802
1741341969.8255718,2,0.015514236277846209,9.359014090080443e-05,0.003377560652752098,-0.06293200900700004,-0.08343536338984095,-0.0004821729590078935,0.994523941334539
1741341969.8422978,2,0.01554681846332023,4.373538619159222e-05,0.0029643954828847763,0.010975619916264764,0.0062796752549622225,0.00016654667385496274,0.9999200336568677
1741341969.8594034,2,0.015612297806813788,9.131364823468003e-06,0.002274176694914111,0.007551777193672036,0.004433860722364602,0.0003070449337648047,0.9999616078948833
1741341969.875953,2,0.01565243644821067,1.3450723994078557e-05,0.0023765220878442083,0.006430533475835625,0.002619866250150373,0.00041889260567479284,0.9999758042417989
1741341969.892451,2,0.015713415686494103,9.896127173558503e-06,0.002308368135416325,0.006761716420587633,-0.00039310325882811335,0.0006314070753165657,0.9999768627253236
1741341969.9099085,2,0.015661393105967945,6.260033852667248e-05,0.0032856256283633383,0.010484403686746566,0.0019078401445374975,0.0005626003252404317,0.9999430588319468
1741341969.926166,2,0.01565046789336139,4.2303656432983055e-05,0.0029476611951511954,0.009252847740184112,0.0031713849949478582,0.0004189513505059961,0.999952074654419
1741341969.942603,2,0.01555930181927335,6.152119012455394e-05,0.003369414496109221,0.011755673142597907,0.006400583554435997,0.00012998566749449842,0.9999104058778733
1741341969.959818,2,0.01552929648428859,5.8595190768199296e-05,0.003289269111924416,0.01168435036651771,0.007984496843999492,0.00012393120282820793,0.9998998491887663
1741341969.9760559,2,0.015579812535859295,2.996557462544315e-05,0.0026960173001327383,0.009248050807901087,0.0051774352951893575,0.00028891026028370325,0.9999437905456886
1741341969.992583,2,0.01565496883057908,8.229551530537825e-06,0.0023307959423235535,0.006200841490683804,0.002390845449339828,0.00043149571117548,0.9999778233712466
1741341970.0092096,2,0.015708230714780443,1.6553214859883515e-05,0.002455694420753981,0.0072338824752073375,0.0001431268361366905,0.0005818572314911465,0.9999736556035894
1741341970.0263197,2,0.015689945664335708,4.8836400640768816e-05,0.0030428196832640274,0.010562107665163861,0.0010719758149763906,0.000469011605733617,0.9999435347946579
1741341970.0429413,2,0.01565379371344146,4.740160047722576e-05,0.0030467078971394665,0.010364568786824256,0.0022287332281863267,0.00047286945116082203,0.9999436908429109
1741341970.0592206,2,0.015577560926396684,6.054503055735723e-05,0.003304644537047507,0.011075223415585502,0.005515626528208446,0.00020856452500864081,0.9999234339643887
1741341970.0759969,2,0.015480871796116366,0.00010195628953364001,0.0034976098830494305,-0.0634300143041398,-0.08319949932782972,-0.0005381500545409664,0.9945120346137064
1741341970.0928426,2,0.015580015915287055,3.0810556012529066e-05,0.0027577351999800823,0.0095677502017021,0.006217069163185288,0.00022862225235348253,0.9999348748488391
1741341970.109465,2,0.015649951743559,1.4621223710895818e-05,0.002385334800890904,0.0067895395057279645,0.0023492875208138407,0.0004390967363339895,0.9999740947622098
1741341970.1269574,2,0.015717704433693823,1.2489677645749988e-05,0.002364785833145375,0.006923195765300467,-0.00012355080595189484,0.0005921021704454992,0.9999758514637308
1741341970.1427836,2,0.015665672976205428,6.286249858931456e-05,0.003414256878426867,0.012071874912464694,0.002006431716509995,0.0005859156956040153,0.9999249475688976
1741341970.1595461,2,0.015652824748233148,4.912772042457526e-05,0.0031281156988048077,0.010223607843056915,0.002535330045025418,0.0004588103805371978,0.9999444181739648
1741341970.1761556,2,0.015598342977251314,5.441117644994559e-05,0.003164240998992714,0.01030189457621299,0.004476435577303112,0.00028915319863958086,0.9999368724490014
1741341970.192725,2,0.015486528409356892,9.944408588656463e-05,0.003523366681290457,-0.06441235756584572,-0.08304915663045827,-0.0005477774951722726,0.994461455118093
1741341970.2094333,2,0.015591369238200219,2.239337667762291e-05,0.0025640634821042156,0.009610702035563657,0.0060186274850766545,0.00026853591625299576,0.9999356671396621
1741341970.2262037,2,0.015625841803083376,3.3768696488893915e-05,0.002622934749568311,0.00850534790356352,0.0030031653940085835,0.0004935490657162762,0.9999591973995615
1741341970.2426493,2,0.015718123703897816,1.1018259059761858e-05,0.0023034079550530422,0.006359892300745364,-0.00027124726415790894,0.0006310215789950461,0.9999795397939958
1741341970.2601235,2,0.015688892565702644,4.8105222703000167e-05,0.003112226959915434,0.010871580597085293,0.001290170054099249,0.0006022401383079222,0.9999398889450146
1741341970.2761538,2,0.01565822344735132,5.41589463004263e-05,0.0032039995376179253,0.011046351149352327,0.0016713130566004446,0.0005125003910205422,0.9999374591354708
1741341970.2927876,2,0.015601574969979416,5.404862650895166e-05,0.003187980243362652,0.010718687454217807,0.004365465486937921,0.0003189731756872398,0.999932973106925
1741341970.3101022,2,0.015484652257805624,9.725735517451098e-05,0.0035263521912053757,-0.06433635818189402,-0.08339221441069823,-0.0005739550548989593,0.9944376512216168
1741341970.326652,2,0.015581968139879531,2.8281491468729472e-05,0.0026867216393872385,0.009589367160118937,0.006317094003697187,0.0002167339142381435,0.9999340435184849
1741341970.3430269,2,0.015642403019578338,1.8874042759524135e-05,0.0024425391235462163,0.007070009461805479,0.002801439187811121,0.00036682927019343847,0.9999710157504434
1741341970.3598595,2,0.015699038559424196,1.813152603328363e-05,0.002458300287186749,0.007254040490589537,-0.00033632036741628097,0.0006335022945345112,0.9999734318770745
1741341970.376736,2,0.015688741246176103,4.43453892004082e-05,0.0029605421828996785,0.010015678031169255,0.0008510914857428499,0.0005596504072077804,0.9999493230300627
1741341970.3931358,2,0.015656204679612238,5.8726708413361826e-05,0.0032773434928228943,0.011000079461655984,0.0017926159517049438,0.0005402403251801893,0.9999377445222668
1741341970.4099731,2,0.015612810429342436,4.789864925092859e-05,0.003094921922606185,0.010147834805296576,0.004117676381743764,0.00033230077813729695,0.9999399760816509
1741341970.4265614,2,0.015512185592891475,7.432853049015573e-05,0.0035875629565391017,0.013680837455322751,0.006541921038903001,0.0001401696082429806,0.9998850025418538
1741341970.4432502,2,0.015586705945522894,2.454245926898294e-05,0.002596986849643538,0.009006154832764875,0.005375586902676954,0.0002768112623979575,0.9999449562931477
1741341970.4595463,2,0.015614649962738925,2.7079541744031155e-05,0.00267678791903714,0.007980391532797889,0.0034812974825631626,0.0003422823505417446,0.9999620376602373
1741341970.4764361,2,0.01567589202834463,1.9321139100780922e-05,0.0025343359108533645,0.007994672832999124,0.0012984224154307341,0.0005423399420684181,0.9999670520436719
1741341970.4938657,2,0.015688577615587857,3.7048198610960545e-05,0.0028959880094338204,0.010100011264204095,-0.00035832442219665094,0.0006515617160634311,0.9999487171067332
1741341970.509701,2,0.015654727832378888,5.866999209788955e-05,0.0032719260819297317,0.011016339090689567,0.0019085563196814617,0.0005377664141807361,0.9999373522841805
1741341970.526264,2,0.015596881307380154,5.95731632035604e-05,0.0032841984244758476,0.010640420235183825,0.004430187289478097,0.000333952937862452,0.9999335194767871
1741341970.5430436,2,0.015476587968913432,0.0001067477803045127,0.0036003039361323344,-0.06390117346148055,-0.08379990172930134,-0.0005494882374750689,0.9944314529232681
1741341970.560879,2,0.015578069854703855,2.798932367909948e-05,0.002677625730369333,0.009531367349688074,0.005303617665061627,0.0002559428094642086,0.9999404778132478
1741341970.5772114,2,0.015613400995402114,2.220726353105879e-05,0.002514869138336796,0.008211217883119692,0.0027261926617484066,0.00037435136813793873,0.9999625011146669
1741341970.5931005,2,0.015681463091365047,1.254450795572507e-05,0.0023730485683626347,0.006217107597737802,0.00124586910447825,0.0004932660186728878,0.9999797758314553
1741341970.6104114,2,0.015681170717399977,3.942303719807754e-05,0.0029921272516252083,0.01003929182676008,-0.00018173839640452693,0.0007075525578500867,0.9999493381967659
1741341970.6272814,2,0.015667558417765386,4.403306796177858e-05,0.0030618917628625593,0.010795206781427768,0.0009478012634519888,0.0005593966604855046,0.9999411243961753
1741341970.6432357,2,0.015607292993033962,5.106311125278566e-05,0.003132352053106571,0.009869763042812956,0.004236119233137508,0.00033604845608868036,0.999942263404621
1741341970.6598184,2,0.015481662130373592,0.00010459537258349087,0.003582375154900001,-0.06392288727205786,-0.08354451759700882,-0.0005282407144216515,0.9944515569016091
1741341970.6767504,2,0.015563710551959752,3.265499703868241e-05,0.0028061890439213615,0.01082296502046003,0.005578616562325518,0.00033742757340478774,0.9999258115520617
1741341970.693333,2,0.015617101045606692,2.1280923524904763e-05,0.0024936807344181997,0.008099356129276496,0.005283829337693963,0.0002608699670828452,0.999953205667486
1741341970.7099898,2,0.015665616456258056,1.948005594309316e-05,0.002470590932815033,0.006854559556363128,0.0020618022133582254,0.0004587171941227404,0.999974276450878
1741341970.7267404,2,0.015699595717282296,2.1606970724120385e-05,0.002602490868519624,0.00851182434022794,7.08527880624245e-05,0.0006436722292471917,0.9999635640923846
1741341970.743314,2,0.015663973415325688,4.617388823099582e-05,0.0031241674990784185,0.01101799304080813,0.0011543124576553021,0.0006122624551355936,0.9999384463689697
1741341970.7599514,2,0.015616593489540687,4.5557989461982215e-05,0.003082446303171954,0.010172131773078977,0.0034978823470145984,0.0003533655748770956,0.9999420821662862
1741341970.7765872,2,0.015471626401612133,0.00010755447731942043,0.00369745964792447,-0.06478302692913315,-0.08412758212282304,-0.0005964343553749906,0.994346696889031
1741341970.7931962,2,0.015571876168291513,2.5947667519363942e-05,0.0026870195778018113,0.00987303729206769,0.005475573393064159,0.0002570183847224248,0.9999362355531458
1741341970.8100405,2,0.015618449908061495,2.1134452711963462e-05,0.0025339457437228057,0.008798549312895457,0.0065600529671334855,0.0001736703844371868,0.9999397587223215
1741341970.826539,2,0.01566252139263232,1.8400257983624718e-05,0.002465925224562527,0.006940623611137697,0.002172437503969822,0.00043078368054057264,0.9999734609901407
1741341970.8438566,2,0.015696148863510135,2.7962293403371742e-05,0.002654246149369016,0.008499374149759209,1.1514183055375844e-06,0.0006435541258847021,0.9999636725780711
1741341970.8599901,2,0.01569188616954216,4.031992720861089e-05,0.00287630956870057,0.009964746876384102,0.0004989539248001176,0.0006005265155572837,0.9999500458685797
1741341970.876666,2,0.015643807171879742,3.5884490373392e-05,0.0028700321232922057,0.009734779489631563,0.002801327865592193,0.0004091622370831696,0.9999486082878166
1741341970.8935533,2,0.015499589408590963,9.720505177237491e-05,0.0035035140948040475,-0.0636959911345507,-0.0835837300359219,-0.0005265589706827705,0.9944628215887811
1741341970.9103389,2,0.015522555676327841,7.169205683948798e-05,0.003021146268463854,-0.061978931082846106,-0.08484728730526857,-0.00024614887968878835,0.9944644233704362
1741341970.9267821,2,0.01559574601921634,2.5427806079803213e-05,0.0027067056599665495,0.009963669888090025,0.00292980000153718,0.0003945358503623586,0.9999459914894279
1741341970.943444,2,0.015658168693947188,1.67434442901649e-05,0.0025247187180467544,0.007636409961169378,0.0021344358200306754,0.0005856513584437952,0.9999683927200507
1741341970.9607956,2,0.015715703694020478,1.3472177465358776e-05,0.0024621141882661293,0.00821189791860094,-0.0006846536823713938,0.0006525645386893344,0.9999658344870752
1741341970.976926,2,0.015669515447287476,5.530349739553892e-05,0.0032757844142079205,0.012366027246572098,0.0018759313417671306,0.0005017410027718367,0.999921652184662
1741341970.9936945,2,0.015638910324636903,4.275310570937116e-05,0.003041666045511304,0.010697023688878664,0.002808943937232137,0.0004776113909223943,0.9999387258254959
1741341971.0104237,2,0.015536896474664823,7.99202292186463e-05,0.0031526830190222906,-0.06267325668903337,-0.08254346820810685,-0.00044012754788264963,0.9946147219099009
1741341971.0275156,2,0.015587714076492846,2.991707621322971e-05,0.002747371816469537,0.010020803105058363,0.006455308808348677,0.0001548775761217998,0.9999289417284885
1741341971.0439541,2,0.015582362049659277,3.594590080455083e-05,0.0028702900161156754,0.010089322078995377,0.003656239426251526,0.00033555294687678203,0.9999423607875927
1741341971.0601358,2,0.01565709347725174,1.8863031619470516e-05,0.0025124567502324145,0.007902652718554963,0.0024756086239561543,0.0004682606129879866,0.9999655994952773
1741341971.0770872,2,0.015712759182566084,1.7194441755919786e-05,0.0025222691816199102,0.008367893068648942,-0.0005711171797089809,0.0006816705152930756,0.9999645931312104
1741341971.0935848,2,0.01564310747959285,7.778701341211164e-05,0.0037112024830854144,0.013321501319744553,0.0027153507090380033,0.00046659660817759927,0.9999074690993762
1741341971.1104574,2,0.01565837419675089,3.3618404652961295e-05,0.0028784949042490364,0.010490451294345681,0.0019566933851043952,0.00048422862254352716,0.9999429420248331
1741341971.12793,2,0.015568780680019444,5.8980737312983706e-05,0.0033018478757008874,0.011364156092675657,0.005765632899574851,0.00019397503240824762,0.9999187846056576
1741341971.1440992,2,0.015531407773714648,6.245586241769417e-05,0.0033821398975872868,0.012398777397175481,0.0051954450735961786,0.00023662927733767046,0.9999096067525942
1741341971.1603756,2,0.015591031861882054,3.0342376204566626e-05,0.002749271047822341,0.010238364169580655,0.0033525338903705954,0.00032495897189512707,0.9999419137216479
1741341971.177175,2,0.015662494508718833,1.3268982011306598e-05,0.002414799466332814,0.007931121414908142,0.0021220429090535366,0.00047454050127032475,0.9999661839573911
1741341971.194078,2,0.015711396064870615,1.984930329825105e-05,0.0025303614500768166,0.008201742335534768,-0.00023581353198091055,0.0006557552347404419,0.9999661223260075
1741341971.2104616,2,0.015666037631861474,6.04122286961514e-05,0.0033691742335195847,0.011319729875151747,0.002473548347062156,0.0005830898251753719,0.9999327003755724
1741341971.227076,2,0.01566603110178835,2.9255851735565896e-05,0.002864691913271402,0.010941407081713591,0.0018195766279048738,0.0005533790242724056,0.9999383323603626
1741341971.243723,2,0.0155766801747468,5.676364215511634e-05,0.003313355010523973,0.011605084565489266,0.005440756191764629,0.00030175181570746924,0.9999178111875652
1741341971.2607038,2,0.01552814198371055,6.382958697613498e-05,0.0034092325322827135,0.012700209436887301,0.00543403418383127,0.00021010859781180088,0.9999045613492946
1741341971.2771432,2,0.015603142734377696,2.2336272182000033e-05,0.0026234554963916325,0.00923739772362706,0.005454545822384345,0.00023099221464097788,0.9999424308707795
1741341971.294296,2,0.015658873942845458,1.3094058154440356e-05,0.0024111666582162135,0.007763019341582063,0.0023282888597192858,0.0005143856869362489,0.9999670244608334
1741341971.3110194,2,0.01571267804264513,1.2890507874096972e-05,0.0023757467766889915,0.007316338084977828,-0.000130818116406142,0.000623596923385135,0.9999730322416319
1741341971.3273456,2,0.01566480560197513,5.8202832995742346e-05,0.0032580649689228293,0.011341167468445629,0.002156327940251908,0.0005508000372440383,0.9999332101643519
1741341971.3444579,2,0.01566589070967296,3.45707890819292e-05,0.002866863554366808,0.009821966619433208,0.001680257257560709,0.000547351502354039,0.9999502018168744
1741341971.360805,2,0.015540261351267067,8.566648257385694e-05,0.0033276035059731494,-0.06280292379247172,-0.08355999305275001,-0.00025056094185844723,0.9945217230123009
1741341971.3773448,2,0.01556419926145108,4.4795051570418014e-05,0.0030321286076793177,0.011037422341127041,0.007973868409202096,2.714392598938235e-05,0.9999072916995173
1741341971.3940554,2,0.015564343448024614,4.234166406846742e-05,0.0030129051662154526,0.011071413019140395,0.006809446707323174,0.000363754451380241,0.9999154578923155
1741341971.4105656,2,0.015589423710432202,5.375560015602038e-05,0.002752174985167176,-0.06014049037773743,-0.08128989398148126,-2.0506152210601873e-05,0.9948744011849449
1741341971.427582,2,0.015701979000247324,1.0986805029600496e-05,0.0024104216928878155,0.008534565593277544,-0.00026439441770939175,0.0006862348154704305,0.9999633095106559
1741341971.4439857,2,0.015677176727582415,4.6794567907696746e-05,0.003055568790875834,0.011227060911605038,0.0002650730735655893,0.0006079984507218154,0.9999367545887273
1741341971.4606667,2,0.01566380093126329,3.47662486980553e-05,0.0028947332393886777,0.010572157585474166,0.0014082265368483458,0.0005779019960839048,0.9999429545785558
1741341971.477382,2,0.015593457361462056,4.791437899407609e-05,0.003154432689370971,0.011293010469452695,0.004771066647277584,0.00037303959684021064,0.9999247800104982
1741341971.4941766,2,0.015513193528956623,8.724690731390754e-05,0.0032520347279098192,-0.06353003367145994,-0.08631799346448947,-0.00047925063756369413,0.9942398649947576
1741341971.5105822,2,0.015519716097175403,7.076572863678862e-05,0.0030029883161022636,-0.06140839436312551,-0.0855639134613628,-9.054370933545239e-05,0.9944384433522047
1741341971.527351,2,0.015630962267049957,1.8307636670519175e-05,0.0025567719935926073,0.008663819143666431,0.00307419170123168,0.00039576123818866384,0.9999576645819923
1741341971.5442436,2,0.015697517224746507,1.130838959924787e-05,0.0024096575699803667,0.008106306074286326,0.000503071916358552,0.0006088463199003073,0.999966831463242
1741341971.5609708,2,0.015670081706207838,4.014551075610948e-05,0.003098613665637193,0.01208424746628058,0.0009585783373605146,0.0008046322913837934,0.9999261996055611
1741341971.5780637,2,0.015678057259893755,2.4358852432929914e-05,0.0026777339396595406,0.009507229498390415,0.001269931586964979,0.0005606538199450979,0.9999538416988674
1741341971.5958376,2,0.015608616802430211,4.441496661927788e-05,0.0029474332433061913,0.009883044262482397,0.004480855814019588,0.00030946006122831084,0.9999410740647422
1741341971.6118765,2,0.01548454372636425,9.321904774081888e-05,0.00347103555438946,-0.06504766335982196,-0.0834037446827709,-0.0005875923763705573,0.9943904020049257
1741341971.6293063,2,0.015520660849575976,7.118193214042142e-05,0.00301204235862139,-0.062056031610951204,-0.08433807380066967,-7.120229416625827e-05,0.9945029578530808
1741341971.64462,2,0.015625428331682845,2.3320145327678894e-05,0.0025529389445761042,0.008140291449473711,0.002917200298607428,0.0003957702039122949,0.9999625337798818
1741341971.661348,2,0.015679684644273904,1.742696054327985e-05,0.0025131237468611557,0.008034930235519433,0.0011126354504724873,0.0005647003703579703,0.9999669409795288
1741341971.678263,2,0.015687222566012658,2.634340471741676e-05,0.002833529218675113,0.010707651511628068,0.0002561718320804935,0.0006981591662080655,0.9999423949152654
1741341971.6946216,2,0.01566449635121968,3.848171049150097e-05,0.0029782860633340053,0.011297513679156232,0.0014140043818521816,0.0005759834082790844,0.9999350153981961
1741341971.711228,2,0.015558060408942751,8.415070041844652e-05,0.003241929908654502,-0.06241197889501388,-0.08272593088982098,-0.00018293116478937664,0.9946160725551393
1741341971.7283125,2,0.015482491872409822,9.930753255278233e-05,0.003532491621802599,-0.06479498294941424,-0.08311159585992811,-0.0005592284139040421,0.9944313752500885
1741341971.744657,2,0.01558588136306418,2.5900445597668423e-05,0.0026978146676472424,0.010363119361612605,0.005731076989530266,0.00029317724037186503,0.999929834818795
1741341971.7612188,2,0.015617776146192615,2.5995075092580623e-05,0.002656344522184936,0.009010360162943393,0.0033705170716087497,0.00037897994676493174,0.9999536536253087
1741341971.7785518,2,0.015676839891599004,2.022908808470759e-05,0.002499068392269563,0.007735615904919289,0.0010887136736532567,0.0005552010395763912,0.9999693328802208
1741341971.7946336,2,0.01568687443012372,3.532300730974801e-05,0.0028485044904409604,0.010141904531815255,-7.218019321336164e-05,0.0006489305006344131,0.9999483563923152
1741341971.8117058,2,0.01567048760259493,4.507732754193393e-05,0.0030672754104004284,0.011406186675496413,0.001006279945969719,0.0006206112510525864,0.9999342484122989
1741341971.828677,2,0.015621254127486064,4.2401674817918094e-05,0.0030286704968060336,0.010664957031595928,0.00364939434460021,0.0003775326666970987,0.9999363970180891
1741341971.845968,2,0.015472172800494644,0.00010999979661236001,0.0037107730239327673,-0.06521976874544158,-0.08470202068825577,-0.0004895270078419688,0.9942694352233835
1741341971.861321,2,0.015582299086371397,2.9875716084867138e-05,0.002757720291788875,0.010635759096193896,0.006184045596454692,0.00030542295352589856,0.999924269595117
1741341971.877947,2,0.01561205835162203,2.8831282573355186e-05,0.0027571751875154595,0.009120553267763355,0.003799682873078394,0.00041270334977381196,0.9999511026015717
1741341971.8946903,2,0.015687722423822957,1.0203067852129924e-05,0.0023818492725810846,0.008660088493216221,0.0009467642291531254,0.0005726202718448203,0.999961888579164
1741341971.911012,2,0.015693431796225125,3.47524482259835e-05,0.0028198910767305327,0.010007972281029166,-0.00029742826936357623,0.0006946328479113664,0.9999496334878338
1741341971.9278133,2,0.015677207438755527,4.574195803775938e-05,0.003015345878386107,0.0104509297579252,0.0012050606777464382,0.0005798784419564546,0.9999444932779771
1741341971.9459152,2,0.015637950015158098,3.998587896977284e-05,0.002908482258827649,0.009817709542033239,0.003110708928918851,0.00041441918275742347,0.9999468807521972
1741341971.9610307,2,0.015574401306750196,4.784488444557536e-05,0.0030945811982028395,0.011444875697758235,0.005705762006613032,0.0001915338181480469,0.9999182078625148
1741341971.9783587,2,0.015564959684926351,4.369009158558633e-05,0.0030136506696931274,0.01111885250844204,0.0043252439992739556,0.00026830798156250794,0.9999287931618278
1741341971.994622,2,0.015599044684319328,3.779702033550786e-05,0.002883245795225834,0.009650484707739873,0.004453118267996859,0.00040913855465197254,0.9999434336442438
1741341972.0116048,2,0.015694283907245893,6.291575832952831e-06,0.0023236756916579404,0.007736234758552451,0.0006449203403802133,0.0006142500427138817,0.9999696782634963
1741341972.0282567,2,0.01570124364290262,3.727675502911959e-05,0.0029072993383942656,0.01074557502035082,0.0004413311458394681,0.0005960557502871429,0.9999419895983188
1741341972.044862,2,0.0156758783166801,5.0022884429779945e-05,0.003151424179965545,0.011959675846938163,0.0021455618422342375,0.0005231286096521673,0.9999260417923292
1741341972.0611947,2,0.0156520812999841,3.090367544172398e-05,0.0027841090783687935,0.009878785761512054,0.0021719021164560604,0.00047612997858413684,0.9999487315524322
1741341972.0782595,2,0.015527866552918648,9.393008472256551e-05,0.003388910302908341,-0.0632130229841695,-0.08311018491664332,-0.00035318607868786906,0.9945334012228639
1741341972.0944185,2,0.015527867699728411,7.976498104348173e-05,0.00307477924761757,-0.062363788591766625,-0.08182025017471284,-0.00039459552931937904,0.9946939473165589
1741341972.1111176,2,0.01560189482429021,3.439339678712677e-05,0.0027967711222820647,0.009218634252045181,0.003948547921838624,0.0003705981453602463,0.9999496429365083
1741341972.1283567,2,0.01569296494897316,7.726866079004168e-06,0.002311071078536713,0.007032013979088516,0.0005193494199056397,0.0006010487427061043,0.9999749595844822
1741341972.1450117,2,0.015709251956603953,2.5282799643232773e-05,0.0027413463763404874,0.011116864290030441,-0.00046179106732738225,0.0006736485037565675,0.999937872207599
1741341972.1612442,2,0.015666345444295526,5.1733371963117595e-05,0.0032325404730819108,0.011885563130021353,0.0023061540132095744,0.0005305251330674166,0.9999265640965004
1741341972.1778762,2,0.01564778007571792,3.956675247304485e-05,0.002915381704398255,0.009724651911415938,0.002445209619350461,0.00044792390420574617,0.9999496244608003
1741341972.194877,2,0.015516546106537073,9.791076262157847e-05,0.0035207350548480992,-0.06356052140664932,-0.08405238461021507,-0.00028679149506664794,0.9944320864244525
1741341972.2114658,2,0.015502459092165433,8.716578999529114e-05,0.003311375392121701,-0.0637531876261206,-0.08283988576304098,-0.00041933141938955,0.9945214470062652
1741341972.2278879,2,0.015606495794669183,3.1178285739220586e-05,0.0026568857694178405,0.009161600309607698,0.0039598796992504,0.0003294871081485424,0.9999501366922153
1741341972.2448187,2,0.01567953476258834,1.796635406978102e-05,0.0024084078926056795,0.007001865969796423,0.0014700526052610111,0.0005245712508943512,0.9999742684905855
1741341972.261559,2,0.01568790212513219,3.6635826525782844e-05,0.0028807756918662122,0.010280100259231416,8.728204782278747e-05,0.0007036583812241693,0.9999469069832592
1741341972.2780569,2,0.015666442885013884,5.3434442937147454e-05,0.0031918308935742316,0.011343236120116302,0.0012473743484723004,0.0005871134115453835,0.9999347130435067
1741341972.2947118,2,0.01566247095307275,2.7364917896618303e-05,0.0027580601929444513,0.009968078282770253,0.0022671066399007774,0.000473573168621362,0.9999476353146128
1741341972.3117967,2,0.015572684407935746,5.3906903001116524e-05,0.0032893347879272535,0.011804383364372407,0.005833433592118772,0.00028669505166867184,0.9999132689347915
1741341972.3283365,2,0.015535867822757524,5.9148857961747915e-05,0.0033359060711653996,0.01291244387072056,0.004851061717374947,0.00026611354884686537,0.9999048280596903
1741341972.3450792,2,0.015540202063775021,7.133036476917454e-05,0.00301029386093535,-0.06213278901284806,-0.0821071033926874,-0.00022466513857911604,0.9946848192405084
1741341972.3614485,2,0.01566191057410497,1.826757715856414e-05,0.0025151350844294404,0.007802412873095648,0.00211597934838055,0.0004923923802487421,0.9999672007293534
1741341972.3783255,2,0.01570081938065244,2.3787970620238962e-05,0.002544286703719262,0.007875140582073809,0.00011285975464117152,0.000579052976790925,0.9999688165743662
1741341972.395139,2,0.015676062319044504,4.9342618748051286e-05,0.0030395715234120707,0.009807423226857978,0.00129492258663915,0.0005143734928527698,0.9999509353188555
1741341972.4114907,2,0.01564682433355175,4.219092585463109e-05,0.00298421414971409,0.009935258231822274,0.0030026565019682207,0.0004296749518425533,0.9999460435829695
1741341972.428427,2,0.015573891756979524,5.621211915654652e-05,0.0032416516658363543,0.011061187907989017,0.005761987438209712,0.00015814925912367662,0.999922209280121
1741341972.44498,2,0.015560786211122937,4.432365391868453e-05,0.003050334365430184,0.011051585019915594,0.008290988128559206,0.00014989273419556553,0.9999045452024747
1741341972.4614408,2,0.015610757314710151,2.104856618031235e-05,0.0025604265424630044,0.007709830697114485,0.006230920212829695,0.00012434843784132443,0.9999508581332331
1741341972.4782948,2,0.015665376659061755,1.0930659124025154e-05,0.002365612642695459,0.007104256762808386,0.0019223157323314745,0.0004080000540692136,0.9999728335180057
1741341972.4949343,2,0.01569820004897457,2.193712215200121e-05,0.0025132727296486974,0.007568286281738838,0.00018493457603375644,0.000588983201717342,0.9999711695547769
1741341972.511578,2,0.01567210383403933,3.869411259603886e-05,0.0029297100176157035,0.009627340402277773,0.001575002529434799,0.000541668574074856,0.9999522690003592
1741341972.5284228,2,0.015656829195783508,2.9990563761757678e-05,0.0027811601658777117,0.010098121261526474,0.0019486701779868722,0.0004922049330492033,0.9999469927780317
1741341972.5453415,2,0.015587349737799601,5.062951040604069e-05,0.0031397062787538064,0.01139309335228562,0.004563395706046677,0.00027504348558680567,0.9999246457581578
1741341972.5615706,2,0.015526145810278695,7.568193890023152e-05,0.003043296533407365,-0.06262666292998305,-0.08543518559202011,-0.00034589480874578716,0.9943734763708717
1741341972.5784292,2,0.015597998603381671,2.853005700031398e-05,0.002672813056870935,0.009500219906958072,0.005587081241689702,0.000234208860762861,0.9999392358994259
1741341972.5950103,2,0.01566050385215358,9.69328582079843e-06,0.002384414048360915,0.007694179421579514,0.0021526449354460245,0.00048767820041318807,0.9999679634332209
1741341972.6117396,2,0.01567965954680449,2.359838164589572e-05,0.002703345582016867,0.00932124469038459,0.0003552875962668738,0.0006309197322351877,0.9999562940991158
1741341972.6285968,2,0.01568864316698285,2.6967815329613856e-05,0.0027134939745139656,0.009412222785006856,0.0004385316259392284,0.0006426752243675111,0.9999554013658882
1741341972.6449158,2,0.015657017233053284,3.934239383392277e-05,0.002908922895747326,0.00956076005054471,0.002249678255496284,0.00048167964093406563,0.9999516482309163
1741341972.6619089,2,0.015587296816053923,5.231400178452585e-05,0.0032179961828034324,0.010559132152953208,0.005386761407766718,0.00023531084540041807,0.9999297136091708
1741341972.6783392,2,0.015501351834490267,8.869897247922385e-05,0.003286719882344525,-0.0639933360914376,-0.0820739689210586,-0.0004942719666433012,0.9945694909138609
1741341972.695234,2,0.015602139202591446,2.594541285598905e-05,0.0026579533122691227,0.009728719359053834,0.0068278062224820975,0.0002328490239403604,0.9999293369349421
1741341972.711978,2,0.015649988407272324,2.0318164735542886e-05,0.0025017814406565575,0.006850672613350928,0.0025899278574937298,0.0004048236811226107,0.999973097976253
1741341972.7285876,2,0.015708503442139733,1.1529798173538722e-05,0.0023326345996303255,0.0070465999065967766,-0.00017094747062820553,0.0006085414142012745,0.9999749726288483
1741341972.7451422,2,0.015677420679709262,4.618558942399434e-05,0.0030434923010860897,0.010224514655019196,0.0008473544171385301,0.0006184914481916811,0.9999471779843622
1741341972.761959,2,0.01565938737680871,3.8223233511576134e-05,0.0029779439490799395,0.010161933505389317,0.0022283735877471145,0.0005230675253871539,0.9999457464577512
1741341972.7787282,2,0.01554764999967659,8.551947012918625e-05,0.0033317613380349624,-0.062145009544305206,-0.08336082490926056,-0.00016101855181138047,0.9945797829898876
1741341972.7954655,2,0.015496648317536742,9.696859872386347e-05,0.003476611413523499,-0.06413356541592943,-0.08347202484632671,-0.00038675857225230247,0.9944441448733568
1741341972.8118644,2,0.015573558466677342,4.1350677923406195e-05,0.002948849565179994,0.010020014500785138,0.004019526389314616,0.00026498844495738226,0.9999416845487209
1741341972.8287976,2,0.015597177551097916,5.293307390050685e-05,0.0027068929779404585,-0.058947012501684194,-0.08083942238861307,7.083295392130757e-05,0.9949825287348991
1741341972.8457894,2,0.015707270413328443,9.05677228371595e-06,0.002345198306619915,0.006770217870491455,-0.00027858450250064186,0.0005999940938444489,0.999976863006214
1741341972.8619814,2,0.01568787999359286,4.548817838153363e-05,0.002976950606741856,0.010090290713575095,0.0010197863734633075,0.0005962545729400408,0.9999483939431836
1741341972.8786235,2,0.01566195426145592,4.434961534125702e-05,0.0030255762443401725,0.010695558983311025,0.001986316365237211,0.0005120978710811289,0.9999406969021223
1741341972.896089,2,0.015609762416990846,4.7995489273384195e-05,0.003103094505710385,0.010099022377361414,0.004089556013710633,0.0003366260508912475,0.9999405842156494
1741341972.9121602,2,0.01553132385155129,8.011806354024318e-05,0.0031437826287595955,-0.061898275422491086,-0.08286392433067229,-0.0003584075295587677,0.9946366397274357
1741341972.9288905,2,0.015570811885704295,4.228541967209828e-05,0.0030130388361843162,0.01100530543854106,0.004413627317790605,0.00029954466672082287,0.9999296542352851
1741341972.9458413,2,0.01562526798340318,2.7140092292123963e-05,0.002700905642893299,0.00827988416129789,0.003541483934677633,0.00036603227373556755,0.9999593828902205
1741341972.962972,2,0.01571382763074758,7.77900125123701e-06,0.0022887712825282523,0.006015944139075159,-3.097865054730159e-05,0.0006414081949249923,0.9999816978584989
1741341972.979135,2,0.015674259980194002,6.082764622779264e-05,0.003310572618932471,0.011571168830532746,0.00189382929249831,0.0005882049448448128,0.999931085364111
1741341972.9955235,2,0.015657254329305027,5.0494014904104604e-05,0.0031123250958655637,0.010504659872573733,0.0021700257586968323,0.0004900331737224787,0.999942349826557
1741341973.012738,2,0.015619962455966478,4.4650674224340814e-05,0.002999871963607279,0.00903980451885228,0.0037268845938401526,0.0003237280100348252,0.9999521425876643
1741341973.0290596,2,0.015574961053599,5.7589254798365086e-05,0.003234440844313656,0.010300265709676813,0.005460896045820342,0.00018839939931065123,0.9999320215126392
1741341973.0453773,2,0.015555977287168133,5.473131600332988e-05,0.003223840213696035,0.011950594829360377,0.005238456737540701,0.000245256969907147,0.999914837225277
1741341973.06213,2,0.01563645741387635,1.953362288442882e-05,0.002524341365573272,0.007398009850553254,0.00326862000346276,0.00034881000258023693,0.9999672314156631
1741341973.0791485,2,0.015717831615154526,9.879980101019296e-06,0.0022896152599194784,0.006314248941776525,-0.0009005075559819748,0.0006563159931340241,0.9999794440866072
1741341973.095619,2,0.01569116537054772,4.98334537403172e-05,0.0030771697363486806,0.010381898546584079,0.0010618648031397214,0.00045400071207235874,0.9999454397661213
1741341973.1124654,2,0.01565995921263925,5.1400583662053255e-05,0.003123710325325901,0.010604595378531517,0.0018826276509773727,0.0005134625062674059,0.9999418656233172
1741341973.1293228,2,0.015632975167635347,4.115673556486533e-05,0.0029716873494067117,0.009250487593790796,0.0030330929068747817,0.00038255668102170495,0.9999525401123202
1741341973.1455998,2,0.01557445510129635,5.524438731503585e-05,0.0032725387586959513,0.011462363724990748,0.005519061612104319,0.0002375833581672045,0.9999190455886444
1741341973.1623735,2,0.01555074857989056,5.924194268114616e-05,0.003191423607885518,0.011335780855078382,0.0049831380386802186,0.00022304433398523304,0.999923306388504
1741341973.17927,2,0.015624791390498311,2.6714278062700566e-05,0.002606929394118571,0.007359137732999376,0.0034278208903646837,0.0003584651638536732,0.9999669817741467
1741341973.1956286,2,0.015698964862067177,1.8346693444998272e-05,0.002417818598018806,0.0069701370247104094,0.0004911294482283615,0.0005850041129129373,0.9999754165737825
1741341973.212382,2,0.015683956994191183,4.3500995109840734e-05,0.003018811370309595,0.01047071340732073,0.0008616217806472035,0.0005530505114775766,0.9999446564204344
1741341973.2289922,2,0.01563457060792758,4.942038960849814e-05,0.003239721323026969,0.010528662917710789,0.003052143595788512,0.000690927660019538,0.9999396753282692
1741341973.2461178,2,0.015666032792757002,2.217901217365769e-05,0.0024937072028559434,0.008215031271925174,0.0017712634698747272,0.0004673355984266967,0.999964578114825
1741341973.2624483,2,0.015593110434229963,6.402064155503701e-05,0.003243928251166407,0.009407199359858957,0.004933996024343386,0.00030198376876204314,0.9999435329503558
1741341973.2789974,2,0.015436478123337805,0.00012793424210124236,0.004078226605532097,-0.06387823569287257,-0.08584694460325686,-0.0004760246326733641,0.9942583399235836
1741341973.2958212,2,0.015564262366873471,4.923493002586204e-05,0.002600043989348278,-0.05997269830029537,-0.08426433865349955,2.6598706592049514e-05,0.9946370171989272
1741341973.3123226,2,0.015718486877428696,9.636804250452626e-06,0.0020971920284127586,0.005338368152814038,0.000139204968612622,0.0005938141848501927,0.9999855648118905
1741341973.3289917,2,0.01565690260746269,6.202895494679247e-05,0.003340984799564017,0.010771314173301275,0.0027934001734369624,0.000517734186642481,0.9999379519038984
1741341973.3458421,2,0.015648824426018466,3.4860261448293735e-05,0.002931639677180809,0.010345394655304261,0.002496166514304907,0.00049458830502346,0.9999432470618357
1741341973.3626854,2,0.015677204622476865,2.1491551257893467e-05,0.0023840985054513555,0.0071835436122927015,0.001195885664769467,0.0004647012079306833,0.9999733749512707
1741341973.379347,2,0.015571928819287269,6.712293127668837e-05,0.003420818321925369,0.010680735238097486,0.005895994129156592,0.00024529005656397497,0.9999255467187499
1741341973.3958414,2,0.0155349916568583,5.091643855384397e-05,0.003156104819865763,0.01120480503010908,0.007677104997382459,5.0740038590099695e-05,0.9999077516593943
1741341973.4125082,2,0.015634940464620262,3.6642728655704207e-06,0.0022209968450586128,0.008667722246620307,0.004648364838022585,0.0005569622441565402,0.9999514753669033
1741341973.4298885,2,0.015711368682201996,5.551534754841443e-06,0.0022376060271190696,0.006447077790452677,0.0005265021754624128,0.0005855447033808376,0.9999789073379616
1741341973.4459538,2,0.01565496053548257,5.043787316526426e-05,0.003056771049272801,0.009862512451725158,0.002177354696839775,0.0004675086799461668,0.9999488843987466
1741341973.4625638,2,0.015662484749669775,2.6352196583640704e-05,0.0025806022306834805,0.008060272926524741,0.0017738828704753232,0.00048709106022543693,0.9999658234570873
1741341973.4796345,2,0.015667688773629385,2.194817241189011e-05,0.002635666690217965,0.008708524956603314,0.0011197499516240911,0.0005567093780642781,0.9999612981649811
1741341973.4959414,2,0.015574998995681523,6.0293489134478045e-05,0.003316037451893612,0.011319728132930385,0.006027765764223771,0.00014433867136651226,0.9999177510981772
1741341973.5126894,2,0.015537200593018071,4.9198992348177324e-05,0.0030473237343488398,0.011752838843276077,0.006669587649580611,0.00016706488556622148,0.99990867556444
1741341973.5291526,2,0.015642918573620972,1.6511237223203204e-06,0.0021581077233910092,0.006691802237156146,0.00494874339634395,0.00038795648935948984,0.9999652890032624
1741341973.5459661,2,0.0156847429066951,1.5448216907250996e-05,0.002425336523312731,0.007150036467823577,0.0010086209037981422,0.0005869756227313658,0.9999737572166579
1741341973.5627658,2,0.0156600449127545,3.073792065133523e-05,0.0027834396445136586,0.009580012205291241,0.001823385733361647,0.0005100852831940266,0.9999523180850264
1741341973.580011,2,0.015678764892536112,1.6341822559533614e-05,0.0025382117656812878,0.008786429354036857,0.0010411752622504838,0.0005821356983547392,0.999960687092902
1741341973.5969074,2,0.015673519178650498,2.97022686059997e-05,0.0026515179844957917,0.008351693607742077,0.0018065495534690063,0.0004726927129779179,0.9999633804065988
1741341973.6135254,2,0.015516996205314857,9.689649796184613e-05,0.0034031531371460752,-0.0627734650276462,-0.08444223057960182,-0.0004890355244942211,0.9944489743709427
1741341973.6304612,2,0.015518413922064888,6.816696460813542e-05,0.0029655785512047194,-0.06147081861927642,-0.08407584999362641,-0.00011406358500694222,0.9945614998056298
1741341973.6465263,2,0.015627726612482757,1.7318913149265776e-05,0.0024321881866061334,0.007968777299571593,0.002427621177127419,0.0003929083512553401,0.9999652248287425
1741341973.6632843,2,0.015653268530834093,3.0352103262854746e-05,0.0025950299491588127,0.006937110561765037,0.0026003185948530495,0.00043265980043517437,0.9999724634437471
1741341973.6796083,2,0.01565883232613305,2.4171822655631892e-05,0.002776599805722646,0.009520149251482021,0.0017299126613665751,0.000653455899785502,0.9999529724721061
1741341973.696409,2,0.015704677274628626,2.1165832321322844e-05,0.002649921502858784,0.009643057999603025,-0.0005233917564657236,0.0006722669558072951,0.9999531416774616
1741341973.713248,2,0.015650823109282265,4.7356485735401966e-05,0.0030309179582924026,0.010588306457891487,0.0027601024578443097,0.00045938688769872035,0.9999400274838803
1741341973.730267,2,0.015503498899424857,9.629193822635275e-05,0.003500858030328978,-0.06417737383996515,-0.08366598733829152,-0.0005443575312837506,0.9944249448422905
1741341973.7464032,2,0.015582880818946555,3.060428083659786e-05,0.002769897591670499,0.010715107105134148,0.003319404139197263,0.0003626751650279899,0.9999370162678302
1741341973.7633069,2,0.01561059060286174,3.784726856552799e-05,0.002846296581613647,0.009155319343405166,0.00390735800061145,0.0003494187139251596,0.9999503940634944
1741341973.7802136,2,0.015646375378782662,2.1139313124274612e-05,0.0025906572820092195,0.008302114710578661,0.0031912590670264114,0.00041067453022302925,0.9999603602660107
1741341973.79642,2,0.015714645235189523,6.196138610009009e-06,0.0021791776100901113,0.006387339416387991,0.000346062482626181,0.000599260720103682,0.9999793612982856
1741341973.8134356,2,0.01567276144247871,6.0219663618963344e-05,0.003274588349004838,0.010977012252410214,0.002010254428136902,0.0005118044847187229,0.9999375991207221
1741341973.830092,2,0.01564893583167718,4.40485701674437e-05,0.0031313720088031825,0.011286092209606628,0.002834725006191935,0.00043601615560261874,0.9999321968747119
1741341973.8470485,2,0.015541426388853703,8.352200083684067e-05,0.0032575266100335616,-0.0626404216049126,-0.08281755387119724,-0.00035944187693679396,0.9945940383661502
1741341973.86331,2,0.015584050265478011,4.294761878486302e-05,0.0029356025799512136,0.010557847983147255,0.004639355492607552,0.00031504373832569836,0.9999334522727104
1741341973.8799214,2,0.01555620285805282,7.230428538157028e-05,0.0030826274165909593,-0.060978982038853206,-0.08249034237395031,-0.00010455283062481751,0.9947245328397402
1741341973.8969517,2,0.015656939682143725,1.8155378781245157e-05,0.002510643556961262,0.008684884904715855,0.002385914621469124,0.0004602706581732996,0.9999593333413775
1741341973.9133267,2,0.015702548725463058,1.8945088686215634e-05,0.0024477633304005168,0.0078093025085711225,-0.0004233900975654363,0.0006802181524861718,0.9999691859444569
1741341973.9299624,2,0.015682129620320357,4.1968021494441334e-05,0.0030740163567272542,0.010588443659256198,0.0020020249189761407,0.0005484406239305485,0.9999417862905723
1741341973.9469385,2,0.01566329624128233,4.037167608228641e-05,0.0029659435704044207,0.01116397465739747,0.002047574365988903,0.000507621969209671,0.9999354556315129
1741341973.9632878,2,0.015590793477198722,6.084091680734542e-05,0.003183913660250686,0.010446755971394977,0.00496537595775522,0.0002778754220739805,0.9999330643180683
1741341973.980067,2,0.015566014987071544,5.2979507790240034e-05,0.003136351317172329,0.010134963536966097,0.005756252443790277,0.00018914468276119394,0.999932053839758
1741341973.9968557,2,0.015603903638917378,3.241380401850969e-05,0.0027967231666022494,0.009668182250247329,0.004032753125364054,0.0003265060711871534,0.9999450767657148
1741341974.0140314,2,0.015642512407930204,2.5585767584273066e-05,0.0025969361644312297,0.007509075950471772,0.0035653992059723767,0.00038242374359380524,0.9999653771301047
1741341974.0297549,2,0.01570105591738647,6.496062929548366e-06,0.0023471355408428824,0.0069487151174859605,0.00035942490918570774,0.0006063248814122388,0.9999756089735833
1741341974.0473115,2,0.015713714774651718,2.4974506400452382e-05,0.0026956804166527793,0.01113954654338097,-0.00039937780930142223,0.0007024665187466204,0.9999376268252752
1741341974.0645113,2,0.015653353798497662,5.78793950092801e-05,0.003127891103238108,0.010202816871967575,0.0030048791066808124,0.0004274749453534775,0.9999433436423297
1741341974.0800643,2,0.015570221699999338,6.550818339984448e-05,0.003416079938969655,0.01096298055213019,0.0062356723334928464,0.00017578470998828142,0.9999204461094386
1741341974.0967824,2,0.015542259519243306,6.892415612997107e-05,0.002935484303932732,-0.0625456268281521,-0.08161437557881618,-0.0003809477953883509,0.9946994486488523
1741341974.1131096,2,0.015618154742553361,2.526550541165538e-05,0.0025336687593225473,0.008686631961049794,0.00302065800226346,0.00033447811948005506,0.9999576521907286
1741341974.129858,2,0.015631252506985695,3.253337593925033e-05,0.0027100006047709618,0.007639835334944765,0.003772763297959383,0.0003712535916136827,0.9999636300105736
1741341974.1468713,2,0.015700397722319584,5.827713042957094e-06,0.0022958596820909804,0.007869227337450638,0.000284053630982482,0.0006004746293462391,0.9999688165162279
1741341974.163253,2,0.01568927124696039,4.1876036526913123e-05,0.002886320124216048,0.009773414164338913,-0.00011506431940748554,0.0006310708291922643,0.999952033292289
1741341974.1800888,2,0.015646119023596382,5.009092820380072e-05,0.003136521523598246,0.009901010727034216,0.0036192485133515234,0.0004325346255820788,0.9999443404212953
1741341974.1976125,2,0.015505456991592984,0.00010973429248620381,0.003752441924754605,-0.0637024568929514,-0.08479717294766577,-0.0002383170031092647,0.9943597838060887
1741341974.2134278,2,0.015538770690149677,7.692489850750033e-05,0.0029913521339898306,-0.06245969562198836,-0.08151832019415146,-0.00044243611225438205,0.9947126992985558
1741341974.2302697,2,0.015573820104312191,5.5987636036470546e-05,0.0030449532259901996,0.010004784840638083,0.004585460641403752,0.0002616801679799006,0.9999394028412363
1741341974.2471004,2,0.015600222437382415,3.438563921283776e-05,0.002866920870952814,0.009664164292530298,0.004457196187357295,0.00032948941849248223,0.999943312776978
1741341974.263554,2,0.015701165921756573,-4.86060422158061e-06,0.002042697690977728,0.005893824730932216,0.0008417698027018773,0.0005485747384838275,0.9999821264999673
1741341974.2803721,2,0.01570675781442379,2.5426354133521773e-05,0.002551819664465632,0.008041617038524934,-0.00023655301456246012,0.000661595513674037,0.9999674188339603
1741341974.2971087,2,0.01563626195372056,5.4499170271934255e-05,0.0031953662231004637,0.011122311232775897,0.0031092036056234317,0.00043997497038409994,0.9999332145037515
1741341974.3133154,2,0.015567300950294826,6.236588987978828e-05,0.003339151783209972,0.011167102898251421,0.006001295242506229,0.0001513786949962797,0.9999196254463469
1741341974.3302138,2,0.0155562386591636,5.508025792180352e-05,0.0032069017209275393,0.011185950044803886,0.005330756839690914,0.00019429613198896156,0.999923206952476
1741341974.3467064,2,0.01555540014478723,4.682268721983661e-05,0.0031180482070115837,0.012238890749845835,0.004928238632634989,0.00026316964115042003,0.9999129225882287
1741341974.3637955,2,0.015604437287684368,2.794952773123054e-05,0.0026227375770657966,0.009557578487928476,0.003291865903585233,0.00036900383827519976,0.9999488387655077
1741341974.3803568,2,0.01568851098368667,1.2348137640637377e-05,0.0022419588569649726,0.005654929183598472,0.0016615406661369847,0.0005003966918535203,0.9999825051778126
1741341974.39683,2,0.015695705760405305,2.757103295081656e-05,0.0026773570285689614,0.009323293770252244,-0.00010809658447915539,0.0006642650837155693,0.9999563106757717
1741341974.4136503,2,0.015638041066027078,4.82017915827424e-05,0.0030407360750456603,0.011022854946783088,0.0029995066833447587,0.0004247715494701776,0.9999346574639814
1741341974.4301765,2,0.01558604974761994,5.6629124680321964e-05,0.003137261430253076,0.010498651713510202,0.005044278070336358,0.00023732737498442658,0.9999321363205927
1741341974.4468913,2,0.015550700626164317,6.889079515766424e-05,0.0028683599090060055,-0.061112362622389844,-0.08178873105889507,-0.0003198733668306018,0.9947742358382199
1741341974.4637082,2,0.015549934196140758,5.546005545236544e-05,0.003195610642037143,0.011537877623233909,0.005083206816634898,0.0002231951506980665,0.999920491125337
1741341974.4812024,2,0.01560445990160405,2.805669697123457e-05,0.0026488639440147527,0.008796999089253561,0.0030629613582650187,0.00035029883259557834,0.9999565532389241
1741341974.4971097,2,0.01568710532320956,3.659146789854428e-06,0.0022470406495048467,0.0069984888137567,0.0011569872363254143,0.0005412438430910418,0.9999746944747956
1741341974.5136383,2,0.01569088131541213,2.9630035433128714e-05,0.002684070010852756,0.008999090296658324,0.0004943208759216924,0.0006079344963352036,0.9999592003858719
1741341974.5302997,2,0.01566494158540527,3.624751002135329e-05,0.002787623994207171,0.009065727626036683,0.0023538632020648695,0.00048148953286716243,0.9999560190720721
1741341974.5472898,2,0.015613329431147023,4.374083956944417e-05,0.002976067607301637,0.009895933432095775,0.0043092798759694515,0.0003332939644001225,0.9999416930619461
1741341974.5635548,2,0.015550813342465228,7.352645394993011e-05,0.0029147829697935904,-0.061523085037366664,-0.08212780813915309,-0.0003680592464020459,0.9947209647283677
1741341974.581032,2,0.015526210107353751,8.496956267717659e-05,0.0031315952834946245,-0.06210290663158199,-0.08589430656200539,-0.00037042582185861997,0.9943667632583321
1741341974.5985217,2,0.015610786899064045,2.580610011789431e-05,0.002640542490086001,0.008607220092608697,0.003588311058475696,0.00037876713581646855,0.9999564472123182
1741341974.6136072,2,0.0156888245286133,1.0556693965773449e-05,0.0023071669483810103,0.006510333018709306,0.0016883535919923968,0.0005465584074832054,0.9999772328908499
1741341974.63018,2,0.01568130940794347,3.750851888386443e-05,0.0028187119418755504,0.009093227377588714,0.0010006912008668411,0.0005974396948326832,0.999957976566411
1741341974.6473105,2,0.015661526668417063,3.435606301691401e-05,0.0028806673621981933,0.010431248170714346,0.0019768284833952456,0.0005381470692943927,0.9999434942077877
1741341974.6637886,2,0.015635233093126102,3.589455031831513e-05,0.0028578535518091943,0.00975752557365255,0.003313094316945815,0.00041231108995449785,0.9999468206361235
1741341974.6803985,2,0.015588096066450204,5.51762823924281e-05,0.003096091234066777,0.010372082908990827,0.005166695683866641,0.00018568420294673543,0.9999328430815823
1741341974.6975422,2,0.015554159544129984,5.595735025021535e-05,0.0031785682099392375,0.011206291515357169,0.00543872305547057,0.00018237622406517247,0.9999224000195773
1741341974.7143002,2,0.01561809908272597,2.5897857104668746e-05,0.0025797239977353057,0.007916210777872367,0.0032918270199804524,0.0003702334370425086,0.9999631795266228
1741341974.7306137,2,0.01570719645377704,4.618692528996987e-06,0.002090831618699201,0.00557889198109917,0.0007925637264211949,0.0005084185470216246,0.9999839945307043
1741341974.7470474,2,0.015687349392937328,3.8907532632143434e-05,0.0028259304811154335,0.009326000612363073,0.0005529098334198401,0.0006233114815575524,0.9999561647822826
1741341974.7639976,2,0.015664847516647713,4.670082149916878e-05,0.002981030257229956,0.009862682835282414,0.0023037179319195813,0.0005046517496808955,0.9999485815268665
1741341974.7816997,2,0.015647335661661464,4.0413668079376835e-05,0.002821716894659678,0.009299597403335608,0.0027658368362687056,0.00044697273116318524,0.9999528328126825
1741341974.7975543,2,0.015586972603272008,5.218616215221837e-05,0.0031625517557664364,0.010431413489196807,0.005450462100176239,0.00023070508636742094,0.9999307100247873
1741341974.81398,2,0.015556910968756194,5.139326429903359e-05,0.003174165943645322,0.01195797262514892,0.005405820997932694,0.0002820005031677436,0.9999138485218368
1741341974.8310885,2,0.015628502763170172,2.1412270193837286e-05,0.002489970303477298,0.008084869674551578,0.0030464783020985645,0.00034321182563616323,0.9999626173302395
1741341974.8471973,2,0.015692846697901688,1.602593651104702e-05,0.0023238630975902833,0.0065208156379488735,0.0009595040523143912,0.0005721640608975031,0.9999781152323669
1741341974.8638196,2,0.01568409949991666,3.9207468961708455e-05,0.002834391897782287,0.009028031044039488,0.0008744882462922912,0.0005992757799846586,0.9999586845436739
1741341974.8810914,2,0.015678081562343654,3.74129302765378e-05,0.0028271844943509802,0.00949941098205065,0.0013125407330297342,0.0005153773805922987,0.9999538853437062
1741341974.8974423,2,0.01565088095034205,3.988023741948073e-05,0.0028530249185669226,0.009592425473657816,0.002715653580701522,0.00040990722817464676,0.9999502200485914
1741341974.9141102,2,0.015595957885770083,5.520796297849767e-05,0.00312073609384565,0.009775251014793035,0.004966457584838767,0.00027121935467563907,0.9999398507943952
1741341974.9307718,2,0.015560326672223658,5.4650304253711784e-05,0.003180892245603745,0.011245495380943885,0.005323255897525976,0.0002278815770822576,0.9999225719275835
1741341974.9476573,2,0.015616525485520222,2.5700247280671764e-05,0.0026439694448128995,0.008795190917052718,0.004017272065953359,0.0003436804821574639,0.999953192917352
1741341974.9642203,2,0.015684232689201657,1.5012266074184676e-05,0.0023260821852484227,0.006605705142240447,0.0010473375985444412,0.0005177803337680242,0.9999774995703925
1741341974.9808524,2,0.01569414937384609,2.4137819444765545e-05,0.0025701483118476145,0.008542864937271764,0.0006007325073710077,0.0006024345893457747,0.9999631471467754
1741341974.9974513,2,0.015688170017495104,2.8668997436618526e-05,0.0027265102456054046,0.009313365800540931,0.0013752877645803803,0.0005640130694283837,0.9999555248561246
1741341975.014272,2,0.01564874721685214,4.8966371152103516e-05,0.0029745598124843206,0.00979107549356379,0.002771361953135398,0.0004765941143939946,0.9999481122796593
1741341975.0307913,2,0.015571979633203586,6.535510992499132e-05,0.0033363538911982153,0.011055294456357955,0.0060844166800006014,0.0001445681974461876,0.9999203665483485
1741341975.0476515,2,0.015512895043729753,8.330822980989855e-05,0.003173911040468314,-0.06262096844339625,-0.08255465631901784,-0.0004097066835146421,0.9946170997784491
1741341975.0645065,2,0.015618408294377665,2.336396008694642e-05,0.002528196842864931,0.008844220493436424,0.003213175163979582,0.00035755311550438837,0.9999556627296026
1741341975.0809162,2,0.015660839942770843,2.3137920476059895e-05,0.00249631856677371,0.006996401622140221,0.002450337470888216,0.0004120833214048983,0.9999724378191415
1741341975.097693,2,0.015677590327143467,2.7546313943137386e-05,0.002602414013477765,0.008027086734225725,0.0017401436538188703,0.0005355940789635573,0.9999661248850422
1741341975.114053,2,0.01568352540765022,3.149514927020493e-05,0.0026890207597792303,0.009009575059812326,0.0010831358462729916,0.0005938797123408999,0.9999586499855218
1741341975.1310089,2,0.015635984686424596,4.543977650016224e-05,0.00300269542757168,0.010114135705384733,0.0029671800992305698,0.00042035910392873913,0.9999443601518114
1741341975.1477208,2,0.01552487348043237,9.136262787063372e-05,0.0032880449571628108,-0.06293562387920071,-0.08353305775739227,-0.0004899256184013249,0.9945155079140418
1741341975.1641424,2,0.015529143341541334,7.857015358507847e-05,0.00304977416652885,-0.06283404706268256,-0.08528150743430879,-0.00035232219580378667,0.9943735831610405
1741341975.181443,2,0.015591706227178889,3.8310897072118063e-05,0.002778029711534991,0.010016573471285066,0.0037467723114756497,0.000342304645036001,0.999942754751826
1741341975.1981046,2,0.015630580809027753,3.557967750860289e-05,0.002705319167201805,0.008146533935392896,0.0037385469199161924,0.0003586457084803395,0.9999597635030235
1741341975.2141705,2,0.015682870624729294,2.2562828922269988e-05,0.0024312006425763494,0.007243482891842965,0.0010121370119549114,0.0005677913711631243,0.9999730922115972
1741341975.2310975,2,0.015678778053351276,3.426195129688824e-05,0.002730539516737341,0.00850524223003694,0.001118232515367496,0.0005550732496003204,0.9999630504695349
1741341975.2478197,2,0.015641872456198563,3.997778365632662e-05,0.0029063365359985162,0.009422032380691626,0.002966492590812208,0.0003986964260215721,0.9999511319402992
1741341975.2643666,2,0.01553258494858489,9.051186153409431e-05,0.0032540434455002897,-0.06278774561738491,-0.08287664870208743,-0.00046741721287032974,0.9945797814259782
1741341975.2814229,2,0.015519746146327906,8.534580762372918e-05,0.0031857248184519217,-0.063194410598253,-0.08584257911423099,-0.00037201966736928637,0.994302458853202
1741341975.2978227,2,0.015580334017193661,4.147095857801519e-05,0.002886897674206705,0.009783619636070317,0.0039318649204020395,0.00031460780663143456,0.9999443595755678
1741341975.3144844,2,0.015625048744254813,3.465058115979149e-05,0.002733354926342924,0.00833247641983458,0.003675083177487007,0.0003943619249633928,0.9999584531764425
1741341975.3311057,2,0.01567969663198751,2.0858989102002656e-05,0.0024444650004481435,0.007272077319858848,0.0011474327353148336,0.0005145954858502529,0.999972767369721
1741341975.3481746,2,0.015677145763666148,3.56867018524946e-05,0.002731357899650494,0.00842754093010976,0.0010567886104043132,0.0005676088878315478,0.9999637681295531
1741341975.364984,2,0.01565084971086683,4.151238336900773e-05,0.002811498898681467,0.009290463843589699,0.002104473946668282,0.000452707279413636,0.9999545257295943
1741341975.3812876,2,0.015566486006190306,6.85688088297493e-05,0.0033620850816896636,0.011026714916359023,0.0061730392874618355,0.00015374536985529954,0.9999201375642306
1741341975.3980587,2,0.01553423826911266,6.616298418280115e-05,0.003364417877827107,0.012417099659134852,0.00559490927965666,0.00023359496475943025,0.9999072247261742
1741341975.4150512,2,0.01556914819601916,4.646077410724995e-05,0.002948757476577304,0.010755584537394267,0.004054426480152884,0.0003192155297556708,0.9999338863788054
1741341975.4313405,2,0.01562395410825221,3.128687617983487e-05,0.0026773612350725336,0.008182642379850348,0.0037003746566500596,0.0003367981385807259,0.9999596182637066
1741341975.4479668,2,0.015680118919338543,1.6602444528483584e-05,0.002438886776202334,0.007075868978869455,0.0011252481721037346,0.0005027591888492372,0.9999742062313123
1741341975.4646246,2,0.015697228138932883,2.43399262592915e-05,0.0024935550730098644,0.007535162240115898,0.00029774639204286935,0.0005523856960613391,0.9999714133649741
1741341975.4810462,2,0.01564043196604668,4.9677417852656886e-05,0.0029903210784349298,0.009824662564482533,0.0029915707883644595,0.0004572962713341118,0.9999471572987406
1741341975.4981043,2,0.015585156211826028,5.58440055751155e-05,0.0031916911263249583,0.010223179899470228,0.0055102038332406214,0.0001889245918281304,0.9999325420016881
1741341975.5145714,2,0.015521665554878463,8.672377349309292e-05,0.0031656004352382254,-0.06283598847901975,-0.08232647195563278,-0.0004569879316205778,0.9946224317444451
1741341975.5313854,2,0.015578290050330809,4.684348702149536e-05,0.0029097154245907595,0.0104596232098438,0.003961456800362245,0.00028096086104446296,0.9999374101429156
1741341975.5481687,2,0.015634540543254683,2.3988832358808344e-05,0.002565686361520295,0.007481324146126016,0.003131963198007038,0.0003539911226357897,0.9999670470999692
1741341975.5647063,2,0.015689801283356505,1.147116783052919e-05,0.0023551193799887108,0.00794110984032965,0.0007898547145068291,0.0005965721639600006,0.999967978990171
1741341975.5812833,2,0.015688098652818377,3.2489391147261e-05,0.0027052536559625,0.008503568457557762,0.0006653226687747096,0.0005699456006645065,0.9999634602480465
1741341975.5980315,2,0.01566803071792065,3.322367764802244e-05,0.002750083751407672,0.00896175647583264,0.0019374526086098878,0.00047800802466416387,0.9999578514650433
1741341975.6148486,2,0.015609960408753183,4.363002825952115e-05,0.00300479581758304,0.010866322880279541,0.0044063541971872565,0.0003335267150277797,0.9999311955478142
1741341975.6314592,2,0.015542579616165605,7.920438285507357e-05,0.0030240936874771744,-0.06146019952629679,-0.08292536478530557,-0.00037505037852227064,0.9946586786866263
1741341975.6483588,2,0.015582264700814514,4.743605098048288e-05,0.0029088111222805224,0.00961162186871222,0.005000231922283016,0.0002157203879513898,0.9999412822113559
1741341975.664889,2,0.015636997016532792,2.4645573215883897e-05,0.0025647708479299668,0.0083421653609862,0.0029806780838963227,0.0003519495323396514,0.9999606992111123
1741341975.6813393,2,0.015697654730102453,1.1596760594407493e-05,0.0023093218422784324,0.006845977043383039,0.0005495423664310086,0.0005744706024846237,0.9999762500104868
1741341975.6979647,2,0.015684722619927274,4.0400428205806736e-05,0.0028343282483408883,0.008855806896237146,0.0011796339434881208,0.0005692488943245537,0.9999599287489835
1741341975.7148123,2,0.015673159288037367,3.4985056663444564e-05,0.0027819780847457127,0.009587841956814665,0.0014582520310162336,0.0005306418431621554,0.9999528314909956
1741341975.731603,2,0.015614923734235711,4.8551788397380485e-05,0.0030591325746487106,0.010151635075715064,0.003989864124588298,0.0003905402757993244,0.9999404346099071
1741341975.7482252,2,0.015576692083675915,5.6400681305585206e-05,0.003173671505801346,0.010715696411158123,0.005247144994961116,0.00021172484251572423,0.9999287957111831
1741341975.7652457,2,0.015558385302913905,6.849675125997346e-05,0.0028134989833709825,-0.061451313622594914,-0.08107928303899413,-0.0002953203878933268,0.9948114387670703
1741341975.7815413,2,0.015622530380958637,3.664633750110076e-05,0.0027405867522494096,0.008053476654614108,0.0037624953157800443,0.0003876638962528328,0.999960416646317
1741341975.7981422,2,0.015684869073723736,2.545830911222939e-05,0.0025106363955337556,0.006998433489336959,0.0010337380917918506,0.0005881709392448073,0.9999748033671645
1741341975.8150425,2,0.015687164469324343,3.851376061248897e-05,0.002795788043763113,0.008704577464047403,0.00033889284808949634,0.0005967532120968839,0.9999618789575999
1741341975.8317842,2,0.015669448209236863,3.9279311212861526e-05,0.0028230231364160694,0.00927737276474897,0.00136953579961084,0.0005127850928868808,0.9999558949162338
1741341975.848332,2,0.015624103606028325,4.823726488630151e-05,0.0029985451855614733,0.009614443984495437,0.0035792601811992994,0.00037302312819278505,0.9999473047201889
1741341975.8650308,2,0.015570812260912737,5.835794110665621e-05,0.0032589894708117033,0.010910772828068401,0.005673338197664304,0.0002123739883328763,0.9999243587228377
1741341975.8819313,2,0.01553874933279054,7.533358928233027e-05,0.0030265565728001247,-0.06180832709324765,-0.08144850276902886,-0.0003154257819616969,0.9947591530642952
1741341975.8983166,2,0.0156225977793445,3.3030173621285576e-05,0.0026994236221963928,0.008635176823965687,0.003277563093998699,0.000359254536162323,0.9999572802062906
1741341975.9150782,2,0.015684990628575844,1.3886859100100848e-05,0.0023950279717971407,0.008006506893344584,0.0006455540604104711,0.0006083122064041982,0.9999675540054195
1741341975.9316225,2,0.015686816624293564,3.0327051587462813e-05,0.002682443179917915,0.008436253343007188,0.001016713945511673,0.0005472570934961622,0.9999637475588599
1741341975.9484515,2,0.01567724362012616,3.565264210790824e-05,0.002732010498818247,0.008891007878450017,0.001102884809953337,0.0005325464876660688,0.9999597241980498
1741341975.9650862,2,0.015635220608577187,4.3118465186315124e-05,0.00286935984890258,0.009473245380950063,0.002820098747784593,0.0003992521807632694,0.9999510714343484
1741341975.981769,2,0.015524811941500847,9.540766713185218e-05,0.0033276236778191116,-0.06209752000472793,-0.0826745578848492,-0.00036349762335099946,0.9946399767540438
1741341975.9989858,2,0.015573334197311961,4.869533752964089e-05,0.002953054715451598,0.010322881159451753,0.004008695862696361,0.00029379856896359814,0.9999386391996505
1741341976.0153792,2,0.01560873526875275,3.591358624784539e-05,0.0028041953510927462,0.009132167456758256,0.003878615036326337,0.0003420456213665947,0.999950720219619
1741341976.032143,2,0.015677505962099384,1.4149426935365678e-05,0.0023466495562995786,0.006911536342163713,0.0015849054134310142,0.0004804179053895623,0.9999747436504872
1741341976.0488143,2,0.01569564818115708,1.8646426493450667e-05,0.0024191158611931293,0.007049576880664879,0.0007281874027363686,0.000568612947048103,0.999974724624691
1741341976.065718,2,0.015660360831993687,3.956121491386282e-05,0.002936130294658876,0.010310904365365157,0.0012801334136182385,0.0005688765114994864,0.9999458599789922
1741341976.0822287,2,0.01562598048378895,4.310491670507634e-05,0.00294387349365481,0.009627819015045001,0.0035526983466565754,0.00034922312672306126,0.9999472793496059
1741341976.0985308,2,0.01552041445476221,9.55196184905854e-05,0.003285708622108024,-0.06318624653908414,-0.08261296742100314,-0.0004424488295126573,0.9945764928356349
1741341976.1152873,2,0.015572256141401918,4.873582324295119e-05,0.0030376040547017424,0.011380081409499698,0.007353824716529658,0.0001952191729542566,0.9999081842342458
1741341976.1320744,2,0.015600685609197822,3.499094021782231e-05,0.0027595070335104336,0.009259771638088951,0.004042638181842487,0.0003511373853004047,0.9999488938982221
1741341976.1487222,2,0.015657135433775973,2.3417570715060907e-05,0.002503660664293987,0.007551508338065202,0.0021533273819225704,0.00042004691802196306,0.9999690802537812
1741341976.1651223,2,0.01568068052122669,2.44875990965692e-05,0.002519773963120789,0.007862105135726568,0.0013601713106165475,0.000535376062563428,0.9999680247934492
1741341976.1823637,2,0.01565956873724302,3.7111420645337665e-05,0.0028366379478263542,0.009323191972283096,0.002203114919525176,0.0005145054537056459,0.999953978771142
1741341976.1986227,2,0.015622574173249422,4.1033409630592885e-05,0.0029572986368373707,0.010039644315162808,0.0036831404912323062,0.0004126589148763497,0.9999427332256416
1741341976.2154667,2,0.015524089314969455,9.043039631625752e-05,0.003261294703425128,-0.06290082856054614,-0.08255110381148324,-0.000479035063372074,0.9945997041781737
1741341976.2321079,2,0.015550787442319889,6.222831042050573e-05,0.002748179207190518,-0.06136562067210057,-0.08414432309907262,-0.00024743438442328643,0.9945621811963052
1741341976.2485704,2,0.015607103553525643,2.765884167858561e-05,0.0025724393456134933,0.00869995192930452,0.0030767161023894036,0.0003552917565522532,0.9999573583019533
1741341976.2655988,2,0.01565493493215884,2.33176783339034e-05,0.0024850397775068485,0.007275730991071122,0.0026644541179793625,0.00039417330189902227,0.999969904072221
1741341976.2819762,2,0.015675143041414222,2.828242997569668e-05,0.002568101874552874,0.007782739728330472,0.0018023330206598683,0.0005186170551644316,0.999967955283745
1741341976.2986095,2,0.015659265028798816,3.864043447158277e-05,0.002805850977743478,0.009303842888126414,0.002114041587177803,0.0004922071068573563,0.9999543624925313
1741341976.3154383,2,0.015633328136985022,4.130807189313776e-05,0.0028816571602118886,0.00909871726862353,0.00302764045605852,0.00039803747277863515,0.999953943091133
1741341976.3322427,2,0.01556835147061997,5.828869318528572e-05,0.0032226144332839577,0.011129551621948081,0.00615267357116051,0.00016867666670194157,0.9999191213477234
1741341976.3488655,2,0.015540227553978662,6.071305030305253e-05,0.003293121440281901,0.012357337235755106,0.004842789783398654,0.0002684102052404968,0.9999118818973586
1741341976.3654027,2,0.015600244546669105,3.169693239282043e-05,0.0026701883997534578,0.009679322683757019,0.004258574759331056,0.00028676221401523525,0.9999440449449337
1741341976.3823292,2,0.01564414308384178,2.8518934545548756e-05,0.002621970139294769,0.007859483499274237,0.0030009372502849247,0.00040903197771369426,0.9999645271646318
1741341976.3992326,2,0.01568963338470208,1.543427008333537e-05,0.002417032496508763,0.00839690485621157,0.0007618114579771001,0.0005811571763336746,0.9999642863065034
1741341976.4158032,2,0.015694482244636154,2.342136214168207e-05,0.0025001767279253834,0.00812448984066966,0.00017679549291948067,0.0005545182671749195,0.9999668264085935
1741341976.4321675,2,0.015636394886063908,4.989545598153962e-05,0.0029755844293750298,0.009536542323666856,0.00295854047282082,0.00045384396945883314,0.9999500464645377
1741341976.449201,2,0.015574075512947627,6.102849904816431e-05,0.003259103894624054,0.01074499952466502,0.005610591643103523,0.00017138949046717722,0.9999265157361673
1741341976.4656162,2,0.015565605865342438,5.0052112452690946e-05,0.0030647748996262356,0.011368709317703073,0.004446368777175331,0.0002831065572826508,0.9999254482729321
1741341976.482815,2,0.015600190492271975,3.8189418707036636e-05,0.0028041836972820962,0.009550167622364757,0.0037591806286465905,0.00033001007565216866,0.999947275586436
1741341976.4988563,2,0.015651332987340384,2.5528432107227228e-05,0.0025579752518691233,0.008225718033184422,0.0028601139497463077,0.0004251401128458045,0.999961987560986
1741341976.5154428,2,0.015689201223328113,1.9806975843304837e-05,0.002480689165763213,0.007733996701812594,0.000948105539052332,0.000575515151632951,0.9999694771207835
1741341976.532999,2,0.015679231537379167,3.88034670393341e-05,0.002838647814703498,0.009469383459280271,0.0006404646121064678,0.0005575630785788626,0.9999548038313507
1741341976.5494163,2,0.015645585942185236,4.427539785570774e-05,0.0029411961205270927,0.01007930297482608,0.00226624859765068,0.0004485516019869932,0.9999465338558335
1741341976.5660188,2,0.015580388338415936,5.82720396403028e-05,0.00322237176663092,0.010445470217961519,0.005594999400340736,0.00019568181179816798,0.9999297724551781
1741341976.5828671,2,0.015548237921546639,7.441245748269886e-05,0.0029257203133923795,-0.061175054867000145,-0.08221738869812809,-0.00032921324505852677,0.9947350427507416
1741341976.5995257,2,0.015598312496786993,4.370680814953988e-05,0.002905749870091567,0.009172312792824848,0.004257016779926727,0.00026011716247615046,0.999948838103844
1741341976.6160338,2,0.01563766585247982,3.1358100248586715e-05,0.002695278961848391,0.0077918716212977,0.003371214394440109,0.00036205226455806493,0.999963894632352
1741341976.632692,2,0.015683340048099223,2.4759837983591376e-05,0.002538663290554046,0.007427683559678728,0.0008938536968045849,0.0005729728297570511,0.9999718507261304
1741341976.649479,2,0.01569501704360404,3.0801754298334506e-05,0.002689580019991382,0.008772209925343019,-2.115561523274003e-05,0.0006276089438653413,0.9999613262484102
1741341976.6660004,2,0.015644090384170736,4.570130724476965e-05,0.0030226080341252447,0.010938340323659508,0.0028101160113648107,0.0004934291539994766,0.9999361042019818
1741341976.6827707,2,0.015604086005330411,4.747847470669386e-05,0.003007212924748249,0.009521764366478898,0.004547493482706876,0.0002550789087470677,0.9999442940689868
1741341976.69951,2,0.015573309945655887,5.4781008169959944e-05,0.0031650196067144936,0.009954556140690683,0.005127130538747602,0.00023541601969837665,0.9999372799949895
1741341976.7165854,2,0.015582644945014653,4.967025758200124e-05,0.0030709334123993413,0.009557233108145867,0.004647841870933784,0.0002567841031802309,0.9999434938651203
1741341976.7326584,2,0.015648518718275675,2.4559746353975327e-05,0.0025229720383053416,0.007581747832480329,0.002460812085697886,0.0004003664785017298,0.9999681500979751
1741341976.749065,2,0.015686594089549838,2.6167758088379793e-05,0.0025264334806765613,0.007231370587520457,0.0007963488562550156,0.0005742284970037106,0.9999733713302362
1741341976.7658346,2,0.01567466802198016,4.898554070196115e-05,0.0029726646956958085,0.009379724331359448,0.0007666995339682366,0.0006337911167187814,0.9999555146365825
1741341976.7826428,2,0.015657137553207304,4.226741802515851e-05,0.0028561708127061857,0.009056717261192379,0.0024104921330253314,0.0005084671099311016,0.99995595246057
1741341976.7991817,2,0.015604466271577917,4.741929229862884e-05,0.003052069853137688,0.009875105679563187,0.0044684553395498705,0.00028972313653056195,0.9999412138996971
1741341976.8160105,2,0.015539781094799653,8.079251671134147e-05,0.0031083958369790997,-0.06152122373643681,-0.0818649659310407,-0.00034186579189761384,0.9947427554452765
1741341976.8338819,2,0.015582087175512902,4.597543652348718e-05,0.0029657053697267075,0.010312298855221424,0.004141601514847756,0.00031407161127527716,0.999938200584534
1741341976.849136,2,0.01563870145420316,2.726369424842634e-05,0.002605631655652868,0.007520762469638184,0.002628815255014754,0.0003730904878963119,0.9999681936270365
1741341976.8658295,2,0.015686540397577265,1.9532839834973702e-05,0.002467079438056491,0.007001277069636801,0.0012019156116890625,0.0005478616543545662,0.9999746183608184
1741341976.8832777,2,0.015679666010353636,3.854683965889881e-05,0.0027394336076677107,0.00851911049371491,0.0008651661113747406,0.0006000542129239026,0.9999631574107803
1741341976.8994718,2,0.015644136721739258,4.974851245562457e-05,0.0029465131188913902,0.008982853234896917,0.002660362969848604,0.00045340351092698747,0.9999560116534553
1741341976.91604,2,0.015600685217431718,5.270897815250245e-05,0.003104087618071336,0.010107530524318521,0.004734116395821757,0.0002699955446749118,0.9999376745933002
1741341976.933054,2,0.015580518568978593,5.023132177200492e-05,0.0029996426302765383,0.010454780792533539,0.004623242250158917,0.00020044976656605608,0.9999346393687778
1741341976.9496322,2,0.01556725893318538,5.171529780346141e-05,0.003028565564080192,0.010724942408549366,0.004364006502180737,0.00026088295633688136,0.9999329292495899
1741341976.9660087,2,0.015611275177640969,3.5126308512043856e-05,0.0027922095122972497,0.008156167528395559,0.0038569739998097203,0.00030011327557999537,0.9999592544773188
1741341976.982551,2,0.015681947628955178,1.2456593909462121e-05,0.002391507635746405,0.0077176195363521495,0.0010638900693143913,0.0005398055158051195,0.9999695070833998
1741341976.9997118,2,0.015679490348730802,3.1082341153847534e-05,0.002688188953727312,0.008150738660397222,0.0008367215711718531,0.0005242465952111438,0.999966294692881
1741341977.016229,2,0.015634032477887437,4.9432810843772974e-05,0.0030119395856451478,0.009348922790628402,0.002950347714782085,0.0004366074941372027,0.9999518500732486
1741341977.0326567,2,0.015599777144126454,5.124215998899642e-05,0.0030771953803916128,0.010077232061891758,0.004606651123833424,0.0003056133833537032,0.9999385654928277
1741341977.0493977,2,0.015534214078823482,8.344777572359083e-05,0.003091858027142287,-0.06236888982344448,-0.08256733309395735,-0.00043270374900052826,0.9946318765530332
1741341977.0663037,2,0.01555519244269804,5.7639961267415935e-05,0.00312082960813112,0.011161155297517288,0.004530419664758506,0.0002650024544804302,0.9999274142075439
1741341977.082791,2,0.015600430540563313,3.9337224799143364e-05,0.002822131472772063,0.009096010628360521,0.003849092018718326,0.0003231315981293132,0.9999511701414477
1741341977.0995257,2,0.01568252212409846,1.4899895454837816e-05,0.0023388174929827588,0.006459809706342525,0.001294871619036403,0.0004862918608510534,0.9999781786050503
1741341977.1164396,2,0.015666942547021192,4.00861547138917e-05,0.0028622217240724243,0.009342988981394391,0.0012657587472886013,0.000532805324298936,0.9999554102709649
1741341977.132769,2,0.01564996122182394,3.2655830367100456e-05,0.002805818614358954,0.009690977100285094,0.0023974249230857224,0.00045665941693427903,0.9999500631425335
1741341977.1497726,2,0.015611459584460712,4.480498276893158e-05,0.0029431943581221896,0.009721987396028463,0.004358915998501049,0.00030920090257133774,0.9999431919900207
1741341977.1661417,2,0.015536987264491254,8.470038186780989e-05,0.0031035727563745387,-0.06203347546014304,-0.08262832369537806,-0.00041728262681747655,0.9946477939053788
1741341977.182977,2,0.015563584636991253,4.969371695000804e-05,0.00303906259933923,0.011125962924983584,0.0045488322450448855,0.000255579670750489,0.9999277252647965
1741341977.200081,2,0.015616436721377485,3.0405233096859527e-05,0.0026297241993129762,0.008623813491360582,0.003242288098759952,0.00032335114746462893,0.9999575055235029
1741341977.2161758,2,0.0156730539306568,2.7782593260294175e-05,0.0024792459995389917,0.006858824976729583,0.00104644310036098,0.00047662723223174607,0.9999758168592168
1741341977.2331645,2,0.01567455748196568,3.445872584596109e-05,0.0027348491297895035,0.008741725375195646,0.0010862030953575053,0.0005354235662174023,0.9999610571026779
1741341977.2496579,2,0.015650563125642183,3.990299510590584e-05,0.0028785298165682764,0.00949403446632602,0.0022153015241553123,0.00045677622421285764,0.9999523724179018
1741341977.266315,2,0.015612398358723679,5.172116576636521e-05,0.0030376226827271754,0.009905014138818256,0.004202383878301589,0.0003283923786966542,0.9999420597330102
1741341977.2830913,2,0.015550510890276927,7.810732614321881e-05,0.0029908309602250144,-0.06182368934191432,-0.08183720448274052,-0.000396955339514463,0.9947262667815016
1741341977.2996464,2,0.015560838606370123,5.223607194580405e-05,0.003090650477441407,0.011234354802378157,0.004466722966082373,0.00027484305452816745,0.9999268783863219
1741341977.3163269,2,0.01560273579408874,4.0992314428075986e-05,0.0028477265500358923,0.008762531163179764,0.00405781345487661,0.00033189674464261545,0.999953319931551
1741341977.3332648,2,0.015681519506009076,1.577407270484585e-05,0.0023282830144628073,0.006666021682918585,0.0013472891410048447,0.00048447187629101646,0.9999767568568254
1741341977.349923,2,0.015688792849824912,2.432211028213042e-05,0.0025112020420626296,0.008066278074353199,0.0009253950205438626,0.0005542771630100029,0.9999668852411612
1741341977.3667958,2,0.015660374641016852,4.329152437810636e-05,0.002834028353391265,0.008754992525917337,0.0021601716663026426,0.0004963292393019671,0.9999592178791741
1741341977.383011,2,0.01562889221384602,4.8279291858352884e-05,0.002953330814779826,0.009557709299555048,0.0033061003019333956,0.00042229552025442385,0.9999487694678324
1741341977.399885,2,0.01557307474902207,5.9060728215118456e-05,0.003222966616140345,0.01046562118969771,0.005638950281429893,0.00020396261060293854,0.9999293132077341
1741341977.4169085,2,0.0155695535359133,5.144079497988012e-05,0.0030440778873443777,0.010676315141690111,0.004415158888370895,0.00029149533337030707,0.9999332166187181
1741341977.4335837,2,0.015613154691256294,3.757202626595019e-05,0.002812356172674688,0.009045832037960637,0.0040347726849996905,0.0003277197923198736,0.9999508918601249
1741341977.4497988,2,0.01567882682696301,1.6797941561119554e-05,0.0023848388692221468,0.006601478328133381,0.0016109717929937125,0.0005035292912137165,0.9999767855865546
1741341977.4669337,2,0.015701398405447136,1.7247259735488867e-05,0.0023785177266164555,0.0068053168021064,0.0006634515374455536,0.0005506943429841687,0.9999764718387233
1741341977.4839756,2,0.015685320716313223,3.041013803135608e-05,0.0026604763629433465,0.00901957860285459,0.0011139226989825503,0.0005330536818121738,0.9999585602572839
1741341977.5000794,2,0.015642411062373525,4.1347440453841635e-05,0.002902314333352815,0.009209593888873576,0.002856111603504879,0.0004264444715143815,0.9999534209912095
1741341977.5166836,2,0.015581215672641998,5.66272008808129e-05,0.0031644525135086773,0.010285673654553374,0.005376694150964899,0.00016437408061408126,0.9999326322601141
1741341977.5335877,2,0.015592467630188364,3.818995882427827e-05,0.0028043765765102995,0.009880205021540618,0.004767235726940503,0.0002872744489408019,0.9999397844298661
1741341977.5502522,2,0.015636849145140002,2.5272184297329044e-05,0.0025590719922325405,0.007878047418586304,0.0033978939214498634,0.0003469844736904459,0.9999631344642381
1741341977.5667179,2,0.015688732301500648,1.0733321488730474e-05,0.002260423295463274,0.006377054094178628,0.0011751808693747656,0.00048458659250171963,0.9999788584299363
1741341977.5847197,2,0.015687999222094514,2.9362554360241462e-05,0.0026062009231931187,0.008117359717715359,0.0010929566000447413,0.0005778194338479919,0.9999662894526923
1741341977.6007197,2,0.015683581581257613,3.4454648498072874e-05,0.0027614270382560328,0.009372402873194297,0.001224571301965192,0.0005451706637076328,0.9999551796347956
1741341977.616522,2,0.015657116575594678,3.371337835842397e-05,0.0027603386850755226,0.009132066318606186,0.0025550977046692714,0.00042699361736375145,0.999954946243541
1741341977.6332421,2,0.015597403929287388,4.7570573729678316e-05,0.0030059725425905476,0.010000774041593464,0.0051038785857246225,0.0002232385526831619,0.9999369405650037
1741341977.65026,2,0.015554610324852888,7.294884932509835e-05,0.0028856133814908072,-0.06131604726752676,-0.08133348714444269,-0.00030263818956422265,0.9947990322806598
1741341977.6667242,2,0.015617288246452792,3.509715816717891e-05,0.002743385009311518,0.008484770901217508,0.004515267014232634,0.0002776463189368837,0.999953770900968
1741341977.6832993,2,0.015670881139337612,2.0841397552866352e-05,0.0024337680580055854,0.007239743070861608,0.0019754693078903153,0.00045442447944008186,0.9999717381704716
1741341977.7003672,2,0.01568901896640706,2.6414426492244422e-05,0.002517577251450943,0.007720175969353619,0.0013111406262611975,0.0005454396307403476,0.9999691906698274
1741341977.7167544,2,0.0156919531281195,2.8186026223567864e-05,0.0025830744462276237,0.008123113542775475,0.0008737651608248484,0.0005432147274365281,0.9999664776774144
1741341977.733618,2,0.01564841876286845,4.1374739237288964e-05,0.0028316502210856374,0.00889212813712145,0.0030243397914948766,0.00037522502563769864,0.9999558203401782
1741341977.7501395,2,0.01558908252748386,5.033101476709919e-05,0.0030917271946752072,0.009868236498937054,0.0053694056298931245,0.00017093062836325424,0.9999368770949009
1741341977.7668319,2,0.015539369881872789,7.729575378462917e-05,0.0029929852314365957,-0.06195797664687254,-0.0820416908010255,-0.0003682697334317621,0.9947010779514305
1741341977.783531,2,0.015607325061812298,3.690486402229695e-05,0.0027374701469961168,0.009188584207935137,0.00411626013418502,0.00028385400765630067,0.9999492715881461
1741341977.8002121,2,0.015653189915282143,2.5476121402040044e-05,0.0025252667412264587,0.007398129423713088,0.003238097852304457,0.00036159846001481474,0.999967325291123
1741341977.81714,2,0.01568473078339035,2.0865768441254223e-05,0.0024469686826527007,0.007827391103877125,0.0011460786040123822,0.0005058575834366235,0.9999685807866393
1741341977.8337898,2,0.01567524350215629,3.773121366089132e-05,0.002705370652521575,0.008969714470653966,0.0013952043560884581,0.0005592070235940943,0.9999586416020537
1741341977.8502305,2,0.015661247411512334,3.205343748263655e-05,0.0026075447290137724,0.007794273557393448,0.0021449187083802303,0.00044553345979041903,0.9999672245245756
1741341977.8669348,2,0.015581336893751947,5.5985148220470985e-05,0.0031578010590519578,0.01053308702353969,0.0055077662308208285,0.00017772611932929803,0.9999293410048171
1741341977.884028,2,0.01557087947416121,4.783482944146887e-05,0.0030009552995944235,0.010380670850103128,0.004635911749372702,0.0002167090643130178,0.9999353494262193
1741341977.9005537,2,0.015593657273616076,4.045119746312868e-05,0.0028007838312422238,0.009647996028799621,0.004492490276599719,0.00026300099968277384,0.9999433306614016
1741341977.9170673,2,0.015641643833986214,2.484369109088235e-05,0.0025458002870425976,0.00719227134942765,0.0033703958185112098,0.0003539686265898526,0.9999683926860259
1741341977.9338531,2,0.015675221371879346,2.2191606831905063e-05,0.002480987797621429,0.0071646959475823516,0.0016792956386110492,0.0004572272710662225,0.999972818651267
1741341977.9503276,2,0.015682917669977637,2.85691012681696e-05,0.002575431703201442,0.008028247104193186,0.0015892489574213305,0.0005020366043820189,0.999966384182705
1741341977.9673898,2,0.01565616286190455,3.363140541967864e-05,0.0026424467783548095,0.008231350041787162,0.0023060687323039936,0.0004229247303606512,0.9999633733583265
1741341977.9836695,2,0.01557675351258483,6.163932023127441e-05,0.003177013302574264,0.010550028546404883,0.005523844595175349,0.00021743832908331323,0.99992906586374
1741341978.000341,2,0.015553977011266892,6.022262914583529e-05,0.0031875469272660403,0.011002939904238302,0.005326669988098909,0.0002112169464417739,0.9999252558505076
1741341978.0172698,2,0.01557811726401953,4.4758394548721386e-05,0.002950455319745649,0.010037375446635148,0.004975042679208156,0.00024851313787631037,0.99993721717201
1741341978.033686,2,0.015625921325196194,3.0297219862634017e-05,0.002657073428079568,0.008111406768291972,0.0035432397341608455,0.00030729438542554955,0.9999607772820823
1741341978.050942,2,0.015667743825606432,2.6848950424996813e-05,0.0025176353467241354,0.006643655215149333,0.0017700165750673925,0.00048731316238894757,0.9999762454241541
1741341978.0671468,2,0.01567453697341763,2.7873908656991828e-05,0.002641640996438707,0.007856136956595434,0.0013745337052273687,0.00048114342382892965,0.9999680796256539
1741341978.0837913,2,0.01564272589072329,3.7253067295969806e-05,0.0028319954567059685,0.008815027256887455,0.0028168228827948096,0.0004117570018201492,0.9999570947093073
1741341978.1005955,2,0.01557307262803884,6.348232942548209e-05,0.0032527947937237467,0.010754045164578232,0.005587400262083995,0.0002065010451856235,0.9999265417160542
1741341978.1183746,2,0.015504858852960183,9.61607335102393e-05,0.0033266935511607116,-0.0624280754124469,-0.08273481783041199,-0.00043490098698950114,0.9946142449110599
1741341978.1339736,2,0.015566251098789577,5.21675196466672e-05,0.003066537373158973,0.010441228513501067,0.004623364091942045,0.0002268783821740341,0.9999347747617352
1741341978.1507764,2,0.015620779727850783,3.584950937323441e-05,0.002722331119224078,0.007733261997790524,0.0037746220461137973,0.0002845632528351442,0.9999629332685475
1741341978.1672525,2,0.015657869734603272,3.152880125447148e-05,0.002641259374577103,0.007558510236257906,0.0019811252954316694,0.0005183075482806941,0.9999693372413264
1741341978.1840224,2,0.015662694410439323,3.5192256715369216e-05,0.002783505075766033,0.008401549389270138,0.00175970454408903,0.00048128902312087244,0.9999630422013873
1741341978.20063,2,0.01564314962345591,4.19501064426037e-05,0.0029083169738229023,0.00911268138965453,0.002511651406248965,0.0004555827689458257,0.9999552205421224
1741341978.2171268,2,0.01560766925542602,4.314687893686137e-05,0.002962780147654206,0.008914757929942728,0.004103882112143047,0.00026359781499725313,0.9999518067181298
1741341978.2343938,2,0.01554761529882802,6.24237380648917e-05,0.0033154952048442816,0.011366435621472144,0.005659029017220044,0.00020682247122572793,0.9999193651271638
1741341978.250975,2,0.01556225725197647,5.404247028409804e-05,0.0031266050129043735,0.01085201846101838,0.005096676925941549,0.0002317564580644136,0.9999280993494374
1741341978.267619,2,0.015640236418367502,2.6008702748615077e-05,0.0025550475948951574,0.00702917664589363,0.0032224526187575584,0.00033765753868989374,0.9999700457824661
1741341978.28481,2,0.015666200315905137,3.058570251861395e-05,0.0026155475686748504,0.007902037022498268,0.0015314728320674055,0.000518783080452581,0.999967471103923
1741341978.3008451,2,0.015681605634100423,3.171454180568401e-05,0.0025705204947223783,0.008347426314958224,0.0010505497615861138,0.0005917889465136961,0.9999644326699613
1741341978.317705,2,0.01565548305699032,4.308117045634011e-05,0.0028276895205485986,0.008371288640712043,0.002037101114990656,0.0004660020122398581,0.9999627766010422
1741341978.3341515,2,0.015619161096168026,4.542450318255477e-05,0.0029454389092298627,0.009238458572727306,0.004211743720283413,0.00029225235948839246,0.9999484120126363
1741341978.3510385,2,0.015542638193802043,7.904866552333343e-05,0.0030263559193596003,-0.06160395513389949,-0.08246467392655692,-0.0003795365367681117,0.9946880848879535
1741341978.367594,2,0.015556094495560774,6.747895788016637e-05,0.002820508876851372,-0.060626723798666314,-0.081349554378865,-0.0002476515960834615,0.9948399816214099
1741341978.3841245,2,0.015616943941530187,4.223332362141614e-05,0.0028777422500351796,0.008378073379529453,0.00347000108852301,0.0003791796767468781,0.9999588107525557
1741341978.4009123,2,0.015671136342742472,2.2804409427934848e-05,0.002549969173336616,0.007947321967060023,0.0014663683928723616,0.0005100760293398367,0.999967214292415
1741341978.417666,2,0.01568519408784566,2.941091446547824e-05,0.002632091598063378,0.007955716943541852,0.0005915935150235168,0.0005597914014620619,0.9999680210979819
1741341978.434546,2,0.015647696530754176,5.015867656680769e-05,0.002993126988787323,0.008937506606154564,0.0026917984329903593,0.0004511152613703451,0.9999563348926201
1741341978.4506824,2,0.015611550869712238,5.499933939072921e-05,0.003059182886481395,0.00961295499684464,0.0038970123991104335,0.00031421208329516815,0.9999461513808413
1741341978.4686327,2,0.015581763096951086,5.308695945085143e-05,0.0030961288326317527,0.010180970608242773,0.004830908227142691,0.0001910172219912592,0.999936484820709
1741341978.484288,2,0.015578370549788511,5.0266876656198605e-05,0.0030616311438640587,0.009571231786066576,0.004418136616486954,0.00026891994430700955,0.9999443980907133
1741341978.5008786,2,0.015612646783553381,4.2703847103066086e-05,0.0028667606310794165,0.008600756181112935,0.003838545809310347,0.00039261081647406246,0.9999555682208733
1741341978.5176275,2,0.015668610517174813,2.386977813001665e-05,0.0025422086834118443,0.00729830809617231,0.0015036700770105881,0.00048072977522914645,0.9999721208984359
1741341978.534203,2,0.015688277202169594,2.7407327623530434e-05,0.002610517256223503,0.007797164814167094,0.0004252601907399401,0.0005858225041545902,0.9999693396232829
1741341978.5512834,2,0.015662241864452652,3.829425394368824e-05,0.002812467145791467,0.00852778323259269,0.0022333831892633067,0.0004925656559468194,0.999961022386244
1741341978.5677943,2,0.015607659709340735,4.935958021766304e-05,0.003072889897013746,0.009444180628611439,0.004278256602709366,0.00028307547231020433,0.9999462104738297
1741341978.5852826,2,0.01557909890385865,5.340207944857141e-05,0.0031147141779640586,0.009921217810337352,0.004797425923920676,0.0002521320112420572,0.999939243439877
1741341978.6010633,2,0.015584068614596784,4.341634817339379e-05,0.0029133418584907957,0.009888817441691816,0.0048718363555914825,0.00023291372128229792,0.9999392092779078
1741341978.6180823,2,0.015606578980317178,4.084319633576485e-05,0.0028665403308274703,0.009043316320246686,0.004137371161036114,0.0002920002509205236,0.9999505064380243
1741341978.6342647,2,0.015664078483052544,2.5719194975802196e-05,0.0025213669399028393,0.006867525645910904,0.00236043470199198,0.0005054250494839118,0.9999735046415179
1741341978.6513865,2,0.015676555424992057,3.1509001358442824e-05,0.0027026029476246117,0.008228055456772302,0.0007041663554244588,0.0005483306585290171,0.9999657507068095
1741341978.6679447,2,0.015658194821223742,3.5045878239716086e-05,0.0028269596582345523,0.009393728220630958,0.001857936168507791,0.0004576983843968421,0.9999540471719186
1741341978.6848016,2,0.015615532903396593,4.435593435032726e-05,0.002985202596877671,0.009838600637373823,0.0038815793765161646,0.00031402446356986776,0.999944016766778
1741341978.7019422,2,0.015574366013904464,5.387712149192087e-05,0.003167342100068097,0.010948100533873312,0.005038904475575845,0.00020409114792061523,0.9999273508026418
1741341978.717706,2,0.015561689137279648,5.308367236834918e-05,0.003161588940901095,0.011256145371091392,0.005092006877654185,0.00021767524730184707,0.9999236587234195
1741341978.7348728,2,0.015594776812613944,3.919938148879608e-05,0.0028938303184448035,0.00888995000768051,0.004163705723194526,0.00027240956242228576,0.9999517779055858
1741341978.751095,2,0.015653849640782775,2.729996453619262e-05,0.0025852592338263653,0.007911729354912795,0.0024990694122133646,0.00043894663314855204,0.9999654826625471
1741341978.7682102,2,0.015670115619809955,3.1706781246364575e-05,0.0026708819187302468,0.00836064127351381,0.0013932763413345495,0.000534554155105102,0.9999639357048771
1741341978.784914,2,0.01565253104061995,3.913176088390028e-05,0.0028156209060659567,0.009036295213986485,0.001978068694863406,0.00046529482675360535,0.9999571071369854
1741341978.8014367,2,0.015615089210235755,4.5348042706130455e-05,0.002986613204993915,0.009219476773205755,0.00379490743009161,0.00030919925207933654,0.9999502509232385
1741341978.8184247,2,0.015577190272913153,4.7961633901131067e-05,0.003111767474333007,0.009958222415436894,0.00502111413518258,0.00019727417690825798,0.9999377897159729
1741341978.8345459,2,0.015521151989440807,8.295573826563158e-05,0.003134541257084898,-0.06214167612579221,-0.08176486262690823,-0.00038432694536026353,0.9947124064877643
1741341978.8512564,2,0.015601260288563451,3.189530146551692e-05,0.002692490964552509,0.009269436017018884,0.003822104590058591,0.0002859377145311639,0.9999496923905985
1741341978.8681512,2,0.015646046493608158,2.0495823237625712e-05,0.0025861847631447835,0.008012359815855468,0.0028264190619691786,0.00044209375181679904,0.999963808344373
1741341978.8846226,2,0.01567300634491193,2.3821715036386865e-05,0.0025482146037398086,0.007947012873672322,0.0011615035149075996,0.0005034352067347953,0.9999676207002721
1741341978.9011674,2,0.015657065721348593,3.820798313136337e-05,0.0027451387443452628,0.00872569054452157,0.0016847316313205077,0.0005189064579788039,0.9999603765849623
1741341978.9181352,2,0.015609822360061235,4.728639770036318e-05,0.0030317597243600925,0.009370404009627646,0.004097533537036208,0.0003028586464379226,0.9999476556421588
1741341978.9349818,2,0.015577538750942718,5.030869854303035e-05,0.003076929287832191,0.010709420241671062,0.0050027043304180785,0.0002132005773791781,0.9999301154645676
1741341978.951411,2,0.015556847773164541,5.63857707377969e-05,0.00312057664521461,0.01109190980338384,0.004345003271999811,0.00022421276427950256,0.9999290175868066
1741341978.968413,2,0.015547755623454989,6.919651250886868e-05,0.0029046070698308646,-0.06086306191069064,-0.0809131333023269,-0.00028232230503348507,0.9948611324442077
1741341978.985113,2,0.01563509701634629,2.5691450795618108e-05,0.002668769305585113,0.008824188572417015,0.003227057249057409,0.0004643036143007134,0.9999557511308705
1741341979.0022974,2,0.01567013046950894,2.623180035191464e-05,0.0026233537579281483,0.008154736605979674,0.0012715845762943125,0.0004897235250492544,0.9999658211731146
1741341979.0182848,2,0.015650142922537098,3.827724314390669e-05,0.002843081856599087,0.009233712511971635,0.0023024265783634264,0.00047353725382215915,0.999954605543455
1741341979.0349827,2,0.015624102750881216,3.6629209184323845e-05,0.002868237913002111,0.010259869226473288,0.0034267182477839132,0.0003733400932625505,0.9999414249358214
1741341979.052038,2,0.015576408408979786,5.594716138163526e-05,0.0032032957069288775,0.010413882059799541,0.004961114717729291,0.00021757476278154482,0.9999334433163163
1741341979.0680707,2,0.01554904750995012,5.975304154993004e-05,0.003280741407567878,0.011790210063989595,0.005213690705895238,0.000246521655766859,0.999916870346202
1741341979.084737,2,0.015585355451594009,3.8618556528149366e-05,0.0028445469539517456,0.010532481866095015,0.003501448262729824,0.00032605233985224955,0.9999383482873708
1741341979.1016147,2,0.015646578188973744,2.673417546650983e-05,0.0025666753596912967,0.007686459453692239,0.0029099429312284156,0.0003765041595058438,0.9999661538361294
1741341979.1188946,2,0.015661493709997493,3.58056672904143e-05,0.0027981356151861704,0.008394856170967687,0.0018795440077851431,0.0005118257721171123,0.9999628651797878
1741341979.1350212,2,0.01565657028023755,2.9290916792452948e-05,0.0027877258536463264,0.009870849049307755,0.0019471675011419184,0.0005200187700852524,0.99994925094139
1741341979.1515076,2,0.015643362793065073,3.070043842136576e-05,0.00274167129842528,0.009450024410687706,0.0023330377847770286,0.0004246837743444467,0.9999525356820813
1741341979.168623,2,0.015592731865278625,4.9894820565522784e-05,0.0031047529992276387,0.010240143007474929,0.004968628349595726,0.00025823509836158325,0.9999351906589466
1741341979.185216,2,0.015504988045728516,9.295414221181199e-05,0.0034235980600982982,-0.06405129242889075,-0.0836648225959752,-0.00041980510428471247,0.9944332321286569
1741341979.201862,2,0.015597330122756537,2.7730171000077326e-05,0.002721206567385982,0.010858895240839222,0.004326726600865409,0.0003376418937658568,0.9999316225767747
1741341979.2181728,2,0.015644330617558686,2.95387954852196e-05,0.0026371152929504766,0.007739619310531222,0.003277606553033444,0.00039265602779490615,0.9999646000781505
1741341979.235081,2,0.015670692918872176,2.893992726833099e-05,0.002653501788694675,0.008550749055647393,0.0013539646162889767,0.0005342720697886869,0.9999623823043348
1741341979.2516131,2,0.015681529709936696,2.5464563401078624e-05,0.0025678407020497855,0.007824275349662463,0.0013542961817264872,0.00047985496669920483,0.9999683576675392
1741341979.2683754,2,0.01564794989894225,3.9391972231830216e-05,0.0028481398981694364,0.008889863877395413,0.0026844086066860674,0.0004517951252376178,0.999956779141898
1741341979.2852938,2,0.015609627341950394,3.9399222600950375e-05,0.002941051771678875,0.010398134365252314,0.004295787713895952,0.0003393867220592682,0.999936652906719
1741341979.3018274,2,0.01554346472517362,7.395545201408726e-05,0.002996024614530074,-0.061827879485381244,-0.08148697777776756,-0.0003650583349094824,0.9947547700329961
1741341979.318488,2,0.015601058829222018,3.868218340827447e-05,0.0028530423491488896,0.009056183219968005,0.004298443066628564,0.0002974070625232277,0.9999497089762707
1741341979.3350484,2,0.015655003410620098,2.3311093362706503e-05,0.0025551604665008647,0.00793849135755392,0.0024158646341366826,0.0004441278262161068,0.9999654727556895
1741341979.3517127,2,0.015678019424285844,2.5476478541864648e-05,0.002541673865469562,0.008045956070744214,0.001260947090686502,0.0004849412536337422,0.9999667181638211
1741341979.3684824,2,0.015684863367480633,2.7192679203675365e-05,0.002569883568082214,0.007476884826295567,0.0014599734938409213,0.0004924737502643247,0.9999708606455975
1741341979.38502,2,0.01565152250012419,4.004476646791884e-05,0.0028776006543016464,0.009498771820585087,0.002432626802125359,0.00048789503366559426,0.9999518076483377
1741341979.4023774,2,0.015616659825527268,4.374276199129059e-05,0.0029172977796537367,0.009131828334338406,0.003937054137101858,0.00030482927841115964,0.9999505069727724
1741341979.4185977,2,0.015580971268945299,4.93624798622815e-05,0.002993985739520274,0.009805910423733653,0.005244157418715509,0.00018983735879334046,0.9999381515351371
1741341979.4351754,2,0.015612290806340965,2.60562020586265e-05,0.002685739440777594,0.008869885126699808,0.003593752088806942,0.0003308428960566118,0.9999541492622257
1741341979.4520042,2,0.015639243785186854,2.743548055054428e-05,0.0026662299034257496,0.008265603708755712,0.0031878457561825024,0.0003964411836689614,0.99996067936152
1741341979.4685783,2,0.015676532876422674,2.1148276471814255e-05,0.002496578483682982,0.007243489676995919,0.0011964063864629186,0.00049865803411962,0.9999729255380981
1741341979.4851344,2,0.015691962831216193,1.6651559723098877e-05,0.0024743074957757198,0.008535675997940636,0.0008766277260026798,0.00058305582197959,0.9999630162185983
1741341979.502064,2,0.015670509059638897,2.705728643197093e-05,0.0026350790695237546,0.008547972039572466,0.0018846217534568615,0.000474824904347938,0.9999615767199094
1741341979.519058,2,0.015609687760985353,4.806299660878642e-05,0.0029880194327788446,0.009487406200879308,0.004746565825141209,0.000288547818734941,0.999943686402691
1741341979.5353556,2,0.015550873775414375,7.178889009168808e-05,0.0029186792445818144,-0.0614588733369576,-0.08150394392537541,-0.0002952352935327168,0.9947762697455557
1741341979.5520606,2,0.01559383791593076,3.662411909073537e-05,0.00283122279162973,0.009873757990126712,0.004627896999875141,0.00029508412658319573,0.9999405004288351
1741341979.568786,2,0.01563152630986201,3.213876016721329e-05,0.0027016732808139063,0.008029369945684836,0.0034772647636340396,0.0003283863140150244,0.9999616642704198
1741341979.5858374,2,0.01567659230162797,1.9561267028158114e-05,0.0024538001659560587,0.007708691833196077,0.0015847634448814924,0.0004978443773613726,0.9999689078896505
1741341979.6030636,2,0.01567327982724825,2.8964017462478047e-05,0.0026762703883922746,0.008623842630014348,0.0018247534754032894,0.000488356671656381,0.9999610298010657
1741341979.6195226,2,0.01565716646419442,3.2998740781353866e-05,0.002743244751644173,0.008527621524061951,0.002269382598781179,0.0004100657428559841,0.9999609799486424
1741341979.6368382,2,0.015617441842654666,3.8917545168548495e-05,0.002866514547731483,0.009206302004887501,0.004005511691164732,0.0003251656583133917,0.9999495458005775
1741341979.6527207,2,0.015548062665295998,7.000922195381276e-05,0.0029203165745259312,-0.06146227678427847,-0.08172135859423815,-0.0003402385316703699,0.9947582079680198
1741341979.6690202,2,0.015579653506662603,4.36774037130389e-05,0.0029471740528699743,0.0104056270258993,0.004307427097646976,0.0002967774249244709,0.9999365384468938
1741341979.6857173,2,0.015619216031842971,3.461449485890888e-05,0.0027543347237712476,0.00908168150578563,0.00397295381177772,0.00031761052077943847,0.9999508177018478
1741341979.7023354,2,0.015656440411132615,2.5891864257451636e-05,0.002601902156259525,0.007560511985197726,0.0023453361140096064,0.00042892008448081346,0.999968576548581
1741341979.71876,2,0.015676427854204852,2.081098887383658e-05,0.0025354008869225043,0.007661325776768829,0.0011640827324974645,0.0004875141096324137,0.9999698552100094
1741341979.7356305,2,0.01566206867935813,2.745362765727498e-05,0.0026487489011691357,0.009150715534356724,0.0018804056403304316,0.0004966890473921113,0.9999562399324419
1741341979.7524078,2,0.015598627332156435,4.966359962926415e-05,0.0030737129269975,0.009902354574262426,0.0049534473149091054,0.0002761637933180262,0.9999386633524794
1741341979.7689297,2,0.015548262089780123,5.9446529882442475e-05,0.0033001658100793438,0.012046861354589967,0.005805774675731175,0.00020185338846884752,0.9999105586836892
1741341979.7856624,2,0.015567608106973127,4.475960377093733e-05,0.0030508989677757855,0.011887654741849546,0.004780138911019963,0.0002956589123896572,0.9999178698885912
1741341979.8021457,2,0.01560003672366475,4.0265417008416074e-05,0.002923706383861272,0.009290176052870537,0.004627906844803034,0.000268567458594339,0.9999461000367282
1741341979.8188086,2,0.01563679716717521,2.9723378969114302e-05,0.002728248028382213,0.008217262919773712,0.0031566704379035766,0.00037191117676000566,0.9999611860987058
1741341979.8356152,2,0.015674424828472974,1.8986238095644984e-05,0.002546614340609844,0.008677901803733064,0.0014591966018944762,0.0005082493113539412,0.9999611524695343
1741341979.8522258,2,0.015666206235614384,3.1025303674595116e-05,0.0026672155687442046,0.008386096156899737,0.001546843612977716,0.0004711016867168701,0.9999635286995646
1741341979.8694081,2,0.01559758095329662,5.057850712646026e-05,0.0030803721848554674,0.009800643797737039,0.004921316061565657,0.00025485405786432054,0.9999398297291598
1741341979.8860312,2,0.015532944369012707,7.349119405919618e-05,0.003053089187693245,-0.06344751772702292,-0.0818644471390645,-0.000441140607949933,0.9946217523178641
1741341979.9022171,2,0.015574107490841364,4.6740167055814965e-05,0.0030074603213831007,0.010632049356927567,0.0048194393795647095,0.0002238443959253986,0.9999318388891439
1741341979.9191318,2,0.015611502637771429,3.0250218642977038e-05,0.0027698578799818458,0.009961610363266812,0.00407589332451462,0.00032261923492986176,0.9999420229840362
1741341979.9358244,2,0.015642784416457344,2.6044765531919916e-05,0.0026717241741715638,0.008547834478770415,0.0029149716259393816,0.0004175975199028846,0.9999591307040778
1741341979.9522843,2,0.01567142392673796,2.662831219787136e-05,0.0026155630749880804,0.008118837767014055,0.0015287769261387218,0.0005134350084711397,0.999965741262627
1741341979.9690664,2,0.0156531173096712,3.546504568959853e-05,0.002829442265637332,0.009666815764235934,0.002208145910216464,0.0004910369363664575,0.9999507166092471
1741341979.9858062,2,0.015609651018185407,4.238436914111332e-05,0.002956452213716544,0.00990835557933964,0.004693563487227501,0.000274758802493991,0.9999398579210178
1741341980.002423,2,0.015574728707095729,5.2128323401445285e-05,0.0030579745310828914,0.010637122738206498,0.0053575444471408865,0.0002300706537125501,0.9999290451851289
1741341980.0194352,2,0.015542052762826842,8.013572018735493e-05,0.003029790951348613,-0.06166418350453191,-0.08196893632381075,-0.0003030256960209511,0.9947253541184571
1741341980.0359156,2,0.015603262839550757,3.957229432891962e-05,0.0028951613720515517,0.008475775733145171,0.004064387131404912,0.0002763849214108123,0.9999557818195476
1741341980.0531595,2,0.015643181349739813,3.26160125552315e-05,0.002687725184918875,0.007577762343214887,0.0028621281226855985,0.0003837968259970062,0.999967118679647
1741341980.0690417,2,0.015675802861285372,2.5322035521017543e-05,0.002597872313652567,0.008230482292611916,0.0012418844884330615,0.000527454424293195,0.999965218733121
1741341980.0858126,2,0.01565814680404099,3.5742188942134105e-05,0.0028462489470457725,0.009414392472641125,0.001691635701699364,0.0005110662496009994,0.9999541221447674
1741341980.1032724,2,0.015616087268111017,4.758621097749013e-05,0.0030244397825144806,0.009752333615791748,0.0037005050292528937,0.0003623188667217693,0.9999455320049255
1741341980.1198082,2,0.015581904547389159,5.016383743629712e-05,0.0031161775953828528,0.010316321615136377,0.005273994447922782,0.0002341735911334199,0.9999328495722228
1741341980.135812,2,0.015588400513930185,4.15033897544579e-05,0.0029251419950492834,0.010231688100515843,0.004059293294949309,0.0002905191716773752,0.9999393733097873
1741341980.152658,2,0.015606002790305884,4.151833194759489e-05,0.0028589685470746143,0.009185508955808712,0.004127964470265924,0.0002888961362263327,0.9999492501490151
1741341980.1692646,2,0.015656512096749516,2.4493156273255808e-05,0.0025586277730666723,0.007210605543462383,0.0023974449254697693,0.00045287850732010117,0.9999710267435669
1741341980.1859934,2,0.01569031646281161,1.634985135669455e-05,0.002499941998388566,0.008074229379594101,0.0003731524206905008,0.0006174849994784075,0.9999671426049319
1741341980.2026224,2,0.015671660870835033,3.260296913405192e-05,0.0027366632875381936,0.008860039877161966,0.0010792891600782761,0.0005587441001443841,0.999960010517078
1741341980.2193754,2,0.015622155034800704,4.562024226164936e-05,0.0030104499047212446,0.00966278986026663,0.003480363456413468,0.0003839803905351777,0.9999471836659111
1741341980.2360284,2,0.015528394807368747,9.065601718879877e-05,0.0034206910946634,-0.06260477092693528,-0.08348275713182055,-0.00019430656526080961,0.99454071518657
1741341980.2526662,2,0.015543759209067661,7.882258027175873e-05,0.0031257674063494005,-0.062064760119966596,-0.08205363172670517,-0.00028957454569017324,0.9946934619360337
1741341980.2692466,2,0.015602003101437669,4.249394122037529e-05,0.002915479002446971,0.00924628717148432,0.004555123317177416,0.00027541324443508514,0.9999468391732895
1741341980.2864614,2,0.01565429660105959,2.04291056718938e-05,0.0025672392653035307,0.008450976491785273,0.002333214937827611,0.0005022002600535555,0.9999614417062729
1741341980.302717,2,0.015688780382320456,2.049947711892852e-05,0.0025013760263951092,0.008189507527676089,0.0006275116399922389,0.0005840446905357763,0.9999660979690238
1741341980.3192768,2,0.015660570654565262,4.287915994359942e-05,0.0028920801293260173,0.009328032433984633,0.0017681683496995361,0.0004959428156710905,0.9999548066949433
1741341980.3362274,2,0.01562802319066562,4.163719503873493e-05,0.002958805837209739,0.00973405369528035,0.003118067299928287,0.00039251641196867356,0.9999476845244639
1741341980.3528364,2,0.015606054624939412,4.160554047363865e-05,0.0029450076189380284,0.009876817152989248,0.004198589801347876,0.0003178680757139564,0.9999423579819453
1741341980.36953,2,0.015570902254566723,5.710780555109462e-05,0.003239238012188902,0.010912145480184097,0.005088250959544418,0.0002517078950170127,0.9999274830838122
1741341980.385957,2,0.015585430938181332,4.282539586961641e-05,0.0030447080283215245,0.010533758153315163,0.0047370557002528665,0.0003396016340595773,0.9999332402281617
1741341980.4030244,2,0.015649296322369426,2.211751167287246e-05,0.002568980771569265,0.008240659987414993,0.002807774820874054,0.00038954348802617753,0.9999620273687387
1741341980.4196424,2,0.015676180541553997,2.910487040441995e-05,0.002653178191206611,0.008699545483400083,0.0014328832911724764,0.0005319137975267652,0.9999609901498999
1741341980.4363801,2,0.01566050205269316,3.37664961884442e-05,0.0028321986311296383,0.00943429406224868,0.0021744760660936378,0.0004900680314984408,0.9999530116874039
1741341980.4530265,2,0.01564033530126539,3.275095352604362e-05,0.0027614352719689474,0.009283048357575156,0.002807855125804007,0.000413084823305975,0.9999528840518997
1741341980.4698148,2,0.015603496309178923,4.7871966845397725e-05,0.002953411437154421,0.009940467721340725,0.004667462132881687,0.00025595613554466555,0.9999396663725145
1741341980.4863381,2,0.015570003749758742,5.03163579410621e-05,0.003112661452710931,0.011079196061440002,0.005635709029750946,0.00019964138176596175,0.9999227221849112
1741341980.5030115,2,0.01559396475449829,3.226846571021713e-05,0.002789709739315413,0.010649970015052971,0.003691419824991463,0.0003782443321455593,0.9999364022224511
1741341980.5199223,2,0.015648990510557147,2.2651342638134896e-05,0.00251888918619776,0.0075966217906161355,0.0027605814288729053,0.00039154712389597693,0.9999672580731804
1741341980.5361984,2,0.015671705517569374,2.5244602189305295e-05,0.0026138105621488555,0.008338269471338639,0.001931869427421205,0.0005048176211200531,0.9999632424753963
1741341980.5529292,2,0.01566742475950806,2.2548914265642395e-05,0.00261704901558427,0.00966210200604536,0.0014834178688476073,0.0005592805361486286,0.9999520640818405
1741341980.5706258,2,0.015629734967601273,3.8122100756334135e-05,0.0028484427384717938,0.009469097037042507,0.0033369968486588702,0.0003981437197204043,0.9999495197933311
1741341980.5871763,2,0.015600767550905644,4.4482795473748414e-05,0.002991849482090286,0.009957530526579392,0.0047382474189164485,0.00023792763499918187,0.9999391681435675
1741341980.6032841,2,0.015526697324076726,7.957776916722427e-05,0.0031257148053886906,-0.06383565081970254,-0.08253446882221321,-0.0004814405204467508,0.9945415221878297
1741341980.6199322,2,0.015577114563586392,4.306858553299222e-05,0.0029276037518035703,0.01034659057150789,0.004129705620517598,0.00029955675206932894,0.999937900002188
1741341980.6364517,2,0.015633524749569194,2.9729920059692143e-05,0.0026592151578981923,0.0075618600727590775,0.0038561338841970674,0.0003268346502332475,0.9999639201905329
1741341980.6529484,2,0.015672158741187873,1.89118362890267e-05,0.002492906863566464,0.00791848533977827,0.0017138184558763974,0.000491516416147603,0.9999670588713593
1741341980.669667,2,0.015656025411156852,3.060037720752681e-05,0.0026893785956850075,0.008535250663651392,0.0024103215932528765,0.00046356818298949474,0.9999605616975429
1741341980.6868427,2,0.01564349189847885,3.1408785882903995e-05,0.0027190777164344013,0.008447484368764727,0.002626894165613191,0.00043156663167665937,0.9999607758232942
1741341980.7030694,2,0.015598325516729794,4.207104616887008e-05,0.002996316910296798,0.010495362803831152,0.004820805466902149,0.0002626971677793972,0.9999332668655765
1741341980.7196777,2,0.015514414444882232,8.822438905187619e-05,0.0032228020979567095,-0.06240643636276679,-0.0824261210144722,-0.00040468639126526424,0.9946412456277551
1741341980.736495,2,0.015577883320161247,4.283046341353877e-05,0.0029351311035735296,0.009884550821971169,0.004100638753502531,0.0003116535684653142,0.9999426900022393
1741341980.753287,2,0.01563561690257882,2.5926918267650146e-05,0.002597517499724088,0.008027103584578522,0.0032975447490149073,0.0003352022635263311,0.9999622890119972
1741341980.7698362,2,0.015662825487161098,2.513356744190268e-05,0.00253089971429962,0.007459249216942991,0.0017581888905037252,0.00043216488781995467,0.9999705403692923
1741341980.7866862,2,0.015660390305943683,3.0368613104781833e-05,0.0026250003407360055,0.008116580582198784,0.00214809715339326,0.00047106874095557895,0.9999646418211563
1741341980.8032568,2,0.015650594843400815,2.9912252163556834e-05,0.0026896204460787982,0.008890498169829121,0.002088284494867279,0.0004331838844536933,0.9999582043575036
1741341980.8200872,2,0.015580668156410219,6.251314976899921e-05,0.0032585161187551185,0.010565906050759832,0.0052716214203226515,0.00023388548253698474,0.999930256035144
1741341980.8365011,2,0.015511456670843565,9.293478120204687e-05,0.0033012643160694726,-0.062411885531550595,-0.08245123590508131,-0.00041986525263033544,0.994638815829792
1741341980.8530238,2,0.015575576146801648,3.944315765950646e-05,0.002971492211871566,0.011252064775514124,0.00406379765349882,0.00030791470063527084,0.999928388323612
1741341980.8704681,2,0.015625285770647788,3.0980631578634394e-05,0.0027317753417837394,0.00851868486690988,0.0030611635309018433,0.0003739815640265494,0.9999589598697365
1741341980.8865213,2,0.015667463043970046,2.2071226765803874e-05,0.002487008875138311,0.007403811609395159,0.0015645777307945075,0.00048044566723868593,0.9999712520078454
1741341980.9030612,2,0.01566221753003446,3.103926325127832e-05,0.0026871212512127336,0.008541500910573836,0.0016867208284344491,0.0004961197436249894,0.9999619750771734
1741341980.9200149,2,0.01565752215536592,2.7810258712933448e-05,0.002637052201651348,0.007944707431868528,0.002037416920060918,0.0004562795197416613,0.9999662606133848
1741341980.9366627,2,0.015604678913909162,4.606149231793467e-05,0.0029959181908891133,0.00969202115647493,0.004137435537188205,0.00027778036399678853,0.9999444330517309
1741341980.9534576,2,0.015572075761100023,5.0609225053462793e-05,0.003083179236466019,0.011058609256838362,0.0050076092878277734,0.000248883190023908,0.9999262818166562
1741341980.9699306,2,0.015587631597890438,4.250350724450101e-05,0.002884909605787827,0.009690291482045983,0.004322512782276339,0.00026225831763281455,0.9999436710909344
1741341980.9866393,2,0.015623136037714187,3.26163415006972e-05,0.002761711486323325,0.008549038043825839,0.003717457356349876,0.00033457183829703035,0.9999564903139605
1741341981.0037036,2,0.015672270201877052,1.55556660413179e-05,0.002484996448509768,0.008063558256200165,0.0012435528759509173,0.0005112782049402932,0.9999665850412656
1741341981.0199592,2,0.01567559854353806,2.2610802258798953e-05,0.0025596361045066665,0.0081088986300935,0.0011924263909598865,0.0005179163992234448,0.9999662772538443
1741341981.0366209,2,0.015646831105790175,3.797187806801889e-05,0.0028588137685933166,0.009035352490326519,0.0019317386678904126,0.00045913361155276597,0.9999572090781792
1741341981.0534837,2,0.015614720585964132,4.409569599257826e-05,0.0030080482754775064,0.009679965882559117,0.0037229028522418137,0.0003181081590259754,0.9999461670820406
1741341981.0702465,2,0.015580877640741283,4.994306627674456e-05,0.0031028458359318393,0.010312554620609067,0.004811820050361658,0.0002322813176146377,0.9999352197269528
1741341981.0867863,2,0.015597041909682318,3.47950104712352e-05,0.002777826492961188,0.009914176142016225,0.0038261598042880307,0.0003286011395981113,0.9999434792196348
1741341981.1039233,2,0.015634983200928994,2.5401218804896466e-05,0.002598955840112932,0.007428446076719335,0.003319331473661552,0.00034940475994111334,0.9999668385220417
1741341981.120934,2,0.015670907715022036,2.0190246364595725e-05,0.0025023252310694384,0.007628581953922183,0.0015707486187715193,0.0004734147396395028,0.9999695562189047
1741341981.1371071,2,0.015679149821395268,2.0175296442195318e-05,0.00257780450517878,0.00882809143460697,0.0010479497641128666,0.0005705835915958778,0.9999603197313777
1741341981.1535969,2,0.015667659134163524,2.7759157340799653e-05,0.0026867570953454517,0.009093709117805285,0.0017168323445723595,0.0004977160814843122,0.9999570536877489
1741341981.170283,2,0.015623871150352927,4.0387615314667136e-05,0.0029166852913146486,0.009687376616467491,0.0036099225272244206,0.0003296809768857182,0.9999465058212322
1741341981.1871815,2,0.015511613312873975,9.651553343394268e-05,0.003512653421939088,-0.0632332722802785,-0.08406736152368434,-0.00027002453046127273,0.9944516876600529
1741341981.203595,2,0.015595699105117261,3.3580518355516225e-05,0.0028664699271555914,0.010318006399822876,0.0039437583218593945,0.0003442108076819179,0.9999389316519043
1741341981.2205267,2,0.015637552160137864,2.6186990199143712e-05,0.002599579323988227,0.008154107522853827,0.0031661916201222704,0.00039531642414891596,0.9999616640082034
1741341981.2371862,2,0.01566282798994046,2.156258636013839e-05,0.0025512819614755314,0.008299737652747583,0.0018395342867349727,0.0005139886196489343,0.9999637324844348
1741341981.2539854,2,0.015678492928445475,2.4775962601333047e-05,0.0025695827962300614,0.008338867508083403,0.0012089524043716892,0.000537018127238275,0.9999643560319026
1741341981.2710207,2,0.01566719965076595,3.041737375401645e-05,0.00270779663873613,0.008827450649650178,0.001862409743842211,0.0005025296318764918,0.9999591766711995
1741341981.2874782,2,0.015615453198815934,4.317166201688358e-05,0.003010138388420409,0.010613738593977786,0.0041041149775769455,0.0003587340818596913,0.9999351859511536
1741341981.3037422,2,0.015540478458482545,8.131313962489071e-05,0.0031797039845237757,-0.06222425452734711,-0.08253864383929915,-0.00022421085841609767,0.9946433854156856
1741341981.3203495,2,0.015521972411548514,9.116784986341806e-05,0.003364754459673951,-0.062345851493586193,-0.08315021247130992,-0.00018080707598341973,0.9945848401601127
1741341981.3373067,2,0.015560043515805718,7.346885983258241e-05,0.003057085335207092,-0.061540277794686196,-0.08254807113714902,-8.230609027505065e-05,0.9946851780267948
1741341981.353806,2,0.01566768297023381,1.3132204742300129e-05,0.0024080561161829556,0.007904689218801674,0.001964355201390904,0.00048701373934046787,0.9999667094531771
1741341981.370541,2,0.015676246673888693,2.3191590469214426e-05,0.0025457013993149284,0.007935079034510887,0.0015686861727228479,0.0005045793325143727,0.9999671590327878
1741341981.3871167,2,0.015660930480527607,2.6370662231644433e-05,0.0027154505947608355,0.009569175878486729,0.001964066821248842,0.0005010529982846154,0.9999521599858772
1741341981.403651,2,0.015615554162532937,4.3574282488319323e-05,0.0029871068914088003,0.01043877367027264,0.004364357768549366,0.0003450265210212723,0.9999359306186715
