Time (s),Fiducial ID,Position X,Position Y,Position Z,Rotation X,Rotation Y,Rotation Z,Rotation W
1741341939.6367931,2,0.010060353296665195,-0.0006019267671300601,-0.0076699670886056824,-0.00015773430201335386,-0.004862769250236017,0.0005418011707714958,0.9999880174515093
1741341939.6532388,2,0.010034263304315848,-0.0005982502483654933,-0.007639666136209633,1.0818559539552843e-05,-0.0049291821913950125,0.0005876619223121462,0.9999876787737677
1741341939.6703498,2,0.009949947630519415,-0.0005976111699771085,-0.007679112063670345,-0.00017309936374883885,-0.004845042310272361,0.0006005640041913562,0.9999880673910558
1741341939.6867695,2,0.00998779343521162,-0.0005931987131557957,-0.007624733307923524,-3.359124273814553e-05,-0.004870854822945429,0.0006746364222390374,0.999987909182216
1741341939.7034447,2,0.010100301549356979,-0.0005885831150108025,-0.00753623776157817,0.00040838664579549575,-0.004912633238666176,0.0005725448552071455,0.9999876856478778
1741341939.7202878,2,0.01017983284820747,-0.000588338276360947,-0.007507594528702669,0.0005270260338292931,-0.004909605115491239,0.000557070648240486,0.9999876537705166
1741341939.7368033,2,0.010236917990998141,-0.0005903352493542608,-0.007483622064845075,0.0005490004040728967,-0.004923563146013051,0.0005257659887772113,0.9999875902703136
1741341939.7536213,2,0.010084975103313121,-0.0006020585636781046,-0.007656308386894392,0.00037231079744178664,-0.004785916718216401,0.0004735863038504617,0.9999883659832494
1741341939.7701797,2,0.010050629619010945,-0.0005996183085993976,-0.0076536283202133255,-5.646360783763204e-05,-0.00483212358925648,0.0006238197052142156,0.9999881290507676
1741341939.7867894,2,0.010014406802218073,-0.0005966257981467587,-0.007647302482100123,-4.311564338194638e-06,-0.004883410705588898,0.0006070164894742033,0.9999878918328323
1741341939.8036172,2,0.010020486652237788,-0.0005961529324885176,-0.007636214431488164,0.00021315089257316938,-0.004839206800575064,0.0005777604615707094,0.9999881013477546
1741341939.820238,2,0.010117661133476775,-0.0005929275668628486,-0.007573838956240143,0.0005682786970901275,-0.004897642906206948,0.000565103331158288,0.9999876853299299
1741341939.837457,2,0.010170526791858142,-0.0005950057646410115,-0.007586550395851827,0.0005529661674900473,-0.00486792969690056,0.0005893544432074275,0.9999878250009966
1741341939.85356,2,0.010152499501159429,-0.0005998188911659525,-0.007654852935169495,0.00042045531241445246,-0.0048578606898003595,0.00046087209144450277,0.9999880059299532
1741341939.870749,2,0.010107257528530368,-0.0005970794923209079,-0.007695904184978158,0.0004640782855634318,-0.004817300319926756,0.0004233545078811315,0.99998819944034
1741341939.887017,2,0.01006885476367749,-0.0005967767160742508,-0.007676890329629635,0.00010317851402632161,-0.004823297187093903,0.0005284828510027095,0.9999882228628073
1741341939.9036076,2,0.010109503884351884,-0.0005914861382272867,-0.007567353620640711,2.8585966050712538e-05,-0.004852083813310662,0.0005338637602187046,0.9999880856565225
1741341939.9206765,2,0.010168590678504784,-0.0005913852257323328,-0.007489815520211977,0.00027066263293425944,-0.004924591192148094,0.0005652791074775961,0.9999876777255108
1741341939.9372067,2,0.010063249844551645,-0.0006034641790265176,-0.0076700684465496605,0.0006522487893939942,-0.004859830342689699,0.0005824791612495886,0.9999878085949767
1741341939.9535673,2,0.01023058252415395,-0.0005951283421179172,-0.00755327624722304,0.0005988037437986771,-0.005042408014394182,0.0005684290930437039,0.9999869461367278
1741341939.9704564,2,0.010151650584212165,-0.0006014044591675334,-0.007692194884171361,0.00044329465507680265,-0.004800792278945983,0.0004941438288981246,0.9999882557836464
1741341939.986867,2,0.010087462744552753,-0.0006029152877988852,-0.007752206121623759,-3.5283324042700713e-05,-0.004826380953312157,0.0005113466876302083,0.9999882215939074
1741341940.003997,2,0.010029374395206394,-0.0006007818990302186,-0.007759278314310921,-0.00036997357627646665,-0.0048979638293210285,0.0005165985916592226,0.9999878030235042
1741341940.0204132,2,0.010055308999661809,-0.0006004215379682537,-0.007665029207802312,-8.948185233481669e-05,-0.00487833467200865,0.0005966712015346401,0.9999879188406745
1741341940.0369787,2,0.010067479469177394,-0.0005993426376276238,-0.007640948079583542,0.0003494586960758192,-0.004877649325701781,0.000517464501283082,0.9999879092499894
1741341940.0539272,2,0.010112718733109533,-0.0005966645335378005,-0.007638306264098439,0.0006879332922277817,-0.004884549337748662,0.0005659160880810511,0.9999876737562988
1741341940.070463,2,0.010136068241861178,-0.0005983615113901889,-0.007686192291165421,0.000615813651920776,-0.004882268946726391,0.000413124326679207,0.9999878067015461
1741341940.0875847,2,0.010139013579906885,-0.0006042717484594356,-0.007737045019741892,0.0003507129257534078,-0.004932440265408747,0.0005109396650595129,0.9999876434107225
1741341940.1038258,2,0.010169203769549306,-0.0006005498975630475,-0.007689134639433393,-0.00011824501591879889,-0.004955755490449505,0.0005372283928154214,0.9999875688683779
1741341940.1204762,2,0.010018463823355616,-0.0006104078286811499,-0.007793505275555054,-6.602691584287292e-05,-0.004920735219510608,0.0005412802176369863,0.9999877444354365
1741341940.137385,2,0.009952404217146544,-0.0006107490909999613,-0.0077919160097538005,5.9936958212832435e-05,-0.004853139030162409,0.0005631317327968371,0.9999880630946384
1741341940.153786,2,0.010022440222302266,-0.0006038046978550342,-0.007682969073659792,0.00036690330653400957,-0.004795095747973049,0.000515504102315338,0.9999883032787192
1741341940.1705651,2,0.010000331670688447,-0.0006045012575538691,-0.007752618703251974,0.000583141667829204,-0.0048435785197937595,0.0005906876776793272,0.9999879253175936
1741341940.187167,2,0.01011296170199588,-0.0006028012647967159,-0.007698772374033823,0.0005325940080315231,-0.004887426435348763,0.0005717372584781077,0.9999877511864678
1741341940.203917,2,0.010166566203664618,-0.0006049309205045017,-0.007695156745691006,0.0005592112401575205,-0.00486688493940298,0.000447227066398844,0.9999879002776616
1741341940.2207677,2,0.010085121956247344,-0.0006084732494715821,-0.007773454451110125,-2.810847737276262e-05,-0.004952820750216308,0.0005129546667640687,0.9999876027501738
1741341940.2371235,2,0.009961017405470942,-0.000611771862738789,-0.00784761820688689,-0.0003483751327630806,-0.004941305145759305,0.0005927119456008452,0.9999875553379517
1741341940.2540798,2,0.009945370477105033,-0.0006104898830502963,-0.007777622638460672,6.885522600162712e-06,-0.00488834294523245,0.0005931815140924381,0.9999878760222699
1741341940.2707162,2,0.00995726521301542,-0.0006040937372839768,-0.007721365598816623,0.00015980584043406157,-0.004921479768618243,0.0005499403831408266,0.9999877254569456
1741341940.2872605,2,0.009991841019075581,-0.0006037398740128712,-0.0077060323128882,0.00044374815334748537,-0.004825251691601859,0.0005633199862837247,0.9999881012813513
1741341940.3041797,2,0.010078384015596627,-0.0006007734780151779,-0.007671281256388437,0.0006715877693925306,-0.004912009097953451,0.0004835541505100434,0.9999875935789769
1741341940.3206468,2,0.010043215084747315,-0.0006079855958523047,-0.007772368271855969,0.000257432928816187,-0.004919515266636276,0.0005397974786139997,0.9999877202828595
1741341940.3373826,2,0.010012064614344484,-0.0006092404456689303,-0.007817514050931177,0.00013134194212492721,-0.0048354989706981535,0.0004770696449634215,0.9999881864819966
1741341940.3541877,2,0.009919991477471168,-0.0006163935414328851,-0.007878691864101508,-0.00013306937904125393,-0.004972536330744213,0.0005473972628316032,0.9999874781872103
1741341940.3706417,2,0.010035581676820586,-0.0006003758817100966,-0.0076609879240201505,-0.00024639730666584087,-0.0049151996855594845,0.0005924543549887388,0.9999877144736607
1741341940.3876286,2,0.010070490760876055,-0.000595341687241708,-0.007563850096391344,0.0001611876834210108,-0.004878959984485546,0.0005206398570995315,0.9999879492784599
1741341940.4041727,2,0.009969129643672652,-0.0005995409943413378,-0.007686611701453059,0.0003920372050012108,-0.004785747664281642,0.0005588550538972245,0.9999883152353094
1741341940.4209318,2,0.010053833183585992,-0.0006009605957219974,-0.007645475589780866,0.0005122712335885381,-0.004954145682393571,0.0005268027026583111,0.9999874581701779
1741341940.4374785,2,0.010052175660870116,-0.0006054237654370507,-0.007710387536962681,0.00048124824190485323,-0.004826288371885248,0.0005340730211699862,0.9999880949824799
1741341940.4542322,2,0.010085003859621283,-0.0005993221767463969,-0.007692868242785425,0.0001576650777226229,-0.004960606226961797,0.0005776923161088663,0.9999875168216712
1741341940.4712317,2,0.010026069891238523,-0.0006018492593093153,-0.007715300252251627,-0.0002432268053719612,-0.004826880678495111,0.0006450114022287325,0.9999881129413127
1741341940.4875193,2,0.009965826441674569,-0.0006008232809140718,-0.007707814001306658,-6.613628643175493e-05,-0.00491453277493199,0.0004528325264938017,0.9999878188939597
1741341940.5041335,2,0.009883418589395305,-0.0006042059828518261,-0.007753612802880364,-8.914299099765169e-05,-0.004764794064952943,0.0005667281111521066,0.9999884837388348
1741341940.5210278,2,0.010001494109779607,-0.000598397833903349,-0.007632542234990513,0.0003160840725123713,-0.004757765444510636,0.0005345565991746924,0.9999884889377859
1741341940.5375257,2,0.010047239059032334,-0.0006004929376577072,-0.007642125079517171,0.000543854747725977,-0.004921009918019273,0.0005516143789320512,0.9999875917255059
1741341940.5544443,2,0.010178783083130208,-0.000593555447308911,-0.007550682738764379,0.0005858822304738144,-0.0049105492065940545,0.0005254074829029176,0.9999876335212744
1741341940.571027,2,0.010186244644941033,-0.0005937253444566503,-0.007557895302125063,0.0004446469295040873,-0.005034388533256763,0.0004586657721417423,0.9999871233405526
1741341940.5876749,2,0.010061182173826394,-0.0006013722971990314,-0.0076645750108774785,0.00012416247509526335,-0.004895230773715608,0.0005601442326894249,0.9999878536951288
1741341940.604379,2,0.01004171993113484,-0.0005953869321218061,-0.007626784663779869,6.862882801146595e-05,-0.005005319275913722,0.0005633622971158841,0.9999873122654869
1741341940.6208906,2,0.010089086160437582,-0.0005913689560042033,-0.007532767405243811,0.00020476645899921784,-0.004864440919141795,0.0005633043889264765,0.9999879889145704
1741341940.6378741,2,0.010003171969564788,-0.0005985929054362837,-0.007647676914355428,0.00022546260629355324,-0.004846951995218654,0.000573996525153515,0.9999880633042368
1741341940.6543531,2,0.010038887662945268,-0.0005978565529979785,-0.007662324789682512,0.0004109125024921808,-0.004870713144230687,0.0006041560990766534,0.9999878710763396
1741341940.6708999,2,0.010177289939808027,-0.0005924511013650414,-0.007560468254657619,0.000511230242845803,-0.0049007115185956485,0.0004995104149945407,0.999987736004595
1741341940.687808,2,0.010049097308009214,-0.0006059141740489267,-0.007738093654009865,0.00015949516084589227,-0.004894755452499854,0.0005799868058877575,0.9999878396988929
1741341940.7044077,2,0.010123011089083313,-0.0005991855253063813,-0.007625485660453461,0.00039626240112534933,-0.004959448169016749,0.0005314168970553563,0.9999874821446766
1741341940.7211936,2,0.010032149140696034,-0.0006038193204366622,-0.007676800127112876,8.323438049965874e-05,-0.00488835377977149,0.0005087025320198496,0.9999879190725735
1741341940.737836,2,0.010106570672994962,-0.000592843819277666,-0.007548394283011128,0.00019996755285732256,-0.0050150091407521495,0.0005142364546239243,0.9999872725475882
1741341940.754426,2,0.010052370395944714,-0.0005981805130798399,-0.007624170069742331,0.00030651211934974764,-0.004915726395135108,0.0005803463526912353,0.9999877023656041
1741341940.7713404,2,0.010138664642642395,-0.0005934997556312909,-0.007582787185418463,0.0006644089005756654,-0.004933549755321694,0.0005352362317173897,0.9999874660063499
1741341940.7878428,2,0.010119625313606637,-0.0006006331729449883,-0.007674653616947888,0.0003424000969021223,-0.004900974494697926,0.0005501507962143197,0.999987780197977
1741341940.804719,2,0.01012516358741435,-0.0006012187933753506,-0.007689689053301548,0.00011835191599385617,-0.00491844983026698,0.0004907293202617346,0.9999877769397111
1741341940.8211956,2,0.010039950605745116,-0.000605563344987429,-0.007756709436891661,-0.00013854313639797688,-0.004898066015112827,0.000544550059692522,0.9999878465363184
1741341940.837841,2,0.01002837207826526,-0.0006014847388240033,-0.007699963451445525,-0.00012520015031123596,-0.004922421481809371,0.0005801962750520132,0.9999877086564415
1741341940.8547347,2,0.010083854489328132,-0.0005959607234078067,-0.007594582344259211,0.000183596770651167,-0.004851681470555617,0.0005249099815227982,0.9999880759032307
1741341940.871358,2,0.010015271752727302,-0.0006003585688097565,-0.007695131534540193,0.0004171658002775858,-0.004834532050476443,0.0005993845479561684,0.999988046933918
1741341940.888172,2,0.010144525949090887,-0.0005962086198941355,-0.007612594919252221,0.0005202309508404777,-0.004927471246610082,0.0005948353245876243,0.9999875477013742
1741341940.9046435,2,0.010120804156019467,-0.0006031272764564547,-0.007709166707468718,0.0002526112548774646,-0.004870729312425099,0.0005079758041725704,0.9999879769997745
1741341940.9211855,2,0.01012207608159737,-0.0006041314825195559,-0.007733327600995175,0.00047519745804509476,-0.004901638539906775,0.0004302973012503603,0.9999877814109693
1741341940.9380982,2,0.010038166656213935,-0.000607626869158393,-0.007798607268998998,-9.387622407757909e-05,-0.004859816517279926,0.0005236355472495345,0.9999880495168362
1741341940.954685,2,0.010045346159953106,-0.0006024835875411391,-0.007717442166885579,0.00013955483126858913,-0.004945881654873588,0.0005600037832307292,0.999987602510585
1741341940.9713678,2,0.01010405724035455,-0.0005947850363957385,-0.007592315579548217,0.0001855222576013433,-0.004941906268823652,0.0005924260302970906,0.999987596010731
1741341940.988048,2,0.01013053909957958,-0.000592157053693611,-0.007562285311348614,0.00047718010636709846,-0.004884519402900553,0.0005243493440546019,0.9999878193393728
1741341941.0047593,2,0.010092556902105213,-0.0006015471063364726,-0.007663518620694547,0.0006174567145448032,-0.00489648128753703,0.000522610764959376,0.9999876849722674
1741341941.0216646,2,0.010182538105974713,-0.0005993228095121081,-0.007630141386530988,0.00038001436736568873,-0.004956349623429014,0.0004974958002036343,0.9999875212648504
1741341941.038195,2,0.010187131559451671,-0.0006018874579364225,-0.007661911816033985,0.00040790902447838614,-0.004920560016582239,0.0004665458504836304,0.9999877019415391
1741341941.0546768,2,0.010057555877440005,-0.0006098748416063213,-0.0077871988844323255,-0.00022858487536010286,-0.004871943788495791,0.0005548837809797643,0.9999879519357551
1741341941.0715966,2,0.010020206483156777,-0.0006064196783797128,-0.007761809982839445,-0.0002415705355324329,-0.005017903832204308,0.000572087474672651,0.999987217418667
1741341941.088086,2,0.010056124718039386,-0.0005977533614235269,-0.007647686503341378,0.00011195668638740574,-0.004876834559692951,0.0005780102096923605,0.9999879348545038
1741341941.105009,2,0.010059905282123723,-0.0005982782050502624,-0.007623755532051891,0.00027338769036058054,-0.004840015939786457,0.0005106060373014237,0.9999881193225987
1741341941.121398,2,0.010149574760008247,-0.0005912879843984894,-0.007561882027356963,0.0005774240331341575,-0.004878819113857843,0.0005480451573077732,0.9999877816013782
1741341941.1383529,2,0.01014055499726433,-0.0005996643688553197,-0.007645417915466903,0.0003520911069101938,-0.004951883611512366,0.0005677105304476997,0.9999875162147296
1741341941.1551526,2,0.010139398616402881,-0.0006018529676825291,-0.00768866573669041,7.89723285712086e-05,-0.004878373935089518,0.0005268159546731083,0.9999879587755397
1741341941.171544,2,0.010104125831100472,-0.0006034388621760473,-0.007711411055541176,-4.3723763576136823e-05,-0.00492977612712048,0.0005551764538045661,0.9999876935116122
1741341941.188354,2,0.01006080820228819,-0.0006020708835566843,-0.0076862906910934265,0.00013825618607012788,-0.004860988206363247,0.00048567813216928644,0.9999880578265106
1741341941.2049499,2,0.00997502971601971,-0.0006058185392154051,-0.007712484796677296,-0.00015741547946263395,-0.0048464451814835535,0.0005397303581032194,0.9999880978694748
1741341941.2216284,2,0.009960968384088257,-0.0006032237201607079,-0.007701376997790015,0.00024008495418688491,-0.00483063115295142,0.0005453524284779485,0.9999881549061508
1741341941.2384098,2,0.010054656671370685,-0.000599739469467699,-0.007631798354368058,0.00037681708585459394,-0.004859214075272159,0.0005156785799012691,0.9999879899894082
1741341941.255013,2,0.01003619604605374,-0.0006030270770249957,-0.0077211356720739985,0.0005773727669424728,-0.004843023255830274,0.0005858653841606435,0.9999879341912996
1741341941.2718694,2,0.010054179368544774,-0.0006039579611472441,-0.0077501355404726475,0.00022103985988709653,-0.004864979256497397,0.0005903644442766328,0.9999879672216248
1741341941.2883031,2,0.010100416563661894,-0.00059894253435536,-0.007683876696223753,2.7737456500289466e-05,-0.004894061421379331,0.00046116636844697307,0.9999879172865129
1741341941.3051116,2,0.010044405839677188,-0.0006030829701227508,-0.007682465440601538,-5.2131994703697034e-05,-0.004920283524218759,0.000492426733510879,0.9999877727293511
1741341941.3218246,2,0.010042327055775421,-0.000598754184397242,-0.0076108753845076016,-9.01441258769597e-05,-0.004889627170255271,0.0005853245969447094,0.99998787033408
1741341941.3383534,2,0.009959311807717714,-0.000602600674585807,-0.007676735338695339,0.0002201026834994823,-0.004724422911647661,0.0005956974469180955,0.9999886381992109
1741341941.3551998,2,0.010061172306982117,-0.0005941502094901131,-0.007586528395209146,0.00034849869941963433,-0.00480275022788854,0.0006498388652432537,0.9999881948544964
1741341941.3717654,2,0.010142541471343343,-0.0005926635419707194,-0.007552059715897392,0.0005477144098285209,-0.0048847167946781634,0.0005341462671723307,0.9999877770445629
1741341941.3884666,2,0.010085692243024913,-0.0006003045547048483,-0.007669590613764022,0.00042864743002203815,-0.004847523325479456,0.0004843877142921505,0.9999880415022631
1741341941.4052045,2,0.010006640877879398,-0.0006076580261207289,-0.007759459898141005,0.0002626799769920596,-0.00485920293256599,0.0005151696388715881,0.9999880268014878
1741341941.4219189,2,0.010023932945747055,-0.0006027491702696977,-0.007694963542241438,5.102944113567238e-05,-0.004875798115839324,0.0004952417808606468,0.9999879892900255
1741341941.438633,2,0.00994338504101,-0.0006008731749554625,-0.007728931880520359,1.8253420661243665e-05,-0.004842453969457878,0.0005772603111032413,0.9999881084677454
1741341941.4552665,2,0.009991678493696851,-0.0005972867730702026,-0.007644288519212449,0.00017755803856197476,-0.0047792979096471875,0.0005526142064083298,0.9999884106339296
1741341941.471898,2,0.009997527051179005,-0.000599186703492121,-0.0076634053614568045,0.0003913880292760726,-0.004856512181498185,0.0005940539507002082,0.9999879540298199
1741341941.4886973,2,0.009970737793364924,-0.00060544456104643,-0.007754241314485647,0.0004722472482069178,-0.0047624447173549534,0.0005644352405391811,0.9999883886904438
1741341941.5052118,2,0.01013752766233976,-0.0005973574001407284,-0.007600390827390144,0.0005177002919196457,-0.004874239426313998,0.00047119332624778396,0.9999878758031379
1741341941.5222678,2,0.01003467991826593,-0.0006068057477168963,-0.007722424552354499,0.0005134584628304612,-0.00477935221128106,0.0004303473120251442,0.9999883544092094
1741341941.5386953,2,0.00994209154373849,-0.0006084296202282693,-0.00778664818059332,0.00013086500545835987,-0.004826421467324984,0.000522701229832045,0.9999882075872668
1741341941.5551841,2,0.009953497863432442,-0.0006013559595159879,-0.007721830641535543,0.00015940539402367994,-0.004824747890496892,0.00047267783790736113,0.9999882364174966
1741341941.5720894,2,0.010016345030378997,-0.0005945635113976371,-0.007630698385564787,0.0003222600260300412,-0.004732829179612079,0.0006141603340999031,0.9999885595763164
1741341941.5886655,2,0.010099237307458429,-0.000593668279146136,-0.007569866912792775,0.0003622192818721124,-0.004879290197961956,0.0005918836977633407,0.9999878554252768
1741341941.6052735,2,0.010071489564108596,-0.0006040289607300308,-0.007664405433842203,0.0006541955929500406,-0.004868072104204768,0.0004919430177777918,0.9999878158728644
1741341941.622115,2,0.010058828824496175,-0.0006060814166793012,-0.007732230384660572,0.00026828723930790425,-0.004836306879896723,0.0005543509034051064,0.9999881153557758
1741341941.6386242,2,0.010019761500789157,-0.0006099199956581613,-0.00778323773203874,4.0384975229704777e-05,-0.004849719153776748,0.0005000318621595984,0.9999881142100241
1741341941.655686,2,0.009994731421560332,-0.0006081932583419876,-0.00776699407260556,0.0002423220658088134,-0.004761232725222279,0.0005057472938346819,0.9999885080152809
1741341941.6721041,2,0.010052615744651374,-0.0006011809999896584,-0.007641466041769949,0.00015142258232026342,-0.004802947928667366,0.0005917445640015884,0.9999882792316953
1741341941.6889007,2,0.009933865577254869,-0.0006061337014052265,-0.0077552883427534965,0.00018255195765527296,-0.0048954714067525025,0.0006251906260495895,0.999987805011226
1741341941.7054012,2,0.009981849733918137,-0.0006039504090134454,-0.007729569090985238,0.0003914905105145363,-0.004814040603222544,0.0005711452158661722,0.9999881727007541
1741341941.7221508,2,0.010066030482442496,-0.000603643854909186,-0.0076967793528136775,0.0006998589884500526,-0.0048384815216477445,0.00047359283735647827,0.9999879374291399
1741341941.7388873,2,0.010122432056408146,-0.0006028088766244223,-0.007695607565004899,0.0003095422143959364,-0.004884694735557446,0.00044207315119351975,0.9999879241832307
1741341941.7555723,2,0.010055321521838377,-0.000608735481456782,-0.007785242443836303,-7.447824735185054e-05,-0.004814002116491618,0.0005779674523741554,0.9999882428260031
1741341941.772104,2,0.009960032800681322,-0.0006126042961731033,-0.007847129432425281,-0.00026599687746836983,-0.004907438128748909,0.0006047355066059622,0.9999877402206692
1741341941.7890053,2,0.00991709528791473,-0.0006120023880005274,-0.007827672981064945,-0.00012149605810169685,-0.0048982426385228,0.0006258006431887542,0.9999878003412426
1741341941.805431,2,0.010030906077648687,-0.0006018176654747883,-0.007663022631395677,0.00024685950796652105,-0.004840405989576029,0.0005121470600676216,0.999988123547289
1741341941.8223035,2,0.010105062888965616,-0.0005993771001923211,-0.00760595108870867,0.0004150187378607924,-0.004896421286089988,0.0005313047237089875,0.9999877851920627
1741341941.8389356,2,0.0101560637460125,-0.0006006097786403619,-0.007618549240516785,0.0004325294661519709,-0.004992407727438548,0.0006243915780899226,0.9999872493779614
1741341941.8554628,2,0.010096601024601755,-0.0006050678449499366,-0.00774320484743788,6.477844524513928e-05,-0.004854697471621268,0.0006308766386334144,0.9999880147836168
1741341941.8722193,2,0.010151901463747748,-0.0005997114731552985,-0.007685245507007154,0.00020230875214387914,-0.004839181110643781,0.0005315370857842071,0.9999881293623808
1741341941.8889704,2,0.010083971870290106,-0.0006026453143842137,-0.00771908310079347,-8.408498718841853e-05,-0.004998448105257422,0.0006271297444335461,0.9999873074967189
1741341941.9060113,2,0.009976247931511672,-0.0006094106057813754,-0.007772852427538684,5.9558596641192576e-05,-0.004793119091694719,0.000564659516121692,0.9999883517430477
1741341941.9222584,2,0.010018277876088142,-0.0006065229159591252,-0.007683759644563862,0.00024490146140445295,-0.004830857158347763,0.0005100656293436854,0.9999881712677624
1741341941.9391932,2,0.010014342826083168,-0.0006046631716168643,-0.007704163976226222,0.00036240752213311406,-0.004845751999967927,0.0005803748178760824,0.9999880251850086
1741341941.955722,2,0.010080880408633594,-0.0006041943773474681,-0.007689690882085036,0.0006650139919233645,-0.0049091008588735005,0.0005241324712120236,0.9999875918081688
1741341941.9722786,2,0.010135163322175723,-0.0006016598800477525,-0.007692012677343581,0.00024420222153678274,-0.004893228999114281,0.0005022665649449089,0.9999878721282249
1741341941.9891875,2,0.01020033892048263,-0.0005998551506456117,-0.007637544346150125,0.00039809499529723324,-0.004887151292687884,0.0005060931542464996,0.999987850497363
1741341942.005683,2,0.010120665025884558,-0.0006043053985615424,-0.007693335531793347,-3.56280137006581e-05,-0.005015870821026729,0.0005896925317061939,0.9999872459353015
1741341942.0225532,2,0.009999362273923682,-0.0006086167085442113,-0.007751506518655467,0.0002101927088134172,-0.004833992117122112,0.0005372913195309775,0.9999881497584233
1741341942.0391366,2,0.010035718850816005,-0.000600407408624932,-0.007648945209493907,0.00015976701178544383,-0.004807193626414852,0.0005447829490687326,0.9999882842191095
1741341942.0558088,2,0.010002103429753785,-0.0006009237709688306,-0.00768500590213545,0.00021377761968640257,-0.004851725959465085,0.0005312187253322463,0.9999880663592988
1741341942.072632,2,0.010176695356573241,-0.0005926421871704862,-0.007534251702148076,0.0006060243981611398,-0.004904450982344217,0.0005700231228592798,0.9999876270077694
1741341942.0890448,2,0.010119317130102728,-0.0006033012499624659,-0.007668582031479611,0.0003583199824962177,-0.0049614658631442635,0.0005663198253207685,0.9999874672940329
1741341942.105799,2,0.010130912684553519,-0.0006032674052604789,-0.007678905119635854,0.00011760474828424863,-0.0048875395196999565,0.0006505851565380367,0.9999878373587954
1741341942.1226847,2,0.010016902103754007,-0.0006085547891391347,-0.007778145144127676,-0.00023804013998876935,-0.004881215885284413,0.0005812221247525836,0.9999878895512758
1741341942.1392488,2,0.009941532858733608,-0.0006130372284779841,-0.007797461404739647,-0.00017462759362033082,-0.004847216682336312,0.0006023518853724711,0.9999880555125867
1741341942.1559281,2,0.0099924464080904,-0.0006047352582734649,-0.007683263062069252,0.00024070686811273118,-0.004987384064739382,0.0004969191139870457,0.9999874104866463
1741341942.1725953,2,0.010021587117083435,-0.000601317094690201,-0.0076406079750102026,0.0004132218280800248,-0.004936309924553813,0.0004945548119372539,0.9999876086770214
1741341942.189134,2,0.009971876496716563,-0.0006072724739216571,-0.007739244500488277,0.00037496180520322185,-0.004780280393673966,0.0005069297079684733,0.9999883756050735
1741341942.2061203,2,0.010097638325258467,-0.0005992425643568345,-0.007643544831752934,0.0003945060545685206,-0.004897577900507639,0.0006212838036699034,0.9999877359758552
1741341942.2225845,2,0.009940795626849505,-0.0006134013816501547,-0.00785457359278138,0.00017262198880332015,-0.004857020859322262,0.0006380315371081955,0.9999879861607233
1741341942.239274,2,0.010075209792836588,-0.0006043915793316324,-0.007679487319586502,0.0002622468969519333,-0.004915075343159415,0.0005197380479288488,0.9999877514916358
1741341942.255968,2,0.010084090107124374,-0.0006012052797057022,-0.00761251607876416,0.00022325848599642748,-0.004918285617824753,0.0004501080268862767,0.9999877789378199
1741341942.2726438,2,0.009941105819194452,-0.0006070039190799733,-0.007724976672572452,0.00011342466228059217,-0.004861085731655669,0.0005091000406889058,0.9999880488273367
1741341942.2893963,2,0.009964610735504559,-0.0006029361425921786,-0.0076827546050688795,0.00021106165616085435,-0.004735104803160517,0.0005426115336772634,0.999988619839348
1741341942.3059878,2,0.010061941884709463,-0.0005983954427368744,-0.007609444196483077,0.00043204299632109024,-0.0048809935120357525,0.0005330464264535575,0.9999878524775648
1741341942.322584,2,0.010063199342671367,-0.00060210186850106,-0.00766843151747156,0.0006814863639976892,-0.004889165426752843,0.000502384331602838,0.9999876895481009
1741341942.3395045,2,0.010092123808129762,-0.0006032253331910587,-0.0076705261186257746,0.0003104082848972921,-0.004960843740366948,0.0004815724040087915,0.9999875308043096
1741341942.3559656,2,0.010054618409605936,-0.0006018618345428805,-0.007692601544555495,0.00027117401933528517,-0.004809776597622777,0.0005752282524778598,0.9999882307438371
1741341942.372773,2,0.01008205919476828,-0.0005959275627734087,-0.007596714819782969,7.674162544532551e-05,-0.004886518869128141,0.0005113730739116441,0.9999879271979457
1741341942.3892648,2,0.010063204651983994,-0.0005931572132081683,-0.0075686084516011715,6.094479313832058e-05,-0.00483639596755869,0.0005806644659691686,0.999988134123878
1741341942.4060512,2,0.010007535604154091,-0.0005981074498029723,-0.007631246643732903,0.00024762289708202246,-0.004771189861105287,0.0005871397241470178,0.9999884147814686
1741341942.422844,2,0.010116673185623074,-0.0005973801445628607,-0.0075528067317809115,0.0004281550976720803,-0.004953012439411003,0.0005150073029983708,0.9999875094812261
1741341942.4395046,2,0.010053949277770506,-0.000604448776681308,-0.007684707765698549,0.0006121173206898847,-0.004869587047108653,0.0005352565123755065,0.9999878128931584
1741341942.4564757,2,0.01008813701471011,-0.0006006500808029969,-0.007675938828245289,0.0002172689279018679,-0.004887768530804775,0.0005037998375655204,0.9999879042762096
1741341942.4727461,2,0.010107376064604073,-0.0005979446887883292,-0.007633508712100431,0.0003243958965093506,-0.004852308266419197,0.0005029165062452601,0.9999880484019684
1741341942.4894364,2,0.010095119713675332,-0.0005949371217270794,-0.007602634690338941,0.0002847985338754057,-0.004957448867680053,0.00048413800591633893,0.9999875540230042
1741341942.5062099,2,0.010010168851106395,-0.0005984276664300916,-0.007665792151896874,0.00010661597598264299,-0.004957941414439559,0.0005453850235769466,0.9999875549251305
1741341942.5228665,2,0.009987130575804354,-0.0006007409882068529,-0.00769066738179643,0.00025765756893861877,-0.004860935008112773,0.0005755664533910511,0.9999879867511818
1741341942.539681,2,0.010028539536954515,-0.0006000552891894204,-0.007683133955052119,0.000429903148770892,-0.004828732087014001,0.0005868306229037845,0.9999880770086883
1741341942.5561652,2,0.009994584307452203,-0.0006087084170610219,-0.007781571590835859,0.0005075945419118845,-0.004780441834639621,0.000507254502985982,0.9999883161400016
1741341942.5730233,2,0.010019328962322103,-0.000610184869777863,-0.007796437633961927,0.0001716870197786224,-0.004797530213135448,0.000572252406886071,0.9999883133090127
1741341942.5897436,2,0.010026601733626817,-0.0006085464648784683,-0.0077739690910794655,-2.7514882073955514e-05,-0.004931916433525712,0.00042887372118580516,0.9999877456801934
1741341942.6063027,2,0.010182648878031504,-0.0005998769156506621,-0.007507336222112854,0.00015186401194626568,-0.005007710929660921,0.0005681841613699478,0.9999872883868703
1741341942.6230793,2,0.010241031058737086,-0.0006418782413331694,-0.007424431773943589,-0.0001570517686470377,-0.004971259526199784,0.0006033392908925452,0.9999874488688172
1741341942.6396072,2,0.009412524327858529,-0.0006901323800405231,-0.008201366353372978,-0.001190958586800852,-0.004916676848213089,0.0006537995619874095,0.9999869901416456
1741341942.6562788,2,0.009555607872810306,-0.0006170667564144117,-0.007605742509608229,-0.001717574306156237,-0.006349732666149447,0.0006195463451313233,0.9999781732597455
1741341942.6731596,2,0.009040714109586255,-0.0006381029502818384,-0.007334485917262076,-0.0050196640420236,-0.010257831380941003,0.0007965090455977127,0.99993447057375
1741341942.6896217,2,0.007922749338372705,-0.0006545099532849259,-0.0072714146425322595,-0.005873828896317133,-0.011611761128058173,0.0009763388578744218,0.9999148523249548
1741341942.706619,2,0.007058079930610477,-0.0005939403923367162,-0.0069483136219416685,-0.004841384606344016,-0.009434945013807434,0.0007878078488263399,0.9999434594848217
1741341942.7230878,2,0.0072319834805888855,-0.0004888990491036986,-0.005748974080135677,-0.0021387858316280327,-0.005903336654643515,0.000598532569984708,0.9999801087873053
1741341942.739659,2,0.007578480406667574,-0.0004569164968949123,-0.005130611585430902,0.0007620617489819123,-0.004024500154891298,0.0005120231963954735,0.9999914802100267
1741341942.756556,2,0.007597270247090642,-0.0004870417007704434,-0.005436484718813326,0.0017512822361974891,-0.0044936179264743695,0.0004630513136452704,0.999988262927091
1741341942.7731335,2,0.007364832099178773,-0.0004896277231760616,-0.005946164772415347,0.000419458813007825,-0.0037837851411752672,0.0005616680424409419,0.9999925957492484
1741341942.7900565,2,0.007254791965943307,-0.0004596402776752391,-0.005790023757782792,-0.0027477130147009294,-0.0063060136619628605,0.000802479485191912,0.9999760198582562
1741341942.8065693,2,0.006304768735234777,-0.00048387126568900257,-0.005716081948876384,-0.006525765384381874,-0.012166553873386964,0.001194643470906844,0.9999039764797274
1741341942.8231359,2,0.005219379513426058,-0.0004775845218783718,-0.005433883819852824,-0.0056210038020668325,-0.010535389114435743,0.0010121057034861226,0.9999281901889302
1741341942.8401575,2,0.00511505495363114,-0.0003996602148953953,-0.004521770900215641,-0.0025169738761448026,-0.004558279207516746,0.0005921786884114529,0.9999862680345037
1741341942.8564353,2,0.005662804476196478,-0.00035999977799907955,-0.003914181898693861,0.002333241826501902,-0.004969628014374622,0.0008045844130742791,0.9999846055934561
1741341942.8733191,2,0.00671395939667083,-0.00035280650307812896,-0.0039437916407667134,0.0062779847086996245,-0.01317615813610177,0.0012688753028971135,0.9998926771010155
1741341942.8898613,2,0.007687583215587398,-0.000393819896917532,-0.004560428005771039,0.005852822265483791,-0.01281738850935519,0.0012830982458604426,0.9998999013312384
1741341942.9066565,2,0.007811090269195971,-0.0004732576160107239,-0.005606636685778301,0.0025636408823314564,-0.006070895381343282,0.0007855951934303864,0.9999779771649411
1741341942.9236305,2,0.007354636836938307,-0.0005061443003800274,-0.006156055009401271,-0.0024824382759605474,-0.005626531047154675,0.0006640452693988188,0.9999808691632364
1741341942.9403017,2,0.006391246056198107,-0.0005053555181363851,-0.006162506672742479,-0.0064574973884777105,-0.011448915541199534,0.0010589450945669003,0.9999130470674412
1741341942.9568818,2,0.006065826591318411,-0.00044863182062705276,-0.005175177296091815,-0.004736527691848967,-0.008159405366928716,0.0008480135171318627,0.9999551341348057
1741341942.9733868,2,0.00614968099720595,-0.00042390707077353477,-0.004474261136551325,-5.447571679394069e-06,-0.0034067692527811875,0.000415529446089308,0.9999941105970883
1741341942.990044,2,0.006878818902238336,-0.00039528859845452957,-0.004209403284487274,0.004686458167816501,-0.009110527838319317,0.0007912293905102801,0.9999472032804533
1741341943.0069613,2,0.008062672415867911,-0.000393778744106906,-0.004472891432688016,0.006582800361884298,-0.014512041112599697,0.0013134811251393438,0.9998721629135775
1741341943.0233924,2,0.008902114816619029,-0.0004395273338656772,-0.005057830811514222,0.004506558201128166,-0.009389011914911621,0.0009045680782846852,0.9999453580796469
1741341943.040207,2,0.008500330361363023,-0.0005193870875076593,-0.0060882026930759,-0.0003178113419339171,-0.004479424928805576,0.0006049681916863553,0.9999897338281755
1741341943.0567684,2,0.007396494378659296,-0.0005448424325353793,-0.006714570344217476,-0.005281972471700263,-0.009545110623133537,0.0008199888258319454,0.9999401578336206
1741341943.0734577,2,0.006754588531012794,-0.0004969446791603875,-0.006061947230313338,-0.006012283975753298,-0.010692801382570628,0.0008558668904360462,0.9999243891074232
1741341943.0904098,2,0.006717889546120988,-0.0004531698982625866,-0.00515634844919383,-0.001650579183129997,-0.004747184588356305,0.00045369811497904456,0.9999872669113666
1741341943.1068208,2,0.007183623831351804,-0.00043279229109736744,-0.004807664177587522,0.0035693242137653292,-0.006740853933288415,0.0005250225787241623,0.9999707721549661
1741341943.123594,2,0.008270529726608598,-0.0004288927788378555,-0.005042631341803269,0.00695658494188067,-0.015954843750475893,0.0013471957472161427,0.9998476053631689
1741341943.1402557,2,0.009432808902546436,-0.00045465606967385437,-0.005707902537227394,0.0070969765404382094,-0.016103907938280176,0.0015382571932305723,0.9998439532436586
1741341943.1569417,2,0.009607885817545936,-0.0005329829637058814,-0.006911338692347912,0.0033394235086405036,-0.0077296210569378744,0.0007937741091300323,0.9999642349262347
1741341943.1737487,2,0.009124686699895442,-0.0005794073733641473,-0.007656578688746848,-0.0014982665886367273,-0.0054934352266236474,0.00046720031930196033,0.9999836794120701
1741341943.1902878,2,0.008405259605004618,-0.0005755238023414471,-0.007610929515773224,-0.0055027546203316345,-0.01029043742312483,0.0008313753788542138,0.9999315653604544
1741341943.2069924,2,0.00792915487869903,-0.0005435237918757903,-0.006959589237452799,-0.004267640754543191,-0.008347598462741397,0.0006536016596682127,0.999955837848435
1741341943.2236595,2,0.008040200191983076,-0.000507308110214765,-0.006265825113715657,-0.00036009604878494225,-0.004294571750321658,0.0003955869910216323,0.9999906352037751
1741341943.2402754,2,0.008787193500205674,-0.0004873391920887059,-0.005796580120789025,0.003592298920747163,-0.0075903240207825535,0.0007076269824375214,0.9999644901864152
1741341943.2570348,2,0.009728599756750295,-0.0005090574512080696,-0.0059132544906083185,0.005260025994635997,-0.01123794910393458,0.001017145676311566,0.9999225000174495
1741341943.2740037,2,0.009995858750597553,-0.0005682042620566759,-0.006796098537513141,0.0037920290155127865,-0.008053223614391005,0.000715246064675147,0.9999601264692654
1741341943.290576,2,0.00987905886631231,-0.000593409398092643,-0.007413562249720503,0.0003389337950931516,-0.004879248468420889,0.000514757933930641,0.999987906468141
1741341943.307351,2,0.009424776710574963,-0.0006091061176368263,-0.007607008808551447,-0.0030835232460367508,-0.007029757749328274,0.0006880160534156993,0.9999703000711007
1741341943.3238575,2,0.00896536373960158,-0.0006042772044949386,-0.007269377672899111,-0.003997481894653655,-0.007972407798213408,0.0006693515154595783,0.9999600056106993
1741341943.3407786,2,0.008644586541008121,-0.0005793478480604906,-0.006946237556260133,-0.0017097138258751782,-0.005217100250638266,0.0005208958739396337,0.999984793589931
1741341943.3572545,2,0.00890094923824774,-0.0005407616215407285,-0.0064942764553131225,0.0009074651803685773,-0.004490624512034787,0.00046121624709787864,0.9999893989828151
1741341943.3739667,2,0.009447652553039197,-0.0005435091805703044,-0.006261484081755437,0.002559501358813728,-0.006202947070167929,0.0006345788748099505,0.9999772845970505
1741341943.390743,2,0.009479372041661098,-0.0005873771887698004,-0.006834858818290761,0.0024849643292589167,-0.005964396343423782,0.000520561660858346,0.9999789897513338
1741341943.4070868,2,0.009119022324345447,-0.0006063097571024001,-0.007608090705797754,0.0008311787463793161,-0.0046274458422146895,0.0004397057684102299,0.9999888512107054
1741341943.4239962,2,0.009303665206240342,-0.0005703393683186379,-0.0073827791730793286,-0.0006108175006870449,-0.004663748712917547,0.00042129408378002557,0.999988849368441
1741341943.4404035,2,0.009194356611975709,-0.0005819645672706939,-0.007278406415779845,-0.0011677562231412416,-0.005057332046547779,0.00045384496605229893,0.9999864267892444
1741341943.4570909,2,0.008897998210204506,-0.0005973979877284696,-0.007431352858059537,-0.00010959310326656008,-0.004581896628127486,0.0005196917977408114,0.9999893620099548
1741341943.4738717,2,0.008840545262224123,-0.0005741097090916555,-0.00749483092807548,0.00040249441455303034,-0.0043536558734703825,0.0005283086516246502,0.9999903022373519
1741341943.4907131,2,0.009427707298269672,-0.0005343365593449529,-0.0068805298152527046,0.0002973024496655604,-0.0048138076529275105,0.0005410081347396716,0.9999882230193174
1741341943.5074127,2,0.009143320763906296,-0.0005929402752489908,-0.007151496232386711,-0.0005361014248760612,-0.004428045760897299,0.0005108186683932173,0.9999899219843617
1741341943.5239198,2,0.008448225394368486,-0.0006167948917179737,-0.007668541522445582,-0.002049898257439627,-0.005047272277555525,0.0006290167227457069,0.9999849635357788
1741341943.540667,2,0.008504966312817842,-0.0005627862155952173,-0.007191041111738942,-0.0018931450366025623,-0.004952261506347122,0.0004654278738193556,0.9999858371420753
1741341943.557347,2,0.008939993696565078,-0.0005278388413869534,-0.006472446809785468,-0.00022634241936438305,-0.004530914850486672,0.00047976549144627663,0.9999895946482643
1741341943.573852,2,0.009085422768870895,-0.0005476318666532909,-0.006434234529254029,0.0014856401678673694,-0.004992061494324501,0.0005771758522009488,0.999986269437418
1741341943.5907881,2,0.008970416858262175,-0.0005745026849324494,-0.006976418690547408,0.0021020597443175905,-0.005327809814847686,0.0006265885393324353,0.9999834014493494
1741341943.6073296,2,0.009393540583457658,-0.0005474950645074203,-0.006817084778400856,0.0010414937373775938,-0.0047792892254306645,0.0005051000106517552,0.9999879092065433
1741341943.6239805,2,0.009202690686988712,-0.0005792031520560962,-0.006938913252898319,-0.0021690877464740728,-0.005422347063037293,0.0005596568453108348,0.9999827898493511
1741341943.640944,2,0.008398398495977667,-0.0006130509793111017,-0.007283277882155831,-0.0035621123787517605,-0.006828557166532137,0.0007222222449162896,0.9999700798311185
1741341943.6572685,2,0.008026347609248164,-0.0005746102401804501,-0.006965634021283883,-0.003126875560640264,-0.00608889952015129,0.0006065249807339298,0.999976389760933
1741341943.6741383,2,0.008385389468692696,-0.0005151704790373604,-0.006177723475757094,0.00044007079318333675,-0.004181406048313641,0.0004675714988060068,0.9999910517389891
1741341943.6908085,2,0.008824595227632636,-0.0005008371868420389,-0.005981387608160751,0.0030360136583628293,-0.006244697451414068,0.0007292162658576567,0.9999756270122009
1741341943.7075195,2,0.009344761282920432,-0.0005137786174439338,-0.00625335591020748,0.0045487900574366,-0.008247607843413772,0.0007979365661514939,0.9999553233875557
1741341943.7242749,2,0.009561685966651474,-0.0005401575110632538,-0.006883843959841925,0.002960566194658347,-0.006485976522120328,0.0007350507476385824,0.9999743130984715
1741341943.7407262,2,0.00935820352477244,-0.00057484558839156,-0.007322742014050304,-0.0005596574832362476,-0.004942521702771795,0.0004507093660314871,0.9999875274841113
1741341943.7576184,2,0.008458660117104671,-0.0006025589522874891,-0.007702383881951407,-0.004895906943088095,-0.008768832467555155,0.0007875121460352998,0.9999492574610875
1741341943.7741604,2,0.00773814378479107,-0.0005792584485538108,-0.007363477068397733,-0.00573983370317917,-0.009565191826573229,0.0007546913654497887,0.9999374939741601
1741341943.790744,2,0.0076465634532041065,-0.0005284464288427213,-0.006566210451926502,-0.00299808087891773,-0.0055187828025519,0.000637242475105957,0.9999800740362027
1741341943.8076303,2,0.008222938538832844,-0.0004884970637355644,-0.005882316945192166,0.0022818102860024643,-0.005482084542949576,0.0006216562466728671,0.999982176658361
1741341943.824268,2,0.00896749289647114,-0.00048415987098185615,-0.005957639520739525,0.0055758206476834325,-0.010287330138734264,0.0010984651826423722,0.9999309348334835
1741341943.8410625,2,0.009796533275303223,-0.0005053972233343359,-0.006349186610968735,0.00569385295433123,-0.010230360310893399,0.000945949213923014,0.9999310100934606
1741341943.8574727,2,0.009853260659290115,-0.0005610064342569534,-0.0070984076903971875,0.0015062525919120337,-0.00545205836736763,0.0005699819633661062,0.9999838405610612
1741341943.8742328,2,0.009055819511056487,-0.0006136918963365497,-0.007802218861390416,-0.003662155127402551,-0.0072007980079725,0.0007009394509571137,0.9999671223654092
1741341943.8910754,2,0.008234904510263753,-0.0005960510230550782,-0.007614943395441033,-0.006853497840773544,-0.011506689166385642,0.0008890690937696867,0.999909913556177
1741341943.9076068,2,0.007812930072930534,-0.0005531186466512634,-0.0067994700995481095,-0.0051897531701564,-0.008742744830638168,0.0007335652688617506,0.9999480450287683
1741341943.9243007,2,0.00799726875773575,-0.000515768779383786,-0.006041272695940995,0.00012012554024162279,-0.004183639804649639,0.00042115808113945603,0.9999911526377171
1741341943.9409606,2,0.00870059834778743,-0.0004928516848303493,-0.005776255428366638,0.0048544489499798,-0.008519418638750135,0.0007887271468990054,0.9999516146999001
1741341943.9576073,2,0.00968583684840446,-0.0004968010381081149,-0.006022917209993894,0.006467149154833179,-0.012616644028046008,0.0011593153662853343,0.9998988210129863
1741341943.9745812,2,0.01020733369999775,-0.0005511883598357152,-0.006749923301968217,0.004151962219045709,-0.008669391043189647,0.0009674126574382905,0.9999533324017786
1741341943.9910176,2,0.009776588916078015,-0.0006104774732210303,-0.007672016877672727,-0.00016341729942458345,-0.004966435316922756,0.0004997489097138185,0.9999875289552648
1741341944.0078826,2,0.00887963080180883,-0.0006244571533615916,-0.008086838156667392,-0.005231805338601473,-0.009162486691663177,0.0007939408553836197,0.9999440217874409
1741341944.024376,2,0.008220011042554319,-0.0005882936699960486,-0.007604875844495068,-0.006457192412621703,-0.010600677401720611,0.0008148004813816892,0.999922630209431
1741341944.040986,2,0.008035737848449822,-0.0005526896793517998,-0.0068427346999820286,-0.0027732937910348652,-0.005921874090481516,0.0006496481415632329,0.9999784088699603
1741341944.0579298,2,0.008501859332213802,-0.0005150202546293345,-0.006240750579150252,0.002266855681243461,-0.005354863297756153,0.00048324668984778567,0.9999829764936099
1741341944.0744185,2,0.00939300760273573,-0.0004956765849140601,-0.0060525304559968865,0.0055328169824833875,-0.009335777346485006,0.0007986742180000456,0.9999407949059127
1741341944.0911489,2,0.010046355668048115,-0.0005246768407613539,-0.006484391946396884,0.005100292795449819,-0.00935680581089655,0.0008479136527914956,0.9999428574877942
1741341944.107847,2,0.009918925192699202,-0.00058358959315482,-0.0073562208828902775,0.0014302338679536163,-0.005423329165511671,0.0005638571196842265,0.9999841118722808
1741341944.12441,2,0.009329975503258692,-0.0006133481623740938,-0.007904303139983353,-0.002133937644772114,-0.006311154432653751,0.0006217009816979095,0.999977614313313
1741341944.1412997,2,0.008745691945742935,-0.0006078769516547712,-0.007762472171604832,-0.004922791634552411,-0.008608818877172767,0.0008988947617355648,0.9999504219451434
1741341944.1578093,2,0.008469296746706597,-0.0005779856919058165,-0.007193385784384444,-0.0032854514962262185,-0.006654201671745147,0.0007217788057177233,0.9999722028356254
1741341944.1745546,2,0.008697794223144267,-0.0005401051587349411,-0.006599406381565565,0.0002504171610447361,-0.004511277647697547,0.0005977649095099645,0.9999896141172385
1741341944.191305,2,0.0092904404995774,-0.0005214590537115521,-0.00630951803294721,0.0034362017948698052,-0.006631089824990695,0.0007008703945879957,0.9999718645770229
1741341944.2078602,2,0.009890300494780947,-0.0005410529436009088,-0.006429746376663149,0.004125427979265653,-0.00752027422327798,0.0006870299013621513,0.9999629764693837
1741341944.2246668,2,0.009737516350032296,-0.000593187212616066,-0.007262206790340163,0.0021952215863878504,-0.005590488568082166,0.0005639866644407074,0.9999818045138616
1741341944.2410645,2,0.009442574132464878,-0.000604494995343474,-0.007699166818998368,-0.0008033171892321887,-0.005056622014912726,0.0005290916376340729,0.9999867525709182
1741341944.257762,2,0.009334764688222075,-0.0005907047271118983,-0.007415561984414425,-0.0023424841307823426,-0.0063255268585148666,0.0005689078569816941,0.9999770881484782
1741341944.2746787,2,0.009016286070979885,-0.0005935885185170606,-0.007228449425153984,-0.0024524524207812817,-0.005832337348107443,0.0005847497808679308,0.9999798134891901
1741341944.2913086,2,0.008845984962262644,-0.0005761005624243607,-0.007136563575502278,-0.00015564108981832792,-0.004343314517389022,0.0005564632002888761,0.9999904008257083
1741341944.3082752,2,0.009344886005038636,-0.0005376454513800528,-0.0067038830098528025,0.0015820669858189619,-0.005035557034388252,0.0006227594181488446,0.9999858761003142
1741341944.324525,2,0.009779312054364196,-0.0005478848193098171,-0.006589144538636907,0.0022639589131492983,-0.005527920528352597,0.0005048896558996518,0.9999820306741052
1741341944.3411965,2,0.00953008332267185,-0.0005954513231566345,-0.007168699672003942,0.0010757490889225533,-0.004768039861340651,0.0004816183072134032,0.9999879382290491
1741341944.3581018,2,0.009082378701393718,-0.0006046632887060268,-0.0076859290903910785,-0.001142650219428858,-0.0044689324215166255,0.0005960682876704059,0.9999891837895469
1741341944.374611,2,0.009216081955705703,-0.0005653965161751117,-0.007278921683430061,-0.0012630964515889665,-0.005105337907775013,0.0005356262728849628,0.9999860265107194
1741341944.3915179,2,0.00928388848643854,-0.0005614954635734294,-0.006955504986588785,-0.00032419411836143245,-0.0048099422112878034,0.000507091453534735,0.9999882510371586
1741341944.4080822,2,0.009181794631389262,-0.0005717815412058696,-0.007090387699204637,0.0008558739316973185,-0.004584313296976841,0.0004888961457948561,0.9999890062055516
1741341944.4246793,2,0.009545553065030684,-0.0005432517117692224,-0.006908867866000335,0.0015194324949021518,-0.005133203202235468,0.0005603067867046875,0.999985513698115
1741341944.4417458,2,0.009831556441514708,-0.0005494385711723467,-0.006818198588427169,0.0010175595073917058,-0.004988533364073027,0.0005557848344795632,0.9999868850193697
1741341944.4583266,2,0.009479498615972293,-0.0005946653519833068,-0.007186973188841781,-0.0005574598802030953,-0.005327345857971412,0.0005193427439400924,0.9999855193490083
1741341944.4751973,2,0.00884472600767064,-0.0006159223853191104,-0.007608618975409628,-0.002292544921392093,-0.005322395232805853,0.000503295996479148,0.9999830813768347
1741341944.4916685,2,0.008899996199288775,-0.0005645671907469587,-0.0071257939642481805,-0.0011402024474291106,-0.005283239085337265,0.0006104995548606798,0.9999852071973063
1741341944.5082145,2,0.009238721572985342,-0.0005377391939620653,-0.006628282943476346,0.0007254828514482636,-0.00466920524433869,0.0005374027887506743,0.999988691633691
1741341944.524893,2,0.009593585436883526,-0.0005395758324008625,-0.006567690852537603,0.00317564761314989,-0.006145026580982108,0.0005338522256537569,0.9999759341665965
1741341944.541544,2,0.00974494073927156,-0.0005617105004620654,-0.007037820738828027,0.003112835505780928,-0.006499599725084527,0.0007481807488088095,0.9999737524975817
1741341944.5584843,2,0.010118952154600496,-0.0005638809548809723,-0.007081426976012636,0.0014910804043640673,-0.00527559599555793,0.0005707986801522906,0.9999848093621153
1741341944.5750237,2,0.009732029040958603,-0.0006007809178796154,-0.007480749077804556,-0.0017116316939196614,-0.005723080513170452,0.0005639656183181183,0.9999819991425672
1741341944.591572,2,0.008812291695815131,-0.0006301271828539641,-0.007904155351086137,-0.0044292365225079965,-0.00744225643220647,0.0007860934100462913,0.9999621876552012
1741341944.6085455,2,0.008651890599171461,-0.000577842250648475,-0.007269354518991627,-0.0037445989236087798,-0.006760273510318464,0.0006723835989307457,0.9999699118379827
1741341944.6248934,2,0.008904551520328641,-0.0005343778105627448,-0.006558921868131634,-0.000433106731361005,-0.004578425922417322,0.0004944365787866446,0.9999893029263373
1741341944.6416888,2,0.009292577158700615,-0.0005272047038670405,-0.0064161961937313225,0.0032895940664627323,-0.006637064673807594,0.0007097310804579024,0.9999723117292734
1741341944.658344,2,0.00998723846639157,-0.0005235118794030649,-0.006516465977665512,0.005164263333920948,-0.00863539699040825,0.0007009502849449774,0.9999491331921508
1741341944.6749523,2,0.010210240127525375,-0.0005646852070107378,-0.007153317680336207,0.003113505765436587,-0.006792617204519286,0.0007148311606232377,0.9999718273280369
1741341944.6918993,2,0.00994972324197943,-0.0006032364004056416,-0.007712546435906896,-0.0007839531787570363,-0.005095177856380283,0.0005885379571752362,0.99998653901095
1741341944.708324,2,0.009121286756474488,-0.0006302910193839782,-0.008118157189619177,-0.0045377018072266405,-0.008174217177912245,0.0005890234853936368,0.9999561212809143
1741341944.7250233,2,0.008731669196705677,-0.0005889178222436576,-0.007516142810313577,-0.005740981327939048,-0.009090090917899196,0.0008405857281390857,0.999941850707395
1741341944.7419686,2,0.008584540081731026,-0.0005575789120152346,-0.006880097044839268,-0.002094613315488714,-0.0055498978460609815,0.0005580331882580652,0.9999822497564232
1741341944.7583857,2,0.008908887365696306,-0.0005351359124011496,-0.006481699017473817,0.0023189669535617786,-0.0054258756227579304,0.0005960753931690469,0.9999824133254146
1741341944.7754092,2,0.009672763138796836,-0.0005200156746563709,-0.00641415930748528,0.005418018812783406,-0.009264625485185078,0.000925386417725155,0.9999419760399807
1741341944.7919104,2,0.010399665480893302,-0.0005368470186351402,-0.00672099519336885,0.005363250580299356,-0.008964207955947632,0.000798902114127624,0.9999451186311914
1741341944.8084831,2,0.01027384569875561,-0.0005992172176020429,-0.007547281622520867,0.00135945122420828,-0.0053877293483793115,0.0005606870540828409,0.9999844048258277
1741341944.8252246,2,0.009526206380659924,-0.0006383319315979651,-0.00821814737842026,-0.0029997138678809643,-0.006856094502905673,0.0006485935627819218,0.9999717871076506
1741341944.8417146,2,0.00878417176210683,-0.0006255440184287527,-0.008116895581498229,-0.0061696923973428835,-0.00968237375907329,0.0008148850105702032,0.9999337590543342
1741341944.8585932,2,0.008657651407406389,-0.0005748422967110547,-0.007218476236876971,-0.004217321021394866,-0.007433545220015747,0.0007280291550689364,0.9999632126145511
1741341944.8750455,2,0.008753839418690191,-0.0005515562877494563,-0.006706086111291923,-4.9458463666981396e-05,-0.004558532288261523,0.0006717294099050335,0.9999893830020583
1741341944.8918383,2,0.00939865855789753,-0.000527462809051926,-0.0064336784959889365,0.0043153772594234025,-0.007664443009147225,0.0007737945028844056,0.9999610167774221
1741341944.9086242,2,0.010201561399117287,-0.000534151453375413,-0.006575135567806637,0.005529332283583377,-0.009446798023269583,0.000899248434253183,0.9999396861030463
1741341944.9251425,2,0.010432816244205573,-0.0005772498517043742,-0.00722264767307622,0.0032090320260545527,-0.00665056901156036,0.0006200242455259148,0.9999725434306751
1741341944.9424348,2,0.00982054753418973,-0.0006291575257592608,-0.008101509415686077,-0.0010034912502881969,-0.005152007541498487,0.000612114513406957,0.9999860374722366
1741341944.9594035,2,0.009159867979996175,-0.0006297727145897474,-0.008221433774364253,-0.004995800285595383,-0.008352714005652342,0.000833422635050511,0.9999522886392918
1741341944.9755092,2,0.008711883459409472,-0.0006023327444253867,-0.007738903545397838,-0.004873145938512748,-0.008151886633150782,0.0008247887868738776,0.9999545584257513
1741341944.9921796,2,0.008782184528719554,-0.0005624508132709877,-0.007013221192594954,-0.0014837217156723423,-0.004930276074635391,0.0005885887008186543,0.9999865721653663
1741341945.0086827,2,0.00916994971725202,-0.0005382383204516727,-0.006657011601323377,0.0022155725372890464,-0.005708096862272878,0.0007302611270081483,0.9999809876128792
1741341945.0254407,2,0.009934980381468136,-0.0005314955416214932,-0.006512927486508366,0.0043269940132837454,-0.008131867828984281,0.0008839873881950804,0.9999571832907239
1741341945.0421152,2,0.0102154878346163,-0.0005735134609410441,-0.007054515552102247,0.0035497039281478103,-0.007078665131771954,0.0006783131197368113,0.9999684154978528
1741341945.0587585,2,0.009956862267516946,-0.0006109928497782823,-0.007747597668859374,0.0005785638662390803,-0.004872026821464427,0.0005366173362829421,0.999987820255996
1741341945.075486,2,0.0095772598793946,-0.0006164296122190199,-0.007927155163984132,-0.00290943724599866,-0.006431655517635306,0.0006977553813027012,0.9999748407433269
1741341945.0921042,2,0.00913223455136347,-0.0006128299299865887,-0.007744846311898983,-0.003720839821221796,-0.007209992698605755,0.0007418139587991594,0.9999668099833922
1741341945.1089826,2,0.008972346400498073,-0.0005915833430102077,-0.007341067451290931,-0.0017384387800430574,-0.005139028551981688,0.0005315110736688299,0.9999851427456953
1741341945.1254847,2,0.009284697971818476,-0.0005550508320772666,-0.006865108506658829,0.0010509250584060418,-0.004780446847180682,0.000576971176507237,0.9999878549206108
1741341945.1422775,2,0.009800535637314655,-0.0005441019097352716,-0.00666924578792805,0.0029327942071259183,-0.006222716295639204,0.0006592290066854781,0.9999761206834687
1741341945.1589983,2,0.009987117468271852,-0.000576669382731883,-0.007036200116234801,0.0026002578722125794,-0.006042562625910859,0.0004740928178702357,0.999978250429433
1741341945.175495,2,0.009807668189624853,-0.0006077894927355728,-0.007558214676054452,0.0005709284426999351,-0.004762839326749607,0.000551330546548154,0.9999883426504977
1741341945.192381,2,0.009498580268785485,-0.0006075357184779207,-0.0077984107607052275,-0.0015716185736558625,-0.0052317815823542104,0.0005820233705606052,0.9999849097488069
1741341945.2088523,2,0.009463955829232944,-0.0005864903307756974,-0.007421089848215097,-0.002086835648384889,-0.005830412652604197,0.0006537935498732731,0.9999806117916842
1741341945.2256904,2,0.009382812992071901,-0.0005802284587425847,-0.007187024739705256,-0.000648476220256452,-0.004990076669525046,0.0005161950403340682,0.9999872059962089
1741341945.2423704,2,0.009361697939640224,-0.0005715732222706188,-0.007202491700088979,0.001085374649074694,-0.004697465338537462,0.00038464911865860186,0.99998830384476
1741341945.258977,2,0.009717387556132308,-0.0005570647944690661,-0.00708019728674765,0.001985820617753557,-0.005355620911256951,0.000587954243152038,0.9999835139395734
1741341945.2757862,2,0.009889232550036963,-0.0005789145280102897,-0.007196421985488631,0.001298197840737542,-0.005007355605372756,0.0005512489888611565,0.9999864685068293
1741341945.292715,2,0.00958062081111961,-0.0006119370510240038,-0.007605122232920939,-0.0001875671412491865,-0.004775390109169537,0.0005301585165468536,0.9999884396330889
1741341945.3090603,2,0.009273400334638382,-0.0006064546928585224,-0.0077148082784139664,-0.0015740400734920424,-0.005503736834624557,0.0004157419146979567,0.9999835290830358
1741341945.3259327,2,0.009281156462798005,-0.0005770313194039246,-0.007347358674916218,-0.0011737589957755094,-0.005028621086747399,0.0005969758964434406,0.9999864893485136
1741341945.342318,2,0.0093875811803093,-0.0005688280915395439,-0.007080315529816005,0.0006776969564038973,-0.004639756876705879,0.00042480270702350187,0.9999889164013871
1741341945.3588898,2,0.009568498066133182,-0.000567199529921402,-0.0071021237393812265,0.0020714176237120025,-0.005368412266623322,0.0005984870249749041,0.9999832654559998
1741341945.3758764,2,0.00991684802672075,-0.0005624343340950044,-0.007139909413361095,0.002309277342633617,-0.005660419981671106,0.0006243036514462026,0.9999811183861107
1741341945.392414,2,0.010050302036598346,-0.0005823313450932824,-0.007285926343892122,0.0007229890207449796,-0.00504706236415613,0.0005407987183397647,0.9999868559061735
1741341945.4093792,2,0.009583713745703505,-0.0006198689621410029,-0.007707887143599262,-0.0015345077454176526,-0.005327261933470794,0.0005180305360156394,0.9999844984851691
1741341945.4256575,2,0.009102417581605151,-0.0006158353650236432,-0.007799527798608956,-0.002881529650227661,-0.006244350839481895,0.0006414190608436166,0.9999761464410322
1741341945.4425154,2,0.00898492177415113,-0.0005796287958218064,-0.007408603311555125,-0.0019996858280632193,-0.005413046828707927,0.000561201800659978,0.9999831924753326
1741341945.459781,2,0.009312584870428875,-0.0005512968542939398,-0.006875662144054461,0.0005240743812182929,-0.004627041816268117,0.0006295433359699666,0.9999889596916867
1741341945.4757547,2,0.0096669356514882,-0.0005533249328313472,-0.006834732059269502,0.002996144763659209,-0.006259979989192798,0.0006516932063685796,0.9999757052364097
1741341945.4926918,2,0.010119865368616627,-0.0005606540471690434,-0.006991044755165989,0.003447893587672399,-0.006931470795299162,0.0007499081410118804,0.9999697517326223
1741341945.5091422,2,0.010196666399964215,-0.0005849643076303939,-0.007394617938605042,0.001357877978351308,-0.005317564197914624,0.0006261629159469617,0.9999847436828222
1741341945.5258298,2,0.009790634406276706,-0.0006160917532321693,-0.007802190761317426,-0.0013011191188073503,-0.00538574460813103,0.0005463459834079223,0.999984501054952
1741341945.5426276,2,0.009137310570721632,-0.0006221081192693735,-0.007944525736618954,-0.0040330897101239155,-0.0076340852703256435,0.0007442270236331448,0.9999624498227985
1741341945.5594182,2,0.008790546907620836,-0.0005948463488585476,-0.007566285796011294,-0.0032780712914411638,-0.006600538888832316,0.0006453615664018537,0.9999726349472939
1741341945.5761113,2,0.009086725965207763,-0.0005522808848959187,-0.006837751370412157,-0.00020813271664329796,-0.00468150682897383,0.0005823413659337346,0.999988850464402
1741341945.5925426,2,0.009514846633285468,-0.000538365853245337,-0.00663543499577606,0.003239475519870692,-0.006443455686050725,0.0006509090419671955,0.9999737816535976
1741341945.6092455,2,0.010145188990199797,-0.0005370003294417979,-0.0067259249660405,0.004414197375354926,-0.008245943979268432,0.000812916307449951,0.9999559282470899
1741341945.6260762,2,0.01030898375662618,-0.0005756544986952383,-0.007319165756354915,0.0025389048745149945,-0.0064477075080700995,0.0007025766250938803,0.9999757434138162
1741341945.6427984,2,0.010069368712711668,-0.0006108859395427825,-0.007772261127299327,-0.0007516504752420379,-0.005265514017523604,0.0005781018385496171,0.9999856874885552
1741341945.6596034,2,0.009258637483010899,-0.0006353565287395145,-0.00817342276583345,-0.004085603669618532,-0.007893852956478485,0.000641050734640046,0.9999602912026616
1741341945.6760714,2,0.008784361546009645,-0.0006075526345996621,-0.007777820603882848,-0.0045462815278513044,-0.00807245254926327,0.0007236822957604393,0.999956820626793
1741341945.6927,2,0.008863856227035437,-0.0005673027589870268,-0.007007686733641547,-0.0015349578537348172,-0.005495744512012454,0.0005707715685802376,0.9999835573230504
1741341945.709452,2,0.009110867722907645,-0.0005542983397210169,-0.006777395609179708,0.002076849796028193,-0.005439791822648798,0.0006363461926308804,0.9999828450645412
1741341945.726132,2,0.009763363030886247,-0.0005433189458149407,-0.006772172314097607,0.0047166877821384675,-0.008222207145455063,0.0007813983197579416,0.9999547677683671
1741341945.7430327,2,0.010412317838558663,-0.0005561744472265708,-0.006968477705639869,0.003843489815234713,-0.007693306697043524,0.0008444333085040566,0.9999626630782236
1741341945.75945,2,0.010136564846579222,-0.0006123495036067917,-0.007758214372011021,0.000701858856980473,-0.004972252999978712,0.0005494005644044051,0.9999872410452391
1741341945.776052,2,0.009503477501247649,-0.000640002856006871,-0.008224648089244805,-0.003082146031427264,-0.006760012869711193,0.000674425642009258,0.9999721734887905
1741341945.7929533,2,0.008983658479736898,-0.0006201451990598309,-0.007982790251263534,-0.0046840703685828095,-0.008383105500691988,0.0008300090145747377,0.9999535459770029
1741341945.8094335,2,0.00886614670285311,-0.000583232356971814,-0.007286381654357936,-0.0025002728659730814,-0.00639325863293381,0.0006052588046653084,0.9999762539887772
1741341945.8263319,2,0.009001297184786653,-0.0005626799245103942,-0.006885084983903535,0.0005635372179310273,-0.004630342473719529,0.0005097189915450466,0.9999889912098681
1741341945.8427749,2,0.009526007089924076,-0.0005422793951491784,-0.006739140008316804,0.0035711992090069374,-0.0069737441107682735,0.0007149853690738468,0.999969050633673
1741341945.859478,2,0.010033408757370578,-0.0005615663435111365,-0.007006343490418589,0.003936281097916859,-0.007684922185494046,0.0007895402440699589,0.999962411437712
1741341945.876255,2,0.010191917883771771,-0.0005938512045139963,-0.0074486175583624355,0.001968581536096566,-0.005537852512335011,0.0005458094504007592,0.9999825793324257
1741341945.892863,2,0.009693840155272068,-0.0006252118938583103,-0.008042975813088707,-0.0016699977901049354,-0.00523417504044798,0.0005341650989373382,0.9999847644772766
1741341945.9097953,2,0.009286686160043236,-0.0006130691068948241,-0.007921694835083558,-0.0035207297530284146,-0.007312564874352037,0.000577417017887772,0.9999668981754106
1741341945.9262753,2,0.008898838283031037,-0.0006022398655302676,-0.007618314777837434,-0.0030896086214283695,-0.006488735923975769,0.0006807643257948679,0.999973943252827
1741341945.942983,2,0.009081258544670115,-0.0005666328470427452,-0.0070263065297311855,-0.00019432037299334291,-0.004705431127977364,0.0005841235788002212,0.9999887399151739
1741341945.960304,2,0.009450420829088823,-0.0005484458724057194,-0.006805755810695033,0.0023488148880350984,-0.005786968650019789,0.0006168022240529938,0.9999803066148262
1741341945.9762723,2,0.009980735120159935,-0.0005534176898754803,-0.006819354363612458,0.0031368776303742157,-0.006831990282166968,0.0006943801529165151,0.9999715004657481
1741341945.9931016,2,0.010004945735342122,-0.0005943894215651365,-0.007362136432692833,0.0018418513475084467,-0.005533270018250669,0.0006830227128605239,0.9999827618446693
1741341946.009767,2,0.009681086228359944,-0.0006197805690727894,-0.007859340097979556,-0.0007320475560480121,-0.0047999148760009625,0.0004811315652750092,0.9999880966471429
1741341946.0264046,2,0.009455022888569479,-0.000606765416068672,-0.007764255123562416,-0.002668208347332601,-0.006062793060949513,0.0005761914443520737,0.9999778953596598
1741341946.0432816,2,0.009264338290641407,-0.0005909938845722135,-0.007431877653760871,-0.002385070194852503,-0.0060765607551786765,0.0007177863420650496,0.9999784355836487
1741341946.0597575,2,0.00917046591468678,-0.0005805686997710699,-0.007234863595086296,-0.0004741489352108392,-0.004591771615404469,0.0004069260056115526,0.9999892625560762
1741341946.076425,2,0.009432726600797374,-0.0005624816105872778,-0.007060427744591437,0.0017530363851112165,-0.005075710186997839,0.0005299193987148584,0.9999854415015055
1741341946.093178,2,0.009941794807029647,-0.0005551716474609932,-0.006902255502724009,0.002453332021307184,-0.005915437191368097,0.0005836511917018639,0.9999793238443057
1741341946.1097307,2,0.009930800772045048,-0.0005910062329302273,-0.007302866024807103,0.0014704075744992847,-0.00514030491415723,0.0005805847987866846,0.9999855389395617
1741341946.1267722,2,0.009695345414708614,-0.0006049804448676628,-0.007627801041834766,-0.0002871317818204928,-0.0048288863530397625,0.0004422205570859103,0.999988201856856
1741341946.1431496,2,0.009417695255828255,-0.0005972898094933443,-0.007658216315615012,-0.0016185999129042646,-0.005754793136534912,0.0005959061114845435,0.9999819535302545
1741341946.15974,2,0.009314539508328832,-0.0005878652937087987,-0.007390654279710177,-0.0013753966460459549,-0.0050944120643483266,0.0005114855585220091,0.9999859467174066
1741341946.1765776,2,0.009286400203696258,-0.000584938689029927,-0.007247680192270837,0.000228914691383532,-0.004487372749871286,0.00047381922587322816,0.9999897932375155
1741341946.1930988,2,0.00945881020075918,-0.0005748750698636486,-0.0072387338992474575,0.0017910406508649891,-0.00519269623333155,0.0005415666307039869,0.999984767276382
1741341946.209966,2,0.009888796891858332,-0.0005626477620124464,-0.007130966533239544,0.0018456640319338329,-0.005560111492613327,0.0005746508511583874,0.9999826740803412
1741341946.2265263,2,0.009817004182946587,-0.0005972056157648705,-0.007470796328650636,0.0005884908861758408,-0.004819448957227048,0.0005745071505200625,0.999988048194457
1741341946.2432551,2,0.009447752166845156,-0.0006216794420102512,-0.007814747114699469,-0.0014941455374058894,-0.005293523743474299,0.0006291908881259244,0.9999846750097307
1741341946.2599044,2,0.009128700310156937,-0.0006114555467142585,-0.00779472951679665,-0.00202563851829106,-0.005543978825631606,0.0006180893950119766,0.9999823893713699
1741341946.2766964,2,0.00917727234579065,-0.0005836880984874766,-0.007342346957134084,-0.0009839402742467238,-0.004876448351764088,0.0004091850881578522,0.9999875422626889
1741341946.2933583,2,0.009330115655214567,-0.0005737088891044312,-0.007109880800667729,0.0008558206904493843,-0.0046721037805614336,0.000520380020107575,0.9999885840457601
1741341946.3099153,2,0.009684670303922243,-0.0005637926199302971,-0.007045894276121452,0.0023116286296075424,-0.00580277382494455,0.000630603324842635,0.9999802930700494
1741341946.326587,2,0.010019860494586967,-0.000573630035298492,-0.007176514624725259,0.002383797944380725,-0.005895529549202985,0.000508277436955055,0.9999796507393247
1741341946.3433633,2,0.01003782667174573,-0.0005970962073680231,-0.0074319574346262554,0.0006147360185736593,-0.004914163949033091,0.0005702187133799225,0.9999875738942601
1741341946.3599064,2,0.009447034701630731,-0.0006341590890438823,-0.007953923739134252,-0.0018612459593465803,-0.005373500247462328,0.0005498973058088159,0.9999836793025786
1741341946.3768816,2,0.009045617341561823,-0.0006170367072609039,-0.007846998016251458,-0.002788769333374942,-0.006391945259423579,0.0006453102583199925,0.9999754743872852
1741341946.3933897,2,0.009214330316755392,-0.000567289906132158,-0.007120875431286994,-0.0009008831532202727,-0.005217201969575508,0.0005149095255726937,0.999985851940583
1741341946.4099526,2,0.009311924729915657,-0.0005567074491399439,-0.006891496261985707,0.0009391803153594882,-0.004705862542290987,0.0005325235818466209,0.9999883445404266
1741341946.4268017,2,0.009718235280160371,-0.0005500834413104977,-0.006843800711192496,0.003060241958912342,-0.006431223522453592,0.0005891445381843832,0.9999744632698729
1741341946.4432766,2,0.010088864037085782,-0.0005634825010038017,-0.007101954813563276,0.0030157735145712895,-0.006637551704258162,0.0007172683229035782,0.9999731664117968
1741341946.4609709,2,0.010138857323520973,-0.0005947514005512344,-0.007490479040748208,0.0010673957756748402,-0.005157704652097631,0.0005105389277743695,0.9999859989514768
1741341946.476809,2,0.009704425273645904,-0.0006233357456243584,-0.007884140816338812,-0.0016173867376177806,-0.006015258951290449,0.0006161688231263501,0.9999804103360582
1741341946.4935586,2,0.009099737483100043,-0.0006225291650160147,-0.007959584185645678,-0.003413134519079454,-0.007254903935332148,0.0008057622901651962,0.999967533287344
1741341946.510316,2,0.009128149746309284,-0.0005701857936533323,-0.007196889791879075,-0.0024897205216019716,-0.0063474971149563,0.0007707560583231948,0.9999764579764858
1741341946.5269256,2,0.009077130568828326,-0.0005633645214122658,-0.006953042827982717,0.00022909367573436946,-0.004565727528993893,0.0005100710005493573,0.9999894206819356
1741341946.543676,2,0.009500295099681463,-0.0005473782823648832,-0.006783538371598948,0.0026345809415307016,-0.006302613685750408,0.0006438250698931792,0.9999764604895808
1741341946.5601823,2,0.010125307484254336,-0.0005477775630005072,-0.00682101145188872,0.0033817403522437696,-0.007498845028683678,0.0008343568701434716,0.999965816917778
1741341946.5768569,2,0.010278575995026134,-0.0005826965513352915,-0.007302247838086531,0.001852181286728528,-0.005944771909968255,0.000726994540752228,0.9999803501021194
1741341946.5936933,2,0.009899865991790095,-0.0006215331620431355,-0.007845666878429742,-0.0005628825580670912,-0.0051911030193838355,0.0005190679478746182,0.9999862329958016
1741341946.610183,2,0.009382215479489557,-0.0006200695599900203,-0.00793147892383504,-0.003254858122165739,-0.007235148011042357,0.0005924714101677238,0.9999683532539873
1741341946.6270933,2,0.008926417606357366,-0.0005989786253174056,-0.007654805282544657,-0.0032559476435703653,-0.007029849266501102,0.0007388171779183021,0.9999697166281637
1741341946.6435997,2,0.008982624090674681,-0.0005695280375747896,-0.007073176294102575,-0.0006935875266583983,-0.004772702033972425,0.0005756585980632644,0.9999882043648396
1741341946.660284,2,0.00930861950893053,-0.0005502790513201047,-0.00681466284958972,0.0018835318401731636,-0.005580628920787154,0.0006639020963245636,0.9999824339070472
1741341946.6770282,2,0.009808353679435519,-0.0005526525438293276,-0.006905756216911569,0.003479250005803461,-0.007512060923889226,0.0009024300097236911,0.9999653240888657
1741341946.6937199,2,0.010176934658402232,-0.0005772531087674998,-0.007231698776251639,0.002490870722859899,-0.006459531551561685,0.0006503880822613281,0.9999758232130009
1741341946.710613,2,0.010021584124629914,-0.0006088964907202197,-0.007705665153712599,0.0002841621556241815,-0.004884131838107676,0.0004899447070346059,0.9999879121580628
1741341946.7270577,2,0.009508728701905651,-0.0006202522117052943,-0.007981142913681261,-0.002098373463080895,-0.006491941896082554,0.0006878244463530764,0.9999764889319941
1741341946.7436936,2,0.009153459844020908,-0.0005998257725123865,-0.0076721165110453324,-0.0032669602590547813,-0.007189639840733297,0.0006465675520353674,0.9999686085073005
1741341946.7604277,2,0.00896147192439802,-0.0005820566458619397,-0.007295386767428788,-0.0013106027165696043,-0.0052495836425485954,0.0005311881141877721,0.9999852209064325
1741341946.7770772,2,0.009215676383415262,-0.0005597306786681313,-0.006920617438000644,0.0010751318143332796,-0.004732438747691347,0.0005335713765538663,0.9999880816373099
1741341946.7938619,2,0.009729392454483217,-0.0005503712152268386,-0.0067943752527456795,0.0030132410582590684,-0.006696577476886434,0.0006050991723859351,0.9999728546732718
1741341946.810641,2,0.010102680264859143,-0.0005659860589965471,-0.007041991570803365,0.002712386819962094,-0.006616526624559028,0.0006479480749338594,0.9999742220159766
1741341946.8272119,2,0.010021124077163492,-0.0005964027060853619,-0.007522251215499867,0.0008649674607434717,-0.004931537595298587,0.0005564389781568332,0.9999873109914452
1741341946.84402,2,0.009603484943075927,-0.0006099433417761363,-0.007862387758863672,-0.0012770249973065976,-0.005793322805469944,0.0005712800390490751,0.9999822399708632
1741341946.860635,2,0.009318453479980383,-0.0005975070617815448,-0.007659970445241956,-0.0025407534307997975,-0.00650724188510866,0.000596491332834309,0.9999754219845317
1741341946.8770876,2,0.009087094560013612,-0.0005898064740228176,-0.007383449504452208,-0.002077181354564131,-0.005233576645705429,0.0005341931235936981,0.9999840046874853
1741341946.8939009,2,0.00930263528966455,-0.0005646183399957083,-0.006980040024401015,0.0005269579770665216,-0.004638786119010441,0.0005364813411894158,0.999988958022239
1741341946.9106598,2,0.009575663103891513,-0.0005593395930835746,-0.0069777327702055525,0.0019385379688632975,-0.0057506394806802995,0.0006459576916121388,0.9999813773039812
1741341946.9274828,2,0.009963007751533168,-0.0005673970961786574,-0.007061629657509384,0.0021432764464895202,-0.0059868462187095475,0.0006628193184969264,0.9999795621456363
1741341946.9439368,2,0.009966807586176366,-0.0005941995812865446,-0.007406944083504571,0.0007397589104615169,-0.004935599104294423,0.0005573162295880131,0.9999873909289339
1741341946.9610517,2,0.009667724461458891,-0.0006041370568631091,-0.007677894689972564,-0.0005630817384031346,-0.004884573084495313,0.0005514136792712442,0.9999877598389355
1741341946.9773834,2,0.009216880174288412,-0.0006073892844415442,-0.007811044146003607,-0.002476569108527894,-0.005587605422298524,0.0006416224667581995,0.9999811166175617
1741341946.9939272,2,0.009238386240374472,-0.0005844836742991027,-0.007362893174378482,-0.0013710513705472538,-0.005242814466520171,0.0004863031827445809,0.9999851982023652
1741341947.010924,2,0.009351284277353924,-0.0005676783039524924,-0.007118649158164687,0.000877698946419178,-0.004608902963054632,0.0004191913711781761,0.999988905906776
1741341947.0273566,2,0.009599042233062193,-0.0005587807241568255,-0.007104912491170442,0.0017558268601083555,-0.0054650901081105315,0.0006284340300035669,0.9999833273274198
1741341947.0440962,2,0.009923873816979765,-0.0005687918058110809,-0.007148933842850182,0.0015507297194998538,-0.005509352322675921,0.00055743175713685,0.9999834656353863
1741341947.0608735,2,0.009843185548498744,-0.0006006887621389104,-0.007470289055705657,0.0003771666986228506,-0.004730181479405623,0.0005469561619444839,0.9999885919186329
1741341947.0772839,2,0.009545395059155713,-0.0006072988466014762,-0.00768676178438004,-0.0010276148057905587,-0.004984432768110681,0.0006041037735308604,0.9999868671619752
1741341947.094276,2,0.009287822950632551,-0.0005926633463287697,-0.007584765949386196,-0.0012809248921916271,-0.00560975880568991,0.0005714260779875355,0.999983281515146
1741341947.1108146,2,0.009372085350248855,-0.0005718316733269516,-0.007167003602780459,-0.0007352182028232388,-0.005076256003431842,0.0005513175093043609,0.9999866934755611
1741341947.1274552,2,0.009422551502327176,-0.0005691929737258508,-0.007092432454345918,0.0010564963356575357,-0.004768977555433125,0.0005112149378725693,0.9999879395912012
1741341947.1441712,2,0.009648487966694354,-0.0005678773863001279,-0.007162799134218932,0.001992506593893688,-0.005551829167952696,0.0005191932711276064,0.9999824686206806
1741341947.1607924,2,0.0099570505362155,-0.0005722832127221124,-0.007228437416461178,0.0013299007057510246,-0.005393829576871069,0.0005981660528227547,0.9999843899601543
1741341947.1775527,2,0.00979975669519964,-0.0006037944224569977,-0.007590263504927399,0.00021677432866386317,-0.004785033698003519,0.0005766077944278306,0.9999883619247031
1741341947.1942077,2,0.009489284014048149,-0.0006126190310370228,-0.007737447369997984,-0.0016404391089692195,-0.0055959279022445895,0.0006614148737437848,0.9999827783921118
1741341947.2108538,2,0.009282272601350526,-0.0005932832979908796,-0.007525598022959467,-0.0016947920871221286,-0.005482666655028794,0.0006337223661758172,0.9999833330821539
1741341947.2276883,2,0.00921997684437181,-0.0005754251208116906,-0.007223790694521999,-0.0006036768677436443,-0.004945442476665954,0.00046183907673374536,0.9999874823604626
1741341947.2442162,2,0.009378774079410653,-0.0005656632291804054,-0.007053015801539567,0.0010696520732011152,-0.004811330821122168,0.0005428386975839608,0.9999877060575898
1741341947.2611353,2,0.009732966502886891,-0.0005646976004279427,-0.007062302324680412,0.0021908298877882835,-0.006073615437308338,0.0006441474066322286,0.9999789480454281
1741341947.2775393,2,0.00994440486640801,-0.0005805935684752409,-0.007346521297402789,0.001887268644863991,-0.005678355290580258,0.0005041764230390763,0.9999819699896546
1741341947.2943068,2,0.009922132906497115,-0.0006040818900665384,-0.007607903930918814,0.0004072578416530708,-0.004808881867965094,0.0005756666438619596,0.9999881886323185
1741341947.3110743,2,0.009434606922449983,-0.0006233669239228424,-0.007942260203963264,-0.0019452238851549598,-0.005683968712844832,0.0006300383167565497,0.9999817556612858
1741341947.327709,2,0.009190127586080293,-0.0005969206323958105,-0.007647406847085934,-0.002043357645028779,-0.006382095706801844,0.0006420146895027174,0.9999773404238029
1741341947.3445065,2,0.009056686627922708,-0.0005784353796002415,-0.007305532560369298,-0.001555672916889364,-0.005357107735592784,0.0006014745238668955,0.9999842596295614
1741341947.361119,2,0.009352941547079104,-0.000557013007272765,-0.006899187234847908,0.0009167261474303668,-0.004726983276486594,0.0005526281095101899,0.9999882548532494
1741341947.3776135,2,0.00967825897919253,-0.0005584166087128358,-0.006971124174195439,0.00242051032347407,-0.006473873581914292,0.000709286277725573,0.9999758632105055
1741341947.394609,2,0.009895238693835559,-0.0005806116643052788,-0.007369866542395695,0.002206610471628297,-0.006288921689983574,0.0006281360328240732,0.9999775926386191
1741341947.411144,2,0.009971602950108759,-0.0006026107287402005,-0.007649023512181276,0.0004946962824216392,-0.004825400205194131,0.0005537736779879485,0.9999880819905613
1741341947.4279773,2,0.009605891605417553,-0.0006181117543222228,-0.00791446249423003,-0.0016048010341444,-0.005304905807509631,0.0006399931959456469,0.9999844363772485
1741341947.4444478,2,0.009208405034338372,-0.0006052968011047327,-0.007779315095003989,-0.002810346714764783,-0.00673630942604532,0.000619293089414739,0.9999731699214379
1741341947.4616127,2,0.009142899156649802,-0.0005718958645585681,-0.0072198359738780615,-0.0015818850140406726,-0.006005454358301589,0.0006229969417176129,0.999980521826582
1741341947.4779475,2,0.009210569259254094,-0.0005601092099712559,-0.006945764902557004,0.0004418309573275926,-0.004451015646176809,0.0005053831670509835,0.9999898688651686
1741341947.4945447,2,0.009537321697738167,-0.0005562826550736931,-0.006924310162437809,0.002252870016187634,-0.006103852391795683,0.0006896000724397973,0.9999785957781343
1741341947.511121,2,0.009848721119861492,-0.0005745345388467255,-0.007243103287599194,0.0024695390227766276,-0.006683365056836216,0.0008144345401278772,0.9999742850218258
1741341947.527917,2,0.010079504564895132,-0.0005965835118948092,-0.007491686624687089,0.0010677530017687285,-0.0053324938490639665,0.0007221045435060738,0.9999849513757221
1741341947.544569,2,0.009812540794196902,-0.0006176024942276511,-0.007794192581593887,-0.0010356665624343614,-0.005106759249118663,0.0005774288135400358,0.9999862573959246
1741341947.5613835,2,0.009296539546111926,-0.0006184704828093844,-0.007898353696063181,-0.002488812853908906,-0.006665741221766352,0.0006070037385691683,0.9999745023004356
1741341947.5779293,2,0.009101166809910582,-0.000591734929685686,-0.007456285774834312,-0.002355984135268551,-0.0060553128074314075,0.0005053923552368596,0.9999787633265647
1741341947.5946357,2,0.009068371426958275,-0.0005693610368658083,-0.007130352339431631,-0.0002124169483817972,-0.004451886517012418,0.00038637512840546454,0.999989993099801
1741341947.611432,2,0.009300056399077593,-0.0005614705604728878,-0.007061495073614573,0.0016803994168120278,-0.005544593554576796,0.0007470746493141491,0.9999829376642297
1741341947.628049,2,0.00999130457254073,-0.000549853356861013,-0.006857593932132144,0.002501921656093661,-0.006816059246605888,0.000664017586972033,0.999973420049262
1741341947.644714,2,0.010036146977005366,-0.000587636206097843,-0.007372167549409313,0.0016213156252537551,-0.005642912472891224,0.0006065272584875363,0.9999825803478536
1741341947.6613061,2,0.009729632249765691,-0.0006176365584591719,-0.007864480447003781,-0.0007395802813226418,-0.004842284464563527,0.000554566621425502,0.9999878488051912
1741341947.6780243,2,0.009461023954486286,-0.0006091816346392905,-0.007805878734303325,-0.002400381941379347,-0.006246474340862681,0.0006803076176813404,0.9999773781973219
1741341947.6948104,2,0.009315956081173849,-0.0005843264185207259,-0.007373578461248586,-0.001701544179155253,-0.006294615070285151,0.0005863424429867938,0.9999785691558909
1741341947.7113442,2,0.009250340822690653,-0.0005657638067469852,-0.0070426246500866025,-0.0005821185211779817,-0.004603805475338657,0.0005166008473150042,0.9999890995589588
1741341947.7281864,2,0.009443342020096388,-0.0005517777420824726,-0.006893299057929361,0.0013003196069317528,-0.00510766494210562,0.0005843870917842375,0.9999859396108958
1741341947.744787,2,0.00975189178970859,-0.0005592710170769304,-0.006999019395345859,0.0020865867502322904,-0.006135583055466934,0.0006704173439928918,0.9999787754332029
1741341947.761402,2,0.010058774900338274,-0.0005725276957091621,-0.007151371053414831,0.0018470986208803941,-0.005631698456687385,0.000553282229514945,0.999982282882028
1741341947.7782445,2,0.009925323001935838,-0.0005960734826709527,-0.007495792340418823,6.157600694103231e-05,-0.004902318740086062,0.000615917812063922,0.9999877919877896
1741341947.7947001,2,0.009461854784218907,-0.0006096139108022523,-0.007801663564607946,-0.0017932185492153076,-0.0051806169545182985,0.0005693045988090929,0.9999848106183808
1741341947.8117104,2,0.009402026451401481,-0.000579979768403537,-0.007377048399935706,-0.0010538326783032128,-0.006077216929168079,0.0006335961285928853,0.9999807775287621
1741341947.828205,2,0.009227278729277765,-0.0005762332769219874,-0.007227193638388146,-0.0007617835012344818,-0.004973057955281302,0.0005168881136300784,0.999987210521789
1741341947.8449202,2,0.009445297521664151,-0.0005600516386443759,-0.0069826373329475635,0.001002177700832709,-0.004866037903692546,0.0005695627392465077,0.9999874963784606
1741341947.8616488,2,0.009775125712425342,-0.0005574744122643961,-0.006967859566810546,0.002029426885532776,-0.00580309714807813,0.000525235884094748,0.9999809646274634
1741341947.8780863,2,0.009947873703488513,-0.0005792279719179304,-0.007199567105444901,0.0013431861976435512,-0.005439627501180069,0.0006062197142333382,0.9999841192744737
1741341947.8950243,2,0.00980432585139319,-0.0006002754563392916,-0.0075325727286998665,0.00023837834498639763,-0.004795952382805645,0.0005684230397782709,0.9999883093875419
1741341947.9116795,2,0.009546556466478912,-0.0005974983519931564,-0.0076407817461395765,-0.001295763004154447,-0.005477605924811466,0.0006346372987291723,0.9999839569048439
1741341947.928222,2,0.009316370032650996,-0.0005814928743075627,-0.007467472310948244,-0.0014972200709577393,-0.0058969628517556785,0.0005588799784516532,0.9999813357329994
1741341947.9453106,2,0.009254021357425434,-0.0005752146482332093,-0.007246182287735366,-0.0005393113647634303,-0.004744749267645667,0.0005361753119702221,0.999988454440187
1741341947.9621937,2,0.009473457756403493,-0.0005615561964258916,-0.007038356830712418,0.0009270121888375456,-0.0049271668896400935,0.0006290512811511509,0.999987233903178
1741341947.9784482,2,0.009629394521711052,-0.0005708699347567703,-0.007215384026418063,0.0017898598397390276,-0.005578282298802937,0.0005809248156181402,0.9999826706972014
1741341947.995099,2,0.009953081958084963,-0.0005790126057693989,-0.0072246334280754365,0.0010901375275852588,-0.005235669276488129,0.000605434611610092,0.9999855163032759
1741341948.0116684,2,0.009754791125296342,-0.0006001882733423641,-0.0075651356917988384,-6.643101738531326e-06,-0.00479656757620434,0.0004832274384620048,0.9999883796257829
1741341948.0284557,2,0.009467699347980935,-0.000605788317256734,-0.007651696011490467,-0.001342874196459209,-0.005630590906959791,0.0006011913222535034,0.9999830657085773
1741341948.0450375,2,0.009310410571616273,-0.0005861647295337064,-0.007406975790198794,-0.0016814904558944618,-0.004996386319105848,0.0006345846871331197,0.9999859029085719
1741341948.061842,2,0.009307578707188732,-0.0005723103540496338,-0.007138301765121949,-0.00012684808001241866,-0.0046771681457554925,0.0004885516921850667,0.9999889346012509
1741341948.078527,2,0.009398667545126173,-0.000572070470434854,-0.0071381701106641,0.001095992903041953,-0.004972137637110486,0.0006058514020910815,0.9999868547090771
1741341948.095046,2,0.009749054473913997,-0.0005638664733198155,-0.007144370951782053,0.0019253064550830675,-0.005768952936669717,0.0005767831905423191,0.999981339675006
1741341948.11197,2,0.009974305362164402,-0.000576149431376615,-0.0072970998216504435,0.0013171094350054441,-0.005240435509024907,0.0005395988680929875,0.9999852558370417
1741341948.1284707,2,0.009896167207172887,-0.0005952361281006398,-0.0074856212612152825,-0.0003329063614398044,-0.004970435613793785,0.0005106222153667103,0.9999874615254517
1741341948.145193,2,0.00937914705220033,-0.0006162268916867293,-0.007807068642575236,-0.0016654475123889705,-0.005582068675165025,0.000634498846220469,0.9999828319551808
1741341948.161861,2,0.009269007789296914,-0.0005873762041142211,-0.007422849264871333,-0.0012287708622438084,-0.005994896040014517,0.0006095280320140455,0.9999810897308087
1741341948.1784234,2,0.00923604880569847,-0.0005709231047907398,-0.007144813694268852,-0.00022021772813471922,-0.004574615537468663,0.00048253588877389674,0.9999893957217509
1741341948.195281,2,0.009357909213770577,-0.0005706505481896354,-0.007111424354383743,0.0013478593882872197,-0.005077473042673963,0.0005845583437263371,0.9999860303194805
1741341948.2118428,2,0.009717501303232692,-0.0005645220471594796,-0.007156156606043947,0.002114755504913248,-0.0060727470125432545,0.0006010609681650652,0.9999791439218064
1741341948.2284653,2,0.009893411523088988,-0.0005835018950332727,-0.007447141736097532,0.0015534366592221663,-0.005454339010863161,0.0005688398108993437,0.9999837565889608
1741341948.2452357,2,0.009832383702967702,-0.0006062279778313212,-0.007676275533540754,-0.00022352036574376774,-0.004848575572519091,0.0005042481795101146,0.9999880934727858
1741341948.2617655,2,0.009457368177115767,-0.000613066807584183,-0.007824937402798188,-0.0019363385259554035,-0.00585143761249965,0.000623948840717989,0.9999808107952993
1741341948.278856,2,0.009339212301767761,-0.0005839855737690388,-0.007403944401302003,-0.0015028926737321148,-0.006182327376028224,0.0005249132530600551,0.9999796220963224
1741341948.2951777,2,0.00910464799535528,-0.0005750719499152702,-0.007255371422768385,-0.0005786008593266037,-0.004786959984920466,0.0005205036918293534,0.9999882395863738
1741341948.311889,2,0.009393108391841628,-0.0005556432951567088,-0.006946163959143891,0.00108966504307101,-0.004957391089118822,0.0005992481067996952,0.9999869388173976
1741341948.3288274,2,0.009693161293035761,-0.0005589180655604024,-0.007052816160814579,0.0024145480041950257,-0.006216259269858466,0.0005878562530283768,0.999977591000744
1741341948.3451242,2,0.009886988103421559,-0.0005834528027892776,-0.007400201159595637,0.0017563471698366796,-0.005894091302594718,0.0006001594157149314,0.999980907188238
1741341948.3621864,2,0.009886535403880185,-0.0006062858916850822,-0.0076747009397550355,0.0002858934593081588,-0.004891776292515053,0.0006508061038648319,0.9999877825458915
1741341948.3786898,2,0.009488048854999279,-0.0006207386767112174,-0.007924026291452781,-0.001560229815095809,-0.005516366451538178,0.0004935565940989998,0.9999834457559709
1741341948.3953087,2,0.009201178155463768,-0.0006017867748369821,-0.007710497547963188,-0.0020814553334694416,-0.006460212316747596,0.0006926457666671111,0.9999767264503505
1741341948.41216,2,0.009167883412531021,-0.0005718945233591143,-0.007227395963854674,-0.0012619247195911761,-0.005352458169693192,0.0005911026234098187,0.9999847045506408
1741341948.428771,2,0.00916071569866796,-0.0005708791360004959,-0.007147325269286105,0.0005965668186565296,-0.0046439374694415515,0.0006080507898937534,0.9999888540514077
1741341948.4454935,2,0.0096344688341793,-0.0005566387198529234,-0.006971885396260622,0.002141821022859644,-0.006106462801357984,0.0005630732943851382,0.999978903109074
1741341948.4627328,2,0.009912564623488837,-0.0005782405405532647,-0.0072345719529958155,0.0022018566355544757,-0.006149672091510457,0.0006114861465312079,0.9999784794910418
1741341948.4787498,2,0.00988440343559902,-0.0006055300586098919,-0.007637120520408309,0.0005537148754513542,-0.004876847778180682,0.000567203447210172,0.9999877939434234
1741341948.4954062,2,0.009595031929230167,-0.0006160437594058587,-0.007882436859552337,-0.0010485241524907083,-0.005417582299881279,0.0005686125157878693,0.9999846134210928
1741341948.5126374,2,0.009407896222962862,-0.0005951869888265114,-0.007613392953957015,-0.0019902301622064366,-0.006446354337247733,0.0006968142644244866,0.9999769987102408
1741341948.5289426,2,0.009065774260550882,-0.0005897836954167708,-0.00747468700210042,-0.0016135622012208842,-0.005451113985396052,0.00046656212770870376,0.9999837319142356
1741341948.5454657,2,0.009193837492943365,-0.0005700102743389199,-0.007123694739098197,5.495694093298881e-05,-0.004568662429848861,0.0005541101069830235,0.9999894085765738
1741341948.5622883,2,0.009441047095487265,-0.0005640896568195974,-0.007099811073526486,0.0017042145065157964,-0.0056217366280393415,0.0006833537696248148,0.999982512226002
1741341948.5790098,2,0.00975170296784609,-0.0005755122858306719,-0.007267877780766328,0.0018070411313331348,-0.006068833870329733,0.0006581904028996486,0.999979735116266
1741341948.5955305,2,0.009897994586860378,-0.0005943249658024367,-0.007497424740017541,0.001024276297881608,-0.005072525256739846,0.0005025888546525252,0.9999864837836703
1741341948.6123807,2,0.00956665432149206,-0.0006167684719024977,-0.007877786479671923,-0.0009761877926363387,-0.004949428878228728,0.0006106315051037866,0.9999870885868167
1741341948.6289268,2,0.009341683811367749,-0.0006071225370413748,-0.007752585158870303,-0.002421182312165628,-0.005902941915967622,0.000586473179210925,0.9999794743904287
1741341948.6456158,2,0.009150968120901827,-0.0005928799581941725,-0.00748110471569171,-0.0016455105995500723,-0.0055352462855377295,0.0005720067127167096,0.9999831629341295
1741341948.6624322,2,0.009211432417592437,-0.0005735075064021262,-0.00717561503360795,7.20579465440426e-05,-0.0044833387025745505,0.0004228030908481307,0.9999898578082064
1741341948.6789255,2,0.009345580308566885,-0.0005745138582774083,-0.007200732831051276,0.0015014961127183916,-0.005195249326057769,0.0006187108584661948,0.9999851859356403
1741341948.6959062,2,0.00976999589204461,-0.0005684140072222512,-0.007156702688462013,0.0019795807736670504,-0.005834545031526461,0.0005780744426492775,0.999980852403772
1741341948.712333,2,0.009921775920011155,-0.0005849736668751628,-0.007354817537969744,0.0011770467704144154,-0.005103966675816729,0.0004508570861795576,0.9999861803109883
1741341948.7290342,2,0.00967972799441505,-0.0006030778496506117,-0.007668502861315833,-0.0005655031832790772,-0.00495907938181441,0.0005417098811122246,0.9999873970647027
1741341948.7457614,2,0.009443073012896971,-0.0005998072108056328,-0.007641600790333713,-0.0015129524155047295,-0.006037411470440068,0.0006241385402411708,0.9999804353530162
1741341948.762354,2,0.00920210191742286,-0.000590512715478593,-0.0074671700554310464,-0.001146694869364269,-0.005454931787052886,0.0004959948327540422,0.9999843412770028
1741341948.7792218,2,0.009220916904342288,-0.0005806749796732222,-0.0072478889062213,1.717163116775625e-05,-0.004556236107367243,0.0005610675902986269,0.9999894627548973
1741341948.7957485,2,0.00942512470005492,-0.0005716105083796391,-0.007160613077162926,0.0014609449455848641,-0.005049128676446021,0.00048013458047908365,0.9999860706081157
1741341948.8123856,2,0.00971401380008369,-0.0005744613978425248,-0.007215391429611341,0.0015778642827905733,-0.005613912729233317,0.0006448688824833745,0.9999827890880413
1741341948.8292658,2,0.009935933228377285,-0.0005816691841576962,-0.007286310101335624,0.0008978857273462533,-0.005019093639401832,0.0006140147994563701,0.9999868126560898
1741341948.8457105,2,0.00960929444763477,-0.0006094401233336744,-0.0076849000783061824,-0.00039316754056447663,-0.004809919292027464,0.0004773315371041671,0.9999882410560101
1741341948.8627403,2,0.009371376039505146,-0.0005987242845774857,-0.007660041986040897,-0.0012923515911509593,-0.005159360075200044,0.0005785487660510077,0.9999856879537349
1741341948.8791335,2,0.009184100102812901,-0.0005882311570236012,-0.0074913776466065465,-0.001533350129647841,-0.005546239732237587,0.0006233283331764435,0.9999832496217133
1741341948.8957047,2,0.009302043978694897,-0.0005717451276378465,-0.007163144682937149,0.0003311801840038545,-0.004598940867632995,0.00046236715544696545,0.9999892630819569
1741341948.912786,2,0.0094896374122471,-0.000566931206516796,-0.007117539176780013,0.0013761807701519998,-0.0051518381412861405,0.0005545816554979539,0.9999856284614501
1741341948.9293284,2,0.009786290601175722,-0.0005698622154971436,-0.007168937245167874,0.0016298988131423233,-0.00554059157844594,0.0006083867517674374,0.9999831374280168
1741341948.9458208,2,0.009913505121509337,-0.0005848062848676948,-0.007338465858115216,0.0008850501677121309,-0.005004701336830947,0.0005427572443246943,0.9999869374473366
1741341948.9631011,2,0.009595378082399391,-0.000611149526893894,-0.007711660967401439,-0.0009674621713535312,-0.004979252145321707,0.0006221814501144376,0.9999869418923747
1741341948.9792483,2,0.009312278822930672,-0.0006054265307808226,-0.007721647105899369,-0.0016176588838484657,-0.005955093164933489,0.0006739432183860776,0.9999807327372218
1741341948.99618,2,0.009274912269012897,-0.0005793607809690174,-0.007347071327202947,-0.0009300834367878044,-0.005330935692638067,0.0005694523690931377,0.9999851957871382
1741341949.012658,2,0.009357149200262668,-0.0005678070130580661,-0.007065271897521331,0.000510262523436733,-0.004513348855090911,0.0004085283563231599,0.9999896011553578
1741341949.0291991,2,0.009574667988687023,-0.0005607680429028396,-0.006999163769906937,0.0017045430534527773,-0.005279133117204289,0.0005490315703622216,0.9999844618047045
1741341949.0461092,2,0.00984678643588931,-0.000566393621112424,-0.007120536654133222,0.0018479353921878573,-0.005708754532448391,0.0006829063761434229,0.9999817642814073
1741341949.0625925,2,0.009929473080969897,-0.0005863698152992205,-0.0073839901342797835,0.0009815550531219808,-0.005061316095339476,0.0005486513432079751,0.9999865592150547
1741341949.07947,2,0.009708536510376353,-0.0006028205040575551,-0.007657715938326248,-0.0005820396284045704,-0.004986856176975342,0.0005178467087889626,0.9999872620839364
1741341949.09605,2,0.00945082362647579,-0.0005994192335786291,-0.007607469253885952,-0.0013912432008524244,-0.005940561276096336,0.0005305432672166675,0.9999812461731084
1741341949.1127994,2,0.009193344396460187,-0.000588899500955852,-0.007452465729852678,-0.001463270885446501,-0.0058359679332675935,0.0005929073799943169,0.9999817242217162
1741341949.1294093,2,0.009285286441620553,-0.0005696018000694097,-0.00709121187207715,8.842070158513027e-05,-0.004518189935135811,0.0004267959107595011,0.9999896979403038
1741341949.1460645,2,0.009428020497861131,-0.0005695446317764529,-0.007095164420631258,0.0015872685880193704,-0.005203419555573368,0.0005781582002450355,0.9999850352562552
1741341949.162959,2,0.009802203985154615,-0.0005655466941448043,-0.0071265495237769014,0.002072046218938673,-0.006034536254041882,0.0006918871638704926,0.999979405932351
1741341949.179419,2,0.009932041677311473,-0.0005866075817452113,-0.0074068834974611196,0.0013667835262998736,-0.005270873906535704,0.0005086428898816559,0.9999850454249124
1741341949.196102,2,0.00975245406115957,-0.0006060432321090602,-0.0076971817718100854,-0.0004823200288216855,-0.004879549027711951,0.000533742547964131,0.9999878361698049
1741341949.2128823,2,0.009418559759386295,-0.0006076109523089293,-0.007745002022694185,-0.0013915834110291522,-0.005510725745185366,0.0005627462919203353,0.9999836892239705
1741341949.2294397,2,0.009275418069546956,-0.00058397961233039,-0.007409746758250511,-0.001439374428932775,-0.006009198425253043,0.0006501135503182252,0.9999806973576596
1741341949.2464008,2,0.009266189627012061,-0.0005701581597580553,-0.007101725532823495,-0.00019225732358076801,-0.0047042597087561915,0.00052094647701936,0.9999887807333051
1741341949.2628868,2,0.009425100897604231,-0.0005661713916022725,-0.007018631205223503,0.0013649456996957879,-0.005019045848249099,0.0005283091495698434,0.9999863334023382
1741341949.2794535,2,0.009790184626876329,-0.0005622114216186436,-0.007046163717200934,0.0023486761014392815,-0.006098578276028624,0.0005943362740302636,0.9999784686821888
1741341949.2962878,2,0.009938837618345372,-0.0005810545528932619,-0.007357394023214371,0.0015770676459022066,-0.0054868814393937,0.0005486686898866977,0.999983552840935
1741341949.313128,2,0.009810166339926261,-0.0006058050467385249,-0.007668767192048287,-3.0804911108979134e-05,-0.00476640317845518,0.0005506950712695435,0.9999884885271112
1741341949.3298082,2,0.009472682413642285,-0.0006099047925366064,-0.007808643622993255,-0.0016631947332292792,-0.005666965427917731,0.00052272209008459,0.9999824228693895
1741341949.3462565,2,0.009316975300425781,-0.0005881079454245824,-0.0074823468622230525,-0.001551809215027099,-0.005987218707837191,0.0005975181252357538,0.9999806938498337
1741341949.3630178,2,0.009270982606182972,-0.0005725257801659034,-0.0071535906615682225,-0.0004292115183996015,-0.005031036229064087,0.000490365751958377,0.999987131913888
1741341949.3797615,2,0.009356911131306671,-0.0005638782515124844,-0.0070560737376989145,0.0012110416198927037,-0.004793427414027346,0.0004460759003303899,0.9999876786481484
1741341949.3963938,2,0.009671722252338665,-0.0005599401223270351,-0.007074740180852781,0.002098814614575024,-0.005833959862361336,0.0005713264994999397,0.9999806165499254
1741341949.4131548,2,0.00993592735668953,-0.0005761512774864872,-0.0072542969638256394,0.0018107394954140954,-0.005633954596040583,0.0005613953357991118,0.9999823321506068
1741341949.4297297,2,0.00982613443196402,-0.0006026233887500808,-0.007607897103013698,0.0001889879090253494,-0.0048592092201738555,0.0005598286136465506,0.9999880194088568
1741341949.4464016,2,0.009510040921381748,-0.000612722573621858,-0.007800464225009944,-0.0008646818640722027,-0.005374720122778778,0.0006364836591255036,0.9999849796859087
1741341949.4638464,2,0.00920472579425464,-0.0006025445658159882,-0.007699905643538069,-0.001948089148934273,-0.005858181254990291,0.0005804985322569472,0.9999807746564459
1741341949.4797802,2,0.009156624499546902,-0.0005807623727550359,-0.00735459755205175,-0.0013652345824051075,-0.0049462514346288455,0.0004931835064503853,0.9999867136623912
1741341949.496768,2,0.009361229356327043,-0.0005601772434946923,-0.007055941357644549,0.0009680069108284146,-0.004663482186475756,0.0004969273264785973,0.999988533914139
1741341949.5132287,2,0.009559810590950362,-0.0005661299821884479,-0.007135468614214548,0.0019317472045124687,-0.005524098196877664,0.0005879990811149578,0.9999827033248773
1741341949.5298214,2,0.009806758559693221,-0.0005825869544123408,-0.007294110155571294,0.001678067377332413,-0.005577962074171729,0.0006272804976777864,0.9999828383268152
1741341949.5465622,2,0.009690645070173136,-0.0006129813228034438,-0.007683786362798145,0.00036918931847454553,-0.004747346317856596,0.0005793763121177041,0.9999884952964581
1741341949.5632346,2,0.009487781125956052,-0.0006148948343145683,-0.007811670339492591,-0.0008765374031451339,-0.005192942327153848,0.0004779691188576905,0.9999860181910991
1741341949.5800488,2,0.009248889546966494,-0.0006038129887855655,-0.007700732578703568,-0.0017618446924550831,-0.005616226351742267,0.0005717908967718364,0.9999825133271162
1741341949.5968838,2,0.00915208194680851,-0.000587576333937358,-0.007424206785753979,-0.0008891470189170457,-0.004799563309402248,0.0004753956405909944,0.9999879737319858
1741341949.6131384,2,0.009275699283584871,-0.0005749741559200448,-0.007199557528436494,0.0008592096859587991,-0.0045528245611399345,0.00047531360527880385,0.9999891537532832
1741341949.6300948,2,0.009586908277337896,-0.0005642920798573313,-0.007091964615782536,0.0016548454003589355,-0.005406527542020864,0.0006358491114290943,0.9999838131902664
1741341949.6465783,2,0.00986332339510002,-0.0005738861176291038,-0.007169562915690521,0.0017745564794455194,-0.005491126014440693,0.0005573137374371773,0.9999831938016723
1741341949.6634398,2,0.009748769953117046,-0.0005991453887089096,-0.007547635259074594,0.0006518432685220584,-0.004740066161491587,0.0004885888033590557,0.9999884340101736
1741341949.6800222,2,0.009558707235100607,-0.0006066371137542778,-0.007682028745543179,-0.0008208645853379615,-0.005384236912537635,0.0005379360554869268,0.9999850232873503
1741341949.6966925,2,0.00938094075836198,-0.0005929267031600392,-0.007548381687050387,-0.0015821901682663902,-0.005237575063479151,0.0004528808910386841,0.9999849295767533
1741341949.7133799,2,0.009203803171276047,-0.0005862850085922779,-0.007403835071136416,-0.0011604342665063848,-0.005079075706128931,0.0005411169304714187,0.9999862816932801
1741341949.7300997,2,0.009319179994240616,-0.0005715407628740276,-0.007174243688501791,0.0006611126361839427,-0.0045982799341243085,0.0005001903066010275,0.9999890842211163
1741341949.7468996,2,0.009621319417320034,-0.0005607467927158776,-0.007062214111421495,0.0019208012225497685,-0.005286468881557074,0.0005215618948130606,0.9999840457440398
1741341949.7634737,2,0.009820569469041592,-0.0005746684642627587,-0.007215487443700819,0.0017126017242948242,-0.0054144242848334165,0.0005459259826435792,0.9999837263524938
1741341949.7801547,2,0.009743959649995974,-0.0005984795947317629,-0.007542954824172884,0.000650684437555018,-0.004776921875235497,0.00045011284872571836,0.9999882774440829
1741341949.7970638,2,0.009438900644654484,-0.0006119630456150844,-0.007816054592350585,-0.0008539384678976074,-0.004814290029426292,0.000526347794345272,0.9999879081061955
1741341949.8134925,2,0.009239157291956457,-0.000598413329050652,-0.007683656360417018,-0.0015501436110304657,-0.005725748327432207,0.0006066832626356414,0.9999822222401231
1741341949.8301408,2,0.00934943761524127,-0.0005722882058615246,-0.007212371092573162,-0.0008093425334117423,-0.005087733572045143,0.000526602498227347,0.9999865912208884
1741341949.8468719,2,0.009337779248895211,-0.0005714926669668213,-0.007145747808314842,0.000675942192290882,-0.004655592984924776,0.000537002609233509,0.9999887900293227
1741341949.8634472,2,0.009591857043826556,-0.0005669892630970021,-0.007101568349970882,0.0019389436125984148,-0.005338161931249119,0.0006348896442503978,0.9999836705866765
1741341949.8803759,2,0.00984116531913464,-0.0005714485150173129,-0.007207395551089702,0.0016642206768678772,-0.005428947129835431,0.000676368869774959,0.9999836495802079
1741341949.8968213,2,0.009835821301158582,-0.0005928005363354393,-0.007459518598934291,0.0006565268146125863,-0.004743414128673271,0.0005672907880429639,0.9999883735204662
1741341949.913439,2,0.00941485728041108,-0.0006135603660421849,-0.007851673881215116,-0.0012414775630605758,-0.0053511834087064765,0.0005734710827367131,0.9999847472339286
1741341949.9302392,2,0.009289637359013309,-0.0005995334603257447,-0.007642765473941781,-0.0016234563133409672,-0.005525903604807873,0.0005135006409765015,0.9999832824082814
1741341949.9468334,2,0.009114353378866803,-0.0005899005872529988,-0.007475386781856623,-0.0009130556019868624,-0.004839071585630646,0.000532231828101345,0.9999877331472312
1741341949.9641607,2,0.009238180897027281,-0.0005746964916588419,-0.007235237684121939,0.0005976913301203033,-0.004479349051083161,0.0004887312848571811,0.9999896696160834
1741341949.9802935,2,0.009487670908469513,-0.0005695107116840538,-0.007195972232751141,0.0018499904273275851,-0.005367927398509072,0.0005627598008382558,0.9999837229636639
1741341949.9970436,2,0.009831264873854212,-0.0005694576917727035,-0.00721843253140625,0.0019485293087819226,-0.005521075328829181,0.0006090617712725355,0.9999826748521721
1741341950.0137644,2,0.009906952436118496,-0.0005874004077191751,-0.007413984835962818,0.0007273541726564469,-0.0049090226345252196,0.0005460331381741629,0.9999875370725844
1741341950.030359,2,0.009590039496793762,-0.0006086351335425773,-0.007722041388018427,-0.0011489008145761335,-0.005019808551123646,0.0005513986655836296,0.999986588664338
1741341950.0474613,2,0.009187292605432319,-0.0006120865933893265,-0.007825936893063453,-0.002497339696233359,-0.005579766549916648,0.0005141552173379753,0.9999811823950001
1741341950.0639498,2,0.00908767343630232,-0.0005913945504660708,-0.007532991372078194,-0.0014332473587663666,-0.005272266592516266,0.0004878493356702595,0.9999849553918356
1741341950.0803447,2,0.009262782984640918,-0.0005683252509051058,-0.007169630762684497,0.0004310396939471216,-0.00464046313895193,0.00047708429820889694,0.9999890262883941
1741341950.097195,2,0.009464362738310788,-0.0005675520612980063,-0.007158064807470111,0.0018393230179252185,-0.005236519155514171,0.0005953948605700809,0.9999844205101045
1741341950.11373,2,0.009833321198075033,-0.0005663138880241819,-0.0071670026740762996,0.0020393477022955086,-0.005725366231753084,0.0006373071302855916,0.999981327366708
1741341950.130583,2,0.009939186579041527,-0.0005841826595990165,-0.007385967251419654,0.0012129614429926563,-0.0050220512441432556,0.0004721408158084261,0.9999865423138898
1741341950.147201,2,0.009573468894054,-0.0006143843371990358,-0.007804725731841351,-0.0006520776291891979,-0.004819151793284084,0.0004998352027282399,0.9999880502963667
1741341950.1638167,2,0.009357252260138837,-0.0006040152328765274,-0.007710420199278026,-0.002144201834836703,-0.006161703716433487,0.0005664654778395532,0.9999785572314362
1741341950.1805086,2,0.009167452039993265,-0.0005907085775759607,-0.007511109823472376,-0.0014520176909630005,-0.0053564413267685245,0.0005056701437788876,0.9999844721187643
1741341950.1971736,2,0.009361640553146677,-0.0005661698079470683,-0.007051665741398044,5.155186495765032e-05,-0.00455703356651947,0.0004771989671599262,0.9999895014792028
1741341950.213986,2,0.009510007973601261,-0.0005633453557890875,-0.007040871263372548,0.0017090369176825757,-0.005205396705147959,0.0005703954970800722,0.9999848287283828
1741341950.230557,2,0.009777556931871552,-0.0005667351854143773,-0.007153778935188364,0.0022869608545695503,-0.0057335962794131355,0.0005422276586760353,0.9999808006521528
1741341950.2471743,2,0.009929439693098849,-0.000584653299529591,-0.0073571055521421585,0.001452946397909841,-0.005150928815809351,0.0005130000394546558,0.9999855467505812
1741341950.2639534,2,0.009658867068933479,-0.0006088927787507989,-0.007735886487718746,-0.0005690424114746526,-0.004767641205897587,0.0005261465084491497,0.9999883344109157
1741341950.280502,2,0.009385943863594523,-0.00060615937130558,-0.007754416930797549,-0.0015176903829472919,-0.005369305091915884,0.0005521640158956674,0.9999842810232723
1741341950.2973619,2,0.009464011642676361,-0.0005741928728625272,-0.007228444892524652,-0.0010662697098750569,-0.005585422359614831,0.0004895676486069619,0.9999837130921123
1741341950.313899,2,0.00926816966669669,-0.0005766669271765472,-0.007192873149597917,-7.936280496913179e-05,-0.004556342989321725,0.0004936025382809668,0.9999894948431424
1741341950.330579,2,0.00941228981104593,-0.0005691621895069748,-0.007120710873541714,0.0014691898962559745,-0.004960143897667743,0.0005627456730473155,0.9999864607937802
1741341950.3474844,2,0.009737516347662322,-0.0005677329272910256,-0.007128249639569629,0.0023127849798156926,-0.00564621677194231,0.0005527765501576294,0.9999812326738372
1741341950.3639972,2,0.009977714212174887,-0.0005763319951808541,-0.007232503910150698,0.0016314898038611643,-0.005208659735696992,0.0005372407444900653,0.9999849596254736
1741341950.3811486,2,0.009738484019296369,-0.0005995383504960601,-0.007620323133757873,4.622139086607282e-05,-0.004727996180192128,0.000519181017690326,0.9999886871193964
1741341950.3975923,2,0.009460045503838605,-0.0006018727280754198,-0.007690389356065107,-0.001758638330644958,-0.00559996178086595,0.0005115775298014688,0.9999826428032168
1741341950.4140174,2,0.009392032051816436,-0.0005844735459601408,-0.007374450341868379,-0.0009774678090156048,-0.005415873232129219,0.0005727601607032801,0.9999846922926442
1741341950.4307137,2,0.00917888496537214,-0.0005832243698912016,-0.007339765833024479,-0.0005103626352838576,-0.004639161391067044,0.0004407744558499989,0.9999890116543517
1741341950.4475753,2,0.009407785494425022,-0.0005682021826592671,-0.007127183869983694,0.0013528935888695872,-0.0048595203599236724,0.00048027243415876386,0.9999871619571912
1741341950.4651098,2,0.00979065576473984,-0.000556556314928989,-0.00701763844141743,0.002036320037516787,-0.005561449012184875,0.0005768956811738816,0.9999822952817529
1741341950.480749,2,0.009880203438025908,-0.0005783073774044937,-0.007277660180800125,0.0014258257574779362,-0.005177191371556876,0.0005841030760770202,0.9999854111605869
1741341950.4973862,2,0.00977090987351634,-0.0005939436414782081,-0.007530613411625151,-2.5706337837067753e-05,-0.00475133366534499,0.0005663894112829412,0.9999885516197771
1741341950.5141184,2,0.009547514023078687,-0.000593597896389405,-0.007585508256968535,-0.001477156483006534,-0.005358810687887919,0.0005522509722569967,0.9999843979660881
1741341950.5307493,2,0.009332548232676862,-0.000588044657377805,-0.007477044117250588,-0.001679588032287718,-0.005505447898435738,0.000641975635694234,0.9999832283067365
1741341950.5476894,2,0.009338174573610476,-0.0005710252786862562,-0.007203891867816272,-0.0002524799319216368,-0.00489548560725188,0.0004584136518305625,0.9999878800922923
1741341950.5641432,2,0.009405567738279566,-0.0005668618940767675,-0.007146602218624335,0.0010082783995633774,-0.004764083830798762,0.0005373014553154763,0.9999879990215224
1741341950.5808072,2,0.009873228397459416,-0.0005458490290770558,-0.006904394195750511,0.0020202713477193287,-0.005484383406208807,0.0005595536150589218,0.9999827633224921
1741341950.5977046,2,0.009834156291327204,-0.0005781913608040223,-0.007294808780986005,0.0012875140413956718,-0.005143951733017579,0.0006050341769243995,0.9999857578994845
1741341950.614232,2,0.009853118019513024,-0.0005860760254073863,-0.007404173646078175,-0.00012430809669491014,-0.0048028287967468485,0.00043283645328950134,0.9999883649501383
1741341950.6310174,2,0.009428291964554624,-0.0006055449309292669,-0.007719168858313966,-0.001427106426131682,-0.005832666238743904,0.0005839298366321251,0.9999818010332696
1741341950.6477199,2,0.009274846841399289,-0.000592720455933694,-0.007548857210098111,-0.0015772463244224523,-0.005366939902552866,0.0005517417651708875,0.9999842017907777
1741341950.6643133,2,0.009338704385625495,-0.0005714036639833752,-0.007193715503620872,-0.0005151772622195458,-0.004591223469305684,0.0005147081434622003,0.9999891951091124
1741341950.6811063,2,0.00956487094844582,-0.00055506256221365,-0.006964149311294561,0.0009483458781627844,-0.004848119385599426,0.0005258661502400824,0.9999876598455155
1741341950.6977081,2,0.009702232829689865,-0.0005643513576633119,-0.007097677085159425,0.0020600576680527183,-0.005325753845630042,0.0004674673379630127,0.9999835868566384
1741341950.7143116,2,0.009924221662478298,-0.0005723782542987225,-0.007182527826688872,0.0014394752542946673,-0.005136948135595077,0.0005879581184090753,0.9999855968863228
1741341950.7311537,2,0.00977389366098065,-0.0005938066233249418,-0.007493597201179602,5.91879287187608e-05,-0.004721857054613543,0.00042345505114966116,0.9999887605611198
1741341950.7476978,2,0.0094597079924134,-0.0006036361085387264,-0.007695876970091429,-0.0014250741254786604,-0.005783035669248743,0.0005889531030799318,0.9999820892378161
1741341950.7646537,2,0.00939447442770846,-0.0005830267831453349,-0.007415389935053764,-0.001445516364944258,-0.005306733610872643,0.0005521133098174725,0.9999847219991489
1741341950.7811227,2,0.009339123814797939,-0.0005764556311826013,-0.00720868089883732,-0.0005386574579164505,-0.004977040467235349,0.0004986592918276203,0.9999873450475467
1741341950.797614,2,0.009448778423417393,-0.0005693888133443965,-0.007083334492419334,0.0009869488262875127,-0.004740565105121755,0.000563836454905006,0.9999881174608779
1741341950.814516,2,0.009694380084966838,-0.0005671949411359783,-0.007091328552872168,0.002058676861356758,-0.005352487195271589,0.0004604965032377398,0.9999834501997398
1741341950.8310928,2,0.009906454321328436,-0.000577380532002142,-0.007211968140452299,0.0016757490658480076,-0.0052994390888023634,0.00048500353537312915,0.9999844361698752
1741341950.8480172,2,0.009780945469382954,-0.0005999954537014155,-0.007517619606086442,0.00034145864301190994,-0.004755128267051789,0.0004922544218460039,0.9999885148574174
1741341950.8646004,2,0.009481482406718538,-0.0006094571829789758,-0.0077226304769420166,-0.0013866687065024982,-0.005142059802574528,0.0005518013639721555,0.9999856658403359
1741341950.8811722,2,0.009204161299621098,-0.0006008738032564052,-0.0076605440493234265,-0.0018297078246971396,-0.0054280173145287445,0.0006378543183056251,0.9999833908316569
1741341950.8979738,2,0.009327982295363722,-0.0005703886923878489,-0.0072147015283486,-0.0008119826284966426,-0.005067573137889533,0.0005300974728361126,0.9999866896031029
1741341950.9145668,2,0.009387054678219075,-0.0005678711738499739,-0.007124823901752808,0.0009828757203196455,-0.004659568513353149,0.000540753807154452,0.9999885149150004
1741341950.9314616,2,0.009899410610901558,-0.0005472904365974089,-0.006819482438094508,0.002165632466792428,-0.005542752751788124,0.0005457077097200419,0.9999821449061213
1741341950.948004,2,0.009875526169618364,-0.0005774607638930891,-0.007232790529868762,0.001735934068708036,-0.00535367049708159,0.0006262221461722176,0.9999839661669289
1741341950.9651926,2,0.009877881749875883,-0.0005905204416477814,-0.007426839896441,0.0004578200957391885,-0.004816834720295188,0.0005623933877810555,0.9999881360384805
1741341950.981201,2,0.0095308554267173,-0.000606468215094131,-0.007704526137652184,-0.00114007726178943,-0.005039329489400177,0.0004654895070424332,0.9999865442602981
1741341950.9979293,2,0.009417095680736043,-0.0005856262931117199,-0.007461671719876971,-0.0015009203208354697,-0.0056201817853235875,0.0006205553835573328,0.999982887706538
1741341951.014717,2,0.009241510458894922,-0.000579876003958056,-0.007325841532313456,-0.0011902837409202914,-0.00481885829043986,0.000491454157803451,0.9999875600737258
1741341951.0312867,2,0.009368955732238376,-0.0005676415591541863,-0.007123385612067411,0.0007734474929287256,-0.004620007907180741,0.0005112889663550398,0.9999888978831246
1741341951.0480254,2,0.009704299134888334,-0.0005586201010286923,-0.006994472053650086,0.0020095164755728917,-0.005391140826307185,0.0005539762243575129,0.9999832951377079
1741341951.0648336,2,0.009913890969762314,-0.00056831951723388,-0.0071436592636928715,0.0018356239848787953,-0.0054899935239289994,0.0006503002524797047,0.9999830336387089
1741341951.081292,2,0.009892275439342275,-0.0005885907739617094,-0.007411420059656814,0.0008050132702467731,-0.004879583929322396,0.0004861205350810714,0.9999876525743389
1741341951.0982146,2,0.009563839395004875,-0.000609025751237363,-0.007710582948691716,-0.000802269097382057,-0.004999758056365668,0.0005463048661030753,0.9999870300832239
1741341951.114724,2,0.009319777432968631,-0.0006006547905385127,-0.0076508375099565915,-0.0016591600396401627,-0.005630258758262418,0.000474682258810008,0.9999826608751928
1741341951.1313174,2,0.00920580749422845,-0.0005862357242011662,-0.007416991095905581,-0.000834262929278384,-0.004901992484358327,0.0004711966232026083,0.9999875261465968
1741341951.1482906,2,0.009301227560909519,-0.000573349790826972,-0.007197100228600279,0.0006410367583539816,-0.004622263645619575,0.0003711814774600446,0.9999890429274592
1741341951.1647835,2,0.009525622909908635,-0.0005709016131300158,-0.007151226439727893,0.0017990923735460328,-0.005182696623432343,0.0005554741650116142,0.9999847970698319
1741341951.1816852,2,0.009920341525862027,-0.0005643169218454927,-0.007081792395009956,0.002145955130389825,-0.005536866845955021,0.0005709891010557556,0.999982205818461
1741341951.1982276,2,0.009859335952495576,-0.0005878018323586885,-0.00742363806550232,0.0008955825536001434,-0.004857741576988818,0.0004943039492499672,0.9999876778952163
1741341951.2150502,2,0.00970254490985185,-0.0005964682417801686,-0.007575998562439719,-0.0005521844919587007,-0.005138626458384384,0.00044365428745832286,0.9999865463001396
1741341951.231645,2,0.009353650863246556,-0.0006025307064873072,-0.00766686472766914,-0.002147848047864333,-0.005867057374328176,0.0005879695058259663,0.9999803091453301
1741341951.2482681,2,0.00933206984265643,-0.0005803983707875727,-0.0073157151889008945,-0.0006683109643415716,-0.005308346910150929,0.000546391056063555,0.9999855380306009
1741341951.2650573,2,0.009387206958181661,-0.0005704008701905855,-0.007116816623129858,0.0003882622865578575,-0.004692922345095896,0.00044231710753950856,0.9999888149813658
1741341951.2816107,2,0.009575937469156151,-0.0005660945643054576,-0.0070639119054661985,0.001685972895949542,-0.005079618028483259,0.0005886639808530054,0.9999855041203329
1741341951.2983418,2,0.00979156962403986,-0.000571844913594811,-0.007174156055197342,0.002140321394254267,-0.00538308480237483,0.0005934330777122406,0.9999830444860163
1741341951.314941,2,0.009847010028102239,-0.0005865415187426154,-0.007389004705735631,0.0008618627326813161,-0.004911952716111198,0.0005499695589612198,0.9999874136441063
1741341951.3316197,2,0.009601809041992213,-0.0006070185493366022,-0.007671056527873448,-0.0003611049317470764,-0.00479198814097993,0.0004416256801323234,0.9999883556420263
1741341951.3484087,2,0.009413706452626515,-0.0005967879753210522,-0.007602635185917638,-0.001203415439870827,-0.005200522159370268,0.00048677583545042634,0.9999856346017351
1741341951.3649623,2,0.009292184955497475,-0.0005869289280841343,-0.0074330851509623735,-0.0015955539951897821,-0.005077604363403127,0.0005794092606375563,0.9999856681104414
1741341951.3817818,2,0.009405452049390717,-0.0005716265250434422,-0.007122723529622742,2.2163979856202417e-05,-0.004706507496382558,0.000573958083368569,0.9999887593708557
1741341951.3982873,2,0.009522401332896292,-0.0005681190669966013,-0.007118174772170792,0.0014845187862809592,-0.004971877946712289,0.0005536695801543193,0.9999863849491413
1741341951.4150229,2,0.00981775914121837,-0.0005666299717183737,-0.007103099590072439,0.0019819227859466555,-0.005452895776839764,0.0005469010426697318,0.9999830192603106
1741341951.4320056,2,0.009848691175846951,-0.0005874492289191343,-0.007346759474141537,0.0011662164520055572,-0.004932188181366554,0.00048763356515597016,0.9999870377522085
1741341951.448382,2,0.009658656952665334,-0.0006009871668307916,-0.007587018350568245,-0.0006472076947680976,-0.004932778120279795,0.000509431228566392,0.9999874945728269
1741341951.4657195,2,0.009452170884560311,-0.0005963506983674784,-0.007565504560850759,-0.0015227414675098466,-0.005474891003791979,0.000493263294090389,0.9999837316267912
1741341951.4819655,2,0.009381500485714163,-0.0005805462261467372,-0.0073249747318682645,-0.000808485566015197,-0.005462199727648338,0.0005615189408027605,0.9999845975922349
1741341951.498516,2,0.009335075438187729,-0.0005751103259259477,-0.007211295402997478,0.00016284265343823268,-0.004605141371153495,0.00045955094432209136,0.9999892774265889
1741341951.5154595,2,0.009583098308280023,-0.0005622694804069705,-0.007040538807580072,0.001484688522498178,-0.005007163395328483,0.0005086843626704301,0.9999862325326998
1741341951.5318725,2,0.009832643496268922,-0.000563452066520835,-0.007067816517827698,0.0019461305325916291,-0.005360374441814059,0.0005357093872042622,0.9999835958540751
1741341951.548508,2,0.00991923968568853,-0.0005783880864121203,-0.007245155651184867,0.0010809557361161814,-0.00493660866060423,0.0004706141143277271,0.9999871198930433
1741341951.5654175,2,0.009757066849139398,-0.0005946188224321607,-0.00746632629877518,-0.0004490610201087795,-0.004984109793374726,0.0004991740267322023,0.9999873538295666
1741341951.5819354,2,0.009424266858824542,-0.0006007195484502484,-0.007604302723524123,-0.001332012462855102,-0.005394795172013011,0.00044079388540342086,0.9999844636936124
1741341951.598683,2,0.009348753751788397,-0.0005830522204520401,-0.007359597457800327,-0.0012170278591764718,-0.004902112461278421,0.0004633431462465817,0.999987136642135
1741341951.6152046,2,0.0093940216090967,-0.0005712003693165977,-0.007142656106476399,3.1655759764875356e-05,-0.004611873899412775,0.0005380537591576144,0.9999892199994964
1741341951.6318393,2,0.009430054854996001,-0.0005738981227085805,-0.007206172855015869,0.0015428418542280137,-0.004917415079014899,0.0004975426783939473,0.9999865954697776
1741341951.6487315,2,0.009794991574496158,-0.0005663072869375189,-0.00710146410860242,0.00180602939395892,-0.005334609913163458,0.0005723822297615109,0.9999839761583611
1741341951.665261,2,0.009910311075012397,-0.0005794202574934322,-0.007251433763065449,0.001241445561866498,-0.004930735988321737,0.0004893246337763142,0.9999869535233614
1741341951.682048,2,0.009730571223588245,-0.0005924843836571047,-0.0075061286520485375,-0.0004368555015701357,-0.004841981506699598,0.00046509760954131476,0.9999880739571714
1741341951.6988196,2,0.009342430962409953,-0.0006098763715639879,-0.007734888484034374,-0.0014194422970123985,-0.005067837773685748,0.0005007158376248245,0.9999860256461162
1741341951.715321,2,0.009368047543756577,-0.0005855313505279052,-0.0073617672690662736,-0.0014123405278096556,-0.004891988395030559,0.0005158092500502364,0.9999869037565412
1741341951.732187,2,0.009364890133871753,-0.0005752193390184754,-0.007173881851880039,-2.8572467387594207e-05,-0.00461859743773667,0.0004887348003387589,0.9999892143816438
1741341951.7488964,2,0.009520698979658493,-0.0005673198013898407,-0.007080176174760624,0.001335673663050449,-0.004880060625717618,0.0005881920008672053,0.9999870274230188
1741341951.7653728,2,0.00993472794949328,-0.0005538662800655763,-0.0069138595469416175,0.0020337482706291256,-0.005431695829150066,0.0005164586258794074,0.9999830467657334
1741341951.7821069,2,0.009920363164935293,-0.0005759341968298229,-0.007235826983187261,0.0013134941154977324,-0.004996730700009951,0.0005075432698259445,0.9999865248168844
1741341951.7987642,2,0.009745622580340821,-0.0005964593154611778,-0.00751361401591584,-0.00017489074407734518,-0.004846706316102134,0.00045973137000650694,0.9999881336786854
1741341951.8155491,2,0.00945907047065701,-0.0006024846939884389,-0.007619391530484466,-0.00130846279101948,-0.005075653003021733,0.0006037114958307651,0.9999860805051974
1741341951.8321548,2,0.009299493439884147,-0.0005920709177843403,-0.007461694293787568,-0.0011978637411946176,-0.005611552836079136,0.0005708386771055136,0.9999833747320153
1741341951.8488092,2,0.009259955275849158,-0.0005808586414550747,-0.007295808260718389,-0.0005703878457337855,-0.0046347744961059935,0.0005062068952902386,0.9999889685779813
1741341951.8655584,2,0.009472407329423081,-0.0005683229191737246,-0.007109933091855576,0.0011804235936432028,-0.00481423983673626,0.0005709998008720431,0.9999875517496012
1741341951.8821428,2,0.009840255954303934,-0.0005582380194658356,-0.006986463565069716,0.0020616158317302313,-0.005410478069161126,0.0005568440791292479,0.999983083052857
1741341951.8989651,2,0.009859690341372757,-0.0005856112755493159,-0.007291581166435265,0.0012999620885941823,-0.005122153038999856,0.000538379051820258,0.9999858917978842
1741341951.9156222,2,0.009723574926855275,-0.0006040984744625965,-0.007555601215402728,-5.762988055446097e-05,-0.0046522844724258584,0.0005660043407387858,0.9999890162232137
1741341951.9321415,2,0.009388706717393844,-0.000612144487321611,-0.007762931838424264,-0.001420911436853373,-0.005774379192927946,0.0005533938259128117,0.9999821654964144
1741341951.9489372,2,0.00936926039458264,-0.0005881656205440608,-0.007446974373239074,-0.0012635552416111278,-0.0052202738310546505,0.0005514572585536508,0.9999854239258552
1741341951.9660172,2,0.009361736873839132,-0.000571501670941962,-0.007204011757491714,-0.00042587149258998896,-0.004709933946424558,0.0005870257662844601,0.9999886452137553
1741341951.9823773,2,0.009530654464987267,-0.0005613594379276715,-0.007028164199859005,0.0010646427945324873,-0.004826982995279768,0.00048308089843178545,0.9999876666258084
1741341951.999216,2,0.009773289004199659,-0.0005632577516634766,-0.007025036414860341,0.001953846697846587,-0.005414290972694595,0.00044393716375034633,0.9999833352892131
1741341952.0158927,2,0.009925064518508015,-0.0005736449677029839,-0.007178827808559888,0.0015171806970207633,-0.005156691385175293,0.000501929490308049,0.9999854272755565
1741341952.0324333,2,0.009754942137449001,-0.0005979005484846762,-0.007525133500062033,0.0002480986374949712,-0.004682661332917976,0.0004468233614103317,0.9999889056778535
1741341952.0490217,2,0.009498485377642023,-0.0006048988392699176,-0.00768697833260122,-0.0009712408082541231,-0.004799621321883215,0.00044754384069011687,0.9999879099424
1741341952.065887,2,0.009358965119469353,-0.0005922994992002906,-0.007514145065372342,-0.0016065385181253439,-0.005309958047837754,0.000512920465011945,0.9999844800256235
1741341952.082306,2,0.009340984212151618,-0.0005787495862320869,-0.007260768921218555,-0.000992115818182602,-0.004746630883408649,0.0004999771332003539,0.9999881175415667
1741341952.0989525,2,0.00948437653918062,-0.0005672155213974445,-0.00707246727804899,0.0006107082199035062,-0.004715104244812005,0.0005712172266153779,0.999988534203423
1741341952.1157672,2,0.009721964455810516,-0.0005626911628872211,-0.007038748762497076,0.0019900594466422472,-0.005252910759431716,0.0004975680752133943,0.9999840993825665
1741341952.1324246,2,0.009859284790506084,-0.0005726679620036619,-0.007217924840311328,0.0016327777946338405,-0.005223603949811678,0.0005760215873431257,0.9999848579841496
1741341952.149179,2,0.009839826182357576,-0.0005866540030913869,-0.0074107679094299675,0.0004708149643761537,-0.004842581683028274,0.00039208633436967495,0.9999880869311488
1741341952.1658232,2,0.009613265578705954,-0.0005950134199481764,-0.007566488440960052,-0.0009279099136737579,-0.005493476384556326,0.0005633087889242952,0.9999843215688998
1741341952.1823773,2,0.009360279403941945,-0.0005967561655782895,-0.00755273253684562,-0.0019020440008662848,-0.0052684280723912,0.0005577162573057763,0.9999841572979249
1741341952.1991215,2,0.00927560652978113,-0.000586358126271507,-0.007358605693684444,-0.001027766710525659,-0.004772025189968899,0.000509888521379438,0.9999879556699025
1741341952.2157643,2,0.009425504959858258,-0.0005712068168126155,-0.0071395038286025956,0.0004796674937311401,-0.004648065842923533,0.0005661585784873831,0.9999889223723827
1741341952.232643,2,0.00969936045427496,-0.0005640709975895977,-0.007042235330643494,0.0018332179421269908,-0.005270410396430093,0.0005464974124640918,0.9999842815898699
1741341952.232643,92,-9.521515920787705,-0.4776561046839334,-11.6766513816419,-0.15778426198280454,-0.2345528168357015,0.05727579257261476,0.957501220035859
1741341952.2490544,2,0.009820533976603537,-0.0005755350341497367,-0.007226992153905102,0.0016269901595192238,-0.00521674532528593,0.0006238330044756413,0.9999848745374174
1741341952.265775,2,0.009827075792445638,-0.0005856853955409058,-0.007406262190081886,0.000648393961769152,-0.0048114271745556235,0.00041757418866881834,0.9999881276223289
1741341952.2826703,2,0.009576470042004069,-0.0005975049510924717,-0.007608132207920659,-0.0006689549347350269,-0.005364085914293035,0.0005073970103079466,0.9999852607063133
1741341952.2990782,2,0.009355452614047287,-0.0005937431044230641,-0.007571360383085731,-0.0014964036556300501,-0.005281645026412349,0.0005077863217966937,0.9999848034620156
1741341952.3160183,2,0.009389287107858559,-0.0005786454594765328,-0.007262123484421531,-0.0003970008203958558,-0.005177769447330604,0.0005461965473499219,0.99998636728869
1741341952.3326068,2,0.00940659839493391,-0.0005737992710830192,-0.007171721914639694,0.0006855504398143679,-0.0045501192692006,0.00045154181632956495,0.9999893112154842
1741341952.3491096,2,0.009590800817311174,-0.0005710100620792912,-0.007155881466590685,0.0014492869375210113,-0.0050601938829698875,0.0006217009807684527,0.9999859536479151
1741341952.3659391,2,0.00983510576781015,-0.0005698476645756885,-0.007182435673852673,0.0016672951298556124,-0.005171593429301023,0.0004923390064819297,0.9999851160645615
1741341952.382506,2,0.009839370672607782,-0.0005842102344628099,-0.007362125353694368,0.0004456337928509552,-0.004796589112617434,0.00046239161826077573,0.9999882901001385
1741341952.3993852,2,0.00955349415976922,-0.0006017879801655891,-0.007626403849115624,-0.0003823815250621168,-0.005173193893041007,0.0005577368952956752,0.9999863902968229
1741341952.4159307,2,0.009508550368546547,-0.0005861278532023312,-0.007401225879688106,-0.001290466523846394,-0.005340583014078713,0.00047358362207720097,0.9999847941782782
1741341952.4326262,2,0.009337649945798073,-0.0005835207453442677,-0.007326024695982843,-0.0007412806430958351,-0.004491536534394799,0.0005642572527644546,0.9999894790528153
1741341952.4494126,2,0.009357320642532458,-0.0005720350732104412,-0.0072275988825051245,0.0003545749509435482,-0.004572135647632841,0.00043143982597416275,0.9999893917996833
1741341952.4667754,2,0.009546468657280873,-0.0005698458706588835,-0.007190437602991504,0.0015176132870402543,-0.005061544824978921,0.0005784558563754619,0.9999858714015503
1741341952.4828827,2,0.009854262420378684,-0.0005650890836772851,-0.007138573573650035,0.0017414907074242208,-0.005279787592487455,0.0005278067536425833,0.9999844061149779
1741341952.49933,2,0.009809721215025576,-0.0005886797595625929,-0.007388729098040156,0.0005909393936827576,-0.004855830812011367,0.0004658263163431195,0.9999879272789253
1741341952.5159476,2,0.009543514395303147,-0.0006064988694421921,-0.007646534934344457,-0.0005757188869557247,-0.0049430983282062885,0.0005715062148266734,0.9999874537749598
1741341952.5328958,2,0.009297000751124804,-0.0006007868563770441,-0.007676262423294962,-0.0017340666976315888,-0.0051996478208702155,0.0005666894336330214,0.9999848176539047
1741341952.5493562,2,0.009225479333552585,-0.0005876678479900204,-0.007468623253048294,-0.0007369016051697784,-0.004441576586262549,0.0005179676293911126,0.9999897304887624
1741341952.5664446,2,0.00934791131375967,-0.0005710246380335599,-0.007231616465225914,0.000350534590839773,-0.0046083830508205584,0.00042002315985073405,0.9999892316978731
1741341952.582809,2,0.009566686353945439,-0.0005662968257101823,-0.007146946310102806,0.0015756333631879438,-0.005093632598389114,0.0005185946012197733,0.9999856515701099
1741341952.5994663,2,0.009827316148286238,-0.0005672355677219993,-0.007152319377486324,0.0015961048355197787,-0.005235112121157864,0.0005159960342281698,0.9999848897851036
1741341952.616172,2,0.009883470242880985,-0.0005809696054250098,-0.007298274605030984,0.0007036040098909954,-0.004872447322085736,0.0004949992895819683,0.9999877595121822
1741341952.632887,2,0.009574002798077417,-0.000600774223862259,-0.007626223786866562,-0.0006479427887990894,-0.0048364664882980645,0.0005308675526344904,0.9999879533982855
1741341952.6496155,2,0.009405100824522778,-0.0005938537996948032,-0.007568188331172109,-0.0012515950109105165,-0.005246497167816092,0.0005215283310230215,0.9999853177850146
1741341952.6661677,2,0.009288921136804981,-0.0005864451296889157,-0.0074120872711580955,-0.0013926113480869772,-0.005155655796198134,0.0005131887296373949,0.9999856081385732
1741341952.682918,2,0.009329231060565102,-0.0005756723842879552,-0.00724980305374208,-2.8344818237447807e-05,-0.004560091991721149,0.0005216922241566178,0.9999894662419309
1741341952.6996891,2,0.009573008484951148,-0.0005663728126848728,-0.007110438470810411,0.0013195388276947902,-0.005045534494436065,0.0005826280059997827,0.9999862308769828
1741341952.716237,2,0.009818713380996179,-0.0005672500790532565,-0.0071305420952712485,0.0017377098066385399,-0.00533528378825629,0.0005532112769301019,0.99998410440807
1741341952.7331486,2,0.00983234401029333,-0.0005825088768697528,-0.007351838847030073,0.0007049645057057698,-0.0048494899515855675,0.0005316062600526188,0.9999878513597249
1741341952.7496617,2,0.009551901571321037,-0.0006052648621415954,-0.007679496738810226,-0.0004997766046786581,-0.004773393610016705,0.0006015540253855477,0.9999883014663441
1741341952.766382,2,0.00942512391646969,-0.0005982303593765366,-0.0076022613064277945,-0.0015416870847768727,-0.005492314425181982,0.0005201883901954267,0.999983593409025
1741341952.7831714,2,0.00935459861736315,-0.0005822538651070216,-0.007355429617513741,-0.0008432555566615093,-0.004778332700346707,0.0005546075320447304,0.9999880743624678
1741341952.79966,2,0.00938467949407541,-0.0005717566135553549,-0.0071812839584545,-6.457117325281136e-05,-0.004671147115748933,0.0005425291158228855,0.9999889408775205
1741341952.8164203,2,0.00961552934638788,-0.0005626552344955864,-0.007031840382458492,0.0014634831846930276,-0.005031839139243382,0.0005449940998392763,0.999986120800322
1741341952.8330615,2,0.00976328172445027,-0.0005717928114238633,-0.0071671428654458596,0.0017592479415393554,-0.005325968639379327,0.0005491101104803084,0.9999841186653011
1741341952.8497431,2,0.00981861017506371,-0.000584868566840674,-0.007360621543899653,0.0010116067758787926,-0.004903403289922939,0.0005172675559129486,0.9999873327808623
1741341952.8665748,2,0.009643166144966036,-0.0005991233533355649,-0.007595672079540198,-0.000285805406901085,-0.004882378820963433,0.0005377372531638836,0.9999878956922251
1741341952.8831863,2,0.009457894057186304,-0.0005971324737782331,-0.007582447994223796,-0.0010439663143374514,-0.005229734540469191,0.0005318657143385301,0.9999856384617895
1741341952.899868,2,0.00932472396681197,-0.0005853200000838299,-0.007442265113461323,-0.001229247669922517,-0.00500440825893108,0.000495913442910559,0.9999865993692121
1741341952.916548,2,0.009429020203446862,-0.0005676091826009867,-0.007140453799753854,-4.337896022562161e-05,-0.00460504717872257,0.0004800792450217799,0.9999892805338795
1741341952.9331841,2,0.009529295433310474,-0.0005683453147473771,-0.0071184890411730576,0.0012010234675714352,-0.004824560355641092,0.0005079387151274477,0.9999875115011522
1741341952.9500952,2,0.009797088294512786,-0.0005633632120772322,-0.007090669943145637,0.0015548135311492148,-0.0052947983697414665,0.0006007446169297975,0.9999845932668224
1741341952.9670022,2,0.009878732677603868,-0.000577172294271628,-0.007263262467777885,0.0011189879841946096,-0.004996213862082801,0.0005469710111541101,0.9999867431799526
1741341952.9832258,2,0.009855359518114603,-0.0005838033081736214,-0.007343156730836205,-5.6168842340113806e-05,-0.004820763421971077,0.000508746304499434,0.9999882490621018
1741341953.0000823,2,0.009601551612519466,-0.0005961781615710949,-0.007306445309475254,-0.002877639236305366,-0.0071891041097206865,0.0006036894816635503,0.9999698353118133
1741341953.016519,2,0.009495965912757594,-0.0006326834537906961,-0.006963599100641621,-0.002613799968991375,-0.006477467948837277,0.0007442299816690435,0.99997532798586
1741341953.033435,2,0.0076151750368426,-0.0007166356337509082,-0.007794680013450404,-0.011689566508782858,-0.019606293319681962,0.001356860460135467,0.9997385189272198
1741341953.050138,2,0.006047967852518256,-0.0006485978051304738,-0.007229837616975094,-0.008328014049396062,-0.01648116449430867,0.0012123498249319111,0.9998287581415163
1741341953.066809,2,0.005952593673646583,-0.0005065114664252879,-0.0058060030221667785,-0.006021190815731788,-0.009643010106327659,0.0008720480605815045,0.9999349964619849
1741341953.0837183,2,0.006162379959861548,-0.000441656096561779,-0.004488937345814654,-0.002244534854044285,-0.005094488761839086,0.0005773480925927918,0.9999843373357027
1741341953.0999491,2,0.006474638060646606,-0.0004443353050473404,-0.004391419032778569,0.004022357407144933,-0.006936660637326644,0.0009676173670719031,0.9999673830164275
1741341953.116737,2,0.006588993582574721,-0.00043091280950281296,-0.0050731835041345555,0.0015177797323499735,-0.003985041424294819,0.0007853587842557608,0.9999905994563703
1741341953.1332548,2,0.0067424044237529655,-0.00042024346827409403,-0.00476212881873494,-0.0025424261212019243,-0.005642407363632756,0.0009047617019086839,0.9999804401661184
1741341953.1500587,2,0.0047857758437733055,-0.0005013217474732078,-0.005898994530609138,-0.00934360262129304,-0.01359982582659024,0.0012224791318094918,0.9998631143173119
1741341953.1669354,2,0.0035184731397001896,-0.0003841041079236985,-0.004969283669488745,-0.012964405356373682,-0.02064868333479206,0.0015623734401826925,0.9997015129825145
1741341953.1834335,2,0.0033795036850641368,-0.00028196673548481745,-0.0025806311247503332,-0.00879435804368175,-0.015105227563064545,0.0012294600344577202,0.9998464781129608
1741341953.200341,2,0.0028095611297028937,-0.00030341460595167366,-0.0020471544362187302,-0.0019482393451986596,-0.0026620446880119787,0.0006629020367398858,0.999994339205189
1741341953.216953,2,0.00314010309829517,-0.00027615548616546714,-0.0018233221076750198,0.0032623554656971703,-0.00426996889288423,0.0008047134248403562,0.9999852383104328
1741341953.2333047,2,0.004509880282465443,-0.0002337557111763604,-0.0016656702465403582,0.007878595343133109,-0.015081015167363364,0.0015212264971493008,0.999854077646776
1741341953.2502623,2,0.0052902658322502944,-0.00028556208287272957,-0.0026018583279665223,0.004874157189231718,-0.00869175594010769,0.0012059614809380003,0.9999496195445442
1741341953.266907,2,0.004955729830857154,-0.00035013330657249404,-0.0036104903478966196,0.00064820388238877,-0.0028744465027714847,0.0006191109659519802,0.9999954670350468
1741341953.2838893,2,0.004503690993024953,-0.00034412406311047807,-0.003960363231391221,-0.0017688527542471812,-0.004032631895294045,0.0006814195635845797,0.999990072304375
1741341953.3004022,2,0.004177202458531532,-0.00032874876093211394,-0.0034543138126792963,-0.0050461234124151155,-0.007256067999202868,0.00079776115558238,0.9999606240711862
1741341953.316912,2,0.004183878575422455,-0.0003263018498756635,-0.0028408138399546906,-4.154590038169871e-05,-0.002669264011443535,0.0005199984234629406,0.9999963014457679
1741341953.3337038,2,0.004216552503058519,-0.00031762414760501276,-0.0032560473733875953,0.0034637018451220834,-0.0047432467783629605,0.0006646628727610526,0.9999825311488162
1741341953.3501189,2,0.005601451301881887,-0.00024600045875669297,-0.002612617458024251,0.004619291213555819,-0.007710300999172567,0.0006342252874348875,0.9999594047587488
1741341953.3670588,2,0.0064506716051729905,-0.00031142939321094547,-0.002785364368788861,0.003794406615198969,-0.006952596611661168,0.0007369102697923168,0.9999683599204768
1741341953.3836617,2,0.005766762563986362,-0.0004203350122238684,-0.00396480688075154,-7.86323293917777e-05,-0.0035511372342586387,0.0002540491860435758,0.9999936593300537
1741341953.4001732,2,0.004877154996439469,-0.00042731027867375446,-0.004511065074643952,-0.0027844839031358026,-0.00471419226945545,0.0005167481185802401,0.9999848778916718
1741341953.4171922,2,0.00508876023404667,-0.00035717090106924897,-0.0037508793085081404,-0.001300139129912578,-0.0034450046417663746,0.0003776839280807231,0.9999931494445907
1741341953.4336896,2,0.005646471109032305,-0.0003322350462930357,-0.0031050676566439905,0.001782595599617946,-0.004057202011049559,0.00038892133468652044,0.9999901050535276
1741341953.4505646,2,0.006296095806130516,-0.0003481976972881289,-0.0034221521276869243,0.007053242345273113,-0.01285439795049663,0.0011051518917127704,0.9998918915888084
1741341953.4676528,2,0.00744649624447711,-0.0003549369422109062,-0.004021671310012324,0.007175192241504041,-0.015124388653428364,0.0012856634236095242,0.9998590483431746
1741341953.483791,2,0.00831006927955953,-0.00039711462360446413,-0.004591715033146909,0.004924756412185958,-0.009487030430658353,0.0008380076104531178,0.9999425187335186
1741341953.5005548,2,0.007694048244881874,-0.0004984430830625881,-0.005972186865835201,0.0005521064788423427,-0.004168890179332465,0.0004361977694882174,0.9999910625923687
1741341953.5171735,2,0.006723984666871115,-0.0005120175024689294,-0.006553372005591114,-0.004595053742541709,-0.00844274096376484,0.0005046698144333715,0.9999536743842189
1741341953.5339165,2,0.0065971719277436325,-0.0004480868908290568,-0.005554604618152403,-0.004309210608732801,-0.0076133203795375375,0.000699627870631834,0.9999614885472194
1741341953.5504513,2,0.0068515540248583135,-0.0004324487293971178,-0.004723291856509295,-0.00018750679528713158,-0.0037011437782764854,0.00021917906375698977,0.9999931091444941
1741341953.5671635,2,0.007017883815392969,-0.000449779028217712,-0.004953206139329587,0.0040036985653756655,-0.007831426349904663,0.0006453709761471309,0.9999611105715195
1741341953.5840545,2,0.008332377720269438,-0.0004317382365325999,-0.005045213903200916,0.00739463719907734,-0.01667330169966048,0.0012742166351640137,0.9998328343893756
1741341953.6006384,2,0.009488792326929781,-0.0004782474996208548,-0.005539502995346915,0.005482104076129196,-0.012147745815548876,0.0010428967565932043,0.9999106415939648
1741341953.61724,2,0.00918608124131843,-0.0005814789735621606,-0.006874176874125637,0.0020960207052830313,-0.005735565066532994,0.0004077759244720895,0.9999812716793081
1741341953.6339228,2,0.008582539526745515,-0.0005970310991406831,-0.007524386057218443,-0.0026817945229361735,-0.006275203893329232,0.0005033233916968479,0.9999765879558368
1741341953.6505892,2,0.008204384481223327,-0.0005626838434792489,-0.006997281900523037,-0.004943387826844684,-0.009391927602431937,0.000750978141281448,0.9999433937201322
1741341953.6674697,2,0.008073249044635666,-0.0005509473005137439,-0.006297196214541119,-0.0023730593265200318,-0.0054145355138105035,0.00040127281854561274,0.9999824450332755
1741341953.6839142,2,0.008168663763747683,-0.0005399452424427087,-0.006092385559202265,0.0011848760369288522,-0.004488898214181177,0.0003803735165870837,0.9999891505299384
1741341953.7007341,2,0.008869312936663678,-0.0005044282939908061,-0.005909177768110429,0.00365399331614367,-0.007772938114812919,0.0007305714605518194,0.9999628473254644
1741341953.7172973,2,0.009740539867074209,-0.0005244703011270855,-0.005843550461587773,0.0032886922612242082,-0.007367277881471279,0.0005804285734347728,0.9999672848761101
1741341953.7339804,2,0.009181094825731578,-0.0006209462861735746,-0.00682061566981597,-0.0005052815655035592,-0.004714721508009108,0.0003604829988589743,0.9999886930079005
1741341953.7509332,2,0.008060185992188476,-0.0006467396460437897,-0.007644373754937576,-0.0033962127784199644,-0.006801513023930648,0.0005971898308390775,0.9999709238391158
1741341953.7674112,2,0.007906684351549112,-0.0005631715511445465,-0.006924892641999338,-0.004011098063754279,-0.0077939062014837366,0.0005689120904148088,0.99996142048455
1741341953.7840905,2,0.008042481213642106,-0.0005268401345305335,-0.006127678311830594,-0.0010752568318335217,-0.004789724657896008,0.0003998518371459243,0.9999878711659234
1741341953.800852,2,0.0084747557405829,-0.0005143916180983439,-0.005893991157288561,0.0032199438330443243,-0.00678167389011857,0.0005740416615347845,0.9999716552668536
1741341953.8172781,2,0.008946753022934488,-0.000514767500486223,-0.006382397684353664,0.004456029581107455,-0.009361465461105166,0.0008292623627850576,0.9999459080813955
1741341953.8344314,2,0.009734758731477881,-0.0005152761640329248,-0.006545547470723487,0.003172727404626798,-0.0076475025356211,0.0007807758804002434,0.9999654193494933
1741341953.8509097,2,0.009391963884824063,-0.0005822236185453674,-0.0072409790749822225,-0.0008714739734740384,-0.005519331335107329,0.0005184438310879026,0.999984254241396
1741341953.867541,2,0.00806309319010282,-0.0006205942460040901,-0.007925291452166102,-0.006080235426594756,-0.01142588074650296,0.0009400562857493798,0.9999157945949766
1741341953.8843358,2,0.007489723592100985,-0.0005498306531567414,-0.0070509309333800655,-0.006811986787995159,-0.013239465123773737,0.001054134414018979,0.9998885948943881
1741341953.900773,2,0.007250967100679402,-0.0005076255799696168,-0.006000711946650452,-0.003911957448270196,-0.0075569987492033934,0.0006036876699856982,0.9999636112979434
1741341953.91763,2,0.007395661411830968,-0.0004931648218784847,-0.005525910449411009,0.0009958082392110942,-0.0044393686595506935,0.0004088638893095625,0.9999895665466593
1741341953.9342391,2,0.008107381568026463,-0.00047109792406277093,-0.005537829390784044,0.004521903622572987,-0.009684289694049181,0.0009565757756435687,0.9999424242842861
1741341953.951017,2,0.009043406759674114,-0.0004800656342135225,-0.0057244735624642435,0.0042516698334298135,-0.009181327856413925,0.000903227347105613,0.9999484040203174
1741341953.9680762,2,0.00909065256909184,-0.000549951436440972,-0.006436536340878926,0.001313055849314618,-0.005062228834413672,0.0005817524883608565,0.999986155547969
1741341953.9843798,2,0.008255578411023956,-0.0005801802924532305,-0.007121285653991558,-0.003347984932318238,-0.007441293621335365,0.0006453522999061484,0.9999665002721557
1741341954.0012765,2,0.007439306953847259,-0.0005447974972371783,-0.006848555845538569,-0.005951941907621113,-0.01121396233700148,0.0011312415146877079,0.9999187675650798
1741341954.017953,2,0.0072175482399860465,-0.0005034912161886495,-0.005900423671971762,-0.003982929901574824,-0.007549316288030721,0.0007072208092869453,0.9999633212931909
1741341954.0345757,2,0.007193710369133211,-0.0004889023303853409,-0.005438898460714693,7.329671394050072e-05,-0.0037578191463611224,0.00042672224639141436,0.9999928456398973
1741341954.0510361,2,0.0076777757943385155,-0.0004600634856940476,-0.005363080018194781,0.003557875503075355,-0.007086471179615528,0.0006593640420935626,0.9999683438425364
1741341954.0677066,2,0.008721284428051127,-0.00045079310447809263,-0.00517584178986156,0.003839743869660431,-0.007752190722654663,0.0006211947536129543,0.9999623863041515
1741341954.0844107,2,0.008514737037008478,-0.0005364123885067644,-0.00602493459235816,0.0008564607394111401,-0.004617636041826089,0.000601094269436867,0.999988791236215
1741341954.101082,2,0.007633445179654957,-0.0005773462645409703,-0.006862596331862933,-0.00220191931306246,-0.005896485986106437,0.0007602158576168026,0.9999799023361441
1741341954.1177752,2,0.007044330107830918,-0.0005253037044611689,-0.006599268915661967,-0.004772796173522196,-0.008664133460129604,0.0008128118553898869,0.9999507450594548
1741341954.1346548,2,0.007048863688121157,-0.00047336500752037224,-0.005668059722932869,-0.00262493637149721,-0.0059381830748945034,0.0006703566506904605,0.99997869892952
1741341954.1511016,2,0.0072143417160985355,-0.0004711508970937652,-0.005332589959157854,0.0009982919356005383,-0.004163340092157669,0.0005425104627585801,0.9999906878040846
1741341954.1681142,2,0.007591204547502557,-0.00046807984956734534,-0.005625281919837679,0.004158329951981408,-0.008443116690215371,0.0008199293766992992,0.999955373898447
1741341954.184435,2,0.008701116737716137,-0.0004511026610728049,-0.005562139959777023,0.004169665669080201,-0.009240386721098589,0.0009972600514330634,0.9999481159609445
1741341954.2009957,2,0.008820740788680847,-0.0005157152868451698,-0.006163491760444648,0.0011489946908893505,-0.004884492812357724,0.0005079851707902471,0.9999872816652383
1741341954.2180057,2,0.007816670411379185,-0.0005766199321304742,-0.0070906506435808305,-0.0025931190495582022,-0.0064961014566956975,0.0006375439095944208,0.9999753346644218
1741341954.234483,2,0.007129027132363071,-0.0005343709774425288,-0.006788119968957684,-0.005639522468399929,-0.010679842590245323,0.000871601461597343,0.9999266858422512
1741341954.2512422,2,0.007070801789708844,-0.0004757865049169549,-0.005617953674819331,-0.0038412856091952106,-0.007538632681426897,0.0006333660055058133,0.9999640055470328
1741341954.2679272,2,0.00699371634335975,-0.00047873210854943414,-0.005299291757370876,0.00042862727448275234,-0.0037879028359989837,0.0004802520254821864,0.9999926186871364
1741341954.2845712,2,0.007580109349676244,-0.0004621560913712369,-0.005276439700761359,0.004092637605210111,-0.008597447482889436,0.0007710363669154771,0.9999543688174637
1741341954.301548,2,0.008739996207647979,-0.00045391303064260837,-0.005332674971978717,0.0051529076828671135,-0.011995793190800408,0.0009840059550973836,0.9999142864368004
1741341954.3179376,2,0.009168440909881666,-0.0005194272996173218,-0.006046085590760591,0.0026074324513981756,-0.007117173674222527,0.0008513782669430674,0.9999709107218814
1741341954.3346772,2,0.008617183632889333,-0.0005692898393733014,-0.006908351630337613,-0.000551818111287057,-0.004880747980811157,0.0006107602347350553,0.9999877503089003
1741341954.3513432,2,0.00790670804875427,-0.0005535823420499169,-0.007035635538730518,-0.004131173596348709,-0.008484886521858767,0.0007283495332303565,0.9999552038028432
1741341954.367869,2,0.007582506918360375,-0.0005167047859684517,-0.006322892094404172,-0.0042568712936031615,-0.008097434798046213,0.0008209260893237067,0.9999578174487346
1741341954.3848467,2,0.007554512827142077,-0.0005046540466390054,-0.005771832604046874,-0.0003909772360859823,-0.004104610806413738,0.0004586149559190637,0.9999913944525978
1741341954.401288,2,0.007849687076073527,-0.0004888966559502652,-0.005772933749632042,0.002870512451445395,-0.006496134310156214,0.0006347957369704865,0.9999745783927023
1741341954.418075,2,0.008863805301679139,-0.0004670293070129911,-0.005604844867071524,0.004067462115198116,-0.009069245604366123,0.0008434938262073657,0.9999502452893715
1741341954.434815,2,0.009202824612535934,-0.0005264546167366381,-0.006164005407471636,0.0023542711906851333,-0.0064843801845949935,0.0006638021468991384,0.9999759845053741
1741341954.4514542,2,0.008587656112222513,-0.0005887478094813123,-0.007074586894297293,-0.000690806256422587,-0.004787011589675343,0.0005669265473089483,0.9999881428802275
1741341954.468899,2,0.007967970434209565,-0.0005657735425142811,-0.007172051846657064,-0.003600064229347468,-0.0074008889368244665,0.0007338103786677845,0.9999658633687539
1741341954.4848518,2,0.007931323472753606,-0.0005122884337099503,-0.006336435358285636,-0.002860919049465711,-0.006791070139968576,0.0006918242351770344,0.9999726085687418
1741341954.5013528,2,0.007991729357277263,-0.0005061637556923294,-0.005843448064539057,-1.578210557454098e-05,-0.0041132018779769354,0.0005001635408167643,0.9999914155419878
1741341954.5182,2,0.008222553403492055,-0.0005060953984307013,-0.006026653953226418,0.0033028685226499403,-0.007234884226892455,0.0007318142571385576,0.9999681054701888
1741341954.5347755,2,0.009135639855507657,-0.0004880159117134099,-0.006045100849692681,0.0038869760784005798,-0.009219821934025027,0.0008895903457795534,0.9999495461919504
1741341954.5518794,2,0.009530894675520086,-0.0005378781404487312,-0.006493280257147797,0.0021813479067154624,-0.006293339540994361,0.0006454604262248594,0.9999776092391118
1741341954.568491,2,0.008975656739727606,-0.0005977025243998468,-0.007260264114427674,-0.0015788721213795443,-0.0051624772570081755,0.0005823362379337423,0.9999852583292922
1741341954.5848382,2,0.008291669917485152,-0.000578437680737404,-0.007251784161646127,-0.00423282039587668,-0.009250650361631944,0.0007277034287441818,0.9999479882209389
1741341954.601527,2,0.007957815857711327,-0.0005292437114346674,-0.006516148556874975,-0.003579990476955576,-0.008153988360566687,0.0005986357864751748,0.9999601680953075
1741341954.6181061,2,0.008034092341479549,-0.0005062659632672026,-0.005823972772204458,-0.0003122893560784485,-0.004248752599652334,0.0004773438461232116,0.9999908113175628
1741341954.6350312,2,0.008215486633929254,-0.0005076791174467552,-0.005947600887872529,0.002830541496721949,-0.006900235761338791,0.0006305599860698235,0.999971988195358
1741341954.651598,2,0.009164744428670239,-0.0004910553836227576,-0.005994488154650591,0.004195681840259248,-0.010451346406436414,0.0009722888224775853,0.9999361080922289
1741341954.6683402,2,0.009797076031379573,-0.0005324379798642395,-0.006369989180408471,0.0029441542625582426,-0.007477226190275472,0.0007599762432636819,0.9999674222094874
1741341954.685027,2,0.009343978306833065,-0.0005974575625846443,-0.00723256601900032,-5.886047308561142e-05,-0.004620167867634625,0.0004134252057784539,0.9999892397740682
1741341954.701518,2,0.008384017681068796,-0.0006078176823409204,-0.007744190289843014,-0.003976539069373985,-0.008445439041486421,0.0008268872958677548,0.9999560880127818
1741341954.718691,2,0.00808097259447956,-0.0005500096232465453,-0.006950081706599377,-0.004243883803877953,-0.009029897939590591,0.0007596523923196357,0.9999499354076197
1741341954.7352264,2,0.008042694458395725,-0.0005250031594444426,-0.0062064543942741785,-0.001951786990435446,-0.0050231439713864,0.0005386506054407974,0.9999853340963116
1741341954.7514813,2,0.008198927708887256,-0.0005138326956838071,-0.006082932056142705,0.0018855129172449113,-0.005360308792975746,0.0006451239774443766,0.99998364773917
1741341954.7684371,2,0.009017134064137781,-0.000489306469212938,-0.005977781037736723,0.0038244119110718497,-0.008702527370617165,0.0007390985835247982,0.9999545457790479
1741341954.7850227,2,0.009528276261626643,-0.0005307857328434696,-0.006373265308319667,0.002681117932238443,-0.007084706734128754,0.0007348224537594883,0.9999710388671695
1741341954.8021045,2,0.009222006597084177,-0.0005914828506442459,-0.00705538382076208,0.00012652738096905562,-0.004656020402046462,0.0004905762171065279,0.9999890323397617
1741341954.8182924,2,0.00838497032818869,-0.0006000184859097098,-0.007540933888955673,-0.0031943993355251945,-0.007336031845344503,0.000715238427513516,0.9999677329212383
1741341954.8353417,2,0.00802276839011534,-0.000550900459527303,-0.006955938519411099,-0.00379931551493672,-0.008192136488761076,0.0006940228121613875,0.9999589853757522
1741341954.8517642,2,0.008131012043689817,-0.0005209727824204425,-0.00614768685759917,-0.0011881004454509455,-0.005069309477809203,0.0005343530521109847,0.9999863023989706
1741341954.868419,2,0.008283207520324907,-0.0005148514389572633,-0.006097202125680143,0.002076592876280258,-0.005594220910349262,0.0006470532917364692,0.999981986725996
1741341954.8853405,2,0.00907743657147404,-0.0004934985321747862,-0.006072396745226201,0.0036781460051787,-0.008891626423915553,0.0008872173081135806,0.9999533104435178
1741341954.9019322,2,0.009705403975959905,-0.0005240436210353564,-0.006378503020432679,0.002834008946019398,-0.007395202647806275,0.0007204591384535881,0.9999683796549377
1741341954.918645,2,0.009314382264255001,-0.0005910628091766968,-0.007177258293702068,-9.403150401324503e-05,-0.004825878679788034,0.0004708070983843306,0.9999882401277128
1741341954.9356213,2,0.008483780165992551,-0.0006033304295348662,-0.007579820761228665,-0.003537705483373523,-0.008254446522745807,0.0006414556661159437,0.9999594678221435
1741341954.9518616,2,0.008038436873525134,-0.0005495081970160026,-0.00695778698484862,-0.004595944408251441,-0.009591354234828535,0.0008031353081386914,0.999943117478497
1741341954.9691296,2,0.008046153478097715,-0.0005123911263741343,-0.006066894928479134,-0.0014611819196161298,-0.005579688492069792,0.0004555859010982758,0.9999832620925292
1741341954.9852304,2,0.008140516224077566,-0.0005137023761518144,-0.0059645217227222574,0.0018033470631418178,-0.005381238692790696,0.0005360743767540818,0.9999837512848715
1741341955.0019734,2,0.008769901762694678,-0.0005034920386800556,-0.006130084053614902,0.004073821539208089,-0.009322377450287318,0.0009048954931142428,0.999947837849999
1741341955.0186245,2,0.00961153093661337,-0.0005179727353171334,-0.006329837675117901,0.0035769256088401848,-0.008644161695550979,0.0008232608440290114,0.9999559021843676
1741341955.0353336,2,0.009485163817074163,-0.0005806500659251587,-0.007067641427028245,0.0005978383355609493,-0.004886002415766461,0.0004484409829757636,0.9999877841605879
1741341955.0517676,2,0.008731031022964995,-0.0006007377798531452,-0.007590952347606478,-0.0030804967625544873,-0.007414917706798854,0.0007393604665615477,0.9999674909121784
1741341955.0687842,2,0.008211396607141472,-0.0005574620122189307,-0.007132995434600596,-0.004547872040768763,-0.009571174254811486,0.0009298766375939081,0.9999434208057593
1741341955.0855715,2,0.008001635499042797,-0.0005265341562450866,-0.006378263980414107,-0.002508033295324536,-0.006630195399416672,0.0006061067276715174,0.9999746911360256
1741341955.1022956,2,0.008063393805221537,-0.0005179894394036997,-0.006105782426842709,0.0010593439007245725,-0.0044986480636924845,0.0005216539917779875,0.9999891838581114
1741341955.1186016,2,0.008697303275445909,-0.0004954556938428109,-0.006046340658825341,0.0035961613540338327,-0.008140628264733026,0.0008065632753652363,0.9999600728282375
1741341955.1352458,2,0.009529089534296657,-0.0005100697923966769,-0.006153881020165761,0.0034086891714569063,-0.008387779974683155,0.0008173492506622327,0.9999586781089662
1741341955.1521049,2,0.009537755951419587,-0.0005720315317517914,-0.0067991736104949406,0.0012533143545333067,-0.005143186921032076,0.00042864269515702447,0.999985896448977
1741341955.1691236,2,0.008706354020948994,-0.0006104087230710503,-0.0075889369798305874,-0.002472332173337768,-0.006723478650770039,0.0006803057817803378,0.9999741094610902
1741341955.1854622,2,0.008356993857382727,-0.000561014903613054,-0.007103160542619421,-0.003769986840060671,-0.008457452383311866,0.0007239542040116849,0.999956866364105
1741341955.2020667,2,0.008198254682824264,-0.0005321761736581096,-0.006433063525230251,-0.002287600217866962,-0.006004356455759445,0.0005935390326073639,0.9999791809333893
1741341955.2187111,2,0.008248900855225368,-0.0005274706944824348,-0.0061869929771014315,0.0010189762543516285,-0.004489653367103006,0.00048543411358082907,0.9999892844694676
1741341955.235426,2,0.008854811680126551,-0.0005023703937950627,-0.006132240973511219,0.0031868767220295043,-0.007983933537853925,0.0008409069682540002,0.999962696052954
1741341955.2521114,2,0.009473211115632381,-0.0005212855278601728,-0.006448054215612927,0.0033536676575411178,-0.008099036809748366,0.0008300886071941004,0.9999612339830486
1741341955.269077,2,0.009613577889898719,-0.0005726767907195193,-0.00691738997229539,0.001332811032261384,-0.005111437996777644,0.00034020507355143117,0.9999859904402988
1741341955.2854261,2,0.008871542160172588,-0.0006118340621714944,-0.007591716222804563,-0.00265757316803835,-0.006470784999940588,0.0006534094353003859,0.9999753193466582
1741341955.302513,2,0.008295754568261593,-0.0005780329147075649,-0.007336812272339362,-0.003886741999325413,-0.008880864787464346,0.0007790044274376164,0.9999527071963752
1741341955.319317,2,0.008190734509567529,-0.0005384882666978305,-0.006517066272543015,-0.0028825734169207902,-0.006527386299697746,0.0006703935562886391,0.9999743169557257
1741341955.3358672,2,0.008205832276975718,-0.000529693359614675,-0.006232477998921436,0.0008125034859303406,-0.004327539429932133,0.0005212810503544503,0.9999901702050047
1741341955.3525636,2,0.008686525488720672,-0.0005152082966001794,-0.006268269935147086,0.0033863935070035647,-0.007872461372255791,0.0006554437929830778,0.99996306286002
1741341955.3689778,2,0.009519924296410014,-0.0005162639467773946,-0.006397084342161009,0.003684259522805375,-0.008885711872720296,0.0007537146374405856,0.9999534500518157
1741341955.3857248,2,0.009657067150206413,-0.0005748525505380699,-0.0070082587573906474,0.0014273238725568472,-0.005451956438546113,0.0005616567678639375,0.999983961601
1741341955.4023738,2,0.009057654849545585,-0.0006143595929792686,-0.007664198957337175,-0.0015446424686561843,-0.006185629043269762,0.0006540348145590548,0.9999794619448165
1741341955.418958,2,0.008472986485806515,-0.000583189252107449,-0.0074994225926653885,-0.0039270175016646635,-0.008843004359347659,0.0008622892239888953,0.9999528170192514
1741341955.4360883,2,0.008303738122122466,-0.0005451326080327439,-0.006706220846664132,-0.0029139471315615425,-0.007054256812226884,0.0008359750714799122,0.9999705233248735
1741341955.4526093,2,0.008313883518550051,-0.0005336870771550932,-0.006301392782405103,0.00011133969198570238,-0.004338772245751773,0.0005219307141881526,0.9999904450779528
1741341955.4695215,2,0.008724093444188221,-0.0005155391388406455,-0.006262068684819967,0.0027927981257286475,-0.007018520127827754,0.0007790243045133416,0.9999711664718025
1741341955.486004,2,0.009505085565258017,-0.0005145182093009017,-0.006350750605742914,0.003537309617849976,-0.008676958288405257,0.0008400633008084736,0.9999557450853409
1741341955.5026648,2,0.009723927860495137,-0.000571519442807314,-0.0068810470236293445,0.0018136032706771272,-0.005804006614761675,0.0005681447362675937,0.9999813506070755
1741341955.5191698,2,0.00907088467072124,-0.0006211161727454701,-0.007682916123538898,-0.0014839467191507365,-0.005576845973474468,0.0005670102882470588,0.9999831874538971
1741341955.5358021,2,0.008615536086997654,-0.0005821401266827175,-0.007482626785771146,-0.003585926610182504,-0.008106417094288273,0.0007649329943544064,0.9999604202215975
1741341955.552425,2,0.00843953860190505,-0.000548201071213703,-0.006777568613753314,-0.002749226447901312,-0.006818205954375673,0.000689662575782456,0.999972738721928
1741341955.5693686,2,0.008431176674959509,-0.0005400674475596167,-0.0063974787003820924,-2.9299051422281755e-05,-0.004324955752556302,0.0005410599657510504,0.9999905005315888
1741341955.5858555,2,0.008788464324720005,-0.0005267010677502675,-0.006390681206172291,0.0026999784209826246,-0.006741009587082495,0.0006760315377781674,0.9999734055901852
1741341955.6027055,2,0.009622836679510893,-0.0005133406650478684,-0.006367805297994153,0.003542885961649085,-0.008395745730615209,0.0009379265744854929,0.9999580389728514
1741341955.6192727,2,0.009844410042401625,-0.0005656262795132541,-0.006880191612988741,0.0017364387064255327,-0.005929313338195514,0.0006130059141384128,0.999980725938108
1741341955.6358929,2,0.009218789576168621,-0.000616300815590599,-0.00763147251775636,-0.0011431688862371277,-0.00533906462153526,0.0005749749226002694,0.9999849283652744
1741341955.6526988,2,0.008657313298581134,-0.0005897915856726197,-0.007535917208791232,-0.0037603352290570273,-0.008490749789771344,0.0007107010716541961,0.9999566300350028
1741341955.6692734,2,0.008333995439487325,-0.0005540213890448121,-0.006920251065365662,-0.0033606463473619293,-0.0074823374154442904,0.0007108334493404391,0.9999661071250049
1741341955.6859524,2,0.008333921961726205,-0.0005383538086282438,-0.0064374033882344806,-0.0002089817181780916,-0.0043114204975728265,0.0005107597401901623,0.9999905535075931
1741341955.7026682,2,0.00865025523971385,-0.0005286853644455953,-0.006431581053426178,0.002673826921361564,-0.006667544234267893,0.0007941554672775607,0.9999738815692
1741341955.719351,2,0.009456186572827402,-0.000522737410461555,-0.006482787736072556,0.0037573273128682525,-0.008939177040296108,0.0008573300096585608,0.9999526181727615
1741341955.736127,2,0.009918076796486746,-0.0005615983954899643,-0.006837576606334217,0.002065911142997491,-0.006455919531108236,0.0007090838030790195,0.9999767748874556
1741341955.7526884,2,0.009327147275771306,-0.0006170799093028226,-0.007669309713445921,-0.0011018253326280229,-0.0053116173773337825,0.0005522748037836461,0.9999851337366543
1741341955.7692294,2,0.008689548038092897,-0.0006035013649005964,-0.007733368054653458,-0.003998727825801401,-0.008400649627411863,0.0008408267633497909,0.9999563651839847
1741341955.7861469,2,0.008312753732319522,-0.0005656664733952214,-0.007137355968284498,-0.004098005051848266,-0.008169956912232981,0.0008391419069947013,0.9999578761125426
1741341955.8027165,2,0.008426929170035275,-0.000536468494534457,-0.0063848955994771335,-0.0005543572651791351,-0.004537799271647467,0.00048291378773344305,0.9999894338742117
1741341955.819596,2,0.008660453643354188,-0.0005275814992806798,-0.006334813630141715,0.0022984891648653374,-0.006064646318608307,0.0006286707581469463,0.9999787706674912
1741341955.8364828,2,0.009412468190299542,-0.0005165517513797683,-0.006361306629386986,0.0037484564339220327,-0.008614964891494202,0.0007651442919992231,0.9999555720173241
1741341955.8527684,2,0.009941545350049714,-0.0005455755399032803,-0.006661666109805344,0.0026770504786615933,-0.0068201431426036215,0.0005637792758355076,0.999973000236095
1741341955.8696706,2,0.00938562783936769,-0.0006115951451518808,-0.007563007736551332,-0.000528722735550074,-0.004886087737263486,0.0005769983283294075,0.9999877567609625
1741341955.8862116,2,0.008663795866236307,-0.0006117931669040462,-0.007848151551432418,-0.0035420598890340644,-0.007699689293894514,0.0007004727478751634,0.999963838313391
1741341955.9028156,2,0.008366924603484188,-0.0005727238975094527,-0.007216618034254362,-0.0037170006332205626,-0.007991891619275092,0.0008199281740824219,0.9999608198786728
1741341955.9195268,2,0.008337643992231547,-0.0005502816318929,-0.006617049858543815,-0.001015402970743761,-0.0048006652877376375,0.0005378419715319385,0.9999878165735899
1741341955.9363656,2,0.008529790237650344,-0.0005400046168420157,-0.006531653589017615,0.0020991771957669073,-0.005631538679027069,0.0006502027653989354,0.9999817280648539
1741341955.953005,2,0.009168649153810942,-0.0005298777642471868,-0.006624719791832545,0.0035266180443112184,-0.008279706714485125,0.0008387723302521998,0.9999591521071597
1741341955.9694457,2,0.009785320065677604,-0.0005518454757923565,-0.006811129996088453,0.0023741749240002888,-0.006829655055311195,0.0008125772637044885,0.9999735290613678
1741341955.986443,2,0.009441153133005573,-0.0006088763708411481,-0.007505178130875685,-0.0003946695116565705,-0.004920062683108466,0.0005720340224191762,0.9999876549219235
1741341956.0031006,2,0.008723950401847407,-0.0006157781366182082,-0.007828720154845521,-0.0031536094146380153,-0.0076837235122980685,0.0006189169067803489,0.9999653154397452
1741341956.0198338,2,0.008500092647959177,-0.0005625783975979762,-0.007113410429304221,-0.0038752156379925516,-0.008237120385353373,0.000783502728170703,0.9999582584663178
1741341956.03629,2,0.008343552768592031,-0.0005485029457634959,-0.0066020744129037835,-0.000991762524483148,-0.005023955762659549,0.0005779427192639538,0.9999867210407362
1741341956.0528715,2,0.008517138293481394,-0.0005346351788299327,-0.006471980318921158,0.0018761351825246993,-0.0053358813912466,0.0005705468851361359,0.9999838413508527
1741341956.0697796,2,0.009377396769994386,-0.000510095859043582,-0.0062798593804692625,0.003574776594464103,-0.008441990355906748,0.0009010397380154098,0.9999575700491101
1741341956.0864635,2,0.009860068437276765,-0.0005474799867076877,-0.006692406683368212,0.002996756481074011,-0.007382243626541439,0.0007898128671280871,0.9999679485489855
1741341956.1028805,2,0.009539794698664244,-0.0006109168453305763,-0.0074721082376047274,2.1557575814377103e-05,-0.004704522176540314,0.0004235270264580649,0.9999888437533787
1741341956.1197684,2,0.008914513250923626,-0.0006161817745440609,-0.007803384566449308,-0.0029091439807664063,-0.007125849033832842,0.0005767325341550333,0.9999702128245772
1741341956.1363935,2,0.008453010807357698,-0.0005824663414381767,-0.007392825079397722,-0.003973184209241016,-0.008311301386068221,0.0008054160718621753,0.9999572427766402
1741341956.1532614,2,0.008505348444300835,-0.0005407474059894065,-0.006569380622547031,-0.001423458442286799,-0.005449869560726056,0.00047597566340430735,0.9999840229398678
1741341956.169734,2,0.008513366602184439,-0.0005384471243595622,-0.006505222344270651,0.001344225710777798,-0.0049247581780351,0.0006655543496646441,0.9999867483379637
1741341956.1863928,2,0.009245582657403339,-0.0005150626124684502,-0.006352569026538925,0.0033793730049353726,-0.007971515770836298,0.0007976336346933988,0.9999621985630226
1741341956.203206,2,0.009870345157118172,-0.000539495780432355,-0.006575077006248779,0.0031811228714727154,-0.007519670692960415,0.0007427004766056649,0.9999663911381963
1741341956.2198122,2,0.009555769499203406,-0.0006089857562943007,-0.007418381607018233,0.00041064606212546994,-0.0047271420645356894,0.0005326324082030955,0.9999886008352451
1741341956.2367365,2,0.008916837212595473,-0.0006228840022553687,-0.007871038478865961,-0.0027533962068502773,-0.006408832172746949,0.0006831561891285505,0.9999754391869486
1741341956.253236,2,0.008532534687157587,-0.0005855998276349435,-0.007470548637392888,-0.0038938171193541754,-0.008009503771168458,0.0007646613199762127,0.9999600498673167
1741341956.2698586,2,0.008618293265242293,-0.0005431843943170177,-0.006618463274902899,-0.001912534178254566,-0.005594827870937719,0.0005953421309321914,0.9999823426850389
1741341956.2866802,2,0.008640494045833337,-0.0005402788457379563,-0.00649530471858513,0.001356977966652797,-0.004776346994926063,0.0005393639057045258,0.9999875270255921
1741341956.3032563,2,0.009202499123171368,-0.000524738969201538,-0.006471335165676934,0.0033418811923466908,-0.007582176080378925,0.0007612052095460496,0.9999653809020647
1741341956.3200855,2,0.009832766808615915,-0.0005411950914865549,-0.0066515712161118725,0.003205051735516208,-0.007573227697182344,0.0006710879624141278,0.9999659611739622
1741341956.336693,2,0.00970572492705007,-0.000598498022771289,-0.007302671799822526,0.0007260318603198851,-0.004891485846180453,0.0005167073836942463,0.9999876395523266
1741341956.353461,2,0.009078509820952489,-0.000617726301647869,-0.007787164408676415,-0.002421422855274644,-0.006416050995884328,0.0007381169024491971,0.9999762128092909
1741341956.370102,2,0.008566419845856635,-0.0005918194328588103,-0.007557800977307522,-0.0036985459644617623,-0.007988058488938864,0.00067899842882965,0.9999610245606875
1741341956.3866403,2,0.008668036104190967,-0.0005466925492301776,-0.006653215289208121,-0.0018221013489222108,-0.005981526308380957,0.0006073384376803789,0.9999802660201443
1741341956.4033484,2,0.00868866960519869,-0.0005453598288734615,-0.006498308258579217,0.001143822533804646,-0.004732859377752118,0.0004705912939629954,0.9999880350563979
1741341956.420112,2,0.009164287594926514,-0.0005346313547164595,-0.0065590498382163895,0.003109329931645613,-0.007703483152713634,0.0009112377419192142,0.9999650784204765
1741341956.4366744,2,0.009851011526236093,-0.0005417470742501038,-0.006721455864205873,0.003442566329171193,-0.007881130712990262,0.000850929705284586,0.9999626555198903
1741341956.4534538,2,0.009810470200861704,-0.0005968586725170407,-0.007354937546759125,0.0009591666608076492,-0.005129142277732417,0.0005996520282422387,0.9999862060629919
1741341956.4700363,2,0.009149556055325685,-0.0006286541765416106,-0.007940667551355345,-0.0017737072525198711,-0.006198936203835728,0.0005510243233417632,0.9999790615431496
1741341956.4868245,2,0.008734198483151637,-0.0005942516599739547,-0.007608982143297131,-0.004023729783155668,-0.008236370809824154,0.0006541718784777063,0.9999577710351916
1741341956.5034773,2,0.008552386614466874,-0.0005640331479770601,-0.006979511858673528,-0.0026860092031125746,-0.006283961064352571,0.0006567899278805312,0.9999764326297361
1741341956.5200791,2,0.008706848375177269,-0.000544371734878877,-0.006574213939537692,0.0007841513148323323,-0.004509100393690625,0.0005234592722466999,0.9999893894990813
1741341956.5370765,2,0.009121059739312546,-0.0005378477111390049,-0.006632568577821118,0.003199124058835914,-0.007372082873285072,0.000823651974673535,0.9999673692660127
1741341956.5535052,2,0.009891122043851551,-0.0005368951338556362,-0.006674863514594136,0.0034662493787350097,-0.00804659246208466,0.0008516974307179196,0.9999612552876636
1741341956.5700834,2,0.009845208710936162,-0.0005974802567172694,-0.007366647745985008,0.001368258483586635,-0.005279997363412924,0.0005289716519304031,0.9999849847300488
1741341956.586867,2,0.009325639199067537,-0.0006268277468361135,-0.00786586745488506,-0.0017432255288505022,-0.005472548050450592,0.000500738506593019,0.9999833806836687
1741341956.6034608,2,0.008789682873040763,-0.0006036285581832058,-0.007755215874788944,-0.0039001338498937527,-0.007921765664792172,0.0007547749898923582,0.9999607316787092
1741341956.6203823,2,0.008664950959408616,-0.0005679377977155545,-0.0070656927941036805,-0.0025075341072115943,-0.006482581572155496,0.000679413594898574,0.999975613105654
1741341956.636928,2,0.008614742361365056,-0.0005608786846591104,-0.006833774447409855,0.0005099261527312959,-0.00428048005306208,0.0004724707878929175,0.9999905970743869
1741341956.6537848,2,0.009186285108707044,-0.0005344406026907541,-0.006621899013281541,0.002914620121635324,-0.007005909374898904,0.0007453284116387697,0.9999709329320208
1741341956.6705225,2,0.009888130263819003,-0.0005384938170606506,-0.006705592501427981,0.0034571729036653813,-0.007904422959715185,0.0008579156444526213,0.9999624153106631
1741341956.6868453,2,0.010005898928032362,-0.0005901844533462223,-0.007234004873275795,0.0014607624442405337,-0.005537539364077237,0.0006999634955298583,0.9999833558024742
1741341956.7039008,2,0.009498680343971881,-0.0006260957554090614,-0.007788547468322011,-0.0012499603563020175,-0.005996390453811904,0.0004962992401392616,0.999981117115567
1741341956.7203577,2,0.008848916047352053,-0.0006150201472456018,-0.00784652585708306,-0.004043073197684562,-0.007913551921029731,0.000909090283674719,0.999960100609003
1741341956.736947,2,0.008724761023976584,-0.0005706016923304701,-0.0071323256228357276,-0.0031321777350620354,-0.006763895468375305,0.0008435642890641433,0.9999718633941752
1741341956.7537057,2,0.008763780815752293,-0.0005547117792031132,-0.006720816487114995,0.00015183004024542487,-0.004396265503768682,0.0004070177400472332,0.9999902420193002
1741341956.7703528,2,0.009163944799656118,-0.0005393868281701632,-0.006644557567610802,0.0029742791591184942,-0.006726683535057078,0.0005979262047369501,0.999972773567539
1741341956.787177,2,0.00988961173995303,-0.0005397391636358876,-0.0067023189591409954,0.0037708960598745005,-0.008111222842363633,0.0008862178273668701,0.9999596006963829
1741341956.8036506,2,0.0101194305603863,-0.0005846389147552404,-0.007173220093163418,0.0018564176714217756,-0.005920948319711987,0.0006290945500926049,0.999980549973084
1741341956.82033,2,0.009613135122393571,-0.0006238586578796731,-0.007808590536683157,-0.0012457317585536447,-0.005553483636423047,0.0005816552862334298,0.999983634190587
1741341956.8373091,2,0.008799451763317619,-0.000631745218947871,-0.00810136825969532,-0.003791782294613975,-0.007878939695959666,0.000782366338976047,0.9999614655571529
1741341956.8536022,2,0.008732552096184447,-0.0005773528642862423,-0.007277334586375408,-0.003399725221552261,-0.007130579497846719,0.000661524626387997,0.9999685790511676
1741341956.8709176,2,0.008758151561824738,-0.0005601557266146868,-0.006790333241853652,-0.00041523533594441987,-0.004476880937509958,0.0005173658017386275,0.9999897586722148
1741341956.8870034,2,0.009156555695998415,-0.0005435097152999948,-0.0066128025078846945,0.0026851522151535158,-0.006318948292002719,0.0006958812839831627,0.9999761880161463
1741341956.9037225,2,0.009814573592861496,-0.0005376760074812377,-0.00669193389895185,0.0038311763644043985,-0.008201942490821337,0.0008174808910809221,0.9999586901227645
1741341956.920673,2,0.010119217093742099,-0.0005749312792972274,-0.007113063515007653,0.0022686370004749486,-0.006172148349306847,0.0005710152335133166,0.9999782156689802
1741341956.9371905,2,0.009663230789234699,-0.0006197082211184613,-0.007779374499392528,-0.0007435740145662929,-0.005194603760873699,0.0005503865198587555,0.9999860800351829
1741341956.9541814,2,0.009030682901836258,-0.000618677400131063,-0.007966445009394618,-0.003513770355735724,-0.00749391505591542,0.000587907061741311,0.9999655739175767
1741341956.970564,2,0.008908123602420043,-0.0005738365446574307,-0.007241250528144231,-0.0032481596998887997,-0.0073874023796272085,0.0005995561954839715,0.9999672576024747
1741341956.9870946,2,0.008807911408957628,-0.000566151230790439,-0.006845975792029559,-0.00037942599370033075,-0.004476297986287886,0.00045400582881232183,0.9999898062835244
1741341957.0040164,2,0.00918322229715081,-0.0005414883441526414,-0.006618669216841724,0.002382141730781363,-0.005907538083236017,0.0006550799596295051,0.9999794984222508
1741341957.0205607,2,0.00981631185367412,-0.0005359544302432036,-0.006666681828353053,0.0036517651589042695,-0.007870869674475029,0.0008042671857965541,0.9999620328672912
1741341957.0371583,2,0.010129753919264704,-0.0005739785437079585,-0.007084009127060913,0.002328207457427734,-0.006387531392577312,0.0006815002092837225,0.9999766569526554
1741341957.0538547,2,0.009673040204092964,-0.0006268607983609145,-0.0078091934910621465,-0.000998448265970722,-0.004990214265848565,0.0006251147952951344,0.9999868549606709
1741341957.0705853,2,0.00909691632777386,-0.0006246564237748972,-0.007985280141571079,-0.0033472589762158157,-0.007254205904672469,0.0007084320162043505,0.999967834721756
1741341957.08751,2,0.008817607049213035,-0.0005907754827932629,-0.007463386430161304,-0.003593098858667071,-0.007353206088378422,0.0007145776907153318,0.9999662541203765
1741341957.104005,2,0.008847777657804503,-0.000564870514116024,-0.006900339263792145,-0.0007096563993819315,-0.004840136280391812,0.0005488799970207276,0.999987884026267
1741341957.120841,2,0.009136087075396978,-0.0005494168209662089,-0.0067216904448478615,0.002238988090719889,-0.005732270417399346,0.0007276407021704978,0.9999807990892624
1741341957.1372974,2,0.009814201669089348,-0.0005410853840875358,-0.006694764082897003,0.0039157341482999476,-0.007924627077556175,0.000767160044036332,0.9999606386139549
1741341957.1541297,2,0.010190579921975109,-0.0005736246726818372,-0.0070670925207052555,0.0025942396267178316,-0.0066332202399481364,0.0006373149116260736,0.9999744317429876
1741341957.1708398,2,0.009762526773194323,-0.0006292625369801294,-0.007822682522335431,-0.0006962119166306033,-0.004900056394736681,0.0005771504924432714,0.9999875857397454
1741341957.1873918,2,0.009232119405778439,-0.0006244477659273556,-0.00799670065929276,-0.003313125509216007,-0.007160362984251167,0.0007390001671319604,0.9999686026471266
1741341957.2040868,2,0.008861162685391779,-0.0005977793957420724,-0.007593936194853134,-0.0035190942553913257,-0.007480226333756275,0.0006690357690728096,0.9999656066989291
1741341957.2207801,2,0.009048508150799365,-0.0005606354062064888,-0.006797653459179958,-0.00015839094811874948,-0.005250622777105049,0.000492970952643257,0.9999860813293353
1741341957.23733,2,0.009073096757585504,-0.0005635989746556385,-0.00686046603937435,0.00192327669672576,-0.0054373794193760495,0.0006728949745430168,0.9999831414199695
1741341957.254381,2,0.009684358507073687,-0.0005525809934709286,-0.006862207706449667,0.003775978447427498,-0.00767224562791197,0.0008223046490660032,0.9999631005436419
1741341957.2707465,2,0.010301062714933558,-0.0005622631354492613,-0.006968099103049967,0.0027649840872200617,-0.0069360884145581985,0.000694614413694234,0.9999718811303241
1741341957.2874627,2,0.009914332604049765,-0.000623768333587254,-0.0077466057454950435,-9.995589483726197e-05,-0.0048676571468004755,0.0005972929470132901,0.9999879695095616
1741341957.304241,2,0.009344582194543526,-0.0006317594603546029,-0.008054033758582387,-0.003227714910015058,-0.0069075672135779816,0.0007167525489511874,0.9999706763887795
1741341957.3208354,2,0.009068572823696197,-0.0005914334827874831,-0.007574669446187123,-0.0036736849606544557,-0.007582787205780789,0.0007272862066846057,0.9999642375764122
1741341957.3378646,2,0.008957518540830888,-0.000575935868832165,-0.007080805149807746,-0.001518553128618936,-0.005196218418229731,0.0005974543682390404,0.9999851680694187
1741341957.35426,2,0.00914612837274516,-0.0005637150242954185,-0.006872972710284542,0.0018591009811760606,-0.005213878481667864,0.0005188772561373346,0.9999845448711261
1741341957.3709078,2,0.009829807010015842,-0.0005418535112345303,-0.006728930694621375,0.003888338840229865,-0.007643427671167203,0.0007121191678953851,0.9999629751749761
1741341957.3876193,2,0.010273639518199066,-0.0005651752523303016,-0.007031321567463465,0.003051584236620453,-0.007006030763372475,0.0006938685963187714,0.9999705605231388
1741341957.4042137,2,0.009975335752282554,-0.0006213771132364836,-0.007744225905343075,0.0005511264711522401,-0.004879821245233874,0.00046023155663484224,0.9999878358215872
1741341957.4210687,2,0.0094057871385298,-0.0006309155073460148,-0.008092166106910137,-0.0027696978413726384,-0.006651527652777746,0.0006918322380583792,0.99997380331782
1741341957.437592,2,0.009022477615483502,-0.0006021722499651266,-0.007749222793397991,-0.0038238255339540185,-0.007642876291439015,0.0006801495611587353,0.9999632504231615
1741341957.4542027,2,0.009089145215182773,-0.0005682250479281118,-0.007007954171726266,-0.0015226609280623571,-0.005447045329311116,0.0006339924631489745,0.9999838044960705
1741341957.4708338,2,0.009160964264170424,-0.000564198512946059,-0.00688013916190844,0.001610515792850217,-0.005018274459048071,0.0005529020981616608,0.9999859586312222
1741341957.4875507,2,0.009773517965076467,-0.0005448904315813177,-0.006771347442538954,0.003590404470012473,-0.007431707026165588,0.0007905638189004243,0.9999656262768571
1741341957.5044205,2,0.01036462523587035,-0.0005562592630789325,-0.006913491343684238,0.0034244895083969,-0.007234542220291394,0.000697112609109771,0.999967723631358
1741341957.5211866,2,0.010102582342872118,-0.0006148965220994121,-0.007638001606285279,0.0004564476044437181,-0.004985621670096279,0.0006637741373432209,0.9999872472367043
1741341957.5378234,2,0.00950438810339855,-0.0006331617960113393,-0.008078069857040553,-0.003014800142140863,-0.0065686209143587995,0.0006215652102129368,0.9999736885818926
1741341957.554538,2,0.009087266058367035,-0.0006068916373477442,-0.007776934393695761,-0.003941372005450999,-0.00790955621238921,0.0007022973490596429,0.999960704870782
1741341957.5711968,2,0.009021933967183954,-0.0005734201913277541,-0.007133770119974264,-0.0023145120242991923,-0.0059288864681730745,0.0006333533118907474,0.9999795448922539
1741341957.5879462,2,0.009092588179692699,-0.0005657758497358124,-0.006928336273808968,0.0012165996602298602,-0.004780896297934477,0.0005663246597540066,0.9999876710201155
1741341957.6045022,2,0.009696641151984181,-0.0005453974526930856,-0.006761987464754719,0.003648761926590874,-0.007229547204858056,0.0007421370127904521,0.9999669341614602
1741341957.6212008,2,0.010282197916036746,-0.0005575085373772538,-0.006904859596579173,0.0034328119103470907,-0.007283545408943508,0.000645901747906973,0.9999673737575622
1741341957.6379287,2,0.01007759598135825,-0.000616092681408699,-0.00761930460230201,0.000813946347969517,-0.005083663098221772,0.0006706212045720255,0.9999865219731946
1741341957.6546025,2,0.009490727085058588,-0.0006407373683407843,-0.008116536475876757,-0.002653741360189128,-0.006304430424510507,0.0007102188856519733,0.9999763534218948
1741341957.671373,2,0.009028605863632789,-0.0006181119934473053,-0.007915487749059778,-0.003973194275858723,-0.007720120108495545,0.000684008671748265,0.9999620720831834
1741341957.6879003,2,0.009021018887338644,-0.0005773006384929781,-0.007195064739978506,-0.002465057481534675,-0.005788343867827063,0.0006187437877344031,0.999980017661856
1741341957.7045593,2,0.008939887801439396,-0.000576226823696723,-0.007083039518015364,0.0010304390297393997,-0.004487933360408006,0.0005073025856557351,0.9999892695892517
1741341957.7212732,2,0.009642529005379489,-0.0005439983539673735,-0.006724874641946305,0.0033015397239785447,-0.006892086042654778,0.0008022245076178112,0.9999704772748398
1741341957.7379384,2,0.010235761600502142,-0.0005496831775211275,-0.0068340198098391656,0.0037655536530039097,-0.007364879252030935,0.0007065586531334747,0.9999655393733121
1741341957.7548425,2,0.010095638263689269,-0.0006072107455644771,-0.007520851783456418,0.0010103557639967666,-0.0052021321495100475,0.0006080909915250945,0.9999857735126411
1741341957.7713764,2,0.009464534911212996,-0.0006437485824419385,-0.008125921836127158,-0.0021183329862439785,-0.005775140087912989,0.000628156949074782,0.9999808827378509
1741341957.7880101,2,0.009082295709677005,-0.0006141304980394856,-0.007888560913261754,-0.0039948837600396764,-0.007632157590968067,0.0007643897897482447,0.9999626026919706
1741341957.8046768,2,0.008966547315311898,-0.0005789117002518947,-0.007268987478791758,-0.0023514448485860507,-0.006305803168199086,0.0005798191395531344,0.9999771854213942
1741341957.821279,2,0.009054207087682231,-0.0005642664538927059,-0.006920963897053676,0.0007138214178128194,-0.004506095321360007,0.0005372175212327887,0.9999894484249687
1741341957.8382092,2,0.00951462282315847,-0.0005476830819237461,-0.006794870123926648,0.003352956665020218,-0.006678642961314517,0.0006632907577971704,0.9999718563315512
1741341957.8547792,2,0.010060144302551907,-0.0005596322956653398,-0.006962914733079757,0.003647935699930864,-0.007258487939522888,0.0008220526769593733,0.9999666650180682
1741341957.8714056,2,0.01021320697158926,-0.000596403566307527,-0.007358095472762817,0.001495817787341511,-0.005405269914779789,0.0005942635108809835,0.9999840960921204
1741341957.8883035,2,0.009635789415640384,-0.0006343754879009052,-0.00798558194223221,-0.002128710789796929,-0.005909659227255492,0.0006623127798286063,0.9999800527310396
1741341957.9047837,2,0.009020525149840385,-0.0006240561831766494,-0.008047086261688293,-0.0037893845798965993,-0.007404961336958325,0.0006031869104254544,0.9999652210340392
1741341957.9215858,2,0.00898168787983022,-0.0005820002368255658,-0.007325383282294516,-0.002901034487182882,-0.0065166490036659116,0.0007120113696855847,0.9999743048321176
1741341957.9382217,2,0.009095915004320162,-0.0005648791155164727,-0.006885783917596057,0.0003263238302962397,-0.004547357817694467,0.0005311666671811608,0.9999894664003254
1741341957.9547858,2,0.009498785061820685,-0.0005478716149384405,-0.006770742093435032,0.003188374408913965,-0.006545690252233935,0.0005941137038617654,0.9999733172623444
1741341957.9716704,2,0.010180447467679913,-0.0005490774600406777,-0.006758926386132644,0.003985337653485279,-0.007511841316326725,0.0007850384749473501,0.9999635358543925
1741341957.9881356,2,0.010208075977602999,-0.0005925268795133139,-0.007346025816027486,0.001737794320108657,-0.0055792300545602835,0.0006230988575390574,0.9999827318562621
1741341958.0051692,2,0.00970903269908612,-0.0006281740133048557,-0.007957085014000697,-0.0013267701156000043,-0.005260677672715055,0.0005076079936057741,0.9999851535325958
1741341958.0217717,2,0.009161095166976219,-0.0006209610488315987,-0.008013341703075945,-0.0037498072189905895,-0.007266077739603894,0.0007324380106410621,0.9999663027295785
1741341958.038276,2,0.009096678758686756,-0.000580450733713289,-0.007330202783591021,-0.002834355689106598,-0.006690904426041609,0.0006493613662880845,0.9999733879237013
1741341958.0551553,2,0.009047472557279725,-0.0005713983959279449,-0.007021310398732077,-0.00015648353522571982,-0.004488328576401325,0.0005953334812628685,0.9999897379461149
1741341958.0716426,2,0.009380321932498652,-0.0005557774366506124,-0.006921139533360699,0.002948050575895376,-0.0061281324647549495,0.0007046900387017261,0.9999766289280194
1741341958.0882154,2,0.010154054441773877,-0.0005431238717643476,-0.00676534984584603,0.003936282616485738,-0.0075666271677248655,0.0007425872351161877,0.9999633495267045
1741341958.1050837,2,0.01023872365433816,-0.0005924800335153251,-0.0073162910054025,0.00214753107615677,-0.0058515884486030545,0.0005872067726730183,0.9999804009134936
1741341958.1215458,2,0.009809309605800788,-0.0006346148013120851,-0.007918358532744568,-0.0008707874914512796,-0.004889028216775764,0.0005038610074015708,0.9999875425505687
1741341958.1385589,2,0.009242696989800566,-0.0006285783942210432,-0.008040183223388966,-0.003467375264850436,-0.007117447365024276,0.0006131827846119641,0.999968471132291
1741341958.1551394,2,0.00897254758973222,-0.0006006285096241396,-0.007598057704072844,-0.002965257286222741,-0.00676265702186439,0.000557505935188046,0.999972581077283
1741341958.171779,2,0.009048092058157884,-0.0005760358287505339,-0.007111354689456612,-0.00039641816202343373,-0.004526179575670099,0.0005745429193481407,0.999989513170775
1741341958.1885028,2,0.009469628573424083,-0.0005556333900327446,-0.006853071802027698,0.002692343981659918,-0.0059390110231536284,0.0006580525915997286,0.9999785229687376
1741341958.2050083,2,0.010030099367778541,-0.0005544827015926188,-0.006928616031686416,0.003993589549276465,-0.007459511411249521,0.0007248333077171138,0.9999639401241894
1741341958.2220092,2,0.01042318447262056,-0.00057861455611033,-0.007141061621918111,0.002331188224287573,-0.006085987986087116,0.0005651292238476451,0.9999786032414176
1741341958.2385044,2,0.009930832325999539,-0.0006291879626821718,-0.00785325502040279,-0.0007010731385008992,-0.005061998194519427,0.0005657882326554122,0.9999867821898493
1741341958.2551389,2,0.009235034487258506,-0.0006362092328862808,-0.008178801353704915,-0.003526609176583453,-0.0068413488228328,0.000632575494726281,0.9999701789664747
1741341958.2719648,2,0.009152847483755666,-0.0005933994886332845,-0.0075221408369164165,-0.0032890590641492896,-0.006925140016946097,0.0006271151586693288,0.9999704151887674
1741341958.2885847,2,0.009189842514878598,-0.0005710887494504103,-0.007034249299419981,-0.00026397590079824953,-0.0049656618505628655,0.0005409062971435607,0.9999874898914923
1741341958.305245,2,0.009432516967410267,-0.0005613876829147576,-0.00691267024610067,0.002359485549509193,-0.005628649025386894,0.0006334462432109223,0.9999811747647791
1741341958.3219628,2,0.010141197287000607,-0.0005398235709045541,-0.006766657959440457,0.003930968985095227,-0.007424870659101886,0.0006571962304438871,0.9999644928054439
1741341958.3386781,2,0.010399861996625343,-0.0005751894577001091,-0.007156325589463682,0.0025611548261921108,-0.006298255591843647,0.0006740315394133578,0.9999766587995641
1741341958.355403,2,0.010024381026022513,-0.0006206863555348324,-0.007789947447098272,-0.0005626367981927931,-0.004983267888474978,0.0005717834628425788,0.999987261691196
1741341958.3719869,2,0.009397241924857448,-0.0006307096450540274,-0.008103784564581348,-0.0033256503488909195,-0.0068372297965074835,0.000675986876665213,0.9999708672657465
1741341958.3888035,2,0.00914681937178219,-0.0006004406550963105,-0.00764917827073937,-0.0036663786743790696,-0.00707210526424645,0.0007264218308605793,0.999968007141164
1741341958.4052727,2,0.009218067459910826,-0.0005763398528693119,-0.007072856428612333,-0.0006717675249049805,-0.005328461070114324,0.0005861958458955431,0.999985406196234
1741341958.421937,2,0.009493950922630924,-0.0005575819377301625,-0.006834848238611324,0.0020625256005514683,-0.005497555892320056,0.000665837905627519,0.9999825396111881
1741341958.4388082,2,0.009985597110222778,-0.0005545342494772514,-0.006899919267154455,0.0038755464396151573,-0.0072621359541497005,0.0006854486394296125,0.9999658852587625
1741341958.4553576,2,0.010363540347546937,-0.000576959101527519,-0.007167149183491929,0.002752576233552365,-0.006422081696071108,0.000694500653889774,0.9999753486259595
1741341958.472221,2,0.010023439362955546,-0.0006240132909457843,-0.0078079682607892715,-0.0002820351759595417,-0.0049857344653589635,0.0006378992176064934,0.9999873279160035
1741341958.4887052,2,0.009322486719693452,-0.0006414641632138599,-0.008254871414828195,-0.003156461995546606,-0.006667430887116906,0.0006356216291889471,0.9999725886733999
1741341958.5053177,2,0.009163316020993201,-0.0006041531988086524,-0.0077076355701365135,-0.003839791860354769,-0.007064235574479008,0.0006834732674560341,0.9999674421892495
1741341958.5221524,2,0.009300617691130345,-0.0005701535063521459,-0.007014124880033198,-0.0015575912060165334,-0.005299987183711809,0.0004970069354203581,0.9999846183964999
1741341958.5388024,2,0.00942982025932991,-0.000563780917375077,-0.00689992155968845,0.002130872944953699,-0.005301045312677345,0.0005450020772839439,0.9999835305002883
1741341958.555566,2,0.009915189997965273,-0.0005546169423540887,-0.006936429703770331,0.003756053451014151,-0.007081142092966657,0.0007532697405329766,0.9999675905117277
1741341958.572097,2,0.01033462455040048,-0.0005746935919753918,-0.007163295520181527,0.002896051525242374,-0.006514698421713683,0.000703698084317718,0.9999743378702493
1741341958.5887818,2,0.010106945089834351,-0.0006182535931746286,-0.0077189113876994,-0.00012714060251203653,-0.00492270639443615,0.0005613929723755039,0.999987717742049
1741341958.6056063,2,0.009508410296048585,-0.0006355921832461796,-0.008099537745450093,-0.002708832221613984,-0.006543181681700203,0.0006496451366011189,0.9999747131616239
1741341958.6221604,2,0.009213091992451182,-0.0006041588652465954,-0.007728989937024438,-0.003793952375376646,-0.007196197108985401,0.0008128205749773205,0.9999665794391606
1741341958.6390991,2,0.009202395637159575,-0.0005767803599876698,-0.0071663149415305055,-0.0015493970288544766,-0.005274556041873095,0.0004830013795778089,0.9999847724525986
1741341958.6555977,2,0.00938482134107022,-0.0005624812006858526,-0.00693840295779391,0.0016311972792784647,-0.005176224241651715,0.000642018703749795,0.9999850667435091
1741341958.67219,2,0.009975775051156578,-0.0005477283947619421,-0.006802608632273907,0.0038661850702239645,-0.007149399436011447,0.0006337919254390473,0.9999667679520666
1741341958.6890237,2,0.010398415501560974,-0.0005658970451572248,-0.007034440770359525,0.0030341088700344037,-0.006770914890749754,0.0007227916157060086,0.9999722128475308
1741341958.705586,2,0.010169589661648805,-0.0006178722169153451,-0.0076504755332057845,0.00023658045742152602,-0.004992331430234245,0.0005474384093467963,0.9999873604040032
1741341958.7224464,2,0.009593240990540632,-0.0006347554123808113,-0.008070235517920292,-0.002355834996195729,-0.0063201596667459515,0.0005703884316148968,0.9999770898777105
1741341958.7388878,2,0.009244013552928157,-0.0006098947624564817,-0.007798927866414189,-0.0036892909910840508,-0.0071876105948738105,0.0006742151744166213,0.9999671358698835
1741341958.755583,2,0.009116006794734432,-0.0005895075897788831,-0.007349586505847642,-0.002016022100403255,-0.0053803860170830685,0.0005959404608562994,0.9999833158389019
1741341958.772302,2,0.009430892146782213,-0.0005613698292501022,-0.006901322792062492,0.0013715859776030498,-0.00494779647751337,0.0005047600766692678,0.9999866915510367
1741341958.7889857,2,0.009886643595025287,-0.0005510746088725878,-0.006871176216383019,0.0036043378493284214,-0.006941107854111491,0.0006395823602544089,0.9999692098783992
1741341958.8057091,2,0.01038044698159287,-0.0005665203995200562,-0.0070339216165244255,0.0033824214518174715,-0.006999131378140877,0.0007142384368566781,0.999969530160059
1741341958.822381,2,0.010202799404251568,-0.0006111667624570672,-0.007650046681402659,0.0008215804894816367,-0.005076823205613336,0.000572882172890376,0.9999866112491979
1741341958.8390396,2,0.009647674515963645,-0.0006356530215305694,-0.008111706479462178,-0.002048237306682889,-0.0061318790115932565,0.0005670877669113959,0.999978941375861
1741341958.8558543,2,0.009343158097638842,-0.0006095826242861645,-0.007819076206807385,-0.003715474930194531,-0.007245049610139493,0.000744128708263674,0.9999665748287065
1741341958.8723934,2,0.009180796525560753,-0.0005895444836030461,-0.007397811606589055,-0.0022450947478481593,-0.005532287504079094,0.0006187675240312483,0.9999819850733794
1741341958.889269,2,0.009391671419622176,-0.0005700617107849327,-0.007014921113621794,0.0011778565934401806,-0.00475618592269644,0.00040028488943335503,0.999987915487643
1741341958.905877,2,0.009889597622343487,-0.0005558647118452273,-0.0068907401145014615,0.003423365933804955,-0.00685778509725014,0.0007209896127809886,0.9999703653225037
1741341958.9224353,2,0.010370968763041478,-0.0005683283841855037,-0.0070653618833797305,0.003338813967475993,-0.006983798268812078,0.000790386200995369,0.9999697266281037
1741341958.9393814,2,0.010337314726154822,-0.000606058912237485,-0.007557418564568542,0.0010961464918569012,-0.005272217752996272,0.000664439129434824,0.9999852802434027
1741341958.9558527,2,0.009762327436727445,-0.0006356730863173231,-0.00810518926516002,-0.001824927360459334,-0.006043918889369237,0.0006145819628117173,0.9999798812844181
1741341958.9724216,2,0.009349459942596488,-0.0006206865718835376,-0.007965748403761285,-0.003749363111115635,-0.007168585775583542,0.0007841391570790946,0.9999669688444821
1741341958.9891026,2,0.009254984362954938,-0.0005919216293274202,-0.007430838591445885,-0.0023188116601236416,-0.0059640575698092155,0.0007043496421336314,0.9999792782959908
1741341959.0059736,2,0.009409862871580346,-0.0005766480050396852,-0.007080933742942861,0.0010212486274189167,-0.004782206178372969,0.00044781222441573774,0.9999879434370798
1741341959.022883,2,0.009928778520552347,-0.0005560304692964324,-0.006885455834171296,0.0035606224038662302,-0.006563445707462455,0.0005865474383187151,0.9999719491618978
1741341959.0391703,2,0.010394622121302776,-0.0005650176366379766,-0.007060317209324732,0.0033552484546532564,-0.007130394193117122,0.0007607237521837888,0.9999686600518194
1741341959.0557861,2,0.010486258723228078,-0.0005937811205440125,-0.007412481025336446,0.0019757386928662183,-0.004402777494172318,0.0005069875896431681,0.9999882274159723
1741341959.1727326,2,0.010376651207934314,-0.000609822421138855,-0.007631412655235683,0.0011974403435270457,-0.005246780319107465,0.0005418188479874269,0.9999853718256295
1741341959.1895,2,0.009903717565993557,-0.0006436313352251739,-0.008147624921157665,-0.0018666680414958143,-0.005706538411226794,0.0006787598517405749,0.9999817449608006
1741341959.2060237,2,0.009444340698255987,-0.0006348699659435353,-0.008153181741348263,-0.003602627238164257,-0.006965409839761405,0.0006130490237226783,0.9999690636782927
1741341959.222794,2,0.009346197748789942,-0.0006009475763307814,-0.0076078362843588435,-0.00295812328944641,-0.006272943247224516,0.000628228372132302,0.9999757522153895
1741341959.2395086,2,0.009493782254226226,-0.0005750265527501258,-0.007152216055982801,0.0003955885020402957,-0.004730726320012733,0.0005062904743647358,0.9999886036391504
1741341959.2560768,2,0.009753143217323823,-0.0005726425773241151,-0.00714102366883751,0.002822995306661237,-0.0060970071481517615,0.0006469332543485392,0.999977219079864
1741341959.272927,2,0.010265811411112921,-0.0005739438150249243,-0.007205873058731744,0.0032756785035204256,-0.00706286608784615,0.0007826273128695698,0.9999693862051258
1741341959.2895334,2,0.010502477295524962,-0.0005980814270520287,-0.007472864048368357,0.0017312986811797734,-0.00559534219970706,0.0006651021320872061,0.9999826260439222
1741341959.306053,2,0.009941640315890536,-0.0006412115368365053,-0.008155916080059666,-0.0015778096126488747,-0.005275977057757755,0.0006165917905728945,0.999984647080882
1741341959.3228836,2,0.009609265387494821,-0.000624347365940226,-0.008039579857790111,-0.003442478262415231,-0.006861570876094911,0.000725841320352916,0.9999702702295218
1741341959.3393996,2,0.009343582913852604,-0.0006071601196374111,-0.007679853321306237,-0.0026540806516887265,-0.006372253107317595,0.0005866505174772523,0.9999760027557666
1741341959.3563142,2,0.009459792113174423,-0.0005815043750822977,-0.007202197035711387,-0.00023260732467899413,-0.004699782567824496,0.00045357601018388967,0.9999888260407968
1741341959.372913,2,0.009725976532979175,-0.0005698030032858346,-0.007113917074848638,0.0026938657830777664,-0.005843140570500969,0.000545141896259456,0.9999791515905364
1741341959.3895245,2,0.010277616682857755,-0.0005656001504990903,-0.007105410408289592,0.003620266716263527,-0.007011755105007493,0.000648425867507933,0.999968653760279
1741341959.4062665,2,0.010419488398148064,-0.0005966560771218824,-0.007504371053007281,0.0019056611006122695,-0.005708829268045058,0.0006705123944856044,0.9999816639005372
1741341959.4228258,2,0.010063293991641901,-0.000629379661106029,-0.007995235122436599,-0.0008619524327253905,-0.005067158703385582,0.0005820998817115526,0.9999866209607037
1741341959.4398363,2,0.009613872866582484,-0.0006264855792150466,-0.008059387419231349,-0.003020349979302502,-0.0069164842805893275,0.0006915091026838573,0.9999712803607711
1741341959.4562254,2,0.009419018369232661,-0.000598886479206932,-0.007606410999099502,-0.0026970723426468636,-0.006621260488572677,0.0005701085640525409,0.9999742795125013
1741341959.4730587,2,0.009427459730060329,-0.0005797601811513901,-0.007205920180295246,-9.50457230671725e-05,-0.004963590497936262,0.0005263603222120045,0.9999875382625978
1741341959.4897962,2,0.00968805596382013,-0.0005708653555179011,-0.007061807657919787,0.002382301358003632,-0.005627043634575534,0.0005150337119423199,0.9999811977034617
1741341959.5062945,2,0.010092623096673187,-0.00057607531114026,-0.007190881498988506,0.003473455247328464,-0.006867294373936944,0.0006830081271036489,0.9999701539928704
1741341959.5231674,2,0.010447977656682287,-0.0005909091052860062,-0.007357633803220421,0.002159564244231095,-0.005903837521823988,0.0007052632722711043,0.9999799915940857
1741341959.5397053,2,0.00993350227133643,-0.0006363744761670883,-0.008078558855966781,-0.0010038285481065478,-0.005044033417958146,0.0006397586846436823,0.9999865702917964
1741341959.5563412,2,0.00955713557976885,-0.0006283696644434056,-0.008094689147038934,-0.0031147343630610947,-0.0067673579701428375,0.0007053148848754711,0.9999720015214749
1741341959.5732622,2,0.009297269417279154,-0.000603663370915819,-0.007722985663217143,-0.002973222954909181,-0.0066205037257185805,0.0005989494989997049,0.9999734847160577
1741341959.5897472,2,0.009333784987449918,-0.0005840283347746672,-0.007258594774651514,-0.0007994662971412785,-0.004912783876903392,0.00045715708775642466,0.9999875081297844
1741341959.6067579,2,0.009660210495247587,-0.0005685392265628692,-0.006988657096938596,0.002021753576937725,-0.005451923338010156,0.0006464803841347535,0.9999828854072972
1741341959.6231513,2,0.010016031514182963,-0.0005704895199984337,-0.007140909976321154,0.0033221216917096244,-0.0067888683948662525,0.0007661849006608028,0.99997114345069
1741341959.6398716,2,0.010362574289402226,-0.0005818896535739342,-0.00733470687415875,0.0022486543334431044,-0.005946996341493134,0.0006331465741351935,0.9999795877484793
1741341959.6568124,2,0.010061136418596826,-0.000621723999132528,-0.00785907064668707,-0.000452779783653795,-0.0050075172746853885,0.0006447032192867451,0.9999871519769492
1741341959.6731293,2,0.0095016262085415,-0.0006375526724220332,-0.008151782111285732,-0.0029125591919541443,-0.0064101692513538104,0.000615601273231356,0.9999750235701864
1741341959.6901066,2,0.009236174823469528,-0.0006140172138460204,-0.007801375839743473,-0.0032711875590373416,-0.006642242091659328,0.0006090331404347261,0.9999724041345257
1741341959.70667,2,0.009292334376645308,-0.0005841978497192425,-0.007283123767537456,-0.0008238810684892683,-0.005031140360908081,0.000538545058105839,0.9999868593215985
1741341959.7232964,2,0.009503117409197572,-0.0005712394690934703,-0.007099766896882924,0.0017377051266353884,-0.005231794327968277,0.0005933968178437754,0.9999846281764632
1741341959.7401397,2,0.010042999324292692,-0.0005573966444066009,-0.007011145846068346,0.003200376255900916,-0.006809363823230422,0.000746930755651178,0.9999714157167644
1741341959.7566698,2,0.010352300383640559,-0.0005783203295829162,-0.0072617081756487,0.002574250770927855,-0.006128440870888612,0.0006594968622572007,0.9999776900058066
1741341959.7731822,2,0.010174698675113674,-0.0006123960802426754,-0.007698208321094972,8.58208382750633e-05,-0.004982921428248777,0.00047421215888712227,0.9999874690473136
1741341959.7900548,2,0.009614194293396583,-0.0006311483690356065,-0.008033598222838398,-0.0024252803993391405,-0.006376301399970234,0.0005424611171994905,0.9999765829915107
1741341959.8066697,2,0.009221981463700294,-0.0006169724500477647,-0.00786137381971716,-0.00310904701507815,-0.00662075900728983,0.0006410827142091852,0.999973043831572
1741341959.8241262,2,0.009290865415954785,-0.0005880266687324989,-0.007311365463343959,-0.0011043836358028767,-0.005310156116354817,0.0005402240220936641,0.9999851452580737
1741341959.8399944,2,0.00952665392352966,-0.000570100483184529,-0.0070489576780434285,0.0015927643978407343,-0.005115597612286298,0.0005579293857133874,0.9999854911334678
1741341959.8567946,2,0.010020743066827454,-0.0005571680278007642,-0.006979448217125094,0.0032310006558181285,-0.006645669771756604,0.0007262800970982178,0.9999724337326842
1741341959.873361,2,0.010350137314731804,-0.0005759774602885957,-0.007216404164128594,0.002597188066279702,-0.006260627521923668,0.0006855271244395119,0.9999767943356194
1741341959.8900337,2,0.010122762615374904,-0.0006143018196283466,-0.00775353666951797,0.0002700610903250955,-0.004915297567819791,0.0005300741797515405,0.9999877428939774
1741341959.9068863,2,0.009585277684894854,-0.0006371604413622467,-0.008128130543805252,-0.0022223079134844784,-0.006086509340826787,0.000604233523262843,0.9999788251025273
1741341959.9234517,2,0.009349956644818644,-0.0006112131575021374,-0.007806151020461288,-0.002993400514323878,-0.006638397314604628,0.0005851830916328391,0.9999733140415317
1741341959.9401026,2,0.009405504939121026,-0.0005819148764975419,-0.007242334652106463,-0.0006847238317245908,-0.005249340833047098,0.0005884444377163054,0.9999858145530047
1741341959.9568546,2,0.009500011886496068,-0.0005758446278663407,-0.007109802366726812,0.0013695631505066502,-0.004957586747118249,0.0005683058911737816,0.9999866117397951
1741341959.9734716,2,0.009911669769550763,-0.0005675589159880319,-0.007095774546950894,0.00308318449167388,-0.006513528196365675,0.00062038307165865,0.9999738411821931
1741341959.9903944,2,0.01032871430965701,-0.0005813204892572871,-0.007239445884287704,0.0027979697461362543,-0.006379577156967652,0.0007183611542509943,0.9999754778582574
1741341960.006936,2,0.010187338967120992,-0.0006151890516918966,-0.007726540355189362,0.0007326858616840821,-0.004981371126688745,0.00047848885734758085,0.9999872099989777
1741341960.0236402,2,0.009713913694838178,-0.0006326169376080962,-0.008085891583190919,-0.0022401503960237175,-0.005867408565646809,0.0006662970196961054,0.9999800554467115
1741341960.0403452,2,0.009402259067002618,-0.0006128350208595085,-0.007874188356201184,-0.0028519477382381686,-0.006624618086668814,0.0005876702545188353,0.9999738173937236
1741341960.0568857,2,0.009452626486851422,-0.0005807418505846477,-0.007295199852284374,-0.001552218144093903,-0.005388329397086447,0.0005271684281150976,0.9999841391835121
1741341960.0740664,2,0.009595793292633615,-0.0005709342322226999,-0.0070468433329881515,0.0011751224100455717,-0.004913400044833923,0.0005459661554150035,0.9999870896708007
1741341960.090253,2,0.009944380412922827,-0.0005675219271855418,-0.007072122270380226,0.0029017827064933815,-0.006409065956524418,0.0006763104799788861,0.9999750227554806
1741341960.1070933,2,0.01032145005257995,-0.0005825701409833505,-0.007262909447157865,0.0028005147981605607,-0.006453412879502855,0.0006802712011516708,0.999975023593172
1741341960.1237206,2,0.010243846402962675,-0.0006153341580016002,-0.007717423566040281,0.0008826940156937313,-0.0050068025150750576,0.0006178892000747244,0.9999868854103969
1741341960.140276,2,0.009827062801293588,-0.0006327871567100562,-0.00805111227667262,-0.001783633332055689,-0.005312843372094638,0.000556315907121132,0.9999841413042768
1741341960.1572306,2,0.009389041842368216,-0.0006238727786058512,-0.008002992634657207,-0.0032233347039809304,-0.006683421096380891,0.0006979495786285473,0.9999722270454416
1741341960.1737664,2,0.00939073543722486,-0.0005924735219195209,-0.007444110716187937,-0.0017399682696157943,-0.005797555508107236,0.0005361297026451336,0.9999815365422968
1741341960.190478,2,0.00950083205769204,-0.0005817272567161014,-0.007202080658689673,0.0011325202038846383,-0.0047543641537011625,0.00046035960092047557,0.9999879506716667
1741341960.20726,2,0.009923646901263704,-0.000564802436656979,-0.007093094865866777,0.002885606545396458,-0.006289754574920208,0.0006828099418366451,0.9999758227241475
1741341960.22383,2,0.010328140747840314,-0.0005757053185283135,-0.007243752830078234,0.002772822221609319,-0.006534094435034255,0.0008076853541989711,0.9999744820300216
1741341960.2407098,2,0.010314813647068162,-0.0006076972802668943,-0.007648301632345324,0.0008979402573212516,-0.005165367513150244,0.000622611987558,0.9999860624209027
1741341960.2572362,2,0.009901784612518227,-0.0006319396835956753,-0.008026097955500168,-0.00186188552291715,-0.005653808062034618,0.0005910291631620913,0.9999821091005706
1741341960.2737598,2,0.00940973812471701,-0.0006290392105845607,-0.008069569883729375,-0.0034014601419274167,-0.006719781729496204,0.0007376898598285028,0.9999713647980534
1741341960.2904515,2,0.009441989649131911,-0.0005952676515628698,-0.007469383280776212,-0.001791462746966362,-0.005692319793174566,0.0005392616297399636,0.9999820485156187
1741341960.3072307,2,0.009470559165380105,-0.0005861019138866314,-0.00725521881278118,0.0005428298267493707,-0.004674420358481018,0.000499795055774505,0.9999888026048059
1741341960.3240352,2,0.009759809657064876,-0.0005789382960935318,-0.007249554978721311,0.0025923199078685074,-0.0059739256081302846,0.000666387657844323,0.9999785737793653
1741341960.3404706,2,0.010323426981971119,-0.0005735339228360404,-0.007193054993258279,0.0027145052417799223,-0.00663880851506952,0.000805164511680039,0.9999739543572631
1741341960.3572512,2,0.010450293840430799,-0.0005994371882874756,-0.007463086548745189,0.0013227502057997886,-0.005206062716538682,0.0005462367993936627,0.9999854243278967
1741341960.3741171,2,0.009960454734548926,-0.000629745830306724,-0.007957407597610027,-0.001219200574982588,-0.005427454915496306,0.0006323603232983982,0.9999843280789553
1741341960.390679,2,0.009481559853742036,-0.0006278871974941884,-0.008027878503029032,-0.0028831811895008584,-0.00672680381935204,0.0006642895960160838,0.999972997683406
1741341960.4074922,2,0.009430790101601173,-0.0005956649327827726,-0.0075090859046617175,-0.002128115491940102,-0.005606750031271132,0.0005424357472781861,0.9999818704566598
1741341960.4240036,2,0.009505311836808392,-0.0005811236943435211,-0.007185702197484205,0.0002586339123493491,-0.004691592073164671,0.0006077484333247463,0.9999887762940943
1741341960.4406211,2,0.009797493962059521,-0.0005706795060840781,-0.007125143287479754,0.0024406486899495434,-0.005847422232459716,0.000603049352001191,0.9999797434041785
1741341960.4574804,2,0.010242909991049381,-0.0005723561778443241,-0.0071855784536755994,0.0026936752149537817,-0.006489043352398088,0.0007593483982477929,0.999975029598348
1741341960.4740453,2,0.010293487163729078,-0.0006048461570564361,-0.007570682175032911,0.0012533420924251211,-0.005262842347098748,0.0006352483313333648,0.9999851639317388
1741341960.4906795,2,0.009947731189414137,-0.0006284533142223576,-0.007965725767413449,-0.0009002717780701365,-0.005040125593549393,0.0005893951021308631,0.9999867195408849
1741341960.5076632,2,0.009582913207170949,-0.0006197176269797576,-0.007911968770943573,-0.002699449688183968,-0.006692504493520793,0.0006043088116723654,0.9999737787391453
1741341960.5241024,2,0.00944385693220367,-0.0005956227450406951,-0.007497252645692583,-0.0019954947526156386,-0.005722279838974731,0.0005780065472788623,0.999981469539595
1741341960.5410123,2,0.009424617302882458,-0.0005834840396344713,-0.007240905864430641,-8.064916486011451e-05,-0.00462167830198291,0.0005879670498300034,0.9999891438811391
1741341960.5573466,2,0.009711100372774095,-0.0005720224179266188,-0.007130369818523705,0.0020868109313994768,-0.0057364344310537685,0.0006297979552932683,0.9999811707700751
1741341960.574229,2,0.010206882089197573,-0.0005671608837486704,-0.007112924747967887,0.002770990777310373,-0.006499867680882932,0.0006816269938670997,0.9999748040400239
1741341960.5908835,2,0.010279709860154314,-0.0006032840962788678,-0.00749268468986402,0.0014537353607312633,-0.005362737596156192,0.0005467919671042275,0.9999844142373022
1741341960.6074297,2,0.009973709502469641,-0.000625036148731256,-0.007876866230715127,-0.000711974396824774,-0.005321244285985802,0.0005851519419055916,0.9999854174181302
1741341960.6245244,2,0.009442775171397078,-0.0006355750913476116,-0.008063481365293551,-0.0028919036201258,-0.006261139921664739,0.0006186966904860859,0.9999760258299888
1741341960.6408696,2,0.009366618730225191,-0.0006021180977723033,-0.007580025422276156,-0.0024747331862831775,-0.005844993029839339,0.0005751602572138333,0.9999796902651655
1741341960.6574633,2,0.009429653830806246,-0.0005807471666169343,-0.0071961182210676594,0.0002526942536694228,-0.004687024002501154,0.0005370674880242093,0.9999888396927875
1741341960.674231,2,0.009707147712402458,-0.0005672805561824401,-0.007052226217803857,0.002173075196017065,-0.00554893759436162,0.0005597099419490569,0.9999820867198308
1741341960.6908984,2,0.00999889071710226,-0.000574466676297629,-0.007253382344653478,0.0026569290714014405,-0.006374344415422906,0.0006893434943220865,0.9999759163433538
1741341960.7078488,2,0.010248820437692634,-0.0005961759308000128,-0.007449071787262391,0.0015114789027123412,-0.005465379336663073,0.000638761154450506,0.9999837183896648
1741341960.7242625,2,0.009983168240383046,-0.0006233315552870655,-0.007837586840975058,-0.0006184172202397018,-0.005082785135301429,0.0005691859184507682,0.9999867293533452
1741341960.7410486,2,0.009437459982450557,-0.0006319261616118108,-0.008086872356141604,-0.0023353562139854316,-0.006258868328889027,0.0007463780307490741,0.9999774075440058
1741341960.7577345,2,0.009491482437134642,-0.000590730393742217,-0.007454880201390775,-0.0018164075017958563,-0.0062567450046096835,0.0005941913648815643,0.9999786001422014
1741341960.7742712,2,0.009370984709676894,-0.0005854788335586242,-0.007258492605543603,-4.9756741702110695e-05,-0.004722591980346406,0.0005142704291886284,0.9999887150239144
1741341960.791154,2,0.00961126664133503,-0.0005737590301549153,-0.007123502517039618,0.0018694206116842802,-0.005446752663967501,0.0005510871017056785,0.9999832670875051
1741341960.807828,2,0.010024397270054391,-0.0005737225009292613,-0.007160927182139995,0.002875730221127286,-0.006391476435136545,0.0006435246131049229,0.9999752322336521
1741341960.824283,2,0.01020352582626782,-0.0005939657185110482,-0.007458248825427832,0.0018537925804126283,-0.005621683133527586,0.0006813136829916565,0.9999822478141701
1741341960.8410666,2,0.009972671758120827,-0.0006236624189912046,-0.007855674766679158,-0.00013620167444208068,-0.005041859558175677,0.0004902996617004606,0.9999871602713413
1741341960.8576617,2,0.009651015903832175,-0.0006201019209390535,-0.007894375269576854,-0.0018087773525737954,-0.006194328560020872,0.000606351438289133,0.9999789952574567
1741341960.8745706,2,0.009314704030452035,-0.0006073011636481486,-0.0077257417062975625,-0.0027256338046660264,-0.006147460421007155,0.0006126127233145301,0.9999772019183168
1741341960.8910725,2,0.00944710238200423,-0.000579971539212146,-0.007207550311006465,-0.0007392788526488263,-0.0047292679297712345,0.0005187827869148383,0.9999884091108489
1741341960.9077945,2,0.009640227984178908,-0.0005686486657228261,-0.0070865129980916125,0.0018009335964087024,-0.005308981964101978,0.000586735504712266,0.9999841134188752
1741341960.9245565,2,0.010001123469653431,-0.0005750973983156502,-0.0071610925628536335,0.0028387112861620813,-0.006370969978486381,0.0006157825008424731,0.9999754863353795
1741341960.9410732,2,0.010222714684013486,-0.0005948570558960942,-0.0074291315219975965,0.001992041095806857,-0.005756776055964034,0.0006485287155619625,0.9999812351800503
1741341960.958233,2,0.010126456582578304,-0.0006150435685357455,-0.007708104854848916,-5.002074136523005e-05,-0.0049827474745984,0.0006176182382477427,0.999987394057166
1741341960.9747329,2,0.009659413627288173,-0.0006222730495011696,-0.007963079109871946,-0.002178258557842416,-0.006080625466530947,0.0004887895536301774,0.9999790209141206
1741341960.9912047,2,0.009482015055817198,-0.0006012966182806139,-0.0076252946825990115,-0.0019108713659451058,-0.006170450119934376,0.0006289238348922093,0.9999789390635935
1741341961.0090315,2,0.009491424732283395,-0.0005816451923306169,-0.007221938815128534,-0.0006210514613653458,-0.004770103182189874,0.0005351990554398195,0.9999882869177442
1741341961.0243926,2,0.009552785335191804,-0.0005809738017473083,-0.007213556706072023,0.001260416338582395,-0.005154890521281342,0.0006101377408173871,0.9999857329913784
1741341961.041334,2,0.010018892425731684,-0.0005729019443007356,-0.007139966865053167,0.0026312379506478324,-0.006364697158307369,0.0006577929622903073,0.9999760669762797
1741341961.057993,2,0.010255817875674877,-0.0005899605918855807,-0.007399668545330936,0.0020235383544026067,-0.005876659031029024,0.0005950691198483209,0.9999805078419799
1741341961.074567,2,0.010194601265869612,-0.0006136889870592734,-0.007684697631596981,3.425107877691813e-05,-0.004953338541665792,0.0005882643369489574,0.9999875585272174
1741341961.0914485,2,0.009713887655355167,-0.0006280879489877375,-0.007998065086957062,-0.0011882578128944437,-0.0059508486568863195,0.000619836084305375,0.9999813954503661
1741341961.1080718,2,0.009365086665757034,-0.0006146509186389348,-0.00786052153747524,-0.002662180012511056,-0.006166640713264162,0.0006265092891957549,0.9999772461541337
1741341961.1247568,2,0.009508475071600528,-0.0005828643143985649,-0.007284533717572331,-0.0011048910253696437,-0.005098883556787954,0.0005573454627664018,0.9999862348894266
1741341961.141298,2,0.009717381852472161,-0.0005703767258932425,-0.0070556256411831155,0.001210328552730975,-0.005055961841468258,0.0005689360737552167,0.9999863242396848
1741341961.1579058,2,0.009981685388788396,-0.0005729594641581341,-0.0071762452019564155,0.0024726608673795026,-0.006284813965650911,0.0006693505593632643,0.9999769692505327
1741341961.1747475,2,0.010259395099439851,-0.0005891321754403553,-0.007396029523846103,0.0020721641656907034,-0.005922041342486381,0.0006762065916247731,0.9999800889551019
1741341961.1914973,2,0.010232815087914343,-0.0006111003248695945,-0.007673341291949261,0.0004075984874172257,-0.004943864170178569,0.0005119186442068361,0.9999875649276053
1741341961.2081623,2,0.009752875970846236,-0.0006296256468215638,-0.00801117883192563,-0.0018438131049235858,-0.005453280706324458,0.0005935215762787499,0.9999832547672539
1741341961.224702,2,0.009453999114268336,-0.0006176849413697688,-0.007853538219493913,-0.002285203610370981,-0.006157098931440988,0.0006478967356073801,0.9999782238664138
1741341961.2413363,2,0.00944657305084224,-0.0005952060748438144,-0.00742079218896128,-0.0011767562888121842,-0.005333832615157023,0.000566127189220775,0.9999849223734705
1741341961.258388,2,0.009663769152419332,-0.00057470118743052,-0.007121132857418663,0.000988591765849627,-0.004981309722389864,0.0005831455181839394,0.9999869345051838
1741341961.2747936,2,0.009888762140348393,-0.0005782150454811015,-0.007255414875676353,0.002264143759181979,-0.006161513319834421,0.0006585676277358871,0.9999782376108627
1741341961.2916036,2,0.010235821394975008,-0.0005878478777283288,-0.007387605914963258,0.002107233328970143,-0.006000922428269403,0.0006388290380447147,0.999979569988891
1741341961.308128,2,0.010167475882992461,-0.0006145676821614533,-0.007746151805389941,0.00039855649324958706,-0.00489571019227568,0.0005986669437696787,0.9999877573112209
1741341961.324755,2,0.009027580666080516,-0.0006749890424491005,-0.008768646810664513,-0.00980968092347615,-0.010128509987835273,0.0006870642277690415,0.9999003507291878
1741341961.3416984,2,0.007035141343430569,-0.0005993095581315116,-0.007383816357709423,-0.014107190866101151,-0.025650855052012724,0.0016568535705180625,0.9995700453881228
1741341961.3581445,2,0.00637310279237101,-0.00054354491126559,-0.005677702931026632,-0.0060863648843276896,-0.010904020567465757,0.0008777302730780404,0.999921640973695
1741341961.374965,2,0.0063594309030378235,-0.0005003669141636039,-0.005318496853971617,0.0022370115241025917,-0.005227001239771924,0.0006034449051607857,0.9999836549122826
1741341961.3916044,2,0.008179803006714417,-0.00041024287452592065,-0.004585618287236702,0.006729338043445445,-0.01498098127674125,0.0015307795941183725,0.9998639622085183
1741341961.40825,2,0.008729293821205771,-0.0004865414241952391,-0.005499287902837457,0.003629757349452515,-0.007940517473087478,0.0009429687527162789,0.9999614411834964
1741341961.425212,2,0.007671212558844347,-0.0005690138396425729,-0.006842964080441407,-0.00290970014930721,-0.006906885078778014,0.0010374144885712535,0.9999713757676909
1741341961.4415877,2,0.005964298779575313,-0.0005460192258570156,-0.007099306866897224,-0.01232598025896204,-0.0204842287176386,0.0016437408777790611,0.9997128411201017
1741341961.4584534,2,0.005253827371314616,-0.000424580218547397,-0.004955402491419703,-0.010932017405950959,-0.022384047296471636,0.0017591263650661452,0.999688126815807
1741341961.4750657,2,0.004100965480921915,-0.00041854466502984686,-0.003965653840970679,-0.006790632846157769,-0.0112700440658532,0.001126154101777165,0.9999127987925954
1741341961.4915614,2,0.004116125968328926,-0.0003680378826717007,-0.003302748218271406,0.0007446164976269448,-0.0027003826093608078,0.0006321094344878216,0.999995876950349
1741341961.5085378,2,0.005592742284398263,-0.00029803683291055726,-0.0025827583359005406,0.006070196509741816,-0.012068361628124278,0.0012644965460042459,0.9999079499686114
1741341961.5250285,2,0.006784768951916401,-0.0003462846283448089,-0.0030043292470032573,0.005680846965988646,-0.012613243133913965,0.0013695687900016182,0.999903374510119
1741341961.541814,2,0.0063462100849471376,-0.00045801417839805986,-0.004568899403437725,0.0014403629015367796,-0.0040642636088876315,0.0006449288058506239,0.9999904955462651
1741341961.558522,2,0.005466142378235795,-0.0004642996194760177,-0.005271156099553289,-0.003906755258269442,-0.00697394679706391,0.0008424144358591572,0.9999676953118746
1741341961.5749218,2,0.004877309881315941,-0.00040903916080440157,-0.004522201219752579,-0.0072717148536749765,-0.013001103737993696,0.0011370458635888278,0.9998883940677504
1741341961.5918975,2,0.0042503678281494255,-0.00039650425763134296,-0.0037834964114360527,-0.004184406201529575,-0.006777361213084538,0.0007814228814219877,0.9999679732361473
1741341961.6084473,2,0.004386466716256295,-0.0003483231124612301,-0.0032671216868951024,0.0011021256152330718,-0.0026777331674442723,0.0004906144855415366,0.9999956871715192
1741341961.625137,2,0.005737451237680626,-0.000283729987420031,-0.0025562359111245825,0.005379155939176801,-0.00960057505335538,0.0009475991872421459,0.9999389959871589
1741341961.6418862,2,0.0068139565276184215,-0.0003463296062042263,-0.002878441200473738,0.005819546496250688,-0.011794881942831929,0.0012353396747394013,0.9999127399800548
1741341961.6585147,2,0.006269271192630551,-0.00045927909901737497,-0.004707538289794917,0.0026189752212620993,-0.005286398730908768,0.0006381604693324251,0.9999823936992409
1741341961.675295,2,0.005960642562111102,-0.00042741679988904,-0.005199818527793286,-0.0008769154814876535,-0.0040608797200191536,0.0006257338558095212,0.9999911743271936
1741341961.6919775,2,0.00598496184304572,-0.0003891301995754664,-0.004565043538432517,-0.003558103453751361,-0.006185169809371057,0.0007330882649590658,0.9999742727469729
1741341961.7085876,2,0.005684033288455703,-0.00043190282876173314,-0.004237054348497986,-0.0020067910693757286,-0.004099549021575574,0.0003999632229743504,0.9999895032033305
1741341961.7253444,2,0.005452658224061647,-0.0004378649042561326,-0.004553230366035034,0.0021798902548261644,-0.004315434028746283,0.0005963218772431977,0.9999881346835268
1741341961.741847,2,0.006602898716999294,-0.00035776746557646783,-0.004231568205385687,0.005019529508408686,-0.010032919698716178,0.0009440064040661635,0.9999366248406657
1741341961.7592044,2,0.008252853355690403,-0.0003737901670425054,-0.003783765903827507,0.005552926789852256,-0.011364308503053522,0.0008996030612292211,0.9999196008733133
1741341961.7755954,2,0.007814906474537777,-0.0005355235132311651,-0.005440235575402451,0.002905258378183022,-0.006457595183500833,0.0006724014921945568,0.9999747030872508
1741341961.7922306,2,0.007017295849348004,-0.0005545199786523378,-0.006721692467754157,2.3882132001140825e-05,-0.00341641933386823,0.00037941185058353743,0.9999940917601596
1741341961.8089898,2,0.0076723511325377325,-0.0004546537430092563,-0.005759223361884308,-0.0008975156738663761,-0.004432284933488412,0.00040534537835618757,0.9999896924523811
1741341961.825336,2,0.007991929330464767,-0.0004863133308682085,-0.005265667945098693,0.0005475555104944644,-0.004118221829565541,0.0003205095872503507,0.9999913188150835
1741341961.842136,2,0.0078788095690621,-0.000542016769752994,-0.00579093097068723,0.002777308780306925,-0.006232608052436012,0.0005494479671837687,0.9999765693553699
1741341961.858795,2,0.00846719980763356,-0.0005050050528271847,-0.006068232060871584,0.004182555898553629,-0.008582055497117977,0.0007886908327249207,0.999954115205478
1741341961.8753743,2,0.009529818374077485,-0.0004963321440904437,-0.005784115953398382,0.0025935353068505364,-0.006855930974327925,0.0005138471665696992,0.9999730025086562
1741341961.8921728,2,0.009211157328279422,-0.0006073588530718563,-0.006449078003261927,-0.00010459059568775336,-0.00473693677441124,0.0003065520135611423,0.999988728194806
1741341961.908738,2,0.007976144339865088,-0.0006522752379672067,-0.007466000251006349,-0.0030053588460075093,-0.006420938231516785,0.00044831122500443323,0.9999747688754348
1741341961.9254496,2,0.008057280442403184,-0.0005472424423289878,-0.006658844180103274,-0.0022244965388297866,-0.005709327166021744,0.0004261392567466139,0.9999811366239836
1741341961.9421732,2,0.008799187040013269,-0.0005047971945799878,-0.005616977131317477,0.0010400649649872343,-0.004943852531398322,0.0004497705242222441,0.9999871370640184
1741341961.9592125,2,0.009169509484629352,-0.0005533424380173354,-0.005978729863108064,0.00471391852546615,-0.01025663985808606,0.0007726869567873387,0.9999359895842451
1741341961.9756205,2,0.009686583462978342,-0.000571766364724037,-0.00689478555369753,0.005485341379866757,-0.013287809939703028,0.001163442246284344,0.9998959903605437
1741341961.9922302,2,0.010526899625742783,-0.0005701765468409617,-0.007214569335655409,0.0030006488012887128,-0.007756195683981589,0.000636312532962749,0.9999652157158485
1741341962.00908,2,0.010168267642628133,-0.0006485021233300979,-0.007788752227329189,-0.0018601365158736312,-0.006903334642179781,0.0005630150412762826,0.9999742831078327
1741341962.0255103,2,0.008690600444541202,-0.0006940618535859849,-0.008389707154442923,-0.006400090163859394,-0.01347521904971047,0.0009188069630386113,0.9998883003172012
1741341962.0422244,2,0.007872731307561729,-0.0006100681169289394,-0.007643995411703643,-0.006581101798531916,-0.013309135213132877,0.0009397301373794723,0.9998893303392455
1741341962.059133,2,0.008174857759947455,-0.0005262075179263425,-0.0062284545378653525,-0.0016501332283489756,-0.005301747659832508,0.00044345237668620783,0.99998448582069
1741341962.0755317,2,0.008756206576177943,-0.0005239370655860109,-0.0058846911808876105,0.0038214750224725117,-0.008828027590753655,0.0007923042683348923,0.9999534161707014
1741341962.092326,2,0.009649900501137374,-0.0005425985304776972,-0.006484492259838836,0.006200079543493001,-0.016955842809722874,0.0013524990143726624,0.999836101145924
1741341962.1089835,2,0.010815421107527702,-0.0005628378672772507,-0.00697214197952303,0.0048576121606222575,-0.01270997126741454,0.0012143396640543088,0.999906688453307
1741341962.1257968,2,0.010551350853129447,-0.0006512699799728459,-0.00799012546635849,-6.424407529843763e-05,-0.005554078494463542,0.0007000610469898051,0.9999843288768612
1741341962.1425173,2,0.009241543581087934,-0.0006861554126039724,-0.008605228670521738,-0.00669949472839079,-0.014854588983042063,0.001031167721898509,0.9998666884388431
1741341962.1589875,2,0.008185437841427282,-0.0006169268550292196,-0.007767389105793988,-0.008136301163315684,-0.019572122201180295,0.001342973874572752,0.999774439089685
1741341962.1758013,2,0.007740488583004798,-0.000552098308332671,-0.006386183338988814,-0.005411259992838823,-0.010936028504107673,0.0008215079587934466,0.9999252205392766
1741341962.1924007,2,0.007796280436777114,-0.0005355961678457378,-0.005832253855583992,0.0009691226589850045,-0.004720454348324806,0.0004863698858714606,0.9999882707093875
1741341962.209063,2,0.008776816976331281,-0.0005026546112140968,-0.005785102856553691,0.005676002286284208,-0.014258038783196423,0.0012837657000810696,0.9998814146056173
1741341962.225952,2,0.010198574304223334,-0.0005068068669262661,-0.006050765091561248,0.0058112280988291175,-0.01600448907649908,0.0014335442198259386,0.999854004796877
1741341962.2424443,2,0.010428373015905592,-0.0006066117592372187,-0.007062377893939708,0.0019197932701862101,-0.006612445639515195,0.0006490400314940606,0.9999760840657649
1741341962.259139,2,0.009070254869880716,-0.0006830795262312649,-0.008364129616305935,-0.0045048618943546725,-0.00956622879802842,0.0008044872288294528,0.9999437715622791
1741341962.2757795,2,0.007955145545520376,-0.0006162491938343069,-0.007891606946042148,-0.008189113978778901,-0.018734116264856864,0.0012499718813239382,0.9997901824234489
1741341962.2925184,2,0.007359085753064619,-0.0005464731067521032,-0.006560775312756253,-0.006948436766782116,-0.014352766519607908,0.0010920306147229888,0.9998722542349439
1741341962.3093472,2,0.007222452789026081,-0.0005252868711600683,-0.00574300263277182,-0.000525740258173199,-0.00428302204257773,0.00048295250178641313,0.9999905729936881
1741341962.3259537,2,0.007858296289634128,-0.0004934329769551811,-0.005613273844015798,0.004939342603221798,-0.01065337802620838,0.0009888637453293152,0.9999305628791291
1741341962.3425732,2,0.009283465913264618,-0.0004770199889646019,-0.005748109271508307,0.0062790100551802725,-0.01644769075815191,0.0014894326508722085,0.9998439023626786
1741341962.35934,2,0.009896814289065815,-0.000557566198192709,-0.006640625236383349,0.0035841192596303235,-0.009015643258198428,0.0009087290821381826,0.9999525221115395
1741341962.375812,2,0.009145816304170506,-0.0006315793101751927,-0.007777204969278947,-0.0017886401118489,-0.006012556888920946,0.0006206448363535393,0.999980132165732
1741341962.3928163,2,0.008028537754404557,-0.0006116091698696977,-0.00786322465888056,-0.006899829250508767,-0.015363267873067812,0.0011858289716212614,0.999857467925416
1741341962.4093046,2,0.007461948451337993,-0.0005460624997013059,-0.006602989922678987,-0.007200747205218675,-0.015902402039845498,0.0011811473014088827,0.9998469221536376
1741341962.4259198,2,0.007025259442853317,-0.0005224426495144325,-0.005815783854815961,-0.0021427955304344853,-0.005666184828735465,0.0005282447430834357,0.9999815116962377
1741341962.4426572,2,0.007400890575776573,-0.00048149522445808046,-0.005446282193841338,0.0027037430397747813,-0.006441260351485779,0.0007212946548351595,0.9999753395322708
1741341962.4598978,2,0.008847940987361795,-0.00045359704656310496,-0.0051143465086017775,0.005367534865192082,-0.014252739799084167,0.0012969863532138685,0.9998831765781891
1741341962.4761372,2,0.00955665355689532,-0.0005309772506582681,-0.005906028052356794,0.004615164283715994,-0.010972081830606863,0.0011359681464931728,0.9999285090721771
1741341962.4926598,2,0.009087391209093751,-0.0006068137647889979,-0.007215506039608462,0.000715041679673856,-0.0046806089512455296,0.0005106707501384142,0.9999886598510138
1741341962.509329,2,0.008478665175398997,-0.0005839018971733175,-0.007470450912898406,-0.0038984957063849294,-0.008591589676584131,0.0007886491257292003,0.9999551811709428
1741341962.526254,2,0.008009781949985001,-0.0005508535401957116,-0.006717010837561979,-0.005380877033989672,-0.011373997077271861,0.0009243899583637775,0.9999204087606355
1741341962.5426588,2,0.007637694695144345,-0.0005387350940541954,-0.006040122646792227,-0.002569297170008085,-0.006413944305176553,0.0006493367999705146,0.9999759189061617
1741341962.5595748,2,0.007417614619061647,-0.0005205793326863321,-0.006095440929598952,0.0011336561583174926,-0.004332851468969271,0.0005302442590005681,0.9999898299797295
1741341962.576037,2,0.00855189634968574,-0.0004829028352822068,-0.0055567545138576575,0.00395793302851407,-0.008937053578109958,0.0009323493489584056,0.9999517961202807
1741341962.592842,2,0.00951632099663589,-0.000525448282940671,-0.005580447322244131,0.003612590932059632,-0.008433851689169904,0.0008649429317581146,0.9999575347014329
1741341962.609461,2,0.00878740897835254,-0.0006228698486488245,-0.007054652541444916,0.0011415777754905769,-0.004564931180388366,0.0005371011780217644,0.9999887848000223
1741341962.6260514,2,0.008216518427803987,-0.0006019868593425312,-0.007530430682885761,-0.001916460255997693,-0.005688328463443421,0.0006539330935178033,0.9999817710692973
1741341962.6430318,2,0.008475589777703942,-0.0005363874020066187,-0.006492339272044475,-0.002980668355002076,-0.007121517255897815,0.0007122942431319872,0.99996994567089
1741341962.6595376,2,0.00829956148630813,-0.0005576067507497279,-0.006141817966774014,-0.0006778300128999239,-0.004760688054501411,0.0004849430014906736,0.9999883205447985
1741341962.676243,2,0.008060037892341927,-0.0005630632934809556,-0.006526242811703668,0.0019393839236612035,-0.005066092083966558,0.0004994999696590317,0.9999851618903021
1741341962.6929736,2,0.009009505476395452,-0.0005038616162614357,-0.006126037722430495,0.0030213088824771308,-0.007271614646597434,0.0007901293772897204,0.9999686850140034
1741341962.7094243,2,0.009551077075047827,-0.0005504982116375414,-0.006252255702494544,0.002044742808679975,-0.0060137573120806935,0.0005599130828918117,0.9999796699169325
1741341962.7264638,2,0.008845935788523582,-0.0006439825760450404,-0.007238736076819566,-0.0005839923269022441,-0.00472926209465448,0.0004782683011217072,0.9999885320804607
1741341962.7429688,2,0.008064155014220753,-0.000627250692218133,-0.007631729213841363,-0.0029436204345066348,-0.006705085440165512,0.0007260016934490827,0.9999729245582195
1741341962.7595901,2,0.00837267580863252,-0.0005362852586694598,-0.006492554465582598,-0.0023274230907984667,-0.006482512023176978,0.0006791062594528957,0.9999760491903366
1741341962.7764091,2,0.008552918699002663,-0.0005440415602573144,-0.005945595085241281,0.00021170350939407582,-0.004392539608768126,0.000554680478825705,0.9999901765052375
1741341962.7930343,2,0.008539062606755526,-0.0005761722271903855,-0.006445959222819728,0.0030459355254082933,-0.007337915666734964,0.0006856034527965516,0.999968203103653
1741341962.8098807,2,0.00931670466535442,-0.0005413037734121761,-0.006605871213800301,0.003909370498835768,-0.00901223881462549,0.0008420431028217068,0.9999513924872869
1741341962.8263042,2,0.010016542654811668,-0.0005604378493820356,-0.006675666913105022,0.0018724655047680867,-0.0063479268074427015,0.0006397920004575976,0.9999778939378494
1741341962.8429425,2,0.009537008680015197,-0.0006359762812605734,-0.007278517922187257,-0.0011155479547161153,-0.006045272357687333,0.0005650675456209866,0.9999809452852345
1741341962.8597543,2,0.008145922848030616,-0.000665858398673377,-0.008034128887900149,-0.004446163558859899,-0.009374886864798933,0.0007249124267435915,0.9999459073509195
1741341962.8762326,2,0.008062777524427094,-0.0005709072708935111,-0.006991050847559437,-0.003612346151540909,-0.008006128796345784,0.0006967166854200692,0.999961182968038
1741341962.8932939,2,0.00843794771634347,-0.0005309138580916968,-0.00602640452370493,-0.00022468301471433632,-0.0044410303681943885,0.000520903090822586,0.9999899776631672
1741341962.909814,2,0.008797195052029243,-0.0005453674180584068,-0.006123736957045202,0.0034824170453424826,-0.00841213862155701,0.0009214872803915349,0.9999581289016686
1741341962.9263945,2,0.009522131879266696,-0.0005506954325167382,-0.006610933216441023,0.004378459718987773,-0.011864866791375836,0.0011392745527565398,0.9999193747897905
1741341962.9432566,2,0.010209548042276096,-0.0005774233117942038,-0.0069954430501637434,0.002759431866470649,-0.007485474360006227,0.0006413931414721183,0.9999679703991613
1741341962.9602296,2,0.009760362537839547,-0.00064596406434796,-0.007680690173918273,-0.001155437674923658,-0.006072519580798511,0.0007036903174735422,0.9999806469575584
1741341962.9767358,2,0.008437535506976158,-0.0006660548821115174,-0.008227584444743063,-0.005298360747450486,-0.012177801808286974,0.0010042762380113918,0.9999113060395636
1741341962.9931338,2,0.007996819758795097,-0.0005810476802673554,-0.007209905186681724,-0.005110296447248687,-0.01144234248159872,0.0008947874850928855,0.9999210753975093
1741341963.0098076,2,0.008065043407657306,-0.0005403768030244053,-0.00621975452367086,-0.0013753245902817972,-0.004603112762654398,0.0005951907122833383,0.9999882827229435
1741341963.0265856,2,0.008547813408533066,-0.0005308678091934674,-0.005991293669790023,0.0033139949113655254,-0.008089137701300096,0.0008563378976360964,0.9999614242431465
1741341963.0432317,2,0.00947388883118813,-0.0005282530001497665,-0.006376371459502714,0.0050876922043252455,-0.014693061700633989,0.0014116997471665966,0.9998781107863695
1741341963.0599878,2,0.010469607621476964,-0.0005605962568326912,-0.00681558965151737,0.003931269266899662,-0.010343766562562902,0.001043409819805321,0.9999382295478048
1741341963.0766191,2,0.010184153950651465,-0.0006429621211844003,-0.007697433732704997,-0.00038058598106158474,-0.005237983355749196,0.0006152979290622369,0.9999860199488462
1741341963.0931041,2,0.008883403438851927,-0.0006779928684037384,-0.008409076969050603,-0.005666671490488556,-0.012206811144441367,0.0010106292043328116,0.9999089264650627
1741341963.1100194,2,0.008158318322670492,-0.0006037387612276389,-0.007515080709656568,-0.006901547176208593,-0.015613859628384286,0.0011850951828713027,0.9998535750716138
1741341963.126613,2,0.00795680838926464,-0.0005491279451685527,-0.006328031451977587,-0.002869051099570847,-0.007303902404734186,0.0007935211101742442,0.9999688954561027
1741341963.1431904,2,0.008141204308487542,-0.0005339743034314973,-0.005970188474650884,0.0018538286865698887,-0.005762648702025112,0.0006066593175720295,0.9999814934105583
1741341963.159982,2,0.009146545370081085,-0.0005104917697254803,-0.006030088036070802,0.005473942440064772,-0.014754259095778417,0.0013493024761340462,0.9998752558072059
1741341963.1766694,2,0.010330952883980098,-0.0005367733170806146,-0.0064666864610437354,0.005375312029227861,-0.014437476857950767,0.0011870238283268578,0.9998806210028253
1741341963.1935756,2,0.010317651149457104,-0.0006317787787800219,-0.0075746917550186185,0.0013978683069843973,-0.005911680179577357,0.0006291094029109633,0.9999813509376111
1741341963.2099833,2,0.009313990672086424,-0.0006748559370811455,-0.008450276990406536,-0.0037888006553126515,-0.00885988587044358,0.0008305844587346363,0.9999532276768819
1741341963.2267342,2,0.00851363265976962,-0.0006196554394928864,-0.0078666048390493,-0.006931499356750528,-0.015947845168870628,0.0012475900743428216,0.9998480204861855
1741341963.243496,2,0.007899717125569115,-0.0005823792311555791,-0.006920912048385917,-0.005077042543469661,-0.010618700922329364,0.0008687413103403754,0.9999303536338265
1741341963.2600408,2,0.007925297922954672,-0.000552229746363211,-0.006243872334489936,0.00023503458372246667,-0.00417699975910878,0.0004786020770805575,0.9999911341466027
1741341963.2769947,2,0.008624743942241503,-0.0005200414069911931,-0.006083651022721017,0.0037406642110273413,-0.010005163207549489,0.0009497359142272456,0.9999424994179136
1741341963.2933333,2,0.009965993006600372,-0.0005182813052175898,-0.006088867337250008,0.005037181690286682,-0.013941789811388284,0.0012824246969521376,0.9998892982147428
1741341963.3100955,2,0.01023393022868347,-0.0006019508892564129,-0.007064524514860473,0.0028642480307267165,-0.007565678950640418,0.000804470816188535,0.9999669541599563
1741341963.3268363,2,0.009421428462752394,-0.0006601908498868454,-0.008163482770027894,-0.002286777133885536,-0.005911951352715547,0.0007028562478810256,0.9999796625305125
1741341963.3434215,2,0.008857728300839437,-0.0006212755687981366,-0.007851136036540769,-0.005038298579867629,-0.011644605585084785,0.0008833503239517591,0.99991911592908
1741341963.3601909,2,0.008388048743684264,-0.000588267660707647,-0.006991293136161682,-0.00468397661447233,-0.010366064582254713,0.0008914152192277766,0.9999349031047263
1741341963.376846,2,0.008185606365640096,-0.000566110520667071,-0.006434201003019939,-0.00032971366484821715,-0.0043677629587451266,0.00032180437707743175,0.9999903551422775
1741341963.3934302,2,0.00856406147013765,-0.000532610790226331,-0.006278256180579292,0.0028703038777157844,-0.006873304169070241,0.000738931825459753,0.9999719861202144
1741341963.4102492,2,0.00970005055538311,-0.0005250504829054508,-0.006077632059014106,0.003930977117516034,-0.010587850662775872,0.001074000108097387,0.9999356436096336
1741341963.4269922,2,0.009961424454799346,-0.0006039231260807209,-0.0068721646088751925,0.002687138234573144,-0.007299694355573703,0.0007614947711468057,0.999969456471615
1741341963.4436452,2,0.00927418170672897,-0.0006569827127010879,-0.007947935229058699,-0.00090537584646442,-0.004815705358595215,0.00059680561578505,0.9999878164755474
1741341963.460917,2,0.008890980154341284,-0.000619355229842715,-0.007769335457570634,-0.0036305976673713506,-0.008568327640367515,0.0007327770887767541,0.9999564318307889
1741341963.4770586,2,0.008729603063822587,-0.0005775850555451434,-0.006906277304497574,-0.0037470471465821725,-0.00858250846950923,0.0007845119585494772,0.999955841388528
1741341963.4936848,2,0.008411725592366418,-0.0005804415773168766,-0.006626935510885028,-0.00044653680695868296,-0.00440397132022593,0.0005604008463148247,0.9999900457466474
1741341963.5102985,2,0.008686368298995573,-0.0005456573089673218,-0.006522567371100092,0.0022602815980572438,-0.00597412657340126,0.0006061539566048146,0.9999794165462425
1741341963.5272238,2,0.009633601260823476,-0.0005279907093404855,-0.006281119428433249,0.0034491886415525456,-0.008484699771740649,0.0007783046722666476,0.9999577527122512
1741341963.5436003,2,0.009857689024183453,-0.0006027694212871253,-0.006861991306744535,0.002043642505670295,-0.006390222239307398,0.0006291830091800498,0.9999772960991576
1741341963.560352,2,0.009082550569050121,-0.000664129439915739,-0.007936001284598478,-0.001121850286665543,-0.004776931444800792,0.0005494093527480296,0.9999878101893388
1741341963.5771196,2,0.008727792185593325,-0.0006158934027051367,-0.007787383638544859,-0.0029750280271632593,-0.007299236969425373,0.0005762068374782758,0.9999687686790933
1741341963.5937254,2,0.008785762553307134,-0.0005710496074167514,-0.0068939313345688326,-0.002917006428761272,-0.006689301419104564,0.0007133278301345208,0.9999731173803752
1741341963.6106746,2,0.008728196742779236,-0.0005764933825692186,-0.006543612207163659,-0.00010526293146407766,-0.0044532314576658065,0.000580914249627419,0.9999899100430636
1741341963.6271634,2,0.00880597042510287,-0.0005731772804870975,-0.006786011312718,0.002612082683804869,-0.0063090135431964345,0.0006759973542229804,0.9999764579227561
1741341963.6437442,2,0.00973999519234181,-0.0005369444919388087,-0.0065460816792529,0.003173770475945542,-0.00781200279850357,0.0008006221760054781,0.9999641287553137
1741341963.6604261,2,0.010014579492911737,-0.0005947246556852032,-0.006888937576576414,0.001461408830399965,-0.005607785526321343,0.0006404269671047159,0.9999830032950665
1741341963.6771622,2,0.0092852764950081,-0.0006606034286314872,-0.007705090316492204,-0.0016784240132586632,-0.00548565531743895,0.00040940367968153357,0.9999834612968341
1741341963.694163,2,0.008602820453529546,-0.0006281318498206608,-0.007783441563013943,-0.003224931597157589,-0.007907514475109515,0.0006348560992396112,0.9999633333221538
1741341963.7104926,2,0.008657221699513013,-0.0005687315285021298,-0.006875325404826054,-0.0023558114682444846,-0.00651207562408075,0.000591085105084438,0.9999758465292004
1741341963.7273512,2,0.008868340610418166,-0.0005642640740675961,-0.006372512526303361,0.0005113974826994465,-0.0046454143669800154,0.0006291282481334468,0.9999888813359983
1741341963.744021,2,0.009057293026701758,-0.0005744730418370586,-0.006717144611400727,0.0031076602946642404,-0.007762679082446673,0.0008719384312288737,0.9999646608677369
1741341963.7605577,2,0.009847698357098467,-0.0005581553423570813,-0.00686948558029461,0.0038403183877544966,-0.008833640287985056,0.0008198510439599104,0.9999532722073611
1741341963.777465,2,0.010246372840250092,-0.0005939854938161022,-0.007145506022841213,0.0013958692515848585,-0.005755024262193685,0.0005093931990336635,0.9999823357256581
1741341963.7939954,2,0.009463158959290341,-0.0006628508980029657,-0.007921948014087982,-0.002348575914582722,-0.006441557267712583,0.0006336884490301912,0.9999762942040625
1741341963.8106713,2,0.008591869925598671,-0.0006438764165157332,-0.007959076019332692,-0.004755958948162825,-0.010199659949266278,0.0008383353223536449,0.9999363204651035
1741341963.827424,2,0.00844733940657656,-0.0005746061683370644,-0.006983006569812374,-0.0035856119805786585,-0.007787852433145785,0.0008315913093803692,0.9999628999103409
1741341963.8440146,2,0.008602749925545692,-0.0005584264339822554,-0.006385664843826296,0.00045040556201940874,-0.004413586567799355,0.0005425343873414745,0.9999900114725531
1741341963.8609161,2,0.009100312542781295,-0.000553333666488307,-0.006431430976285579,0.0037209407534778078,-0.009092004598377368,0.0008971034186020505,0.9999513414450468
1741341963.877312,2,0.00987345040039075,-0.000560871928009457,-0.006880715343277781,0.004616951894980023,-0.011776581457214805,0.0011333077269108489,0.9999193524969787
1741341963.8940246,2,0.010583872351084413,-0.0005882658736886889,-0.007168572643418388,0.0024731607896998123,-0.007097408545436218,0.0007140841737542511,0.9999714997695885
1741341963.9107873,2,0.009887007346091084,-0.0006629732317828252,-0.008053528336945882,-0.0016992638221325085,-0.0065841196936586984,0.0006673909576044712,0.9999766579573907
1741341963.9273505,2,0.008707751087131996,-0.0006667530549921614,-0.008399886506175423,-0.005586416805776663,-0.011881094116147154,0.0009480127576582963,0.9999133626578289
1741341963.944252,2,0.008425966209789644,-0.0005894346437479231,-0.007280708349549875,-0.005012149033381588,-0.010625801165516917,0.0009292090894130691,0.9999305512294973
1741341963.9612107,2,0.00844890353632531,-0.0005589372638110701,-0.006458755928084311,-0.0010808755981041567,-0.004643288499002223,0.0005720819766663341,0.9999884720845879
1741341963.977361,2,0.008810169188631973,-0.0005510119894357004,-0.00640979057094323,0.003289868985395948,-0.0080059992725828,0.0009292765661986857,0.9999621078734783
1741341963.9942722,2,0.009937044372423884,-0.0005339078703942182,-0.006467552757448722,0.005402664881985188,-0.01345426909991894,0.0012389649843914693,0.9998941238055794
1741341964.0111024,2,0.01071453402371736,-0.0005791551998891636,-0.00697812335876224,0.0037715373175083527,-0.009342260704253796,0.0009347744935013344,0.9999488106237452
1741341964.0276737,2,0.01011533930449124,-0.0006684993677092421,-0.008117932422270453,-0.0006902609643763819,-0.005171176232918936,0.0005917068855437387,0.9999862160845672
1741341964.0442119,2,0.009173574433935013,-0.000671870225512162,-0.008477371999875371,-0.005227677644927216,-0.010713918135332227,0.0009431450148536916,0.9999284943545269
1741341964.06103,2,0.00858360576964287,-0.0006150959842451578,-0.007697449213139805,-0.005644352400101334,-0.012623781632532914,0.000957322769339646,0.9999039278632688
1741341964.078049,2,0.008392113425698199,-0.0005793044841708218,-0.006808815802005711,-0.0022503310307125436,-0.006026975663649045,0.0005930416380579334,0.9999791297203244
1741341964.094478,2,0.008672445887571217,-0.0005549630506733721,-0.00646815209507556,0.0022296358795850977,-0.0060340409401279235,0.0006556276675277634,0.9999790943945474
1741341964.1110792,2,0.009670709948687739,-0.0005300489089200904,-0.006415850902482271,0.0049942550123727005,-0.012151235111493863,0.0011270379675486087,0.9999130635648064
1741341964.127633,2,0.010660658034006718,-0.0005644214997115765,-0.006737069838187099,0.004728104937055649,-0.011013332313445284,0.000948327954296437,0.9999277234926277
1741341964.1442351,2,0.010374504171231484,-0.0006525591878823134,-0.00782991746506913,0.0009023266074352164,-0.005323882325150094,0.0005472755059457647,0.9999852711781319
1741341964.161151,2,0.009410527430888651,-0.0006772317046653113,-0.008572720632465692,-0.003693685422196768,-0.008403686242822334,0.0009155814186256651,0.9999574473227347
1741341964.1776884,2,0.008865919862796846,-0.0006214430738466936,-0.007937981878905508,-0.005954548175713315,-0.012275813047164167,0.0011061354984714129,0.9999063077280357
1741341964.194393,2,0.008571459684350505,-0.0005869917575324389,-0.007057783871521152,-0.00317310453592065,-0.0077233800962744825,0.0007072440176032619,0.9999648896903293
1741341964.2111268,2,0.00854539936837969,-0.0005758774172545878,-0.0067842850372485585,0.0007293808291490726,-0.004695283902868875,0.0006339382074144213,0.999988510151505
1741341964.2277272,2,0.009455950456029052,-0.0005421807411037554,-0.0064799622572366475,0.004136221932274418,-0.00965708583884315,0.0010005217893642047,0.9999443141082294
1741341964.2451587,2,0.010436835664483486,-0.0005624858502309822,-0.00664846168597104,0.004913281634636498,-0.010754137572369853,0.0010037002232377444,0.9999295979090305
1741341964.261506,2,0.01037883973071722,-0.0006369658906109153,-0.007607672161472759,0.001735675676050045,-0.005925641927959634,0.0007052780482290685,0.9999806882038093
1741341964.2778134,2,0.00966199775763799,-0.0006635758323197667,-0.008345190045895226,-0.0027646724339389596,-0.00660782459355189,0.0006400458311216459,0.9999741414565719
1741341964.2945776,2,0.009033206860036159,-0.0006374150931610041,-0.008122211343685844,-0.005037759524085324,-0.010015451260359251,0.0007773294487598088,0.9999368517431273
1741341964.3111582,2,0.008932417840391409,-0.0005972593750220836,-0.007129760537126147,-0.003549394307264524,-0.007978538028368778,0.0008202746941211754,0.9999615352004334
1741341964.3283153,2,0.008773368646367493,-0.0005893025324406888,-0.006891242673089694,0.0004327462680510689,-0.004414517174799469,0.0006147083494216357,0.9999899734009466
1741341964.3444905,2,0.009377536115813283,-0.0005543874607714015,-0.006663329339942836,0.0033113947286678384,-0.0075638743518528645,0.0007675368492479558,0.999965616087336
1741341964.3614316,2,0.010263604525027302,-0.0005625496582521796,-0.00665506604453767,0.0038315010532511758,-0.009014153580183539,0.000873079866751476,0.9999516500143685
1741341964.3779314,2,0.010230995744569763,-0.0006319606352673788,-0.0074675774060632,0.0015725274056083863,-0.005937361861714888,0.000683941016817039,0.999980903375843
1741341964.3945575,2,0.009567777718183141,-0.0006624152079710929,-0.008222043386593615,-0.00213033951538799,-0.005760935570765745,0.0006088598064448343,0.9999809511008871
1741341964.4113204,2,0.009164495337811749,-0.0006264391599052972,-0.007965480497668454,-0.0039152445832446835,-0.008399230609208606,0.0008745516044946076,0.9999566785338841
1741341964.4280915,2,0.00903215919601188,-0.0006053859917251822,-0.007245189298131633,-0.0028897722224901093,-0.006793262030655799,0.0007951382995677321,0.9999724339013398
1741341964.44467,2,0.008974836468689566,-0.0005967891722718417,-0.006984047525418468,0.0003255758071237729,-0.0045710293812818254,0.0005051172542311375,0.9999893722171995
1741341964.4619627,2,0.009400959452205903,-0.0005663159524508707,-0.006909859671522715,0.0027926295588946784,-0.006860529023852592,0.0008299882042267411,0.9999722223548215
1741341964.4779577,2,0.010309614794602094,-0.0005514525430081405,-0.006696032782549306,0.0031248472574508285,-0.007785454736172821,0.0007296052320201498,0.999964544221631
1741341964.4948933,2,0.010285773375645084,-0.0006254674903947946,-0.007287537016233278,0.0010497822851818232,-0.005348491912022907,0.0005610151018994874,0.9999849883140627
1741341964.5113153,2,0.009367542405215307,-0.0006763004762585559,-0.008210867195988274,-0.0018496687548239853,-0.005578428214967981,0.0006804250838479232,0.9999824982897716
1741341964.5280225,2,0.009013854971251949,-0.0006256771302166052,-0.007895666308373465,-0.003488216085639192,-0.007870910950812224,0.0007240897970922427,0.9999626777051782
1741341964.544692,2,0.009134183748534894,-0.0005812082105895258,-0.007003402634649547,-0.0019008721669113362,-0.0060391017289324915,0.0005654217314935382,0.999979797912727
1741341964.5612965,2,0.009081316508321401,-0.0005870245395267254,-0.006891127948715071,0.001088546901982692,-0.004772228843732007,0.00042538603029287225,0.9999879298992715
1741341964.578284,2,0.009457060720198014,-0.0005753384167446497,-0.0070146991823856674,0.0032318535554027895,-0.007397585930829522,0.0008933154778877086,0.9999670158722482
1741341964.5948067,2,0.010195993161219516,-0.0005725440980512767,-0.007046433285669969,0.0030282471663423674,-0.007635613853165123,0.0008700721682520245,0.9999658844653686
1741341964.6114964,2,0.01029588856157544,-0.0006286773716242761,-0.00744390164462462,0.0007872082260839702,-0.005084723783317875,0.0005472584229911531,0.9999866131081329
1741341964.6281888,2,0.009444112222765063,-0.0006777016159180368,-0.008177236731246994,-0.0022416664029479855,-0.0067214987163301985,0.0005873503181450402,0.9999747253837709
1741341964.644797,2,0.008843960819511982,-0.0006379578329239516,-0.007986743337530505,-0.004444178935419354,-0.008602338270011447,0.0007976826861113183,0.9999528052624337
1741341964.6615598,2,0.00904202900582677,-0.0005722653746263246,-0.006906459112065649,-0.0016955303532642887,-0.006284230089334009,0.000587257364434457,0.9999786441508606
1741341964.6781647,2,0.009094854986458881,-0.0005723630037851944,-0.00667166634993777,0.0011415375173550596,-0.004996014970566251,0.0006787250037521905,0.9999866379401675
1741341964.6947873,2,0.009564216583443514,-0.0005639202102910475,-0.006789473110509382,0.0038076502559871842,-0.00847222344999051,0.0009105977272671175,0.999956446072088
1741341964.7115786,2,0.01044702259433486,-0.0005574706472586332,-0.006830969679699561,0.0038988979198333862,-0.008848072330715186,0.0008632568328460085,0.9999528813892591
1741341964.7282612,2,0.010487631167715497,-0.0006198978364698901,-0.007439868131553731,0.0009042941782569564,-0.005507142877306938,0.0006186455255574597,0.9999842353292785
1741341964.745236,2,0.009537083394867134,-0.0006807143672601054,-0.00831820602621903,-0.0028210489595927217,-0.007033807075905781,0.0007170487312342479,0.9999710261212089
1741341964.761636,2,0.008803212613432063,-0.0006486289711656607,-0.008159549605176019,-0.005134767838875414,-0.010060239360619174,0.0009430351387620831,0.9999357661509938
1741341964.7782712,2,0.008766495453047847,-0.0005829038926616733,-0.007127886442746958,-0.0035269941986435013,-0.007527029144309383,0.0007542700911961576,0.9999651670037376
1741341964.795168,2,0.008905745988932498,-0.0005640604051565934,-0.006619641195125844,0.0007762589653557365,-0.004674935809267866,0.0004471878859270173,0.9999886711459249
1741341964.8116252,2,0.00955036759580699,-0.0005478659513391936,-0.006497931688722156,0.004231944524972224,-0.008797004085812271,0.0007952870426203123,0.9999520342912313
1741341964.8284256,2,0.010353719428231975,-0.0005618709235283945,-0.0067966560010672685,0.005048701745939427,-0.010291343851909227,0.0009638307378978905,0.9999338327523032
1741341964.8449526,2,0.010585108235543955,-0.0006183251245380373,-0.0074333066159480155,0.0020291832106025783,-0.006245241782764803,0.000696074143428218,0.9999781971879984
1741341964.8616698,2,0.009764962860162455,-0.0006723134413973787,-0.008336634132201223,-0.0023981286375099106,-0.0064153297983758715,0.0006462421770249164,0.9999763371668675
1741341964.878549,2,0.008874288067767352,-0.0006539541908554504,-0.00839119014288255,-0.00564891921034916,-0.010763199998237669,0.0009296071189130308,0.9999256867728509
1741341964.8951626,2,0.008612560620842728,-0.0005986196998560585,-0.0074445704600169405,-0.004667467539942673,-0.009011621239525409,0.0008582091464440569,0.9999481331081428
1741341964.911795,2,0.008877802762606782,-0.000563539982354487,-0.006528714511120315,0.00033143068155537774,-0.004599505827774216,0.0004850895592937215,0.9999892496361963
1741341964.928497,2,0.009222043087308554,-0.0005595835936844695,-0.0065538941598382765,0.003763991777203864,-0.00796458104886267,0.000857543977878446,0.9999608304493447
1741341964.9450896,2,0.010134403268139799,-0.0005558471954814421,-0.006708229730446301,0.005513340768518776,-0.01133848324446432,0.0009571611578234254,0.9999200596616726
1741341964.9623692,2,0.01076039491756453,-0.0005849144768554866,-0.0071132603871135545,0.00320711812159997,-0.007715282353525483,0.000784791112774259,0.9999647858372157
1741341964.978382,2,0.01006195766376069,-0.0006578192417057939,-0.008168954256102761,-0.0014589178733241384,-0.005357815973303832,0.000627213893667832,0.9999843858627826
1741341964.9951298,2,0.009247629627848197,-0.0006518807125873199,-0.008332084555588412,-0.005348874104741616,-0.010138832174124361,0.0008190606812183316,0.9999339592030851
1741341965.0118492,2,0.008719403776021047,-0.0006109626239343631,-0.007653975763549467,-0.005664001033601443,-0.0104204036302294,0.000804648893277763,0.9999293409139632
1741341965.02845,2,0.008664279681147809,-0.0005836940273609646,-0.006868167503870054,-0.0016094522643681874,-0.005355867239801014,0.0005043567755997636,0.9999842348626109
1741341965.0454233,2,0.009012458181173716,-0.000558424107351513,-0.0066047623460701015,0.0027106293226415753,-0.006407599949681674,0.0007362229131831218,0.9999755262642092
1741341965.0618024,2,0.009977589665563,-0.0005352150980629117,-0.006523900670443727,0.005189903176456502,-0.010828346365433906,0.0010692370219224092,0.9999273316357545
1741341965.078586,2,0.010611908881375372,-0.0005784285931777083,-0.0069870841262015025,0.004065432315448102,-0.008666107915240867,0.0008640220948823635,0.9999538110830467
1741341965.0956438,2,0.010159959332096648,-0.000652798398585401,-0.00797671077131297,-1.9641604739156433e-05,-0.004981599614199249,0.0006476496487447883,0.9999873818351028
1741341965.112042,2,0.009355157016736492,-0.0006653740969629276,-0.0084059900803799,-0.004587117585416128,-0.008502768429218505,0.0008379197699969465,0.9999529784803662
1741341965.128642,2,0.00894608162651186,-0.0006197265775116779,-0.007746237632978144,-0.005201443295624285,-0.0098977104931493,0.0008358940470466216,0.9999371388221253
1741341965.1452415,2,0.00882443255967205,-0.0005871703683131514,-0.0070026992796019035,-0.0019717160009785095,-0.005799491415947643,0.0005836307123396835,0.9999810686260613
1741341965.1620026,2,0.008995278542036382,-0.0005660670490300197,-0.00676325034758599,0.001715563506097013,-0.0054585505490877834,0.000701991506290355,0.9999833839997966
1741341965.1788611,2,0.010001898355912,-0.0005282897394112617,-0.006385426540887409,0.0044040077158159574,-0.009105969685340066,0.0008665181841764176,0.9999484662613195
1741341965.1951814,2,0.010432087441017637,-0.0005832189354734608,-0.006937812549874443,0.003883401719722281,-0.008185573406344446,0.0008863273504315581,0.9999585641429951
1741341965.2120643,2,0.010064266449561415,-0.000654322799109366,-0.007871055795924358,0.0004836632586350199,-0.004950430058434506,0.000637975076930875,0.9999874260708932
1741341965.228767,2,0.009475895166711618,-0.0006570922445698034,-0.008251033080801624,-0.0028495565701200185,-0.007073178772355916,0.0006683898093779978,0.999970701283028
1741341965.245332,2,0.009088939729949692,-0.000620026858596317,-0.0078058232840648245,-0.004437232106848205,-0.008436485089898117,0.0008669394980518248,0.9999541915040231
1741341965.2621045,2,0.009059638279851283,-0.0005924370367020679,-0.007057340990174844,-0.001679146006685046,-0.0061008744580926515,0.0005450974373336567,0.9999798311307677
1741341965.2786977,2,0.009010087729061879,-0.0005840731043441952,-0.007003710915970084,0.0013155494097990546,-0.004811082794881303,0.0005395757485005596,0.9999874157558698
1741341965.2956161,2,0.009859594196046585,-0.0005462120652854489,-0.006613945330075058,0.0039203272966087015,-0.007789397887784147,0.0006934329556909331,0.999961737000556
1741341965.3121483,2,0.010405063640979146,-0.000577224063876013,-0.0068546065445331756,0.003523446578160227,-0.007505460472300669,0.0006359373678362928,0.9999654238877331
1741341965.3288212,2,0.009966601386316186,-0.000654644404051696,-0.007830828848156848,0.0006391350760517855,-0.004910839431036468,0.0006255500032986751,0.9999875418472124
1741341965.3454516,2,0.009367245105732388,-0.0006640313111207023,-0.008274311514353195,-0.0022636461383541058,-0.006469001779724667,0.000627993486697701,0.9999763164927031
1741341965.3620636,2,0.009099639297569195,-0.0006181028110071649,-0.007804623537284149,-0.004121321489387986,-0.0078115072055620245,0.0007452713492187757,0.9999607190459906
1741341965.3790445,2,0.009090024837244012,-0.0005918619827353956,-0.007103600586695419,-0.0025219025478444256,-0.005852227812871923,0.0006394681542977482,0.9999794910485139
1741341965.3956077,2,0.009109589589224375,-0.0005887844575319507,-0.006997248485533179,0.001573204226706168,-0.004900722426902628,0.0005714047249856831,0.9999865906324923
1741341965.412209,2,0.009783775917142695,-0.0005615442328086099,-0.0068138731882074,0.0037420835374114957,-0.007537545281661128,0.0008431702223806445,0.9999642350033835
1741341965.4289052,2,0.010336851424081693,-0.0005802691714664322,-0.007000351635020671,0.0029899704311328115,-0.007134359671911881,0.0007151585077593358,0.9999698243133148
1741341965.4456131,2,0.010119519080845388,-0.0006398084373869178,-0.007633323508878814,0.000285753614981188,-0.0050338438414887395,0.0004945681527963748,0.9999871669993536
1741341965.462971,2,0.009197186191689638,-0.0006709894477667713,-0.008370713231126627,-0.0034295010059071335,-0.0067160360688291705,0.0006739488756005015,0.9999713391769215
1741341965.4789329,2,0.008950603718271749,-0.0006184430846469032,-0.007826567827748728,-0.0038770763645840918,-0.007901872623516628,0.0005950472686658692,0.999961086546198
1741341965.4954407,2,0.009064608978276453,-0.0005848118478206446,-0.007021858574198231,-0.001814759395006937,-0.005512155075832645,0.0005764289866352427,0.9999829951176078
1741341965.5123522,2,0.009173044544470679,-0.0005858460245499817,-0.006899576840122095,0.0019321757321203571,-0.005236457576682606,0.0005117363540834715,0.999984292044076
1741341965.5288935,2,0.009590023918263572,-0.0005813960313893151,-0.007105372808319485,0.003918808358745922,-0.007784495306936847,0.0009357126514612797,0.9999615837699455
1741341965.545883,2,0.010422226539938755,-0.0005676681737558761,-0.006997693474220703,0.003048317741609245,-0.007272167039365892,0.0008267218124228831,0.9999685694443314
1741341965.5624328,2,0.010196137929781591,-0.000630045498844341,-0.007621237833125005,-0.00013412285178226603,-0.005006093212828271,0.0005139781782651696,0.9999873283538333
1741341965.5790398,2,0.009363020513625605,-0.0006609245546575264,-0.00818782751019244,-0.0035998437388227575,-0.007302862902870241,0.0006233066602330229,0.9999666598478598
1741341965.5960116,2,0.008788517592752008,-0.0006343218272706591,-0.007928326258417974,-0.004840677395088865,-0.008477285169228835,0.0009074393721197282,0.9999519388612145
1741341965.6126764,2,0.008890042627472382,-0.0005863084700212928,-0.007060449383427715,-0.0021018201630069065,-0.005507702319381011,0.0005512520698202699,0.9999824716905387
1741341965.6294253,2,0.009036005505041083,-0.0005764267613182423,-0.006854218566715984,0.0017131708672803293,-0.005222020222284493,0.0006698530517033211,0.9999846733061796
1741341965.64611,2,0.009756420268483982,-0.0005520917154108642,-0.006753204572400023,0.004641161504553865,-0.008512148899705389,0.0008290607569437032,0.9999526566789345
1741341965.6623626,2,0.010338843393881254,-0.000573140472457793,-0.0070792977363575045,0.0038856206521637694,-0.008006023385568389,0.0008592799094837588,0.9999600327911783
1741341965.6793191,2,0.01028638704183971,-0.0006263890446227854,-0.007641415378267311,0.00037574613790744153,-0.005121425757710928,0.0005485306712947044,0.999986664374656
1741341965.6956856,2,0.009400020846192037,-0.0006727901626185185,-0.008331213816608127,-0.0037233562078777573,-0.007381773533197588,0.0007447442769850885,0.9999655451034378
1741341965.7127323,2,0.008619270189814895,-0.000652827736569943,-0.008228686778270258,-0.005541508107473801,-0.0095115148452054,0.0008728717064414285,0.9999390285753568
1741341965.7292154,2,0.008717141039660809,-0.0005867429660884017,-0.007173927336861718,-0.0026799930966505507,-0.006448672964611924,0.0006475208862327652,0.9999754061829218
1741341965.7459273,2,0.008868587090208343,-0.0005714811732189432,-0.006796788985693355,0.0014369968551085205,-0.0048488913659517395,0.0006580001047933888,0.999986995079647
1741341965.762761,2,0.009486047701068284,-0.0005586105062996422,-0.006763179261616423,0.004556801942036293,-0.008649321748455131,0.0009080250265214059,0.9999517989782827
1741341965.7792137,2,0.01045191395384006,-0.0005546412871381226,-0.006767066216092922,0.004745808056227909,-0.009205316158326668,0.0009413369075356514,0.9999459252105312
1741341965.795919,2,0.010360953276275918,-0.0006273975947434374,-0.007589470141204495,0.0012195109278725154,-0.005589932659398563,0.0006394859219938791,0.9999834281145442
1741341965.812745,2,0.00954800499941876,-0.0006712361428551697,-0.008368240323386114,-0.0032686067481195688,-0.007010621583797071,0.0007516090291196093,0.9999698007834048
1741341965.8292296,2,0.008718870122541057,-0.0006540428054829363,-0.008358804826591343,-0.005781017595648277,-0.009884303507734822,0.0007608076552431729,0.9999341486075157
1741341965.84622,2,0.008766868087710055,-0.0005869957737100417,-0.007232165894615623,-0.003726292011466255,-0.007651997341845828,0.0006006377553405725,0.9999635997969188
1741341965.862647,2,0.00886183940185279,-0.0005703273681817004,-0.00672377775672878,0.0006102252735851151,-0.004569545594199123,0.000550288139096258,0.9999892219724881
1741341965.879261,2,0.009537993263470015,-0.0005447515314435428,-0.006443237128032626,0.004321549327916281,-0.007866805429880623,0.0008598499043847874,0.9999593482946577
1741341965.8960438,2,0.010270093442199466,-0.0005538561011066087,-0.006685776015079502,0.005186473347732335,-0.009558095624429698,0.0008852375877761011,0.9999404780568996
1741341965.9126558,2,0.010383074888618022,-0.0006131659680074402,-0.007429230013301686,0.0024363568422514784,-0.006338064096725926,0.0006721692335201196,0.9999767203777118
1741341965.9294949,2,0.009691913817933153,-0.0006630473560092707,-0.008275457807746536,-0.001741419541584092,-0.00566239806961146,0.0007019400144435928,0.9999822058348327
1741341965.9460351,2,0.00910741320676073,-0.0006401380723207364,-0.008179488732903873,-0.005247864563137237,-0.009205326204047173,0.0007195989164199316,0.9999436004417467
1741341965.9631488,2,0.008774829073979258,-0.0006007096969811138,-0.007496247828998362,-0.0047532850464777395,-0.008249754439836752,0.0008869278004673759,0.9999542795508334
1741341965.9795537,2,0.00887084421834553,-0.0005786434532767311,-0.006829414214977189,-0.000504118353449978,-0.0048215922983983,0.000477380946900345,0.999988135039524
1741341965.9960034,2,0.009315800795534112,-0.0005536595685980936,-0.006603159373637412,0.003546103077027125,-0.006776327244860742,0.0007386073135635486,0.9999704800649237
1741341966.0129676,2,0.010023581972906339,-0.0005553744370983685,-0.0067421164609089475,0.005285641008224682,-0.009135061907035438,0.0008615270006907582,0.9999439336354383
1741341966.0294373,2,0.010462585053315494,-0.0005944780707872492,-0.0071597235531941,0.003038462339220217,-0.006873729485828859,0.0007199529140577283,0.9999715002225665
1741341966.0460782,2,0.00983181120969172,-0.0006518224798055536,-0.008097171970032482,-0.0008987580511152336,-0.005368045030951892,0.0005588805358705796,0.9999850318775066
1741341966.0629735,2,0.009204243004283791,-0.0006452176155813691,-0.008244977098413717,-0.0044230179861772505,-0.008198522657297744,0.0006616356064200502,0.9999563907373442
1741341966.0795603,2,0.00905047066913057,-0.0006033128649796533,-0.007447107442627913,-0.004216184099654904,-0.00818822819283914,0.000540880244594714,0.9999574411740035
1741341966.0962977,2,0.008800956950193228,-0.0005946387098999414,-0.007137180816524555,-0.0012972712552164422,-0.005012917063234256,0.0005733751621453588,0.9999864294032849
1741341966.1129045,2,0.009163468925235016,-0.0005688040956756868,-0.0068775663318061285,0.0028758736506244308,-0.005952424200679301,0.0006514392765383851,0.9999779365684773
1741341966.1295567,2,0.010115091234298292,-0.0005411087235467256,-0.006586694746325954,0.004709642857701612,-0.008345502216952853,0.0006796794622731128,0.999953853881632
1741341966.1464884,2,0.010473038068076557,-0.0005821304540522203,-0.007018905418347449,0.0029987651788662114,-0.006814417651157608,0.0007054565191746525,0.9999720363343052
1741341966.1629367,2,0.00986022137800042,-0.0006509193893670023,-0.007980637701807349,-0.00033640458483910965,-0.004949380439158478,0.0004918140295294674,0.9999875742148919
1741341966.1797826,2,0.009263797008323443,-0.0006466240126671779,-0.0081993421568039,-0.0037789248002259826,-0.007317969310557326,0.0007622176486382776,0.9999657924533119
1741341966.196267,2,0.009002786861408367,-0.0006176911638773818,-0.0076685921313098615,-0.003899570383965859,-0.007465452421391928,0.0007184501587146927,0.9999642714619027
1741341966.2130775,2,0.009028953382032884,-0.0005935669223688622,-0.007091236993317494,-0.001069942645269505,-0.005060527579900675,0.0005066887790829455,0.9999864946837183
1741341966.2299995,2,0.00928470898129785,-0.0005768842275845742,-0.006911110642301127,0.002391119011095027,-0.005671127546247142,0.0006496854527828914,0.9999808492021441
1741341966.2463262,2,0.01001106412076245,-0.000553133864586435,-0.006765027958054918,0.004014726197256328,-0.007636419633304059,0.0007966135897117405,0.9999624655333489
1741341966.2632644,2,0.010322511153206988,-0.0005926125886628922,-0.007139082358541594,0.0025689522365302643,-0.006408655326779822,0.0007103928099977969,0.9999759121915709
1741341966.2797089,2,0.009847631669632057,-0.0006489134206572761,-0.007903722886825068,-0.000499804403077053,-0.005035032141790164,0.0005973248829767667,0.9999870208407077
1741341966.2963898,2,0.009225506632195487,-0.0006498941837573058,-0.008184990393845145,-0.0036268374556481333,-0.006884322412482479,0.0005956994000239328,0.9999695481849515
1741341966.313219,2,0.00911811951646467,-0.0006045201113018062,-0.007535067498849663,-0.00389481409516839,-0.0071597520488190175,0.000742271806971525,0.9999665081423118
1741341966.3298662,2,0.009143161018386097,-0.0005882148915102473,-0.0070079294768013,-0.0007476149245785673,-0.004934471025357553,0.0005869251556618687,0.9999873737135315
1741341966.3466346,2,0.009263079224734605,-0.0005836471140719893,-0.007002974464215053,0.0025376857164460774,-0.00556186457819015,0.0006424145212079291,0.9999811063801162
1741341966.3632927,2,0.01000181613986899,-0.0005558587154981088,-0.0068382713699700545,0.0038966164703404514,-0.007447518343221144,0.000858513766698024,0.9999643062653402
1741341966.3798993,2,0.010451095637648582,-0.0005808117844073166,-0.00703538728334543,0.0026498638215101756,-0.006449417210096496,0.0006204465025462087,0.9999754988426042
1741341966.3966947,2,0.009879374511436537,-0.0006484980482692664,-0.00787971410176817,-0.0006711375404911569,-0.005140342247677601,0.0005959796581886598,0.999986385539436
1741341966.4132574,2,0.009037060190184637,-0.0006625508577005576,-0.008377615129045595,-0.004008264677345938,-0.007180933214590736,0.00081485012643748,0.9999658514327954
1741341966.4299858,2,0.008888328764253994,-0.0006130542594986388,-0.0077247730511248,-0.0036828420162628487,-0.007301069450686079,0.0005823855523455706,0.9999663953786787
1741341966.4467413,2,0.00914712542520432,-0.00057509033599249,-0.0069063138298833425,-0.0006312168609411471,-0.005121558808347417,0.0004649776709525211,0.9999865774081232
1741341966.4639452,2,0.009392215080032264,-0.0005666980405918031,-0.006766425630004874,0.002541924218605634,-0.0059293447418306364,0.0006981219488427729,0.9999789468373541
1741341966.4803147,2,0.010060097368394937,-0.0005535010014266006,-0.006751868275370306,0.004537398536534298,-0.007966628482081043,0.0008483295409163747,0.9999576116926853
1741341966.496969,2,0.010569644317493078,-0.00057542139130874,-0.0069502756234856465,0.00290242824751994,-0.006788514312141207,0.0007265199508185034,0.999972481697603
1741341966.5135612,2,0.009945359767749466,-0.0006455544868457794,-0.00789410726732082,-0.0009333004532817758,-0.0051284324150615195,0.0005305304522633382,0.9999862732401216
1741341966.530276,2,0.009182827834407136,-0.000656200998537149,-0.008266521897946797,-0.003992975832686226,-0.00764864842761509,0.0005732744877301827,0.99996261213987
1741341966.5467236,2,0.008723650504079635,-0.0006239399797468648,-0.00788070293318592,-0.004539617641179088,-0.007867196405260943,0.00067762979198653,0.9999585190947963
1741341966.5635502,2,0.009002773255771531,-0.0005745411189864413,-0.0069285841784037325,-0.0013550461794034111,-0.00508556111495222,0.0005218558829885371,0.9999860141944162
1741341966.5800586,2,0.009252943207070659,-0.0005631706577706243,-0.006740988372857049,0.0024999558411548856,-0.005726121862758945,0.0006477799606926145,0.9999802708705445
1741341966.5968735,2,0.009896187613011885,-0.0005546488518273596,-0.006775249179933029,0.004766883868569369,-0.008384097357413061,0.0009727627784644075,0.9999530176274594
1741341966.6135461,2,0.010359529757634886,-0.0005824550851406974,-0.007141051576342581,0.003461722467132934,-0.0072307347750156,0.00079382118780279,0.9999675508735749
1741341966.630136,2,0.010067046061099785,-0.0006391589108101609,-0.007822966148496004,-0.0001966888765379302,-0.0049629383471446065,0.0005513074130957102,0.9999875132303326
1741341966.6468654,2,0.009343960216962493,-0.0006549616493884292,-0.008226114397718835,-0.004027652348481849,-0.007579224123210239,0.0006990752687505009,0.9999629216486071
1741341966.663526,2,0.008786924071652002,-0.0006268877045269174,-0.007916941996305169,-0.0052412888823936965,-0.00855710143096116,0.0008295301777822883,0.9999493071079333
1741341966.6801589,2,0.00888948040068608,-0.0005831835976073525,-0.0070300326694069624,-0.0020264756723019405,-0.005625677867823368,0.000509627506081532,0.9999819925502068
1741341966.6973348,2,0.009068700147058746,-0.0005701674338164372,-0.006776501989820847,0.002028010476100006,-0.005249848100940183,0.0005756246461089955,0.9999839973343038
1741341966.7134895,2,0.009857083073855799,-0.0005408872874610351,-0.006579937197935686,0.004756530738428136,-0.008304555954220081,0.0009185697487193321,0.9999537819296221
1741341966.7302823,2,0.010428809437644291,-0.0005659484143437653,-0.006908110579866679,0.004200952467243198,-0.007971353846225635,0.000822253646201004,0.9999590658697823
1741341966.7470255,2,0.01020097095307067,-0.000626753734468691,-0.007681458113820738,0.00055453882896411,-0.005050309981494426,0.000551064551718769,0.9999869415065568
1741341966.7635329,2,0.00939764385759623,-0.0006614554069366704,-0.008326898827257586,-0.003768523102459349,-0.00688487716509817,0.0007311362790853475,0.9999689305872405
1741341966.7805386,2,0.008875403832796148,-0.0006316080559686961,-0.008019651595364214,-0.005184796872547164,-0.00890811950430747,0.0007903580695997026,0.9999465678837092
1741341966.7968903,2,0.00876407015854404,-0.000595635803054925,-0.007277461280953136,-0.003224562767344112,-0.0063304713230204375,0.0006450034931489673,0.9999745553254251
1741341966.8134506,2,0.00905165770147056,-0.0005655524818978405,-0.0067429035439314985,0.0012244720539489526,-0.004784158310147787,0.000593247914255871,0.9999876302006764
1741341966.8303726,2,0.00968874404511285,-0.0005456085931829383,-0.006585513452205459,0.004425076320329345,-0.007883322555124472,0.000825801907804339,0.9999587941391687
1741341966.8469508,2,0.01030404945751155,-0.0005642216205796877,-0.006849088408011601,0.0046622732858647,-0.008236877033783346,0.0007908531440308915,0.9999548947906814
1741341966.8640194,2,0.010281168258677167,-0.000616604753037018,-0.007504891120455982,0.0014138736018469765,-0.005327323562518695,0.0006290307957283577,0.9999846123342879
1741341966.8802366,2,0.009642574785859316,-0.0006459840877324032,-0.008115045172495644,-0.0023834415011479647,-0.006336178776953069,0.0005729235812511233,0.9999769216355381
1741341966.8971708,2,0.009037144328928921,-0.0006301477618975805,-0.008027118603914592,-0.0050883391403294224,-0.008456844899805234,0.0008708990469175067,0.999950914852316
1741341966.9136536,2,0.008907242899523164,-0.0005954832525921687,-0.007308045283683977,-0.0034825221015668526,-0.006727030367183247,0.0006154583497949383,0.9999711197396006
1741341966.9304686,2,0.008942534403809006,-0.000582334095863392,-0.006962254856977278,0.00038308081553266467,-0.0044558744204187374,0.0005767340104200157,0.9999898328533743
1741341966.9471061,2,0.00958870562651912,-0.0005462200513484471,-0.00663927013095759,0.0038170410286483105,-0.006985445821860451,0.0007201763967697545,0.99996805703503
1741341966.9643617,2,0.01034022267167187,-0.0005496025104310595,-0.006643518346022578,0.004328220534086322,-0.008071936435443815,0.000866430082357884,0.999957678928515
1741341966.9803567,2,0.010323367361200859,-0.0006041858521302944,-0.0073188667091065515,0.002207310195684221,-0.005702997247594154,0.0005787877057665916,0.9999811341264823
1741341966.9971402,2,0.009657950427199106,-0.000650380141958735,-0.008090450609622,-0.0017290558085817428,-0.005951736698300388,0.0006532561640114686,0.9999805800377671
1741341967.0137687,2,0.009165246640090401,-0.0006313119576892315,-0.008009990402256651,-0.004213228136825601,-0.0076688652985192245,0.0005019825365001815,0.9999615918760247
1741341967.0309494,2,0.009008239419352958,-0.0005992831376093062,-0.007391267904287176,-0.0032488141532141333,-0.006735692852381589,0.0005263977731623132,0.9999718988820538
1741341967.0471475,2,0.009037079364497035,-0.0005835349819400054,-0.007004008131815904,0.0002794198097961631,-0.004575911960770538,0.000421993631944284,0.9999894023816811
1741341967.0637968,2,0.009461867304168045,-0.0005619621295837821,-0.006838011293855468,0.003289484698232543,-0.006337949442282667,0.0006173042555027872,0.9999743139814858
1741341967.0806384,2,0.010185603369316908,-0.0005560998755902611,-0.006772123290063172,0.004110376474543395,-0.007573953267115055,0.0008188744872032309,0.9999625340390105
1741341967.0971167,2,0.010271733035404212,-0.0006035029603460894,-0.007293496259406925,0.002089533840070155,-0.005728592242550049,0.0005747560640941545,0.9999812431914493
1741341967.1140425,2,0.009725183274408805,-0.0006430923725194335,-0.007947751507156736,-0.001506867526253509,-0.005630014823857982,0.0006233857458077276,0.9999828216892295
1741341967.1306527,2,0.009124791816100597,-0.0006395042944643685,-0.008081646186010418,-0.00404883983729659,-0.007265809798385369,0.0006997335108330945,0.9999651620316377
1741341967.1472201,2,0.008932124895540766,-0.0006130158251482562,-0.007561907605873799,-0.003035293784187012,-0.006482113309537294,0.0006469210686372948,0.9999741750124436
1741341967.164094,2,0.00914546800932379,-0.0005818417778680323,-0.006973928442804023,8.607049646829462e-05,-0.004580375227381398,0.000587556090997245,0.999989333709358
1741341967.1806896,2,0.00948482424614975,-0.0005641947677550338,-0.006886721385180022,0.003060465486158576,-0.006242826478529697,0.0006774665658169518,0.9999756005561431
1741341967.1974351,2,0.010252713075196969,-0.0005514515236299707,-0.0067247394602516376,0.003936483523247882,-0.00733569092439317,0.000733288069877003,0.9999650764025408
1741341967.2139523,2,0.010297779415918348,-0.0005993098281768002,-0.00725557710016786,0.0019428260400360623,-0.005571641965911257,0.0005235417257366123,0.9999824539144891
1741341967.230754,2,0.009782913989946315,-0.0006390826964604806,-0.007862783148737557,-0.0013052484795671576,-0.005459923440243036,0.0006119249377665521,0.9999840554280371
1741341967.2475193,2,0.009070326891712893,-0.0006432050161916458,-0.008120348670958077,-0.003812495720734358,-0.007142612137799102,0.0007260916382332937,0.9999669598337544
1741341967.2640274,2,0.009057674184476967,-0.0005988456463822797,-0.0074104624120952395,-0.002984350681235849,-0.0064980590108007245,0.0005028819877570537,0.9999743076648568
1741341967.2810502,2,0.009159608091971944,-0.0005811255727561818,-0.006972463022693728,3.027673867239812e-06,-0.004634832021952571,0.0005916009825169924,0.999989084106041
1741341967.297358,2,0.009635091310509972,-0.0005583919310137513,-0.006732019043215337,0.0032925588422934187,-0.006358708794778515,0.0006780835900569831,0.9999741327061307
1741341967.3140652,2,0.010116562318044576,-0.0005632322769206306,-0.006905652276284972,0.003679904313907974,-0.0072837111394463945,0.0007378285751364138,0.9999664301691689
1741341967.3311226,2,0.010202510343385355,-0.000604913275384638,-0.007398347699656291,0.0016805031221663064,-0.005569737659747895,0.000652209860013136,0.9999828641301592
1741341967.347511,2,0.009808968874456356,-0.0006381946404710999,-0.007857777303154833,-0.0015232758205720013,-0.005698452350640763,0.0006254526722709152,0.9999824078855272
1741341967.3643463,2,0.00906721782832161,-0.0006468818371752692,-0.00814518972220549,-0.004133719240013279,-0.007383354743314086,0.0006757560073465127,0.9999639702468273
1741341967.3809438,2,0.008944168422756065,-0.0006049799219641502,-0.007515708717793072,-0.003509237369482729,-0.0065533124138042,0.0006247376549502725,0.9999721741390378
1741341967.3974457,2,0.00910187178846658,-0.0005800435709522908,-0.006960172456445656,-9.446253113946342e-05,-0.0045118932355549795,0.0005807374076777015,0.999989648266583
1741341967.414301,2,0.009485196737861887,-0.0005647817589566633,-0.006813786670447346,0.003303972509026255,-0.006299660782628639,0.0006449823405295593,0.9999744906933696
1741341967.4307911,2,0.009991968793548226,-0.0005687295633367902,-0.007001205143332986,0.004293125701693438,-0.007656812699924226,0.000790496577757749,0.9999611579487218
1741341967.447488,2,0.010288651289177574,-0.0005978453203415496,-0.007331038974440338,0.0023034094375679755,-0.0059583469993088195,0.0006032720043305865,0.9999794140225526
1741341967.4649796,2,0.009791985823267485,-0.0006459571594340315,-0.007971405133989268,-0.001599624449263933,-0.005771488455472661,0.0005819023784577266,0.99998189609225
1741341967.4808254,2,0.009084728703542835,-0.0006489617999410499,-0.008217094113517563,-0.004145285230249946,-0.007625307134559016,0.0006629673412897351,0.9999621151702537
1741341967.4977884,2,0.009032576965592412,-0.0005958319474956569,-0.0074278667541531436,-0.003948136801779159,-0.007250654744560515,0.0006973963221970331,0.9999656763409128
1741341967.5143304,2,0.009111155625289736,-0.0005715132528117139,-0.00685952226669964,-0.00012462828011328633,-0.004622197661604689,0.0004714893360094688,0.999989198668853
1741341967.53097,2,0.00934710513888191,-0.0005678182992829257,-0.006825398650511002,0.003069470031418218,-0.006146051134247942,0.0006357254079406049,0.9999761998479699
1741341967.5476997,2,0.010089589621148316,-0.0005547122120242482,-0.006753693496639883,0.004587958852987468,-0.007989192264176829,0.0008094984323698259,0.9999572331619074
1741341967.5641878,2,0.010380501424989851,-0.0005904840452559527,-0.007186143470420023,0.003030957150267835,-0.006408838614886627,0.0006328717629937202,0.9999746694590285
1741341967.5812156,2,0.009927939023238345,-0.0006400296084564385,-0.007893850795589014,-0.0006663457755356912,-0.005136121349355829,0.0005288049395315339,0.9999864482112385
1741341967.5977073,2,0.009260149287452958,-0.000646375747345885,-0.008152025673644012,-0.0039686027890523095,-0.007568569564039292,0.0006134945962818327,0.9999632946118759
1741341967.6144364,2,0.008798544913535282,-0.0006234885713003534,-0.0078120166187869555,-0.004151458453821478,-0.007589514356015208,0.0005518942782978523,0.9999624293328483
1741341967.6311605,2,0.008935105405022025,-0.0005836015925933516,-0.0070645452715164675,-0.0014749967522302068,-0.004936647709120414,0.0005520725242113733,0.99998657446483
1741341967.647767,2,0.009298199264659463,-0.0005626587381238503,-0.00675940247867551,0.0026381179505082057,-0.005703801674313201,0.0005749329226708962,0.9999800880178933
1741341967.6646936,2,0.009957698794404873,-0.0005514623674253876,-0.006724820875604204,0.004438226382326145,-0.007899674610771963,0.0007271002829625814,0.9999586834528723
1741341967.6811888,2,0.010451089789354362,-0.0005735995642026059,-0.00698043913571446,0.0034238225452217184,-0.0069077655252964745,0.0007054913664451046,0.9999700307992027
1741341967.6977859,2,0.010033885860015142,-0.0006305299133591153,-0.007770077062121478,-0.00029116134838759537,-0.004970728796753723,0.0006119101919728208,0.9999874162439323
1741341967.7146146,2,0.009366538853793044,-0.0006462329426839331,-0.00814902469915376,-0.0034520653438447468,-0.007082586656296218,0.0007062040079204053,0.9999687102539845
1741341967.7311819,2,0.008923141990109166,-0.0006222429095444769,-0.007826699388751877,-0.004474504620601398,-0.007845426676731323,0.0006111790934965395,0.9999590264349714
1741341967.7481203,2,0.008904826968970507,-0.00059225301322075,-0.007186452620958173,-0.001817146121348701,-0.005324588544140311,0.0005748496076747269,0.999984008014497
1741341967.7646437,2,0.00909080028615349,-0.0005770517041372633,-0.006949698645310707,0.0016620726209065771,-0.005053880040477016,0.000722508210542596,0.9999855867926423
1741341967.7812479,2,0.009846263884790643,-0.0005491570664170526,-0.006698714055783423,0.004093423669422842,-0.007611209098281273,0.000746583929605272,0.9999623772878461
1741341967.7979898,2,0.0102999798398533,-0.0005754258572456996,-0.006995337012730759,0.0034561572772709138,-0.007145530113863705,0.0007030271676003682,0.9999682505605207
1741341967.8146164,2,0.010114076352727012,-0.0006226155319577938,-0.007610873724790683,0.0007224287270786296,-0.004985354568146605,0.0005882152148535498,0.999987139087011
1741341967.8313627,2,0.009433185525395677,-0.0006469190580918577,-0.00812728084357559,-0.002739851457870324,-0.0066056826295349405,0.0005962305026687802,0.999974251008582
1741341967.8478813,2,0.008966382473244654,-0.0006284988611871591,-0.007910008990229724,-0.004266267373101956,-0.007591687569475014,0.0007783332920913353,0.9999617789894947
1741341967.8646457,2,0.008916125843810668,-0.0005992466432235881,-0.007298358107402683,-0.0025140574495456465,-0.005556327112065698,0.0005820462329015337,0.9999812338070885
1741341967.8814576,2,0.009198101086118083,-0.0005712701342172629,-0.006863933441413916,0.0013535174278967103,-0.004948556438753024,0.000597994382386585,0.9999866610022673
1741341967.8979883,2,0.00973066397046785,-0.0005566381181866693,-0.006772622376007871,0.0037530656019387483,-0.007086999611628022,0.0007557998636074563,0.999967558324598
1741341967.9148293,2,0.01025909963384032,-0.000571749527361061,-0.006925225527896678,0.0034505917753699213,-0.007033598261182141,0.0007152145008335675,0.9999690547112535
1741341967.9313076,2,0.010050711948389881,-0.0006231379285364826,-0.007592079102502827,0.0008156095066329339,-0.005040940094952991,0.0005664973980132719,0.9999868013052922
1741341967.948067,2,0.009336295568791779,-0.0006534933593117382,-0.00822850234308147,-0.0026533531865402566,-0.006025633668212169,0.0006403486021030302,0.9999781204653588
1741341967.9653115,2,0.009080243350268283,-0.0006208842962747148,-0.007855711050921508,-0.003776579544982537,-0.007128146255108455,0.0007314351116508835,0.9999671954522226
1741341967.9813616,2,0.009005786679344503,-0.0005965221697483556,-0.007312117735493616,-0.0023828504622001277,-0.005532115010826076,0.0005893089916804151,0.9999816850533285
1741341967.9981565,2,0.009187558858582214,-0.0005733433603534189,-0.0069547794171902644,0.0010598462678429752,-0.004707945801602179,0.0005198543766482908,0.9999882207924475
1741341968.0149202,2,0.009773838725593847,-0.0005515326888581164,-0.006725702955735975,0.003497076788198333,-0.006699546786723788,0.0006843307919299231,0.999971208694609
1741341968.0313742,2,0.010129304346323035,-0.0005782589921012855,-0.007016479810597438,0.003097115061974406,-0.006825254767763886,0.0007080621836051222,0.9999716608102411
1741341968.048422,2,0.010020464851286912,-0.0006239179347791277,-0.0075680762002211695,0.0009480797794912814,-0.0050082629354894475,0.0005578824367086676,0.9999868535207288
1741341968.0649078,2,0.009447174113289008,-0.0006477611199939815,-0.008070038075557244,-0.002341758195483024,-0.005499984468262116,0.0007009386451312417,0.9999818873481752
1741341968.0813732,2,0.00914762811658948,-0.0006189516847540738,-0.007804209769019666,-0.003462827102325092,-0.007093426225443432,0.0006120932142702672,0.9999686582462175
1741341968.0983183,2,0.009080817888254392,-0.0005919657465239815,-0.007266596837888525,-0.00208013376168741,-0.005595266130411913,0.0005240092720523215,0.9999820455661923
1741341968.1150188,2,0.009268751632399585,-0.0005738541003100244,-0.006897978075464857,0.001074161963586245,-0.004717233931212086,0.00047989934640031224,0.9999881817185298
1741341968.1319861,2,0.009613084765407983,-0.0005698816379420098,-0.0069295521790080665,0.003473688035860454,-0.00643213863882009,0.000610226209804383,0.9999730939920001
1741341968.1481938,2,0.010062166334833441,-0.0005823509273181159,-0.0071043464246172885,0.003142386494494093,-0.006761594432777928,0.0006895339284823305,0.9999719650024231
1741341968.165014,2,0.010109589677031143,-0.0006131469448262185,-0.007473443277628182,0.0010700662217709358,-0.005085302617070469,0.0006263641052650017,0.9999863010679603
1741341968.1818085,2,0.009553605142271018,-0.0006407015565609651,-0.007964315025118903,-0.001867802263601511,-0.005665614590373419,0.0006056773617550484,0.9999820224788799
1741341968.1983225,2,0.009136633732684963,-0.0006235354565485821,-0.007830502221384627,-0.0032295820324433613,-0.0071013807076088275,0.00045420565528956497,0.9999694664784341
1741341968.215167,2,0.009100736285300575,-0.0005943076789829955,-0.007235128638745544,-0.002327348860189677,-0.005905499650503554,0.0005408839739763425,0.9999797077769567
1741341968.2316523,2,0.009194744692067658,-0.0005829018295856085,-0.006967459514056307,0.0009249141449511431,-0.004701003272516534,0.00046880826202402084,0.9999884125933008
1741341968.248402,2,0.009573565392683354,-0.0005721425121571774,-0.0069575529311500985,0.0032273828061486,-0.006521129251865905,0.0006605608682578243,0.9999733109102674
1741341968.2652526,2,0.010212800277196165,-0.0005640108937886308,-0.006938090218883436,0.0035499682486983086,-0.006985052306241709,0.0007333738343447025,0.9999690339868188
1741341968.2818747,2,0.010103913878986738,-0.0006135941927140074,-0.007523764239001981,0.0010272785191013454,-0.005111180858320021,0.0005618577620586495,0.9999862523279673
1741341968.2985754,2,0.009601263470735477,-0.0006422039646314319,-0.007976838186969933,-0.0019468784610186757,-0.00567474925990355,0.0005023593173193254,0.999981877095886
1741341968.3152225,2,0.009100209568932587,-0.000630428453937735,-0.007915123240142655,-0.003598367417582171,-0.0072581825006001405,0.0006007427427681074,0.9999670042790778
1741341968.3318465,2,0.009062836590983949,-0.0005922766576670847,-0.007273105221162722,-0.002318035170390841,-0.006036458329479961,0.0005692873891642418,0.9999789316758898
1741341968.3485193,2,0.009156499781390897,-0.0005776504762784031,-0.006957987494513773,0.0006629363968451908,-0.004698291937705294,0.0005462529053417664,0.9999885940229345
1741341968.3651683,2,0.009563540153444667,-0.0005652665068911467,-0.006890686661395138,0.003212408362123783,-0.006677268087838228,0.000802176828177454,0.9999722251321456
1741341968.3819966,2,0.010185968268740754,-0.000567807027226455,-0.006922097064273616,0.00370807802013607,-0.0072504558632208865,0.0006748708780692758,0.9999666122408638
1741341968.398563,2,0.010128176833345763,-0.0006136016379304482,-0.0075142099060522055,0.0014285059821139605,-0.0052907357137601,0.0005839677219132656,0.9999848131186623
1741341968.4152684,2,0.009741284171034975,-0.000636121344096616,-0.007878935344427905,-0.0012957525471784658,-0.006008224346206408,0.0004453068142890636,0.9999810118034159
1741341968.4320016,2,0.009025549978112288,-0.0006375411707250786,-0.008103325388709316,-0.003970054396023848,-0.007357994661830869,0.0006788297362011267,0.999964818267542
1741341968.4485042,2,0.008970687530483867,-0.0005986937170103302,-0.007429567385037373,-0.003111643591803455,-0.006282923693096461,0.000645614230869283,0.9999752125559359
1741341968.4660163,2,0.009036764249607032,-0.0005803896339283755,-0.007055755346733814,0.0003421012267030499,-0.004554764008990753,0.0005183144239660919,0.999989434165047
1741341968.481845,2,0.00957184162879312,-0.0005599104035520315,-0.006768575384278595,0.0031800342886754785,-0.006446310780277005,0.0005724455867575924,0.9999740020447018
1741341968.4985442,2,0.010126267278499955,-0.0005642180899235496,-0.006871838480379298,0.003631683561295965,-0.007420722880614296,0.0007848790672299913,0.9999655632627004
1741341968.5153422,2,0.010244224844033237,-0.0006021668219493543,-0.007342212557259567,0.0019443233845257062,-0.00569604744235018,0.00047900372816823364,0.9999817724366475
1741341968.5319579,2,0.009801553262422616,-0.0006365145906286574,-0.007887374955207258,-0.000529309178317606,-0.005393904838307804,0.0005987102864335221,0.9999851334736841
1741341968.5488653,2,0.009092294623963312,-0.0006465878019812399,-0.008156467767058955,-0.0035718227850182376,-0.007323026336634793,0.000656256232092095,0.9999665917894573
1741341968.5653129,2,0.008821331550724433,-0.0006152683675766598,-0.007703452840326433,-0.0036633649996935195,-0.006717036057226371,0.0007524092456677779,0.999970447095219
1741341968.582011,2,0.009001504680885288,-0.0005824082068508513,-0.007086218003851469,-0.0007044190684885981,-0.004511268210510032,0.0005368921782084356,0.999989431944007
1741341968.5988073,2,0.009467676432534305,-0.0005586462258217321,-0.006777581573365675,0.0026218018372059985,-0.006025258914704706,0.0006358203350766059,0.9999782088338919
1741341968.6153808,2,0.010066343701207396,-0.0005565569547098186,-0.006799288033469925,0.003851528128805544,-0.007442151255166152,0.0006918077835611348,0.999964650134073
1741341968.6322885,2,0.010278125593634387,-0.0005908154940860739,-0.007218666554709026,0.002421747242609842,-0.0059909088944896105,0.0005004737152065486,0.9999789966179147
1741341968.648692,2,0.009904474960847651,-0.000631423095375285,-0.007785417153339759,-0.0003150771434184021,-0.005219839005174596,0.0005103192812055054,0.9999861966954269
1741341968.6653678,2,0.009295368741194557,-0.000635417322524069,-0.008011282495024924,-0.0034753364466215573,-0.00712697012882502,0.0006415905603054879,0.9999683578468463
1741341968.6824236,2,0.009024879174168807,-0.0006068518280264927,-0.007569750919960324,-0.0031401240582850675,-0.006999970342184525,0.0005882325758746087,0.9999703965710904
1741341968.6988232,2,0.009043227949853464,-0.0005853843197733342,-0.007089447114005372,-0.0009429100252647157,-0.004890473345519057,0.0004919462342156103,0.9999874760115967
1741341968.7156658,2,0.009429630339672292,-0.0005599056867377598,-0.006778602381966688,0.0023554665338018786,-0.005690883203653689,0.0005500739010308495,0.9999808813394754
1741341968.7321608,2,0.009933254675329685,-0.0005589461581155873,-0.006844863990858049,0.003578352006788345,-0.0071755221011756765,0.0007588476789285996,0.999967565188837
1741341968.7489,2,0.01016643756757339,-0.0005907805382471106,-0.007237601111810909,0.002322633372507736,-0.00612167453249267,0.0006032776852659945,0.9999783830319381
1741341968.7657614,2,0.009814183425652396,-0.0006348696084170195,-0.007840330696327244,-0.00030937947224735947,-0.004831596211426365,0.0004946082572704324,0.9999881575924106
1741341968.7823062,2,0.009347676663974864,-0.0006342625500419764,-0.007987536882883612,-0.0029157211357334592,-0.0066202955337623225,0.0006352998302676512,0.999973632978105
1741341968.7988617,2,0.009101415243612068,-0.0006095833091309592,-0.007575899449501588,-0.003115728319834545,-0.006774177284207795,0.0006210104630627563,0.9999720081608104
1741341968.8157525,2,0.009093798408500279,-0.0005891241962644908,-0.007103766208396626,-0.0007739375889031983,-0.004778660462373126,0.0005762883060037553,0.9999881165876834
1741341968.8322527,2,0.009312604966211708,-0.0005720842031668929,-0.006928835428577264,0.0017799215587113654,-0.0051731735582389825,0.00051408673875255,0.9999849028207407
1741341968.849119,2,0.009848062592453003,-0.000561937071596138,-0.006874711381189698,0.0032324496033400256,-0.006907919138498805,0.0007062962463005198,0.9999706661039364
1741341968.8656018,2,0.0101808279005052,-0.0005836573274910779,-0.007125072264718828,0.002488181612806656,-0.0061483474706285875,0.0006863979785718491,0.9999777675695881
1741341968.8822734,2,0.009892391680677763,-0.0006275447594917363,-0.0076940860890738405,5.062542467583713e-05,-0.004861246924047888,0.0005723554947763336,0.9999880189905264
1741341968.8990107,2,0.0094457804905804,-0.0006300028335049158,-0.007890513596123352,-0.0023975808689412695,-0.006314865904758975,0.0006305013494736202,0.9999769880065391
1741341968.915632,2,0.009096606643123374,-0.0006100816264109815,-0.007643090633198626,-0.003057190361885898,-0.006600604935525035,0.0006707761706351426,0.999973317474474
1741341968.9325109,2,0.009079005884806044,-0.0005889646983156705,-0.007180862269224488,-0.0006805138683485113,-0.00469261089137449,0.00042396245480678837,0.9999886682156625
1741341968.9489667,2,0.009315047323866083,-0.0005719373242589759,-0.006941481473040627,0.0016339233021823816,-0.005104472151670176,0.0005313939287838737,0.9999854960344113
1741341968.966145,2,0.009836462691870211,-0.0005607114752736828,-0.006865718944426561,0.0031182835862955203,-0.00666319459747565,0.0006935116949239715,0.9999726982206867
1741341968.982388,2,0.010149676642038034,-0.0005845871219392944,-0.007129428990066053,0.002400758532707605,-0.006134432296952679,0.0006634584269044888,0.9999780822206942
1741341968.9990156,2,0.009928363504734658,-0.0006250365628811883,-0.0076310333236504335,0.00025931335716833706,-0.004888775278652487,0.0005354411358590637,0.9999878728942905
1741341969.0160613,2,0.009478994479132889,-0.0006281152772827512,-0.007854894345807712,-0.0019722730031662638,-0.006214698237094277,0.0005572056053250234,0.999978588364239
1741341969.0324483,2,0.009123543006877188,-0.0006067138085324706,-0.007634277125917596,-0.002837520589296586,-0.006592077971387583,0.0006198013601268141,0.9999740540790037
1741341969.0491562,2,0.009104515377169489,-0.0005877934883993934,-0.007177060909343397,-0.0013962043279696099,-0.005140686639121934,0.0005347031853369343,0.9999856689207384
1741341969.065882,2,0.009343945025799818,-0.0005724769536837352,-0.006916565020822523,0.0014111021332573767,-0.005093172503883478,0.0005698405437102331,0.999985871733381
1741341969.08247,2,0.009786733111795436,-0.0005640853813772825,-0.006920848577880845,0.003102070790538988,-0.006576769202640646,0.000613448165207369,0.9999733731180117
1741341969.0992837,2,0.010220190162178665,-0.0005801521767602917,-0.007040655547857645,0.0022565162792664902,-0.006150109332636584,0.0006980555434260481,0.9999782982684855
1741341969.1158328,2,0.009903625025362505,-0.0006281871427374272,-0.007670208680052832,0.0002345134825526381,-0.00484906790779217,0.0005893535552565869,0.999988042031623
1741341969.1324558,2,0.009357027324526776,-0.0006414184982644304,-0.008030320509443693,-0.0024387493631634356,-0.0060390200980503135,0.0005807033937638337,0.9999786225321857
1741341969.1492155,2,0.009096979491651372,-0.0006133253402719345,-0.007698311565718592,-0.002891418544633652,-0.006715035645189141,0.0006504188115989956,0.9999730621124017
1741341969.165816,2,0.009103509176392926,-0.0005901251028272112,-0.0071864940241402496,-0.001242566530931531,-0.005603372944016972,0.0004991192744798562,0.9999834044223015
1741341969.182697,2,0.009282627045567343,-0.0005753242149907901,-0.006961449719767886,0.0015097727363147918,-0.004946969049697355,0.0005606473170220882,0.999986466787472
1741341969.1993225,2,0.009728347606181768,-0.000565679743573004,-0.0069420879643264195,0.0030294347495737673,-0.006693349518418934,0.0005685505486607907,0.9999728488052043
1741341969.2160027,2,0.010096080140340576,-0.0005824585814466883,-0.007168647150823009,0.002597299773312244,-0.0063117341370619575,0.0006477132370312825,0.9999764979806441
1741341969.2327287,2,0.01000918585619693,-0.0006176345731575071,-0.007583481146449627,0.0004884943498700015,-0.0048140833029233,0.0005878535985946515,0.9999881201311189
1741341969.2491775,2,0.009518579587803857,-0.0006345566452559606,-0.007927467822230585,-0.00198696445037373,-0.006347047188731943,0.000599660121654885,0.9999777034374294
1741341969.2662425,2,0.009117797387793645,-0.0006162621422390786,-0.007738663935245164,-0.003216174169963351,-0.006868053065866875,0.0006807454345971724,0.9999710109080394
1741341969.282729,2,0.009148311078707507,-0.0005855374518884619,-0.007134064408648269,-0.0013231770606079286,-0.005455404057762986,0.0004620124167738495,0.9999841370309628
1741341969.2992685,2,0.009283957717632067,-0.0005707348351273989,-0.006902393803783664,0.001214198682142138,-0.004859673136004667,0.00046197621643758846,0.9999873478582351
1741341969.3161418,2,0.009778047588618551,-0.0005591735854292605,-0.006806411116364101,0.003099891463902399,-0.006684846048803345,0.0005659027888176105,0.999972691257241
1741341969.3327568,2,0.010103552186289116,-0.0005809878600853916,-0.007120499870425296,0.0027445871119840637,-0.006585494787923164,0.0006632552144818276,0.9999743289667506
1741341969.3496206,2,0.010148530845101153,-0.0006069760790269324,-0.00744553585875496,0.0006371884470780363,-0.005037278969343418,0.0005148452664603559,0.9999869772881143
1741341969.366232,2,0.009561161468911115,-0.0006345198409391396,-0.00793342109650203,-0.002099895065219841,-0.0056288493297936195,0.0006110839512024311,0.9999817663699384
1741341969.3827062,2,0.009124548506384042,-0.0006224967110969469,-0.007821786002632359,-0.003264415554087405,-0.006977524662684386,0.000751100517566882,0.9999700463457314
1741341969.399638,2,0.00915270414143256,-0.0005864368649680835,-0.007170866606365611,-0.001476492849013552,-0.005710780015622478,0.00048701317769447465,0.9999824847359301
1741341969.416142,2,0.009264765167790498,-0.0005705037081026326,-0.006893939376790985,0.000842869952414373,-0.004715333474302004,0.0004997571214460488,0.9999884026543954
1741341969.4328718,2,0.009620126598652004,-0.0005674856480080034,-0.006900872351818742,0.002775480174405264,-0.006441477599484356,0.0006849994118657483,0.9999751671176352
1741341969.4495463,2,0.010054903563401467,-0.0005769113123366372,-0.007085896388955948,0.002844402197298177,-0.006744071486068985,0.000629089787832931,0.999973015196895
1741341969.4668071,2,0.010093864830240745,-0.0006100778628009285,-0.00748147021399997,0.0009815511853498023,-0.00503205630240844,0.0005309763200830744,0.9999867164271671
1741341969.4830604,2,0.009510067458376317,-0.0006443996537007027,-0.008059022153627112,-0.0019732345968250338,-0.005681647279966172,0.0007467169426895781,0.9999816336529483
1741341969.4995425,2,0.00914545611364426,-0.0006270168287306019,-0.007893256449499335,-0.003090809006055327,-0.006890600508850001,0.0006382622448335392,0.9999712791603679
1741341969.5163062,2,0.009061521892179725,-0.0005956076973217475,-0.0073531885340790215,-0.002005962747575573,-0.005846914177735643,0.00062205807389579,0.9999807011896811
1741341969.5329134,2,0.009196446428696986,-0.0005750200904865949,-0.006965564937856955,0.00037544280210485923,-0.004547075833699137,0.00041948676675125017,0.9999895035323708
1741341969.5496008,2,0.009597393633967145,-0.0005623621775364347,-0.00683670368787385,0.0024978607474864223,-0.006190077861798065,0.000637641543752881,0.9999775182677922
1741341969.5665565,2,0.009992218000762916,-0.0005762820592555344,-0.00703894148175611,0.0028433897895359596,-0.006749736026673781,0.0006615419698301948,0.9999729589145384
1741341969.5830076,2,0.010123048593975698,-0.0006041014959335279,-0.007380355486671179,0.0016129636329632725,-0.005267794697509314,0.00042389427963514015,0.9999847343839722
1741341969.5997112,2,0.009794345628938883,-0.0006271508618594166,-0.0077489936595852935,-0.0006646772842433952,-0.0051366638848382475,0.0005666991003322655,0.9999864257780561
1741341969.616415,2,0.009147099659498266,-0.0006346821531907805,-0.007969506393158745,-0.003070827498870428,-0.006751573566322086,0.0006413137085849288,0.9999722871107869
1741341969.633166,2,0.00917817609394895,-0.0005923301928450625,-0.007296449997770929,-0.002229840855623517,-0.006040189589751065,0.00048500408939695477,0.9999791541279807
1741341969.6498616,2,0.009155727910762097,-0.0005775871401595763,-0.007034287293832969,0.000165288309242113,-0.004534771432811301,0.00040663649472112847,0.9999896215334377
1741341969.6663759,2,0.009379828036666982,-0.0005720609877898241,-0.007037299096897818,0.0020881630767851113,-0.005743129432956701,0.0006939726702346063,0.999981087041757
1741341969.6831858,2,0.009906418440224137,-0.0005733833799454,-0.007050047765847493,0.002780832251257026,-0.006626599836453741,0.0006935020156817796,0.9999739367611299
1741341969.6998117,2,0.010092349013125106,-0.0006001129870900284,-0.007343781869205271,0.001461738264765303,-0.005355119127295733,0.0004717153306597592,0.9999844816321025
1741341969.7163815,2,0.00968846497663791,-0.0006320136551694406,-0.007837242283938286,-0.0010546237104394347,-0.005057452536623723,0.0006208998192505381,0.9999864621214047
1741341969.733268,2,0.009261345374452612,-0.0006265622913004347,-0.007876402457930884,-0.002559563691895085,-0.006408542285151436,0.0007220038470001929,0.9999759286752513
1741341969.74971,2,0.00917530252093383,-0.0005971927797232606,-0.00736302436427239,-0.0016567512816680226,-0.005933890182317939,0.0005848810410165335,0.9999808508349861
1741341969.7665625,2,0.00917077283941324,-0.0005820487743804137,-0.00705671437535881,-9.598878857747246e-05,-0.004607761172824667,0.0005181051143519166,0.9999892453872777
1741341969.7832959,2,0.009415648372576304,-0.0005701071628551657,-0.006986878042999383,0.0020149390745287724,-0.005560409201705576,0.0006225794738263929,0.9999823169760725
1741341969.7998707,2,0.009968714771716475,-0.0005639641656936664,-0.006917047946506096,0.002603362140225666,-0.006548245407730483,0.0007269989111642848,0.9999749069152837
1741341969.8167145,2,0.009986285529754306,-0.0006041607292700866,-0.0074032132240217435,0.0014767194537939807,-0.005399792862374575,0.0005895572193754819,0.999984156853989
1741341969.8332925,2,0.009818878351134729,-0.0006211458923995469,-0.007659215607981169,-0.000312299957606623,-0.0051871930589275595,0.000533609564377599,0.9999863552857803
1741341969.8499324,2,0.009277176859309426,-0.0006279832164001597,-0.00787771832346759,-0.0026542388316166624,-0.006294841815211592,0.0006501873567799397,0.9999764533423512
1741341969.8666832,2,0.009193203792972735,-0.0005957913775202447,-0.00739368192695276,-0.0017755785875028082,-0.005821479007135768,0.0005489853834781302,0.9999813279846269
1741341969.883264,2,0.009224823376145646,-0.000581464829829073,-0.007024116679884675,-0.00013590475907010804,-0.004587520813704058,0.0004469366388485457,0.9999893681586426
1741341969.9001274,2,0.009410790633236991,-0.000571847054723483,-0.006982011847156988,0.0018054745894831913,-0.0055098087781660565,0.0005782452324541038,0.9999830238064974
1741341969.9167135,2,0.009782727458948788,-0.0005794040606369258,-0.007100545862490327,0.0024343172039035603,-0.0064166149901201605,0.0007538411213039914,0.9999761661536654
1741341969.9332888,2,0.010069567066511794,-0.0005980938398129797,-0.007279026794178812,0.0014754555296883551,-0.0055209024070089615,0.0006832241175303598,0.9999834377990455
1741341969.950282,2,0.009824179809457783,-0.0006265032476771273,-0.007656812270100355,-0.0001282274687991959,-0.0050496729516862895,0.0005485679978443559,0.9999870916336615
1741341969.9671578,2,0.009300305803108987,-0.0006294981608277035,-0.007886407650492283,-0.0022409674360586054,-0.006249890530158951,0.0006573016395516633,0.9999777421962283
1741341969.9836864,2,0.009172664642943208,-0.0005941984489593936,-0.007433538728837514,-0.002106490105605895,-0.006420482339748542,0.0005872217589226374,0.9999769973737225
1741341970.0001223,2,0.009301999471875353,-0.000570077738604105,-0.006944308014785767,0.00013722076420278291,-0.0046852946736500286,0.0004897623875365412,0.9999888945968783
1741341970.0167444,2,0.009405598047702022,-0.000576712512676906,-0.0069739474835938805,0.0016040159213596065,-0.005377499087747655,0.0005822332297068099,0.9999840851938352
1741341970.0336704,2,0.009792876064760979,-0.0005755626381310807,-0.007063535592402636,0.0023667011801236123,-0.006470258952410371,0.0007114977636987998,0.9999760138351044
1741341970.050239,2,0.009966962104758207,-0.000599391095842417,-0.007390315702047036,0.001497284835395327,-0.005529364078397363,0.0006446074156194886,0.9999833842381033
1741341970.0670297,2,0.009783423870000932,-0.0006240666866404387,-0.007734245793765109,-0.0005168462579273245,-0.004882083721598307,0.0005211685212555033,0.9999878131816675
1741341970.0835943,2,0.009363280609977499,-0.0006246386140515205,-0.007866258603115643,-0.0024489111825753787,-0.006231038545549236,0.0007043135883354285,0.9999773402107834
1741341970.1001227,2,0.009142806726789948,-0.0006061237118697925,-0.00751954239726787,-0.002054025884401633,-0.006163919446872247,0.0006146379483133483,0.9999787044207048
1741341970.1170454,2,0.009208728629052207,-0.0005869227263167182,-0.007062616252043199,-0.00021345891027637424,-0.004850866133375753,0.0004554263289714547,0.9999881079892444
1741341970.133597,2,0.009238187194207116,-0.0005851615799271905,-0.00712482658588711,0.0015096395587719108,-0.005121918100955745,0.0006315101798980063,0.9999855439646427
1741341970.1502848,2,0.009805868800532047,-0.00056458501299141,-0.006997841224615911,0.002556263275458265,-0.006554901918229456,0.000661571439738352,0.9999750302393251
1741341970.1670036,2,0.010045173910309511,-0.0005861186207824411,-0.007293696017468413,0.0017868909855878255,-0.005816616626518846,0.0005905430951622867,0.9999813124506269
1741341970.1834908,2,0.009904870570562082,-0.0006159145672608392,-0.007642578578615793,-4.2118088422824766e-05,-0.004905442145992183,0.0005925992445259374,0.9999877917702567
1741341970.2006452,2,0.009407215472638982,-0.0006300739037174732,-0.00790171365141297,-0.0022724814534278086,-0.006032671362337019,0.0006155227878147343,0.9999790316981529
1741341970.2169275,2,0.009081312684396601,-0.0006129605297888425,-0.007652968777165364,-0.0025493442666601374,-0.006301099487001692,0.0006845887560397799,0.9999766638913631
1741341970.233737,2,0.009116992463960404,-0.0005856864453745589,-0.007173242067447577,-0.0004541126448418096,-0.005012012995923723,0.0004817645594469693,0.9999872206235156
1741341970.250459,2,0.009273304261824301,-0.000573049874870091,-0.007051583758057975,0.001595324722640665,-0.005192055939626872,0.0004770078094479726,0.9999851348683634
1741341970.2669542,2,0.009831884804555649,-0.0005631842360466934,-0.00692483777004939,0.0025537398242318214,-0.00664847866861723,0.000696785433651043,0.999974394989373
1741341970.2840602,2,0.010033664579990829,-0.0005907032033772782,-0.007283264463057571,0.001932609852226926,-0.005966291176002702,0.0006063291439856874,0.999980150179858
1741341970.3003964,2,0.009948669140558817,-0.000611855252578185,-0.00760637950426694,5.139909698813858e-05,-0.004864067936488009,0.0005570661952085159,0.9999880138674143
1741341970.3170724,2,0.009507748615949788,-0.0006188996379614019,-0.007840957812659883,-0.0017853157068435826,-0.0057341800437511695,0.0006378041727031744,0.9999817623501391
1741341970.3339534,2,0.009205312330124088,-0.0006054993355824435,-0.007588264113251714,-0.0022916691684720853,-0.006555453756793829,0.0006175565791853987,0.9999756961558297
1741341970.3504,2,0.009176971346929718,-0.0005866929895269534,-0.007171842453095338,-0.0010402393633683752,-0.00539834125255961,0.000491675169601939,0.9999847669186344
1741341970.3673615,2,0.009241145773798162,-0.0005791418475204165,-0.007087215291410923,0.001100022069307124,-0.004847201570421457,0.0006471932436262186,0.9999874377857395
1741341970.383818,2,0.009685909564685095,-0.0005693242172840224,-0.007017873060824835,0.00246164674579088,-0.006259865641207277,0.0006420774358662633,0.9999771707964233
1741341970.4006004,2,0.010038421637714779,-0.000583267231568227,-0.0071920547333653205,0.0021615117473722154,-0.006076140841042388,0.0005742501404198035,0.9999790390884311
1741341970.4172306,2,0.010048487494803514,-0.0006034605901627601,-0.007475287366747262,0.0006276017894647588,-0.004928622245830725,0.0004888480169126867,0.9999875378355313
1741341970.4338677,2,0.009653524774463604,-0.0006207932005561759,-0.0077429663206619636,-0.0015027364822079304,-0.005593696191940043,0.0004745296958814547,0.9999831134411946
1741341970.4515965,2,0.009285001919281152,-0.0006090749424056833,-0.007609729324042381,-0.0021094854787759377,-0.006573468682063408,0.0006413354151316426,0.9999759638458247
1741341970.4681237,2,0.009058898115627772,-0.0005945986005902593,-0.0073660151154485804,-0.0009558119539955457,-0.004753758710320875,0.0005414141708563987,0.9999880974653289
1741341970.4839935,2,0.009271223195532972,-0.000570359705135046,-0.007023365230482421,0.0006708880657396144,-0.004759616272928645,0.0005604797923654478,0.9999882908437179
1741341970.5007772,2,0.009658829059905767,-0.0005664244082657379,-0.006975639668563656,0.0022693579872493427,-0.0062356256764991656,0.0006738871157899258,0.9999777561840582
1741341970.517276,2,0.010042241728974862,-0.0005846613552492048,-0.007131155286172563,0.0024159927762723164,-0.00624823887592766,0.000569680936820224,0.9999773987213333
1741341970.5343106,2,0.009975514731351926,-0.0006142153998440865,-0.00755157370212989,0.0006368646943129251,-0.004894347616127202,0.00046966462059577297,0.9999877095144308
1741341970.5510337,2,0.009619512852355586,-0.0006246581562650007,-0.007815673218517342,-0.0012510325299040597,-0.005959526116030427,0.0005956057260516008,0.9999812819347673
1741341970.5674806,2,0.009224756993080735,-0.0006101045727689891,-0.0077247023761264815,-0.002219033909917309,-0.006639247596583622,0.0006814994336858551,0.999975265613295
1741341970.584375,2,0.009202210977382276,-0.0005845646715672383,-0.007242376226892771,-0.0010741906117573221,-0.005344322685032382,0.0005557575307235203,0.9999849876188817
1741341970.6008494,2,0.009235134257801864,-0.0005820362009683581,-0.007091204036331555,0.0004555803846980498,-0.004639370938579699,0.0005442608297977392,0.999988986171326
1741341970.617628,2,0.009645562184777828,-0.0005679487257960017,-0.006964217643191841,0.002112500881508664,-0.006017493630810429,0.0006088789303991024,0.9999794779778617
1741341970.6341324,2,0.009830052848968387,-0.0005915188310300866,-0.0073119725613542685,0.0018565860835612334,-0.005947323878681507,0.0006659441034702975,0.999980369279941
1741341970.6508083,2,0.01004259428561902,-0.0006000498556920846,-0.007413610490988567,0.0007008666169129782,-0.0050271748656918625,0.0005304747873180009,0.9999869773628829
1741341970.6676116,2,0.009626562366338303,-0.0006242986470737584,-0.007785341165114914,-0.0006175826880667056,-0.00554184367144055,0.0005902201019202782,0.9999842789767127
1741341970.6841218,2,0.009360859378923506,-0.0006118261908652396,-0.007623298706110239,-0.0019642994312424333,-0.0060439785264039154,0.0005211136120024472,0.9999796699393043
1741341970.70097,2,0.009191251378686614,-0.00059557145157737,-0.007302872816987778,-0.0010194398838158194,-0.005416903601339427,0.0004682737080839167,0.9999846991916583
1741341970.7175307,2,0.009190685738215722,-0.00058719594543301,-0.007143477568075347,0.00017998009630144639,-0.004558000292036285,0.0005690122000193833,0.9999894341769913
1741341970.7340991,2,0.009599388263486169,-0.000566783392372966,-0.0069652635789359384,0.0020933038028841185,-0.0057671129466319564,0.0005221875812443425,0.9999810427241007
1741341970.7510226,2,0.009986575435853033,-0.0005741447924858972,-0.007053713600476446,0.0020380363433057727,-0.006177733786440689,0.0006452251233750938,0.9999786326205513
1741341970.7675612,2,0.010068077392011479,-0.0005979944143274566,-0.007342109159571738,0.0009481891069469981,-0.005036811524875718,0.0006007495017531859,0.9999866851949162
1741341970.784288,2,0.00970460043727178,-0.0006225539516653888,-0.007704101599375521,-0.00074609196606021,-0.005360569863959647,0.0005789455868815871,0.9999851861200342
1741341970.8008473,2,0.009302539876904579,-0.0006143674442544106,-0.007707251077114181,-0.0018256641739184825,-0.006607923376940855,0.0005944795766463386,0.9999763241662283
1741341970.8174741,2,0.009209280013619748,-0.000587840657024105,-0.007291502807428904,-0.0014613311353048333,-0.005437253345431927,0.0004439775337384815,0.9999840517084861
1741341970.834516,2,0.009204730062886139,-0.0005828126706960773,-0.00711177711590136,-1.5214897680509511e-05,-0.0045800334037385225,0.0005478686832230962,0.9999893613946268
1741341970.8509471,2,0.009643636532779803,-0.0005671624876536996,-0.006880422003590543,0.0019459832265780778,-0.00575755734476083,0.0005521077064123029,0.9999813792565261
1741341970.867617,2,0.00992683247725785,-0.000578174746243839,-0.007092776376220026,0.0019872062418397726,-0.006129573011496513,0.0006221570476705902,0.9999790459137916
1741341970.884307,2,0.009957983991337292,-0.0006035593173954558,-0.007444629009126908,0.0009274264854304503,-0.005077654819874161,0.000589179211647164,0.9999865049936928
1741341970.9009914,2,0.009686256454084639,-0.0006177988691989954,-0.007717974904177529,-0.0008734818843583624,-0.005289078851363143,0.0006454748152609295,0.9999854229120366
1741341970.9179277,2,0.009383367351861916,-0.0006064510967969409,-0.0076202900234075615,-0.0019366215537390532,-0.005864979715574083,0.0005628117720478559,0.9999807671914509
1741341970.9343994,2,0.00918880461199901,-0.0005935010300141769,-0.007337418636146133,-0.0017483963643808995,-0.005668362438824709,0.00040071855720000786,0.9999823259448404
1741341970.951018,2,0.009196921934724886,-0.0005855004173986,-0.0071141494866221976,-3.222546722160797e-05,-0.0046130178070151765,0.00046546284373572103,0.9999892511285171
1741341970.968229,2,0.009510065766894935,-0.0005700526121801887,-0.006991765899898654,0.001812357226569434,-0.005512136587701735,0.0005760177444680275,0.9999829998130367
1741341970.9844806,2,0.009918657392925741,-0.00057007826010217,-0.0070404685790793784,0.0022256112084775657,-0.0062180680613153246,0.0006186065976357853,0.9999779995630957
1741341971.001372,2,0.010007426016553533,-0.0005974011388335534,-0.007358078215530016,0.0009195473278979626,-0.005204179573593975,0.0005948899706167118,0.9999858584268081
1741341971.0178664,2,0.009755802185647998,-0.0006188727715360318,-0.007655020148433495,-0.001185500684852027,-0.00515078025856054,0.0006254004740602571,0.9999858363622464
1741341971.0345473,2,0.009309227614214205,-0.0006215285193107853,-0.007766452592836318,-0.0017604506828480095,-0.006063532240203324,0.0006394547873576255,0.9999798625411115
1741341971.0511463,2,0.00923235679523316,-0.0005901644048712604,-0.007308911798385522,-0.001532605261757478,-0.005602317923296222,0.0005487089457875248,0.9999829818919374
1741341971.0677984,2,0.009240293152322027,-0.0005792441093041854,-0.007045539748276898,-0.00022155421194377454,-0.004609790355307595,0.000512053125028347,0.9999892192159916
1741341971.0847275,2,0.00940618324874697,-0.0005768818445432267,-0.0070588289103751325,0.001728867890680138,-0.005346625464871881,0.0006032793235237444,0.9999840302054892
1741341971.1011665,2,0.00985280992938552,-0.0005735447263736071,-0.007073192919038462,0.0021293256928267158,-0.006295184410967441,0.0007166540369450015,0.999977661266649
1741341971.1178613,2,0.010023190618689516,-0.0005968901781372674,-0.007332078759412533,0.0009742625587758802,-0.005340572942431221,0.0006253970573915748,0.9999850688743476
1741341971.1345854,2,0.009805297640220988,-0.0006184867137858126,-0.007634482264010462,-0.0004915491830285029,-0.005020559215673805,0.000529535981356985,0.9999871358953609
1741341971.1512055,2,0.009439334470431758,-0.0006152711647398163,-0.007672845776457483,-0.0014978123533960202,-0.0061670287359587425,0.0006193647329336754,0.9999796701443742
1741341971.1680868,2,0.009145924057319562,-0.0005986968767359699,-0.00744863361414758,-0.0017815566601825155,-0.005907253724065524,0.000525199551034324,0.999980827103569
1741341971.1846018,2,0.00922724713348586,-0.0005794262410744977,-0.007067417073032071,-0.0005607863608195928,-0.0046198781445689905,0.0006240514713332099,0.9999889763414135
1741341971.20121,2,0.00943427716072442,-0.0005731557104695696,-0.006989083889466321,0.001465975160352338,-0.005341351364797353,0.0005638861588272736,0.9999845013373092
1741341971.2180936,2,0.00980257422542934,-0.0005729188259304191,-0.007069222051753684,0.00214235043630417,-0.006298835726220963,0.0006705590018422231,0.9999776424269331
1741341971.2346215,2,0.010024754559380967,-0.0005916923228943091,-0.007291208000853805,0.0012574971466865496,-0.005476330639251807,0.00069524997264001,0.9999839724371242
1741341971.251573,2,0.009792893967530004,-0.0006183616334672381,-0.007661724217268504,-0.000598514593232523,-0.004930525408312721,0.000586499060228568,0.9999874937809632
1741341971.2680626,2,0.009578649970056068,-0.0006089959160390375,-0.007573580286328794,-0.0010737838386725347,-0.006185168478355042,0.0005478764633253854,0.9999801450581621
1741341971.2847092,2,0.009241871314921534,-0.0005986218999954377,-0.007428862858721413,-0.002213334769873494,-0.005740779140647864,0.0006336111610100008,0.9999808713875238
1741341971.3014066,2,0.009207011201844882,-0.0005840192571709657,-0.007125188602085312,-0.0005385460170911254,-0.004733502273943314,0.0005111815792102493,0.9999885212430206
1741341971.3180978,2,0.009348754351659634,-0.0005798100887686076,-0.007059732553949512,0.0014839716213826334,-0.005124574036248582,0.0005058227824074188,0.9999856402531423
1741341971.3349028,2,0.009815421635489673,-0.0005724263454201664,-0.006993234408649873,0.0021141065831793656,-0.006233858515780823,0.0006599911902458831,0.9999781167470562
1741341971.3514159,2,0.010006239725540707,-0.0005934353170639603,-0.007268929625418766,0.0014365555040407806,-0.005589430748688865,0.0006091418093357298,0.9999831616174573
1741341971.368041,2,0.009855717536161105,-0.0006178785508972411,-0.007608644018466118,-1.2859473643137618e-05,-0.0048722633472387845,0.00040035940776636655,0.9999880502270283
1741341971.3849916,2,0.009569217712782492,-0.00061483822604612,-0.007638608450688201,-0.001447635385811031,-0.006269585403939182,0.000702095221274846,0.9999790516370595
1741341971.4014025,2,0.009306356872696358,-0.0005992489492457337,-0.007432798956624275,-0.001385126120379159,-0.006029065260807193,0.0005978664272846298,0.9999806869902272
1741341971.4183636,2,0.009273354604429298,-0.0005832912230300886,-0.007089785611550588,-0.0004776329165856808,-0.004751113021357292,0.0004155199024223116,0.9999885130015574
1741341971.4348543,2,0.009324055466393243,-0.000581604514970555,-0.007079106828507559,0.001069866874313581,-0.0049716360318975295,0.0005869321937992627,0.9999868967794715
1741341971.451567,2,0.009778042078030423,-0.0005713141858357141,-0.006992888220933111,0.0020799178459067298,-0.006130214053393073,0.0006905005106837692,0.9999788085886914
1741341971.4689677,2,0.010026809576404087,-0.0005872703032639735,-0.00720480059631855,0.001591016377248331,-0.005669734959251149,0.0006440046035992669,0.9999824538612915
1741341971.484884,2,0.00988551759926673,-0.0006124015475744643,-0.007565121256226072,-0.00010151220554733572,-0.0048549152859753775,0.0005845249525186817,0.9999880388401744
1741341971.5017395,2,0.009517499302800148,-0.0006239027499782786,-0.007753282514576239,-0.0017037673482745157,-0.005409328981300603,0.0005893312877032129,0.9999837443805916
1741341971.5182896,2,0.00924353457286742,-0.0006049328179782541,-0.007556968019334959,-0.00195468069966827,-0.005873337411008032,0.0006290234127200951,0.9999806435429464
1741341971.5347886,2,0.009230356534673025,-0.0005848083032701824,-0.007168893918163407,-0.0005407863952000156,-0.0046031799620533465,0.000549489985499568,0.9999891081132172
1741341971.551642,2,0.00933274646023588,-0.0005775633151777807,-0.007071784811833437,0.0008744829243315437,-0.004828739898410748,0.0005846506545965315,0.9999877882925473
1741341971.5682204,2,0.009692373843811686,-0.0005729919120799844,-0.007056411500486718,0.002072173184165236,-0.005848514330196508,0.0005781034028295697,0.9999805831989338
1741341971.5851862,2,0.009915625069834417,-0.0005882206998509148,-0.007291061332116762,0.0017179364444999715,-0.005616922025116935,0.00048133785218978584,0.9999826334468056
1741341971.601627,2,0.009918741293278058,-0.0006097699856663497,-0.007498901918389703,0.0001514563656460829,-0.004825721485119352,0.0005137274429259454,0.9999882127091458
1741341971.6184807,2,0.009557953292423418,-0.00062170083801358,-0.007704565991137456,-0.0013693555544149905,-0.005815238224811096,0.0005975357392473085,0.9999819752479515
1741341971.6352956,2,0.009323717785116946,-0.0006044720353327391,-0.007506639866497093,-0.0021796038512581738,-0.005924211741000659,0.0007268270183641527,0.9999798121786183
1741341971.6517754,2,0.009193027734073492,-0.00059372091295599,-0.0072713359975647126,-0.0006572560027201232,-0.005134078381364393,0.0005215691881493755,0.9999864685181009
1741341971.6685607,2,0.009282204305403738,-0.0005828878167463306,-0.0071317730299354995,0.0008854041364431579,-0.004774930486043662,0.0005350077030068525,0.9999880648613394
1741341971.6850824,2,0.009659901195306138,-0.0005750514762246288,-0.007054607004182061,0.001855517847915762,-0.00575458509124349,0.0006639969528623217,0.9999815002848754
1741341971.7017767,2,0.009986857332063816,-0.0005835680905830721,-0.0071591426809744976,0.0017742655004790641,-0.005636297117542946,0.000548044302825678,0.9999823917370639
1741341971.7185576,2,0.009838235315894046,-0.0006140923699293097,-0.0075733574023244205,0.00014333339923876622,-0.004775652546126433,0.0005546990064248146,0.9999884323867491
1741341971.7351372,2,0.009576090733888824,-0.0006209017012581085,-0.0077227562623731275,-0.0010383017281936715,-0.005634774235332952,0.0006378080605490835,0.9999833820867805
1741341971.7519586,2,0.009301179605679515,-0.0006106184296961243,-0.007564676952854075,-0.0017646314049623692,-0.006108957873540472,0.0006030312457129838,0.9999796013234573
1741341971.7685337,2,0.009345328957870009,-0.0005825359259608236,-0.007099510595283721,-0.0006709918183178274,-0.0050255516152611715,0.0005159930082005727,0.9999870135917555
1741341971.7851708,2,0.00935337633268906,-0.0005775519378627931,-0.0070306754002436855,0.0008599232837703329,-0.004699914803402319,0.0004765332809174505,0.9999884720579627
1741341971.8022187,2,0.009699317362298605,-0.000571804536470019,-0.006963576889172047,0.001934543658874839,-0.005833975059788205,0.0005746517581443955,0.9999809458440648
1741341971.8185532,2,0.009861740486174487,-0.0005926091457671879,-0.007264746491410991,0.0016331746541567741,-0.005711471078735542,0.0006277451716704244,0.9999821587281772
1741341971.8355207,2,0.00984964208179381,-0.0006143330184101735,-0.007550747210958908,0.0003987700560191888,-0.004789877874031933,0.0005320362177822882,0.9999883074265704
1741341971.85192,2,0.009551507148457613,-0.0006219542897144692,-0.007753416797352283,-0.0013020086102958229,-0.005112045205804674,0.0005762784027291051,0.9999859197361706
1741341971.8686194,2,0.009325583476316608,-0.000604650592939095,-0.0075621382150612045,-0.0017967540339483721,-0.00609973781810375,0.000580157590114112,0.9999796139375354
1741341971.8854415,2,0.009221328251981551,-0.0005907342716713206,-0.007260774788013373,-0.0010249429730567754,-0.005315990385353221,0.000545916737096816,0.9999851957469376
1741341971.901956,2,0.009381925424688776,-0.0005766942998329108,-0.006974321310370717,0.0006809672757216681,-0.004615040294777534,0.0004863119524830021,0.9999890005331719
1741341971.9185505,2,0.009663947523717381,-0.0005727743485132857,-0.006961542134287125,0.001944012603715981,-0.005748015306645363,0.0005096792180707047,0.9999814605092066
1741341971.9353602,2,0.009893584961769144,-0.0005866431352159083,-0.007188875431292861,0.00191161453100005,-0.005797100294743397,0.0005430131908099721,0.9999812220710608
1741341971.9521444,2,0.009873940018510965,-0.000611018456263553,-0.007511653463791213,0.0002474815140905532,-0.004878073877667285,0.000644634069590547,0.9999878637238857
1741341971.9693797,2,0.009661042408613757,-0.0006175324121378843,-0.007662569049737321,-0.0006351307576687206,-0.005100383356108635,0.0005482770133805356,0.999986640956197
1741341971.9852746,2,0.009348580931347408,-0.0006081258386402834,-0.0075828784393692,-0.0016707840888736383,-0.006103193329191381,0.0005602644571465989,0.9999798226041627
1741341972.0020535,2,0.009196403748024851,-0.0005960009620733072,-0.007303815148513917,-0.0011620456843111312,-0.005034250285023736,0.0003899868751946636,0.9999865768519758
1741341972.0187838,2,0.009263300747663296,-0.0005843128285903401,-0.007095272571749119,0.0005681650118758046,-0.004613465007652926,0.00047229035643556704,0.999989084975912
1741341972.0354033,2,0.009555020985203196,-0.0005743026918668577,-0.007038364438891439,0.0018747871756358986,-0.005588245089526539,0.0004603652563316279,0.9999825222241118
1741341972.052184,2,0.009949942869678454,-0.0005772312750009839,-0.007070120489602496,0.0020339971653943797,-0.005934916469471348,0.0005561246503482079,0.9999801649769883
1741341972.0687878,2,0.00984334028810271,-0.0006132849490970518,-0.007531793398514174,0.0008440650226323412,-0.004953655450673465,0.0005254626493509997,0.9999872362890027
1741341972.0854018,2,0.009625653751416188,-0.0006236769797900332,-0.007723753943637136,-0.0011432688728845247,-0.005243261580494694,0.0006298628032503489,0.9999854021020166
1741341972.1023917,2,0.00926428432272122,-0.0006231465496396212,-0.007734343073151809,-0.0022481263925142442,-0.006061265722652196,0.0006701101816580041,0.9999788787458999
1741341972.1188023,2,0.009284767167152548,-0.0005899833903240496,-0.00724555457483179,-0.0006741012154370842,-0.005322813391862788,0.0003468546827430053,0.9999855463640341
1741341972.1355608,2,0.00924588783923019,-0.0005830236748506366,-0.007111845517474578,0.00029602628260807015,-0.004594539313555066,0.0005970899423273445,0.9999892229721964
1741341972.1524212,2,0.00961447212679269,-0.0005685765680695492,-0.006927379012116997,0.001758429844415676,-0.005547447808530856,0.0005246981146017236,0.999982929073883
1741341972.168997,2,0.009892526816651587,-0.000579029837983618,-0.007086683726705899,0.0018965058802838705,-0.0058614559159703376,0.000650505500579126,0.9999808115371939
1741341972.1856732,2,0.00998387768214312,-0.0005994146671724731,-0.00734671456388925,0.001018617100378426,-0.005059219148345845,0.0006468725311227491,0.9999864740468944
1741341972.2021768,2,0.009690711675335008,-0.0006207881597171921,-0.007673954755156153,-0.0008803700693940151,-0.005048311968360639,0.0005908171148948326,0.9999866951264641
1741341972.2188935,2,0.009327012854722573,-0.000620213884356812,-0.007715603806006732,-0.001945242885934261,-0.005660090506787992,0.0005091683517713787,0.9999819599138573
1741341972.2357492,2,0.009312093068309222,-0.0005929092241003272,-0.0072837557736212645,-0.0010385636047571586,-0.005645377932021248,0.0005759356849201372,0.999983359557413
1741341972.2523558,2,0.009313713605886618,-0.0005803378674484706,-0.007054855433105673,0.00016977374094123755,-0.004500835183148217,0.00040646524300025686,0.9999897741704848
1741341972.2692602,2,0.009548783722970139,-0.0005752778616422584,-0.006978556852420162,0.0016060635657103044,-0.005319552006742431,0.0005539219094524944,0.999984407926838
1741341972.2856946,2,0.009738477809803511,-0.000587998869410119,-0.007216864830372151,0.001962809491192558,-0.005786246165007532,0.00062949883482103,0.9999811350547749
1741341972.302571,2,0.010037636089509515,-0.0005955583644755586,-0.007254667778667448,0.0010712398314175985,-0.005163800403084011,0.0005554141246843707,0.9999859394640361
1741341972.3191106,2,0.009698518561865632,-0.0006224634339285835,-0.007683300252737966,-0.00034188431977153405,-0.004845128903716158,0.0005865369244171214,0.9999880318361087
1741341972.3357203,2,0.009396055239530767,-0.0006225864621150237,-0.007695428428904182,-0.001694259168415929,-0.0055605424392648215,0.0005730020034595318,0.9999829406156665
1741341972.3525727,2,0.009355885590870382,-0.0005920133895125807,-0.007295845769060079,-0.0013731771712421194,-0.005660926861441787,0.0005532149439380564,0.9999828809758453
1741341972.3692088,2,0.009314060077143494,-0.0005828393326772261,-0.0070792087481263205,-6.042983723989856e-06,-0.004522838838731736,0.00037414888525161375,0.999989701899441
1741341972.3857875,2,0.009501907143198329,-0.0005760458615767482,-0.007009441311829472,0.0013206003418486248,-0.005107024134025929,0.0006432336734638582,0.9999858801851518
1741341972.4025621,2,0.009842917793407154,-0.0005784827615302252,-0.007048743550613009,0.0018721296640878597,-0.005864411278779437,0.0007424432422181934,0.9999807761096742
1741341972.4190993,2,0.009952750004448506,-0.0005995781923321063,-0.00732411010473755,0.0012065875921963706,-0.0051989011125788765,0.0006150582051895212,0.9999855685343706
1741341972.4361176,2,0.009749100894150006,-0.0006206119311464632,-0.007628263177350755,-0.0005901834695144169,-0.004860002378085246,0.0005638125340781677,0.9999878570141659
1741341972.4524431,2,0.009471958613243816,-0.0006134604910478949,-0.007653868276909406,-0.0016839273470328295,-0.006001755601583453,0.0006803065381369457,0.9999803400574447
1741341972.469645,2,0.009256836169785895,-0.000597146532519797,-0.007440947856182056,-0.001443794984567848,-0.005685254004496112,0.000596719247875474,0.9999826184834846
1741341972.486064,2,0.009311987213975996,-0.0005831883642113853,-0.007103778440188841,-9.845631989041301e-06,-0.004629700041920498,0.0005061595606144419,0.9999891547327324
1741341972.5027008,2,0.009470642235782005,-0.0005777760233861077,-0.007034264919624127,0.0012780864696575517,-0.005036761760052335,0.0005887990429939481,0.9999863253273195
1741341972.5196595,2,0.009734381148127205,-0.0005803349836254234,-0.007144737240982789,0.0017402734035094985,-0.005744408028882096,0.0006763743221893133,0.9999817577049368
1741341972.5360432,2,0.00990878818197473,-0.000595669418058314,-0.007343798426291408,0.0010605711678049884,-0.0052392407341812375,0.0006368944780152273,0.9999855098503934
1741341972.5528367,2,0.0098518331354732,-0.000611384570173642,-0.0075092496790067085,-0.00036782729726821546,-0.004845065675833918,0.0005313915297088974,0.9999880537610029
1741341972.5693865,2,0.009537319358365137,-0.0006154461527615288,-0.007594252927213869,-0.00111219733188779,-0.005406668469987525,0.0005882613322207699,0.9999845923321797
1741341972.5860221,2,0.009273615085810831,-0.0006043788111702704,-0.007454420595040556,-0.0014366190995431193,-0.005430404452284902,0.0005921067639073945,0.9999840479940806
1741341972.6029503,2,0.009374292160480456,-0.0005814509163296084,-0.007048934925447105,-0.00028646061231829355,-0.004711272783415215,0.0005333690071100133,0.9999887186196553
1741341972.6193814,2,0.009442979879324158,-0.0005767617954541538,-0.007050688091165,0.0013444203052836764,-0.00493467708266962,0.0005588449532851749,0.9999867645066361
1741341972.6360176,2,0.009766588907518541,-0.0005749039594322963,-0.007072867136719729,0.001942879195393419,-0.005781751336815208,0.0006748720295927009,0.9999811703825503
1741341972.6527143,2,0.009994401339444013,-0.000587816115432453,-0.0072168781250377696,0.0014615877387574713,-0.005274533338675103,0.0005400165344495461,0.9999848756063682
1741341972.6693048,2,0.009833203095325574,-0.0006123890979765674,-0.0075282967876176094,-0.000436450855090669,-0.004837948167607918,0.0006080212091951191,0.9999880169673974
1741341972.6862528,2,0.009450395970016567,-0.0006251286050910624,-0.007725248886232788,-0.0016884949017859146,-0.00570737257633748,0.0005498671154077785,0.9999821361051391
1741341972.7028604,2,0.00928363073931702,-0.0006034839100555228,-0.007473096614491793,-0.0012859144745197828,-0.005686059728277722,0.0005789273289718122,0.9999828398487038
1741341972.7194822,2,0.009272267536819544,-0.0005859177063461283,-0.007178543568150552,-0.0007562286774378448,-0.0047280935376403,0.0005756379217299605,0.9999883708777166
1741341972.7362688,2,0.00937083370589206,-0.0005870572633829953,-0.00711599789724556,0.0013225292354480632,-0.004890242430782253,0.0004777186822363767,0.999987054031326
1741341972.7528687,2,0.00968476121684699,-0.000580796410449162,-0.007126161065970167,0.0018398442140627766,-0.005654747854933108,0.0006241908095640992,0.9999821244331313
1741341972.770194,2,0.009894334262214768,-0.0005979965536054266,-0.007302149716778919,0.0013295134166247087,-0.005324127501776448,0.0005753259385998265,0.9999847774143786
1741341972.78627,2,0.009799353583110706,-0.0006159167173531366,-0.007563239610719123,-0.00022046593879945138,-0.004817570171573704,0.0005716851055783059,0.999988207724747
1741341972.80282,2,0.00956095950510715,-0.000613102178913133,-0.00763483926542694,-0.0009800004710409146,-0.005303393620461046,0.0006347618621848749,0.9999852552375768
1741341972.8196814,2,0.009301947694764655,-0.0006031695341771293,-0.007478700275964268,-0.001753303956983273,-0.005905895395049534,0.0006054038897399391,0.9999808397219156
1741341972.8365204,2,0.009307359583333666,-0.0005852481044915291,-0.007151114908927165,-0.00034841748378624957,-0.004714845672124131,0.0005848035272447001,0.9999886533558165
1741341972.8531284,2,0.009458339770021267,-0.0005774692517701657,-0.006989707704707337,0.0011745356628371395,-0.004814130536210455,0.0005558374230291504,0.9999875677516777
1741341972.8699102,2,0.009764750597541854,-0.0005714209552410381,-0.0069823966322083,0.0020700408052869474,-0.005654545539676603,0.0005991987981952964,0.9999816908356894
1741341972.8863199,2,0.009953649637065546,-0.0005896487860948539,-0.007190937354725927,0.0015231249692260823,-0.005458039070718088,0.0006473238472290584,0.9999837353035634
1741341972.9030771,2,0.009814724169668715,-0.0006166564574060429,-0.007543572551481945,2.6895316030247916e-06,-0.004793992686562522,0.0005417720502717012,0.999988361987245
1741341972.9197524,2,0.00955186521868898,-0.0006193942144112014,-0.007672933195737837,-0.0014534639330205132,-0.005412861647530634,0.0006258446101336145,0.9999840982185187
1741341972.9368827,2,0.009200511124383392,-0.0006137290872201608,-0.007654923328724028,-0.002055967576799286,-0.005540206692451147,0.0005661666503666178,0.9999823791259785
1741341972.9530814,2,0.009241058170354376,-0.0005926321302618016,-0.007245983248359079,-0.0006644923138185347,-0.00499901634503779,0.0004911012335153287,0.9999871634701744
1741341972.969763,2,0.009316516216610851,-0.0005835655662906571,-0.007128049978992051,0.0007404924012043424,-0.004714181999317642,0.0005408360222908856,0.9999884677612428
1741341972.9867127,2,0.009680370278381468,-0.0005765932502279439,-0.007037247115084649,0.0019671097761950872,-0.005634438398000941,0.0006212288529275833,0.9999819986668659
1741341973.0030458,2,0.00982370856648797,-0.0005973609029188863,-0.007304710767556582,0.0016921798462244187,-0.005474374228412667,0.0006209992106083053,0.9999833909191471
1741341973.020103,2,0.009826249333722498,-0.000612970517459907,-0.007521280057219358,0.00030968404494611477,-0.004792172319842555,0.0006105131194692133,0.9999882831583479
1741341973.036428,2,0.009540450433352238,-0.0006218053118998191,-0.007730976946589293,-0.0010682466817516188,-0.005186658713727829,0.0005076633969668445,0.9999858497490299
1741341973.0531292,2,0.009374660067960984,-0.0006030175179778839,-0.007484633056512601,-0.0017476408437398054,-0.005987011405797799,0.0006198022192891847,0.9999803584526633
1741341973.0701163,2,0.00912949644331659,-0.0005979315011551131,-0.00739358951242906,-0.0006114508569438649,-0.004717305094813814,0.0005001165046823426,0.9999885614565668
1741341973.086668,2,0.00933256638373895,-0.0005821881564589968,-0.007103290587973531,0.0008724510043988832,-0.00466182749934805,0.00045917144206586473,0.9999886476131606
1741341973.1032233,2,0.009691103095718162,-0.0005694619437313194,-0.0069831751343146925,0.002009211886372768,-0.005573824623269278,0.0006304317069069473,0.999982248893713
1741341973.1198206,2,0.009873790259024517,-0.0005860422301017187,-0.0072023626425114185,0.0017110673126355075,-0.005471109282229107,0.0005371209634326136,0.9999834252191104
1741341973.136583,2,0.009910400619397628,-0.0006060352595343912,-0.007405265854279905,0.0004858794227235318,-0.004874241756941334,0.0005547611075774089,0.9999878488904728
1741341973.1533043,2,0.00962179010516256,-0.0006199843651199763,-0.007628750190300949,-0.0007373667257723341,-0.005031283877799727,0.0005749576144035003,0.999986905862569
1741341973.169911,2,0.009392757426833188,-0.0006095230676506923,-0.007515664049703883,-0.0015670496415687944,-0.005904728208315692,0.0006212123115256762,0.9999811461400014
1741341973.1866088,2,0.009146395713882717,-0.0006028673849905123,-0.007426402031648443,-0.0015477844119223046,-0.005119867547869591,0.0005640376188844166,0.9999855364860388
1741341973.2033753,2,0.009325557639666932,-0.0005841880952788014,-0.007112807493290934,0.0006235661734037953,-0.004617549447280384,0.0005885035380288025,0.9999889714721434
1741341973.219946,2,0.009568352681893228,-0.0005760951913264288,-0.007088224772579003,0.0016850942569561673,-0.00540335494511985,0.0005316495036356449,0.9999838406501815
1741341973.2368295,2,0.009841653140089989,-0.0005862702866373586,-0.007197123424878221,0.001834141801178329,-0.005568705141937245,0.0004908100697488772,0.9999826921264042
1741341973.2532437,2,0.009949429096259876,-0.0005996562260287173,-0.007344875421509719,0.0007448229271112308,-0.004936527771335178,0.000570363074681473,0.9999873752294741
1741341973.2700136,2,0.009594130140976884,-0.0006190600935562205,-0.007691334843042504,-0.0009227148155072092,-0.005065715847116121,0.0005336764588349921,0.9999866010651156
1741341973.2868712,2,0.009432373103092058,-0.0006069709048087763,-0.007520156382314072,-0.0012487214177831735,-0.005975976357483406,0.0004662611696089155,0.9999812553252773
1741341973.303379,2,0.009311439964635657,-0.0005922137210290448,-0.007273915763866199,-0.0011152585098266996,-0.005255752955445379,0.0004861134841136679,0.9999854483706291
1741341973.3202052,2,0.009318097032081505,-0.0005861162632612268,-0.007132247092000558,0.0006358056412110744,-0.004546570513461491,0.0004377166177119316,0.9999893663694206
1741341973.3367672,2,0.009623280324423425,-0.0005732652667423653,-0.007003630514580958,0.0018853788523015003,-0.005325819325846348,0.00047013473537905445,0.9999839298550864
1741341973.3533552,2,0.009815698787523152,-0.0005873654979462259,-0.007188855132695015,0.001764248834691466,-0.005585520589949963,0.0005813026069098878,0.9999826755864663
1741341973.3703213,2,0.009838304303457425,-0.0006059569114406878,-0.007455914167999048,0.0007256623928948479,-0.0048399284224830835,0.0006222992841406223,0.9999878305512311
1741341973.3867695,2,0.009576451869714734,-0.000621520185562762,-0.007729798466566099,-0.001006281485187518,-0.0050090170708130995,0.0005730374729304802,0.9999867842994784
1741341973.4036357,2,0.009324876175711625,-0.0006141910040487474,-0.007677401719660888,-0.0016639328888228711,-0.006088252690873945,0.0005669625549281954,0.9999799213284108
1741341973.4201066,2,0.009265695448965883,-0.000596634114619335,-0.0073629126534556855,-0.00086054697055624,-0.005101966689443374,0.0005025489437802938,0.9999864883284025
1741341973.436898,2,0.009283349880210581,-0.0005889859433420841,-0.0071845239536643055,0.000482497608351966,-0.004548765670590715,0.0003911081587540299,0.9999894614251392
1741341973.4535959,2,0.009595872827319827,-0.0005761798738045616,-0.007015825662227575,0.001580572463504707,-0.005208200753737705,0.000500837017092791,0.9999850626873777
1741341973.4702137,2,0.009852686660705212,-0.0005845221067156834,-0.007116830314179442,0.0019345732912524072,-0.005601074561357049,0.0005534082277528046,0.9999822894078036
1741341973.4870994,2,0.00990879809403187,-0.0006036268304866766,-0.007356249961527256,0.000997157356420786,-0.004981971330264326,0.0005366370273264569,0.9999869487446182
1741341973.5035472,2,0.009570232654765391,-0.0006267743358412796,-0.0077426936940169005,-0.0008941611004417112,-0.004933045231469643,0.0005328173120539691,0.9999872907424286
1741341973.5202107,2,0.00932710422571048,-0.00062029466025627,-0.007711799112325471,-0.0017826146846472264,-0.005176037353162797,0.0005090272643798423,0.9999848857925048
1741341973.5369265,2,0.00925694499116622,-0.0006013617595670899,-0.007412057021108751,-0.001742041837372431,-0.005648571223354967,0.0005947730509792945,0.9999823524334763
1741341973.5535443,2,0.00921534818402284,-0.0005911091257955554,-0.007269854746412404,0.0002836260271385373,-0.004472436891575446,0.00042638408573588836,0.9999898674792355
1741341973.5705204,2,0.009584033694397389,-0.0005734577470321656,-0.007006732947740749,0.0016956959273123535,-0.005156338274019652,0.00046189046457588266,0.9999851616139735
1741341973.5869384,2,0.00978852778527722,-0.0005859867235041681,-0.007156235005930127,0.0019982669867655563,-0.00561124267649823,0.0005859153181585514,0.999982088633549
1741341973.6036253,2,0.009844468302960124,-0.000603641501205684,-0.007417190193899632,0.0010220089853043583,-0.004951309279633867,0.0005890782901659079,0.9999870464265121
1741341973.6204643,2,0.00964787363195969,-0.0006197724102494853,-0.007663954933591458,-0.0007035927751891589,-0.004925862135999843,0.0005741981859223947,0.999987455489251
1741341973.6370366,2,0.009388480012622095,-0.000619140157595817,-0.007674815184500667,-0.001624714150962309,-0.005865450387790118,0.0005461534590909473,0.999981329081736
1741341973.6539986,2,0.009261958985111049,-0.0006029051395967264,-0.0074197287308767615,-0.0012911810269554862,-0.005163606209691665,0.0005623533558307088,0.9999856767880078
1741341973.670438,2,0.009324515294079214,-0.0005841849300724408,-0.007145833888169447,9.156088137350041e-05,-0.004568677588215902,0.000474828000796041,0.9999894466143479
1741341973.6870375,2,0.00961139198859621,-0.0005717065370216514,-0.006946785636777452,0.0017072700095151164,-0.005105270774697802,0.0004381431665755049,0.9999854146286321
1741341973.7039464,2,0.009757135337478582,-0.0005830207355241475,-0.007156723969008622,0.0019676172602794808,-0.005578152283683704,0.0005855161384614962,0.9999823347791043
1741341973.7204573,2,0.009932776460659674,-0.000595849580162887,-0.007286424415915308,0.0012515187863787749,-0.005043201146363076,0.0005343095007356761,0.9999863570750763
1741341973.7373128,2,0.009670352931854769,-0.0006163014446262371,-0.007643423259439834,-0.0004919139870766305,-0.004829294230048261,0.0004872025583796921,0.9999880992149537
1741341973.7538426,2,0.009340954259509962,-0.0006242897841992952,-0.007762623362445645,-0.001352925780922482,-0.005188476093180089,0.0005860698476625141,0.9999854528090873
1741341973.7704778,2,0.009329145029228192,-0.0005995573727375492,-0.0073890932574768,-0.0014474695622213951,-0.005162788816998761,0.0005730778521326232,0.9999854609069437
1741341973.7873998,2,0.009216061352019226,-0.0005947071591678482,-0.007275579021927924,6.216233277527151e-06,-0.004500169917899661,0.00039888701491888287,0.9999897946085339
1741341973.8038082,2,0.009432357165990732,-0.0005864219477678882,-0.007130187586308807,0.0014346013689169766,-0.004892483621597661,0.0005033374591439106,0.9999868760010439
1741341973.8206425,2,0.009741361965045808,-0.0005817838716256083,-0.007125899065683117,0.0019025393669476647,-0.0055394518987319456,0.0006291461992583333,0.9999826493453168
1741341973.837579,2,0.009768550395222364,-0.0006063267378998788,-0.007446157835801961,0.0012282757817969525,-0.005085560525431749,0.0005339950713331775,0.9999861715353916
1741341973.8543406,2,0.009673379836808129,-0.0006155756918877595,-0.007641362755416426,-0.00030117121600303765,-0.004729863406174487,0.0005586014082449091,0.9999886127614276
1741341973.8712697,2,0.00946913275896384,-0.0006138286059134744,-0.007635431826927804,-0.0016862736735114882,-0.0054443415551304435,0.0005604541398985107,0.9999836006241732
1741341973.8875196,2,0.00932113427400457,-0.0006017814240739663,-0.007420062493187459,-0.0017831031058957224,-0.005550106999184575,0.0005104065773010451,0.9999828780237876
1741341973.9042184,2,0.009202420227347215,-0.0005972784344166626,-0.007303961190188544,-0.00020334410327460208,-0.0046349629696835195,0.00041787112864079165,0.999989150517727
1741341973.9205441,2,0.009404684141169828,-0.0005862147736953459,-0.007134642105245876,0.0012130839069109075,-0.004937191841120154,0.0005512808263188723,0.999986924241317
1741341973.9372401,2,0.009682351678885976,-0.0005829009825161314,-0.0071498757369394305,0.001895296753774252,-0.005499735457592696,0.0006534434071141629,0.9999828667391383
1741341973.9541302,2,0.00980978403615419,-0.0006017872718336442,-0.007366053875570936,0.0015143616301935999,-0.005141628561069442,0.0005558895413120737,0.9999854805702986
1741341973.9707146,2,0.00971576019743369,-0.000616597993879075,-0.007595523596273043,0.00015752775648460906,-0.004753072276655705,0.00046986047395293463,0.9999885812948436
1741341973.9873936,2,0.009403300032860846,-0.0006222053452272448,-0.0077509590446007675,-0.0015280452089234283,-0.005458881032059276,0.0005932611981176606,0.9999837567365123
1741341974.004133,2,0.009261555909204447,-0.0006076417369068533,-0.007532390197592876,-0.0013325402594979085,-0.005021857098847329,0.0005206450101035055,0.9999863670153254
1741341974.0208077,2,0.009168701866467167,-0.0005959603751864441,-0.007353451832213668,-0.0005876192012840123,-0.004625146324444716,0.0003969199596924153,0.9999890525299251
1741341974.037524,2,0.009469863050144413,-0.0005751377253905858,-0.007041309525507823,0.0011555781344791934,-0.004869945349789828,0.0005190489647198373,0.9999873393496727
1741341974.0539997,2,0.009743121576090473,-0.0005764221299872111,-0.007045045896698899,0.0019374149281054518,-0.005476962260811696,0.0005746375731734725,0.9999829594045337
1741341974.0708034,2,0.00981377694655723,-0.0005973722992250389,-0.007334034359007236,0.0012992472216060988,-0.005170776392878498,0.0006448114297641143,0.999985579519211
1741341974.087579,2,0.009730243641830881,-0.0006138979342800551,-0.007569046574768917,0.00028670647253876806,-0.004729852509437772,0.0005012807707305926,0.9999886474416729
1741341974.103989,2,0.009476765713627083,-0.0006201264966033657,-0.007674572161537753,-0.0014143899893387414,-0.005333995985995836,0.0005085034574506412,0.9999846445881122
1741341974.120955,2,0.00924284101651622,-0.000610738700392581,-0.007587838631995955,-0.0015375683865649916,-0.005427164451431406,0.0006000438255642456,0.9999839107290083
1741341974.137436,2,0.009157780478914532,-0.0006014795958668443,-0.007399159770887104,-0.0003358098360801002,-0.004821296276890022,0.0004741141325411595,0.9999882087053595
1741341974.1542861,2,0.009429297571402808,-0.0005785201577878055,-0.007083670136082744,0.0011500706064811008,-0.004758315646470753,0.0004980060273169467,0.9999878938066228
1741341974.1710513,2,0.009724639344764582,-0.0005708120698016474,-0.007030747082674715,0.0021134508249627247,-0.005483898448047804,0.0005541502679511922,0.9999825763986603
1741341974.1875043,2,0.009807280101451203,-0.0005914778390119159,-0.007300920700475766,0.001578799682866501,-0.005263932313408742,0.0006130524654354486,0.9999847111705437
1741341974.2043927,2,0.009759559823177407,-0.0006092751233993977,-0.007528880228821878,0.0004492633456993794,-0.004737774397310346,0.0004610528089457867,0.9999885694779285
1741341974.2209554,2,0.009373295111813014,-0.0006316182295781142,-0.007843119767816747,-0.0011885083652971124,-0.00504419257081572,0.0006077233507167454,0.9999863870280951
1741341974.2375557,2,0.009172503729861461,-0.0006206886764768759,-0.007701181159657503,-0.0017669263356673295,-0.005581193713762784,0.0005686661996939531,0.999982702283798
1741341974.2543018,2,0.009203289572974022,-0.0005972677180760025,-0.007356699589277859,-0.0008187200939787721,-0.004600384270306649,0.00044954912560187925,0.9999889819730801
1741341974.2710316,2,0.009421417799782282,-0.00057693138731162,-0.0070855084964073,0.0010292198029755249,-0.004691153925389881,0.0004915001316610488,0.9999883460366256
1741341974.287784,2,0.009650034402863788,-0.000578711063826522,-0.007092376483415618,0.0018582910116556228,-0.00538556865928011,0.0005602692777454851,0.9999836141172858
1741341974.3043692,2,0.009822456045575603,-0.0005940109276940157,-0.007260361879277707,0.0016814606615192273,-0.005285945275960367,0.0005503005241995714,0.9999844642002776
1741341974.3210456,2,0.00977607361699581,-0.000610776004434657,-0.007501771765897316,0.0004058442738623098,-0.004774788089644841,0.00047069474764176595,0.9999884075005964
1741341974.3377187,2,0.00949283975281639,-0.0006190069730774017,-0.007701181899357489,-0.0013583508604633346,-0.005389042762646274,0.0005495404833322258,0.9999844054315544
1741341974.354382,2,0.009203021594263578,-0.0006159627314342422,-0.0077019053968202305,-0.0015214937145652937,-0.005093110606858135,0.000553620487589706,0.99998571929082
1741341974.371242,2,0.00928731775019139,-0.0005910201895593867,-0.0072988690578707155,-0.0005857192048488492,-0.0050088522412342585,0.0004604696248427444,0.9999871780677807
1741341974.3878868,2,0.00937996921021747,-0.0005840363374550916,-0.007138935175207243,0.0008847896288812279,-0.004706641200279856,0.0005039309433575745,0.9999884052975457
1741341974.4044366,2,0.009634574137855345,-0.0005828714920805204,-0.007089671733386423,0.0017346170001460305,-0.005316382912868019,0.0005761844866800447,0.9999841974691519
1741341974.4212625,2,0.009825845420295054,-0.0005907100677587163,-0.007224673778640966,0.0017763938369677879,-0.005340236894262357,0.0005650041495445728,0.9999840034046344
1741341974.4378154,2,0.009792232558654121,-0.0006077203371100394,-0.007467327374083924,0.0004231323258899216,-0.004833488639120042,0.0005202697806004266,0.9999880937621036
1741341974.4546058,2,0.00954906726600232,-0.0006167985237858237,-0.007662903562924976,-0.0011682880220952648,-0.004997593941256383,0.0004934940734727483,0.9999867077224052
1741341974.4713035,2,0.0093411383558026,-0.0006091800419470929,-0.007586287631582036,-0.0012171744264937937,-0.005385671810575419,0.0004892250279148905,0.9999846367242031
1741341974.4879541,2,0.00920278288735181,-0.0005972495934089383,-0.007414758566127679,-0.000779704996731091,-0.004793559352799577,0.00043323545509949164,0.9999881130072945
1741341974.5049088,2,0.009312825108754695,-0.0005882338025301335,-0.007206708623074563,0.0007728280386649334,-0.004654696355059488,0.0004668303700662856,0.9999887592408578
1741341974.5211403,2,0.009656802481614152,-0.0005743341870299379,-0.007022928006916382,0.0018812235525930959,-0.005289744811639137,0.0005573750387237883,0.9999840843387655
1741341974.5382361,2,0.009815841082124379,-0.0005879181274555182,-0.0072009953123086225,0.0019792588529564704,-0.005361744734429128,0.00046176793723363784,0.9999835603639532
1741341974.5545738,2,0.009792022030942859,-0.0006089063353783951,-0.007463286688648033,0.0006428966623523093,-0.004830711185571235,0.0005520523901282765,0.9999879730034166
1741341974.571232,2,0.009510330348358693,-0.0006247284669751615,-0.0077261554950115476,-0.0013018425372705086,-0.005065849817868248,0.0005272150722549035,0.9999861821124822
1741341974.5882063,2,0.009273861903723113,-0.0006196404781933477,-0.007683342421215542,-0.0019611758788704373,-0.005639735263141048,0.00047101174296515757,0.999982062500759
1741341974.6046665,2,0.009247889897379794,-0.0006020430560254315,-0.007383783036045259,-0.0007346594351061262,-0.004683773438805964,0.00045443060450559095,0.999988657953036
1741341974.6213174,2,0.009335861989996502,-0.0005880552690680399,-0.007172670460885861,0.00042038788563002346,-0.0045617286700603355,0.0005755885035923384,0.999989341244916
1741341974.6382618,2,0.009613743703550351,-0.0005764951730178473,-0.007051106819709685,0.0016191041588691454,-0.0051853269923450235,0.0005961460598595751,0.9999850676363025
1741341974.654734,2,0.009785691115161692,-0.0005881221060820766,-0.007211696303855425,0.001887638337538159,-0.005362730949139907,0.0004779263070547474,0.9999837246299156
1741341974.6716564,2,0.009706607111712954,-0.0006086507468498736,-0.00754643754689568,0.0006165912902001021,-0.004793529504892683,0.0006118208504935185,0.9999881337122523
1741341974.688066,2,0.009599099609648639,-0.0006159602756299836,-0.007629134228444523,-0.0009300919885293376,-0.005231080691343712,0.0005862216260029232,0.9999857134318962
1741341974.7048566,2,0.009307744548586619,-0.0006207940444144061,-0.007686190591452553,-0.0015666614415561155,-0.005435948869033807,0.0005584058051167181,0.999983841976848
1741341974.7213755,2,0.009275705164426964,-0.0005996872773468102,-0.007378632619694552,-0.0011232830322345472,-0.0055110133213156125,0.0005586978357879107,0.9999840272845013
1741341974.7380705,2,0.009300471778865862,-0.0005902652270398451,-0.007217398047968072,0.0004068685791706869,-0.004589899166092211,0.000514320869285946,0.9999892513210568
1741341974.7550206,2,0.009545442065579331,-0.0005810305066641837,-0.007102918997454818,0.0016030893062867401,-0.005051753459222502,0.0005288273258673644,0.9999858150160544
1741341974.7715251,2,0.00978149686004277,-0.0005831071704400164,-0.007174237774346835,0.0017303731222141703,-0.005357688573801473,0.0005904720825071256,0.9999839760339782
1741341974.7881997,2,0.009878448690494694,-0.0005951333842166734,-0.007320341864423356,0.000984333106333816,-0.004931571463088656,0.0005507644869483768,0.9999872035929861
1741341974.8048866,2,0.009671862383120268,-0.0006131834018942974,-0.007556413517226522,-0.00038972390147934204,-0.005020951860627754,0.0006627366476557969,0.9999870993857018
1741341974.821522,2,0.009240220378529073,-0.0006238778700935151,-0.007778769967647989,-0.002046310607403594,-0.0054416354844904645,0.0005884734726719518,0.9999829273118236
1741341974.8384674,2,0.009216510641927715,-0.0006021376151050367,-0.007469074544861058,-0.0012526104178041475,-0.0048774696341852795,0.0005518741745038138,0.9999871682636755
1741341974.854938,2,0.009323008345113914,-0.0005849020739245359,-0.00719306413696336,0.0002222507514526607,-0.004626999524998131,0.00044850424473342993,0.9999891701033274
1741341974.8718626,2,0.009629429967697056,-0.000569428470861643,-0.0069735146178995806,0.0014682841840124416,-0.005076928255729352,0.0005154095926481054,0.9999859015476134
1741341974.8883374,2,0.009806487062044998,-0.0005807584030105942,-0.007099480074370178,0.0018105777089100314,-0.0053559887494536605,0.0005991579585772173,0.9999838379707027
1741341974.9050024,2,0.00988268489685798,-0.0005969406165028821,-0.007293512196785726,0.0009150307049622701,-0.004974707751337055,0.000547209781712525,0.9999870576977746
1741341974.9219177,2,0.009639083134620531,-0.0006167145334637499,-0.007603278030870015,-0.000258152709350332,-0.004948090168373095,0.0005620090871108954,0.9999875668760339
1741341974.9384782,2,0.009396168314701915,-0.0006136960501834705,-0.007643314351963766,-0.0014232522174053765,-0.005400975620574249,0.0005099843470677553,0.9999842717420296
1741341974.9549778,2,0.00928531730877257,-0.0005973511763946039,-0.007430511460587584,-0.0016271509598699717,-0.005037141123083215,0.0004931704510292811,0.9999858680861275
1741341974.9718764,2,0.009330080250487857,-0.0005860667598114827,-0.007189822434825862,-3.0588329510266104e-05,-0.004680011715751186,0.0005024034413872778,0.9999889220113773
1741341974.9884343,2,0.009597935100886329,-0.000574951109278097,-0.006990386119046438,0.00156158259233649,-0.005021693114141944,0.00041521025876429927,0.9999860857324545
1741341975.0052826,2,0.009765781984792802,-0.0005811527285906189,-0.007114772500795373,0.001879385114397657,-0.00537067939210754,0.000609041828788061,0.9999836262572052
1741341975.0218284,2,0.009804449166420393,-0.0005973802767992119,-0.007359821202196878,0.0009263421297478785,-0.005001749697376542,0.0006419337754245759,0.9999868560692443
1741341975.0384517,2,0.009643565393222366,-0.0006143438869429859,-0.0075978419460188224,-0.0003108228324534003,-0.004915174455834189,0.0006158065004293477,0.9999876825399349
1741341975.055174,2,0.009320579912749101,-0.0006230131704955629,-0.007742941105635527,-0.001323507631924436,-0.005273831178962284,0.0005481793542851894,0.9999850671543249
1741341975.071761,2,0.009271842189495992,-0.0006047221358676751,-0.007460960280011797,-0.0011528840815460053,-0.005151665640096068,0.00048011817028123147,0.999985950244287
1741341975.0884726,2,0.00925762934615879,-0.000594577315686363,-0.0072868554598663135,-0.00021611296283527583,-0.004551758163603563,0.0004525033838933889,0.9999895149617795
1741341975.1052454,2,0.00965290245120953,-0.0005669234618845686,-0.006909244558757766,0.001141420450533128,-0.004935579969034679,0.0005351538006149566,0.999987025325896
1741341975.1218557,2,0.009659326010220716,-0.0005847022006392653,-0.007207893004172847,0.0016963252350508217,-0.005305633879259483,0.0006337778747609729,0.9999842854042466
1741341975.1385918,2,0.009737976596819594,-0.0005997361255103628,-0.007417328274384004,0.001184935955989586,-0.004961817141840301,0.0005866607459915225,0.9999868159763908
1741341975.1553378,2,0.009673218453235136,-0.0006108251404322476,-0.007564881872888918,-0.00038668220737930964,-0.004808472435937773,0.0005685289380722532,0.9999882028526886
1741341975.1720283,2,0.009423953515678998,-0.0006163472711702214,-0.0076653304765089865,-0.0009637964213836649,-0.005365484625527991,0.000612946186317324,0.9999849533708816
1741341975.1886935,2,0.009297618330498462,-0.000605828145126874,-0.00748891113550042,-0.001499305337257772,-0.0052251258594572655,0.0005114495980549124,0.9999850941701918
1741341975.2052557,2,0.009355500621468685,-0.0005870792507599613,-0.0071855869821848785,-0.00015741554023914047,-0.004671692960305718,0.00047596323601478143,0.9999889619211955
1741341975.2219765,2,0.009569098021560188,-0.0005743493963748903,-0.0069986255720685415,0.0014484784072989118,-0.004933643649053669,0.0004441874826301103,0.9999866817953768
1741341975.238536,2,0.009782325971419824,-0.0005750521914737317,-0.0070371098281628245,0.0017908709681784202,-0.005340586144261065,0.000630104916767801,0.9999839368152894
1741341975.2554615,2,0.009857167131468366,-0.0005924598291080598,-0.007257243987208298,0.0012876309153082664,-0.005019519283790977,0.0005385406966300948,0.9999864281112537
1741341975.271979,2,0.009687179697790418,-0.0006108061827344104,-0.0075481730579118455,-9.330335575685336e-05,-0.004692309392068805,0.0004955294957529188,0.9999888639267798
1741341975.2886813,2,0.0093938004412484,-0.0006188417035128892,-0.00769888945570514,-0.001562010194701167,-0.005178971554562011,0.00047367314246968793,0.9999852568970918
1741341975.3054361,2,0.009265103860020012,-0.0006065903785355727,-0.00753063923107224,-0.0016111393806298427,-0.005024604918747268,0.0005719160066293915,0.9999859151445024
1741341975.3219783,2,0.009368490930390333,-0.0005848978606145638,-0.0071907452605938105,-0.00013772433118042706,-0.004743934122466409,0.0004272862103082828,0.9999886467093237
1741341975.3390734,2,0.009522808930296826,-0.0005782628712051715,-0.00704524307435348,0.0011486512860526838,-0.004784609322556902,0.0004681942233161644,0.9999877843794007
1741341975.355422,2,0.009683018657325479,-0.0005809884121687575,-0.0071291482503196115,0.0017272371567727133,-0.005278921062584957,0.0005677430003322662,0.9999844135345834
1741341975.3722854,2,0.009807753495691315,-0.0005923338152443344,-0.007289866418624674,0.0014075053695083877,-0.0050717772799748605,0.000535252600377307,0.9999860046563206
1741341975.3889186,2,0.009720025785982302,-0.0006070435852628172,-0.007507774802575576,5.3134595179459675e-05,-0.004673947144593637,0.0005307102333453365,0.9999889348095071
1741341975.4053938,2,0.009595738672544643,-0.0006052887433098985,-0.007503959694942638,-0.0008292214639928066,-0.005003119631768324,0.0005479681620553586,0.9999869903736784
1741341975.4223802,2,0.009322014083102412,-0.000603009813597276,-0.007506583485133022,-0.0016487978486535845,-0.00518043903477376,0.0005456846760615291,0.999985073261244
1741341975.4389658,2,0.009341599904043131,-0.0005862749192588005,-0.007241159752476443,-0.00023836513217651318,-0.004762386142083543,0.00043998917155669675,0.9999885345691851
1741341975.4555006,2,0.009450544936946116,-0.0005816304091475783,-0.0071198353703907395,0.0007991094615526463,-0.0046935913473296195,0.0005369380110141189,0.9999885215950756
1741341975.4722645,2,0.009636752785096623,-0.0005827334862385399,-0.00715172802088382,0.0018847840331347337,-0.005146933358863916,0.0005395809539196642,0.9999848326442466
1741341975.4888375,2,0.009876653632393876,-0.0005878043244288985,-0.00718721703147982,0.0016525678363500892,-0.005130533728556851,0.0004937879826665467,0.9999853513010252
1741341975.5057485,2,0.009757709948058576,-0.000605742852388127,-0.007466991268268439,0.00021797875002528026,-0.004697669161901693,0.0005285821512309874,0.9999888024326169
1741341975.5222936,2,0.009451060707643266,-0.0006199554638609212,-0.0076921229763999635,-0.0010428611335844963,-0.005526947256566197,0.0005676827715506817,0.999984021387817
1741341975.5388484,2,0.00925828099711157,-0.0006113903981457448,-0.007602636873832067,-0.001822201215184251,-0.005250040232454794,0.000563709354723696,0.9999843993243356
1741341975.5557454,2,0.009299195348972425,-0.0005908898678539882,-0.00730172073963617,-0.0006376787900890805,-0.004829446744211137,0.00045710473632091993,0.9999880303609466
1741341975.5722945,2,0.00945258627109175,-0.0005809544135171969,-0.007101256693392065,0.0008348395574448068,-0.004676081264751015,0.0005095277279957892,0.9999885887790987
1741341975.5891492,2,0.00967130400403101,-0.000578831372174387,-0.007085121925400743,0.0018008311711393003,-0.005218055025312251,0.0005873046041202871,0.9999845918723687
1741341975.6059232,2,0.009869580962106588,-0.0005847814360302884,-0.007170936923678502,0.0016033433212614041,-0.0052272152906847336,0.000523660946226824,0.9999849155310856
1741341975.622345,2,0.009741832724980942,-0.0006044818265118416,-0.007475906513968831,0.00021998273702669003,-0.0046417482733828895,0.0005452977038079286,0.9999890541555824
1741341975.6391864,2,0.009508603315086784,-0.0006136445233165108,-0.00763684371687768,-0.0012159167942664946,-0.005050300427255073,0.0005852508925791633,0.9999863366533248
1741341975.6556938,2,0.009302975020023328,-0.0006102241775419693,-0.007589891994941851,-0.0012422565065174475,-0.005010751384203624,0.0006210803090590263,0.9999864816229205
1741341975.6724172,2,0.00936091186733296,-0.0005895529865361117,-0.007244553123894352,-0.0006617226340269843,-0.004716040482168668,0.0004742728785677532,0.9999885480097073
1741341975.6890433,2,0.009353581306020608,-0.0005902521977370148,-0.00721276304435513,0.0006699114053420255,-0.004552616243133799,0.00044913148725792365,0.9999893115353577
1741341975.7056491,2,0.009585474813594081,-0.0005814807137232072,-0.0071538330686969995,0.0016119993636606723,-0.005135600781665868,0.0005159656047217867,0.9999853803142111
1741341975.7226198,2,0.009765685351209712,-0.0005885487377703445,-0.007254164923511726,0.0017419998343073833,-0.005073086126886219,0.0004945999858260488,0.9999854921970521
1741341975.739038,2,0.009775470070910933,-0.0006001772935861486,-0.0074237180403185846,0.00030028228659139934,-0.004725422226211439,0.0005519070479901616,0.9999886377424209
1741341975.7557003,2,0.009535109087136652,-0.0006144924270709271,-0.007624761590884995,-0.0010068196242513088,-0.004577088541618119,0.000514411493800786,0.9999888859160093
1741341975.772542,2,0.009338221085267261,-0.0006102334238069651,-0.007570631080876473,-0.0012780433283533998,-0.005281391339946461,0.0005455560809843645,0.9999850878284774
1741341975.7890978,2,0.009323122924478367,-0.0005929301345850703,-0.007309921973805227,-0.0010213594608489837,-0.004913906964449658,0.0005511319585088304,0.9999872532171401
1741341975.8060834,2,0.009399220608276377,-0.0005819688897207455,-0.007149159869000636,0.00047314999396260284,-0.004576888123968483,0.0005188411448333351,0.9999892794565601
1741341975.8225589,2,0.009660872879676503,-0.0005723027565775154,-0.007038878984097711,0.0015981385730409144,-0.005089914642306505,0.0005719386321092264,0.9999856057005204
1741341975.8392358,2,0.009809553023057107,-0.0005835923813162172,-0.007177902580878159,0.001673752046984872,-0.005185002083965035,0.0005147574988010995,0.999985024553964
1741341975.8559651,2,0.00972388928684707,-0.0006052202402625455,-0.0074731276883254925,0.0006284147203293611,-0.004793009397810686,0.000531737459694339,0.9999881746356433
1741341975.8727489,2,0.009578318228936086,-0.0006106150664810661,-0.007579718780900494,-0.0007332764486587779,-0.004730042163354274,0.0004635957311744749,0.9999884369760387
1741341975.8894985,2,0.00931512687704037,-0.0006111354568450726,-0.007619436547826837,-0.0014437542458887688,-0.005233202140127124,0.0005507869808994555,0.9999851127905552
1741341975.9059622,2,0.009409845964586617,-0.0005838972397922857,-0.007232131329290591,-0.0006617146644215347,-0.005196433395946903,0.0005327117703804398,0.9999861376198342
1741341975.9225717,2,0.009376375441780325,-0.0005827233469396224,-0.0071802995475402755,0.0003802500404742712,-0.004602847011006763,0.0004773058748250249,0.9999892206361035
1741341975.939395,2,0.009646050638094776,-0.0005754699042443457,-0.007037149916081064,0.0015166316573795638,-0.005044315678180466,0.0005141042167239874,0.9999859951042359
1741341975.955969,2,0.009847461745849962,-0.0005812603274463169,-0.0071031505810914995,0.0017925373824107314,-0.005235263723773978,0.0005508556368034134,0.9999845375712278
1741341975.9728494,2,0.009725217413118024,-0.0006066588129329936,-0.007453120484152068,0.0005563381010941443,-0.004759215661230943,0.0005467338082203598,0.9999883706505541
1741341975.989302,2,0.009618228438915924,-0.0006091508137308676,-0.007541373329021515,-0.0008473220850949874,-0.004879530210517306,0.0006089867610946654,0.9999875506051731
1741341976.0059452,2,0.00941617368884102,-0.0006059652671439234,-0.00753155409702739,-0.0012025680826475288,-0.005132943918605443,0.0004916097883356339,0.9999859824200292
1741341976.0228457,2,0.009261851274711321,-0.0005972916299128127,-0.0074307969190949485,-0.001214904160751608,-0.004737936054472497,0.0005585289084706009,0.9999878819342174
1741341976.0393393,2,0.009377830749767219,-0.0005804583940874049,-0.007184040853691412,0.00016779982872561027,-0.004564377601777087,0.0005438422064742003,0.9999894212120348
1741341976.056279,2,0.00958218573989558,-0.0005761108796402449,-0.00708523874577225,0.0013087383334485388,-0.0049805279659309335,0.0005638145093844791,0.9999865817391521
1741341976.0727477,2,0.009808480855629385,-0.0005774805659711999,-0.007111480855849531,0.0016667210410611709,-0.0052007104782340885,0.0005775377466270034,0.9999849204371255
1741341976.0893574,2,0.009784346484135923,-0.0005986657750285314,-0.007369393567650618,0.0005266457398370482,-0.004860327288286503,0.0006303481742439642,0.9999878511882506
1741341976.1061103,2,0.009608100208013613,-0.0006126363292115966,-0.007568805844031378,-0.00020748207692764952,-0.004816794346855698,0.0005073831286053461,0.9999882489338406
1741341976.1227934,2,0.00931068830307782,-0.0006180213407362719,-0.007678195320840085,-0.0017511157251634236,-0.005414139440793278,0.0004946149828580923,0.9999836878888833
1741341976.139787,2,0.00929802964272416,-0.0005970281652605867,-0.007407895724778661,-0.0010671221221925755,-0.00528334508891628,0.0006102762027541344,0.9999852874307721
1741341976.1561348,2,0.00933318915363536,-0.0005855124175585219,-0.007233155871458411,3.5323998073803855e-05,-0.004535854935565647,0.0005055715328333966,0.999989584530581
1741341976.1728222,2,0.009651671133016465,-0.0005703636943905928,-0.006984977584086807,0.001356867113767806,-0.0049454689464895505,0.0005951335477092409,0.999986673443499
1741341976.189518,2,0.00973234627260326,-0.0005853073024184457,-0.007186730027753283,0.0016259751848561558,-0.005170874962086141,0.0006193912201616147,0.9999851171949216
1741341976.2062547,2,0.009789000240416935,-0.0005979112953500352,-0.007355901307895262,0.0007362914856309808,-0.004877182504892537,0.0006243344940993718,0.9999876405096723
1741341976.2231693,2,0.009571013675721007,-0.0006131379497545493,-0.007621742101521742,-0.0002478037412214481,-0.0047792921809033185,0.0005631654553050268,0.9999883898347147
1741341976.2395682,2,0.009421025150612772,-0.0006062772598944758,-0.00758465528969679,-0.001056574352472033,-0.004962035845570372,0.000501275191315623,0.9999870052026113
1741341976.2562437,2,0.009301263159938985,-0.0005983313216578316,-0.007425345189401539,-0.0009149833860903889,-0.004764709594855304,0.0006003710604906567,0.9999880498798321
1741341976.2730992,2,0.009359272844256975,-0.0005875794792784363,-0.0072177004199734844,2.3149772115254364e-05,-0.004585714531802359,0.00044744584506698447,0.9999893851829311
1741341976.289643,2,0.009464316269267704,-0.0005889773299296308,-0.007199190532949098,0.001179040093029566,-0.0048301092268130405,0.0005706268274206056,0.9999874770687581
1741341976.306486,2,0.009720522513221322,-0.0005855032357739422,-0.007172989835851219,0.001571347014991084,-0.005253833037480313,0.0006235772187324514,0.9999847695132286
1741341976.3230667,2,0.009694892254219233,-0.0006043319306679717,-0.007445582620207437,0.0010840147087788617,-0.004796800866364907,0.0005500961497702401,0.9999877564289403
1741341976.339688,2,0.009618849136727553,-0.0006099777667896824,-0.0075670276997702275,-9.153656253026029e-05,-0.004781203779939469,0.0005197842451168984,0.9999884307009811
1741341976.356493,2,0.009315550028285173,-0.0006192692696197436,-0.0077259454075065135,-0.0018862794766137962,-0.005249793155543358,0.0005663860596938619,0.9999842802906411
1741341976.3729932,2,0.009229710767038388,-0.0006091895530916663,-0.007545708316510011,-0.0014809136492066602,-0.005328549952223338,0.0005491439276397972,0.9999845558262972
1741341976.38994,2,0.009335051028613128,-0.0005906967478979349,-0.0072530063597538354,-6.77434380694146e-05,-0.004555875120868796,0.00048395875790752406,0.9999895025432168
1741341976.4064364,2,0.009444560629381236,-0.0005866647832940471,-0.007200659386817327,0.0012315338796203335,-0.004748726120281034,0.00045637426905507304,0.9999878622498698
1741341976.4231064,2,0.009762723266249438,-0.0005799427790591521,-0.00709134586859049,0.0015651236576460909,-0.005223734302458149,0.0006665970712911917,0.999984909204243
1741341976.4398773,2,0.009780817842598677,-0.0005981010405418133,-0.007330701187203471,0.001036096964577387,-0.004959119569799497,0.0005743044175745115,0.9999870018208279
1741341976.4563997,2,0.009654013397357232,-0.0006103150368264431,-0.007534734604838443,-0.00023915516634192847,-0.004817634703846286,0.0005161508256333287,0.9999882333252686
1741341976.4732294,2,0.00947200285609388,-0.0006105228003121156,-0.007571211903724943,-0.0009653169797951593,-0.005130381131262061,0.0005228451091412576,0.9999862368980728
1741341976.489917,2,0.009403105475844414,-0.0005954232255350791,-0.007355722825441007,-0.0006565959856963889,-0.005081104889009366,0.0005641090309170905,0.9999867164296833
1741341976.506516,2,0.009300914779073093,-0.0005912308948818332,-0.007297733842032368,-0.0002997756559133309,-0.00458127199142153,0.00048329184225083603,0.999989344198473
1741341976.523354,2,0.009581607874277928,-0.0005749444024818887,-0.007031454981839496,0.0013390126415995362,-0.004797941079088773,0.0003861582473342738,0.9999875187662871
1741341976.5398548,2,0.009791883665927679,-0.0005736573151490455,-0.007037769954286242,0.0015545195697411773,-0.005194283909997417,0.0005434377202475926,0.9999851536693001
1741341976.5566635,2,0.00974639232585442,-0.0005956231423718721,-0.007348462095583089,0.0010272018070059657,-0.004961913986317978,0.0005430048837627816,0.9999870146215581
1741341976.573323,2,0.009550724382164817,-0.0006178098579376589,-0.007650439531709135,-0.00013832822868044606,-0.004677502760357885,0.0004900571488434351,0.9999889307773456
1741341976.5899072,2,0.00946187015537509,-0.0006120905767985076,-0.0076042683592830165,-0.0008488323333140233,-0.004774398227601215,0.00043213702405105127,0.9999881488611886
1741341976.6067817,2,0.009426316079078045,-0.0005968535266893405,-0.007368161032795601,-0.0011399607846916578,-0.004975856388793205,0.0005379897260761278,0.9999868258680522
1741341976.623411,2,0.009413925739456127,-0.0005872803462363458,-0.007178995523210417,-0.0003821480265059813,-0.004749912060247111,0.00044054795160101767,0.9999885490423418
1741341976.6400669,2,0.009460700230620374,-0.0005841210698351158,-0.0071556785861490915,0.0007094616022489459,-0.004692097785671427,0.0005586872295816246,0.999988584310433
1741341976.6569016,2,0.009629638707492939,-0.0005831213143538249,-0.007192304089298247,0.0014997564384000885,-0.005091997013225821,0.0005997222197095187,0.9999857312133519
1741341976.673281,2,0.009767384151482329,-0.000591848461824945,-0.007291872571906899,0.001215106761282702,-0.004956694910741307,0.00047960444305943166,0.9999868622490491
1741341976.6901674,2,0.00960740377133973,-0.000611899408493972,-0.0075800056688655375,2.2085033389077777e-05,-0.0047418364836568135,0.000489708525973253,0.9999886372777308
1741341976.7068162,2,0.009527094810555407,-0.0006094090474788061,-0.007545220160569232,-0.0006324375336312964,-0.005387199704573931,0.0005656438005292599,0.9999851289640261
1741341976.723409,2,0.00946429865334742,-0.000595299649968791,-0.00733983379548307,-0.0008077049674258099,-0.005525306628869365,0.0006418771704983784,0.9999842031717503
1741341976.740296,2,0.009300210688815296,-0.0005963895966522768,-0.007319715521271227,-0.0007131660563767419,-0.004607945523672714,0.0005003580758082931,0.9999890038765541
1741341976.7568314,2,0.0095430786929456,-0.0005759140427017777,-0.007042957013842168,0.0008778934911735276,-0.004726416719839109,0.0005189189245555675,0.9999883104372562
1741341976.773429,2,0.009702334048605174,-0.0005763688330119343,-0.007078821212124993,0.0015403765382652525,-0.0051153929222934325,0.0005523088432358905,0.9999855773711501
1741341976.7901337,2,0.009820339284711451,-0.0005867774893180888,-0.007214086193514743,0.0013537089554110822,-0.005066169116620049,0.0004823667880160379,0.9999861342662846
1741341976.8068705,2,0.009693852027454061,-0.0006058154761106349,-0.007475798122643123,2.244337149039973e-05,-0.00479460171190726,0.0005361693529189136,0.9999883618388488
1741341976.8237393,2,0.009453417274052026,-0.0006145529100014483,-0.007641322584119081,-0.0010717870460279935,-0.004941941868087869,0.0005446316255372748,0.9999870658461003
1741341976.8403127,2,0.009336740101569095,-0.000603639163306498,-0.007506264914452769,-0.001002204256406499,-0.004973304181226147,0.0006107251923718863,0.9999869443382192
1741341976.856964,2,0.00934340709882825,-0.0005915914930941955,-0.007284994416314865,-0.00033075210195017434,-0.004636727263955985,0.0004869969256047912,0.999989077039005
1741341976.8736863,2,0.009543270796170298,-0.0005772017688039218,-0.007045169961656858,0.0008765683848056762,-0.004715573162087097,0.0004498572777869725,0.9999883962457012
1741341976.8903248,2,0.009656368736944747,-0.0005778466633297232,-0.0071161097653428575,0.0013937486631576837,-0.005052824333162401,0.0006124840282422428,0.9999860755501735
1741341976.9070995,2,0.009789696992793888,-0.0005873381021636412,-0.0072232686151240885,0.0013271855200079194,-0.0050528523063420845,0.0005174266756104688,0.9999862196709519
1741341976.9236634,2,0.00968040099763087,-0.0006072179237630813,-0.007482540823688239,2.6008366223635513e-05,-0.004708652521835951,0.0005030497547483016,0.9999887873651072
1741341976.9407568,2,0.009495099396682046,-0.0006143694269984429,-0.007610909790426188,-0.0009487660415456635,-0.004703989952827572,0.0005739214496920133,0.999988321399651
1741341976.957106,2,0.009316629052230383,-0.0006105533329433719,-0.0075730743076837005,-0.0013737693357249768,-0.00519461156497379,0.0005673065926993974,0.9999854033593346
1741341976.9737198,2,0.009349032890067492,-0.000590806165995107,-0.007312531675847627,-1.1018616490653964e-05,-0.00493855790883483,0.0004866186093014488,0.9999876867875426
1741341976.9905894,2,0.009523824006003767,-0.0005774348219907961,-0.007061871675177304,0.0006739281199069903,-0.004666610618019913,0.0004643739242310599,0.9999887763985591
1741341977.0071087,2,0.009582568880245723,-0.0005829702851682125,-0.00717494651118883,0.0012468878554176613,-0.004982444132301888,0.0005409464814465036,0.999986663860098
1741341977.0238981,2,0.00979822839224662,-0.0005848431414932906,-0.007186450518256624,0.0014233631908292562,-0.005030961484561007,0.0005217398899997482,0.9999861955303458
1741341977.0404608,2,0.009628597535050411,-0.0006103124106725456,-0.0075394674979057915,0.00017529231235065247,-0.004667288745898675,0.00054583589586026,0.9999889438146516
1741341977.0571663,2,0.009522337856623476,-0.000611762766955328,-0.007590138841028027,-0.0004824954373435761,-0.004938980639581896,0.0005065150328697713,0.9999875584780623
1741341977.074029,2,0.009361560856574294,-0.0006074519829977638,-0.00754789397765414,-0.0007725430567791205,-0.004881942571573875,0.0005020452331040525,0.9999876588061161
1741341977.0904784,2,0.009265092669233267,-0.0006009328212543296,-0.007415467607140204,-0.0010291885593521218,-0.004530520128846461,0.0004748647189698369,0.9999890947714231
1741341977.1071124,2,0.009522726974108848,-0.0005748365322259034,-0.00706183720034256,0.0008576063060328128,-0.004682674715486029,0.0004678322776674835,0.9999885590354985
1741341977.1239526,2,0.009600415447474994,-0.0005826944564742942,-0.007137533838689674,0.0013779817854293744,-0.004947094981722176,0.0005517293203037564,0.9999866614171401
1741341977.1405222,2,0.009721985714400777,-0.0005872643769128493,-0.00725927561774026,0.0013150336255906754,-0.004969474713083677,0.0005310269067319448,0.9999866464198729
1741341977.157444,2,0.009733915650568525,-0.0005995062207121295,-0.007415235814121265,0.00018519017057649846,-0.004700013057844271,0.0005498814818106416,0.9999887865432355
1741341977.1739168,2,0.009659855024670549,-0.0006001234258398451,-0.007445115689809684,-4.4955919235238335e-05,-0.005036341576694233,0.0005327545524737054,0.9999871746252924
1741341977.1905525,2,0.009347216198792313,-0.0006093487415677804,-0.007586385907045331,-0.0013877896784596027,-0.005251281482338082,0.0005189149986553398,0.9999851142941208
1741341977.2072248,2,0.00938164605574921,-0.0005922947733311468,-0.007294287366446807,-0.0008059105208766852,-0.004821851650363311,0.0005618663173750132,0.9999878922072685
1741341977.2239668,2,0.009441997556256854,-0.0005848983045750312,-0.007159330488940538,0.0005916978441805052,-0.0046292600032765245,0.0004979398191307641,0.9999889858900546
1741341977.2407143,2,0.009566516753509379,-0.0005850581780568358,-0.007160244338304369,0.00130958430563751,-0.004951303803559296,0.0005825486615149003,0.9999867150200787
1741341977.2573314,2,0.009703283566368988,-0.0005871300742800259,-0.007260454737548626,0.0014272619763383983,-0.005065235982649745,0.0005208003179564519,0.999986017439604
1741341977.2739575,2,0.009873764699454909,-0.000587497824137919,-0.007237077873070559,0.0007528025783494106,-0.0048211216977986976,0.0005062853032185804,0.9999879668021234
1741341977.2907789,2,0.009579375971122885,-0.0006095209418481887,-0.007552201500808518,-4.2384691476307006e-05,-0.004882307963686354,0.0005479362857905364,0.9999879304463191
1741341977.3076367,2,0.00939929436901277,-0.0006062822040008724,-0.0075416123641021265,-0.0006901942480790119,-0.004835471723348466,0.00048504321070285387,0.9999879532165357
1741341977.3242283,2,0.009387781046864233,-0.0005937011532835671,-0.0073238701747865955,-0.0003332062080534144,-0.0050748185751711685,0.0004647840772188397,0.9999869594978794
1741341977.3410506,2,0.009457450642552764,-0.0005838213769346869,-0.007150235583754494,0.0004068087674420941,-0.0045807877796934775,0.0003825973807047364,0.9999893521979064
1741341977.357528,2,0.009474030012160259,-0.0005881027896154424,-0.007252057922487133,0.0012404710519526101,-0.004786830787460441,0.0005381851376169211,0.9999876288431467
1741341977.3745658,2,0.00970538807921785,-0.0005880582387040928,-0.007231726726723716,0.001176419495641384,-0.004991332369800057,0.0006352539913229333,0.999986649456237
1741341977.390866,2,0.00977248769213119,-0.0005936472117067754,-0.007340900133515642,0.0008062601560916297,-0.004819813669707936,0.0006486443579508017,0.9999878492268027
1741341977.4074464,2,0.009614805203401671,-0.0006054667510588803,-0.0075192281435259144,-0.00045047167354011586,-0.004856947974019316,0.0005857685601266039,0.9999879319306024
1741341977.4241784,2,0.009340473759975269,-0.0006110519965613312,-0.007644623147571254,-0.001330225829064967,-0.005122765500938489,0.0005340521295637225,0.9999858511805
1741341977.44073,2,0.009330550221011492,-0.000599168196833993,-0.007404329699735304,-0.0012064375123062151,-0.00468138484852843,0.000584483989427282,0.9999881436911614
1741341977.457595,2,0.009397985529105967,-0.0005873891815848183,-0.007220994636912862,0.00028476435020348645,-0.004574459851206297,0.0004463246380013812,0.9999893969541137
1741341977.4741368,2,0.009603557852223176,-0.0005762705622496344,-0.007081861221853882,0.0011335114598041934,-0.00482715203315392,0.000476441105817508,0.999987593302483
1741341977.4908907,2,0.009677845973653468,-0.0005868976742688747,-0.00723709113689383,0.0012999963177977535,-0.004999137679302422,0.0005784787479628967,0.9999864919059533
1741341977.5075881,2,0.009776302124090724,-0.000594217744826359,-0.007324911607190753,0.000764510578176142,-0.004808010754729782,0.00046798235331842316,0.9999880397028134
1741341977.5241632,2,0.009531891801242077,-0.000612521724877174,-0.007620718307353783,-0.0003756707067684358,-0.004752698821737941,0.0004921987362640896,0.9999885141669549
1741341977.5412164,2,0.009389580735468894,-0.0006124148004269321,-0.007596911949407688,-0.000915679937567633,-0.004997471470794023,0.000532597659586367,0.9999869514893099
1741341977.5574548,2,0.009350013441272752,-0.0005960586671347166,-0.007396882089821527,-0.001191582197735529,-0.004825331223827187,0.0006200472219573209,0.9999874558472666
1741341977.574251,2,0.009350793073018426,-0.000589357574991598,-0.007276243563016408,9.651601667767547e-05,-0.00454846679001768,0.000497021313431918,0.9999895274973297
1741341977.5909886,2,0.009537807255016106,-0.0005769829668926245,-0.007141528091389842,0.0010920132824772109,-0.00479995669243374,0.0004812480951818683,0.9999877680866964
1741341977.6081355,2,0.009648020617222869,-0.0005855217950296903,-0.007249285704357463,0.00131068499036348,-0.004941571065092056,0.0005965113860820517,0.9999867534894804
1741341977.6244774,2,0.009697068606218367,-0.0005968605560752772,-0.007400734310950778,0.0006539434500342973,-0.004812141930447442,0.0005533351468583369,0.9999880546627647
1741341977.6410131,2,0.009616236792176864,-0.0006054626124766013,-0.00752299512246768,-0.0005682934628461591,-0.004779155991240051,0.0006679379548693916,0.9999881952150435
1741341977.6577744,2,0.00951734026512024,-0.000600117155648162,-0.0074692147381498165,-0.0008774272696945779,-0.005029238676494867,0.0006478629907115394,0.9999867584889643
1741341977.6744444,2,0.00947889710898474,-0.0005856408414540567,-0.007271788189088887,-0.0010654621743946644,-0.0050988397000418205,0.0005750909753458997,0.9999862678529332
1741341977.6910117,2,0.009458582750047224,-0.0005852577604237682,-0.007158925080567691,0.0004468762639737952,-0.004577800580795071,0.0004206967060453692,0.999989333471977
1741341977.7078125,2,0.009513893912341037,-0.0005831305980320345,-0.007155733734241824,0.0007366583868772475,-0.0047382604097001135,0.0005549699969285099,0.9999883490476345
1741341977.7244043,2,0.009705973763210748,-0.0005811123983454324,-0.007154573120203406,0.0012601186278369033,-0.005075357469044666,0.0005370776940184276,0.9999861821021108
1741341977.7410204,2,0.009721668512510367,-0.0005919418274852003,-0.007351705962964841,0.0010642707340763544,-0.004843696046642043,0.0004719248573160594,0.9999875915346856
1741341977.7580016,2,0.009650436617456163,-0.0005991466300697096,-0.007486791039470842,-0.00019740745745501633,-0.004720307075476394,0.0005265823741146315,0.9999887011573741
1741341977.774688,2,0.009405833650770102,-0.0006082964092572296,-0.0076197503471094425,-0.0012119421349839523,-0.0049934242496155815,0.000552626779870883,0.9999866456679144
1741341977.7914112,2,0.00941450019243143,-0.0005965197872123423,-0.007361606995683702,-0.0007380434026989849,-0.0047280145009941715,0.0005067590970957091,0.999988422115992
1741341977.8078852,2,0.009337704962785002,-0.0005962975672309257,-0.007296882155240062,0.0003376638061005339,-0.004595258207567894,0.00043271895344017296,0.9999892911123934
1741341977.8244362,2,0.00957581915890251,-0.0005770470132824281,-0.007067777575274558,0.0009229436823372499,-0.004793555600544904,0.0005181887527736637,0.9999879506674468
1741341977.841206,2,0.00957759985013447,-0.0005878285927161143,-0.007284789694811185,0.00123810224129274,-0.004999673694103713,0.0005864903813780867,0.9999865631071375
1741341977.857851,2,0.009780031094914097,-0.0005864674748860277,-0.007272876518709838,0.0010250333078160772,-0.004892282214435644,0.0004984344818049134,0.9999873831426672
1741341977.8746848,2,0.009669188115806257,-0.0005997605529508288,-0.0074651574523599985,-0.00023293871953172063,-0.004780319726734297,0.0005085442266623078,0.9999884177657422
1741341977.891317,2,0.009544528739587603,-0.0006009145221616066,-0.007469487167305446,-0.0007983559639197645,-0.005118334491556942,0.0004872038514951357,0.9999864638644838
1741341977.908016,2,0.009373468158518552,-0.0006011125607199667,-0.007432743844921554,-0.0011327243503588813,-0.004919357691595443,0.0005226930135490648,0.9999871217408062
1741341977.9247591,2,0.009403067486844944,-0.0005850824403042297,-0.007233612181843267,0.0002448582172019806,-0.004606807326675279,0.0005300995239484287,0.9999892181244772
1741341977.9411817,2,0.009511065288794128,-0.0005802668349837765,-0.007141251529534066,0.0007930429978255078,-0.004725773200194782,0.0005430312479296998,0.9999883715661536
1741341977.9581232,2,0.009562296426074372,-0.0005886112137154589,-0.007289640821340835,0.0011512864792147142,-0.004901337756980967,0.0005673207689277724,0.9999871647050176
1741341977.9745998,2,0.009743645773394122,-0.0005914582763864975,-0.007295544862047697,0.0010214823750339219,-0.004866545122457422,0.0004255900946695957,0.9999875460151492
1741341977.9912226,2,0.00962387259033751,-0.0006049377935245833,-0.007508088473403811,0.0001322508575311767,-0.004672386344241999,0.0005466282280489828,0.999988926195256
1741341978.0082448,2,0.009441030904649024,-0.0006120179438266705,-0.007609986728708588,-0.0007700077980482121,-0.004808010390988688,0.0005312618182210763,0.9999880038705223
1741341978.0246804,2,0.009410001108814741,-0.000597241517702791,-0.007405944972706112,-0.000528394971741092,-0.004620755803599899,0.0005479742035423746,0.9999890345092938
1741341978.0412347,2,0.009339773370392969,-0.0005909060091510443,-0.007327109208217405,-0.0005220190821223629,-0.0046228788939656545,0.0004738705616334449,0.999989065906973
1741341978.0581348,2,0.009492870192122018,-0.0005775214220955552,-0.007159011189553496,0.0008010507339829048,-0.00475400682110349,0.0005549530592415747,0.9999882248126567
1741341978.0748413,2,0.0096257512300997,-0.0005783011905066465,-0.007189533577346269,0.0013111894706269117,-0.004950557917729442,0.0004686219572000986,0.9999867764885377
1741341978.091588,2,0.009728189752571935,-0.0005906368081182447,-0.007289578201392762,0.0010323631765672202,-0.004854236866519429,0.0004929421073990851,0.9999875637320668
1741341978.108145,2,0.00963503291085712,-0.0006062451848486134,-0.007495524772965889,0.00034595967485277226,-0.004626381119419591,0.0005414103473525412,0.9999890918327444
1741341978.1248052,2,0.009513662392140436,-0.0006073001838447274,-0.007544582969963684,-0.00025122056507238864,-0.004872426155388641,0.0005317780217419672,0.9999879567093414
1741341978.14139,2,0.00941547300108478,-0.000599367782519751,-0.007437799229245927,-0.0008336660963175589,-0.005096032194285816,0.0004710147793870658,0.9999865567105352
1741341978.1581004,2,0.009321924159082732,-0.0005942658550550777,-0.007360304267134991,-0.0005287221448395144,-0.00466229425956746,0.0005187799835181308,0.9999888571041478
1741341978.1749547,2,0.009514818052531234,-0.0005774137407630365,-0.007123021897155635,0.0008808524801197131,-0.004642613023077593,0.0005899414006380135,0.9999886610418991
1741341978.1914792,2,0.009683696601352161,-0.0005738871173018784,-0.007097419471551486,0.001250923614406448,-0.0049541023745940365,0.0004642061793490907,0.9999868381995816
1741341978.2082617,2,0.009712009351875049,-0.0005899785154752688,-0.007294424545167387,0.001100403647559451,-0.004884408359194264,0.00047426686248707697,0.9999873532888984
1741341978.2249658,2,0.009770127350927759,-0.0005916637075673127,-0.007339417073496188,0.0005410441577946135,-0.004732573052759338,0.0005180257029412908,0.999988520770559
1741341978.2414544,2,0.009574678521498677,-0.0006001394252005161,-0.007491623073491323,-0.00022945098827345476,-0.005044842445635431,0.000557460838218869,0.9999870929938828
1741341978.2585151,2,0.009397766998978476,-0.0006025773859090119,-0.0074905957653854235,-0.0009218039639398596,-0.00524198286751163,0.0005734479459250526,0.999985671422607
1741341978.2750323,2,0.009470044886960965,-0.000584108668788429,-0.007202160686377077,7.47877063207233e-05,-0.004676994639223331,0.0005428513783852992,0.9999889126586978
1741341978.291637,2,0.00945935284339586,-0.0005853879785590468,-0.007186414407077433,0.0006599216452445602,-0.004677416034691064,0.0005800190690288498,0.9999886748661407
1741341978.3083189,2,0.009611039381506713,-0.0005813604695783616,-0.007169028908172061,0.001208088927970972,-0.004920767611686165,0.0005508159309999819,0.9999870115001814
1741341978.3250387,2,0.009681189474436245,-0.0005904756518841209,-0.0073116133742828,0.0010386556061405471,-0.004954857089523804,0.0004904733292676098,0.9999870649271757
1741341978.3419604,2,0.009719881755600875,-0.0005954588487332374,-0.007390849619468861,0.00040470377588519774,-0.004719086491640378,0.0005906199614911042,0.9999886087379192
1741341978.3583648,2,0.009516126279286458,-0.0006069667163264685,-0.007570290860524465,-0.0003798354751171206,-0.0047730548364787245,0.0005708515850072294,0.9999883738329199
1741341978.375304,2,0.009431957656676808,-0.0005992926685935956,-0.0074539027476245205,-0.0005416564999705491,-0.004916143899286851,0.0004999027783522331,0.99998764404097
1741341978.3918242,2,0.009358611125726222,-0.0005913934660076051,-0.007346717294476997,-0.0001231946439297661,-0.004772110694126925,0.0004802515177843248,0.999988490504307
1741341978.4083877,2,0.009481282700070946,-0.0005802445639161395,-0.007155000154258416,0.0005446280653356577,-0.004644429699534126,0.0004958310143293716,0.999988943341196
1741341978.4253,2,0.009577366938039192,-0.0005836275027357478,-0.007185336012298399,0.0011165690994578985,-0.00487557955785658,0.0005004318050077116,0.9999873657029021
1741341978.4419546,2,0.009715301740755194,-0.0005904147553081235,-0.007248898863937542,0.0010480341289527768,-0.004958549436200801,0.0005281163388510583,0.9999870176682725
1741341978.4584231,2,0.009612021289393955,-0.0006046608584071578,-0.007508207404030327,0.0002760681296790284,-0.004676679521777311,0.0005685313749369391,0.9999888645515579
1741341978.4752443,2,0.009486747303663412,-0.0006118282373556251,-0.007610370764136521,-0.0006498581672049731,-0.0047361413387130265,0.0005405449364066933,0.9999884271634117
1741341978.4918349,2,0.009410736992283824,-0.0006023721308153423,-0.007510196385026055,-0.0008854441176765147,-0.00511575586085044,0.000506500221445639,0.9999863941515466
1741341978.5086696,2,0.009280610528164012,-0.0005999393011160434,-0.007449974160525472,-0.0007712494659092403,-0.0047144277188792,0.000537124614767826,0.9999884453545915
1741341978.525229,2,0.009417924028986028,-0.0005855842054328847,-0.007228386170884317,0.00043856707010547704,-0.004595779286251095,0.0005071974821600455,0.9999892145530327
1741341978.541891,2,0.009587619237678447,-0.0005801684154150367,-0.007157113928893258,0.0009541970830449793,-0.004848412400836292,0.000562373079129231,0.9999876329943476
1741341978.5586789,2,0.00956583989716882,-0.0005971884280423207,-0.007401279945317216,0.0010419894863828321,-0.004886597288829345,0.0005760314249671502,0.9999873517263329
1741341978.575227,2,0.009667189662262321,-0.0005997040561290677,-0.007434432252725932,0.0003639591124942632,-0.004726673087706881,0.0005236860095350004,0.9999886258594394
1741341978.5920532,2,0.009478026741026269,-0.00061475213274748,-0.007630399855916573,-0.0004699444398437414,-0.0047425452246952875,0.00045004540816752706,0.9999885423724343
1741341978.608615,2,0.009380863979510998,-0.000609075961781908,-0.0075540895175076625,-0.0007003738561321153,-0.004831666388324447,0.0005190989536484215,0.9999879474336928
1741341978.6252494,2,0.009346677459342038,-0.0005946192695179188,-0.007386527338359847,-0.0007856468028458296,-0.004743475619575483,0.0005740146875003466,0.9999882762839204
1741341978.642115,2,0.009394479451434724,-0.0005861777843894203,-0.007249992959471908,0.00032729860596550895,-0.004585230755120709,0.0005559085839264039,0.9999892796926331
1741341978.6586127,2,0.009491402555542826,-0.0005889883276206502,-0.007251968124429383,0.0008186530645793412,-0.004775377513857284,0.0005421982691914882,0.9999881157282805
1741341978.6755626,2,0.009665683824629326,-0.0005866899218347271,-0.007263938988494314,0.0009840279948538492,-0.004951126989050951,0.0005652981529535253,0.999987099151005
1741341978.6920173,2,0.009706881815556071,-0.0005976805342131443,-0.007378577413744295,0.0008558927519202573,-0.0048055220821477136,0.0004252138359412988,0.9999879967271152
1741341978.7087042,2,0.009482763867348136,-0.0006125484382428654,-0.0076262415863219525,-0.0005613736151015501,-0.004704711532881076,0.0004776100220583478,0.9999886611545771
1741341978.7254367,2,0.009380906763543334,-0.0006047170961570703,-0.007570554331219269,-0.0004884005810371096,-0.004850657748468175,0.0005143032902991455,0.9999879839660101
1741341978.7420115,2,0.009434633205350623,-0.0005890973229517727,-0.007306317307672335,-0.00046204496280073383,-0.004969630904635306,0.0004908807043781123,0.9999874240805522
1741341978.7591326,2,0.009431896869501816,-0.0005870785750526863,-0.0072120504683641255,0.0001677874188478591,-0.004566312669713332,0.0005507925766371363,0.9999894085756719
1741341978.7757232,2,0.00954080179059404,-0.000584399838785702,-0.007179164653378148,0.0009218822309264284,-0.0047799546189703735,0.0004713649526689542,0.9999880399195153
1741341978.7921531,2,0.009585459489221071,-0.000592139924508136,-0.007328141166576977,0.0008940093331777919,-0.004860907519899323,0.0005774042081655185,0.9999876193882481
1741341978.8088017,2,0.009729000823252643,-0.000591804739609626,-0.007333428084694017,0.0009389150966430037,-0.004786852691806327,0.00048468862660568996,0.9999879847061581
1741341978.8254318,2,0.009589003525700315,-0.0006040848688651192,-0.007509142809014463,-0.0002127717758583733,-0.004749028618992469,0.00045677059567158596,0.9999885963429634
1741341978.842354,2,0.009516337752525686,-0.0006000936212751341,-0.007442503388427966,-0.0004576072454654254,-0.0049911583378328414,0.0005117884667272328,0.9999873084227723
1741341978.8590572,2,0.009433680066276878,-0.0005910542935794034,-0.007322447727953087,-0.00042613698511221465,-0.004872376925873952,0.0005179985931203759,0.9999879049407646
1741341978.8755493,2,0.00942861059312543,-0.000583014226668284,-0.007215748251730868,0.00016567231405470735,-0.004661700441472736,0.0005328138427616902,0.9999889785448074
1741341978.8923192,2,0.009538463488348229,-0.0005808079049471314,-0.007160699300510894,0.0010308677881900766,-0.004751709563004836,0.0004609507502618642,0.999988072974992
1741341978.9089632,2,0.009673284084483941,-0.000581636080398955,-0.007209721376691952,0.0011117247761741557,-0.00495158138167827,0.0005086641029030832,0.999986993500752
1741341978.9256978,2,0.009722202246245046,-0.0005928583373434049,-0.007336273681119283,0.000717271236130014,-0.004820715449364371,0.0004294612246547084,0.9999880308221627
1741341978.9424362,2,0.009679500635115216,-0.000598043286045146,-0.007412508129906436,6.975717172138745e-05,-0.0047859076224500375,0.00043400508159303095,0.9999884508641865
1741341978.9594502,2,0.009406701016217647,-0.0006054321876676336,-0.007579822989675759,-0.0010061507942188891,-0.004902870216706604,0.00048447110764792415,0.999987357326063
1741341978.975776,2,0.009445324821600608,-0.0005900198507033141,-0.007325864102228632,-0.0006987851934271474,-0.004773800647400365,0.0005456335223761458,0.9999882123358712
1741341978.9922197,2,0.009522569949449292,-0.0005749204355794666,-0.00711783687829814,0.00022254028079088134,-0.004727197650264991,0.0005339730318248122,0.9999886594111956
1741341979.0092323,2,0.009449788810473862,-0.0005879787445619785,-0.0072620358664489725,0.00082447025814249,-0.00467954580907675,0.0005595792276031784,0.9999885544199505
1741341979.0257783,2,0.009685643553668735,-0.0005821123382254883,-0.007180989754070278,0.0011905473885821705,-0.004980658704666514,0.0004392334297589509,0.9999867912676533
1741341979.0424607,2,0.009704920586318774,-0.000593662048257283,-0.007337255125293973,0.0006208156164100075,-0.004813834555006341,0.00042816092876914684,0.9999881290610737
1741341979.059561,2,0.009700846550812176,-0.0005966795771914385,-0.007381695959703479,6.755032250633516e-05,-0.004827998693206482,0.0004736899136583328,0.9999882306724605
1741341979.0760736,2,0.009400668624606416,-0.0006097283457619022,-0.007602379337941528,-0.0007650945959938794,-0.004913470338520812,0.0005064032093932297,0.9999875079196145
1741341979.0927875,2,0.00942208302321156,-0.0005964788893683742,-0.007377494585465165,-0.0006358766643963954,-0.004930373224992689,0.0005306250631316629,0.9999875026807947
1741341979.109181,2,0.0094499041758447,-0.0005846441191912305,-0.007218194360037309,0.0001168105614095727,-0.0046354378437808924,0.00048053521628483496,0.9999891340195627
1741341979.1259139,2,0.009445436142469312,-0.0005864320795353063,-0.007255991027380636,0.0007976044004451567,-0.004691049736336235,0.0005007383850482485,0.9999885535048195
1741341979.1426187,2,0.009639699129925476,-0.0005799712161282715,-0.007211909500018559,0.0008577299590373275,-0.004961420685562369,0.0006276977092160294,0.9999871272169877
1741341979.1592455,2,0.009646809732580511,-0.0005939822192748989,-0.007390048792821577,0.0008002134186132432,-0.004855624684910736,0.0005204917618267806,0.9999877557529041
1741341979.1758714,2,0.00962967632620407,-0.0005996127641964384,-0.007474280708921905,0.000337422559255927,-0.004678942386877376,0.0004888431874200087,0.9999888772763901
1741341979.192556,2,0.009454686139612352,-0.000606163813505253,-0.007562936692544925,-0.0007628905534064578,-0.0048990710185202214,0.0005869106574234683,0.999987536240847
1741341979.2091887,2,0.00941398940089676,-0.000595784953685211,-0.007408679754787784,-0.0005616111184689118,-0.004991879743656876,0.0005804478314588269,0.9999872143232089
1741341979.226173,2,0.009392784228464237,-0.000587602221990813,-0.007289315260800855,0.00012955519323620525,-0.0046403975853121825,0.0004459460238225988,0.9999891254697953
1741341979.2427456,2,0.0095321376592189,-0.000579725050053981,-0.007147165739461796,0.0005605404329171402,-0.004707764997665507,0.0005031635488255229,0.9999886347202117
1741341979.2592025,2,0.009556937676842703,-0.0005905045829719936,-0.007290972472475712,0.0009286827867239691,-0.004916674246006606,0.0005725293698500393,0.9999873179559634
1741341979.2759967,2,0.009667549938483967,-0.0005936473595883187,-0.0073564251248560255,0.0008533184802749818,-0.004819895969500764,0.0005308076156364497,0.9999878792733887
1741341979.2926047,2,0.009738598485466347,-0.0005924971447205565,-0.007345664562015598,0.00028905367949113317,-0.004771137069245877,0.0004500713894377027,0.9999884750009778
1741341979.3095338,2,0.009493455917072955,-0.0006036491479898247,-0.007528857960276273,-0.0005742086173106026,-0.004835590148533271,0.0005534076209277722,0.9999879904740777
1741341979.3259728,2,0.009407701676587887,-0.0005974827456377047,-0.007420664299692997,-0.000575415079653733,-0.004780562657341621,0.0005260227866286732,0.9999882691402902
1741341979.342651,2,0.009453310450644316,-0.0005874068204835142,-0.007225527049324457,0.0004311323961662935,-0.004655349155091536,0.0004217467740163819,0.999988981928681
1741341979.3594248,2,0.009476944384602762,-0.0005857900077883352,-0.007207271017223106,0.0003694035817994201,-0.0046223073139635635,0.000527739176786336,0.9999891095944248
1741341979.376068,2,0.00965901459487445,-0.0005775324207423652,-0.007156251235258018,0.0008627553305176769,-0.004898032384566577,0.000542574904420866,0.999987485193926
1741341979.392964,2,0.009677370288842326,-0.0005912051304487871,-0.007327300450479053,0.0007568185945279515,-0.004830380035176712,0.0004862669670810329,0.9999879290265294
1741341979.4093556,2,0.009663833452435927,-0.0005994062565742054,-0.007425734062196021,0.00025836574706195,-0.0046308294050719755,0.0005475827583843102,0.9999890943501757
1741341979.4260461,2,0.009562634058603112,-0.0005999105205578223,-0.0074547886312279505,-0.0003225682366219291,-0.004895321305253331,0.00047715505288867873,0.9999878519772659
1741341979.442927,2,0.009436682209770687,-0.0005989259166590095,-0.007417209723633043,-0.00026896444849326304,-0.004874339432494284,0.0005315275138560334,0.9999879429031753
1741341979.4600294,2,0.009423712306976187,-0.0005867155806028872,-0.007270904687423,-0.0002036502847428234,-0.004640291356305859,0.0006447907072239691,0.999989005173374
1741341979.4763489,2,0.009510760103429512,-0.0005812354239902935,-0.00716293063680434,0.0003435708757518324,-0.004577582053312787,0.0005460889211507639,0.9999893146871565
1741341979.4928825,2,0.009616294328004793,-0.0005837227036222646,-0.007184817432896524,0.0008194945789297177,-0.004875949613645811,0.0005089412375010596,0.9999876471851125
1741341979.5093946,2,0.009622288078733655,-0.0005964874894123144,-0.007367570646079091,0.0008257526732436035,-0.004852852073399957,0.0005318389005321036,0.9999877424782067
1741341979.5263755,2,0.009666414342792006,-0.0006007011098433995,-0.0074149530253800255,0.0003997375567138815,-0.004723020370031762,0.0005351248746362718,0.9999886234002058
1741341979.5429287,2,0.009477205810796916,-0.0006069916648518034,-0.0075649571183490135,-0.0004744817505207592,-0.004758076225272195,0.00046037968841286753,0.9999884617475571
1741341979.5596955,2,0.009397617817601553,-0.0006017933836419173,-0.007480996547180377,-0.0005524238327382944,-0.004962036563420698,0.0005107197414133211,0.9999874060138948
1741341979.576285,2,0.009361931846082533,-0.0005909695767114439,-0.007352338333313087,-0.0003442978599307221,-0.004708680116309912,0.000551789497057397,0.9999887025956328
1741341979.5929527,2,0.009520146341753306,-0.0005798115203642207,-0.0071463521650376805,0.0005141416088490481,-0.00459975070006474,0.00037105102609841814,0.9999892200784163
1741341979.6097567,2,0.009697615992847117,-0.0005746796845662827,-0.007069571455064465,0.0009634659882378061,-0.004849292040283474,0.0005283649663067892,0.9999876383888252
1741341979.6263044,2,0.009605843798727476,-0.0005923981163300796,-0.007367887836024103,0.0006920063415552627,-0.004785615798307923,0.0005380297110967008,0.9999881646963049
1741341979.6431503,2,0.009690123479393712,-0.0005934217252327485,-0.007378701716756519,0.0007801382216144665,-0.004708823364056018,0.00041625763863489086,0.9999885224823631
1741341979.6598988,2,0.009611375316548976,-0.0005964792057380108,-0.007421076444530426,-0.0005454156083785626,-0.004781830003174969,0.0005000610127335711,0.9999882932127848
1741341979.6761844,2,0.009412446905441114,-0.0006031017927729216,-0.007471792215485594,-0.0007203300777179076,-0.004883869241949357,0.0004587505581408411,0.9999877091713337
1741341979.6930718,2,0.009328193605269632,-0.0005990547439241123,-0.007401072289032111,-0.0007034441202915241,-0.004595840812810666,0.0005525937353723746,0.9999890389668062
1741341979.709708,2,0.009396003647472163,-0.0005907386100163987,-0.007285947777990209,0.00039964115210258585,-0.004572089819783404,0.0004705902358261747,0.9999893573565968
1741341979.7266715,2,0.00954594868527681,-0.0005877022175301743,-0.007227052359654079,0.0007143254444750594,-0.0048183312736469665,0.0005733902484075747,0.9999879722509266
1741341979.7431185,2,0.009628058429273263,-0.0005931229482233811,-0.007324851194191391,0.0006063818942018154,-0.004842649098747626,0.0005996244124797011,0.9999879106775584
1741341979.7598205,2,0.009675176659546583,-0.0005971579120671031,-0.007390681134350062,0.0005802563993764109,-0.004702885941859588,0.00046427216653542787,0.9999886652446038
1741341979.7767165,2,0.00953471382464531,-0.0006061114549984329,-0.00751974113192041,-0.00020745516741541765,-0.004787076357484239,0.0004072953699103886,0.9999884374195447
1741341979.7931304,2,0.00949974068146405,-0.0005955417525470418,-0.007384355851274166,-0.00045806560968558133,-0.004768352609415121,0.0005837809754514647,0.9999883560267401
1741341979.8101032,2,0.009362888292272685,-0.0005943955602115609,-0.007368827440189818,-0.0007459651837000844,-0.004542277893884152,0.000541859150305362,0.9999892587603831
1741341979.8265364,2,0.009504987547964298,-0.0005829925343940064,-0.007159219093426045,0.0005201461208576106,-0.004645709309085078,0.00041030222323937266,0.9999889891819379
1741341979.843192,2,0.009585617913717606,-0.0005842684867667699,-0.007171359911113406,0.0007710762846554021,-0.004852038277601213,0.0005858296541562798,0.9999877599098562
1741341979.8599832,2,0.009608012882744241,-0.0005959864410320263,-0.007333974453937598,0.000782571713076725,-0.004769471381300982,0.0006122465755331862,0.9999881323687734
1741341979.8764534,2,0.009686694910286703,-0.0005975227332174588,-0.007366632480387061,0.00037627328830278615,-0.0047256721233334565,0.0005079491549173404,0.9999886341499343
1741341979.8932102,2,0.00966607621585518,-0.0005965684200838822,-0.007369393952036237,-0.00015832086084406925,-0.004797519411128897,0.00046906644224414454,0.9999883692917022
1741341979.9098465,2,0.009485131433381401,-0.0006002674494556156,-0.007425038627555422,-0.0002559375687964456,-0.004801256405028806,0.0004963945579312262,0.9999883179444332
1741341979.926575,2,0.009433259434237508,-0.000590954798893521,-0.00730785867878404,0.00022137466209135853,-0.004810654750536323,0.0005683161859261227,0.9999882427363049
1741341979.9436216,2,0.00943617765519499,-0.0005864750401653461,-0.0072420593336475665,0.00046101590235077196,-0.0045637242075105095,0.00043303187810872355,0.999989386128217
1741341979.9603856,2,0.009528248326550246,-0.000586743391905788,-0.007225297659939727,0.000691135469718524,-0.004736557113801937,0.0005396601695885636,0.9999883979953825
1741341979.9766588,2,0.009667724608057194,-0.0005878518346099288,-0.007244020507097442,0.0007067167622848182,-0.004877923915007869,0.0006679295927297652,0.9999876300633705
1741341979.9932964,2,0.009618058102724578,-0.0006012281644178657,-0.007439779672346958,0.00033784847369335437,-0.0046021032559671335,0.00046728033100093124,0.9999892440187157
1741341980.009956,2,0.009682608050780068,-0.0005952093713325641,-0.0073613868014179755,0.000226248318826033,-0.00475936070262394,0.0004955685158872471,0.9999885257887945
1741341980.0268662,2,0.00943575486194468,-0.0006050087791351048,-0.007501016554708188,-0.0006294847794834358,-0.004807042173213998,0.0005355841747196892,0.9999881045512737
1741341980.043349,2,0.00943894498284965,-0.0005906853579741591,-0.007320339234463837,-0.0003725831643988187,-0.004721762298605047,0.0005888384162226178,0.9999886096410802
1741341980.059955,2,0.009481812341362444,-0.0005820041377769292,-0.007189598273516257,0.0002890126078647534,-0.004617352125742977,0.0004522800845332082,0.9999891959285282
1741341980.076752,2,0.009576140015508557,-0.0005792672911987449,-0.007153326772532403,0.0005906766005409242,-0.0046904073908794796,0.0004760215074639591,0.999988712227886
1741341980.0934267,2,0.009651042633845627,-0.0005876800654535072,-0.00724997709178773,0.0008692769520005193,-0.004801139943277482,0.0004984092417787405,0.9999879724281955
1741341980.1103039,2,0.009717056444034419,-0.0005916794844515442,-0.0073213485863893295,0.00030767365611490563,-0.004740718943594153,0.0005067083847945204,0.999988587018588
1741341980.126696,2,0.009648035249120175,-0.0006006857803219572,-0.007404638816754513,0.00017467562916029825,-0.004715509531674746,0.0004980450783991238,0.9999887426413266
1741341980.143563,2,0.009554271419343788,-0.0005959275473173542,-0.007376427167767453,-0.00032101036389259096,-0.004855419662198431,0.0005281409171653719,0.9999880213879674
1741341980.1601532,2,0.009465337379545866,-0.0005911465578629627,-0.007300674058905428,-0.0007969619102372508,-0.0047920842616568,0.0005407044429693866,0.9999880541380722
1741341980.1768618,2,0.009549158695809782,-0.0005787791230082595,-0.007114623000814541,0.00047801387254380083,-0.004658619653768895,0.00042269837191238966,0.9999889449847661
1741341980.1936305,2,0.009427112603863844,-0.000592080514181856,-0.007323087597365189,0.0004494209505519571,-0.004596152687604426,0.0005360847312722698,0.999989192948825
1741341980.2102618,2,0.009598129579906382,-0.0005890366724193885,-0.007292188655263983,0.001014072560283674,-0.004856535319657418,0.00048407980925942705,0.9999875756169522
1741341980.2268758,2,0.009655498537829819,-0.0005944633122972052,-0.007373832016920263,0.0007186449972643153,-0.00470067633780186,0.0004376910855892766,0.9999885977439186
1741341980.2436407,2,0.009637911750116124,-0.0005984022918639363,-0.007414502517417677,0.00049117933347691,-0.00463388528952479,0.0004933374342650295,0.9999890211738136
1741341980.2602458,2,0.009585306069187853,-0.0005943573685680369,-0.007361397257945006,-0.0004214773472707993,-0.004947140524233559,0.0005772058350861077,0.9999875074174194
1741341980.2770576,2,0.009480150275090613,-0.0005905399364574044,-0.007303911987930695,-0.0005587603530082619,-0.004762349083620834,0.0005415876053512036,0.9999883571826921
1741341980.2934623,2,0.009452377455849299,-0.0005904194304997765,-0.007234203100341535,0.0004844245236851594,-0.004590335532752189,0.0004624425693210117,0.9999892400918361
1741341980.310221,2,0.009506441759917984,-0.0005869360963143646,-0.007215505355536192,0.00046339572583497076,-0.004665086996517329,0.0004927816134268396,0.9999888896352787
1741341980.3270652,2,0.009587746618267157,-0.0005895086223597697,-0.007279942846167053,0.0009288458987511799,-0.004767171476765428,0.0005331917532672185,0.9999880634427403
1741341980.3435614,2,0.00973079519700354,-0.0005913918038298434,-0.007273598808407098,0.0008613869231462068,-0.004776413270637369,0.0004889369465499066,0.9999881023439724
1741341980.3605855,2,0.009632252627453099,-0.0006005149922204322,-0.007425463023054515,0.0002742507404956916,-0.00464739030553402,0.00046582080113281805,0.9999890547205307
1741341980.3769538,2,0.00949987131469093,-0.0006025429829723428,-0.007471513620950246,-0.0003474011220509944,-0.004819520992960895,0.0005473231373270994,0.9999881759137166
1741341980.3937192,2,0.009388208175026044,-0.0005964010295007227,-0.007424070413137907,-0.0002944841974504758,-0.004773941156261383,0.0005763611010533796,0.999988395219052
1741341980.4105759,2,0.009452489138928297,-0.0005865580656868416,-0.007236111871497249,0.00045226255428813567,-0.004583608925607226,0.0004249371183785024,0.9999893026509057
1741341980.4270966,2,0.009485686468314514,-0.0005864416565348605,-0.0072316019041909815,0.0007772889236553232,-0.0046774864235462855,0.00051004050959922,0.9999886283360252
1741341980.444176,2,0.009685248841355345,-0.0005824328771334125,-0.007154983698307848,0.0008267539839823346,-0.0048698532948760745,0.0005496027166926502,0.9999876493955264
1741341980.4613209,2,0.00959940596802146,-0.0006006728362592208,-0.0074160072340165185,0.0006961537401824475,-0.00474306889004124,0.0005334423369343203,0.9999883669857103
1741341980.4773648,2,0.00963020432776298,-0.0006009844796851756,-0.0074249438056308015,0.00011364226116786115,-0.0046292843856396045,0.0005453061762539954,0.9999891296672616
1741341980.4939902,2,0.0095401437926858,-0.000602269956902275,-0.007432573159925738,-0.00047154677130719166,-0.004913359028718086,0.000504911200784197,0.9999876907299292
1741341980.5106125,2,0.009486520678655595,-0.0005931001915712538,-0.007322242182218624,-0.00031171325845306535,-0.004876416527458472,0.0006131497639870899,0.9999878736485069
1741341980.5273418,2,0.009474619479288843,-0.0005880379842699252,-0.007211528112355611,0.0002228493153855745,-0.00464247801664931,0.00046732654186109327,0.9999890896114572
1741341980.5438826,2,0.00948215233983149,-0.0005873085297264443,-0.007230848863259367,0.0007958483392161418,-0.004659875747370027,0.00044351219860023697,0.9999887276766523
1741341980.5605545,2,0.009574043414393605,-0.0005868459136205679,-0.0072696703919892525,0.0008476080952038577,-0.004758286317494441,0.0005251911734717603,0.9999881821532037
1741341980.5774517,2,0.009776103621137698,-0.0005835639304752898,-0.007190819645310584,0.0006236028909594664,-0.004850487281458543,0.0005172330387588362,0.9999879081081684
1741341980.5938365,2,0.009670236898291733,-0.0005957837793473151,-0.007373246065798025,0.00013612811596105484,-0.004674739419033387,0.0006103862374148734,0.9999888777927189
1741341980.6107404,2,0.009502990746061693,-0.0006043817696368959,-0.007486286711701498,-0.0005339505061174345,-0.004869099727919561,0.0005625600927897003,0.9999878450715483
1741341980.627255,2,0.009453143128900724,-0.0005961334998113662,-0.007378382398100829,-0.0005002773387204383,-0.004835020263797974,0.00047710493910336,0.9999880722651195
1741341980.6439219,2,0.009378368128919153,-0.0005966842168198245,-0.007336109437910957,-0.00022873892150485387,-0.004648642134786276,0.0005863411208318479,0.9999889969439156
1741341980.6607127,2,0.009498197681394932,-0.0005855357090194445,-0.007200984272988182,0.0007276068116884477,-0.0046279483188515925,0.0004861328019873936,0.9999889081172774
1741341980.6771967,2,0.009656241400254726,-0.0005813545390965223,-0.00715325274098113,0.0009276618346071772,-0.004857839944535216,0.000471455488472572,0.9999876592060106
1741341980.6941762,2,0.009616569194300172,-0.0005947767873692568,-0.007361053124039491,0.0006159761308631997,-0.004723263095264039,0.0004911793264931661,0.999988534985281
1741341980.7107162,2,0.009614106788331396,-0.000600959882451361,-0.007440328314273853,0.00022797399879562855,-0.004596037444490258,0.00037205691779412635,0.9999893429638712
1741341980.7272973,2,0.00951196268539455,-0.0006031089742665223,-0.00749040013702457,-0.0006095755940854714,-0.004708065802721237,0.000582150123919084,0.999988561752196
1741341980.7441764,2,0.009474423385480284,-0.0005964431256879858,-0.00736785088843487,-4.051782510540859e-05,-0.004809265191629401,0.0004665308428441854,0.9999883257696538
1741341980.7606866,2,0.009382836377444805,-0.0005957854547753654,-0.007341636801922858,-0.00037868655639651056,-0.004631814591872951,0.0005119606212579804,0.9999890703334716
1741341980.7775674,2,0.009453804990073002,-0.0005885188518765996,-0.007246020589462383,0.0006036858219440959,-0.004595737484360496,0.0004748264430921204,0.9999891445912061
1741341980.7940998,2,0.009625583244046302,-0.0005859482829811008,-0.007173090953561614,0.0007198420687016937,-0.004799081636549144,0.0005728313388756024,0.9999880611822819
1741341980.8108528,2,0.00963818496433499,-0.0005983883798545553,-0.007325130367864711,0.0005211039894567088,-0.004764416908444642,0.0005718293176782425,0.9999883508288414
1741341980.8279128,2,0.009587350958916213,-0.0006038736377966948,-0.007469828978627279,4.7333964482331195e-05,-0.004600149827122618,0.0004536245445161093,0.9999893152458361
1741341980.8441756,2,0.009503470851059528,-0.0006037840492926683,-0.007507951015047287,-0.0004178619132004657,-0.004621116928827388,0.0006025706376719278,0.9999890537292787
1741341980.861004,2,0.009472468296062022,-0.0005965563631256281,-0.007387203761588035,-0.0002910497915106792,-0.004826505711783369,0.0005217665731476575,0.9999881738762094
1741341980.8775282,2,0.009457020282925754,-0.0005906058632102999,-0.007265302337953468,-0.00036215646477426924,-0.004650994384242702,0.0004674261964046912,0.9999890092429435
1741341980.8942215,2,0.009442822187528737,-0.0005890299781979395,-0.00725741285426991,0.0006250719644455646,-0.004596398741496978,0.0004916889269178526,0.9999891202636395
1741341980.9110157,2,0.009535011969805508,-0.0005915035365010249,-0.007269296496903801,0.0007253408198045137,-0.004703429374402021,0.0005702603453047238,0.9999885131520031
1741341980.927597,2,0.00961865453154762,-0.0005942585834833646,-0.007333522615649693,0.0006647142647806235,-0.004733049672025875,0.0005517468683621493,0.999988425918591
1741341980.9444404,2,0.009705823105631601,-0.0005929002458125173,-0.007327809007052681,0.00022779978375947406,-0.004670919440606365,0.0004556632191521301,0.9999889614340093
1741341980.9614472,2,0.009519714652816445,-0.0006039003587373654,-0.007495591451984628,-0.0001678664052949437,-0.004701924324965751,0.00054913019812413,0.9999887810293362
1741341980.977577,2,0.00950430503043262,-0.000593840961531979,-0.007366561710228045,-0.0005382627382039932,-0.004860112189244515,0.0004668048508838567,0.999987935765209
1741341980.9945817,2,0.009414293207101578,-0.0005924626681698489,-0.007331678708457786,4.451111559918898e-05,-0.004676649586646829,0.0005124558536267143,0.9999889321169522
1741341981.0110042,2,0.009515932428641984,-0.0005837248880527676,-0.007171781963093526,0.00045589293155978185,-0.004588782236411498,0.0005681321366676567,0.9999892061742951
1741341981.027622,2,0.009606737450682084,-0.0005791809198205975,-0.0071679331369062585,0.0008052785205173264,-0.004776363630671545,0.0004962859666918711,0.9999881457183436
1741341981.0443716,2,0.009610056236547556,-0.0005943275960889527,-0.007328807391767697,0.0007395803525165476,-0.004804739140500934,0.0006138509443677667,0.9999879952727992
1741341981.0609617,2,0.009666381183927207,-0.0005988634808360579,-0.00736915777365587,0.00030862418856112637,-0.004692440255394815,0.0005103132543143928,0.9999888126053923
1741341981.0780363,2,0.009616050239399905,-0.0005990430708220521,-0.007396680415631083,-0.00020496462060233937,-0.0047059798628846265,0.00048269321366418505,0.9999887893123083
1741341981.0944104,2,0.00943926691132648,-0.0006027122632385874,-0.0074566046723841435,-0.00043434604158114223,-0.004730791058121046,0.0004921059084218463,0.9999885943305832
1741341981.1112611,2,0.009459341454972731,-0.0005896465538753554,-0.007280314980190698,0.00023172810725449156,-0.0047870841966807885,0.0005610690580453297,0.9999883575964723
1741341981.1278622,2,0.00945717271794453,-0.0005879001935142275,-0.00723562791189511,0.00047653160608870975,-0.004562954671792391,0.0005001859104619136,0.999989351031473
1741341981.144393,2,0.009590532665666797,-0.0005829022596164206,-0.007178099259018326,0.0006844576186431676,-0.00479721188867829,0.0005079925633793056,0.9999881300392616
1741341981.1612806,2,0.009610748551628504,-0.0005927019895235335,-0.007318451020841542,0.0006780098728905303,-0.004727219182802844,0.0005872391366938229,0.9999884243588054
1741341981.1779044,2,0.009720263679891247,-0.0005914807123329346,-0.007300447554352262,0.0006744131702815623,-0.004699892395053191,0.00034841263670013856,0.9999886673292779
1741341981.194644,2,0.009524835339966694,-0.000603666365351879,-0.007504289043677956,-0.0003043229173576207,-0.00468001408448627,0.00046385334507183316,0.9999888947862396
1741341981.2113712,2,0.00948984121541459,-0.000598223473059407,-0.007415483535834292,-0.00015288520836475306,-0.004864117992084255,0.0004909416367585174,0.9999880379077449
1741341981.2279224,2,0.009402845424734517,-0.0005960003601667589,-0.00736483770786698,-0.0004097089401135814,-0.004692242059800343,0.0004968413176832102,0.9999887840129716
1741341981.2447743,2,0.009456098583499068,-0.000590672566140385,-0.007246954715897946,0.0003256444531054292,-0.004527884682657605,0.0005349069695169256,0.9999895529906923
1741341981.26123,2,0.009557192502856084,-0.0005835364660058451,-0.007205455474424763,0.0007180067652584318,-0.004717007800528272,0.0005255709239232304,0.9999884789730824
1741341981.2780068,2,0.009672653584967264,-0.0005852922264705003,-0.007225217798167265,0.0006304526090867319,-0.004858589713662391,0.0005893668466456114,0.9999878245669904
1741341981.2946925,2,0.009764617750969781,-0.0005860284421665208,-0.007235836828004424,0.0007024460095934591,-0.004758161171393801,0.0004836972399408636,0.9999883161861697
1741341981.3113434,2,0.0095756794707542,-0.0006024067727293129,-0.007453829140338379,-9.791008539495806e-05,-0.004730440996411954,0.00047418149758842376,0.9999886941828402
1741341981.3282447,2,0.009401204382425546,-0.0006049915430639693,-0.007532825887608203,-0.0005816324633311332,-0.0048409677875688875,0.0005556949769903522,0.9999879588963309
1741341981.3447268,2,0.00939179474589284,-0.0005960682635758864,-0.0073930837278716,-0.0006085872153402605,-0.0047049929159787346,0.0005498736413185532,0.9999885950860842
1741341981.3613646,2,0.009476537456793681,-0.0005879814859910713,-0.007217455660412674,0.00029866461738891253,-0.004656355253000598,0.0004693074562513226,0.9999890043924061
1741341981.3782256,2,0.009497510608774847,-0.0005887912218000219,-0.007262353241844017,0.0005260906527903102,-0.004688596140129978,0.0005959544781706816,0.9999886925026301
1741341981.3947043,2,0.00964008504917873,-0.0005904002452668548,-0.007247988958720579,0.0009422613062064492,-0.004819923156554349,0.0004937179168212722,0.9999878182893102
1741341981.411631,2,0.009679692546472699,-0.0005952978955754792,-0.007329599121062207,0.0006950229456671665,-0.004735590247971981,0.0005440233343474222,0.9999883975160512
1741341981.4281352,2,0.009492415998855414,-0.0006098203938576303,-0.007556546774525972,-7.13813206576112e-05,-0.004693919792950345,0.00043220119979881834,0.9999888875501604
1741341981.4447587,2,0.009419892980671744,-0.0006055124304016685,-0.00751763936950127,-0.000688542013168033,-0.004813342682746704,0.0005682338614373745,0.9999880173044041
1741341981.462088,2,0.009456775882056536,-0.0005911912244552679,-0.007322633422548387,-0.0005108671627968977,-0.0047498687342438254,0.0004513145200273602,0.9999884869722018
1741341981.4781816,2,0.009438028662091263,-0.0005910181514599255,-0.007265202038157055,0.00024074904117513338,-0.004578426160765775,0.0004745024796658124,0.9999893773941734
1741341981.4949768,2,0.009478607750026343,-0.0005910883882709316,-0.007277615830308775,0.0004617948243389839,-0.004661742769654233,0.0005441885722117733,0.999988879317509
1741341981.511494,2,0.00959195169673117,-0.0005913994151630718,-0.007292507155082991,0.0009300416367337611,-0.004742873599108245,0.0004947922694228489,0.9999881976069452
1741341981.5281646,2,0.009624623845080756,-0.0005981781667556311,-0.00738379163720655,0.0005108128321320062,-0.004700886348846682,0.0005094060237138059,0.9999886905576927
1741341981.545218,2,0.00958242186995591,-0.0005987654168221495,-0.007450043756539335,-6.212933451183493e-05,-0.004737780403348988,0.0004550252786077249,0.9999886712002248
1741341981.5618193,2,0.009472688867821611,-0.0006030517518900567,-0.007477041416986839,-0.0003753543396762054,-0.004769385705028883,0.0005295044341544042,0.9999884157799882
1741341981.578628,2,0.009427541988040458,-0.0005974211182230563,-0.007377941919522297,-0.00015784637497916822,-0.004725282408322538,0.0005979295781253976,0.9999886445709787
1741341981.5948808,2,0.009380721218909717,-0.0005953553830535719,-0.007339913109196792,-0.00014249076787571025,-0.004622869546995389,0.0005393532230365356,0.9999891588770516
1741341981.611615,2,0.009525264611805459,-0.0005842270336466139,-0.007211867227592986,0.00028312322683602596,-0.004691221370425461,0.0005867632094357267,0.999988783933214
1741341981.6285641,2,0.009599526663749644,-0.0005856868087894547,-0.007264013877021457,0.0009278552315575299,-0.0047657311974760655,0.00054935195979365,0.9999880624803713
1741341981.6450667,2,0.009636480863505593,-0.0005947563004325512,-0.007357821602412762,0.0004989891908562405,-0.004703125789255137,0.000526634277118537,0.9999886770728638
1741341981.6617987,2,0.009555890198454823,-0.0006050276942237698,-0.007483774602489197,-6.672440589947098e-05,-0.0047317181075745614,0.000451093802435472,0.9999887013891634
1741341981.6783876,2,0.009569077067772144,-0.0005979280085232158,-0.007375583000629351,-1.0990084124243504e-05,-0.004748572361532746,0.0004967110564924143,0.9999886020439791
1741341981.694996,2,0.00947095151565914,-0.0005919816851780382,-0.007334934701238347,-0.0004994630145650513,-0.004857228908448677,0.000583520871881069,0.9999879086106092
1741341981.7119584,2,0.009445921912189901,-0.0005893918785962745,-0.0072663986257800834,3.970691306038777e-06,-0.004638088068233879,0.0005339852221594861,0.9999891014321544
1741341981.7283115,2,0.009445689488880638,-0.0005914434637194303,-0.00730004408551761,0.0003873375450533516,-0.00460477400697833,0.0005113880184719645,0.9999891921957283
1741341981.7452693,2,0.009559849151795242,-0.0005916073932933253,-0.0073016004235618975,0.000786730227896246,-0.00480487293630526,0.0005836207068495798,0.9999879767469633
1741341981.7617853,2,0.009599793740800062,-0.0005999267921218474,-0.007390823019150955,0.0006794027202330034,-0.004671195639760077,0.0004539538520047205,0.9999887560713565
1741341981.7784805,2,0.00958749265617758,-0.0006010436312794314,-0.007445115635078301,0.0001593586578346317,-0.004724907235674313,0.0003694996148984596,0.9999887566000265
1741341981.7953374,2,0.009451188283382445,-0.0006050845669177968,-0.007519309649125263,-0.0005038746880977486,-0.004699637757802717,0.0005288087132651498,0.9999886898743351
1741341981.8118207,2,0.009393288965701177,-0.0005986223064292958,-0.0074423181170046185,-0.0007169757835949814,-0.004769004201961471,0.0006056654791645208,0.9999881877872232
1741341981.8284492,2,0.009430778822613482,-0.0005897436018516668,-0.007302599742277114,-0.00012746605914409174,-0.004638325853547236,0.0005155559379546904,0.9999891018844931
1741341981.8452575,2,0.009491878036592055,-0.0005888030216003354,-0.007246217829715628,0.0003357977252965745,-0.0045712785479834215,0.0005047898566302579,0.9999893678632413
1741341981.8618374,2,0.009633450108235374,-0.0005860140490100096,-0.007200079288689568,0.0008061189081981719,-0.00482228331927106,0.0005262289484058837,0.9999879093464021
1741341981.8788233,2,0.009605073537043271,-0.0005968499578348391,-0.007369337669354104,0.0004524102903380624,-0.0047438978847079635,0.0005306525979694438,0.9999885045167313
1741341981.895197,2,0.00958003730466179,-0.0006021803157759013,-0.007456860932212591,0.00022816472862147285,-0.004629347725417995,0.00040655808131793785,0.9999891758369289
1741341981.9118814,2,0.009441236953929337,-0.0006047157225356259,-0.007548134688635747,-0.00035607365497389016,-0.0048332973250979645,0.00048762821601227164,0.9999881372632589
1741341981.9286752,2,0.009420830605739287,-0.0005952861398857033,-0.0074286267658182975,-0.00017032999791097452,-0.004706339946653113,0.0005490728527482678,0.99998875987233
1741341981.9451547,2,0.009403593876500548,-0.0005912086203591939,-0.0073371274870160565,0.00011239988386350808,-0.0046731994881028995,0.0004870696733287002,0.9999889556069825
1741341981.9625623,2,0.009480606215229661,-0.0005860375454284271,-0.007248575221588066,0.00037473932342164365,-0.004584537821923544,0.0004965617044461418,0.999989297447664
1741341981.9787076,2,0.009630225348801962,-0.0005812162897608278,-0.007190771980000534,0.0010076912118370013,-0.004727121864224512,0.000507910843077086,0.9999881903822053
1741341981.9953027,2,0.00963961896317382,-0.0005919465010004466,-0.007324614811752687,0.00047855985219920187,-0.004770365197365269,0.0005800922090667052,0.9999883389767006
1741341982.012074,2,0.009628565761174114,-0.0005948596919833563,-0.007401395517340134,0.0003590762285337772,-0.00470746597165173,0.00042121965587427337,0.9999887666381005
1741341982.0286906,2,0.009446823219116733,-0.0006041453010180781,-0.007549693319420863,-0.000485676008895748,-0.004734127303787678,0.0006031798750478399,0.9999884940995692
1741341982.045355,2,0.009512349968126768,-0.0005906220419096614,-0.007330455949996859,-7.024824218580301e-05,-0.004854759501917056,0.0005014966814596038,0.9999880873672654
1741341982.0619917,2,0.009374043124900465,-0.0005935034118952915,-0.007377485993070412,-4.835417158332922e-05,-0.004598827677494365,0.0005632982973329145,0.999989265512833
1741341982.0788162,2,0.009450646936621293,-0.000589806710283972,-0.0072855502269825595,0.0003410641417687239,-0.004605516363814281,0.0005016461672479425,0.9999892105644924
1741341982.0954452,2,0.00960085458245299,-0.000583335291289689,-0.007218757447298043,0.0008101809248216925,-0.00477297144801636,0.0005240726810530451,0.9999881437788402
1741341982.1120265,2,0.009583074525097034,-0.0005928713025748834,-0.00738058282585786,0.0004919253018439137,-0.00476622892751639,0.0005877466178373102,0.999988347744723
1741341982.128934,2,0.009623840718055159,-0.0005961471037371765,-0.007398745459156754,0.0004227578176109321,-0.004715939229128929,0.00045170486780869614,0.9999886885138887
1741341982.1453896,2,0.00949790134567137,-0.0006021400850082065,-0.007497286675880928,-0.0004683809387942165,-0.004756230452477872,0.0005117976462042681,0.9999884484104545
1741341982.1620717,2,0.00937631911161273,-0.0006050093703756388,-0.007508438193351684,-0.0007185946709333237,-0.004782346628952803,0.000583266428975836,0.9999881362209715
1741341982.1787906,2,0.009370637051930555,-0.0005972147619525259,-0.007388479850018579,-0.00014509839547795193,-0.004628141675969348,0.0005972535080538987,0.9999891012102731
1741341982.195446,2,0.009464189213769658,-0.0005892145911505276,-0.007264889721808535,0.00027733301115137745,-0.004622376482365761,0.0005184366540800246,0.9999891439138185
1741341982.212421,2,0.009559890300518525,-0.000585209756994361,-0.007247875610332096,0.0006240294387733314,-0.004682167431977796,0.0005521476796803499,0.9999886914502275
1741341982.2289643,2,0.009548527421849357,-0.0005950855228344297,-0.007402737456214505,0.0008256369874074776,-0.004727692397883691,0.0005502785044811998,0.9999883321527925
1741341982.2455626,2,0.009601461613425098,-0.0005964314801753723,-0.007419839701766615,0.0003826283440042905,-0.004662824847760531,0.0004782192933093426,0.9999889414220023
1741341982.262379,2,0.009432858750447696,-0.0006059742551124929,-0.007581855849634151,-0.0005708761994871634,-0.00463300037040769,0.0005665145416098758,0.9999889441734877
1741341982.2788794,2,0.009391639533360766,-0.000599902709100339,-0.0074984817660290175,-0.000638703080424818,-0.004776560987199657,0.0005071483118207357,0.9999882595931315
1741341982.2958126,2,0.009401016019724432,-0.0005898957040899391,-0.007361732960805225,-4.360971449431297e-05,-0.004592699237111252,0.0005378493525415506,0.9999893079078317
1741341982.312308,2,0.009495575376756844,-0.0005842094889957889,-0.007226525094689327,0.00034440375250842836,-0.004665633544893558,0.0005411423607212082,0.9999889101458204
1741341982.3289533,2,0.009558157108336504,-0.0005873270118835872,-0.0072420308078489995,0.0006912126207873861,-0.004769934560719103,0.0005665142504844597,0.9999882244361697
1741341982.345835,2,0.009558696170064253,-0.0005965594974090377,-0.00738228365346962,0.000802388745949796,-0.0047282360180740494,0.0005136815594915245,0.9999883679762046
1741341982.3623838,2,0.009645325113883286,-0.0005962566975969114,-0.0073632762576178925,0.00043915379399414367,-0.0046949254221444105,0.0004326387073153787,0.9999887887586414
1741341982.3791502,2,0.009459592263500287,-0.0006030665443059502,-0.007552227102891633,-0.00045937547262275743,-0.004630610939206755,0.0005911709970617523,0.999988998406161
1741341982.395764,2,0.009405389474548049,-0.0005972317979697516,-0.007492292640220011,-0.00037736285338989793,-0.0047788031242312545,0.0005271806021652944,0.9999883712916814
1741341982.412581,2,0.009404104890802213,-0.0005908372244325311,-0.007368447799483858,-0.00041846308828027843,-0.004628396015764568,0.0004331200422260006,0.9999891075636744
1741341982.4292514,2,0.009337708324192142,-0.0005966806757013647,-0.007411603962369154,0.0003334714396586811,-0.004528724528071273,0.0005243889559498533,0.9999895521790068
1741341982.4457076,2,0.009600628407924802,-0.0005802092522829207,-0.007182262069936531,0.0007684083649743165,-0.00476045669564321,0.0005543357862636631,0.9999882200868516
1741341982.463251,2,0.009558367020710593,-0.0005934306930531076,-0.007362609008604685,0.0006791477160255461,-0.004697216889314868,0.0004746848169728956,0.9999886247284011
1741341982.4791327,2,0.009671040572927945,-0.0005925311321863112,-0.007324670591946547,0.0003975808241005773,-0.004674413002285172,0.000502169337746115,0.9999888697473229
1741341982.4957664,2,0.009503777597632943,-0.0006027182469769463,-0.0075052092965338015,-0.0003549843601687957,-0.004595256119048829,0.0005028438495833082,0.9999892523199274
1741341982.5126367,2,0.00949594449015472,-0.0005961467012008883,-0.007404681368682612,8.390782398509444e-05,-0.004707529306018823,0.0004891478260410957,0.9999887963680965
1741341982.5291092,2,0.009295861313501148,-0.0006007766207052944,-0.007505677965337202,-0.0007930727534513519,-0.004596401169774173,0.0005881942785027383,0.9999889490186303
1741341982.5457776,2,0.00939281932122501,-0.0005906062201751804,-0.0073438969801749784,0.0001363733702059986,-0.004656143610012192,0.00048108093682442174,0.9999890350849449
1741341982.562608,2,0.009488058101095896,-0.0005881178016254708,-0.007295577895460863,0.0006544332476296389,-0.004687875747404274,0.0005127912760181073,0.9999886662273771
1741341982.5792263,2,0.009640041170498048,-0.0005854626565657053,-0.0072517352714342965,0.0010014827035241076,-0.004779435551568241,0.0004818800716823229,0.999987960837429
1741341982.596282,2,0.009569436310792155,-0.0006008536270338847,-0.007439824011623582,0.00038717849167740545,-0.00470835862520596,0.0005364181164382491,0.9999886967898569
1741341982.6126397,2,0.009497569454487488,-0.0006017715342829359,-0.007519807281794946,-0.00023370439353886745,-0.004642173754342604,0.0005453356015417983,0.9999890490471246
1741341982.6292408,2,0.009371912913113548,-0.0006047109133903292,-0.007562082021082609,-0.0005311716838216247,-0.004712245951091941,0.0005403790194241836,0.9999886102277636
1741341982.6460514,2,0.009379442629793424,-0.0005966434632945816,-0.007417940628282985,-0.0006924278869321586,-0.00461320371524305,0.0004856072927397518,0.9999890014798464
1741341982.6626441,2,0.009431558683106661,-0.0005891643622379463,-0.007298536011454025,0.00019834947796979664,-0.004651907470921275,0.0005242561402765328,0.9999890227246826
1741341982.6794133,2,0.009527327057969954,-0.0005869062398011645,-0.007243643193364331,0.0006325373754652717,-0.004717393996931875,0.0005625252545264283,0.9999885147618868
1741341982.6960378,2,0.009586075814629997,-0.0005878961823860956,-0.007310315342379857,0.0009581993449468631,-0.0047579131315800055,0.0004853097477673827,0.9999881042247935
1741341982.7125804,2,0.009604409586035319,-0.0005943124076946463,-0.007396405105004916,0.0005324039100384371,-0.004720581979862153,0.0004432896335513119,0.9999886180082995
1741341982.7293885,2,0.00953874431098809,-0.0005959839488268205,-0.007475011364238947,-2.357273451571875e-05,-0.004726648507206007,0.00045714931765760965,0.9999887245627906
1741341982.7460518,2,0.00936043914200144,-0.0006055724355998822,-0.007584133986207201,-0.0007091874075436953,-0.00472605665174333,0.0005688439796570975,0.9999884188620748
1741341982.762869,2,0.009466451100400647,-0.0005893993834376443,-0.007326146184421764,-0.00011654345519382188,-0.004647102114291148,0.0004899952517992956,0.9999890753224335
1741341982.7794435,2,0.009407176678066993,-0.0005931278201437092,-0.0073343592612745995,-2.4840481652942525e-05,-0.00468054246562204,0.0005513159464820477,0.99998889391628
1741341982.796088,2,0.00951771333437443,-0.0005863424685110964,-0.00725010070250733,0.0007147832638723105,-0.004777099835603685,0.000548068909905025,0.9999881839414486
1741341982.8128674,2,0.009562843970197075,-0.0005875636214212156,-0.00732394105476037,0.0010536555783263262,-0.004740596676720966,0.00045800740340540665,0.9999881033203791
1741341982.8293834,2,0.009541872000511082,-0.0005963525287740458,-0.007456553656370597,0.00042899822577331187,-0.004688104223039614,0.00048047359874187876,0.9999888033295359
1741341982.8463082,2,0.009582007868989117,-0.0005944854144568528,-0.007427161673772914,0.0002822293188100015,-0.004636367282299143,0.0005232288952770927,0.9999890752786045
1741341982.8628058,2,0.009455978136809443,-0.0005997958278236709,-0.007483665170673342,-0.0006155611476749002,-0.004749225238284898,0.0004796406454668281,0.9999884178774076
1741341982.8794823,2,0.009413245911249082,-0.0005942342739411257,-0.007401838579272622,-0.0004898702528561018,-0.004797006022741678,0.0005775890298449114,0.9999882075061015
1741341982.8963072,2,0.00943222168566867,-0.000585284228381717,-0.0073045075028455595,0.0002367720356511224,-0.004641609847812249,0.0004901251622870227,0.9999890795275462
1741341982.9128273,2,0.009481767812058487,-0.0005840285635265299,-0.007283392592310224,0.0007478550843657052,-0.004639467185399319,0.0004946361865580509,0.9999888356337041
1741341982.9296713,2,0.009651833234303747,-0.000578405050964803,-0.007207592910073594,0.0009213564925541045,-0.004759599570935046,0.0005654442141715292,0.9999880887225501
1741341982.946201,2,0.009630058797236187,-0.0005936052028548292,-0.007351341369578492,0.0004919404478321425,-0.00471621644412173,0.0005440231700676177,0.9999886096030487
1741341982.9635427,2,0.009572337069068815,-0.0006014417421692646,-0.007440319524874625,5.348809738154247e-05,-0.0046062501948600405,0.0005101307464660266,0.9999892596247159
1741341982.979711,2,0.009433887895957298,-0.0006049871725879557,-0.0075207820437427665,-0.0004583215797434538,-0.00480490326734908,0.0005396993030737262,0.999988205715739
1741341982.9962687,2,0.009419689221085208,-0.0005952325218619115,-0.0074027232009585015,-0.0007297876103420725,-0.004763942124348,0.000592687822003132,0.9999882104238156
1741341983.013047,2,0.009405848500838272,-0.0005897185263047334,-0.007339088140276913,0.00030246770385982356,-0.004597511455526887,0.0004926913435021784,0.9999892642708442
1741341983.0297577,2,0.009493251539170302,-0.0005821188474143343,-0.007266107313191128,0.0008596658267109183,-0.004683784586725047,0.0004594703702879969,0.999988555946312
1741341983.0464318,2,0.009724562995755411,-0.0005724639239966502,-0.0071123638939736295,0.0009325409238067912,-0.004807053011854579,0.0004955846861385017,0.9999878884289477
1741341983.0630527,2,0.009552250302823929,-0.0005974672275905127,-0.007425775188581982,0.00042871882077536366,-0.0046770913297668705,0.00048327813790610756,0.9999888536674333
1741341983.0797298,2,0.009585224955987957,-0.0005962164481023404,-0.007416383705500575,4.6209534862055e-05,-0.004679339601669468,0.0005065348338686792,0.9999889224726608
1741341983.0964956,2,0.009565433400738491,-0.0005941136759968659,-0.007372363624927178,-0.0004351142630057615,-0.004867895043466292,0.0004957534702358695,0.9999879341781682
1741341983.1130822,2,0.009455657471653747,-0.0005936442725315993,-0.0073744615102720335,-0.00043273237745953245,-0.004827432565454895,0.0005290437445294264,0.999988114304481
1741341983.1297843,2,0.009412428342422684,-0.0005914716150709487,-0.007341593307943432,-0.0001244703594488917,-0.0045564739411239055,0.0005697603489280094,0.999989449157089
1741341983.146689,2,0.009521558677852286,-0.0005839973637159304,-0.007228135640423801,0.0003540802651369729,-0.004673234820787366,0.0005734337744972846,0.9999888532764661
1741341983.16309,2,0.009548868593022052,-0.0005876378450490052,-0.0073002343915604395,0.0008392781342486123,-0.004756585725387046,0.0005542122599473089,0.9999881816067735
1741341983.1800003,2,0.00956945008612881,-0.000596110467120298,-0.007397665599382667,0.0005887878445684785,-0.0046784007211126515,0.0005411766145075854,0.9999887364482856
1741341983.1965456,2,0.009599180843680465,-0.0005953796946376467,-0.007406963999551982,5.762622767499874e-05,-0.004621436928285274,0.0005720224120491803,0.99998915583635
1741341983.213177,2,0.009438584226545666,-0.0006050838839162711,-0.007536531827796783,-0.0004020421573466465,-0.0046981551512708134,0.000505191347628162,0.9999887551777672
1741341983.2300198,2,0.00946778722779824,-0.0005936069914246018,-0.007376201686320514,9.689425840954918e-07,-0.004703073131447769,0.00047880168169152864,0.9999888258631349
1741341983.2465053,2,0.009501042955879418,-0.0005849480005564486,-0.0072364571275476,-3.97842894878431e-06,-0.00464205628369669,0.0005695621548390698,0.9999890633884868
1741341983.2632992,2,0.009467495903023494,-0.0005876635490104464,-0.007276882067080592,0.00013372046489984766,-0.004638138350524424,0.0005567468423207859,0.9999890798525913
1741341983.279954,2,0.009640795914830004,-0.0005808035542233453,-0.007181333615972235,0.0009227137573080069,-0.004734078117946828,0.0004939066303933802,0.9999882465108956
1741341983.2970104,2,0.00960898366795521,-0.0005921917657295862,-0.007344804293975529,0.0006244252166110078,-0.004703172331363749,0.000598995575976974,0.9999885656683631
1741341983.313424,2,0.009584750302144038,-0.0005975758473945757,-0.007425886536719514,0.0001454612751417532,-0.004699849221195617,0.0004708076999402207,0.9999888342368753
1741341983.3300462,2,0.009452996643507608,-0.0006005704836964294,-0.007520391600977588,-0.0003444227517412944,-0.0046869238573523835,0.00039461782218662504,0.9999888791354121
1741341983.346683,2,0.009560588690002892,-0.0005829911142638463,-0.007270641246134673,-9.987200015696909e-05,-0.004760173438003446,0.0004546076925149437,0.9999885619877207
1741341983.3634636,2,0.009476093582517824,-0.0005857172697705407,-0.007271891072482651,3.802531448030479e-05,-0.004641755584707428,0.0004881845111148988,0.9999891071081977
1741341983.380015,2,0.009528549768177914,-0.0005827727229109038,-0.007210800179642782,0.000261032503991977,-0.004590903699305023,0.00047983812385697124,0.9999893125532044
1741341983.3967614,2,0.00956043989974641,-0.0005872641145464475,-0.0072679836153347385,0.0006730854271995579,-0.004647717456019848,0.0005984974540864137,0.9999887936768362
1741341983.4132867,2,0.009595356185773557,-0.0005915484542843428,-0.007345181095589534,0.0005988797724597979,-0.004670714989239564,0.0005960257169772521,0.9999887351954782
1741341983.4300814,2,0.009553582366014052,-0.0005978822728825779,-0.007453013914572375,-5.6884771695226796e-05,-0.004588656548820219,0.0005723953296861666,0.999989306622219
1741341983.4469264,2,0.009498037189260565,-0.0006008690927276574,-0.007473633456398064,-0.0003445447121124134,-0.004718461321791116,0.00047104070878743834,0.9999886977023025
1741341983.4639802,2,0.00934243828177426,-0.000604617323392393,-0.007544094340484844,-0.0005950440799937086,-0.004637694633134942,0.0005280997070766811,0.9999889293495864
1741341983.4802792,2,0.009454337874388406,-0.0005915928158887323,-0.007310194001039451,-0.0004470096821187897,-0.004643982440072753,0.0004824484035250255,0.9999890003659931
1741341983.4967606,2,0.009479888861504174,-0.0005828484506549286,-0.007261870735819564,0.0002873349290891937,-0.004584450463014445,0.00044034876271767897,0.9999893531161009
1741341983.5134344,2,0.009562428968641937,-0.0005816283978983549,-0.007250533794676456,0.0006195890499033861,-0.004684795763601355,0.0005538091497355506,0.999988680982684
1741341983.5303013,2,0.009664769161722112,-0.0005837099373492188,-0.007253122726761249,0.0009916315984306032,-0.00474105178974393,0.00047227764221837175,0.9999881579541473
1741341983.546816,2,0.009617844965803323,-0.0005939379387550348,-0.007380161863957433,0.0001965175417390287,-0.004687635121352066,0.000492270024175502,0.9999888725021135
1741341983.5636873,2,0.00951136392036912,-0.0005994984386518018,-0.007469302899571194,-0.00033056150914371823,-0.004666092335920612,0.0005264265748303363,0.9999889205318541
1741341983.5802634,2,0.00942914389176237,-0.0005977031691487578,-0.007450018395908327,-0.0009011378356006492,-0.004760066334695766,0.0005131106975535141,0.9999881331478402
1741341983.5968728,2,0.00943773686827209,-0.0005881147988982309,-0.007329289208230238,-0.0003133853839864946,-0.004622855911914832,0.00040473193403455746,0.9999891835339422
1741341983.6136723,2,0.009470484659852053,-0.0005852642411780859,-0.0072696137574586464,0.00018488421434410812,-0.00457358895333665,0.0004955273953742602,0.9999894012210897
1741341983.630305,2,0.009679399882937445,-0.0005756829549194219,-0.007109517170712833,0.0006868002999165534,-0.00477278412768541,0.0006326275969236474,0.9999881742397468
1741341983.6469564,2,0.009641203540178452,-0.0005850985507194208,-0.007273651501308791,0.0007883130099880852,-0.00469636693561038,0.000526507192672065,0.9999885226793258
1741341983.6636932,2,0.009576486928335534,-0.0005936538407575189,-0.007420596515143791,0.0001082388287829132,-0.004600358668039339,0.0005060808379204581,0.9999892843759212
1741341983.6803596,2,0.009606544103536684,-0.0005899629058357983,-0.00735539805357332,-0.00017825353469131384,-0.004708695960869711,0.0005355656347727401,0.9999887547255101
1741341983.6973357,2,0.009446150403835922,-0.0005967151134754396,-0.007436834427974285,-0.0006172004432196857,-0.004707388722505343,0.000518047696195185,0.9999885955257752
1741341983.7140589,2,0.009506307778527562,-0.0005866187555901782,-0.0072660577291696685,-0.00043443111838318123,-0.004708873853484077,0.0005367472723546951,0.9999886747753701
1741341983.730748,2,0.009548741774669302,-0.0005839306678570254,-0.007186381592011181,5.647859639755356e-05,-0.004634884989071824,0.000525414204671724,0.9999891192364144
1741341983.7472162,2,0.009522770287899787,-0.0005871338396849768,-0.007281702259670764,0.0006023350237095137,-0.004648320498139621,0.0005434888728204497,0.999988867402488
1741341983.7637866,2,0.009578239959684678,-0.0005894245410702167,-0.0073316040087862125,0.0007518391989628828,-0.00470170209832884,0.0005161482037352126,0.9999885310973466
1741341983.780769,2,0.009583499233186032,-0.0005934452115526026,-0.007407892704559924,0.0003827223843959355,-0.0046692464943162,0.00047101872019028287,0.999988914839618
1741341983.7970805,2,0.009597816961363867,-0.0005919733919581358,-0.007378602706799955,-0.0001983962615723411,-0.004668381993916913,0.00047888467150565013,0.999988968698132
1741341983.813984,2,0.009496986973719476,-0.0005924978092310396,-0.007397906922439711,0.00017481861958356168,-0.004614115896782922,0.00046059509416680256,0.999989233554592
1741341983.8305464,2,0.009430151099391751,-0.0005919983047949829,-0.007362261178029189,-0.000374112943716078,-0.004601208680531307,0.00055222185073169,0.9999891919261984
1741341983.8473396,2,0.00946785448847633,-0.0005852783465991224,-0.007276119468112357,6.037222867244559e-05,-0.004523986285790992,0.0004935731140334514,0.9999896430907979
1741341983.8642983,2,0.009675057877793774,-0.0005720638059413225,-0.007092004819555481,0.0007383253233156329,-0.0046766189224825404,0.0004837422888230338,0.9999886749881566
1741341983.8804843,2,0.009732213641266493,-0.0005768928342438792,-0.00714554698123238,0.0008350766816014683,-0.004768612424358404,0.0005835261704887049,0.9999881111691732
1741341983.8972917,2,0.009646462681412112,-0.0005934991152537587,-0.007334991083756645,0.00035730556077484755,-0.004641072950361732,0.000503157966864024,0.9999890397432694
1741341983.913852,2,0.00955177456711501,-0.0005979947050338298,-0.0074354934904896355,-0.00041512309019760794,-0.004685608697339095,0.0006114145963798512,0.9999887493947853
1741341983.9304078,2,0.00948882958054827,-0.0005940737343342166,-0.007408885788784365,-0.00020328243531016733,-0.004721004325447142,0.00048718728480294683,0.9999887166578231
1741341983.9474132,2,0.009488941661944032,-0.0005858422895002303,-0.007294148892830189,-0.00031880504829227986,-0.004612759373766123,0.0005345052191037215,0.9999891675005643
1741341983.9643621,2,0.009518072233302935,-0.0005809270874293712,-0.0072162603139522994,0.00015158709708318937,-0.004550581322427971,0.0004496945048417756,0.9999895334481418
1741341983.980641,2,0.009540140029830502,-0.0005842226487646072,-0.007247188948376938,0.0006073815424957881,-0.004558549387955491,0.0005069606171460581,0.9999892967957567
1741341983.9973674,2,0.009574190108059284,-0.000588972240706501,-0.007318927570080567,0.0008330357922973557,-0.004697535167035244,0.0005717435992309715,0.999988456095359
1741341984.0139122,2,0.009560845479161815,-0.0005949136472595249,-0.007416913659396342,0.00043406676705551187,-0.00461525357087302,0.0005407675145204785,0.9999891092362023
1741341984.030784,2,0.009586373462956254,-0.0005931632400451325,-0.007388772750281264,-0.0002124287114387009,-0.004627316271034383,0.0005927795144090402,0.9999890956558565
1741341984.047371,2,0.009488756286693673,-0.0005941879892318419,-0.007420697268738332,-0.00034227599818269607,-0.004676416336177471,0.0004959795999390629,0.9999888839290306
1741341984.064138,2,0.009567950115908488,-0.00058019801224696,-0.007216532061369004,-0.00027190140205651743,-0.004682855651832035,0.0004519990993839028,0.9999888962530463
1741341984.0807018,2,0.009496408491830052,-0.0005833317588380441,-0.007245370592665965,0.00022201785792053547,-0.004590859482878987,0.00046744563303065414,0.9999893280489844
1741341984.0971627,2,0.009662072402327034,-0.0005724985785894959,-0.00709296323338693,0.00047543557335650194,-0.0047016549401553255,0.0004606040454842937,0.9999887280593479
1741341984.1140764,2,0.00975966575693979,-0.0005715983006059921,-0.007086628472900703,0.0009200356933969108,-0.0047234219363525886,0.0004624395288228872,0.9999883144163316
1741341984.13066,2,0.009613337756487433,-0.0005904645501903948,-0.007355384191367416,0.0003960915202783005,-0.004665655664641962,0.0005695640863186828,0.9999888751208577
1741341984.1472838,2,0.009529868516923763,-0.0005983903584386377,-0.0074687595508517194,-0.0002219575977028117,-0.004636516197533798,0.0005340967264285051,0.9999890840369517
1741341984.1641583,2,0.009520147314937341,-0.0005916989222219178,-0.007397845588712368,-0.00042030897732537795,-0.004811388492465664,0.0005132754033665188,0.9999882051451898
1741341984.180709,2,0.009526201642517223,-0.0005841692203601429,-0.0072771371613308804,-0.0005274572243180942,-0.004791438994767282,0.0004890522880323935,0.999988262295661
1741341984.1976414,2,0.009533413537335658,-0.0005813870041554384,-0.0071998529383386165,4.594231600771982e-05,-0.0046058638946831435,0.0003823650621277629,0.9999893187949791
1741341984.214136,2,0.009554604172081961,-0.0005827334126902346,-0.007209425914326725,0.0006406045336634622,-0.004654209300400444,0.0004803713709613848,0.9999888485403051
1741341984.2308023,2,0.009609213354904184,-0.0005862527423059924,-0.007259127052470704,0.0008143061237767346,-0.0046795997291642156,0.0005484509408467056,0.9999885686614008
1741341984.2477033,2,0.0096258656465124,-0.0005896823500203837,-0.007341251788447157,0.0003984398286327651,-0.004669978039605842,0.0005745971360986995,0.9999888511323233
1741341984.264098,2,0.009441080360016658,-0.0006014236403415049,-0.0075767478354644945,-5.136764772496699e-05,-0.0045022207898793385,0.0005674778780768865,0.9999897026160729
1741341984.2810369,2,0.009482982720293924,-0.0005937848201478488,-0.007451974774879482,-0.000350562566172644,-0.00476054985705983,0.0004748789773607134,0.999988494314261
1741341984.2975118,2,0.00955265168805959,-0.0005815886505646491,-0.007257735692482389,-0.00044349091268304405,-0.0047388384603206405,0.0004490729322272669,0.9999885724643852
1741341984.3143446,2,0.009507578972715914,-0.000583500244926392,-0.007243599437528231,8.875792092847137e-05,-0.0046187909726217915,0.0004231308164164685,0.9999892398682573
1741341984.3311915,2,0.009542334218023755,-0.0005838360760281464,-0.0072309159130459705,0.0005520666503799348,-0.0046579524263629535,0.0005037466946950849,0.9999888724085257
1741341984.3476598,2,0.009566159600667189,-0.0005854724935936603,-0.007305872048862267,0.0007729824626385814,-0.004632374084915982,0.0005765984697738602,0.9999888055086689
1741341984.3643785,2,0.009608512499422961,-0.0005874622585885519,-0.007357315881116219,0.0003886946121664595,-0.004711001372221371,0.0005634524102210124,0.9999886688877784
1741341984.3810532,2,0.009488816742529348,-0.0005995906996663203,-0.007523418893152584,9.05031728581353e-05,-0.00458147106608425,0.00037593063783024534,0.9999894302482412
1741341984.3979015,2,0.009536182655161617,-0.00058874629550841,-0.007408935547356233,-0.0001646241744291202,-0.004734968365533092,0.0005094994727040104,0.9999886466274234
1741341984.4145138,2,0.009546699555053316,-0.0005815574821793394,-0.0072858017959227,1.8015769114601392e-05,-0.004783657916961729,0.0005043026449961996,0.9999884309186821
1741341984.4311037,2,0.009437260366806593,-0.0005832585825243796,-0.00733736263733349,-0.0002887638223209367,-0.0046315321576718355,0.0005738738937731275,0.9999890680372867
1741341984.447905,2,0.009424322038889427,-0.0005838439779650113,-0.007370926213840972,0.00036994633739379206,-0.004568911194853076,0.0005032570806563454,0.9999893674047298
1741341984.465176,2,0.009690989034720106,-0.0005698596260619201,-0.007158803822997814,0.0008755647805016119,-0.004719632013171189,0.000516328657551848,0.9999883458644369
1741341984.4810944,2,0.009613290856827815,-0.000589191241814988,-0.0073587880572874844,0.0005164316984280565,-0.004732417877453307,0.0004303207793217175,0.9999885761064278
1741341984.4980688,2,0.009600955073366866,-0.0005916623276754738,-0.0074059954432687935,0.00034308437774239564,-0.00464332933057532,0.00041504451340223,0.9999890747022637
1741341984.514481,2,0.009469694296825312,-0.0005963422956441212,-0.007502545292158863,-0.00035002366519244814,-0.004750760908416555,0.00043130954969369415,0.9999885607977209
1741341984.53117,2,0.009549905408467802,-0.0005814327092298225,-0.007297847793637862,-0.0003436177717881066,-0.004729834511815729,0.0004467490634616892,0.9999886554394466
1741341984.5479004,2,0.009555128174973653,-0.0005743978128567382,-0.0072175200732060175,-6.149189018490197e-05,-0.004708437016081352,0.0004947451387986462,0.9999887909706091
1741341984.5644615,2,0.009512266441172451,-0.0005776979944289107,-0.007278063311753951,0.00038666061975059886,-0.004607073007377149,0.00043045079742455626,0.9999892199838861
1741341984.5813875,2,0.009610591111780805,-0.00057927624149625,-0.007257845651168741,0.0008345211434026015,-0.004667071244479616,0.0005350995817221388,0.9999886177796715
1741341984.5978217,2,0.009684748776520643,-0.0005812121326071752,-0.007275499051710935,0.000623455881442364,-0.004763021408148432,0.0004361540643432166,0.9999883672820707
1741341984.6145797,2,0.009589044853807672,-0.0005900822029395058,-0.007423584890184096,0.0003623238146636287,-0.004620896588029263,0.0005004938129213999,0.9999891327120106
1741341984.6312842,2,0.009626804420024145,-0.0005868555867628285,-0.007341810869044064,-0.0001469991187290747,-0.00479501542807122,0.0004845845498372933,0.9999883756304958
1741341984.6479113,2,0.009529720399607563,-0.0005887116179995309,-0.007351453277497031,-0.00015360551972395375,-0.004662622602798597,0.0003753781312635117,0.9999890476635565
1741341984.6648755,2,0.009549998995729536,-0.0005796738191843022,-0.007246063926022862,-4.833358174375625e-05,-0.00462372873231345,0.0004476680731975285,0.9999892091366641
1741341984.6812465,2,0.009573727263830035,-0.0005769925879362947,-0.00721802909026666,0.00023579029676898912,-0.00461850380904984,0.0005853668534000909,0.9999891355265559
1741341984.6979709,2,0.009596986752122127,-0.0005796527319652594,-0.00726945879169957,0.0008178177667612763,-0.004693945052904597,0.0004384032789042199,0.9999885528627344
1741341984.7147803,2,0.009666674976663108,-0.0005814074616176728,-0.007294944754871448,0.0004864342893938784,-0.004680115517515976,0.0005061479409041511,0.9999888017946436
1741341984.731316,2,0.009683293013845537,-0.0005816338506635439,-0.007329260692930785,0.0004583236905857241,-0.004765684840867308,0.00047903005832249226,0.9999884242917991
1741341984.7481194,2,0.009589207667978855,-0.0005873607983730895,-0.007405161136444648,-0.00023163424615169325,-0.004631615168867804,0.0005208251357767835,0.9999891115545616
1741341984.7646956,2,0.009461298208454759,-0.0005906148508617275,-0.007452732033568929,-0.0001440083270412216,-0.004791801128395208,0.00048163225243249614,0.9999883928995982
1741341984.781325,2,0.009521334130898115,-0.0005793150135828926,-0.007280954231520928,-7.255695858735262e-05,-0.004627764443858275,0.00045887029673305594,0.9999891839264017
1741341984.7981315,2,0.009624394356439171,-0.0005726074908930644,-0.007151290619284532,0.00030924410036262443,-0.0046074123732002675,0.00033609613063914325,0.9999892815219075
1741341984.8148196,2,0.009659246196642773,-0.0005762185917190523,-0.007188160331421194,0.000763158922281721,-0.004760384329798461,0.0005527105002587871,0.9999882253509763
1741341984.8316894,2,0.00959028195992694,-0.0005872298220256562,-0.007375393204528667,0.0004807079619241778,-0.004640649331245401,0.0005614974892740361,0.9999889589461523
1741341984.8481672,2,0.009685607144430895,-0.000583191792880446,-0.007321123316661451,0.00046608646121491234,-0.004702933245392391,0.00039309471132781233,0.9999887552662019
1741341984.864843,2,0.009557032594974283,-0.000590271086069856,-0.007437501075614832,-0.00022612715605882993,-0.00469286242613222,0.00047931394560958985,0.9999888480212669
1741341984.881928,2,0.00958530425793935,-0.0005812843011255865,-0.007304096180996489,6.120532675781683e-05,-0.004755043367215438,0.0005283412066190996,0.9999885532705128
1741341984.898379,2,0.009547296260308797,-0.0005767213225968311,-0.0072463305015906775,-0.00013655175831512017,-0.004681580192190743,0.0004615685617713221,0.9999889254961697
1741341984.9152117,2,0.00947020383571065,-0.0005824910400547962,-0.007324393748493462,0.0002326764682288257,-0.004608870670470221,0.00046416195619018453,0.9999892443053987
1741341984.9318235,2,0.009616022628534929,-0.0005757620890795099,-0.007228069653131062,0.0006388529324592464,-0.004737722791651225,0.0005408232179766469,0.9999884266129918
1741341984.9483087,2,0.009586553707465575,-0.0005858911309718831,-0.0073658451498381265,0.0005706763585859956,-0.00468670795345691,0.00046946072725889074,0.9999887442884937
1741341984.9655285,2,0.00959297860741237,-0.0005898802735584298,-0.007416048704914012,0.00016962890269383064,-0.004653227542184569,0.0005221426729441611,0.999989022973005
1741341984.981593,2,0.009538083402684333,-0.0005938437400037369,-0.007459000550950492,-7.716649761116683e-05,-0.0046832546660233645,0.000545102454539655,0.999988881955384
1741341984.9983795,2,0.009484056771485262,-0.0005919748811858636,-0.007425775382845261,-9.047118296497536e-05,-0.004773621943546175,0.0005182165148344794,0.9999884678335791
1741341985.015114,2,0.009533217107651846,-0.0005794732479383912,-0.007268838006037607,-0.0002485424116240362,-0.004653697860954339,0.00048735170247056616,0.9999890218453433
1741341985.031618,2,0.009499435042957043,-0.000580060841746367,-0.007283468207069651,0.000299075001192101,-0.004630458961142556,0.0004940535229176549,0.999989112598267
1741341985.0485156,2,0.009694992218810714,-0.0005683916860965474,-0.007113657309086498,0.00067251827886987,-0.004750936089809815,0.0004696373261762443,0.9999883778155709
1741341985.065009,2,0.009607221394066452,-0.000582175189911541,-0.007315392676695993,0.0008310320193858081,-0.0047070415962688055,0.0004395306802425033,0.9999884799126313
1741341985.0817006,2,0.009575569841852394,-0.0005892343373320567,-0.007422499543430249,0.0003132493010232553,-0.004594131813686141,0.00045458094487039596,0.9999892945346557
1741341985.098417,2,0.009610648100066023,-0.0005851737571714033,-0.00736568730560202,-0.0001316666909081464,-0.004707880208728619,0.00047442755602748006,0.999988796660401
1741341985.115165,2,0.009521492436349182,-0.0005875487908697623,-0.00738057953144077,-4.069782023649105e-05,-0.004825789465429613,0.0005115352613059688,0.9999882241463642
1741341985.1319711,2,0.009591976735727138,-0.0005747989910241764,-0.00719175720026397,-0.00019800843599413495,-0.004684421228978611,0.0004736265807325929,0.9999888962724891
1741341985.1486316,2,0.009497490510857593,-0.0005810950219796868,-0.007269534393647843,0.000259153868315957,-0.004621643137901684,0.0005657045955191275,0.9999891265570287
1741341985.1651983,2,0.009668275752873854,-0.0005686706737981662,-0.007123461751186895,0.0006510800873453559,-0.004705469307603455,0.0005346063334502097,0.999988574359419
1741341985.1818957,2,0.009620200219095855,-0.0005803974790046098,-0.0072818321727895026,0.0007661155290905464,-0.004668140005641267,0.00045574286650903865,0.999988706853394
1741341985.1985042,2,0.009566301930960247,-0.0005895909214270541,-0.007420795550449166,0.00038135252592542626,-0.004639107336168133,0.0004422803248124684,0.9999890687609985
1741341985.2154884,2,0.009575900794600046,-0.0005891632978617772,-0.007405729346859441,5.6081138615097835e-05,-0.004687869712693197,0.00044064878457683864,0.9999889132190973
1741341985.2318296,2,0.009521130196926604,-0.0005864673239339034,-0.007382519325153088,-0.0002226970971683627,-0.004731094910589404,0.0005151344635628705,0.9999886508273153
1741341985.248513,2,0.00947834508372166,-0.0005843091180099167,-0.00733377945436617,-0.0004249767556966232,-0.004719814277860168,0.0004931452017335355,0.9999886497134602
1741341985.2651396,2,0.009485336666413722,-0.0005826586769245362,-0.007287891966302493,0.00034307013866114036,-0.004610295162223554,0.0004914578937712158,0.9999891929168714
1741341985.2819629,2,0.00960834646152241,-0.00057667690599166,-0.007191861126661785,0.0005244472719723148,-0.004663465249180514,0.0005447658173318351,0.9999888400762944
1741341985.2988229,2,0.009658080941690373,-0.0005819742322508027,-0.007233470697287193,0.0006457123959671871,-0.0047961130665869186,0.0005389180639305853,0.9999881448908655
1741341985.3152878,2,0.009581824695586766,-0.0005922589078596477,-0.007398997900253559,0.0005569380001481111,-0.004652232580098133,0.00040175948350086593,0.999988942509567
1741341985.3319693,2,0.009512698460482007,-0.0005953205998414204,-0.007485678446121567,1.940571200615348e-05,-0.0046034270900402055,0.0004664391280574058,0.9999892952011961
1741341985.34864,2,0.009462134856790705,-0.0005931937631767914,-0.007464841000719406,-0.00013731002758681616,-0.004756223611357078,0.00043306843095681786,0.9999885859021838
1741341985.3652663,2,0.009488827793227636,-0.0005837686236541858,-0.0073390476908003505,-0.0001419894584416623,-0.0046895065210934865,0.0005136877684667526,0.9999888621842039
1741341985.382186,2,0.009565300175351647,-0.0005766182289047955,-0.007200345308743082,0.000271468771254517,-0.004712224417995711,0.00037757004286329254,0.9999887892804615
1741341985.398716,2,0.009596119917160738,-0.0005750824096496547,-0.007201434295002401,0.0006199515030856196,-0.004692775563258661,0.0004951233619233716,0.9999886741211138
1741341985.415385,2,0.009666369139463957,-0.0005755827960647863,-0.007219652677500948,0.0008935890258520857,-0.004797139963646781,0.0004601399879921196,0.9999879885368691
1741341985.4322484,2,0.009670493889029682,-0.000581012761604892,-0.007301307133822572,0.0005194484766681313,-0.0046963025663354415,0.00046999280855096833,0.9999887269475819
1741341985.4487514,2,0.009552683252589012,-0.0005922139582399167,-0.007449295240676782,-1.7567758932576932e-05,-0.004636416609838967,0.0004807194854734097,0.9999891360615726
1741341985.4662185,2,0.009570948963239225,-0.0005893240305077364,-0.007362134667535517,-0.00018557118851160337,-0.004829398665276478,0.0004955367519468483,0.9999881983879577
1741341985.482221,2,0.009487912258604125,-0.0005848131313126058,-0.007354996351441474,-0.0001289518278653857,-0.0047647307394575854,0.0005371923679197976,0.9999884960022123
1741341985.4987917,2,0.009591887111888287,-0.0005740058006296717,-0.007181735189532234,-7.444791807643028e-05,-0.004677686697760483,0.0004970939221156154,0.9999889332399123
1741341985.5155225,2,0.009710071865384204,-0.0005676301147934567,-0.007081172979815801,0.0006225562751090539,-0.004694182286005456,0.0004365359958769308,0.9999886931924152
1741341985.5320253,2,0.009746011054771074,-0.0005722695498883631,-0.007137444456313464,0.0006855647962397514,-0.004803289795986396,0.00042779244743622135,0.9999881376304761
1741341985.5489762,2,0.009675831211675047,-0.0005821446630203161,-0.007305146084990405,0.00039796240167085865,-0.004690305145393906,0.00048802034633441593,0.9999888021871602
1741341985.5654333,2,0.009592166256022121,-0.0005896266375789544,-0.007414522400913257,0.0001088122191127455,-0.004594945505014048,0.0004924410930717327,0.9999893160116646
1741341985.5821447,2,0.009596884205216594,-0.0005848523107718531,-0.007346249881761449,-0.00022560912361245227,-0.004695718927400689,0.0004768411234883842,0.9999888359110921
1741341985.5989885,2,0.00960789370539998,-0.0005803830161566364,-0.00723780172718326,-0.00018397578810132626,-0.004649734276643581,0.0005031958345636838,0.9999890463990184
1741341985.615557,2,0.009582048475855025,-0.0005770188020968822,-0.007211048391804189,0.0001424976146750528,-0.004548503645524802,0.0004685924528535941,0.9999895355603126
1741341985.6324775,2,0.009680178432157106,-0.0005736452847354707,-0.007119834456405111,0.000660290840967591,-0.004672693881829292,0.0004057637872828198,0.9999887825889053
1741341985.6488388,2,0.009621733196169012,-0.000578720488899707,-0.007274214989368986,0.0006582391242850201,-0.004684120281534804,0.0005424206297969575,0.9999886656949186
1741341985.66559,2,0.009661856711419425,-0.0005821290897821066,-0.007310768597007849,0.0006845171752442912,-0.004698704605525342,0.0003993041757325244,0.999988647019276
1741341985.6823428,2,0.009697496159636608,-0.0005825663982979216,-0.007291774214993899,0.00017788946985532108,-0.004683390742467479,0.00043037270183348753,0.9999889244315796
1741341985.699056,2,0.00953066639536131,-0.0005901217776367133,-0.007434625009513571,-0.00034366953494098534,-0.004677706912106077,0.0004734075020450129,0.9999888883555818
1741341985.7157648,2,0.009530389704170915,-0.0005836606434455732,-0.0073385081508044936,-0.00025557870529205665,-0.004679138016541235,0.0004323547044942531,0.999988926646869
1741341985.7322342,2,0.009552289628841984,-0.0005814290204080204,-0.007246761889915297,-1.552967725676671e-05,-0.004573937632712716,0.000571968341931874,0.9999893757963516
1741341985.7489398,2,0.009593476959880156,-0.0005800233180546487,-0.00721081878537187,0.0006219224567000666,-0.004628333310653895,0.0004909751004096719,0.9999889752825648
1741341985.7658381,2,0.00963322995204437,-0.0005800983936278712,-0.007249749559073848,0.0010029233001166062,-0.004707067213188938,0.0003591545093019005,0.99998835426776
1741341985.7823584,2,0.009595653045953249,-0.0005911000815022212,-0.007383999181565968,0.000632008393881315,-0.004689811896709743,0.0004115828290603579,0.9999887183510313
1741341985.7992284,2,0.009598009507769487,-0.0005899138262049035,-0.007409985125932068,0.00017555685641713127,-0.004639422663649591,0.00048133702895144533,0.9999891065665679
1741341985.8157518,2,0.009593729024044446,-0.0005861332381868533,-0.007366699327171897,6.608170624292525e-05,-0.004764117985663012,0.0004026140869593552,0.9999885682921199
1741341985.8324385,2,0.009571024675609177,-0.000579143677253208,-0.007295627214430211,2.007793996724961e-05,-0.004755746390041853,0.00046795400146747797,0.9999885816809122
1741341985.8490613,2,0.009507951151240555,-0.0005815228212331662,-0.007299901844622181,5.9407787450862826e-05,-0.004540996844206038,0.00047330734936863885,0.9999895758449329
1741341985.865783,2,0.00955760311236442,-0.0005787283532037843,-0.007248201312575427,0.00034188424063992117,-0.004624277542402019,0.0005448211359421418,0.9999891011117604
1741341985.8825164,2,0.00961281428816999,-0.0005831708444161086,-0.007262350784956258,0.0007461182621072375,-0.0046258560805991335,0.0004683518769416749,0.9999889126433252
1741341985.899113,2,0.009600954452391078,-0.0005902939341205228,-0.007364877042773743,0.0004539305881633645,-0.004647331789109121,0.0004250049206968165,0.9999890077521254
1741341985.9157882,2,0.009517925152225843,-0.000596955320760214,-0.007491706640130942,-8.270425892758853e-05,-0.004580130632254198,0.0005474034555826035,0.9999893578997998
1741341985.932753,2,0.009446535316307738,-0.0006000949957515557,-0.0075295358899331935,-0.00020932773003426563,-0.004619266692592231,0.0004371906346627715,0.9999892136525639
1741341985.9491835,2,0.009613354388653492,-0.0005802906007557058,-0.007240678353951872,-0.00029806248052721424,-0.0047811458336187405,0.0005068043671058736,0.9999883974089944
1741341985.9665806,2,0.009508786652624506,-0.00058242049384578,-0.0072859771749764594,-0.0001564090975835441,-0.004601848763355811,0.0005079786631204063,0.999989270183351
1741341985.9826384,2,0.009592911635552108,-0.0005765200149772082,-0.007184046135387952,8.509369106840973e-05,-0.004627281439040932,0.0005375512178838117,0.999989145973213
1741341985.9991882,2,0.009514299014199425,-0.0005885373011656836,-0.007351020659446679,0.0005230802916761126,-0.0047108060423670895,0.0005014169150106527,0.9999886415727515
1741341986.0160904,2,0.009577360166416362,-0.000591863160793005,-0.007370407765387799,0.0003639819496419206,-0.004681396603817019,0.000623368512285715,0.9999887816644124
1741341986.032557,2,0.009546639587118705,-0.0005963639998748955,-0.007448635178024512,0.00013305773824857578,-0.004577692578101779,0.0005206528269461353,0.999989377917052
1741341986.0493066,2,0.009516150094489298,-0.0005946835985990807,-0.007447897060086354,-0.0002714015482459011,-0.00462433405962919,0.0005271477288265207,0.9999891319364308
1741341986.0659757,2,0.009470080777943935,-0.0005935042925826333,-0.0074073917793333255,-0.00038281516203651664,-0.004646097950622723,0.000411089567677875,0.9999890490559146
1741341986.0826945,2,0.009519788685912505,-0.0005838074625795239,-0.007269588550207434,-0.000269242197679946,-0.004606479053260668,0.0005214206420369803,0.9999892179318159
1741341986.0995474,2,0.009589959082069341,-0.0005787048368113074,-0.007181692421950693,0.00028335019294723656,-0.004647490174685603,0.00040834958308630506,0.9999890768395234
1741341986.1160424,2,0.00962486694378116,-0.0005806244745349888,-0.007211861090178086,0.0005815187549561587,-0.004755465845461566,0.0005196362200692662,0.9999883886119524
1741341986.1327353,2,0.009609197849680494,-0.00058925429358846,-0.007322559757343578,0.0005509120051820305,-0.004647266502553913,0.0005632942992575877,0.9999888909930695
1741341986.1493645,2,0.009604915945294806,-0.0005904776955960538,-0.007381041527599686,0.00028842515449868287,-0.004601532985255421,0.0004850055482569912,0.9999892536796253
1741341986.1661282,2,0.009527399622009255,-0.0005939287276103593,-0.0074392860446313115,-0.0001806151732840697,-0.004641947010302629,0.0004868669761586525,0.9999890912738301
1741341986.1828861,2,0.009569287164706987,-0.0005869771239736725,-0.007298577091383353,-5.843230354035543e-06,-0.004763462833185821,0.0004786479413728206,0.999988540076256
1741341986.1993427,2,0.00954957251750913,-0.000581691086024415,-0.007236670641190029,-0.0002253254588085277,-0.00464602712196469,0.0005087559740592929,0.9999890523539638
1741341986.2160475,2,0.009492873432804303,-0.000586558030339052,-0.0072921878296240295,0.00012896122764626675,-0.004563550586214264,0.0005169120093711058,0.9999894450328081
1741341986.2328086,2,0.009623222441375028,-0.0005786730869101283,-0.007204548510804188,0.0003921670028393579,-0.0046493145841784034,0.0005866344214091607,0.9999889429083677
1741341986.249421,2,0.009543213376844809,-0.0005915471762949361,-0.007392109996740547,0.000578088051516899,-0.004600515684180896,0.0005309118185218578,0.9999891095418415
1741341986.266248,2,0.009617976676502089,-0.0005891734298710135,-0.007359335171430796,0.0003686157951945354,-0.004625024764042875,0.0003996976370105626,0.9999891566962746
1741341986.282897,2,0.00948830510567808,-0.000596743744404547,-0.007488929029595403,9.282494856159417e-05,-0.0046343040332760925,0.000448143155790752,0.9999891568298969
1741341986.2995465,2,0.009601388480075851,-0.0005817092401040475,-0.007274985448277507,0.00011401020055005967,-0.004741735437080911,0.00041045411135433963,0.9999886671728543
1741341986.316204,2,0.00959840612716298,-0.0005763038443046217,-0.0071923622392965425,3.596123212389137e-05,-0.004589550370178961,0.000469419327240173,0.9999893571332069
1741341986.3329303,2,0.009601385065964035,-0.0005757357921352666,-0.007171557495637685,0.00011119983216595572,-0.0046250321125363685,0.0004842521521512879,0.9999891810476794
1741341986.3495715,2,0.009716461800161237,-0.0005705313189433934,-0.0070966677432830775,0.0006619766735584216,-0.004707639186154072,0.0004698265249885003,0.9999885895265072
1741341986.3662932,2,0.00960025652163737,-0.0005865559793333049,-0.007323856491738699,0.0005799058001529469,-0.004640400190578798,0.0005186511684411426,0.9999889306368845
1741341986.3828866,2,0.009628219630816231,-0.0005901388327279926,-0.00735423187553694,0.00013405876300715726,-0.004640099634198062,0.0005375197666307732,0.9999890812284569
1741341986.399681,2,0.009662232618552358,-0.0005886284501101561,-0.007296518350168828,0.0001324319363896405,-0.004700878296214309,0.00046896424964224437,0.9999888320764182
1741341986.4163687,2,0.009556892027429287,-0.0005912325398741745,-0.007342145552293243,-9.128826066078673e-05,-0.004624403264150946,0.0004833692771310032,0.9999891863990559
1741341986.4331698,2,0.009535229289326375,-0.0005812760574556313,-0.007287302976134982,-0.00010004412348382671,-0.004697079815720444,0.0005131886778082883,0.9999888319725172
1741341986.4496524,2,0.0096453079755096,-0.0005702144265948971,-0.007134514442939228,0.00014737260767281907,-0.004598249080018369,0.00048840583965049,0.9999892978659564
1741341986.46707,2,0.00969681314056344,-0.0005710786744024569,-0.007128220602771897,0.0004326241621940468,-0.004713878918277223,0.0005739676768275923,0.9999886313068684
1741341986.4830582,2,0.00963276995385401,-0.0005885521394505196,-0.00728614258279153,0.0005859627419581483,-0.004667141460353026,0.0005545357089962818,0.9999887834012947
1741341986.4996922,2,0.0096064369869148,-0.0005926411961017206,-0.007379398842448684,0.00023416844544303626,-0.0046091820174280875,0.0005089845611051604,0.9999892207123965
1741341986.516571,2,0.009626416760538135,-0.0005898334830742868,-0.007347865000097113,-0.00011645776379128479,-0.004603227311129914,0.0005306606678758299,0.9999892575098829
1741341986.5331197,2,0.009469431077823592,-0.0005969547553194729,-0.007465411939172709,-0.0003402085464939122,-0.00462073869768095,0.0005666450650560225,0.9999891059133608
1741341986.5497816,2,0.009666316620885684,-0.0005719437539176708,-0.0071542557434929495,0.00029713198457652893,-0.004775246373163021,0.0005747566144520666,0.9999883891273406
1741341986.5666316,2,0.009703591497897922,-0.0005673241121427949,-0.007076871845567454,0.0002967977867388771,-0.004626240567733018,0.0004756861903248826,0.9999891417070145
1741341986.5830648,2,0.009664639620558779,-0.0005776623360700168,-0.007158380386732408,0.0004161573172170063,-0.004681770011128289,0.0005200026610687946,0.9999888186574302
1741341986.599876,2,0.00969447517284433,-0.0005827485321613509,-0.007205593072525688,0.0005694461236131626,-0.0046808195236537975,0.0005606021927151597,0.9999887256288847
1741341986.6165833,2,0.009594031194615039,-0.0005910573807419583,-0.00739661793172144,0.00021613612660953462,-0.0046593243453113475,0.0005052173091717871,0.9999889943080826
1741341986.6332068,2,0.009589050982963651,-0.0005908296169059215,-0.00740651393965454,-9.934636917340812e-05,-0.00467338482792634,0.0005233566961274985,0.9999889377899727
1741341986.6499932,2,0.009540525620789176,-0.0005901318179951768,-0.007400150676662679,-0.0003246839716698554,-0.00474351793059699,0.0005039771503305726,0.9999885697471709
1741341986.6665928,2,0.009573281848787455,-0.0005824531608894895,-0.007265071680625748,0.00012450480744941747,-0.0047175108394135095,0.00043668352324467685,0.9999887693857035
1741341986.6835134,2,0.00959747891040147,-0.000580299772546655,-0.007188803071684449,0.00011194840228781811,-0.004628578698433683,0.0004254222088932141,0.9999891913129519
1741341986.6999617,2,0.009571495317539905,-0.0005857146647686157,-0.007252708137759552,0.0003784579539698373,-0.004705872422961561,0.000571575724635618,0.999988692353822
1741341986.7166426,2,0.009622278185718171,-0.0005833565869588313,-0.007284061195998977,0.0006243154803020226,-0.0046442238329660575,0.0005185689996446949,0.9999888861889231
1741341986.7334793,2,0.009676652192878991,-0.0005810919372895548,-0.007301878125598131,0.0003569253055215636,-0.004679385871004054,0.00047197447357332666,0.9999888765342807
1741341986.7500033,2,0.009580777114625193,-0.0005909899838496263,-0.00742112157788527,-0.00012596302083254932,-0.004598030179515094,0.0005294567882366611,0.999989280906198
1741341986.7668405,2,0.009601194850932224,-0.0005868628517213885,-0.0073280140085283645,-0.0001591694525841905,-0.004768771733460216,0.0005646200186478819,0.9999884572761198
1741341986.7833295,2,0.009555355299756272,-0.0005842023435706381,-0.007277537572015285,0.0001474662409978079,-0.00473342598257289,0.0005385171542920956,0.999988641401216
1741341986.8000376,2,0.009575489286357708,-0.0005820055889076786,-0.0072084655697385955,8.449409989593077e-05,-0.004607062260096619,0.00048546622276888406,0.9999892660227034
1741341986.817152,2,0.009516269521327126,-0.0005881279081894811,-0.0073083829677331414,0.0005666058458353285,-0.004555586099933741,0.0005177264945782579,0.9999893287192511
1741341986.83341,2,0.009647548875275788,-0.0005800633301328315,-0.007245893923313878,0.0007010376852036019,-0.004743745894085514,0.0004443436071159067,0.9999884039226731
1741341986.850096,2,0.009630187366341168,-0.00058734819359292,-0.007337887470589288,0.0003281737817099669,-0.004676250410502014,0.0005429821347027588,0.9999888650152403
1741341986.8669224,2,0.00955383568321569,-0.0005962861680366118,-0.007431396363470654,-5.135931291904204e-05,-0.004614164385655484,0.000546875577606011,0.9999892038298942
1741341986.8834195,2,0.009549582288841956,-0.0005914274778452521,-0.007371657783202033,3.871121484667588e-05,-0.0047901894550814415,0.0005875402770748995,0.9999883536236055
1741341986.9004078,2,0.009576272178338875,-0.0005803236481751035,-0.007254303273142622,-0.00011725000756261726,-0.004742463799253602,0.0005729859704320582,0.999988583423144
1741341986.9168146,2,0.009572468847780024,-0.00057831607185314,-0.007210382982440291,-1.720736484695198e-06,-0.004619155962160261,0.00048496480708519935,0.9999892140440177
1741341986.9333355,2,0.00961673253920544,-0.0005737381914067588,-0.007183896150116859,0.0005044819090955269,-0.004698331639952541,0.000517950156867726,0.9999887013888904
1741341986.9502451,2,0.00966709452152849,-0.0005760470262682806,-0.007199025899858917,0.0006659038097014422,-0.004732081503084566,0.0005029200356914164,0.9999884554574627
1741341986.9672768,2,0.009635133931905139,-0.000588604200591179,-0.0073158740870765335,0.00021930868326423177,-0.004734416694140838,0.0005910292595298739,0.9999885938782913
1741341986.9838738,2,0.00960398117323319,-0.0005935378734637679,-0.007366735735709361,0.00017788873298748786,-0.004655200873518709,0.000499962021974648,0.9999890236889615
1741341987.00025,2,0.009592963059244475,-0.0005884542375368417,-0.007333843105657886,4.7731355892242875e-05,-0.004766695746822995,0.0004874160203576681,0.999988519313596
1741341987.0169396,2,0.009539338236585084,-0.0005864980344869314,-0.007306915852594313,6.064012860923328e-05,-0.004658865151026795,0.0004890294771594378,0.9999890260140107
1741341987.033816,2,0.009504310271211078,-0.0005817468943272474,-0.007286596463004881,6.830216702354298e-05,-0.004590461769560596,0.0004557389209774944,0.9999893575921656
1741341987.0503688,2,0.009598133460070168,-0.0005738479489733506,-0.007188710371024983,0.00046153701887187133,-0.004603226534268628,0.0004423015122918337,0.9999892007709016
1741341987.0670998,2,0.009689550636823219,-0.0005716860247456869,-0.007157257035723644,0.0006760572575636795,-0.004776745481389844,0.0004657128078078558,0.999988254311405
1741341987.0836818,2,0.00968320992988942,-0.0005816281216309563,-0.007251809383253457,0.00040798762701948625,-0.0047930976589937386,0.0005014420999841128,0.9999883040899767
1741341987.1004841,2,0.00955004609464227,-0.0005953905259221663,-0.007430600689183629,0.00040414117993184135,-0.0046091976498241006,0.0004712303533203183,0.9999891848959597
1741341987.117146,2,0.009634978371198021,-0.0005847869929291352,-0.007290760841350606,6.757371077801098e-05,-0.004804333801868513,0.0004482398589870689,0.9999883563779844
1741341987.1337018,2,0.009516823974142174,-0.0005860519830577069,-0.007337674133211598,-0.00022842831225622663,-0.004634845679781115,0.0006018646044578578,0.9999890518325831
1741341987.150625,2,0.009526884916322118,-0.000582456145303442,-0.007261933158820689,-7.748150124934634e-05,-0.0045710700529033935,0.0004747350334993183,0.9999894369151289
1741341987.1670399,2,0.009578364034423447,-0.0005782720218105009,-0.0072117217729502706,0.0004171648463524208,-0.004587119021288272,0.0004446258266915903,0.9999892932529076
1741341987.1836584,2,0.009643160859565458,-0.0005809562070583688,-0.007211170406718517,0.0008305334500495064,-0.0047010024920396435,0.00046425906547528694,0.999988497560486
1741341987.2006862,2,0.009690226141847684,-0.0005843800157634523,-0.00724032689141707,0.0003627562493108129,-0.004747448537903696,0.0005165121860910135,0.9999885316119607
1741341987.2171228,2,0.009517101145611372,-0.0005964952884149326,-0.007472769124102709,0.00025527433186177953,-0.004542920876229306,0.0004785370530802098,0.9999895337988376
1741341987.23392,2,0.009488746681579946,-0.0005925756190304572,-0.0074671192564926755,-0.000278328060684854,-0.004702117527698638,0.0005778135352050358,0.999988739314481
1741341987.25049,2,0.009605543999053535,-0.0005794381110262454,-0.007250849875086542,0.00012938374900431097,-0.004767847206725679,0.0003693663494438271,0.9999885571652101
1741341987.2671907,2,0.00958142842595084,-0.000580882153720435,-0.007212342553672585,0.00013542962328963907,-0.004584628462377399,0.0004756217319088671,0.9999893682558065
1741341987.284181,2,0.009577813023280477,-0.000581219378065441,-0.007218581624232341,0.00027767536910405853,-0.004584305806794887,0.0005716876047668645,0.9999892900476194
1741341987.3005157,2,0.009554520319530151,-0.0005892208991780368,-0.007311899971551337,0.0007556040495641375,-0.004698390919481723,0.0005177648794315844,0.9999885429867773
1741341987.317466,2,0.009542680046320797,-0.0005942881015512589,-0.007407089231479636,0.0003428263746067277,-0.004679503063893521,0.0005898306008836595,0.9999888183479925
1741341987.3339853,2,0.009616763203871751,-0.000588523518358033,-0.007364827205264709,0.00033285337955302874,-0.004621250348680272,0.0004380123506882361,0.9999891706408741
1741341987.3506048,2,0.009583437514394449,-0.0005902383362111175,-0.0073761986710363025,-0.00011699466076114126,-0.00469876039200525,0.0005138095506383814,0.999988821918912
1741341987.3675556,2,0.009621391940917065,-0.0005816532938506659,-0.007251595984785675,2.1984969541073703e-06,-0.0048108658889692854,0.0004300921667602591,0.9999883352246131
1741341987.3840163,2,0.009570281184623577,-0.0005805862648959493,-0.007238226154781575,1.4540931182298307e-05,-0.004608094823379731,0.00043082973272244834,0.9999892897608461
1741341987.400809,2,0.009606873808960774,-0.0005785936730801078,-0.007186927520302843,0.00044203463919771695,-0.0045925787151929265,0.0004886162463737402,0.9999892369822219
1741341987.417433,2,0.009619902076744263,-0.0005807323436978784,-0.007237653720846558,0.0005072439446701758,-0.004670056363392669,0.0005346061868064952,0.999988823674229
1741341987.4339855,2,0.009574791827286343,-0.0005917508493909132,-0.007379876653061887,0.00044035734402947933,-0.004710917657158259,0.0005639851163475061,0.9999886475660739
1741341987.4509058,2,0.009581247408507028,-0.0005959797974845677,-0.0074161767581620045,0.0001321609461389528,-0.004668713117338548,0.000484193806464163,0.9999889755430657
1741341987.4680877,2,0.009503603664296029,-0.000599732803183035,-0.007478419629405446,8.709145257514563e-06,-0.004611219861239692,0.00041706969425911445,0.9999892812567605
1741341987.4842799,2,0.00949561109628299,-0.0005935224492463134,-0.007404745434426885,-0.00021252233306552143,-0.004688708591900507,0.0005092872196491997,0.9999888556741651
1741341987.5008492,2,0.00951088913361269,-0.0005883956408279171,-0.0073172553472105745,5.419524819195906e-05,-0.0046840887408107715,0.0005387113747721175,0.9999888830210053
1741341987.517383,2,0.009565196425821426,-0.0005840507169807135,-0.007243541582233065,0.00045914927483246647,-0.004654192095360658,0.00047069481947250593,0.9999889530011169
1741341987.5344908,2,0.009548314034944468,-0.0005893712718598256,-0.007323170742246215,0.0006678446816428987,-0.004661854165709505,0.0004145155133747391,0.999988824575609
1741341987.5508215,2,0.00964443576440865,-0.0005848996707060937,-0.007291938284525902,0.0004506790646344955,-0.0046948302023411366,0.0005168979286403481,0.9999887440737937
1741341987.5673382,2,0.009649284367940145,-0.0005882403865468219,-0.007332785599964824,0.0001568853155759046,-0.004636933849371773,0.0004790422704457762,0.9999891223158267
1741341987.5842032,2,0.009604621378543501,-0.0005912193310395868,-0.007362468553089013,9.886678646394712e-05,-0.004730988418876017,0.0004891802650755561,0.9999886842742808
1741341987.6008148,2,0.009454358146011265,-0.0005972899301583022,-0.0074615857802064495,-0.00013010963914569733,-0.00462394350759614,0.0005368376103297913,0.9999891569528645
1741341987.617604,2,0.009495801342275671,-0.0005928568366197355,-0.007343256001947599,4.674907553455856e-05,-0.004739029184496165,0.0005703767867152912,0.9999886069787163
1741341987.6341782,2,0.00953494120347849,-0.0005883658404510441,-0.007279273945002795,0.00028476526465440384,-0.00462867538478266,0.000483578462826328,0.9999891301533215
1741341987.650873,2,0.009560532881668568,-0.0005874586248758359,-0.00729853207761228,0.000699099421283084,-0.004693108515618667,0.00041712441437893806,0.9999886559354975
1741341987.6675942,2,0.00956596165298964,-0.0005900234767958688,-0.007370688494601527,0.00039052363913936783,-0.004696931949699679,0.0005469315942793348,0.9999887435303352
1741341987.68431,2,0.00957394822491934,-0.0005948863654251286,-0.007415372200384542,0.0002919812211128924,-0.0046490018502370065,0.0004752079442443836,0.9999890377930014
1741341987.701189,2,0.009568750321122425,-0.0005938522392828138,-0.007408116882723989,-6.246587259213056e-05,-0.004658526931713727,0.0005120466793827124,0.999989015956195
1741341987.7176132,2,0.009531422277129532,-0.0005901453379709217,-0.007380118344500647,-6.636813002016872e-05,-0.004641836284398569,0.00048443411563188954,0.999989107078056
1741341987.7343504,2,0.009416175327804074,-0.0005998823902982635,-0.007437258584925657,-0.00010850521974744262,-0.00467141879015137,0.000616685824368542,0.9999888928241646
1741341987.7512462,2,0.009586395486650514,-0.0005831502228604128,-0.007212081847970751,0.0003613483335045446,-0.00462065898206168,0.0004736861923292977,0.9999891472207809
1741341987.7677462,2,0.009654533385060712,-0.0005802164334713289,-0.007179041886684446,0.0005711887008151135,-0.0047097388558379576,0.0005217440443741002,0.9999886098783975
1741341987.784603,2,0.00958335383068617,-0.000593921082393728,-0.007338811262667837,0.0005226917829174056,-0.004704914471776932,0.0005003559689575881,0.9999886700443249
1741341987.8011675,2,0.009573406310495896,-0.0005969359647605577,-0.007404697556228604,0.000314039476462148,-0.004608965588765239,0.000539034659360721,0.9999891840700303
1741341987.8177893,2,0.00948820912512004,-0.0006006544394846478,-0.0074950841375994335,0.00011189865449629019,-0.004663611448692924,0.0004538366542462333,0.9999890160592956
1741341987.834516,2,0.009562025772694898,-0.0005883190941961599,-0.00733509629327899,-0.00012862288460580221,-0.004687836325487431,0.00045283792662279644,0.9999889012306842
1741341987.8510787,2,0.009571971725909798,-0.0005859588400464065,-0.007250737312938051,0.00016621541535140333,-0.004723315348028171,0.0004884664381935292,0.999988711968839
1741341987.8679705,2,0.009575446508013992,-0.0005796886837933087,-0.007214849535122634,0.0002047143070436167,-0.004638498748600001,0.00042216538696983173,0.9999891320398426
1741341987.8844788,2,0.009517419566162895,-0.0005892223567245806,-0.007322180568896508,0.0003410767198615018,-0.004685902779200084,0.0005538164156448108,0.9999888095719836
1741341987.9011688,2,0.009630019716063878,-0.0005871329218130797,-0.007264584387165981,0.00041822423292771214,-0.004714315937906035,0.0005380095566790595,0.9999886553653724
1741341987.9180076,2,0.009508862794335535,-0.0005985453656066907,-0.007466505037968035,0.0002569165651446398,-0.00462347083464278,0.0004934316377287411,0.9999891569594835
1741341987.934538,2,0.009543368077316669,-0.0005957751962876581,-0.007423429186856772,-2.1872824125659534e-05,-0.0046623325718650336,0.0004927358736374021,0.9999890096335697
1741341987.95143,2,0.009482907183823563,-0.0005958566377941825,-0.007429824853804859,-0.0001743897281260817,-0.004625985870381342,0.0005943352010710809,0.9999891082449941
1741341987.96844,2,0.009532115693249696,-0.0005863149997620676,-0.007302225230125934,-7.94202838204426e-06,-0.004721829842978726,0.0005268221377754924,0.9999887132954518
1741341987.984544,2,0.009571245892988292,-0.0005798524136390992,-0.007219510914226693,0.00016643202969279986,-0.004590703326242833,0.00041311853229141307,0.9999893634816464
1741341988.0012736,2,0.009646079964683842,-0.000576535864703261,-0.00716269730452976,0.0004182604417150012,-0.004681116752461913,0.0004509724001206637,0.9999888543519108
1741341988.0179853,2,0.009566515262036753,-0.0005907182834567928,-0.007329877824294875,0.0005769019918313385,-0.004674725763720655,0.0005367696039066195,0.9999887629376233
1741341988.0347815,2,0.009578650233115547,-0.0005924265214985927,-0.007387198752599764,0.000370390705985589,-0.004699130376626742,0.0004969310080637637,0.9999887669589103
1741341988.0513387,2,0.009634685800741618,-0.000591126582519236,-0.007326462430701141,0.00012399677721266274,-0.004687478737567867,0.0005289481292285358,0.9999888661288988
1741341988.0679746,2,0.00949845469634014,-0.0005950118355502459,-0.007428404456821143,-7.280484756616821e-05,-0.004674156121733786,0.0006265660908771998,0.9999888771276096
1741341988.084862,2,0.009655525825041525,-0.0005774241562678169,-0.00716603339078361,0.00024036695594615461,-0.0047501624459880066,0.0004900270986927927,0.9999885689616186
1741341988.101344,2,0.00953417689898032,-0.0005843211163989945,-0.007260779046555897,6.126409566291218e-05,-0.004564577291701472,0.00047733856554856425,0.9999894664588985
1741341988.1182115,2,0.009605647897606191,-0.0005811431612835937,-0.007206588780568989,0.00037336206598512917,-0.004738642056368107,0.0005388760664344726,0.9999885576769438
1741341988.1347408,2,0.009670491740008358,-0.0005805596052950081,-0.00720852849417225,0.0006478125175242882,-0.004722097232084379,0.0005782885023573105,0.9999884737931137
1741341988.1514668,2,0.009589455709416694,-0.000593320163576819,-0.007375807004058866,0.0004054438327093077,-0.0046485101513091265,0.00047700570605788915,0.9999889996566103
1741341988.1682773,2,0.00960166494768289,-0.0005916943047572368,-0.00737070268518125,3.6034447485337726e-05,-0.004593662110654898,0.0004686261161236043,0.9999893386229151
1741341988.1848388,2,0.009571524829176935,-0.0005890297045462976,-0.007349469544443474,-7.176870448148478e-05,-0.0047303212008178155,0.0005671712554107372,0.9999886485492508
1741341988.2015889,2,0.00942541343977785,-0.0005977707628544006,-0.007437684058903377,-0.00017146349776230846,-0.004564136684348256,0.0006069056326675032,0.9999893854047395
1741341988.2182102,2,0.009490152349400004,-0.0005891051407684343,-0.007320462489282709,0.00021648837982257834,-0.004492333916374054,0.00045838637859776937,0.9999897809231317
1741341988.2348974,2,0.009575226495807204,-0.0005866844801313851,-0.007247775622036342,0.00033412076676332653,-0.0046882365471571435,0.0006071601591605965,0.9999887700159098
1741341988.2518036,2,0.009609272028405925,-0.0005890051445337464,-0.007282101142679675,0.0006276381180494622,-0.004719756561317095,0.0005295804850766787,0.9999885246906108
1741341988.268421,2,0.009574101967896374,-0.0005958192363919215,-0.007393495086457898,0.00044706642130379446,-0.004684720128947563,0.00043564084234670947,0.9999888318106283
1741341988.284925,2,0.009545909743007525,-0.0005971502950383522,-0.007440959632044336,0.0001680192489864339,-0.004541329177359281,0.0004991708661190163,0.9999895494090332
1741341988.3015826,2,0.009471385036654149,-0.0005997879864602624,-0.0074850559751001924,-0.00029905173490681617,-0.0046792104225667226,0.0005051122767302139,0.999988880147909
1741341988.3182015,2,0.009544078147900169,-0.0005903949554330333,-0.007324740870829208,-1.2538068476571748e-05,-0.004669257870592131,0.0004785995470817399,0.9999889843474319
1741341988.3349943,2,0.009458497817665222,-0.0005937892362178711,-0.007375753759660634,5.970385704983291e-06,-0.004604842116177755,0.0005464654925273134,0.9999892483266533
1741341988.3515282,2,0.009499288886218281,-0.0005925883673165096,-0.0073417200446545695,0.00038671390555334965,-0.004638340983971079,0.000524499909194604,0.9999890305123937
1741341988.3683307,2,0.009588699878543517,-0.0005903511232606112,-0.007302037563172982,0.0007829250165578361,-0.004719062354933623,0.0005454708204895609,0.9999884099030812
1741341988.3850675,2,0.00953317670228187,-0.0005981266707257429,-0.007441031303880182,0.00035181026955475106,-0.004620145111757271,0.00048753902502342034,0.9999891463382888
1741341988.4016938,2,0.00955058509681509,-0.0005973349704600316,-0.007446996045891324,-0.00015079817607521558,-0.004634104893325809,0.0005898258882448881,0.9999890771589305
1741341988.418493,2,0.009484353102266547,-0.0006002875590959024,-0.007480650601160173,-8.144309481983924e-05,-0.004678013004955356,0.00045681363330942376,0.999988950380279
1741341988.435111,2,0.009515871011378029,-0.0005907997009490197,-0.0073650838649906795,0.00020362816563975457,-0.004670084361134724,0.0004065359279261778,0.9999889917274936
1741341988.4518366,2,0.009540644596042902,-0.0005832059469435743,-0.007277735916742267,0.0001487080148987113,-0.004695107890382582,0.0004675479217820542,0.9999888575613055
1741341988.4691415,2,0.009589758033475566,-0.0005824985343212978,-0.007229254823668904,0.0004185736668884676,-0.004715511038445967,0.0004861936084811885,0.9999886761196382
1741341988.485071,2,0.009484808571728504,-0.0005929289860769745,-0.007424751928457611,0.000796873561590014,-0.004622362618760012,0.0004875643700377419,0.9999888804568442
1741341988.5020063,2,0.009596278461710149,-0.0005884879995023387,-0.007372469101746502,0.0003674789547732722,-0.0046971440484383994,0.0004327996362557681,0.9999888071781008
1741341988.5184193,2,0.009495735522431612,-0.0006018815422106422,-0.0075091415913526,-7.556592585686116e-05,-0.004609448979324031,0.000488285041151165,0.9999892543660739
1741341988.53503,2,0.009497173639601512,-0.0006001284371286038,-0.0074647797920581495,-0.0003223473692780577,-0.004673563025325875,0.0005699182502559849,0.999988864485005
1741341988.5517588,2,0.009523992919671693,-0.0005940515447189876,-0.0073621162253359835,0.0002267683371181863,-0.004793006228648512,0.00043822300943461423,0.9999883917466279
1741341988.5684159,2,0.00949601178000746,-0.0005944510193980809,-0.0073419611130766844,2.864801022053971e-05,-0.004697094346832547,0.0005686668109585912,0.999988806488376
1741341988.5854075,2,0.009481177911602624,-0.0005906437533714902,-0.007362037122732326,0.00021669176791802006,-0.004650610682500141,0.0005667680390985587,0.999989001758993
1741341988.6017668,2,0.009644951761742626,-0.0005780404476049038,-0.007231793773415078,0.0005648712040071993,-0.0046812801493133,0.00042334589191721336,0.9999887935946794
1741341988.6184332,2,0.009576008739968864,-0.0005910068898639293,-0.007383473934266618,0.0002183883304807371,-0.004680156160646394,0.0006176894575135885,0.999988833389945
1741341988.6352634,2,0.009610676695297192,-0.0005949124572904469,-0.007365802563867455,0.00021174213907976797,-0.004722232818264407,0.000524316443288081,0.9999886903234175
1741341988.6517808,2,0.009498426816359401,-0.0005993375697565872,-0.007465502375111162,-0.0001901064982566882,-0.004647016633374025,0.0004200108874694347,0.9999890962839459
1741341988.668788,2,0.009554941083942293,-0.000590482664443258,-0.007335494992412351,4.784301859820121e-05,-0.004701043392621252,0.0004380909726276699,0.9999888529270543
1741341988.6853523,2,0.00949108999986073,-0.0005911033104065037,-0.007349341406141706,-9.546239160838353e-05,-0.004724116754577527,0.0005699303778329306,0.9999886743294572
1741341988.7019496,2,0.009623717351001142,-0.0005764513076506312,-0.007184064282553412,0.0002525971095061276,-0.0047370188527658804,0.0005484605010018882,0.9999885979540805
1741341988.7186878,2,0.009660597677759872,-0.0005788469633337418,-0.007194334938777793,0.000717684607105722,-0.004676563290756004,0.0004988309390557296,0.9999886828621044
1741341988.735256,2,0.009578705445496076,-0.0005953612105994925,-0.007361523306413384,0.00021439200537318512,-0.004732154889264672,0.000590872056357128,0.9999886057432781
1741341988.7521522,2,0.009543717930643694,-0.000598025634886719,-0.00743893750895893,0.0003177014456119662,-0.004587375941342936,0.0005079094406800234,0.9999892984806209
1741341988.7686687,2,0.009474361634473847,-0.0006005008735127309,-0.007495785712558892,-0.00020623064766825966,-0.004632173682736417,0.0005418547274390241,0.9999891033553051
1741341988.7854214,2,0.009549891717581416,-0.0005896245666068336,-0.007340659453860901,-0.00019832161790580308,-0.004711437503662261,0.00046968081286684647,0.999988771149516
1741341988.8032947,2,0.009592661155734995,-0.0005823871732246398,-0.007225627492795482,0.0001842396567461408,-0.004804291741988439,0.0005059486046684186,0.999988314358031
1741341988.8194618,2,0.009625829718195122,-0.0005769957144759377,-0.007173906039942207,0.0004153564559471428,-0.00469106288479946,0.0004840810604122302,0.9999887934739831
1741341988.8360686,2,0.00952764494339638,-0.0005941415506068001,-0.007343053199237414,0.0005412931338355317,-0.004636375238668794,0.00053837730350065,0.9999889605271993
1741341988.8526227,2,0.009569081080637965,-0.0005952585042709986,-0.00736446999901851,0.00042893158470866936,-0.00467230911738222,0.0004988809155594481,0.9999888682695619
1741341988.8687937,2,0.009533021125599327,-0.0006009436670498587,-0.007444933585813476,0.00029786974406773725,-0.004655071798507619,0.0005168402476459783,0.9999889871675212
1741341988.8857307,2,0.009558752700392428,-0.0005968271093812638,-0.007396450252889836,-0.00021243815717783725,-0.0046751934744191335,0.0005186828270333354,0.9999889141406174
1741341988.902113,2,0.009526160198494806,-0.0005914678142188454,-0.007370716271199616,-3.831936552901707e-05,-0.004700491601821747,0.00045075890996150344,0.9999888503012084
1741341988.9186676,2,0.009521808015127555,-0.0005873447828549266,-0.007308685281060964,2.972138885430103e-05,-0.004738989542818527,0.0005030500786744797,0.9999886439532053
1741341988.935757,2,0.009573038787332224,-0.0005852385409385768,-0.007229230055692017,0.00043910971698007056,-0.004644425192183635,0.0004679153833681234,0.9999890087158381
1741341988.9521646,2,0.009615032615544907,-0.0005867619570017943,-0.007227091408508363,0.00046311538831730464,-0.004721345268990111,0.000501302126552371,0.9999886214948478
1741341988.9694488,2,0.009560134551896728,-0.0005948724810632587,-0.007360639302300136,0.0004035115666074234,-0.004684879922723527,0.0006046346103785772,0.9999887616846067
1741341988.9856741,2,0.00960223702854148,-0.0005943400663674426,-0.0073604285751752785,0.00017127422692109288,-0.0047149487408041585,0.0005232197813353945,0.9999887330188132
1741341989.0020568,2,0.009506144122934074,-0.0006006448398158337,-0.007462552758229867,-0.0002406714306895657,-0.004693841646572241,0.0005297235527389604,0.9999888145978519
1741341989.0190632,2,0.009499638404750804,-0.0005942525776996357,-0.007404781322410431,-8.364775174874555e-05,-0.004661255829051382,0.0005610303952438608,0.9999889754102519
1741341989.0355268,2,0.009489569112470323,-0.0005939824562539307,-0.007347678755927163,0.00011154319742249151,-0.004712667933487828,0.0004900866477342384,0.999988769004003
1741341989.0523217,2,0.0095005825043571,-0.0005920345390690922,-0.007309682336128445,0.00037522733995060836,-0.004612128052117974,0.0004617338001955807,0.9999891870821265
1741341989.0690992,2,0.00960953876847989,-0.0005865858344718338,-0.007228656198687843,0.0005548349404303983,-0.0047432808630809955,0.0005200553430610713,0.9999884614270722
1741341989.0856009,2,0.009585034722498054,-0.0005915840312986963,-0.007330202010442407,0.0003551056065374725,-0.004669387874669767,0.0006319860662312517,0.9999888355929262
1741341989.102381,2,0.00953637136970775,-0.0005989650877761724,-0.007440995555620393,0.00019486212558581545,-0.004669889956392422,0.0005214852467479039,0.9999889410436921
1741341989.119011,2,0.009477782925148738,-0.0006013885337630619,-0.00750194291067512,9.915975108773307e-05,-0.004694341682943137,0.0005374532133646181,0.9999888321714153
1741341989.1360097,2,0.009464248315805947,-0.0005969087741135242,-0.007456924453838708,-0.0003500075943153879,-0.004703313956932145,0.0005725060530635147,0.9999887142209785
1741341989.1524355,2,0.00961198176814578,-0.0005862791458745997,-0.007213587680135954,0.0002634032427605963,-0.004764224622183017,0.000559289928472003,0.9999884599220419
1741341989.1690397,2,0.009515670964776365,-0.0005952524533776782,-0.007306320956373297,8.631053539269956e-06,-0.0046455877478676815,0.0005823852803048485,0.9999890395736181
1741341989.1859248,2,0.009553282879013072,-0.0005903103974472865,-0.007303052948155579,0.00040993032867412153,-0.0047280934460205495,0.0005356975082894087,0.9999885949937983
1741341989.2026377,2,0.009588714183271566,-0.0005914971823471186,-0.007331174883048515,0.0004678824448189932,-0.0046793113197969565,0.0005819591819432338,0.9999887731645294
1741341989.219163,2,0.009598614972372342,-0.0005945006329596055,-0.007372370268740431,0.00045740873316055643,-0.004599655190648149,0.0005348844068560849,0.9999891738654221
1741341989.2359378,2,0.009503596878072293,-0.0005987914991715035,-0.007481251592990165,-6.706483403062185e-05,-0.004675843411399166,0.0005097074928411044,0.9999889360332802
1741341989.252536,2,0.009512108239665432,-0.0005945293625651387,-0.007413828092711112,-0.00033163024692923484,-0.004760336866140803,0.0006513117015754535,0.9999884024364321
1741341989.2695634,2,0.009524127061486925,-0.0005898023086610899,-0.007329975756024721,-0.00021021106665934013,-0.004623726442482111,0.0005518235837780694,0.9999891361689011
1741341989.286179,2,0.009529522313570859,-0.0005920217915757236,-0.007295286959813682,9.93233894736846e-05,-0.004699804220835966,0.0005535756767913172,0.9999887977018143
1741341989.3026564,2,0.009644734359700917,-0.0005819473184351488,-0.007194629184688676,0.0005665947511807057,-0.004756153902143199,0.0004927950564911893,0.9999884074945466
1741341989.3193698,2,0.009669752523281547,-0.00058775317104474,-0.007234314447522687,0.0005149172265383676,-0.004727054013149871,0.0005974034173835646,0.9999885163989453
1741341989.3359575,2,0.009568404097981773,-0.0005999379429261075,-0.007407982946848816,0.00034157466379921235,-0.00460897088643873,0.0005248686508934698,0.9999891825549997
1741341989.3527722,2,0.00955029207851535,-0.0005999716243024487,-0.0074328907777225705,-8.092533552355161e-05,-0.004640289153468651,0.000484533679014391,0.9999891131381262
1741341989.3693004,2,0.009603795951046174,-0.0005921710521050119,-0.007321678860130982,-6.971323242103469e-05,-0.004752978277444863,0.0005017287409493148,0.9999885762376637
1741341989.3860612,2,0.009447046026391428,-0.0005985208947857484,-0.007429725987352836,-0.00014968150948741442,-0.004590888862316426,0.0005246415970086458,0.999989312985941
1741341989.402907,2,0.009544953753694104,-0.0005892989054360155,-0.007283839651805098,0.00016608436477800906,-0.004703906263384593,0.0005556372193259343,0.9999887684114905
1741341989.419626,2,0.009553180831277324,-0.0005900077600189267,-0.007300070083565126,0.00034247348900402926,-0.00466848957823782,0.000615648934029335,0.9999888543845663
1741341989.4361544,2,0.009625480297884088,-0.0005910319201221111,-0.0072821945425010646,0.0005214696294951182,-0.004696534373725411,0.0005452659024294077,0.9999886865957022
1741341989.4526985,2,0.009651051820301373,-0.0005946593246878232,-0.007313877593879505,0.00026853226929832917,-0.004756592573705163,0.0005468389515556242,0.99998850177623
1741341989.4697006,2,0.009629034896134732,-0.0005941707000028844,-0.007346678567461236,7.755597505189925e-05,-0.004670253958779845,0.0005308258451717779,0.99998895040743
1741341989.4863014,2,0.009525218433383798,-0.0005989809997229543,-0.007417915083629559,-0.0004207639329374028,-0.004748904023648559,0.000581346103922937,0.999988466385985
1741341989.5030649,2,0.009542530790389598,-0.0005919582754494403,-0.007325186028748877,-0.0003260328159914606,-0.004672607109727259,0.0005551481491850044,0.9999888760660958
1741341989.5196967,2,0.009479748564552611,-0.0005943274603780012,-0.007357632497342627,0.0001062170984930075,-0.004679687867956691,0.0005721265674570767,0.9999888808934714
1741341989.5363142,2,0.009521014181576918,-0.0005922465137629421,-0.007330719935569464,0.00032614224768086374,-0.00464428702229633,0.0005483832559239627,0.9999890116921754
1741341989.552682,2,0.009638438174313904,-0.0005865860109889967,-0.0072564149468933,0.000596028453263313,-0.004727092446690567,0.0005595916687208061,0.9999884930359187
1741341989.5695677,2,0.009574740079950196,-0.0005971778108860561,-0.0073914582586200464,0.00029645044828370423,-0.004662451221696164,0.0005455032667940757,0.9999889379847773
1741341989.5861592,2,0.009539283204528565,-0.0005999393186896583,-0.0074453566156538285,-1.2737305973597762e-05,-0.004589548288213766,0.0005661723098074747,0.9999893076094298
1741341989.6029441,2,0.009543536626204245,-0.0005966980235577275,-0.007395894333141303,-0.00037653155835416124,-0.004762491485344466,0.00056237779014169,0.9999884302480998
1741341989.6197345,2,0.009474038628311013,-0.0005990248343372436,-0.00740401892661869,-0.00025041788683026646,-0.004598950721778637,0.0005129964922067751,0.9999892618312156
1741341989.6361692,2,0.00949495758367231,-0.0005935178537220389,-0.007334051870270463,-7.386517000869052e-06,-0.004661699531432219,0.0005818487141917939,0.9999889649166094
1741341989.653103,2,0.009528923292258613,-0.0005925385930898466,-0.007308518481810245,0.00031429218295006274,-0.004688199948031749,0.0005567776542366702,0.9999888059375039
1741341989.669499,2,0.00958880817326956,-0.0005927318726863479,-0.00729926070713027,0.0005609520687839439,-0.00468412736384155,0.0004426426557277918,0.9999887741125374
1741341989.6862867,2,0.009527442223733851,-0.0006014648877142461,-0.00743373581863866,0.0002102906380610126,-0.00470428431388884,0.0005843899174400403,0.9999887419243109
1741341989.7030344,2,0.009516724786825075,-0.0006013669739137819,-0.007466208280918632,0.00016271556360535896,-0.004614888291607474,0.0005432293255416767,0.9999891905573786
1741341989.7196934,2,0.009563226802409354,-0.0005946588841102414,-0.007376268110805564,-0.0002069707418076945,-0.0047758155405842094,0.0005321816414824066,0.9999884326989662
1741341989.7364724,2,0.00954179020661,-0.0005932162265148138,-0.007326406510247124,-8.490124624864407e-05,-0.004716708117015019,0.0004811817835882101,0.9999887568970006
1741341989.753038,2,0.009566262868704127,-0.0005880763086873761,-0.007251729928133934,0.00013934357316713257,-0.00470170769871952,0.0005061933845693498,0.9999888090855527
1741341989.769693,2,0.00956499119848481,-0.0005891087863629713,-0.007260337468769328,0.000433260418383606,-0.004779752730593072,0.0005171054915817391,0.9999883493577088
1741341989.7864742,2,0.009543823439972227,-0.0005942515055996261,-0.007338855088345635,0.0006227185030477162,-0.004638164157185426,0.0004509114842049497,0.999988948105803
1741341989.8031716,2,0.00957132134662988,-0.0005978489985080819,-0.007373720862795099,0.00017640361416154456,-0.004709857887525368,0.000629004376243331,0.99998869517307
1741341989.8202126,2,0.009554195817275084,-0.0006011896459953657,-0.007419524874548962,0.0002691589290442134,-0.004712629399069173,0.0005220522760214024,0.9999887230059342
1741341989.8366911,2,0.009522114514251088,-0.0006021833173329271,-0.007424506591063398,-0.00011197106381494141,-0.004744850761267055,0.0005160490705922268,0.9999886037086078
1741341989.8533916,2,0.009449222178017264,-0.0006009232479172978,-0.007436443807171792,-4.1805216475473266e-05,-0.004649430369863751,0.0004034568421328205,0.999989109076762
1741341989.87027,2,0.009475253115099305,-0.0005930829330593272,-0.007355333085616723,1.615669737149026e-05,-0.004694258586420439,0.0005642389841119569,0.9999888225923598
1741341989.8867042,2,0.009556873602971661,-0.0005878391320564325,-0.007268778225232772,0.000403602925800863,-0.00475232876794607,0.0005798811705788593,0.9999884580402854
1741341989.9035153,2,0.009442927343239552,-0.0006005654923907485,-0.007450352357693846,0.00045626239897100454,-0.004601117414140906,0.0005382861648395902,0.999989165836895
1741341989.9200718,2,0.009557138157440448,-0.0005967438564145269,-0.00738090904538863,0.0002189426300023142,-0.004678385153960637,0.0006056207768007158,0.9999888489378022
1741341989.9367287,2,0.009520760562867459,-0.0006006297335018187,-0.007453236690659447,8.769402200609315e-05,-0.004648259718708553,0.0005071419617407198,0.9999890643393939
1741341989.953403,2,0.009529585094740728,-0.0005989681391360894,-0.007415819649039649,-0.0003024447528808489,-0.004748137230247951,0.0005215111130758976,0.9999885458074873
1741341989.9701269,2,0.009525875334484032,-0.0005940455077859459,-0.007357899690127915,7.964534227293562e-05,-0.004707265907354163,0.0004901159612594433,0.9999887974825725
1741341989.986736,2,0.009526221298428004,-0.0005890702397264146,-0.00730747364282925,2.2021157609795706e-05,-0.004735190296424382,0.000602039692356985,0.9999886074531719
1741341990.0035121,2,0.009441567890149109,-0.0005975130357963247,-0.0074010648402819115,0.0003152084330495681,-0.004717059689072478,0.0006408496381570632,0.9999886195868805
1741341990.020217,2,0.009568745026243308,-0.0005921236162734234,-0.007298532254912486,0.0007377348223728894,-0.004657291270190473,0.0004478438973085174,0.9999887823476823
1741341990.0367718,2,0.009518972570977164,-0.0005985395791087369,-0.007420799417393152,0.0005604798345312756,-0.00459585639127934,0.0004579350973653756,0.9999891770723484
1741341990.053287,2,0.009537915677951222,-0.0005982265402811227,-0.007436935040833612,8.299395030342762e-05,-0.0046595831137579025,0.0005537139319025539,0.9999889873384065
1741341990.0703058,2,0.009484871754126675,-0.0005974084205633869,-0.007477457779619169,-0.00027076036267349946,-0.004642142950916021,0.0004814674629046084,0.999989072633662
1741341990.0867927,2,0.009546119658150738,-0.0005927396163718185,-0.0073468071300957115,-0.00014435043941590732,-0.004657817463564789,0.00048118948444528275,0.9999890261178402
1741341990.1033242,2,0.009504692246808135,-0.0005943646344875854,-0.007338811028765217,-8.631441695983562e-05,-0.004738370349920939,0.0005948616487467557,0.9999885932028761
1741341990.1202757,2,0.00962938557131654,-0.0005838047703028396,-0.007184420486292156,0.00032965282781834674,-0.004817423682394552,0.0005488893849840611,0.999988191169536
1741341990.1367326,2,0.009521729371915828,-0.0005954052779850961,-0.007352547134705191,0.0004649920017883431,-0.004583745451601824,0.00046918744564881725,0.9999892764041094
1741341990.1534948,2,0.009548195137164086,-0.0005971854867902593,-0.0073875875356923405,0.0003826599974520608,-0.0046377833565035735,0.0006141781102862445,0.9999889836003761
1741341990.1704528,2,0.009529831830037623,-0.0005986706005275385,-0.0074540709398018086,0.0003565057639381955,-0.004608816222425306,0.0004879074811278064,0.9999891967731241
1741341990.1869895,2,0.009627809366834864,-0.0005870362921696259,-0.007317927928821031,-0.00011888052954710015,-0.0047347598977449026,0.00044163801398125566,0.9999886863719984
1741341990.2035294,2,0.009491154603746237,-0.0005945469123108194,-0.007416834186238004,-0.00014844064737447172,-0.004584747583882547,0.0004816541102601617,0.9999893629755691
1741341990.2202246,2,0.009565346307546558,-0.0005894598834033501,-0.00727501145456506,-0.00012044432993142151,-0.004739427604695921,0.0005062115582135157,0.9999886334699019
1741341990.237271,2,0.00959402399219935,-0.0005869957789434787,-0.007230608285464853,0.00010273174923864372,-0.004734315854905822,0.0005032181255229202,0.9999886611712614
1741341990.2537098,2,0.009505755747782297,-0.0006015231766182575,-0.0073778380228299665,0.00046788879788122633,-0.0046425088045418585,0.0005302208124882483,0.999988973468189
1741341990.2704837,2,0.009501195576095899,-0.0006047174599431375,-0.007450377978638776,0.0002648853866789322,-0.004641577754648094,0.0005755080849038933,0.9999890271308598
1741341990.2871559,2,0.00957121451082375,-0.0005980169635663031,-0.007405514259690273,0.0002686910949474724,-0.004630511184321255,0.0005531652745395997,0.9999890900302094
1741341990.3037212,2,0.009524446398614229,-0.0005987647363681486,-0.007444537234921381,-0.0001339670012397552,-0.004686780497646441,0.0005242771905699734,0.9999888705754864
1741341990.3203495,2,0.00951543954592452,-0.0006010168583484656,-0.007397669984301154,-0.00023757364455644916,-0.004720072459275646,0.00048522680014749324,0.9999887144511658
1741341990.3369014,2,0.009465086335753915,-0.0005979911039819077,-0.007395659708107508,-0.00011951881307381604,-0.004573328185576407,0.0005283642002222859,0.9999893955516889
1741341990.3535876,2,0.009521917610297,-0.0005920724862748306,-0.0073165397059160395,0.00032384009758947306,-0.00473380423530249,0.000535188364967926,0.9999885998342516
1741341990.370437,2,0.009565154345194971,-0.0005916875506100356,-0.00730429224979388,0.0006148305740998177,-0.0046128765713011185,0.0004621844078490981,0.999989064809549
1741341990.3870306,2,0.009597164897381511,-0.0005947509063799581,-0.007332140386868414,0.00047021850026703456,-0.0046313020884085135,0.0005607753446629123,0.9999890076728548
1741341990.4037066,2,0.009510677526570617,-0.0006026294785358721,-0.007473775975411091,0.0003098288931944997,-0.004610591390075697,0.0005251696258554208,0.9999891852664982
1741341990.420371,2,0.009530947361983294,-0.0006007859838306324,-0.007440626520229448,-7.487969806339726e-05,-0.004695077932456622,0.0005040080519941872,0.9999888482438805
1741341990.4370804,2,0.009446570924829124,-0.0006052634352788328,-0.0074768996353377,-0.00011606400944419409,-0.004664175184637714,0.0005291729149537853,0.9999889759267443
1741341990.4540858,2,0.009439049622607403,-0.0005996420080515448,-0.007426515116514215,-0.00010994019559854174,-0.004558116608839473,0.0005623855446501721,0.9999894475486392
1741341990.470585,2,0.009532272292883661,-0.0005891139096656118,-0.007299220522248494,0.00026719940365089285,-0.004637866462379885,0.0005464866904835685,0.9999890600158848
1741341990.4871962,2,0.009570297686929066,-0.0005897303880474075,-0.007293072823661697,0.0006102762235988674,-0.004623564588851092,0.000550154764306212,0.9999889737107899
1741341990.5038254,2,0.00950658191053254,-0.0005989886227086591,-0.00742593142492857,0.0004453018693023885,-0.004620697279439076,0.000607459858879135,0.999989040867657
1741341990.5202866,2,0.009644484649993281,-0.0005929214055680129,-0.007312842621722038,0.0002433566653152017,-0.004711302698046691,0.0005295029438293982,0.9999887319520423
1741341990.5373359,2,0.009540489348252048,-0.0006014502795397037,-0.0074285952971604235,8.684841049956386e-05,-0.004695431683768732,0.0004928022808715412,0.9999888512001365
1741341990.5537524,2,0.009522471129183373,-0.0005984259569640569,-0.007395241185296108,-1.123557992401504e-05,-0.004616895124229258,0.00050450438270769,0.9999892147560899
1741341990.5704603,2,0.009472466879411303,-0.0005961312519753637,-0.007390280461700776,-3.95157504721312e-05,-0.004570965482358994,0.0005185562436556382,0.9999894178502524
1741341990.5871484,2,0.009564526412825887,-0.0005880567700983169,-0.007258262302646165,0.00024736015229082775,-0.0047482165817033664,0.0005293135562497827,0.9999885564742267
1741341990.603741,2,0.00956466370046349,-0.0005893844065500401,-0.007285755469364838,0.0005064019827982446,-0.0046033324842694135,0.0004954371740646509,0.9999891536557172
1741341990.620816,2,0.009622918552344277,-0.0005900812402276379,-0.007280406249805693,0.000568477168655287,-0.004639673078064562,0.0005122838709705831,0.9999889438552173
1741341990.6372998,2,0.009563360071182405,-0.0005989846496622086,-0.007398505052165594,-3.542073411451671e-05,-0.004679089247458179,0.0005712821775461051,0.9999888891912048
1741341990.6538136,2,0.009509625523704901,-0.0006030318595034346,-0.007464589503197313,-7.609242561830006e-05,-0.004714565717278808,0.0005667536221089264,0.9999887228715992
1741341990.6705918,2,0.009554357046198536,-0.0005922056212605484,-0.0073573287802804,-0.0002239988957175064,-0.004693126060089812,0.0005889020200217345,0.9999887887304986
1741341990.687193,2,0.009473410837352897,-0.0005943744758922424,-0.007385061875516425,-5.5830353705868664e-05,-0.004625287167810002,0.0005096091856258037,0.9999891718914085
1741341990.7040007,2,0.009585584611545832,-0.000587501902522225,-0.0072234066681066645,0.00018205528064010496,-0.0046989283023117735,0.0004862000332157125,0.9999888252066681
1741341990.7204885,2,0.009687208270731558,-0.0005798941522653475,-0.007128895770691779,0.0005564221908076141,-0.0047406366496741065,0.00047378731974196867,0.9999884960758684
1741341990.7373042,2,0.009569106645013791,-0.0005947285704671444,-0.007326239190960821,0.0006679390944487043,-0.00464267576422018,0.0004983875806025365,0.9999888754525892
1741341990.7540538,2,0.009617710602493647,-0.0005925790287291698,-0.007325842122564119,0.00025490514403347095,-0.00471923963615269,0.0005713396089587282,0.9999886686216376
1741341990.770661,2,0.00946167655747917,-0.0006021472707507377,-0.007512419251208004,-0.00010339980679401222,-0.004602853771898978,0.0005061886988284702,0.9999892733517873
1741341990.787711,2,0.009531503925912926,-0.0005934639643465263,-0.007386840288313701,-0.00019046488248116271,-0.004655791834241278,0.0005630050827900474,0.9999889851147369
1741341990.8042622,2,0.009474254424239156,-0.0005961721147990308,-0.007388133399917288,-0.00015040677633974434,-0.004575571061815669,0.0005216628048031098,0.9999893846412461
1741341990.8208902,2,0.009502229701034445,-0.0005932686603084602,-0.007317837065106167,8.583054947720351e-05,-0.004575987726121502,0.0005336407957618024,0.9999893840421249
1741341990.8376086,2,0.009579674071853518,-0.0005859233533712063,-0.007246233622194226,0.00041401732699580514,-0.004765627584839779,0.0005755832007714969,0.9999883929763158
1741341990.8546085,2,0.009626854949209548,-0.0005862000930884436,-0.007253708629427689,0.0006643449498606036,-0.004667518437004406,0.0004797487865139188,0.9999887713162231
1741341990.8714232,2,0.009657193567562462,-0.0005873791539406589,-0.00727853777384245,0.00029000685061970075,-0.0047658043251481,0.0005482169799484687,0.999988451164964
1741341990.8874068,2,0.009545648602031774,-0.0005999640352044669,-0.007422128382498999,-7.002863511924517e-05,-0.004677927876905527,0.0005072851632766123,0.9999889273129637
1741341990.9041138,2,0.009579008286472948,-0.0005972607534568035,-0.007337067119092691,0.0002351811383638785,-0.004711589209934125,0.0005306775926041185,0.9999887319356361
1741341990.9208183,2,0.0094587406325596,-0.0005966587806187734,-0.007406267884166415,-3.1371566159404353e-05,-0.004582019277805658,0.00044246270362308245,0.999989404114823
1741341990.9375412,2,0.009524498764320894,-0.0005863362065579725,-0.0072961464284950935,-8.926352311243924e-06,-0.0046326466178501615,0.0005875198196502568,0.9999890966036059
1741341990.9542594,2,0.009599088903354827,-0.0005824043424650511,-0.007229539000192086,0.00028871894415219044,-0.004681819336823952,0.0005541731873487705,0.9999888449883564
1741341990.9709094,2,0.009616190343664028,-0.0005860997678406596,-0.007272531706751459,0.0007409192089636887,-0.004655186408520634,0.0005419643316633935,0.9999887432130877
1741341990.9875536,2,0.009586168504527145,-0.0005935916354566056,-0.007362141979531038,0.00018047025195515762,-0.004704208666005269,0.0006234677362557826,0.99998872450608
1741341991.004278,2,0.009592704421960375,-0.0005953524986833189,-0.00736477186759407,-7.010852895652494e-05,-0.004722515681947084,0.0005454768285254156,0.9999886976288569
1741341991.0208895,2,0.009577277739311094,-0.0005962367450129292,-0.007349445528671913,0.00022464479564657442,-0.0047444773742525,0.0005212814040817919,0.9999885838022646
1741341991.0377278,2,0.009645028331825619,-0.000583342807142173,-0.007210398811528595,0.000106958114565797,-0.0047081336324881805,0.000419238532834282,0.9999888230758947
1741341991.0542066,2,0.00950851355801669,-0.0005907890954251797,-0.007334834655873763,4.4252764364109505e-05,-0.004709446260081838,0.0005536073785141671,0.9999887562750327
1741341991.0709293,2,0.009485241458554186,-0.0005914443004153805,-0.007367613668557653,0.00019936258859818375,-0.004583175851859575,0.0005683142706528283,0.9999893158292038
1741341991.0875804,2,0.009634616028052911,-0.0005838632735132077,-0.007240055767070574,0.0006707943295469129,-0.004721576602610096,0.0004584823277061736,0.9999885232057957
1741341991.1042008,2,0.009520868503683614,-0.0005968854251784431,-0.007428027014844879,0.00029348096536508024,-0.004687770013624608,0.0006021678175961716,0.999988787974716
1741341991.1213946,2,0.009553719206367602,-0.0005968681085188202,-0.007417929005201964,5.2636153641378234e-05,-0.004681376869917256,0.0005568838355630183,0.9999888858484531
1741341991.137951,2,0.009487775685192604,-0.00060040925698764,-0.007470157684201556,-0.00028390038745430824,-0.004670511631559546,0.0004819596972000969,0.9999889366570611
1741341991.1547124,2,0.009544498937166801,-0.0005923613255216446,-0.007341693990038565,-0.00015718527685599048,-0.004739630687200275,0.0005168892324461553,0.9999886219448995
1741341991.171457,2,0.00956108780758603,-0.0005859050248073869,-0.007276025739657476,-8.238532852244657e-05,-0.004716156409790157,0.0005696180671917051,0.9999887132446214
1741341991.1881168,2,0.009505162609135615,-0.0005923707790511375,-0.007339003363832713,0.00022514847816679448,-0.0046572888417138044,0.0005845341254788975,0.9999889585833754
1741341991.2048886,2,0.009594796691147229,-0.0005886807928181266,-0.007285934719034745,0.0007426602994293443,-0.004669500934611757,0.00046760824601364804,0.9999887127159135
1741341991.2211971,2,0.009530673297304696,-0.00059547532078032,-0.00743135552309737,0.0003308229758912226,-0.004650062546090341,0.0005752169130543885,0.9999889682391396
1741341991.2378724,2,0.009606822659824647,-0.0005921431941753188,-0.0073685277623378705,0.00026646358894572074,-0.0046156977306426586,0.00048626964916648744,0.9999891938783356
1741341991.2548544,2,0.009505685253163884,-0.000599278462967614,-0.007454823892312524,-0.00033675792981404285,-0.004657767461077456,0.0005235113890496512,0.9999889588051463
1741341991.2714102,2,0.009484598287023291,-0.0005986725463923918,-0.007417088304244658,-3.3758614639026196e-05,-0.004708965587970917,0.0005367059551044879,0.9999887681620054
1741341991.28812,2,0.00950793596071977,-0.0005924918176237864,-0.007338899147476688,-3.940615568030715e-05,-0.004656906408508002,0.0005652805799096375,0.9999889960033177
1741341991.3048658,2,0.009553300949278394,-0.0005913256295593702,-0.007292328846345351,0.00028377757943668524,-0.004629766126167455,0.0005354167150465312,0.9999890989730057
1741341991.3214276,2,0.009593367880869303,-0.0005898792189296811,-0.007297030888239779,0.0005928972291071189,-0.0046930736304599515,0.0005691551137422964,0.9999886497332015
1741341991.338355,2,0.009481903252438839,-0.0005995632012055991,-0.007488497333629322,0.00029872953001122503,-0.004616548036951811,0.0006073025119382791,0.9999891146550293
1741341991.3548737,2,0.009539231190843421,-0.0005943044688021295,-0.007441568542684316,0.0003962697557765275,-0.00467386203887508,0.00043358505597633615,0.9999889049324104
1741341991.3713512,2,0.009546039317861339,-0.0005976614987880481,-0.007407830839961121,-0.00024443501343186975,-0.004645690846908981,0.0005623835726054512,0.9999890207061257
1741341991.3880289,2,0.009528355156955345,-0.0005989889899559716,-0.007371315993089146,-0.00018978452216753252,-0.004651893653016194,0.0005136604993522876,0.9999890299499128
1741341991.4046135,2,0.00951229388208405,-0.0005967806125169757,-0.007342301321300985,6.520907632590152e-05,-0.0046515058436405465,0.00047700912198306213,0.9999890657919518
1741341991.4214106,2,0.009531767767120261,-0.0005869655502359354,-0.007312694738602097,0.0002622327674868111,-0.00466759306833835,0.0005051325003091858,0.9999889447639315
1741341991.4380825,2,0.00951854425186129,-0.0005889894688797861,-0.007369947565347851,0.0006117272223585742,-0.004620057421346455,0.00047151604379472675,0.9999890292057456
1741341991.4547179,2,0.009619804826039465,-0.0005849734005977132,-0.007312745475250541,0.000380758237689029,-0.004721116732397876,0.0004914661197506413,0.9999886622062355
1741341991.4714012,2,0.009611542821982464,-0.0005937802597262811,-0.007352986340488639,0.00019965388493776998,-0.004728558406875088,0.000554701115564897,0.999988646525745
1741341991.4880576,2,0.009557815843282112,-0.0006109638463542906,-0.007393182632142116,-0.0001913140438592106,-0.004716370867257386,0.00045228896924616674,0.9999887572765344
1741341991.504944,2,0.009294324781628146,-0.0006140048755479937,-0.007636467092293519,0.00011110922459768378,-0.004581496666536221,0.00043618292110065524,0.999989403587605
1741341991.5213914,2,0.009488052767260068,-0.0005820642038211017,-0.007358381738781167,-2.6167873456369555e-05,-0.004671990328367372,0.0006207884617273765,0.999988893159969
1741341991.5380626,2,0.009683313994434804,-0.0005700211894776141,-0.007132362059128313,0.0002729590497601465,-0.0047543031860070775,0.0004822688747344864,0.9999885446900405
1741341991.5547843,2,0.009584930824926393,-0.0005960455026501059,-0.0072927925398948434,0.00044787057326329616,-0.004647381250997165,0.0005681003516635342,0.9999889391995532
1741341991.5713892,2,0.00948921758889755,-0.000602289537810894,-0.00745131476918628,0.00032014495242929853,-0.004654760498780918,0.0005575329806608439,0.9999889598734998
1741341991.5883203,2,0.00951109826389301,-0.0006001270860205246,-0.007448735371879033,-9.06227089381022e-05,-0.004728926403508945,0.0005441830502645711,0.999988666389476
1741341991.6049075,2,0.00948036275919296,-0.0006013446809202306,-0.007467443214511979,8.451550028781043e-05,-0.0046869791881606945,0.0004970287821700738,0.9999888889610773
1741341991.6215575,2,0.009466577785988639,-0.0005911739403902678,-0.007435411243885146,3.9571166939190876e-05,-0.004661391366082049,0.00044479270271365886,0.9999890359519481
1741341991.6383703,2,0.00960232332623947,-0.0005807982968500668,-0.0072443817754059125,0.0002530906500659794,-0.0046453373511485384,0.00044545365353718753,0.9999890791188969
1741341991.6548703,2,0.009555729572527536,-0.0005905293836428432,-0.00728497008919261,-4.418461032188282e-05,-0.004718783970528065,0.000552541244671081,0.9999887128481665
1741341991.671686,2,0.00946379913633183,-0.0006001749045653522,-0.007404668479004892,0.0003571972076020338,-0.004626639462175646,0.0004157196006539292,0.9999891468384322
1741341991.6882162,2,0.009499937844654742,-0.0005986255194828519,-0.00740359520919057,0.0005768363537197892,-0.004612010596481863,0.0004621291387435015,0.9999890914678711
1741341991.7049525,2,0.009542731732614189,-0.0005933669015685305,-0.007406513047874498,0.0002844939769724065,-0.004724336652702914,0.0005364258033986634,0.9999886559125191
1741341991.7217784,2,0.009483409965670656,-0.0005966018461865774,-0.007482718728688641,0.00019879554477238146,-0.004580966285734568,0.00045914730982680275,0.9999893821496147
1741341991.7382839,2,0.009423831906417818,-0.0005966886359108337,-0.007505700254962126,-0.0001702880047491352,-0.004600399540201609,0.0005747418305744548,0.9999892384410415
1741341991.7551603,2,0.009500884691969783,-0.000592956878207722,-0.007348623719407496,8.466498118015248e-05,-0.00466530603167455,0.0005130976728397666,0.9999889821804289
1741341991.7716794,2,0.009446380462619978,-0.0005983447659200783,-0.007372064318986496,0.00012461785078438675,-0.004527917396354163,0.0004948105045621563,0.9999896187446186
1741341991.788364,2,0.009488449157584348,-0.0005934978918357011,-0.00734850961783785,0.00039197808475230193,-0.00466643440842693,0.0005655863256418545,0.9999888753657219
1741341991.8050559,2,0.009633507656467817,-0.0005879474821065769,-0.00726490261353821,0.0006439368991837473,-0.00475817145333288,0.0005555770730690069,0.9999883181736707
1741341991.8217692,2,0.009554535970005603,-0.0005986276680679899,-0.007422835680803546,0.000194050172939354,-0.004659456404463618,0.0005271574803501786,0.9999889868971239
1741341991.8385506,2,0.009493468482354321,-0.000599211324135014,-0.007478462931961283,-0.00010846798992317387,-0.004686899809430176,0.0005861950581025496,0.9999888387278256
1741341991.8550713,2,0.009493213904451016,-0.0005960787197415635,-0.007404613411378918,-0.0001722259642193128,-0.004756265387894481,0.0005742924638954813,0.9999885091669519
1741341991.8720644,2,0.009501136974587194,-0.0005923708765247773,-0.0073286293674010355,8.518530489077818e-05,-0.004707376410208305,0.0005108183237120292,0.9999887861448431
1741341991.8886716,2,0.009513486689187006,-0.0005886951446253388,-0.00730621537963429,0.0002992366294248473,-0.004605659883511333,0.0005414343222593534,0.9999892025433833
1741341991.9051225,2,0.009585615833752182,-0.0005868950696956804,-0.007272889027042948,0.000673306765020237,-0.004725438274784913,0.0004918555656431797,0.9999884874183372
1741341991.922242,2,0.00950297164646365,-0.0005986872490343915,-0.007435075385387175,0.00045486524966562925,-0.004630649984983885,0.0004760318743039839,0.999989061726165
1741341991.938788,2,0.009404888436402086,-0.0006067070671686857,-0.007581096367726525,-5.674264336502905e-05,-0.004587586586864671,0.0006086005237683013,0.999989290160141
1741341991.955271,2,0.00961350628912778,-0.0005904920087190203,-0.007313944672755465,-0.00018131630075310444,-0.004789775181065405,0.0005458591633778977,0.9999883635402401
1741341991.9720328,2,0.009555074024961616,-0.0005997174921283454,-0.007336939418232263,-0.0001656146716252647,-0.004709351860208025,0.0005602191879698168,0.9999887403022589
1741341991.9886124,2,0.009473259116391864,-0.0006005470671614991,-0.007399956964576958,0.00017918065954094568,-0.004550812595947641,0.00046090903086168074,0.9999895227260499
1741341992.0056329,2,0.009566435666659814,-0.0005829973523667312,-0.007277790118263846,0.00013611034184412177,-0.004657817868678945,0.0004329012664724705,0.9999890493416268
1741341992.0221477,2,0.009533367431269823,-0.0005864771521896016,-0.0073365070641407066,0.00046705147797873473,-0.004694266238249821,0.0005230687276111458,0.9999887359998149
1741341992.038915,2,0.009601753908033835,-0.0005866332656082195,-0.0072988671419439415,0.0005462284211518553,-0.004663537134034309,0.0004779708479988589,0.9999888622378651
1741341992.0553226,2,0.009641598491451745,-0.0005871811224289606,-0.0072957747230702205,0.00022698291266958252,-0.004768048652073187,0.0005294333377269086,0.9999884668790685
1741341992.0719054,2,0.009621996490603451,-0.0005968914360737876,-0.00733270261245234,0.00011406138588463268,-0.004769087924450185,0.0005067104877165494,0.9999884929512193
1741341992.0890982,2,0.00951416064642548,-0.0006029604119698731,-0.007431274071891863,-0.0002382742604172138,-0.004706764701057303,0.0005699620902994137,0.9999887323038401
1741341992.105536,2,0.009463650169304597,-0.0005971859389872858,-0.007437883587414739,0.00017619926094803272,-0.0046646112112015215,0.0004931084531270027,0.9999889835393799
1741341992.1220706,2,0.00958925305211206,-0.0005814431403938479,-0.007244238662150327,3.736657024784389e-05,-0.004690253595465597,0.0005077136577071572,0.9999888711139696
1741341992.1388752,2,0.009637697114145477,-0.0005824865086062289,-0.007201993926418872,0.0004384027256703585,-0.004753683994032554,0.000459443877047386,0.9999884995352991
1741341992.155337,2,0.009618783354249358,-0.000590367625577403,-0.007284425684762516,0.0005157414230430724,-0.004690152440527241,0.000552264879372801,0.9999887156785181
1741341992.172328,2,0.009583177518586623,-0.0005964111348974274,-0.007385375697926058,0.00017200950601587947,-0.004709998709486607,0.0005516204724361639,0.9999887409564875
1741341992.1888056,2,0.009571682687046897,-0.0005956491842994369,-0.007403603386676286,1.881240553857619e-05,-0.004660017900540866,0.0005377678137890288,0.9999889972819893
1741341992.2052798,2,0.00943167026765019,-0.0006003571125958595,-0.007522537992613237,-7.357361159202912e-05,-0.004677269119167681,0.0005615678381823094,0.9999889011294444
1741341992.222379,2,0.009602472130327597,-0.0005800644302249696,-0.0072608336875006965,0.00023932407406909167,-0.004742262962338163,0.0005014951604876882,0.9999886010193254
1741341992.2389405,2,0.009604773977920448,-0.0005817312360451522,-0.007225757519247554,7.022385015115989e-05,-0.004724129549728256,0.0005595352108398623,0.9999886822304321
1741341992.2557075,2,0.009507833479672177,-0.0005989510572763702,-0.007359819477589003,0.00032542778476396826,-0.004590183002783393,0.0005483575894488843,0.999989261752701
1741341992.272166,2,0.00951932591336574,-0.0006022726966259352,-0.007397647771490406,0.00046786551698080157,-0.00462805248444302,0.0005416244692966279,0.9999890343773743
1741341992.288908,2,0.009613755159609523,-0.0005922541601459392,-0.007333007848479535,0.00020657107888731417,-0.004767287041650683,0.0005205253279461347,0.9999884796116577
1741341992.3059564,2,0.009534583820081058,-0.0005966250692347497,-0.007430881611647218,-7.832074217677411e-05,-0.004654253015556414,0.0005017785776171181,0.9999890399464323
1741341992.3221886,2,0.009523031384951332,-0.0005947711588833322,-0.007414696413140108,-3.0772894868640854e-05,-0.004695851893270977,0.0005897051931754867,0.9999888000751861
1741341992.3389876,2,0.009534778252860926,-0.0005935032026165777,-0.007354899130141206,0.00018388366486498357,-0.004732700953455326,0.0004852425137561624,0.9999886660698638
1741341992.355592,2,0.009546746311315165,-0.0005942474785201717,-0.007296037415826694,0.00017446795392981742,-0.004670463728164338,0.000491491049285602,0.9999889573220523
1741341992.372162,2,0.009516346391671517,-0.0005943707969589445,-0.007332905269716938,0.00012032688170379414,-0.004644390001968493,0.0005721562114509686,0.9999890438400918
1741341992.3892424,2,0.009524695755868444,-0.0005931351249383132,-0.007367839307774514,0.0004597564172519353,-0.004608752856922409,0.0005458926430154094,0.9999891249520482
1741341992.4057064,2,0.009633639996767154,-0.0005895266992111365,-0.007298356007932084,0.00022586854014201824,-0.004745254511241419,0.0005684219152882027,0.9999885541542725
1741341992.4222898,2,0.009577066112046045,-0.0005951700583496719,-0.007391774916132852,0.00011053476545152275,-0.004701684287773748,0.0005269395079192658,0.9999888020781426
1741341992.4389522,2,0.009607117880268991,-0.0005912781904798914,-0.007327736839749006,-0.00015535335384920287,-0.004827928760645363,0.0005299675375482385,0.9999881929821105
1741341992.4555862,2,0.009608039526451508,-0.0005895846451378572,-0.007260037702122594,0.00017428454563355304,-0.004789669308405097,0.00045072801405411276,0.9999884127014026
1741341992.4725587,2,0.009602545743132743,-0.0005848205950702359,-0.007209534868897623,0.00020513878406260174,-0.004776995080187631,0.0004597347767166289,0.9999884633734623
1741341992.4891226,2,0.009551485191873876,-0.0005860843592980329,-0.00727248837896805,0.00038753996880006687,-0.004780724233759249,0.000537299542598192,0.9999883528310591
1741341992.50572,2,0.009657170104722114,-0.0005799994544706571,-0.007210776840605918,0.0005689287211070174,-0.0047478695293300555,0.00048061527301410605,0.9999884514653168
1741341992.5225048,2,0.009603924528972045,-0.0005906787744210814,-0.0073379093928003635,0.00013794757620778228,-0.004711482402565221,0.0005830718910329595,0.9999887214019998
1741341992.5390441,2,0.009551389117056414,-0.0005970882672065003,-0.007408793046476542,-1.3070982789332358e-05,-0.004658882717262707,0.0005326355952969214,0.9999890054097089
1741341992.5560071,2,0.009562618762985265,-0.0005951159807534834,-0.007351426265003546,-3.73475632941205e-05,-0.004705735328884744,0.000541364501604605,0.9999887807293892
1741341992.5725052,2,0.009509444187717018,-0.0005938724054044423,-0.007349328619431329,-0.00010321914643932082,-0.004639557571742346,0.0005647123652982027,0.9999890724159393
1741341992.5890975,2,0.009610162177774618,-0.0005821070788388127,-0.0072004942427969145,0.00011050468748775836,-0.004779787904957247,0.0005237741531500187,0.9999884334715748
1741341992.6058934,2,0.009602772347785893,-0.0005828363827633457,-0.007225102476810249,0.0001098403269443685,-0.004770245306045582,0.0006003318684235741,0.9999884360813731
1741341992.6225471,2,0.009500899399808022,-0.0005948507300851554,-0.007392549270903211,0.0004764707011021255,-0.004675959798997812,0.0004966331297162803,0.9999888308032062
1741341992.6393979,2,0.009595142959799675,-0.0005862416357466335,-0.007322720363302865,0.00032158776478905,-0.004717963062899189,0.0005237910943752434,0.9999886814603134
1741341992.6557894,2,0.009662967144978869,-0.0005846098985690045,-0.007250136596002172,0.00015752577655971488,-0.004812360979103706,0.0005323044911594136,0.9999882664408444
1741341992.6724803,2,0.009544840835483685,-0.0005943519410677071,-0.007375141395085315,0.0003770017989198307,-0.004669055009214063,0.0005588606685610632,0.9999888726729501
1741341992.6893609,2,0.009543484371052876,-0.0005916397373668408,-0.007342842202160705,0.00020099105153204355,-0.004797565396036573,0.0004975775583431857,0.9999883476248318
1741341992.7058613,2,0.0095619514306098,-0.000586801356108786,-0.0072802438454793944,9.345464693580873e-05,-0.004668261466552416,0.0005573446698609277,0.9999889439228954
1741341992.7227924,2,0.009542640373239113,-0.0005864370585497273,-0.007289808102867556,0.00017973554846897644,-0.004782814993880936,0.0006179115643443153,0.9999883552127822
1741341992.7392435,2,0.009487524114233129,-0.0005922175808581979,-0.007383623276423894,0.00035144090631962347,-0.004607626049381458,0.0005751738391246972,0.9999891576644886
1741341992.7559955,2,0.009683489073176876,-0.0005824976977018573,-0.007206755127476951,0.00045348651975505325,-0.0047653360575426185,0.0005108514001870028,0.9999884124094048
1741341992.7726276,2,0.009589938803073505,-0.0005952526456429006,-0.007356954046612884,4.704363681866312e-05,-0.004726658267952531,0.000572387726445609,0.9999886643661542
1741341992.7891083,2,0.009548452315211573,-0.0005992027199032493,-0.007398170332811864,-0.0002721881726509972,-0.00470913757277666,0.0004967392824953854,0.9999887515302381
1741341992.8061624,2,0.009516463943413534,-0.000590236898750059,-0.007382046712298974,-0.00010122037166769651,-0.004690804777917215,0.00045930403969572366,0.9999888875106417
1741341992.8226843,2,0.009577519081731286,-0.0005818171658075378,-0.007252189122041106,-3.0660850644725396e-05,-0.00480509960583346,0.0005607306737081387,0.9999882977609298
1741341992.8393252,2,0.009615208772690393,-0.000579949448130574,-0.007196790583446714,0.0002430756304799563,-0.004769153039603024,0.0005908805782112682,0.9999884234098237
1741341992.856051,2,0.009601913049967097,-0.0005868095433195843,-0.007260454734888683,0.0005894471493951718,-0.0047055769507527425,0.0004646099321653814,0.99998864705317
1741341992.872562,2,0.00959975322553524,-0.0005924932063560129,-0.007327231818916981,0.0003198320500847849,-0.004676522516145572,0.0005181914439272566,0.99998887959929
1741341992.8895502,2,0.009616375800692384,-0.000592342720121982,-0.0073400405721847015,-6.516139461965841e-05,-0.004751591286617133,0.0005847893268846268,0.9999885380121518
1741341992.9060955,2,0.009539961116801587,-0.0005960760453479417,-0.0074051616238448165,-0.00025189093450431703,-0.004763710660528224,0.0005909268442842974,0.999988447141848
1741341992.9228313,2,0.009558566110805342,-0.0005882229218661444,-0.007330491015339747,-8.573106921139384e-05,-0.004699024797054478,0.0005112123481472375,0.9999888251765995
1741341992.9395123,2,0.009553419861436346,-0.0005901841351255941,-0.007294555440044541,-3.732643503225759e-06,-0.004642575064710912,0.0005647159852588206,0.999989063729545
1741341992.9560745,2,0.009600959951019178,-0.0005844504182749207,-0.0072377564406538265,0.0002873566059445108,-0.004690723164507836,0.0005231366409233396,0.999988820372723
1741341992.973126,2,0.00944906909714422,-0.000596842631608477,-0.007449674321900861,0.0004949210307101946,-0.004641398357127728,0.0004714500628860258,0.9999889950440966
1741341992.989467,2,0.00957833556596382,-0.0005889013498296889,-0.007345067478488729,0.0004894491703489085,-0.004746720165177342,0.00046046528941758974,0.9999885084634226
1741341993.0062318,2,0.009596118123114965,-0.0005898109232873173,-0.007360511581173421,7.079941025960481e-05,-0.004743690554570273,0.000576504813786397,0.999988579949574
1741341993.0231514,2,0.009592161284403194,-0.0005934678607979551,-0.007356897161658172,-0.00020303227197068723,-0.004737120098920468,0.0005908190316184696,0.9999885846368131
1741341993.0396266,2,0.009533292754354054,-0.0005942680056017343,-0.007384915340305263,6.198385451127397e-06,-0.004642998654014985,0.0005757605832843435,0.9999890554525233
1741341993.056167,2,0.00948311856602631,-0.000596363554464244,-0.007395930930592318,0.00013131138977016176,-0.004600197343730102,0.00046426749918247664,0.9999893026414868
1741341993.0729513,2,0.0095644389236338,-0.0005877040059238386,-0.007277178789314789,0.0001768748292008429,-0.004669063508265526,0.0005592601674048583,0.9999889278333615
1741341993.089755,2,0.009555536486347174,-0.0005864062022389448,-0.007313859143144864,0.00040074084696150735,-0.004644320908803931,0.000573271472125731,0.999988970464119
1741341993.1064746,2,0.009618143956000611,-0.0005866559070040554,-0.007298524102911979,0.0003586304185579974,-0.004644659689494229,0.0005498836323923644,0.9999889980137694
1741341993.1231308,2,0.009556200098380454,-0.00059565348185447,-0.007416004899055584,0.00014914783152419905,-0.004670186540210181,0.0005380505630679916,0.9999889387459221
1741341993.1396585,2,0.009643477068755403,-0.0005903762069673285,-0.007309169427847788,5.918093389054111e-05,-0.004777643990019667,0.0005251447539411338,0.9999884473525227
1741341993.1564002,2,0.009542064917343912,-0.0005925774171389405,-0.007378877398333899,0.00018795391810878624,-0.004767146198302322,0.0005502958090490157,0.9999884680159923
1741341993.1729896,2,0.009517213596659494,-0.0005915127299689461,-0.007348075467879217,6.0184499380401795e-05,-0.004583887900518277,0.0005142610203833221,0.9999893598859663
1741341993.190025,2,0.009614531458493855,-0.0005851864624043709,-0.007214795223406672,9.229675165241999e-05,-0.004700192768177129,0.0005158661949749802,0.9999888167131272
1741341993.2064347,2,0.009451678658082226,-0.000599056912567668,-0.007439474896260812,0.0003600656769843175,-0.004596871546554132,0.0005378168166897808,0.9999892248808305
1741341993.2230585,2,0.009558551718256664,-0.000593688783598265,-0.007369203001061259,0.0005396753087845436,-0.0046644730000405515,0.000486576212006275,0.9999888572808113
1741341993.2398453,2,0.00953068468439978,-0.0005983272159356424,-0.007441724004163502,0.00020798623273281594,-0.004675496278772411,0.0005120348903368605,0.9999889170868571
1741341993.2565303,2,0.009554589501087282,-0.0005951153493313509,-0.007406495313537783,-0.00012272962249616068,-0.00469713827890212,0.0005833673781418622,0.9999887906931411
1741341993.2736812,2,0.009573709598073772,-0.0005886865553558786,-0.007334287644977299,0.00021884077119485715,-0.004707315226189565,0.0005827034446094848,0.9999887268108445
1741341993.290147,2,0.009650727476859014,-0.0005799972399997987,-0.007196635118934843,0.00032900496083345575,-0.004689206203002671,0.00041423145309181167,0.999988865694626
1741341993.3067594,2,0.009479186864755632,-0.0005925246174798241,-0.007376164669911975,2.597605053890612e-05,-0.004639278588197036,0.0005236032975044043,0.9999891010701131
1741341993.3235893,2,0.009524757820163317,-0.000590040009383182,-0.007346200235374832,0.0004885227609504591,-0.00468732646647171,0.0005597150816272854,0.9999887384541568
1741341993.3399951,2,0.00965858508148321,-0.0005842521695972127,-0.007234751394907902,0.00045569564232937073,-0.004691924757307251,0.00048241571587040607,0.9999887726662886
1741341993.3566687,2,0.009589652435449032,-0.0005910414644699671,-0.00735051136923075,0.00012835087269399975,-0.00471073480477902,0.0005319458803796437,0.9999887547053882
1741341993.373229,2,0.009516874973318263,-0.0005980352234441997,-0.007437572113647057,-0.00017249351124198428,-0.004703224368117604,0.0005692537145263645,0.9999887628752336
1741341993.3901138,2,0.009477720283273762,-0.000598865808349051,-0.007445682935498915,-4.083218851715517e-05,-0.004611624411347038,0.0005980830626413823,0.999989186716372
1741341993.4068656,2,0.009507756389075266,-0.0005922826665793914,-0.007357288501449591,5.891217442451904e-05,-0.00458697062906501,0.0005084001255460188,0.9999893488228343
1741341993.4232228,2,0.009522829016168025,-0.0005888278299371139,-0.007309671737852308,0.00031813555609760675,-0.004734464492608216,0.00046651739120974066,0.9999886329340248
1741341993.4400303,2,0.009461402812079698,-0.0005931740025439024,-0.007397702486343229,0.0002613966803636459,-0.004635798247161452,0.0004766226142803265,0.9999891068793053
1741341993.4568892,2,0.009547910167375726,-0.000585453633273041,-0.007346415550829377,0.0005836067301344068,-0.004665820386638559,0.00048293238107795103,0.999988828087404
1741341993.4731925,2,0.009586602611967993,-0.0005901232190959187,-0.007349843159749631,1.5488114642789268e-05,-0.00468642636668833,0.0005843455637378537,0.9999888477919592
1741341993.4902732,2,0.009574979552312053,-0.0005955153050603107,-0.007369934583798363,-0.00018606365079041826,-0.0047437008034162025,0.0006010778222641816,0.9999885506286844
1741341993.5067236,2,0.009539698367371289,-0.0005947543284503794,-0.0073683424451398555,3.010077159949717e-05,-0.004644796576754309,0.0005581215007214723,0.9999890566696691
1741341993.5233498,2,0.009467669637003373,-0.0005961405623782438,-0.007396597088493859,6.655451822563719e-06,-0.004602692958415695,0.0005002695620866959,0.9999892823943668
1741341993.5400803,2,0.009542737604531816,-0.0005886534958319723,-0.007282728423389351,0.00017655814710459917,-0.004736024579662752,0.00055349518202719,0.9999886162059471
1741341993.5568247,2,0.00959514353401067,-0.0005845792330741671,-0.007242230492824757,0.00021291998635383877,-0.0046936640622653805,0.0005353814415126677,0.9999888187122205
1741341993.5736318,2,0.009659510826077968,-0.0005777923001028709,-0.007217971385846327,0.00048354392113631383,-0.004771003998775706,0.0005132065250163839,0.999988370094964
1741341993.590195,2,0.009546624302516987,-0.0005932128365454079,-0.007393186168307621,0.00010064395823317025,-0.004677951596869588,0.0005438719972169299,0.9999889053599053
1741341993.6067765,2,0.009531245549673602,-0.0005962123286739632,-0.007416218683094954,-0.00010477060890282679,-0.004666667163207252,0.0005401013429730967,0.9999889597046793
1741341993.623491,2,0.009502306855155908,-0.0005943965012317441,-0.007413091036843005,8.627292632943836e-05,-0.004589169572457962,0.0005266262398811022,0.9999893273152572
1741341993.64014,2,0.00961166875492767,-0.0005817703772595872,-0.007239078963637471,0.0003083019687277016,-0.004607823214892071,0.00044571885759374965,0.9999892370669877
1741341993.6570911,2,0.009555205518584487,-0.0005866198284546013,-0.0072787850180371485,0.0001392448010707246,-0.004753118239762762,0.0005645439001632156,0.9999885348183093
1741341993.6735315,2,0.009560326244458846,-0.0005890996787530218,-0.007283898889319236,0.0003485988188001754,-0.0046489695185040125,0.0004834053802924178,0.9999890158799334
1741341993.6903796,2,0.009641130008705692,-0.0005851761120270937,-0.007231056098121486,0.00044296041828284375,-0.004748331654063592,0.000453997076332355,0.99998852544378
1741341993.707062,2,0.009533129501116006,-0.0005990704154181459,-0.0073965339193153845,0.00035161583264643195,-0.004639607496717512,0.0005135929763509032,0.9999890432553934
1741341993.7235897,2,0.009488026444493045,-0.000599462213547285,-0.007467827348001277,3.645912473674052e-05,-0.004665684578751176,0.00040427665641924954,0.9999890332491297
1741341993.7403803,2,0.009545878423296204,-0.0005902686504927842,-0.007380269787303371,0.000275418781819504,-0.0046924666500676995,0.0004631408103737626,0.9999888451386958
1741341993.757072,2,0.009553344126427483,-0.0005848243806274448,-0.00732615636320353,0.0003437628867099006,-0.004714502052411293,0.0004153531350137508,0.9999887413262456
1741341993.7735827,2,0.009515406276346042,-0.0005895125782011653,-0.007329505708907646,-2.3130989597408803e-05,-0.004696598659489037,0.000556711762101553,0.9999888156864571
1741341993.790427,2,0.009514996209249454,-0.0005920690444261155,-0.007333792225393909,0.00011452031397276674,-0.004603061823513551,0.0005863387326682573,0.9999892273988941
1741341993.807054,2,0.009476119124751539,-0.000598882674755577,-0.007421532415013117,0.0003640796305994501,-0.004584164043239081,0.0005596886029809749,0.9999892697597885
1741341993.823971,2,0.009566173385753652,-0.000595831149075521,-0.007370644352199354,0.00017761404338293587,-0.004723057698350182,0.0005759595351685201,0.9999886646606768
1741341993.8402987,2,0.009500423905181556,-0.0006010036102077635,-0.007474853081911922,-2.4109357288641146e-05,-0.004666525706608848,0.0005720639080625782,0.9999889477886511
1741341993.857006,2,0.00950108675927738,-0.0005956245996494528,-0.007448105401670233,-0.0002763494531170298,-0.004694469041353417,0.0005021327661849654,0.9999888166645089
1741341993.8738103,2,0.009505286793722392,-0.000595814266779811,-0.007390910761443471,0.000209581862283474,-0.004696161130971845,0.0004471148691504423,0.9999888510550348
1741341993.8904665,2,0.009565998968241807,-0.0005877526341206832,-0.007273417620856568,-6.338915718888792e-05,-0.004690106666563754,0.0005574030966543551,0.9999888440293017
1741341993.907276,2,0.009588734900048973,-0.0005845537954253174,-0.007252832355600733,0.0003106867282023219,-0.00470840021908091,0.00046119761718197805,0.9999887608057861
1741341993.923787,2,0.009601271193300407,-0.0005852941668205036,-0.0072903055241859485,0.0004861639814624919,-0.004730620352438256,0.0005894486758306805,0.9999885186470507
1741341993.9404292,2,0.009661142020143875,-0.0005868644066693656,-0.007274060021510309,0.0002495961204606863,-0.004793846571669923,0.0005523644849448797,0.9999883257470057
1741341993.957264,2,0.009554487556403092,-0.0005950949684752911,-0.00741547148606001,-3.4509514873487125e-05,-0.004696920918384449,0.0005869610889392977,0.9999887965470712
1741341993.9739146,2,0.009601406369539515,-0.000589566022756031,-0.007332335440761648,-0.00015530944195027356,-0.004743508803651203,0.0005548123527150837,0.9999885835280621
1741341993.9907267,2,0.0095395273855194,-0.0005928978774379422,-0.007351821160553022,3.388132640363212e-05,-0.004746613895160432,0.0005350662810671765,0.9999885910412483
1741341994.0071921,2,0.009478839179422736,-0.0005964421426685417,-0.007385980520642812,0.00014969074307442224,-0.004542541006661493,0.0004952551038110257,0.9999895487635191
1741341994.0238771,2,0.009554903364472461,-0.0005882168621899529,-0.007304497945346166,0.0004713945354802874,-0.0046576181701264525,0.00046834344462661165,0.9999889324560503
1741341994.0405865,2,0.009586128220718379,-0.0005869622813260422,-0.00730916536703092,0.0003478059096978014,-0.004690481462698034,0.0005464445050749508,0.9999887898437163
1741341994.0572395,2,0.009533871660078715,-0.0005944476114911243,-0.007409838216516585,8.765647576447203e-06,-0.004693789691656916,0.0006083159287923535,0.9999887990438816
1741341994.0741014,2,0.00959814553004947,-0.0005913283793805831,-0.007356353361258132,3.1522753929662184e-05,-0.004744477974365348,0.0005148006366962815,0.999988611892841
1741341994.0907664,2,0.009610561120885673,-0.0005907691689822315,-0.007324066684875684,-2.7293088568092355e-05,-0.0047565289554776695,0.0005251444786567828,0.9999885493897716
1741341994.107322,2,0.00951823215729036,-0.0005942960943402034,-0.007383634516645905,-2.3722359000883086e-05,-0.004651342124402654,0.0005245154457946165,0.999989044608609
1741341994.1241608,2,0.009571130739076167,-0.0005880597661514437,-0.007282170528111298,0.0001441410680104359,-0.004617961886895831,0.0005507231583828769,0.9999891751190942
1741341994.1407876,2,0.009553163039572852,-0.0005870553720781903,-0.007298476218943939,8.477615848831805e-05,-0.004613441790956092,0.0005519085019994874,0.9999892021241278
1741341994.1575155,2,0.009534261974013147,-0.0005893059478702817,-0.0073512005792496105,0.00048210037827268445,-0.004727656491118021,0.0004786532209246581,0.99998859380216
1741341994.174101,2,0.009574093203275399,-0.0005946313116301021,-0.0073489350768961795,0.0003529111990926386,-0.00476695112732277,0.0005849325342442136,0.999988404675057
1741341994.1907423,2,0.00953398452892022,-0.000597057377679816,-0.007427094223995956,4.744226289731685e-05,-0.0047270846121209575,0.0006011205195690784,0.9999886454727486
1741341994.2075617,2,0.009519893726790475,-0.0005984612842883715,-0.007429809128972856,-0.0002332821152407315,-0.004738181157505925,0.0004991661560638991,0.9999886229612425
1741341994.224059,2,0.009530536135771739,-0.000590093435023356,-0.007366666819716955,-5.345763812903624e-05,-0.004731059239075063,0.00047751099293354805,0.9999886930380807
1741341994.241076,2,0.009632778014341987,-0.000578886410027368,-0.007201714325021148,0.00028878441469079043,-0.0047020681627750706,0.0004421393016118379,0.9999888057730408
1741341994.2574852,2,0.00951265311147225,-0.0005873537059700265,-0.007336351385473067,0.0002078516113099139,-0.00468950225728414,0.0004684119143232355,0.9999888729163766
1741341994.2740667,2,0.009589136217284707,-0.0005884590168018513,-0.007279898307325709,0.00035870096657156285,-0.004696026007350752,0.0004814984437465897,0.9999887933535073
1741341994.2909882,2,0.009712150512628087,-0.0005846564524942192,-0.007183630493404063,0.0005074704333249552,-0.004818621457369745,0.0005285305100192146,0.9999881219377108
1741341994.3075662,2,0.009539130074207655,-0.0005982596827203314,-0.007413114445000718,9.301753924888929e-06,-0.0047226119910365435,0.0005402900628617098,0.9999887024042359
1741341994.3244958,2,0.00951576458397172,-0.0005967245072061015,-0.0074308625695298615,-2.598633569542311e-05,-0.004754458264784131,0.0005044839974475633,0.999988569908284
1741341994.3410354,2,0.009439390661035581,-0.0005973551803689063,-0.007472375954058661,-3.65098729595355e-05,-0.004641888318769417,0.00047430283149535126,0.9999891132290838
1741341994.3574898,2,0.009574333247830167,-0.0005854011823894078,-0.0072708916614560295,0.0001269225851566397,-0.004710713449293205,0.0005750052418242801,0.9999887311557205
1741341994.374688,2,0.009477443172642343,-0.0005931294014759562,-0.007370986298491236,-3.169380880715958e-05,-0.004678726626182798,0.0005844721384185303,0.9999888833907001
1741341994.3910046,2,0.009658198367462893,-0.0005780441192873236,-0.007184635495347974,0.0004654948061615036,-0.004727978819914782,0.0004852398792358763,0.9999885969715472
1741341994.4079611,2,0.00958740828730338,-0.0005898463828904133,-0.00731332479952258,0.0006218975733312845,-0.004677343337885704,0.0004460013491907148,0.9999887683296769
1741341994.4243116,2,0.009564437357204986,-0.000593692783559714,-0.0073744606367996835,0.00016710547123987112,-0.0047238070736441585,0.0005490496218382865,0.9999886780694095
1741341994.4409344,2,0.009501683349166505,-0.000597199379632535,-0.007441485028820619,-4.6075966721492884e-05,-0.004679349962224636,0.0005091057806404008,0.9999889211247495
1741341994.4580812,2,0.009481762490833118,-0.0005971401030505862,-0.007420296361095987,-0.00012488609436032616,-0.004644420048455057,0.0005045616257873483,0.999989079532093
1741341994.4744284,2,0.009535927720265198,-0.0005907066553509147,-0.007309053392943086,2.783184026949976e-05,-0.004632227573646732,0.0005034087900954172,0.9999891440774168
1741341994.4912841,2,0.009534944702802702,-0.0005869687846283464,-0.007292061406607015,0.00011990004092456002,-0.004667277533545506,0.0005458031576948861,0.9999889520606307
1741341994.5077507,2,0.009634278966183882,-0.0005802477927830343,-0.007205634588615231,0.0004201310896344143,-0.004723750984638776,0.00046445971615070706,0.999988646907391
1741341994.524241,2,0.009599318827188764,-0.0005865093603047537,-0.007298868883635121,0.0004790111510950107,-0.004657520361815988,0.0005142635095136403,0.9999889067311893
1741341994.5412562,2,0.009521732560610969,-0.0005965584754071865,-0.007425503451625844,0.000124950222045657,-0.004664682098607179,0.0004956671498700131,0.9999889896606049
1741341994.557828,2,0.009524889799458137,-0.0005943184270764514,-0.007417816364350927,-0.00010026753530713948,-0.0047236073109261055,0.0005599545449279593,0.999988681901601
1741341994.5744398,2,0.009516456650542958,-0.0005922051256343423,-0.007383677166414468,-9.233257606659884e-05,-0.004674209289386993,0.00048476704768716383,0.9999889540605557
1741341994.5911775,2,0.009595904928476543,-0.0005848215816508885,-0.007241500018933735,0.00017726497145943557,-0.0046936664557351284,0.0004983191295178709,0.9999888448129695
1741341994.6076555,2,0.00959685131036634,-0.0005834085784533169,-0.007228456990955178,0.0002868922258421092,-0.004756542071991245,0.0004840373592308376,0.9999885292883129
1741341994.6247134,2,0.009534278830086071,-0.0005889803920047957,-0.007329832736456378,0.00045314577127545904,-0.004591973656085532,0.0005045352777767483,0.9999892268824726
1741341994.6412158,2,0.009512958057647573,-0.0005927918161245449,-0.007400236227753392,0.00034275740052282325,-0.004610532832527141,0.0005458414967444061,0.999989163722
1741341994.6578467,2,0.009656941006005441,-0.0005862226942853935,-0.007264940258108045,0.00015335643534381422,-0.0047408426940394825,0.0004769075096945124,0.999988636661228
1741341994.6746407,2,0.00942709698130873,-0.0006020965443539535,-0.007533736335098196,-0.00012820020686178432,-0.004611324021968506,0.0005488987586795117,0.9999892089245884
1741341994.6911857,2,0.009564267538553982,-0.0005900715162591532,-0.007340417717945345,0.00013826819577669066,-0.00459440131777955,0.0005599876455269098,0.9999892793286705
1741341994.7080772,2,0.009522233977187322,-0.0005897677774693824,-0.007349043815003383,0.0001984291775114458,-0.0046642772825113135,0.000485374097188861,0.9999889847169713
1741341994.7246106,2,0.009541949378620159,-0.000589364160619675,-0.007308054738260215,0.00023170755853397235,-0.004619592917178125,0.0004372909978068752,0.9999892071664924
1741341994.741166,2,0.009551511708141183,-0.0005912017677152896,-0.007312065658569131,0.0005913093762380669,-0.004649946023773995,0.00044135386384411713,0.9999889167195627
1741341994.7580543,2,0.009667878137607487,-0.0005864819849675542,-0.007218386673541685,0.0005588306030525367,-0.00470918008943762,0.0004902891649817991,0.9999886354093116
1741341994.774669,2,0.00953133438575128,-0.0005975699556633263,-0.0074175437207408875,3.9332847075007206e-05,-0.004608348028336383,0.0005768542815425298,0.9999892143520923
1741341994.7917314,2,0.009516869702052408,-0.0005952262077306078,-0.007442778917457586,-7.007708371176542e-05,-0.004677993929362288,0.0004952163230221255,0.9999889330501577
1741341994.8080983,2,0.009520079995115194,-0.0005928334476048091,-0.007409876196108474,7.465298924641933e-05,-0.00465353058741389,0.0005516372832611915,0.999989017327846
1741341994.8246784,2,0.009584171810360538,-0.0005840285655855413,-0.0072876490700169464,0.00045136799127211343,-0.004787039434276669,0.0004207815975997485,0.9999883516637773
1741341994.8413696,2,0.009622045974291494,-0.0005790450722592129,-0.007211762722560076,0.00025440497398824434,-0.004660676377616172,0.00044945738056488435,0.9999890056204994
1741341994.8579888,2,0.009567667066354283,-0.0005850329281715442,-0.0072895394625129215,0.0005345707172395121,-0.004606763595738419,0.0004178027104941344,0.9999891586433407
1741341994.8747633,2,0.009639909168157157,-0.0005862452717579022,-0.0072514674948196646,0.0006634027781804899,-0.004674758569732135,0.0004796667586402979,0.9999887381610202
1741341994.891477,2,0.009533043334016472,-0.0005956931006395746,-0.007418863830422064,0.00011041608389619118,-0.004666652264811963,0.0005447731730567351,0.9999889566325808
1741341994.9080353,2,0.009627681779178238,-0.0005863117461601263,-0.007323696256599616,7.894877485878874e-05,-0.004756103777521631,0.0005116165161111493,0.9999885556807582
1741341994.9248495,2,0.009613407870766448,-0.0005876783650959069,-0.0073038478243432495,0.00019452352995112806,-0.0047603280094200996,0.0004966564849627773,0.9999885273192763
1741341994.941363,2,0.009573324614923356,-0.0005876932439043062,-0.007300901954564363,0.0003287948493208192,-0.004796863261990266,0.0004523246672292247,0.9999883386316003
1741341994.9582767,2,0.009485699313951606,-0.0005924799117786056,-0.007374094720150199,4.929798883215669e-05,-0.004623246840915729,0.0005595580414295331,0.99998915496777
1741341994.974783,2,0.009605319449544977,-0.0005845484608376207,-0.007248366817083835,0.000501696150241788,-0.004637138766591453,0.000475481048528182,0.9999890095210071
1741341994.991488,2,0.009625913763851617,-0.0005863615996173325,-0.007271064792426177,0.00045645703915434346,-0.0046840163071225835,0.0005048018970785228,0.9999887983438869
1741341995.008291,2,0.009521109303638772,-0.0005976896001897354,-0.007435336752110876,0.0001486022308444689,-0.004674664237647848,0.000558085401342532,0.9999889069246354
1741341995.0249076,2,0.009556807983228098,-0.0005957407102337965,-0.007403926833264083,2.9261845341316396e-05,-0.004706082868787418,0.0005321969986757308,0.9999887842841695
1741341995.0416808,2,0.009533317000267294,-0.0005936372784793874,-0.007398373229214643,0.0002644620347552093,-0.004694949353147777,0.00048626384070026284,0.9999888254665052
1741341995.0582454,2,0.009538307348788657,-0.0005892961243542243,-0.007346457090207033,0.00029682715925070404,-0.004708106187434947,0.0005208459019145829,0.9999887371112296
1741341995.0747921,2,0.009637492251924777,-0.0005822460622062996,-0.007200692808263424,0.0002161994545648941,-0.004668918337507215,0.0004527695975729344,0.9999889746687436
1741341995.0918322,2,0.009552903647724759,-0.0005898124115875904,-0.007307650666045549,0.0004933589865646963,-0.0046354665494112955,0.0004393468267437892,0.9999890379504894
1741341995.10818,2,0.009625801048367782,-0.0005858415525562544,-0.007259110887663396,0.0005627968240452554,-0.0046716604868297295,0.000464755265137521,0.9999888213628061
1741341995.125152,2,0.009528566102447216,-0.0005933705066455678,-0.007411469843865888,0.00035743589408143847,-0.00460485021930586,0.0004939634258260116,0.9999892117388934
1741341995.1416388,2,0.009563533119046118,-0.0005903810135302681,-0.007386911064639062,-5.2384004331813024e-05,-0.004728066079775895,0.0005646311320759798,0.9999886618550963
1741341995.1583202,2,0.009662325759550444,-0.0005829177934104097,-0.0072476473590926335,0.00019060143107821776,-0.004830636856618945,0.0004903254198065433,0.9999881940301278
1741341995.1751966,2,0.009526789691459125,-0.0005891205322723057,-0.0073615718909133135,0.00022902152552724652,-0.0046913336482358415,0.000508196430356808,0.9999888402747952
1741341995.191719,2,0.009569043385208954,-0.0005835467634091922,-0.0072707898364621085,0.00010093818303013211,-0.004645558219912076,0.0005005781362416138,0.9999890789512844
1741341995.2085686,2,0.009537202599201402,-0.0005877113591451492,-0.007308814595927352,0.00018215503184386956,-0.004670790478886702,0.0005364134245831355,0.9999889313369846
1741341995.225215,2,0.009506694456230392,-0.0005926828595349775,-0.007382468004736134,0.00046761796753902327,-0.004620144520465338,0.0004763524527255228,0.9999891042838354
1741341995.2418027,2,0.009536788129387597,-0.0005943099560611096,-0.007392659961161011,0.0003453576952657168,-0.00465653500198676,0.0005646792831521178,0.9999889392124018
1741341995.2585688,2,0.009582260768458558,-0.0005933403856009093,-0.007360777024276733,-9.193816605441818e-05,-0.004700246609525151,0.0005576957706914922,0.9999887940395186
1741341995.2750497,2,0.009469316786305743,-0.0005968900897281216,-0.007466149428798047,0.00018958389963359934,-0.004611540150017178,0.0005691600305309153,0.9999891868476626
1741341995.2918508,2,0.009611689699928207,-0.0005824585789381878,-0.0072516848305109625,0.00030106195425223445,-0.0046996991017656245,0.0003755846737171562,0.9999888405008356
1741341995.308564,2,0.00957186874272,-0.0005817838780743641,-0.00726080976137917,8.349018901404289e-05,-0.004721359154000677,0.0005027423048947341,0.9999887244600821
1741341995.32521,2,0.009608712822293615,-0.000581358714475898,-0.007221973400693541,0.0001577247599760832,-0.004733097703916718,0.000530839095893072,0.9999886454949775
1741341995.342015,2,0.009501359784999283,-0.0005940375950393797,-0.007382975981714431,0.0003883264634657943,-0.004579939737617838,0.000535501418888429,0.9999892932390766
1741341995.3585827,2,0.009548363149087654,-0.0005933132032651905,-0.007371605034131956,0.0003243947807855335,-0.004624812083816292,0.0005409154110519192,0.9999891065865336
1741341995.3752663,2,0.009523896724555104,-0.0005963520191860971,-0.007419418729985356,-1.8103492611101303e-05,-0.004660044907088546,0.0005518975444058154,0.9999889894707981
1741341995.3920803,2,0.00953074467125456,-0.0005955517911956643,-0.00739122219904615,4.587854422609785e-05,-0.004643438223933733,0.0006370843370961022,0.9999890151897506
1741341995.408473,2,0.00949706741743033,-0.0005923510056695823,-0.007391412446316069,0.000363566696125997,-0.00468238171025299,0.0004600355076657854,0.9999888656820678
1741341995.4253886,2,0.009641930792613603,-0.0005784916672092328,-0.007187313527713126,6.782530358623794e-05,-0.004699046971396836,0.000480082913235367,0.9999888418765908
1741341995.442139,2,0.009620255567856803,-0.0005820826888103203,-0.00721117037973616,0.00021473082183378427,-0.004730229057210682,0.0004666948265247456,0.9999886804457736
1741341995.4586382,2,0.009574962354705209,-0.0005874243449187305,-0.007293596998844113,0.000657775523274018,-0.004668130799099956,0.0004782591259058618,0.999988773514189
1741341995.4754152,2,0.009593652711674493,-0.000588529147995688,-0.007316406015477742,0.0004975365741434596,-0.004703432655281352,0.0004709008922677431,0.9999887041516841
1741341995.4921415,2,0.00952715426300491,-0.0005971936225836496,-0.007420524832482811,2.3344491074406205e-05,-0.004676814343130096,0.0005461235863617568,0.9999889142443845
1741341995.5089793,2,0.009502962868847378,-0.0005971138326913607,-0.0074335339822502264,0.00012864102643315702,-0.004653024695137155,0.0005564491459704024,0.999989011528137
1741341995.5252929,2,0.009504028630759833,-0.0005942768170516112,-0.0073915652146907315,7.988617821944712e-05,-0.0046423385542220166,0.0004304144328621637,0.9999891284680861
1741341995.5421364,2,0.009535290812058703,-0.0005870467865182644,-0.00731474671715876,0.00010240726906363527,-0.004566834427641344,0.0005135737247191753,0.9999894348332342
1741341995.5589128,2,0.009491660559155596,-0.0005917459783156159,-0.007356452780158141,7.726024491043281e-05,-0.004663041516237807,0.000517352026580632,0.9999889911501791
1741341995.5753634,2,0.009627547315644691,-0.0005825241045860625,-0.00723180180763137,0.0005087781655027113,-0.004683315415119067,0.00045343511950805295,0.9999888009863377
1741341995.5923145,2,0.009651189941561701,-0.0005849220612631514,-0.007252231053611556,0.00045065290953940913,-0.004727871643879071,0.0005974384497721976,0.9999885435388612
1741341995.60875,2,0.009512151817290624,-0.0005980839607500598,-0.007444927866236508,-6.475389997616112e-05,-0.004679321665553671,0.000591248121430545,0.9999888750287883
1741341995.6254416,2,0.009499869534825756,-0.0005973080861027904,-0.007445642286289588,-7.51402716015306e-05,-0.004661657791788174,0.0004867398679146266,0.9999890131320809
1741341995.642394,2,0.00943461996240676,-0.0005976833053677705,-0.007478221371692635,-0.0001519056067165688,-0.004587290883468677,0.0005657827778749686,0.9999893067312697
1741341995.65885,2,0.009610063784753197,-0.000582190662874638,-0.007234846547247998,0.00024303086163078463,-0.004629852382810645,0.00046358668805195633,0.9999891451862347
1741341995.675736,2,0.00955272370051185,-0.000587994147366311,-0.007298563117835095,6.765931442729889e-05,-0.004635659391466162,0.000579303250295184,0.9999890851864173
1741341995.6922903,2,0.009555478749184651,-0.0005900449539327479,-0.007323699395083621,0.00041816778288932997,-0.004692835425622773,0.0005116057413644418,0.9999887702824161
1741341995.7089727,2,0.009535525945641976,-0.0005934048859428051,-0.0073918272170035515,0.00034192857522398983,-0.004604537835874355,0.0006063200623051671,0.9999891567872871
1741341995.7258797,2,0.009446664017896155,-0.0006025660966966209,-0.0075256611600109284,4.457390798617232e-05,-0.004674227118309974,0.0005775026600293935,0.9999889079908291
1741341995.7425191,2,0.009542092419947239,-0.0005929517232852503,-0.007405978176851413,-0.00013607083841902612,-0.004698570002643539,0.00046250846994926975,0.9999888454430742
1741341995.7590256,2,0.009508361516526393,-0.0005937906800799349,-0.007411438502386315,7.25578008312059e-05,-0.004581810487053516,0.0005423693898476454,0.999989353735064
1741341995.7758136,2,0.009544301523422189,-0.0005891459433603086,-0.007332599448967517,0.00031698052214357216,-0.0047401896587244245,0.0004637931185117899,0.9999886074457505
1741341995.7921796,2,0.009607480168695537,-0.0005837307133640661,-0.007238988911233043,0.00038991792668422245,-0.004653827013374799,0.0004558651280659878,0.999988990961963
1741341995.8091402,2,0.009534487920034902,-0.0005922409301434358,-0.007346511748619798,0.0004481831744647397,-0.004610495624249956,0.0004619370824721292,0.9999891644793321
1741341995.8257859,2,0.00956611625166929,-0.0005905286758127656,-0.007353262466788631,0.0004429585596577897,-0.0046398519177709195,0.0005198331613944241,0.9999890026072186
1741341995.8424497,2,0.009572237286245936,-0.0005927273374567208,-0.007386355414667206,0.0004013166984336227,-0.004716775851280764,0.00041622176196383603,0.999988708801215
1741341995.8591907,2,0.00956830639246232,-0.000594841835686375,-0.007386277593127873,-7.826663207854689e-05,-0.004680578286453833,0.00045792967207145994,0.9999889381196444
1741341995.8758006,2,0.009496127217669435,-0.000595757695439541,-0.007432434289865294,-6.584549089573777e-05,-0.0046875027794517285,0.000595515913902541,0.9999888341090916
1741341995.892651,2,0.00949338631466363,-0.0005954350690844536,-0.0073875014076077985,4.7526797667253835e-05,-0.004695350717993724,0.00044914427468255514,0.9999888747842443
1741341995.9091804,2,0.009498767091797438,-0.0005906292111821027,-0.0073613479950734384,0.00014873524504403405,-0.004542922106380297,0.0005271853439801795,0.9999895308512861
1741341995.9258888,2,0.009482392381346133,-0.000596764557244139,-0.007404941923552186,0.0003969057402835526,-0.004611958671056928,0.0005774423932221612,0.999989119372472
1741341995.9425747,2,0.009566109146406957,-0.0005914597823548452,-0.007353343861973306,0.0004624709932566137,-0.004643382071042424,0.0005385932194551541,0.9999889674595748
1741341995.9596372,2,0.009511143082169443,-0.0005957282709198008,-0.007453039631382231,0.00010457096151610152,-0.004687361063104532,0.0005414382246262177,0.9999888622158885
1741341995.975927,2,0.009505958741212153,-0.000597543637411943,-0.0074502214586866095,-0.00019606366266442923,-0.004632752103415182,0.0005448874688439586,0.999989101072924
1741341995.9924946,2,0.00952861006050892,-0.0005941353855272952,-0.007383889515751679,0.00011623073979914072,-0.004644454185520391,0.0005512203331916444,0.999989055786051
1741341996.009238,2,0.00947399391197343,-0.0005969670367064012,-0.007407229017317426,1.528758224049413e-05,-0.004621496902856058,0.00044140387622190264,0.9999892232895737
1741341996.0260353,2,0.00950309942047007,-0.000593631707785978,-0.007357042932251612,0.000253531219391255,-0.004577424817037032,0.0004045830494114398,0.9999894095521819
1741341996.0424802,2,0.009534672792270089,-0.0005898767701365576,-0.00733639376335822,0.000456645209341394,-0.004674188927526515,0.000568577962031262,0.9999888100134539
1741341996.0594144,2,0.009556504818527826,-0.0005886385103000985,-0.007350362612101463,0.0004317254227916788,-0.004688271477277153,0.0005593528404889775,0.9999887603608925
1741341996.0758953,2,0.009513377422029243,-0.0005955257653694694,-0.00743211845325931,0.00012985051233156426,-0.004656247732420032,0.0005329959280655254,0.9999890091452203
1741341996.092704,2,0.009511664694116153,-0.0005972409870725616,-0.00743640505264002,-0.00023601067775457692,-0.004689461729576129,0.0005497332211754203,0.999988825458081
1741341996.1093736,2,0.009547649532399316,-0.000592489974163432,-0.007364409756094103,-2.9056454211039834e-05,-0.004616219350759225,0.0005838734302638348,0.9999891743246251
1741341996.1259186,2,0.009486161066722378,-0.0005952218008057585,-0.007393949030912031,0.00040592633461386784,-0.004671927415764553,0.0003706273870502668,0.9999889354154737
1741341996.1428378,2,0.009471389335438693,-0.0005944566972546294,-0.007386651583135041,-2.935183965717721e-06,-0.004594897725708142,0.0005767103026838335,0.9999892770982606
1741341996.1595404,2,0.009561117110130567,-0.0005859294941721222,-0.007292593244215325,0.00025877485257989023,-0.004668984222692573,0.000566195508183535,0.9999889064607419
1741341996.1761024,2,0.009516962989776546,-0.0005943570408878226,-0.007385846586090735,0.0004620023713054887,-0.004623626415202891,0.0005018195273565286,0.9999890783452304
1741341996.192836,2,0.009469895285470082,-0.0005994495256528743,-0.007475289826544185,0.00027361057517672697,-0.004681290005617984,0.0006054968000841066,0.9999888219549063
1741341996.2093709,2,0.009507743028115193,-0.0005969161690205149,-0.007441331925257405,-3.594049993648808e-05,-0.0046376053918371135,0.0005160657740681237,0.9999891124410439
1741341996.226194,2,0.009457502878818469,-0.0005969209920000205,-0.007468064124454395,-1.0395961537624993e-05,-0.004614521559067296,0.0005548045692937066,0.9999891990789674
1741341996.2428086,2,0.009549543787155074,-0.0005881951985346892,-0.0073175031551672804,0.0001740711195451318,-0.00466531779880757,0.0004327009767419784,0.9999890085790674
1741341996.2593913,2,0.009473492936151344,-0.0005905521361571756,-0.007377321797512412,1.8207600619627337e-05,-0.004671255550878757,0.0005769424440988332,0.9999889230273893
1741341996.2762115,2,0.009598076932521828,-0.0005858608601311845,-0.007245550215339414,0.0002118630693365405,-0.004689383201139724,0.0005416225514002049,0.999988835659801
1741341996.292892,2,0.009592567995752505,-0.0005867016217902907,-0.007292262642764492,0.0005610270665403382,-0.004723673553803947,0.00048159807473755747,0.9999885700447192
1741341996.3097117,2,0.009543036934538323,-0.0005948763628868366,-0.007387982783340922,0.0002740116438122088,-0.00464398834965742,0.0005600285873719675,0.9999890222686489
1741341996.3261955,2,0.009486704500636817,-0.0005990842294400273,-0.007463707351128197,-2.7333797991293427e-05,-0.004652937731443519,0.0004949729835264984,0.9999890521526106
1741341996.3429503,2,0.00952744161652218,-0.0005947881770892782,-0.007383553509113244,4.901887539212016e-05,-0.00466248781916074,0.0005983222075767016,0.9999889503464635
1741341996.3598776,2,0.009460078933226975,-0.0005968891931875538,-0.007422117681632668,8.899366325098803e-05,-0.004550195260618614,0.00048565580527200434,0.9999895259159752
1741341996.3762243,2,0.009515374797819219,-0.0005881669627224372,-0.007330567346704372,0.00012536657627765886,-0.004646069924917964,0.000501647816770376,0.9999890732737744
1741341996.3929636,2,0.009531345844704931,-0.0005889726807692092,-0.007322705852222959,0.000242106430893739,-0.004580769527309547,0.0005638488951558072,0.9999893199476868
1741341996.4096427,2,0.009565290558902874,-0.0005863036965307224,-0.0073228473363803745,0.0005838262513304172,-0.004657627972776347,0.0003870810827658166,0.9999889078468874
1741341996.4262776,2,0.009565542467658701,-0.0005914759901750081,-0.007362431467268539,0.00039625016954694675,-0.004689256605154484,0.0005339512922204956,0.9999887843142601
1741341996.4431267,2,0.009456925861780449,-0.0006023798291469913,-0.0075016395967941315,-0.00011237424813149695,-0.0046182866399556155,0.0005479468210363117,0.9999891792188658
1741341996.4601245,2,0.009590907235215076,-0.0005899362401681378,-0.0073201892117130225,0.00025760800450322314,-0.0047308590456640555,0.0004584916924136767,0.9999886711339154
1741341996.4763062,2,0.009561629560062745,-0.0005875743402344098,-0.007312392802964776,0.00039593372078246204,-0.004684561935399982,0.00035080578681540714,0.9999888874638868
1741341996.49316,2,0.009582244670540146,-0.0005851950001575018,-0.007261637400294641,0.0001027232238489591,-0.0046325239247582885,0.0005063241351534026,0.9999891363439385
1741341996.5097067,2,0.009556817259427183,-0.0005863251612118344,-0.007299660597316867,0.0005146247419298001,-0.004567881541782276,0.0004451594490052314,0.9999893356694662
1741341996.5264332,2,0.009624203059848098,-0.0005823770242301033,-0.007258354162382627,0.00044507605046051243,-0.0046996476663008525,0.0005127646458444296,0.9999887260822193
1741341996.5431056,2,0.00956823439523968,-0.000590844906541074,-0.007362651946253933,0.00022315894343171683,-0.00467894201529432,0.000531796486120929,0.9999888873853553
1741341996.5596166,2,0.009619447493288252,-0.0005884019203422516,-0.007317244648681163,-0.00010570234142863222,-0.004750480327396343,0.0005641253793314753,0.9999885516975834
1741341996.5764952,2,0.009581929590855218,-0.0005888709623440158,-0.007342308909993343,0.00020900226123789987,-0.004778468660039966,0.000496594275293224,0.9999884379078818
1741341996.5930994,2,0.009559488044072223,-0.000587733294613112,-0.007328391696545661,-6.17463560885163e-05,-0.004706909524427013,0.0005993721770637449,0.9999887409081712
1741341996.6099336,2,0.009564504484524363,-0.0005888261835898372,-0.007294314388081034,0.0003031223528373424,-0.004630485582728841,0.000489255225798077,0.999989113615459
1741341996.6266975,2,0.009604000752859925,-0.0005862328671097551,-0.007250507324095086,0.0005091457488803756,-0.004633461848739495,0.00046216874453287204,0.9999890290407961
1741341996.643389,2,0.009600752972378106,-0.0005870120628043576,-0.007285133389288942,0.0004993423167617847,-0.004652743927907881,0.0005216382941594929,0.9999889152009046
1741341996.6601155,2,0.009653524927782538,-0.0005876820185610335,-0.0072629185161177355,0.0003004072671847754,-0.004765665183524864,0.0005443267902371048,0.9999884508828979
1741341996.6765084,2,0.009478393404435558,-0.0006010222545893826,-0.007490931674341716,-2.4567385111750575e-05,-0.004632908495230253,0.0006111899719546707,0.9999890809414553
1741341996.6933823,2,0.00957047437447546,-0.0005901029063283061,-0.007367315947667231,-9.717081906319703e-05,-0.0047454959185432724,0.0004891093458591929,0.9999886157343826
1741341996.7098627,2,0.009548628024131188,-0.0005866539694127986,-0.00734662569601514,0.0001740658273905407,-0.004664633891694242,0.00043662018746874943,0.9999890100668888
1741341996.7267165,2,0.009620827019367697,-0.0005796053358527594,-0.007228851633474123,0.0004181487313832325,-0.0047114615492018135,0.00042529529923696123,0.9999887231392248
1741341996.743335,2,0.009641487627498375,-0.0005819698558633783,-0.007204590033905485,0.0004241868529724774,-0.004603960482859292,0.00047392104152861164,0.9999891994477903
1741341996.7599225,2,0.009586289957566862,-0.0005898105263497113,-0.007302163094403592,0.0005465259607487451,-0.004649441630905109,0.0004875570734792828,0.9999889230836486
1741341996.7768888,2,0.00958765063022995,-0.0005936290230394556,-0.007342273878513078,0.000303078991430195,-0.00471527461065429,0.0005426432436536151,0.9999886898694311
1741341996.7933364,2,0.009593922975596416,-0.0005929280342245581,-0.007359619103743722,7.934315215464166e-05,-0.004736163393199016,0.00051492912278072,0.9999886485900606
1741341996.8100016,2,0.00955877167862121,-0.0005936631116369471,-0.007381307139304701,-0.00022115291019866718,-0.004691616377681586,0.0004936921685446287,0.9999888479854152
1741341996.826683,2,0.009507101333944355,-0.0005948609733162021,-0.00739753914709733,-3.649581552170046e-05,-0.004580571407990193,0.0005858385717119764,0.9999893368565486
1741341996.8433301,2,0.009582252619772979,-0.0005858774395181004,-0.007272094287261252,0.00022241243074117318,-0.0046199797978049295,0.00048361746763441035,0.9999891861582922
1741341996.8603382,2,0.009606913677783786,-0.0005853658244229864,-0.007241217534414612,0.0003305714048607202,-0.004617132032338308,0.00048398879981290794,0.9999891692259391
1741341996.87665,2,0.009568783714642986,-0.000588440207272855,-0.007315349059409429,0.0005602080441123768,-0.0046936792335108436,0.0004931787922816203,0.9999887060946634
1741341996.8933172,2,0.009522746358995865,-0.0005946206981549445,-0.007410264606437772,0.00022222282287426355,-0.004634524417218675,0.0006230341820106286,0.999989041754384
1741341996.9101193,2,0.00962986635364943,-0.0005876066106985297,-0.00731396343035894,0.00014804304194357014,-0.004753310738121598,0.0005523915239618757,0.9999885394262721
1741341996.9266903,2,0.009587019854493534,-0.0005938898930051451,-0.007347690873560403,-0.00018182709194816758,-0.004743861290865751,0.0005369575956214734,0.9999885871326243
1741341996.9436388,2,0.009542598676554576,-0.0005932358106282744,-0.007353700137005124,-0.0002585811421101921,-0.004674504208980922,0.0005797824144433907,0.9999888729373668
1741341996.9605901,2,0.009538001833655082,-0.0005920283030750194,-0.0073197877451138,4.6999228991805446e-05,-0.004592739621819734,0.0005658499657081628,0.9999892921164981
1741341996.9767354,2,0.009596821644941123,-0.0005857973036718254,-0.007247033681157525,0.0001957141373054816,-0.004632626430427822,0.0005466649113053564,0.9999891007535069
1741341996.9934423,2,0.009641658128385569,-0.0005785002746034031,-0.007221122237090553,0.0003722493360163196,-0.004745192655170498,0.0005679442778563329,0.999988510942198
1741341997.0102162,2,0.009593342245574373,-0.0005857373899023885,-0.00731946322957422,0.00050140519593322,-0.004651083987191957,0.0005075586437201993,0.9999889291361163
1741341997.0269058,2,0.00959363502696057,-0.0005898641617050757,-0.0073444085553879945,-5.3305782143884516e-05,-0.004683034620654002,0.0005783026260403447,0.9999888658936699
1741341997.0436637,2,0.00958540014522077,-0.0005932193707473682,-0.007338036558778439,0.00019194216611502052,-0.0047752926648649665,0.0005242415393648067,0.9999884423876999
1741341997.060166,2,0.009486001209526486,-0.0005969576835932486,-0.0074167537631158855,-9.412975359363653e-05,-0.004598634365585682,0.0004875397303972024,0.9999893029460728
1741341997.0770323,2,0.009529215228713809,-0.0005914396172748295,-0.00732678377472333,0.00014906499493386378,-0.0045862929012839265,0.0005361058062159335,0.9999893280868629
1741341997.093478,2,0.009554063378152516,-0.0005867422334071963,-0.007292604981022101,5.5654812546884526e-05,-0.004643298016733141,0.0005701081734700278,0.999989055771482
1741341997.1103384,2,0.009622374285133267,-0.0005837064062346988,-0.007232988931122117,0.0005025963867021262,-0.004698400517373968,0.0004898116849149548,0.9999887161933197
1741341997.126932,2,0.009635223600021723,-0.0005848125169123593,-0.00725785726630664,0.0003979709231470615,-0.004623729530951946,0.0005502857788879866,0.9999890799053409
1741341997.1436474,2,0.009599591725479655,-0.000589116342684449,-0.007322287370911622,0.00024070596074506973,-0.004658904043319687,0.0004727459591672028,0.9999890065320787
1741341997.1605923,2,0.00964101040801784,-0.0005892909388370748,-0.0072702727416482016,0.00031386315724935503,-0.004765227092395089,0.0005624770576391462,0.9999884387932872
1741341997.1769183,2,0.009568492776496426,-0.0005907183922525434,-0.007320808125621153,-8.376365207014514e-05,-0.00466711075957833,0.0004909559893686411,0.9999889849508469
1741341997.1938446,2,0.009645102961663696,-0.0005813127952789554,-0.0071960606916261416,0.0001442666610900474,-0.004623802740908768,0.0004973422249280785,0.9999891760844489
1741341997.2103512,2,0.00955756511178084,-0.0005864826456808351,-0.00728416939105254,-2.082648468118213e-05,-0.004672691305710842,0.0006579962291311689,0.9999888662196103
1741341997.2270443,2,0.009601135479735427,-0.0005834804728569845,-0.007251820996579411,0.000493522226121098,-0.0045798212112916304,0.00048299464925954667,0.9999892741373049
1741341997.244288,2,0.009566662759090294,-0.0005913631137103099,-0.007330495753494304,0.0004235360896825232,-0.004609578598620772,0.0005340452371479998,0.999989143540073
1741341997.2603748,2,0.009555483044811193,-0.0005934875164360457,-0.0073754149305308445,0.0003611505123177949,-0.0046678781725053835,0.0005279166099459991,0.9999889008322678
1741341997.2770946,2,0.009588327826740965,-0.0005915903799253475,-0.007339921923155719,5.8559606390529505e-05,-0.004713023977807252,0.0005328742339708172,0.9999887499471222
1741341997.2938864,2,0.009524085433534968,-0.0005911870151273493,-0.007380886348423145,-4.643985054085972e-05,-0.0046136796567800105,0.0005306066959069638,0.9999892150717923
1741341997.3103738,2,0.009609708822176204,-0.0005817256080025536,-0.007240285081767365,0.00020081518798894293,-0.004597465398653799,0.00047914251769429157,0.9999892966465271
1741341997.327236,2,0.00961792225113733,-0.0005812449762248876,-0.007213902938811121,0.000147876207139729,-0.0046195908691784035,0.0005273857686170603,0.9999891796299997
1741341997.3438327,2,0.009584240725860569,-0.000585546993460235,-0.007273057167490915,0.00041668466855459315,-0.004697233304468721,0.0005078873146669083,0.999988752148566
1741341997.3605185,2,0.009670648344785109,-0.0005826474682804356,-0.007214603693324655,0.00043787645633402235,-0.004696390671222463,0.0005385414547204968,0.9999887310124919
1741341997.3772218,2,0.009563453853139135,-0.0005946862859869988,-0.007371941835735086,0.00019284046512913332,-0.004655956607670768,0.0005806908774887736,0.9999889737785749
1741341997.394082,2,0.009571671229529705,-0.000593324554356104,-0.00736464100050959,-6.147564167519317e-05,-0.004744708966357208,0.0004879405761964429,0.9999886228710626
1741341997.410931,2,0.009501888422049623,-0.0005960923697355501,-0.007409056631671706,-1.7683778387129214e-05,-0.004610876101500729,0.0006016651901335664,0.9999891886954877
1741341997.4275548,2,0.009553700881570155,-0.0005895244950119392,-0.007313965815723136,0.00018368261816501254,-0.004650741674734506,0.0004789730006361503,0.9999890536638065
1741341997.4438288,2,0.00951425068800383,-0.0005919810723277523,-0.007342029496395306,0.00010419631439824549,-0.004645318388520249,0.0004709960174201254,0.9999890941020051
1741341997.461331,2,0.009623081243006981,-0.0005836823871731865,-0.007232252118625779,0.0005296809921794005,-0.004682781558345883,0.0004545472631818963,0.9999887921280461
1741341997.4772751,2,0.009665510214202406,-0.0005830250796841599,-0.007222532421078274,0.00048014746037511585,-0.004766715899423624,0.0004989390470485444,0.9999883994016019
1741341997.4942436,2,0.009509934324326655,-0.0005972384725107953,-0.0074402346218901075,8.579530455103901e-05,-0.004630297338389871,0.0005512141795324454,0.999989124515188
1741341997.510705,2,0.009557288219062687,-0.0005927769865267188,-0.007386380462136987,-0.00014172919485404658,-0.0047451387228878514,0.0005405940221496921,0.9999885855995753
1741341997.527343,2,0.009628353672290084,-0.000586029231244672,-0.007273444169748583,0.00016822383430292032,-0.004677638073488077,0.000537371982044906,0.9999889012554829
1741341997.5441902,2,0.009533621942698781,-0.0005933557247342655,-0.00734675634432574,0.0001663613546988432,-0.004743299265471861,0.000518339120670843,0.9999886023153134
1741341997.5608246,2,0.009604526344032636,-0.0005852026147341592,-0.007240980091175129,0.00021867373501654485,-0.004639723456599949,0.0005048340202906265,0.9999890850857602
1741341997.577558,2,0.009619053978057382,-0.0005842580856679129,-0.007241778166810011,0.0005697876546483021,-0.004691394703912215,0.0004939213998894375,0.9999887110359853
1741341997.5941381,2,0.009635196850065995,-0.0005841268620388202,-0.007258128799709902,0.0005747789057969164,-0.004752696706424986,0.0004983231834826972,0.9999884165215269
1741341997.6108809,2,0.009612628612183692,-0.0005871608205327191,-0.007319030211050086,-3.785240314417341e-05,-0.004710194977260759,0.0005647959186865208,0.9999887467547033
1741341997.6275458,2,0.009605737874343276,-0.0005890974447075473,-0.007333057064934529,-8.488781816560143e-05,-0.004745408826798989,0.0004953929774967682,0.9999886141726428
1741341997.6440356,2,0.00955849552322522,-0.0005908310340660886,-0.007361346192146411,0.0002971916909865336,-0.0046902812248592225,0.0005601145117231609,0.999988799542707
1741341997.660881,2,0.009481507415483304,-0.0005928586792449186,-0.007410723934709825,0.00014390273611393696,-0.004624785408667687,0.0004633065604078252,0.9999891879410284
1741341997.6773953,2,0.00958713589827138,-0.0005858220415399319,-0.007262706558909949,0.00020078929999089133,-0.0045967436968809144,0.00048642796808088043,0.9999892964521541
1741341997.6943686,2,0.009543323981570482,-0.0005897650695150029,-0.007323947051903036,0.0005811176634168536,-0.004667500836630827,0.0004614425418766036,0.999988831842127
1741341997.71092,2,0.009665241739670651,-0.0005853419581650242,-0.007218790669662647,0.00047871425046076783,-0.004688359906762964,0.0004938674911802504,0.9999887730414538
1741341997.7275505,2,0.009581088522988586,-0.0005938933148638794,-0.0073512615377080955,0.00016528177548272847,-0.0046529244628372565,0.000545272565680974,0.9999890127664938
1741341997.7445972,2,0.009469595042439504,-0.000602581015457542,-0.007488323477727616,-0.00015365655070820756,-0.004608403794309357,0.0005811405992286671,0.9999892005815547
1741341997.7611575,2,0.009507912301998161,-0.0005935792215268318,-0.0074189074251789005,0.00011430262222714698,-0.004653386159346273,0.0005528168307555944,0.9999890136025067
1741341997.777551,2,0.00956997019700966,-0.0005856515338274615,-0.007308765850787137,0.0002645653310514935,-0.004733212741243219,0.0004545860522945304,0.9999886599626281
1741341997.7946615,2,0.00954960503262241,-0.0005870086136422877,-0.00730710067534439,0.0004136341957551954,-0.0045312868264657255,0.0004618600575598293,0.9999895414611772
1741341997.8112304,2,0.009600698198738895,-0.0005866367039650109,-0.0072532529599737255,0.000548604147072927,-0.004607442608845032,0.00044432601744140757,0.9999891364812351
1741341997.8281307,2,0.009580844321244853,-0.0005925431767216023,-0.0073061491925132125,0.0005506306579756387,-0.004650799939408149,0.0004252549085982558,0.9999889429509032
1741341997.844597,2,0.009612139746772217,-0.0005910121327772356,-0.007304737353598846,0.00021951553888237746,-0.0046135138389533014,0.0005966131181043085,0.9999891556190864
1741341997.8610446,2,0.009591589169252485,-0.0005910292739638253,-0.007342300062012212,1.8693650936788997e-05,-0.004659659381919382,0.0005241897407430592,0.9999890061646215
1741341997.8779712,2,0.009621213121447267,-0.0005878467765986425,-0.007285614493464821,0.00015482045134627805,-0.004651261656970723,0.0005626757789933312,0.9999890125354347
1741341997.894455,2,0.009640830093233896,-0.0005850695143418941,-0.007226579988472674,0.0001290441400458096,-0.004725242583249985,0.0004382117706798088,0.9999887316368038
1741341997.911347,2,0.009536602857698076,-0.0005926341662750722,-0.0073150752707948,0.00018715732979021683,-0.004575952129858012,0.0004557465888521817,0.9999894089085573
1741341997.927787,2,0.00967463886653059,-0.0005799732435846354,-0.007152027731311035,0.0003368690587059112,-0.0046093670223860414,0.0005150811958946275,0.9999891874146699
1741341997.9443743,2,0.009566133555500358,-0.0005881709895324023,-0.007310791390816968,0.00048772689114177063,-0.0045861479294239706,0.0005683846564050727,0.9999892030959792
1741341997.9616628,2,0.009633076883332644,-0.0005842417754061442,-0.007272530420143817,0.0004555570674503876,-0.004695775945797636,0.0005620865913964141,0.9999887130436467
1741341997.977963,2,0.009596438944629245,-0.0005917950251579238,-0.007334425477666857,7.642341185716617e-06,-0.004701858422700247,0.0005522516215787705,0.9999887936807662
1741341997.9946046,2,0.009650081660881089,-0.000587945779665551,-0.00725191821430385,0.0002732799814478117,-0.004707019421457024,0.0005966118265583813,0.9999887066065027
1741341998.0113065,2,0.009621635520177536,-0.0005854800788542894,-0.007238279656576827,0.00014192402386693163,-0.004691021093728831,0.00042770614041371416,0.9999888955614092
1741341998.0279531,2,0.009664700435843117,-0.0005800537429721654,-0.007154520670119448,-3.1723808347870224e-06,-0.004775070604376414,0.0005218907258256695,0.9999884630938147
1741341998.0448604,2,0.009561319969362114,-0.0005889669748884607,-0.007280010026725891,0.00015045012317485635,-0.004621975448802258,0.0005646420828874932,0.9999891478846304
1741341998.0612035,2,0.00954958968714776,-0.0005913238820240224,-0.007329390727758632,0.0005878157051681897,-0.004596142454508692,0.0004987266634394082,0.999989140550511
1741341998.077941,2,0.009636757200026111,-0.0005849521250928118,-0.007267579649728791,0.00036070413004889504,-0.004674660274100922,0.0005887896998582351,0.9999888353229458
1741341998.0947294,2,0.009558775625807757,-0.0005923458764453735,-0.007372489306500079,8.751886253554793e-05,-0.004664159997362804,0.0005725922044203973,0.9999889549840714
1741341998.1114302,2,0.009559769431078967,-0.0005878405574351334,-0.007349849917905103,0.00011504701049928868,-0.004531797491638084,0.000575044748381952,0.9999895593951056
1741341998.128285,2,0.009685936530388257,-0.000576780129282254,-0.007169435781516656,0.0002968565296518427,-0.0047904524103009275,0.00044063237312411645,0.9999883845750496
1741341998.1446824,2,0.009542591650632447,-0.0005916556235620278,-0.00730933028902028,0.00020497693547523864,-0.004611825294467,0.0004621133618507155,0.9999892376936614
1741341998.1614041,2,0.009570343270012915,-0.000588810866451984,-0.0072765521921297,0.0001708860818663095,-0.004638131197228468,0.0005338686738669898,0.9999890867010417
1741341998.1780555,2,0.009631988618022672,-0.0005832748156786814,-0.0072276856553448125,0.00041602270481229766,-0.004671018309579157,0.0004787181190172366,0.9999888896092912
1741341998.1946747,2,0.009648300421790549,-0.0005844331836384344,-0.007246034182275185,0.0005333453501618451,-0.00474077308797361,0.00048656024910763375,0.9999885018700914
1741341998.2114646,2,0.009566323029259544,-0.0005916783257194529,-0.007360077063795339,0.00024681502492684385,-0.0046245930337548225,0.0005548304540180452,0.9999891221332274
1741341998.2280524,2,0.009694657034209065,-0.0005832980281863653,-0.007206536122926179,0.00023125564410333003,-0.0047525622616710825,0.0005356233618829629,0.9999885363244871
1741341998.2446482,2,0.009571714103998968,-0.0005932833749995144,-0.007316260155400588,0.0001351793623722638,-0.004720448948792158,0.0004971984774209982,0.9999887258774149
1741341998.2614706,2,0.009476010701580188,-0.000594719690092166,-0.007389594566309867,8.576013934695709e-05,-0.004502255619723826,0.0005226616442766099,0.9999897245293767
1741341998.2780983,2,0.00957731149725916,-0.0005820866254902244,-0.007263133093399233,0.0001434693444323654,-0.004648739678835399,0.0004719374273550612,0.9999890728958044
1741341998.2951488,2,0.00967930450848186,-0.0005756590207367034,-0.007172011811892559,0.0005266789413572973,-0.004727798001511956,0.0004529666741873116,0.9999885826130924
1741341998.3114445,2,0.00974154868935999,-0.0005788999088469546,-0.007147509916770764,0.00038032692814001873,-0.004741172635645159,0.0005840548128896614,0.9999885176907994
1741341998.3281593,2,0.009637140452273901,-0.0005893305637728624,-0.007294649835312435,-1.2347792408811294e-05,-0.004685648826617732,0.0005595375202575548,0.9999888656681978
1741341998.3449848,2,0.009563746185903456,-0.0005955235602343085,-0.007365425281492498,3.400830562472213e-05,-0.004711832816816292,0.0005573706316585817,0.9999887433431042
1741341998.361506,2,0.009583608603662303,-0.000589167968654833,-0.007302981384344803,0.000181651660973496,-0.004752943757764891,0.0004571770808238939,0.9999885836935472
1741341998.3783977,2,0.009678678180532852,-0.0005756170003931385,-0.007155065194905769,0.0002963082956522331,-0.004643006352735241,0.0004694055756935768,0.99998906711614
1741341998.3949478,2,0.009707247078860573,-0.0005745706902371404,-0.007123959027861172,0.0004314586544422758,-0.004647357099157786,0.0005324087851936386,0.9999889661672812
1741341998.4115229,2,0.009680291672335374,-0.0005798074032424818,-0.0071877501629790145,0.0005332789328273257,-0.004706169039935941,0.00048535669238261147,0.9999886659434839
1741341998.4282844,2,0.009611178141942761,-0.0005890608776102522,-0.0073005015498502895,0.0002505366523910292,-0.004628217185850646,0.0005852235756730067,0.9999890871156709
1741341998.4449177,2,0.009572480517852068,-0.0005935226791260596,-0.007361024482211633,0.00010080106216450976,-0.004670578126968624,0.0005604354666837717,0.9999889306643316
1741341998.4623992,2,0.009553847106301088,-0.000594323621379984,-0.007375621725455266,0.00016196017910736994,-0.004697413141349804,0.0005400239332659409,0.999988808163787
1741341998.478494,2,0.009582717488882717,-0.0005888785109714267,-0.0073150979895961026,0.00010321691050860167,-0.004614206895839917,0.0005732488780701342,0.9999891848548741
1741341998.4949892,2,0.009603221511275552,-0.0005859961779544063,-0.00726551140644154,0.0002836476203711982,-0.004726685297171555,0.0004517939360529729,0.9999886868721908
1741341998.5117893,2,0.009613548073190412,-0.0005861921477048829,-0.00723955581935507,0.00038070699774411744,-0.004637371953093215,0.000447272955605073,0.9999890748355473
1741341998.5283256,2,0.009577054441664476,-0.0005864134642561287,-0.007295691353083257,0.0003750673989921798,-0.004704187091696455,0.00045502566740086945,0.9999887613867942
1741341998.5451417,2,0.009643707726905449,-0.0005811897775457258,-0.007249965863421295,0.000589012193007992,-0.004710275302559171,0.0004815257196443119,0.9999886171873117
1741341998.5616565,2,0.009712220834233879,-0.0005815904599158184,-0.007201997381396178,0.00026669071712397715,-0.004751274808437991,0.000500280156618081,0.9999885519262314
1741341998.578425,2,0.009623984570197572,-0.0005888799413000536,-0.007309514534858765,-5.6130416752478975e-05,-0.004761495964447888,0.0005168545130311707,0.9999885288676912
1741341998.5953102,2,0.00966379042589067,-0.0005840811469403752,-0.0072347171834890615,-1.4768263858871682e-05,-0.0046758384492904415,0.0005867635492951977,0.9999888959509659
1741341998.6118107,2,0.009617460373328942,-0.0005849569707578955,-0.007243239108000828,0.000227446341759659,-0.004692141914009974,0.00044406591094894437,0.9999888673769759
1741341998.6286917,2,0.009655188767634302,-0.000579512716805767,-0.007174472943742367,0.00030207877196707566,-0.004636757558647866,0.00042472175401694754,0.9999891143603462
1741341998.6452355,2,0.009619810076581565,-0.0005849534891555346,-0.007240730461769097,0.0005720532199276576,-0.004669503357899058,0.0005299456990879112,0.9999887937627402
1741341998.6618037,2,0.009686558566564338,-0.0005831548327925529,-0.0072079244845197595,0.0005360308239868378,-0.004724259476599597,0.000523835764773761,0.9999885597542829
1741341998.6786315,2,0.00955287196125238,-0.0005947608948540972,-0.007392611029361849,-6.411061716557796e-05,-0.004705155200311048,0.000577530934582588,0.9999887618680469
1741341998.6953084,2,0.009587969853061897,-0.0005882449897761831,-0.007345405284418057,-0.00011723112393829034,-0.004728701330983116,0.0005277267158115322,0.999988673508405
1741341998.7119608,2,0.00967989798334078,-0.0005773541723787478,-0.007196771401954659,-5.844283568392142e-05,-0.004726527113966818,0.0004178881694862328,0.9999887408842929
1741341998.728632,2,0.009730924714130507,-0.0005739717495606019,-0.007101540212108246,0.00027814757106288716,-0.004660914154965079,0.00044374153992192053,0.9999890007428154
1741341998.7452295,2,0.009538127227586308,-0.0005905945008008777,-0.007319158370365764,0.0001917737448374165,-0.004564287231217501,0.0005256743892050392,0.9999894270297753
1741341998.762178,2,0.009630823136690968,-0.0005829046429805129,-0.007230648641604472,0.0005380976165038105,-0.0046484695603736794,0.0004966165984013304,0.99998892771553
1741341998.7786453,2,0.00967316859845128,-0.000581260652934969,-0.007212252432167709,0.00044374295383804415,-0.004716268794711257,0.0005045935337265829,0.9999886525787244
1741341998.7951684,2,0.009658767445800874,-0.0005843306103043677,-0.007248476172256102,0.0003656385844789428,-0.004744350802066634,0.0004758713608649236,0.9999885654297954
1741341998.8121417,2,0.009731580299953238,-0.0005798153622785953,-0.007164983993882048,0.0002677557320303471,-0.004775849569013457,0.0005750178763439872,0.9999883943937569
1741341998.8286583,2,0.009669116283164927,-0.0005839522269826232,-0.0072115869769747674,0.00012108465217837928,-0.004703999153542217,0.0005160349758133399,0.9999887956564184
1741341998.8456614,2,0.009556020752575906,-0.0005929427014112598,-0.007313795752381023,0.00035018746920523815,-0.004658533003971787,0.00046124528648125787,0.9999889812851804
1741341998.8622415,2,0.009523433227602933,-0.000590354026532031,-0.007330908818683111,0.00010298943045027703,-0.004562205723382719,0.0005346092879642356,0.9999894448768066
1741341998.8790593,2,0.009694354150241738,-0.0005749953228869881,-0.0071413172658177934,0.00044920499228901824,-0.00473918896346788,0.0004584163412382326,0.9999885640132599
1741341998.8954418,2,0.009709510067669512,-0.0005762316457995841,-0.007152302492002188,0.0005294280060166729,-0.004688953021838786,0.0004974095249094242,0.9999887429412943
1741341998.9118466,2,0.009733697745547535,-0.0005808081039403393,-0.007156830887855438,0.00027168203832268355,-0.004748960300178194,0.0005896339621637628,0.999988512882387
1741341998.9289358,2,0.009646874888186444,-0.0005877924606577414,-0.007267807261183565,0.0001484408369620301,-0.004769717452976171,0.0005747638801430216,0.9999884486368923
1741341998.9452782,2,0.009588471359824224,-0.0005891927985961352,-0.007306679687400709,3.5100624369447514e-05,-0.0046987099051969535,0.0005133599045658166,0.9999888286149908
1741341998.9624567,2,0.00964578175588168,-0.0005826614893513623,-0.0072018514857685925,0.00018434500950885173,-0.004603205156863667,0.0004379998156261118,0.9999892922803537
1741341998.9788072,2,0.00956147999000555,-0.0005847919376058385,-0.007276453290165196,-0.00010251383210365322,-0.004673595732433914,0.0005452980929841246,0.9999889247605864
1741341998.995259,2,0.009646762899505727,-0.0005819491657780348,-0.007191430042535645,0.00031850064536656373,-0.004646726798029167,0.0005080694906901285,0.999989024116163
1741341999.0122628,2,0.00962584001846636,-0.0005858800552624852,-0.007254516554432001,0.0004302976917355511,-0.004676399149150409,0.0005405583214133356,0.9999888269033786
1741341999.0287821,2,0.009663301300502226,-0.0005857329786281436,-0.007242407142871608,0.0004732518176215418,-0.00473420162961982,0.0005707288468374676,0.9999885187522058
1741341999.0455225,2,0.009662531610658198,-0.0005828895549347439,-0.0072452695150986325,0.0002613532929986229,-0.004718199453185279,0.0005418588918750495,0.9999886882746812
1741341999.0621457,2,0.009583232168491588,-0.0005859727755730687,-0.007310553052633958,-5.415227413766282e-05,-0.004637767538871997,0.00047450586808552616,0.9999891314529212
1741341999.0788145,2,0.009710020574372306,-0.0005771607919032547,-0.007131521501036754,0.0003604757589328715,-0.004686994972416672,0.00045742299301704286,0.9999888463875791
1741341999.0956743,2,0.009653001968204313,-0.0005797423333110962,-0.007176041432070254,2.327433649239797e-06,-0.004672671073286382,0.0005564005343331038,0.9999889282177424
1741341999.1121955,2,0.009541215616223819,-0.0005915633645855864,-0.00731814744371321,0.00028129727421104386,-0.004617970210347783,0.0005203817149285649,0.9999891621541959
1741341999.1289008,2,0.009553140051339675,-0.0005914515357563775,-0.007331723226807839,0.0004152097350179464,-0.004608392938860361,0.0005141766543138396,0.9999891629101614
1741341999.145651,2,0.009609820056316744,-0.0005852171779152652,-0.0072980852158082065,0.0005975942560392311,-0.004647490612453608,0.0004919292731385331,0.9999889007972551
1741341999.1624062,2,0.009639495686457479,-0.0005826075817150073,-0.007276469430484927,0.0002873415064169932,-0.004719088827184819,0.0004920136013685937,0.9999887027152435
1741341999.1794024,2,0.009661392494110953,-0.00058447396665181,-0.007238585569823905,0.00039098062269381033,-0.0046704187149544125,0.0005286122370735724,0.9999888773842849
1741341999.195567,2,0.009659698209756366,-0.0005835572592485518,-0.007205439667803386,0.00019770530967287624,-0.00473153816201069,0.0005018070841401657,0.9999886607601519
1741341999.212262,2,0.009625024394149525,-0.0005799183380658307,-0.007210851829353556,5.984742255127422e-05,-0.004641986310572026,0.0004980663611868193,0.9999891000962353
1741341999.2291224,2,0.009579791647647887,-0.0005827268483893684,-0.007268220377565931,0.0002967535215684113,-0.004631951429272113,0.00047166970799458464,0.9999891171862777
1741341999.2455475,2,0.009647393820972315,-0.0005793113167246216,-0.007225731952363678,0.0005471421850611393,-0.00470349970116162,0.00047922423856110337,0.9999886739709204
1741341999.2626162,2,0.009606126744917709,-0.0005878683780455768,-0.007317189091615983,0.00044872855629038866,-0.004715445826759458,0.0005105044814089323,0.9999886512348589
1741341999.2790558,2,0.009683814352780372,-0.0005836281670151113,-0.007241700468687572,7.107963453291895e-05,-0.004775342473585771,0.0004806492925060297,0.9999884799477458
1741341999.2957013,2,0.009512806527292654,-0.0005952532852313721,-0.007413943763891466,9.944969458479661e-05,-0.004590504391986228,0.000558506580586379,0.999989302667576
1741341999.3127024,2,0.009651150337021424,-0.0005786403257210935,-0.007214657547952109,0.00041072519155602524,-0.004764090414608556,0.00039566642813354953,0.9999884890314569
1741341999.3291125,2,0.009656504838944646,-0.0005761359514137169,-0.007179976167218652,0.00034423403755974867,-0.004628059049002233,0.000461009308773889,0.9999891249622587
1741341999.3459744,2,0.00965793478598163,-0.0005765134123428926,-0.007192279588997599,0.0006561085994959369,-0.004719075086753506,0.0004076614136705212,0.999988566766642
1741341999.362451,2,0.009643814129285189,-0.0005838430994750639,-0.007241067261091453,0.00040500193282265424,-0.004700111229318611,0.000550442775024118,0.9999887209067
1741341999.3792071,2,0.00961661695368428,-0.000586754684105777,-0.0073009773881022874,0.00033531523043248536,-0.0046932055454758466,0.0004962946167017024,0.9999888074758926
1741341999.3960397,2,0.009659732308885971,-0.0005854934706059052,-0.007257097921780606,0.000135328367567505,-0.004720044026397673,0.000528774503251752,0.999988711570359
1741341999.412828,2,0.009674947992464464,-0.000582429865101712,-0.007226863507616706,0.00043778557199544493,-0.004793063230029556,0.0005143517947478514,0.999988285096829
1741341999.4294338,2,0.009683815693005072,-0.0005808189175720593,-0.007189871712056979,1.7242171500217133e-05,-0.004727102020285558,0.0004930658368305428,0.999988705483856
1741341999.4460156,2,0.009608585121089067,-0.000586088750366643,-0.0072546976910641235,0.0002950330065945021,-0.004732091724460503,0.0004987234210999639,0.9999886357046192
1741341999.4632833,2,0.009569010068511404,-0.0005872344334460741,-0.007294382750868009,0.0005044300647520924,-0.004642216159583662,0.0004934745534342997,0.9999889758703856
1741341999.4795887,2,0.009576683913768749,-0.0005833284874321393,-0.007300279470512828,0.00038465251170537607,-0.004672972247703278,0.00046599459505602573,0.9999888990493119
1741341999.4960754,2,0.009682798105489984,-0.0005800156210576074,-0.007212333053765661,0.0004723727349227787,-0.004702313208125635,0.0005418285743419259,0.9999886857041373
1741341999.512751,2,0.00960675197581089,-0.0005913698519087258,-0.0073264538170307635,8.160886071855021e-05,-0.00470407368912084,0.00047697755981767926,0.9999888186990535
1741341999.5293522,2,0.009550786123185896,-0.0005979383966484788,-0.0073866633339168195,-9.01196448400207e-06,-0.004735938391335963,0.0005702901616803446,0.9999886227230135
1741341999.546135,2,0.009506965141095414,-0.0005966318017709937,-0.0073980056683284915,-7.292540295935521e-05,-0.004681178405061652,0.0004870990886205303,0.9999889219311899
1741341999.5628893,2,0.009583490157235228,-0.0005850716218036906,-0.0072691305674889095,0.00016044574692733799,-0.0046100498500539384,0.0005098848973948775,0.9999892307994791
1741341999.5794847,2,0.009527428334664533,-0.0005878911108340881,-0.0073255357457281305,0.0003023040305102306,-0.004608281771031687,0.0005098730925265445,0.9999892061321569
1741341999.596056,2,0.009605632386247493,-0.0005858689319840764,-0.0072669811994142425,0.0005807703654019203,-0.004629416561729282,0.00044983961173811074,0.9999890143658602
1741341999.6128526,2,0.009545673125507763,-0.0005924030648647735,-0.0073777458864268085,0.0004593489468814981,-0.00463226202035308,0.0005539294957685283,0.9999890120942496
1741341999.6293163,2,0.009538679463402852,-0.0005951521544123809,-0.007405005949084084,1.7835746639609587e-06,-0.004713577375840007,0.0005130838197882039,0.9999887594018919
1741341999.6462667,2,0.009561012985687494,-0.0005892805561991982,-0.00736027677542904,0.00020244504267458093,-0.004712983762523693,0.0004722951077599599,0.9999887618055466
1741341999.6628249,2,0.009475320709570636,-0.0005932992200670329,-0.007418635948175812,0.0001281069247193787,-0.004656216331230276,0.0004524332834189294,0.9999890492111485
