Synchronized Time (s),ROS Header Time (s),Camera Number,Fiducial ID,Position X,Position Y,Position Z,Rotation X,Rotation Y,Rotation Z,Rotation W
1740166436.5041215,1740166436.4864495,1,3,0.0023557730694473405,-0.0015604278452996017,-0.0025018630283959466,-0.0034502682423520133,0.006786352184086679,-0.0026164454775961838,0.9999675971181027
1740166436.516924,1740166436.5028527,1,3,0.00234267011939226,-0.0015390373473614777,-0.0024739528032781976,-0.003418643830021214,0.006822370516356481,-0.002583546009992603,0.9999675461858326
1740166436.533817,1740166436.5198114,1,3,0.0023438106169646157,-0.0015390796904470173,-0.0024774418816497262,-0.0034566144789670333,0.006762983766585892,-0.0026002854551934163,0.9999677756720303
1740166436.55037,1740166436.5363579,1,3,0.0023374545919122125,-0.0015269077705839986,-0.0024619347217033813,-0.0034398619357555683,0.006779287533113917,-0.0026062199968818174,0.9999677075924672
1740166436.5666223,1740166436.5530634,1,3,0.0023565246874840563,-0.0015574187034796093,-0.0025012761037145476,-0.0034788438323702124,0.006771163232356856,-0.002623228116929709,0.9999675833087378
1740166436.5833273,1740166436.5698218,1,3,0.0023768418786208174,-0.0015892352083146876,-0.0025405210459795513,-0.0034685254594319544,0.006741800960960452,-0.0025523556745061797,0.999968000953756
1740166436.6030638,1740166436.5863066,1,3,0.0023286514317574078,-0.0015149814934353235,-0.0024404459064395166,-0.0033638686416904333,0.00682969693012471,-0.0025799373210481386,0.9999676912535842
1740166436.617102,1740166436.6029508,1,3,0.0023497999944183264,-0.0015461951211130972,-0.002484407495066456,-0.0034094812919972864,0.006826256885223454,-0.002571450664075273,0.9999675821224099
1740166436.636812,1740166436.6196856,1,3,0.0023691279421913514,-0.0015737314851641685,-0.002522167894884758,-0.003461925203199216,0.006796530857299453,-0.002604618728607808,0.9999675185742144
1740166436.6504889,1740166436.6363466,1,3,0.002366084243515293,-0.001569098322659817,-0.002517338578491205,-0.0034560334589035374,0.006804525805332163,-0.002600565720180796,0.999967495131332
1740166436.6693058,1740166436.6533651,1,3,0.002313735740807913,-0.0014882123096030288,-0.0024102321401241068,-0.00347223302034196,0.006843713653227581,-0.0026371935049081417,0.9999670756538451
1740166436.6835122,1740166436.6697748,1,3,0.002343040433596968,-0.0015366381805309603,-0.002469680012738654,-0.003459539664501736,0.006817820366227168,-0.0026308402191256974,0.999967313261041
1740166436.6999755,1740166436.6864817,1,3,0.0023029948405737057,-0.0014737844782079694,-0.0023877153417935387,-0.00338282370407448,0.0069073494408828625,-0.0026036755644380455,0.9999670324070908
1740166436.7183335,1740166436.7033052,1,3,0.0023514698843539205,-0.0015476969565293146,-0.0024868408349998086,-0.0034382949691906407,0.006803657483790261,-0.0025723555190186225,0.9999676351560745
1740166436.7336555,1740166436.7197483,1,3,0.002292913146510021,-0.0014520532720387865,-0.0023650586921994967,-0.0034313215524406507,0.006865112961131348,-0.0026425405452742854,0.9999670560752995
1740166436.7497358,1740166436.7366447,1,3,0.0023156331031929335,-0.001489564189782597,-0.002412486923892753,-0.003453640823419581,0.006865832476273795,-0.002616619273853258,0.9999670424634235
1740166436.7666204,1740166436.7532647,1,3,0.002330371386348279,-0.0015150643796607007,-0.002442721959407832,-0.0034268699326677064,0.006842402281979739,-0.002574502870928316,0.9999674044829879
1740166436.783409,1740166436.7697282,1,3,0.0023157345755974302,-0.0014917908721894608,-0.0024105656338085676,-0.003388277893669381,0.006895501892293499,-0.0026206939750285253,0.9999670512520189
1740166436.800549,1740166436.786795,1,3,0.0023254110673509116,-0.001507746793868268,-0.0024328860124928488,-0.003390019723719212,0.006802081394479605,-0.002617674145017355,0.9999676930966551
1740166436.821402,1740166436.803311,1,3,0.0023341503456644633,-0.0015189305564444857,-0.0024501380050210735,-0.003386621631544985,0.006782620759164637,-0.002583504867326325,0.9999679256616997
1740166436.8338833,1740166436.819924,1,3,0.002325418891373309,-0.0015030495564843068,-0.002431259025526804,-0.0034270236163910423,0.006829426950838728,-0.002647575957539885,0.9999673018545181
1740166436.8503287,1740166436.836632,1,3,0.0023074714103399237,-0.0014757568852783428,-0.002393885431733801,-0.0034081956754706323,0.006852505566627896,-0.0025947237409769904,0.9999673468560887
1740166436.8665874,1740166436.853211,1,3,0.0023196441909092086,-0.0014980951279210193,-0.002420151593386211,-0.0034096238033671164,0.00682253514616416,-0.0026089826678417937,0.9999675098167629
1740166436.8834474,1740166436.8700864,1,3,0.0022872117550748272,-0.0014464236865778589,-0.0023523767141586703,-0.0033846881255757766,0.006885285514263431,-0.002619893714142255,0.9999671359032788
1740166436.9003701,1740166436.8866506,1,3,0.002322671266195086,-0.0015010198092220998,-0.0024247887146710656,-0.003384311107357176,0.006847330074659214,-0.002574462115344773,0.9999675157993854
1740166436.9170768,1740166436.903283,1,3,0.0023100735000240293,-0.0014798190291128287,-0.0023992550484621712,-0.003393728276871582,0.006853414087789973,-0.0025807116586321803,0.999967426095
1740166436.9336028,1740166436.9200194,1,3,0.0023148000633538292,-0.0014860044242201221,-0.0024088991501819575,-0.0034431022147672435,0.0068579703851622065,-0.0026066791904937165,0.9999671587171914
1740166436.9506028,1740166436.9367871,1,3,0.002389362001168427,-0.001605194946391318,-0.002561888940010964,-0.0034912922892664225,0.006743496389829305,-0.0025830791248884952,0.9999678314010035
1740166436.9678533,1740166436.9536731,1,3,0.0023407885340047756,-0.0015310810440357136,-0.002465058026895414,-0.0034324962589685876,0.0068219265783705275,-0.002588842683390942,0.999967488061863
1740166436.983952,1740166436.970171,1,3,0.0023775523375192823,-0.001587986719002732,-0.0025405134935775403,-0.0034273639544549813,0.006791341944324731,-0.002621452794191948,0.9999676288941391
1740166436.999986,1740166436.986697,1,3,0.0023590172554099537,-0.0015584813333263457,-0.002503242577189968,-0.0034441035978378435,0.006827666143806963,-0.002625484824518839,0.9999673134432305
1740166437.0178893,1740166437.003795,1,3,0.002349441001820234,-0.0015430040582049105,-0.002483000049979106,-0.003461482572700874,0.006822563648843335,-0.002642036697045898,0.9999672446664181
1740166437.0338802,1740166437.0202656,1,3,0.0023207907441054974,-0.0015005739881137506,-0.002425099569073169,-0.0034202161103000354,0.006873898098523882,-0.0026282392886581175,0.9999670714603214
1740166437.0508134,1740166437.0368888,1,3,0.0023444584016204632,-0.001539406669958607,-0.002475269582743684,-0.0034148136879671573,0.006816060969765965,-0.0025946938720607525,0.9999675734362806
1740166437.0668142,1740166437.053557,1,3,0.002354108173567135,-0.0015550808087833625,-0.002495197012084547,-0.0034314495626180403,0.006803294636191062,-0.0025809794221454065,0.9999676389169876
1740166437.0859804,1740166437.07003,1,3,0.002342508572085273,-0.0015374315043391118,-0.0024718811723319907,-0.0034075422671537353,0.0068075748273035835,-0.002565713060867211,0.999967730827929
1740166437.1024663,1740166437.0869815,1,3,0.002353700234325299,-0.0015505073229271052,-0.002491551004374719,-0.0034261231931952073,0.0068596501714018,-0.0025959055759373468,0.9999672335399954
1740166437.1179168,1740166437.103458,1,3,0.0023426743041880973,-0.0015317388789735608,-0.002470126388774234,-0.0034466269238642,0.00686165697926584,-0.002635148870031621,0.9999670466654286
1740166437.1355166,1740166437.1203663,1,3,0.00236615845045771,-0.001571376691689352,-0.0025186396193866744,-0.0034487090131271976,0.006748814095252719,-0.002599205116334218,0.9999679015084503
1740166437.1520617,1740166437.1371684,1,3,0.0023691991230976477,-0.0015740485400624084,-0.002527058050050874,-0.0034727766557901664,0.006793439761127955,-0.002623064110322409,0.9999674537369624
1740166437.168052,1740166437.1536667,1,3,0.002384793990192945,-0.001596264170593917,-0.0025587363744774927,-0.0035852491344328316,0.006767620749078188,-0.0026203832302277774,0.9999672389082392
1740166437.189653,1740166437.1705184,1,3,0.0024137920588126658,-0.0016404024642628031,-0.0026157359030449046,-0.0035158457992075427,0.006726570737933209,-0.002574102604957108,0.9999678825193352
1740166437.2054513,1740166437.1871576,1,3,0.0023090823643174556,-0.0014835142928641763,-0.002404070143618471,-0.003504239782884075,0.006820317727842172,-0.002635897240090547,0.9999671272673792
1740166437.2192695,1740166437.2035394,1,3,0.0024123077186275813,-0.0016481823905505908,-0.0026133392677507336,-0.003385557424901813,0.006758980029099697,-0.002512135934116373,0.9999682711781096
1740166437.2359006,1740166437.2206357,1,3,0.002372472379971779,-0.0015787276165011932,-0.0025338032072335457,-0.0034782372393203495,0.006805762265154459,-0.0026081744000405476,0.9999673899142892
1740166437.250558,1740166437.237022,1,3,0.0023502340158467173,-0.0015507070491997954,-0.002492822604841282,-0.003518765556299708,0.006808522978063562,-0.0026037986165259874,0.999967240731706
1740166437.267385,1740166437.2537963,1,3,0.002389067935323942,-0.0016042791453593369,-0.002563920222549612,-0.0034257856390059963,0.006763701831831124,-0.0025855105922453457,0.999967915217915
1740166437.2840362,1740166437.2704206,1,3,0.0023210707967249227,-0.001501408732343481,-0.0024336997885403893,-0.0035500794557099843,0.006823215940785585,-0.002672176665006002,0.9999668495165
1740166437.3004146,1740166437.287088,1,3,0.0024009765257448105,-0.001632974357905727,-0.002589534189581037,-0.0034390058128665507,0.0067330661798597116,-0.0025534768659565025,0.999968158900438
1740166437.3165774,1740166437.3038948,1,3,0.0024133313248786447,-0.0016469074754204868,-0.002618400550927728,-0.0033798156113001355,0.006700428853194793,-0.0025611790220851655,0.9999685602365874
1740166437.334108,1740166437.3204331,1,3,0.002395705842112794,-0.0016231501933402029,-0.0025887192024812277,-0.0035479344976078048,0.006775298898665093,-0.002601988155065463,0.9999673680392152
1740166437.3504765,1740166437.337312,1,3,0.0023761236203234427,-0.001590291385239366,-0.0025409368952503688,-0.0034076271431114176,0.006791326303064298,-0.0026468074086051386,0.999967629663501
1740166437.3670971,1740166437.3538766,1,3,0.002367866130935958,-0.0015758767138570663,-0.0025289696201628927,-0.003472657507429449,0.006728877963792684,-0.00261546295204573,0.9999679105875002
1740166437.3837872,1740166437.3703415,1,3,0.002356570086632289,-0.001560851327079326,-0.0024997522221116677,-0.003494534252228484,0.0068117273560802,-0.0026387702305838987,0.9999672122087087
1740166437.4002397,1740166437.3873277,1,3,0.0023758476951367415,-0.0015947633966210196,-0.0025403413755592332,-0.0033421493944094096,0.0067990835743218505,-0.002623027572468035,0.9999678605966938
1740166437.4174,1740166437.4037275,1,3,0.00235300210007727,-0.0015549344600115575,-0.0025003430972635877,-0.0034794364907532664,0.006727614172459091,-0.0025723013326377623,0.9999680074857933
1740166437.4393752,1740166437.4203868,1,3,0.0023728936146512874,-0.0015840796092333191,-0.002534288798056034,-0.0034833990910323573,0.006782598296085709,-0.0025921338979427305,0.999967571040672
1740166437.4507,1740166437.4372334,1,3,0.00239933435746308,-0.001623879495748523,-0.002589690067482404,-0.003422649029400188,0.006737762990289497,-0.0025873013522793352,0.9999680964386917
1740166437.467637,1740166437.4537494,1,3,0.00237549325243782,-0.0015831249133823212,-0.002535245348653967,-0.0035378705734817706,0.006824826327173789,-0.0026298302130968597,0.9999669940605338
1740166437.4833255,1740166437.4708402,1,3,0.002421599487110742,-0.0016652847083642127,-0.0026308627514240353,-0.0034194241574173824,0.0067529048082856785,-0.0025845728401137718,0.9999680123875544
1740166437.5002358,1740166437.4873347,1,3,0.0023831334576599967,-0.0016034287960222289,-0.0025556146446562363,-0.0033351920990619265,0.0067482928643005195,-0.002535310360785177,0.999968454121656
1740166437.5173428,1740166437.5040338,1,3,0.002323706882077219,-0.0015087088162006185,-0.0024328267273094504,-0.0033782465084709994,0.006839141886253658,-0.0025968746441048414,0.9999675343884272
1740166437.5341508,1740166437.5207858,1,3,0.002405416589662504,-0.0016359842654019676,-0.002600040901718043,-0.003434250890484987,0.0066994679782196856,-0.0025578683799382033,0.9999683896798842
1740166437.5504115,1740166437.5371437,1,3,0.00239666619893997,-0.0016175576748422259,-0.0025813805406814426,-0.003522473530722695,0.006737581003010306,-0.002594363463539078,0.9999677327097471
1740166437.5678859,1740166437.5542517,1,3,0.0024072140567147644,-0.0016401611898962873,-0.0026022425662067116,-0.003492237215902591,0.006736279500320187,-0.0025999608368174154,0.9999678329933261
1740166437.584189,1740166437.5706556,1,3,0.0024280664852813654,-0.0016739296063478844,-0.0026455090609591994,-0.003392177555981189,0.0067052989292646125,-0.0025747608093941,0.9999684508545619
1740166437.6006699,1740166437.5872593,1,3,0.0024100420013937075,-0.0016454609629391777,-0.0026096091444854667,-0.003446502433113158,0.0067263500721019874,-0.0026011244324227255,0.9999680554834605
1740166437.616567,1740166437.60424,1,3,0.002410927636825257,-0.0016455069630269697,-0.002610302530663216,-0.0034243947236166097,0.0067252756739233826,-0.0025627108167106125,0.999968237846161
1740166437.6336732,1740166437.6207972,1,3,0.002413849414309226,-0.0016458358594640047,-0.0026161310456419415,-0.0034568026823267968,0.006735105809978814,-0.0025762922726891876,0.9999680252803433
1740166437.6502488,1740166437.6377215,1,3,0.002419121972911667,-0.00165352194675607,-0.002624141069427827,-0.0035248525305778254,0.006775391617106833,-0.0025877174112397734,0.9999674860722584
1740166437.6674955,1740166437.6541374,1,3,0.002428063012231332,-0.0016710160616371626,-0.0026415816942603667,-0.003463142368239267,0.006729515661332485,-0.002592789652574961,0.9999679983408062
1740166437.6851728,1740166437.6710248,1,3,0.002417807376550847,-0.0016598422632241986,-0.0026251301677107934,-0.0034588499216870842,0.006744173700673017,-0.0026010898162080044,0.999967892889608
1740166437.7011645,1740166437.687768,1,3,0.002436478979081391,-0.001688000685123244,-0.0026626622829187,-0.003403349199655491,0.006698721030681569,-0.002555515835559969,0.9999685063488712
1740166437.7175422,1740166437.704319,1,3,0.0023553284853898254,-0.0015556180440749188,-0.002496052049716622,-0.0033620907139722397,0.006795515878495635,-0.0025275768677394017,0.9999680638226173
1740166437.734455,1740166437.720971,1,3,0.0023662337899380786,-0.0015674356591865303,-0.002515418844228554,-0.0034577483486087227,0.006797811993659477,-0.002573979938155624,0.9999676036531057
1740166437.749929,1740166437.7375057,1,3,0.0023656979740652277,-0.0015697937786068096,-0.0025137562367746596,-0.003433872936335688,0.006816452008747122,-0.0025807307242354345,0.9999675416370265
1740166437.7677014,1740166437.7540472,1,3,0.0024227968058704286,-0.0016627880596195152,-0.0026313219955381643,-0.003468834948852142,0.006738027224507883,-0.0025974375100422656,0.9999679092308917
1740166437.7851593,1740166437.771179,1,3,0.002397150149971156,-0.001623911989307028,-0.0025791876901267593,-0.0034148858667397914,0.006800120647527451,-0.0026005257551035845,0.9999676665670212
1740166437.8006299,1740166437.787486,1,3,0.002379692073954963,-0.0015947347482800271,-0.002544702782096053,-0.00336869397550151,0.006776797130702435,-0.0025456260820358183,0.9999681228466231
1740166437.8182251,1740166437.8042097,1,3,0.0023694039464590387,-0.0015744030732325544,-0.002522246993958966,-0.0034239494948916393,0.00677902202685796,-0.0025555459290233767,0.999967894792238
1740166437.8345037,1740166437.8210125,1,3,0.002368703791650499,-0.0015741602827558845,-0.0025199261689182093,-0.0034535531899725263,0.006814395685543318,-0.0025989332508763383,0.9999674407338283
1740166437.8512306,1740166437.8374996,1,3,0.002351054729368905,-0.0015523222971006256,-0.002486132748226831,-0.0033910413759060446,0.0068324521252764465,-0.002592005993967079,0.9999675494441157
1740166437.8686523,1740166437.8545182,1,3,0.0023630490416754095,-0.0015735862360363572,-0.0025098690274566906,-0.0033641760340685327,0.006832687062948817,-0.002633795203175267,0.9999675293877994
1740166437.8840466,1740166437.871016,1,3,0.002418312044184288,-0.0016608124918663144,-0.0026253624598263758,-0.0033498459374190523,0.00676536498122707,-0.00258700757098071,0.9999681573733705
1740166437.9023519,1740166437.8875082,1,3,0.002379062860971419,-0.0015947761415943055,-0.0025438711617872846,-0.003388811167390642,0.006818743843391294,-0.0025650245884659448,0.9999677201490709
1740166437.9177005,1740166437.9044433,1,3,0.0023881180549701515,-0.0016102379434141231,-0.002564850356189354,-0.003440117742208168,0.006766158716345192,-0.0025833183880934326,0.9999678550594767
1740166437.9344375,1740166437.9208672,1,3,0.0023452362825438205,-0.0015417386254493284,-0.002475411205066729,-0.003365570516086138,0.00682975903137232,-0.0025652116312615296,0.999967722987078
1740166437.9509885,1740166437.9380279,1,3,0.0023983439336452647,-0.0016302442894269864,-0.002587846614497161,-0.0034515186323141583,0.006794668019942301,-0.002576888165971677,0.9999676390528894
1740166437.9675884,1740166437.9544768,1,3,0.002443261631434711,-0.001702704121179993,-0.002680820181788235,-0.0034228058991027264,0.006691801489794184,-0.0025536661417345998,0.9999684909945088
1740166437.9845383,1740166437.9710581,1,3,0.002427704339429952,-0.0016755191664691647,-0.0026483681769384573,-0.0034005862367883634,0.0067239517292640525,-0.0025485728452685507,0.9999683641310064
1740166438.0016317,1740166437.9880323,1,3,0.002417263893072568,-0.00165668022936594,-0.002625831440830508,-0.0034289009835700318,0.006724839303522975,-0.0025801754989446322,0.9999681804281481
1740166438.0171487,1740166438.0044725,1,3,0.0023743269037852523,-0.001587046420368082,-0.002536553825152193,-0.0033820663987392625,0.0068119570659457744,-0.0025663552826284465,0.9999677858253082
1740166438.0344245,1740166438.0212698,1,3,0.002392538273986967,-0.0016209510271201668,-0.0025794810782116366,-0.0034694568537641892,0.006792395489774987,-0.0026302845300783294,0.9999674533883297
1740166438.0503435,1740166438.0378094,1,3,0.0024273675513340766,-0.0016785837407312333,-0.0026468623333108926,-0.0033895467032463746,0.00671208218395024,-0.0025736481616638694,0.9999684171317824
1740166438.0687747,1740166438.0544655,1,3,0.0023712768723334506,-0.0015912779774400873,-0.002534346977705444,-0.00333074377522918,0.006786777913384667,-0.00255129343540324,0.9999681678399891
1740166438.084921,1740166438.071452,1,3,0.0024021966356328676,-0.0016351653031287897,-0.0025947483238352646,-0.0034216135155556954,0.006699316419880164,-0.0025636161105754207,0.9999684192977766
1740166438.101103,1740166438.0880432,1,3,0.0023537802463538837,-0.0015569588492382336,-0.002495127812366814,-0.0033729120195413,0.006760224156061809,-0.0025394361359426616,0.9999682365445314
1740166438.1178267,1740166438.1046708,1,3,0.0024086837675084097,-0.0016443201675979658,-0.002610373189480327,-0.00346951674153648,0.006760452955018666,-0.002597701988003817,0.9999677548170264
1740166438.1344156,1740166438.1214225,1,3,0.002412431112832099,-0.0016586288527156493,-0.0026201822218707223,-0.0034073056011989897,0.0067268234476916666,-0.002598955683506038,0.9999681922662335
1740166438.1508265,1740166438.1379697,1,3,0.00244858225403889,-0.0017152088205280123,-0.002694649533168916,-0.003398371369269537,0.0066447982633022285,-0.0025653898238053225,0.9999688577666449
1740166438.1686687,1740166438.1548457,1,3,0.002390939453037888,-0.0016249246029051998,-0.0025777010759442604,-0.0033835781248747884,0.006717089826713723,-0.002570732969998889,0.9999684112187393
1740166438.1843548,1740166438.1713405,1,3,0.002431433049878308,-0.0016858499734608624,-0.002659407756623364,-0.0033872079759823892,0.006650292786003351,-0.002593975238132945,0.9999687853730495
1740166438.2010524,1740166438.1880834,1,3,0.0023588171135800725,-0.0015697020021665723,-0.002513319372114676,-0.003388506645285494,0.006792367038605146,-0.002590748916489531,0.9999678343790762
1740166438.2173367,1740166438.204731,1,3,0.0024034050883323904,-0.0016422925652375112,-0.002605182216357373,-0.003445316375669113,0.006680241149609787,-0.002540246295166513,0.9999685251656746
1740166438.2388766,1740166438.2213356,1,3,0.0023997671322946905,-0.001640226822176548,-0.0025974985246907884,-0.003392203227543167,0.006746174911796325,-0.0025311297912621656,0.9999682872288013
1740166438.2552865,1740166438.2385817,1,3,0.002458969483924318,-0.001734457249306039,-0.002721339771475001,-0.003406393954295404,0.006626894733639468,-0.0024996822399467266,0.9999691156906381
1740166438.268938,1740166438.254702,1,3,0.002416846772272827,-0.00166435650286642,-0.002630467638340922,-0.003389861004613495,0.006752537775305832,-0.0026220521276660775,0.9999680179478753
1740166438.2834523,1740166438.2714343,1,3,0.0024027839914814706,-0.0016377079301506002,-0.0026010708874306984,-0.00346392243274797,0.006741580695610132,-0.0025816459321103664,0.9999679432038737
1740166438.3022754,1740166438.2880607,1,3,0.002390509158866306,-0.0016189212853071004,-0.002576399195166916,-0.0034510379261363825,0.006661365519866912,-0.0025771041922907907,0.9999685370453539
1740166438.3213377,1740166438.3048425,1,3,0.0024113512873917215,-0.0016564170095918684,-0.002619912223115393,-0.0034517808929754677,0.006731671822443242,-0.0025808538527369207,0.9999680539879925
1740166438.335778,1740166438.3217993,1,3,0.002407094838692385,-0.0016487695162213775,-0.002609123858659636,-0.0034016613888027797,0.006742385881643089,-0.00257285206699802,0.9999681741758886
1740166438.3524075,1740166438.3382022,1,3,0.0023862292512344062,-0.001615433704548831,-0.002566088360474188,-0.003407091219769433,0.006715068028067067,-0.002582041082100145,0.9999683158253809
1740166438.3689947,1740166438.3548422,1,3,0.002356243119650491,-0.001564386198988799,-0.0025029173829393867,-0.003396337498151857,0.006785712055515906,-0.0025882825310379522,0.9999678593820093
1740166438.384737,1740166438.3717282,1,3,0.0023899090914970542,-0.0016140245989389528,-0.002570599361631455,-0.0034581547268206767,0.006728947706960389,-0.0025802903430331755,0.9999680517548488
1740166438.4059417,1740166438.3881454,1,3,0.0023906229462122364,-0.0016168914818995095,-0.0025720563085121404,-0.0034586391379594606,0.006765162591668309,-0.002620679946686935,0.9999677006918968
1740166438.421562,1740166438.405261,1,3,0.0023926166487472436,-0.001620477811932826,-0.0025753227736799735,-0.003429892187482577,0.006733770597484756,-0.0026006532111536446,0.999968063878041
1740166438.4365354,1740166438.4214795,1,3,0.002408173277483371,-0.001644821683209813,-0.002606569661436891,-0.0034577106574082534,0.006749459114526061,-0.0026184389947998617,0.9999678158900422
1740166438.451403,1740166438.4381888,1,3,0.0023722094420234045,-0.0015884137641343577,-0.0025319164723253728,-0.0033845116676993817,0.006742685443716154,-0.002601612181178808,0.9999681559368963
1740166438.468235,1740166438.4551375,1,3,0.0024386216210764986,-0.0016911966100161895,-0.0026692953937875294,-0.003481598962095714,0.006669760831885854,-0.0025587871548550007,0.9999684221851252
1740166438.4890773,1740166438.4716115,1,3,0.002375835847339857,-0.0015925222929239673,-0.0025401255926224622,-0.0034410922814206717,0.006744170366074929,-0.0026097648024295877,0.999967931574638
1740166438.5023196,1740166438.4884982,1,3,0.0023821129544497658,-0.0016040110027187844,-0.002554516983068772,-0.0034306226440876564,0.0067585336377967275,-0.0026328948357649293,0.9999678099399623
1740166438.518131,1740166438.5051572,1,3,0.00237417083145253,-0.001590150176353741,-0.0025377649592074687,-0.003446235421555005,0.00676973501593364,-0.002589633130945843,0.9999677934561094
1740166438.5349317,1740166438.5217836,1,3,0.0023860944836515325,-0.0016083452520138201,-0.0025608764622319863,-0.0034514015036466268,0.006736969953462479,-0.0025786041044414797,0.9999680254210027
1740166438.5508196,1740166438.5386245,1,3,0.002370441049070709,-0.0015817224687966992,-0.0025265037150087205,-0.0034189122365264994,0.006840244998191296,-0.0026313035064588343,0.9999672986299805
1740166438.5689406,1740166438.555161,1,3,0.002376053487499665,-0.001590930344781719,-0.0025380832802581036,-0.0034716481612930747,0.006787186545513228,-0.002616994340783116,0.999967516021626
1740166438.5852232,1740166438.571731,1,3,0.0023819248119851455,-0.0016018880467748185,-0.002549869407898938,-0.0034234337595230604,0.006784276512688211,-0.0026117166470354196,0.9999677157936896
1740166438.6024196,1740166438.5887172,1,3,0.0024134681471285617,-0.0016523148840428517,-0.002616358163431225,-0.0034540089368393988,0.006744903940436761,-0.002580775047975296,0.9999679573332589
1740166438.6193604,1740166438.605344,1,3,0.0023989965024693773,-0.0016269076256137803,-0.002582761601000525,-0.0034195836332048756,0.0067894281633042435,-0.002579241513538586,0.9999677782939836
1740166438.6365578,1740166438.6221013,1,3,0.002365783276447412,-0.001573776113017848,-0.0025140936083758794,-0.003412142243297742,0.006812324619176682,-0.0025699258941307293,0.999967671977196
1740166438.652475,1740166438.6384335,1,3,0.002308292619921676,-0.0014820384445727508,-0.002396071199099638,-0.003386539984749042,0.006893520662713272,-0.0026027898069765,0.9999671175618852
1740166438.6687837,1740166438.6549237,1,3,0.0023922501630229583,-0.0016135309687808402,-0.002568101896312005,-0.0034376762482038192,0.006748410319575438,-0.002584598814433615,0.9999679800819321
1740166438.6853223,1740166438.6718845,1,3,0.0024056767710056693,-0.0016353951785790096,-0.0025968758331867702,-0.0034167538781869414,0.006760776016675577,-0.0025898215861574207,0.999967954748921
1740166438.7024505,1740166438.6884348,1,3,0.002380272047548882,-0.001598148977784416,-0.002545725946794248,-0.0034234260936805163,0.006751355391161527,-0.0025835234972909488,0.9999680118686308
1740166438.717857,1740166438.705254,1,3,0.0023960716720649107,-0.0016222038222068825,-0.002575748976374896,-0.0034351556668678674,0.006737971653913744,-0.0025827127871194595,0.9999680640091436
1740166438.7354598,1740166438.7220619,1,3,0.002401223716966243,-0.0016291039912296923,-0.002586683182709722,-0.0034366000428903607,0.006723070289447543,-0.002582765418120915,0.9999681592074937
1740166438.7519057,1740166438.7386227,1,3,0.002423667974920247,-0.0016650809444567532,-0.002634116982890581,-0.0034354926864543344,0.006670742275890632,-0.0025635787215323286,0.9999685628316665
1740166438.7683275,1740166438.755458,1,3,0.0023741901650333993,-0.0015905061884187136,-0.002534697382573175,-0.003423446456001119,0.0067834457221457155,-0.002600173221014354,0.9999677514688753
1740166438.7848933,1740166438.7718282,1,3,0.0023635727935661507,-0.0015765121229570141,-0.0025152761404738577,-0.0034085404850300025,0.006768323267137213,-0.0025908668550374317,0.9999679290161524
1740166438.8024032,1740166438.7886245,1,3,0.002377829630720679,-0.0015982356298236595,-0.0025436925659472693,-0.003399499785934699,0.006755517246409091,-0.0025843383188433483,0.9999680632817193
1740166438.8217287,1740166438.8053792,1,3,0.002372616584833486,-0.0015903536428846655,-0.0025341638515317235,-0.0034054152014131307,0.006773022882193885,-0.002588156684629729,0.9999679148619316
1740166438.8349435,1740166438.8218687,1,3,0.002380673317647532,-0.0016035162027632137,-0.0025511836502971124,-0.003409341009889308,0.0067745006897389475,-0.0025858051284819183,0.9999678975577769
1740166438.851681,1740166438.8388524,1,3,0.00239890628990065,-0.0016325525807885817,-0.0025898651914830033,-0.003407698286049716,0.00675737368606822,-0.002593684922779695,0.9999679986338459
1740166438.8694496,1740166438.8554308,1,3,0.002377396233044096,-0.001598568226759277,-0.002544503714779539,-0.0034066025747638423,0.00674377914486322,-0.002569574655751631,0.999968156386908
1740166438.886288,1740166438.872193,1,3,0.002345382200855086,-0.0015489786999645918,-0.002478128115763804,-0.0033983020747804776,0.006853438757819224,-0.002612855408508067,0.9999673269196427
1740166438.9038777,1740166438.8895023,1,3,0.0023773601339112617,-0.0015996438631347186,-0.0025440843423617694,-0.003373650556909983,0.006759729120351027,-0.0025916294851638186,0.9999681034916819
1740166438.9184742,1740166438.9058754,1,3,0.002390207770200637,-0.0016180981966529414,-0.0025701993467978886,-0.003419899558903859,0.00680265575216248,-0.0025779458336920138,0.9999676906565548
1740166438.9352412,1740166438.922256,1,3,0.002394668277770554,-0.0016253279291775496,-0.0025794828532458808,-0.0034644435149781263,0.006731179989771654,-0.002578019814000831,0.9999680208191236
1740166438.9534183,1740166438.9391105,1,3,0.0023623423572512073,-0.0015750298930333813,-0.0025140523922953188,-0.0034112908398481402,0.006832624262209323,-0.00262069797347656,0.9999674046100848
1740166438.971902,1740166438.955666,1,3,0.0023747280400114035,-0.0015942608252160091,-0.0025390310913607182,-0.003412273331574196,0.00680792945794321,-0.0025998669404683527,0.9999676240654485
1740166438.9866,1740166438.972325,1,3,0.0023975242740008813,-0.0016324122182363615,-0.0025877261490486864,-0.003395804153564322,0.006730630121030148,-0.002585705083368151,0.9999682401264284
1740166439.0033023,1740166438.989054,1,3,0.0023855107678596088,-0.0016112877121836344,-0.00256282083605356,-0.0034187457629336992,0.006753755956459797,-0.002592413026738473,0.9999679886639311
1740166439.0197732,1740166439.0056238,1,3,0.0023727759146381497,-0.0015928615127233637,-0.002536280771499844,-0.0034380911055124875,0.0067658124197297375,-0.0025950584492689488,0.9999678339744215
1740166439.0364919,1740166439.0224807,1,3,0.0023884675612266854,-0.0016181626473905255,-0.0025684514047153366,-0.003402374240020134,0.006758252580189144,-0.002591582294042763,0.9999680162749238
1740166439.0530033,1740166439.038863,1,3,0.002366554270141493,-0.001586427665738494,-0.0025261403496223966,-0.0033851813744648607,0.00672973654888666,-0.002595707051170915,0.9999682562451416
1740166439.0684388,1740166439.055672,1,3,0.0027981637246488967,-0.002201579527832597,-0.003314778425749879,-0.004008592301882233,0.006749086540754645,-0.0024466186764908714,0.9999661969665147
1740166439.0853875,1740166439.072811,1,3,0.006534412261930754,-0.007699464923337266,-0.010468510984842477,-0.007362034150008554,0.007770007686503194,-0.002513132224980295,0.9999395539732118
1740166439.1018243,1740166439.0890317,1,3,0.018036692571851594,-0.024154146019627166,-0.03199449651801936,-0.018218655066797696,0.015516608097677659,-0.005795190493360882,0.9996968196647651
1740166439.1190755,1740166439.1056986,1,3,0.023130977667951278,-0.029804194983308555,-0.03946663805040058,-0.02110044818082158,0.02248542432067477,-0.007846925031285956,0.9994936730901507
1740166439.1354039,1740166439.1222818,1,3,0.02317383132356639,-0.027899561260858095,-0.03699909257017257,-0.020417252093198515,0.028972779892841416,-0.010149774472606546,0.9993201168396436
1740166439.1523025,1740166439.138859,1,3,0.017566383429892325,-0.018181903471667035,-0.02421632813013793,-0.012232593222118997,0.030716325227865375,-0.010585522173404442,0.9993972272064169
1740166439.1699235,1740166439.155455,1,3,0.016090000831518292,-0.016270781335707786,-0.021724037976095817,-0.011754299943927982,0.03558570528450115,-0.015026381282273842,0.9991845184338038
1740166439.185541,1740166439.1722527,1,3,0.01464057412324766,-0.015205817391980037,-0.0203076691957321,-0.010788760549023514,0.0326190239801701,-0.01439004156059989,0.9993060235104565
1740166439.2016888,1740166439.188832,1,3,0.01151128680167653,-0.01145945423333069,-0.015434601609336816,-0.009504510892853103,0.026669872813396302,-0.011575188146402047,0.9995320891177933
1740166439.218989,1740166439.2059038,1,3,0.011546628812343675,-0.011977267626859257,-0.015953002677112537,-0.008685565744185728,0.020875628834697027,-0.00718903079986968,0.9997185038322627
1740166439.2365067,1740166439.2224822,1,3,0.01798329551513522,-0.021027921297068503,-0.027905646832469422,-0.013732000224349512,0.023139580738666767,-0.007532141765979272,0.9996095531823884
1740166439.2526705,1740166439.2390857,1,3,0.020480650988963192,-0.02363103638322465,-0.03133992879099916,-0.016954731240144932,0.028891732238975967,-0.01004222766702055,0.9993882921869204
1740166439.2699656,1740166439.2560103,1,3,0.02200948840340599,-0.02481928038232624,-0.03287739898866824,-0.016016910628721345,0.03197525743321236,-0.010932731172897194,0.9993005137970722
1740166439.2858133,1740166439.2724972,1,3,0.018991975822880532,-0.019468084050093478,-0.025918617254369964,-0.013351309808870837,0.033991333796542116,-0.01181569026333219,0.9992630890895152
1740166439.3031979,1740166439.2893918,1,3,0.022087727386263214,-0.023804954669739843,-0.03153828706130566,-0.015422736818585032,0.035895392704350375,-0.012335521644254773,0.9991603949703918
1740166439.3198957,1740166439.305918,1,3,0.027285322007550836,-0.030750144381553293,-0.04074852180512363,-0.020022280964886667,0.040031590981602715,-0.013997894761620548,0.9988997141508689
1740166439.3354452,1740166439.322624,1,3,0.03644268632564394,-0.04316424133929688,-0.057008638860615336,-0.028761068762562767,0.04855890775786615,-0.017544054363625324,0.9982519920127805
1740166439.3532088,1740166439.339435,1,3,0.0437449347739802,-0.052037483208064894,-0.06866493784492494,-0.03295538666195312,0.05645206489243036,-0.02027556373601235,0.9976552552733478
1740166439.3698277,1740166439.3557594,1,3,0.041046102413265916,-0.045958627900400395,-0.06077386394437908,-0.028589698761888774,0.059521058259718276,-0.020873012119028197,0.9975992131680069
1740166439.386253,1740166439.3724298,1,3,0.036174289260006216,-0.03775489210464298,-0.04998085549042835,-0.02156413594021569,0.06073962672463986,-0.02161265129181464,0.9976866136671584
1740166439.4051049,1740166439.3893635,1,3,0.035791056221849187,-0.037762259606454324,-0.050003322018764416,-0.02222969127372865,0.06655516404822971,-0.026881168773105996,0.9971728304209755
1740166439.4196093,1740166439.4058414,1,3,0.0334481428315762,-0.03587945731544886,-0.047458821498748284,-0.02238394715482206,0.06439526253989324,-0.02733501079488441,0.9972988550364589
1740166439.4369445,1740166439.422439,1,3,0.028580569922865826,-0.02996266592087143,-0.03966328931979983,-0.018376598872434452,0.05472659008177045,-0.022014702836971756,0.9980895019039642
1740166439.4576228,1740166439.4392645,1,3,0.02567432262468958,-0.026148969036158605,-0.03468193165334159,-0.016154074006992786,0.046777135770011455,-0.016823199383035004,0.9986330284066561
1740166439.469922,1740166439.4557748,1,3,0.03282821308937684,-0.03649075386894926,-0.048241431865124765,-0.022729093499748807,0.04930876266287775,-0.017206808037982947,0.99837666238273
1740166439.4864702,1740166439.4727993,1,3,0.036844440834841743,-0.04131269473085209,-0.05458182022938045,-0.025694399634089034,0.05409546395522663,-0.019056122958131617,0.998023217557947
1740166439.5030448,1740166439.4891875,1,3,0.03641233560101556,-0.03954605496665414,-0.05224937823872733,-0.02382375791147592,0.056760339536126185,-0.019858710232945734,0.9979059695395167
1740166439.5189376,1740166439.505913,1,3,0.03383501770560682,-0.03513835209254913,-0.046474907703145024,-0.019895250367134024,0.05764504812279524,-0.020429095963545623,0.997929796868428
1740166439.5364985,1740166439.522668,1,3,0.03294470574514419,-0.03389685773866433,-0.04489215456252014,-0.019572736525704838,0.05834043219446106,-0.02123246990094184,0.9978789927532118
1740166439.5522716,1740166439.5391488,1,3,0.03334753837097595,-0.03461327347770163,-0.04582760529506928,-0.020347530548475854,0.05686383155408364,-0.02012414953261208,0.9979716936201932
1740166439.5705879,1740166439.5562868,1,3,0.03857857461479739,-0.04204162648082373,-0.055587406764920265,-0.025215205310330054,0.05946832614067338,-0.020802992802874898,0.9976948166135914
1740166439.5856786,1740166439.572915,1,3,0.04519671060808189,-0.050832975101023775,-0.06715883449545629,-0.030941686696573847,0.0657718678189978,-0.023498806964005182,0.9970779706217763
1740166439.6021469,1740166439.5892472,1,3,0.0478420994721057,-0.053341072983614075,-0.07048444796292735,-0.03162601659370304,0.06939577898058033,-0.024638499485742264,0.9967833090883816
1740166439.618703,1740166439.6064074,1,3,0.04439953056501861,-0.04714715695096383,-0.0623941487641632,-0.026873258208415508,0.07040611938401045,-0.02500999716731769,0.9968426688240422
1740166439.6361217,1740166439.6227531,1,3,0.042249217168998904,-0.04400986183640755,-0.05823615717134676,-0.024953571600903814,0.07350609467483672,-0.027783523321113657,0.9965953286775318
1740166439.658859,1740166439.639589,1,3,0.04160489326850985,-0.04404014811709724,-0.05824098793626104,-0.025282573049832124,0.07419360433938192,-0.029443112424926577,0.9964884363131588
1740166439.6765838,1740166439.6562307,1,3,0.038261385477894407,-0.04018021559380505,-0.05315078754499817,-0.023368064753095084,0.06903039957585859,-0.026964656615726647,0.9969762508594116
1740166439.6912003,1740166439.672754,1,3,0.03543421968790798,-0.036602235113061356,-0.048450930150843216,-0.02091389781930393,0.061990004474757374,-0.02260181907079018,0.9976016269021991
1740166439.7070897,1740166439.68977,1,3,0.036467660305512926,-0.03815856348681675,-0.05051309764814267,-0.022408960141594672,0.06080907725426574,-0.021428311447973285,0.997667741333429
1740166439.7227004,1740166439.7061603,1,3,0.03786123790823842,-0.03997391831523525,-0.052860548350362836,-0.02306708983965829,0.0618093368659146,-0.02182893112957704,0.9975825845554167
1740166439.737443,1740166439.7226832,1,3,0.03652243617144401,-0.03783442883936673,-0.05006076950694966,-0.021399196445672033,0.06323272343986566,-0.023005074788590936,0.9975041170901643
1740166439.7525334,1740166439.7396386,1,3,0.03575737842553605,-0.037290340133968564,-0.04932532890952272,-0.02173560570751863,0.06541642149689017,-0.02539470659813784,0.9972980317437025
1740166439.768971,1740166439.7560914,1,3,0.03377102149432503,-0.035327773699911,-0.04671235123905964,-0.020855438389016736,0.06257052802898687,-0.024567396898202844,0.9975201364992197
1740166439.7887456,1740166439.7728312,1,3,0.03093540468939084,-0.031811930824910725,-0.04207927370918456,-0.018692457634761364,0.055975320329191475,-0.02060212759042206,0.9980445420322507
1740166439.8028212,1740166439.7896032,1,3,0.035601625601811265,-0.03871569681612028,-0.051168203612093344,-0.02292264928660393,0.05525796058595189,-0.01920426218965252,0.9980242012372825
1740166439.820318,1740166439.806208,1,3,0.04482869164436697,-0.0513540144214973,-0.06782848798104375,-0.031913277223013896,0.06290418008538601,-0.022467029543394385,0.9972561553824416
1740166439.8354716,1740166439.8231404,1,3,0.04909003186040115,-0.05596008241521307,-0.07390012471547679,-0.03432165803039543,0.06929330728683322,-0.02487976118323704,0.9966952687952131
1740166439.8528967,1740166439.8397553,1,3,0.04677563177128458,-0.050979759187079816,-0.06738932086455818,-0.029489755050514176,0.07035986187205574,-0.024841220173503292,0.9967761824826562
1740166439.8700125,1740166439.8563874,1,3,0.04273465700224173,-0.044630190467417175,-0.0590747923265347,-0.02493571351377658,0.07323516717733358,-0.027465049753066413,0.996624548926088
1740166439.8864384,1740166439.8730574,1,3,0.042331347280516414,-0.04514435540824556,-0.059712746155001994,-0.026595315737516313,0.07673424575430553,-0.03127685331297376,0.9962059541862709
1740166439.903043,1740166439.8895516,1,3,0.03913037839940302,-0.042115140803784104,-0.0556369464700047,-0.025419336769025615,0.07314212711357722,-0.03067625915229055,0.9965254907346554
1740166439.919961,1740166439.9066265,1,3,0.03402454580028966,-0.03603859394716762,-0.04760028732416837,-0.021196029201258987,0.06344087480964457,-0.025528497892088255,0.9974338472023396
1740166439.9367416,1740166439.923072,1,3,0.03030562160270411,-0.031228443956878384,-0.04134917879426826,-0.01819876689847453,0.0550158340809396,-0.02055289504799035,0.9981080309209519
1740166439.9534373,1740166439.9399529,1,3,0.029007989584528077,-0.029531923042407787,-0.039142064801820066,-0.01791631178161141,0.052757182783898154,-0.019162185520939033,0.9982627390035709
1740166439.9697542,1740166439.9564738,1,3,0.028705955019574257,-0.029314051949050637,-0.03879200984820053,-0.017494085763790194,0.05271822097028413,-0.019354157993188698,0.9982685824513321
1740166439.9868736,1740166439.9729934,1,3,0.028363259837290294,-0.02937679586793091,-0.03885276938786254,-0.017550862822453505,0.05378292168642005,-0.020933141948438812,0.99817892590318
1740166440.0038967,1740166439.9899983,1,3,0.026718687253265528,-0.02784665702686251,-0.0368628131995225,-0.017031199340687333,0.05159254473164388,-0.02062678643161185,0.998309913433016
1740166440.0199373,1740166440.006491,1,3,0.023678211132921338,-0.024056189330685176,-0.031907467216586084,-0.015264325064989188,0.046123698388877074,-0.017591612923835397,0.998664177780489
1740166440.036574,1740166440.0232308,1,3,0.02376071436097698,-0.024453301616092615,-0.03237698406411204,-0.015385996697844297,0.04235703012367402,-0.014906912090287685,0.9988728332859236
1740166440.0530665,1740166440.040113,1,3,0.02992817837884556,-0.033199427697701005,-0.04386995246594487,-0.020465906616891013,0.04524544838440176,-0.015702010013284817,0.998642800478923
1740166440.072672,1740166440.0566869,1,3,0.03256644131754241,-0.0360055983659268,-0.0476463690300793,-0.0226223196854977,0.04926739949457483,-0.01726185326362854,0.9983801793009485
1740166440.0871456,1740166440.073425,1,3,0.03033224505805306,-0.031760516378785075,-0.04209879133279954,-0.019682838394656496,0.05110659606445421,-0.018003516534841,0.9983369046087669
1740166440.1033485,1740166440.0899851,1,3,0.028694926763095898,-0.029429704276305396,-0.03900796620698244,-0.01819961851073996,0.054985204286699535,-0.021445200406343803,0.9980909300134659
1740166440.1196089,1740166440.1066613,1,3,0.028811226307741942,-0.03092356488266992,-0.04092039375212837,-0.01974712084073699,0.05659362923350428,-0.024068928318170053,0.9979117691651385
1740166440.1366656,1740166440.1236439,1,3,0.025190129848531098,-0.027106119097202883,-0.03590991321957295,-0.017810409807557437,0.05078050235423024,-0.021986708259905945,0.9983089274082612
1740166440.153618,1740166440.1401298,1,3,0.01997118614995419,-0.020513997227247033,-0.027245190918547258,-0.013964220689693274,0.04138375986069387,-0.01691185134546692,0.998902584962313
1740166440.1707292,1740166440.1567698,1,3,0.017451035042632315,-0.01724879107010562,-0.0229395522907991,-0.011401853881550385,0.034474586943004586,-0.012409865529385016,0.9992634766770552
1740166440.1876354,1740166440.1735299,1,3,0.01833871397785495,-0.018504680335922428,-0.024622750164900037,-0.012053339132623837,0.03374455534981714,-0.011785274732093084,0.999288311399411
1740166440.2032979,1740166440.1899626,1,3,0.01759501815905623,-0.017362711346768415,-0.0231341311912263,-0.011687554779014297,0.035481623996474,-0.013193395826505508,0.9992148866627366
1740166440.2205262,1740166440.206871,1,3,0.017862454696042567,-0.018503516418928008,-0.02460012822005882,-0.012752623403908788,0.03856279203018525,-0.01640922673327844,0.9990400487193547
1740166440.2374818,1740166440.2234366,1,3,0.01741081065314495,-0.019418171494834248,-0.025785796867459545,-0.01415313138828475,0.038011503609854946,-0.018216148773461217,0.9990110041381361
1740166440.2533433,1740166440.240075,1,3,0.013303406492529401,-0.014963772335407745,-0.019940838671658394,-0.011423628913786843,0.029618636277467133,-0.014545480047376283,0.9993901470885606
1740166440.2708519,1740166440.2573726,1,3,0.0076817262971726,-0.007524551146062839,-0.010229781743358524,-0.006640675633218745,0.018509255442366607,-0.008104673900042238,0.9997737859891495
1740166440.2858236,1740166440.2733479,1,3,0.008528505802203948,-0.008954296003548247,-0.012112350482365437,-0.007728888571812646,0.014701974223678076,-0.005112088565096389,0.9998489799894149
1740166440.3029099,1740166440.2901387,1,3,0.014996609403609152,-0.018017476201275345,-0.024002547353829864,-0.013624802738440106,0.01840865769345612,-0.006351411503583343,0.9997175329282647
1740166440.3207417,1740166440.3069024,1,3,0.016030079753219805,-0.018375786160611286,-0.02448683019396454,-0.013780721251107249,0.022444004221880438,-0.007758934740591463,0.9996230076023553
1740166440.3374536,1740166440.3233154,1,3,0.0126937977884802,-0.012552313428830297,-0.016851134928528053,-0.009503054879854629,0.02451811664413597,-0.008674884909508377,0.999616576631251
1740166440.3538578,1740166440.3401701,1,3,0.01213134607359742,-0.011937026562361185,-0.016051926016487552,-0.009227248390824642,0.027350056513774482,-0.011464941589464078,0.999517577339277
1740166440.370569,1740166440.3567572,1,3,0.011418081164708316,-0.011837921044108484,-0.015922828988633498,-0.009775099601039705,0.026421250821269723,-0.012157350617029944,0.9995291710394469
1740166440.38667,1740166440.3738253,1,3,0.008675177763101656,-0.008670538436092116,-0.011766210450728058,-0.007663300044957691,0.020999255623465458,-0.009541176552671813,0.9997045918898603
1740166440.4034517,1740166440.3903794,1,3,0.006365094648513951,-0.0057700017364697665,-0.007988974874222347,-0.005903405933731702,0.015935434506271363,-0.006638919356710133,0.9998335543855552
1740166440.4206884,1740166440.406971,1,3,0.00544327410008319,-0.004661962684633176,-0.006539460684650353,-0.005253040149526741,0.014055100844569396,-0.005668826229236823,0.9998713537843852
1740166440.439807,1740166440.4236553,1,3,0.00537230226238133,-0.005016408285224611,-0.006995132370700171,-0.005630367898572416,0.015116390593561057,-0.007282799654465068,0.9998433649937087
1740166440.4577625,1740166440.4404871,1,3,0.006104584684631161,-0.007325404132703245,-0.010005024965326967,-0.007521969632191407,0.01621757581357838,-0.009715022202030419,0.9997929928496184
1740166440.471327,1740166440.4571023,1,3,0.0053161439522682145,-0.007981923371838529,-0.010877438743756419,-0.00823456342191839,0.013049333030756472,-0.010097013531613118,0.9998299641391257
1740166440.4884183,1740166440.473986,1,3,0.0008737113529695811,-0.003056159226612038,-0.004468287976130938,-0.00541356146081921,0.0033920539235104243,-0.005856708888744996,0.9999624424364559
1740166440.503521,1740166440.4902043,1,3,-0.005589446758521845,0.00573845897416481,0.007032817257392799,0.0006513404772712516,-0.008897193048547759,0.001699780615021544,0.9999587623783793
1740166440.5203335,1740166440.5069375,1,3,-0.003082180036648363,0.001880787023183121,0.001956220392965267,-0.0017937148334868048,-0.01203552533980746,0.004389954074363649,0.9999163250093059
1740166440.5378258,1740166440.523717,1,3,0.003921307928120117,-0.00785187577331536,-0.010798434697644438,-0.00857611295052265,-0.006741142790492951,0.0023854475388238347,0.9999376565169339
1740166440.5539687,1740166440.5403032,1,3,0.0049090375993755785,-0.007886554492832884,-0.010831797462241432,-0.008506986046598322,-0.0017754076432762683,0.0006847405034496524,0.9999620044014403
1740166440.571473,1740166440.5575821,1,3,0.0003412007953812174,7.811445819742554e-05,-0.0003797084906459867,-0.0029046853223416358,0.0010780480459447127,-0.0004547250831121415,0.9999950969083237
1740166440.58797,1740166440.573962,1,3,0.00041219863103942814,-0.00038115587518898866,-0.0009729429264299478,-0.003180029892395186,0.004997652014710444,-0.004156418900879778,0.9999738171903021
1740166440.6073437,1740166440.5905395,1,3,0.0004400684836129912,-0.001705476586511992,-0.0027115974379124546,-0.004360012717641983,0.004091268914351047,-0.00543893247395805,0.9999673343771367
1740166440.621296,1740166440.6071782,1,3,-0.002787462885566074,0.0018894184391541051,0.0019690989423010686,-0.0020868225138587753,-0.003274800781227965,-0.0019413881751825508,0.9999905758873892
1740166440.6360176,1740166440.6236207,1,3,-0.006831818528623741,0.007346261398652987,0.009081547942184841,0.0014384279035258186,-0.011090808440744915,0.002782557004321452,0.9999335889296923
1740166440.6528075,1740166440.6402645,1,3,-0.007209640988602981,0.0077924609739114265,0.009657816394737983,0.00164465086464185,-0.013705874389841548,0.0046012281998125786,0.9998941308107557
1740166440.6705475,1740166440.6571615,1,3,-0.007201080371539788,0.00788183757761809,0.009784679242179324,0.0019424128420158302,-0.013140459448505734,0.004336309974495988,0.9999023711211202
1740166440.6868095,1740166440.6736257,1,3,-0.006747396595576663,0.006878326949508393,0.008457488249591538,0.0011671976004506385,-0.010786993334842787,0.0018215788279331148,0.9999394783061268
1740166440.7042847,1740166440.6906536,1,3,-0.005655948636590293,0.004036707523677815,0.004707921730921695,-0.001187472318508212,-0.009993496968001947,-0.0006105972275166196,0.9999491722577049
1740166440.7209003,1740166440.7070136,1,3,-0.007008945865386669,0.004481151074400698,0.005275084530782519,-0.0010975436605915243,-0.015161182354824419,0.0006532791789989365,0.999884246887524
1740166440.7371979,1740166440.7238193,1,3,-0.011577249198162887,0.010152114540238079,0.012703014614552003,0.003088020402846755,-0.02497679618913514,0.00584670951376866,0.9996661641618063
1740166440.7579763,1740166440.7406511,1,3,-0.014914979528219765,0.014810843344972159,0.018760372703541056,0.006717719232108002,-0.032756892251189045,0.011039843514501714,0.9993797977313419
1740166440.769948,1740166440.7572753,1,3,-0.011250440918749235,0.009502837511384574,0.011754049145949255,0.0023616078954138142,-0.03235186515965084,0.011409540366729663,0.9994086261472132
1740166440.786924,1740166440.7740123,1,3,-0.009284757537512001,0.007285147914421617,0.008892126985027893,0.0007415078339992752,-0.0285140161475424,0.009954458068693786,0.999543550733948
1740166440.8031657,1740166440.7905655,1,3,-0.011356488604336447,0.011173136665422518,0.014010623315597784,0.0037664352917676142,-0.025708601167490654,0.008779963393911521,0.9996238262636628
1740166440.820468,1740166440.8072565,1,3,-0.012173041427622745,0.0124104137584635,0.015605026683595377,0.004495013426828673,-0.02360073473587823,0.007016987181866024,0.9996867319641233
1740166440.8362172,1740166440.8241117,1,3,-0.012373990232058058,0.012116502615330727,0.015189895704322678,0.003870667353751943,-0.02457288633671254,0.006565843793523278,0.9996689856580521
1740166440.8527684,1740166440.8405442,1,3,-0.01406828478795191,0.014188499981514719,0.017926537306502788,0.005213521651820427,-0.028858498821713582,0.00906701003393414,0.9995287867624362
1740166440.870135,1740166440.8572006,1,3,-0.012484623961671968,0.011741261657195768,0.014739183187004951,0.004126744952711196,-0.030710653134389594,0.010662439769116327,0.9994629248443008
1740166440.886843,1740166440.874028,1,3,-0.008898035030492876,0.006850701796988321,0.00829358739970966,0.0007665455130546439,-0.028437517146302892,0.010155739882449258,0.9995436863759233
1740166440.9032302,1740166440.8905344,1,3,-0.010250135729379833,0.00975204237846034,0.01209250400077074,0.0021861909303716675,-0.024966922522954186,0.008654903610521545,0.9996484211923916
1740166440.9195955,1740166440.9074569,1,3,-0.011371897504636548,0.011491441782889496,0.014410680272840155,0.0036225430405105955,-0.02128098864953235,0.005793192599283206,0.9997501866083975
1740166440.9366705,1740166440.9239311,1,3,-0.008477326940534935,0.005776427145424211,0.006891034422606697,-0.0002813347976545419,-0.01877483218731085,0.0017258632086933024,0.9998222081566577
1740166440.9529831,1740166440.9406114,1,3,-0.008661565112194,0.004018749865217682,0.004502606561694184,-0.0018375673800348998,-0.023662285394453135,0.001867272149162854,0.9997165762808758
1740166440.969583,1740166440.9574459,1,3,-0.014034596858917713,0.010444820510271234,0.01285521317522588,0.0023544917878767276,-0.03553672006854349,0.007632446078427227,0.9993364516828407
1740166440.9861054,1740166440.9739423,1,3,-0.02043480954727568,0.019431764993231126,0.024634692395318084,0.008852322966986568,-0.04725478551015786,0.01508587932708249,0.9987297121190527
1740166441.0033474,1740166440.9910266,1,3,-0.016218711154944113,0.01302015443502867,0.016230822817766232,0.004971325493204376,-0.04943074639973208,0.017238065383597113,0.9986164110082694
1740166441.0194612,1740166441.0073645,1,3,-0.01105679884834176,0.00614270996620724,0.0072134305355340414,-0.00016277054095535152,-0.04435354494447671,0.015337146493336735,0.9988981472072372
1740166441.0374346,1740166441.0239553,1,3,-0.011800980372330638,0.00865600573853541,0.010548435073017354,0.001227843631714953,-0.038962485438527754,0.013394270607885122,0.9991501441942304
1740166441.053198,1740166441.0412133,1,3,-0.015230776077444007,0.014771304940834458,0.018599740225962454,0.005660623589288923,-0.036049997579612345,0.012518420074605064,0.999255544980325
1740166441.0703945,1740166441.058374,1,3,-0.01606855642899677,0.01606851061601934,0.020291025927252192,0.0065898660399240335,-0.03394188707359157,0.010774470760284809,0.9993440012064391
1740166441.0882697,1740166441.0742435,1,3,-0.016623334149367435,0.01658897894566616,0.020949768619262267,0.006755831021188324,-0.03537476603989122,0.011233194323579056,0.999288146642461
1740166441.104407,1740166441.0909078,1,3,-0.016636935140170884,0.016491579272182602,0.020821300559512052,0.0065178296044275915,-0.03744665902774726,0.012719233218672445,0.9991964204956082
1740166441.1200018,1740166441.1077342,1,3,-0.014382931221337603,0.013303316154178865,0.016664654188990605,0.004593879207381125,-0.036673358513296755,0.012721470482191027,0.9992357705956857
1740166441.136634,1740166441.1245253,1,3,-0.01400032834087364,0.01324938008313159,0.016601351644487915,0.00470250547894538,-0.034348317204749006,0.011884964992420794,0.9993281879115347
1740166441.152968,1740166441.1408308,1,3,-0.015343446817301768,0.01546896694796886,0.019510729785599444,0.006019968937096572,-0.03160205558651291,0.009812970502404733,0.9994342277842111
1740166441.1700351,1740166441.1576202,1,3,-0.013653131976256973,0.012035698900249699,0.014997190427679854,0.003629485474859417,-0.02939085436253612,0.006729861457685904,0.999538750364281
1740166441.186473,1740166441.1745532,1,3,-0.01379559124382558,0.01079217228696293,0.013322392498999977,0.002788875310612086,-0.03295758449827214,0.006929570940236457,0.9994288373091529
1740166441.2043703,1740166441.1910152,1,3,-0.017451249925766486,0.01509635957402483,0.018896439212296997,0.005816287432926206,-0.04168080264071839,0.011146440349398198,0.9990518697041011
1740166441.2200804,1740166441.2077923,1,3,-0.0213529402858825,0.020582279010572403,0.026044217457325124,0.009306022184248457,-0.049862795824389704,0.01662578043812743,0.9985743252099488
1740166441.2379138,1740166441.224264,1,3,-0.016622714289019326,0.013513073169452772,0.016817849516170977,0.004472966419395343,-0.04981742629217586,0.017319266694333327,0.9985981472094795
1740166441.2532003,1740166441.2408984,1,3,-0.012917213107138703,0.008780687538912398,0.010682009718893876,0.001574468945091196,-0.04552215332349073,0.01586183261569425,0.9988361511631451
1740166441.2697196,1740166441.257862,1,3,-0.014391944757540106,0.012177424596452565,0.01517795994549548,0.004082042463556531,-0.04130898966822058,0.014369029831272705,0.9990347517897585
1740166441.2873106,1740166441.2742531,1,3,-0.017270025579490783,0.01707591613952267,0.021600197389836328,0.007592773884929667,-0.03834812909820062,0.012635492283218289,0.9991557011367952
1740166441.3034997,1740166441.291024,1,3,-0.0171946758153252,0.0165627159806146,0.020870081356585822,0.006851672433730617,-0.03708072128756763,0.010940505763256406,0.9992288927104234
1740166441.3202302,1740166441.307673,1,3,-0.01852786147900984,0.018030179666115635,0.022764641010350986,0.007532080711991007,-0.040611879743620294,0.0127447296099812,0.9990653206127246
1740166441.3371837,1740166441.3243072,1,3,-0.017645197163311286,0.01652186110592875,0.02080385078141194,0.006866518304367999,-0.04407482970320588,0.0152121821810554,0.9988888075388068
1740166441.3552287,1740166441.3414154,1,3,-0.011441796274132785,0.0075810985003953385,0.009103492399067385,0.0006472443540562744,-0.041339266920755804,0.014616543126089832,0.9990380386913422
1740166441.3707786,1740166441.3578064,1,3,-0.007599502127412772,0.0029757846408024853,0.0031133498441227006,-0.0026194939191723004,-0.03550836469481823,0.012329099077842538,0.9992898916752015
1740166441.387969,1740166441.3745344,1,3,-0.0100551166864919,0.008097618006597126,0.009859983328000473,0.0011897852287442105,-0.030801518958635508,0.010818580225469422,0.9994662621433779
1740166441.4039733,1740166441.3914337,1,3,-0.01343740081321091,0.0137244021869588,0.017257700681628116,0.0050695881217011326,-0.02697118757415933,0.00829638744235206,0.999588927646021
1740166441.4241576,1740166441.40796,1,3,-0.011979315820131464,0.010654846933297293,0.013240773543041973,0.0030168881262682503,-0.024650846534584412,0.005121019835346121,0.9996784529572537
1740166441.439141,1740166441.4246573,1,3,-0.012983601324984316,0.01086226714914379,0.013464982310688402,0.003068671307542715,-0.028983394491136304,0.006171033000640974,0.9995561337173027
1740166441.455352,1740166441.4413087,1,3,-0.016817255052534934,0.015756557485047343,0.019833409266512624,0.006522029276377442,-0.03747679300832429,0.010867060465619834,0.9992171236106625
1740166441.4722872,1740166441.457969,1,3,-0.018026563198669313,0.017330603954387465,0.021881424926696143,0.007797358104300914,-0.042755380500211555,0.014675462405999932,0.9989473506887365
1740166441.488632,1740166441.4747515,1,3,-0.0147613388115861,0.01267118324020856,0.015793425014816957,0.004462876839550235,-0.04196105980573268,0.014861511275905402,0.9989987425782331
1740166441.5054536,1740166441.491399,1,3,-0.013868254802203356,0.012029984136554376,0.014990800569507322,0.004112620889102534,-0.038526685475602666,0.0134378385192374,0.9991587488240381
1740166441.520564,1740166441.5083125,1,3,-0.01524087839855779,0.014695792783219079,0.01849729865846327,0.00612653842474846,-0.03615038891008748,0.012433540321395719,0.9992502299142371
1740166441.5385907,1740166441.5247304,1,3,-0.015732727781302785,0.015524123746312122,0.019600862917003876,0.006962518720398572,-0.03510110624489033,0.011714115807174956,0.9992908561396473
1740166441.5553217,1740166441.5414996,1,3,-0.015409405232364783,0.015000391893886189,0.01892241021074248,0.006603714634700706,-0.03582731137700536,0.012302774659422115,0.9992604447531175
1740166441.5712206,1740166441.5588272,1,3,-0.011732979733166442,0.00969241826249667,0.011951357596932272,0.002892277087614913,-0.03517682101624627,0.012661023490478372,0.9992967149353654
1740166441.5874186,1740166441.5747583,1,3,-0.005170118737922613,0.0006252034521024504,7.040203675872801e-05,-0.003388267119458625,-0.029962614175254493,0.010572666445504824,0.999489359684206
1740166441.6057105,1740166441.5916252,1,3,-0.0021302292319840283,-0.0025238697893838337,-0.004011425876804375,-0.005469117488198979,-0.02380799408650645,0.008521475313008623,0.999665270292995
1740166441.6232567,1740166441.608233,1,3,-0.005411623728269939,0.0038779228748217647,0.0044496021229066315,-0.0007619919600963587,-0.019009745973160058,0.00689242910316538,0.9997952507125378
1740166441.6394942,1740166441.6246336,1,3,-0.008376283645795082,0.008755778824883962,0.010853657950086307,0.002760490955272252,-0.015095019101773062,0.004149283107661438,0.9998736437859013
1740166441.6548467,1740166441.6415622,1,3,-0.006997347612710267,0.005699860904660129,0.006813632406807372,0.0004936148913637672,-0.012547602362637932,0.0005703676538819593,0.9999209912288208
1740166441.6736784,1740166441.6580966,1,3,-0.00836730484110745,0.006286698129178743,0.007578070440720886,0.0009292826623472609,-0.017624156482545637,0.0019319829530116512,0.9998423840705501
1740166441.6873364,1740166441.674671,1,3,-0.012776141145435531,0.011935436017751988,0.014974396087654173,0.004891398731108441,-0.027433002355405252,0.007497686230800679,0.9995835579387079
1740166441.705467,1740166441.6914213,1,3,-0.013318205910689777,0.012539277728127605,0.015737473514395917,0.0053181626150025614,-0.032889153154416886,0.011585508916541774,0.9993777047414708
1740166441.726291,1740166441.7079716,1,3,-0.0079527683775903,0.004909697438855868,0.00573304938569129,0.00011517279102007511,-0.030358929000619834,0.010876675313469713,0.9994798747845246
1740166441.7451963,1740166441.7251482,1,3,-0.005465141271052214,0.0021924004925183444,0.0022306611797517717,-0.0015894929012550728,-0.026000649492407425,0.009507711518358124,0.9996154476397278
1740166441.7564266,1740166441.7415466,1,3,-0.007983360019924503,0.006985319035751287,0.008565809056529991,0.002062530834746249,-0.02223470817287314,0.008032206846090678,0.9997183840323256
1740166441.7708766,1740166441.7582583,1,3,-0.010033616750974831,0.010416637020251326,0.013030709484698743,0.003980520153699363,-0.019944917554831562,0.006433862138053333,0.9997724546820769
1740166441.7921844,1740166441.775168,1,3,-0.010424205844799615,0.01075001413583351,0.01346017979026218,0.003921857528877349,-0.020219100239125362,0.006155515793680718,0.9997689316258818
1740166441.8048573,1740166441.7915132,1,3,-0.009849119584073708,0.009699827281764913,0.012116220279396758,0.003574518136790266,-0.022553518072848062,0.007812565215173059,0.9997087203117646
1740166441.8224814,1740166441.8083282,1,3,-0.005091706977560718,0.002816343189003862,0.003109816444360147,-0.0009777737177432708,-0.021255294896377425,0.00790209165778543,0.9997423734867182
1740166441.8383765,1740166441.8248835,1,3,3.607526451836586e-05,-0.003936690069136897,-0.005760066640328662,-0.005930735696464287,-0.016146736709962497,0.006043465258523208,0.9998337790829969
1740166441.8551846,1740166441.8417218,1,3,0.0005360930463425595,-0.0033175948525033944,-0.0049474067614191,-0.005717261302880788,-0.010953080036297523,0.004176378096555363,0.9999149467964301
1740166441.8721094,1740166441.858597,1,3,-0.0027615940832694482,0.002631679179078349,0.0029088737636078976,-0.0012104753394630349,-0.007850769106099107,0.0029697979609330355,0.9999640395904077
1740166441.888758,1740166441.8751202,1,3,-0.004041268299517045,0.0045819226651467575,0.005493054435543011,0.0005181495692303777,-0.005173795250573762,0.0006438336463378515,0.9999862743267854
1740166441.9062474,1740166441.8920388,1,3,-0.004750955524884528,0.0050749272239416195,0.006099966977035868,0.0003418036989706751,-0.005563022065804398,8.44055245676844e-05,0.999984464295038
1740166441.9221735,1740166441.9085238,1,3,-0.006375178337948465,0.006978590728843844,0.00859061299111686,0.0014321569800802355,-0.010020048278897502,0.0025260505393546713,0.9999455818331043
1740166441.9383516,1740166441.9251163,1,3,-0.005269380188238542,0.005179484080513675,0.006252655638308982,0.0006447990550885056,-0.012677335134181416,0.004505540635287339,0.999909280640828
1740166441.9560573,1740166441.9421575,1,3,-0.002168348206338017,0.0009309798263896242,0.0006975984605204781,-0.0023230825926233273,-0.010817841738793481,0.004167646262513838,0.9999301017131212
1740166441.9716508,1740166441.9585884,1,3,-0.001545536616500499,0.0006845081424837651,0.0003825420738558671,-0.002394062947290821,-0.008189970952984049,0.0032538302717659024,0.99995830184411
1740166441.9887888,1740166441.975178,1,3,-0.0035949753264436384,0.004195121847390914,0.004994368792591661,0.00013715000052491708,-0.005672113669006548,0.0016996496213054543,0.9999824595999511
1740166442.0056996,1740166441.9919899,1,3,-0.0037715556397991392,0.004135722626923717,0.004927921104767117,0.00037199920800287884,-0.004373269566121821,1.4923306054256532e-05,0.9999903679072045
1740166442.021686,1740166442.0085697,1,3,-0.004769246667317898,0.005059675065283272,0.006118368308290032,0.0009026544143332598,-0.00698805975637545,0.0010579524598171531,0.9999746161640516
1740166442.039127,1740166442.025418,1,3,-0.005010454900550358,0.0051874577454341635,0.006255446027880727,0.0005907089885882187,-0.010994651064997888,0.003860454313807234,0.999931930484941
1740166442.055204,1740166442.0419896,1,3,0.0022358469127988973,-0.005380997761030273,-0.00758555386611344,-0.006505534506128977,-0.008392493511152788,0.0033263297917962,0.9999380878852306
1740166442.0731456,1740166442.05924,1,3,0.01105702031434762,-0.017444226798994787,-0.02336680108083842,-0.01447485672889646,-0.0015971459509615113,0.0009040411500866895,0.999893549512691
1740166442.089568,1740166442.0754926,1,3,0.01367260112505202,-0.01948200688544325,-0.026011956026241498,-0.015431126291182595,0.005336528496545708,-0.0014893710990744073,0.9998655827553624
1740166442.1049316,1740166442.091841,1,3,0.009208276309384821,-0.011058204021550807,-0.014962823311849786,-0.009214958841749095,0.009993304654878446,-0.003145422634187702,0.9999026576182665
1740166442.1232271,1740166442.1085527,1,3,0.005269270603107187,-0.0045952458701552824,-0.006495942645333834,-0.0046842924278831565,0.013240615134800869,-0.0053675458932674214,0.9998869600941828
1740166442.138973,1740166442.1252284,1,3,0.005113734200021052,-0.004989338301223462,-0.0070045986613592025,-0.005201907461615424,0.01495973140062943,-0.0077417081507723485,0.9998445941995636
1740166442.1551812,1740166442.1417964,1,3,0.0033559735271099177,-0.0032747689825791807,-0.004750313041446562,-0.004272130745275784,0.011199506064197187,-0.0062826599419966295,0.999908419879974
1740166442.1723008,1740166442.158694,1,3,0.0010087630198262949,-0.0002869720666313179,-0.0008347150596958085,-0.0023953962737134613,0.005110215012973227,-0.002520838627980184,0.9999808963934386
1740166442.18761,1740166442.1752925,1,3,0.0027239991855461626,-0.002889963934117599,-0.004249684949893748,-0.00396772630704889,0.0033102836515346025,-0.0009171433313817255,0.9999862289142828
1740166442.2159214,1740166442.1919963,1,3,0.004980462456241744,-0.005870632528734515,-0.008155793914438117,-0.0058627641787715274,0.0050386513617287874,-0.0013802628936170637,0.9999691669561536
1740166442.227019,1740166442.2086005,1,3,0.004103963345916663,-0.0040502922208394835,-0.0057462510565014745,-0.004594733934061196,0.006808118326277729,-0.00219819904736685,0.9999638522796106
1740166442.2398598,1740166442.2253149,1,3,0.002880812827927964,-0.002132374079822836,-0.0032217251796074803,-0.0033436196576593262,0.008747335505189831,-0.003733594348597132,0.9999491810099075
1740166442.2570763,1740166442.2422202,1,3,0.00239215828831042,-0.0016961119345215076,-0.002651118236941816,-0.0030923304992229437,0.008191619395030455,-0.003730743477884129,0.9999547071827167
1740166442.2729764,1740166442.258583,1,3,0.0027097699784872347,-0.0023550248681361904,-0.003520012851096378,-0.0034544700669556874,0.005620872885638837,-0.001966424453756614,0.9999763025189286
1740166442.3000574,1740166442.2752376,1,3,0.007681203228960703,-0.009550242502552283,-0.01295716883171139,-0.008377879026184141,0.006959912603040473,-0.0019434099657085696,0.9999387950856221
1740166442.3122563,1740166442.2920325,1,3,0.014109284535132233,-0.01825034315547977,-0.024379906158491865,-0.014432311588309849,0.012229563072913011,-0.0038441281663503224,0.9998136670639707
1740166442.3240294,1740166442.3089786,1,3,0.016612949885649035,-0.02058865068285602,-0.02744500525054507,-0.01571541979240611,0.01748699704810207,-0.005643619289216218,0.9997076473031036
1740166442.339601,1740166442.325704,1,3,0.013548993646100647,-0.014746686385446687,-0.019772415760759873,-0.011097991076390229,0.020812027860762704,-0.006929860866816801,0.9996977898939047
1740166442.3565683,1740166442.3420804,1,3,0.010665505177093965,-0.01008598176568779,-0.013637360350605266,-0.007958746917909017,0.023573465693455472,-0.009119014038421984,0.9996488351644608
1740166442.372547,1740166442.3586934,1,3,0.010002871505722844,-0.009635102706785652,-0.01302280466065943,-0.00781430454581536,0.024578715675146617,-0.010728115706496174,0.9996097893246212
1740166442.389951,1740166442.375864,1,3,0.008550619656092641,-0.008133892172759425,-0.011061206700005537,-0.0068093047285166415,0.020561672864078204,-0.008694827141728631,0.9997275883755136
1740166442.4056113,1740166442.3920064,1,3,0.008416667806957002,-0.00818482045306412,-0.011142994591018593,-0.006833780619121463,0.016494949397431215,-0.005760195332563879,0.9998240026307413
1740166442.421885,1740166442.4087229,1,3,0.012760132224296422,-0.01438935742016443,-0.019287233608925772,-0.011047227248732139,0.017736277186122727,-0.00577636573939226,0.9997649808032569
1740166442.4390566,1740166442.4254966,1,3,0.01543602110856091,-0.01761063422421676,-0.023502553669532973,-0.01311018038959313,0.021060168378904603,-0.006904414802945483,0.9996684057897566
1740166442.455828,1740166442.4421437,1,3,0.01320427540995516,-0.0134918276083576,-0.018087060207757393,-0.009770380221080413,0.02344749817584409,-0.007993395533909783,0.9996453671815159
1740166442.472394,1740166442.4590237,1,3,0.011931974208795059,-0.011593220683320438,-0.015588759777469277,-0.008314318419548796,0.02628518750346545,-0.010486869837608654,0.9995648986374698
1740166442.489009,1740166442.4754806,1,3,0.011171867907302872,-0.011194135358384674,-0.015043039879378006,-0.00854426957355736,0.026769206763418138,-0.012003702228072526,0.9995330490581747
1740166442.5053542,1740166442.4921799,1,3,0.009048715584021136,-0.00884002536152898,-0.011937907654836018,-0.007033654906276914,0.021803121545181818,-0.00947022694079867,0.9996926859746625
1740166442.5221474,1740166442.5090082,1,3,0.00871798439353455,-0.008656167064904028,-0.011723976682342844,-0.006516344529155833,0.01659891139073621,-0.00585175103392977,0.9998238696912856
1740166442.5389323,1740166442.5256531,1,3,0.015049210796404963,-0.01778732023752399,-0.02372537782124322,-0.012705246732124304,0.018561867483171204,-0.006037639878451081,0.9997287535555388
1740166442.5555322,1740166442.5424402,1,3,0.02076898978275035,-0.0252812688101654,-0.03354708999105617,-0.017941309026149203,0.02372027362038482,-0.007765081309022196,0.9995274691383256
1740166442.5729628,1740166442.559377,1,3,0.021082457791497398,-0.024356038205222967,-0.032326541567637375,-0.01682332408549869,0.0283599437186281,-0.009412529039906279,0.9994118738818664
1740166442.5889552,1740166442.5756843,1,3,0.01823302662329476,-0.019129945945751268,-0.025491865910804462,-0.012466198833619237,0.03088483403188528,-0.010677254413196396,0.9993881714087172
1740166442.6057742,1740166442.5923867,1,3,0.016483798121356117,-0.01634440289537625,-0.02184826552752996,-0.010600933914837674,0.03276915174041327,-0.012121771026396114,0.9993332104766312
1740166442.622513,1740166442.6089637,1,3,0.01561914171700987,-0.015394198221152539,-0.02055615641844344,-0.010393741416615906,0.032449611537802195,-0.012438827220205796,0.9993419176777266
1740166442.6383462,1740166442.6259713,1,3,0.015213397596963777,-0.015063174486520368,-0.020097335954768657,-0.009848366258364731,0.029704347647687902,-0.01066666530318857,0.9994532923874813
1740166442.6571016,1740166442.6423717,1,3,0.016920815445654047,-0.01753991872860471,-0.02338485687892701,-0.011138040118330885,0.02932138603557933,-0.009949384101640998,0.9994584584360037
1740166442.673057,1740166442.6592467,1,3,0.017778860879459617,-0.018476938270531863,-0.024638983726590465,-0.01176345912002234,0.030587668445766495,-0.010491067469533225,0.9994078011862491
1740166442.6898417,1740166442.6761036,1,3,0.0165225669635928,-0.016424920704967354,-0.021929078263830455,-0.01066108828645609,0.03245251378429422,-0.011890362412834582,0.9993456833485197
1740166442.7060907,1740166442.6925473,1,3,0.0158309137129628,-0.015843739557050925,-0.021138513969788362,-0.010392391654438256,0.03470562997971111,-0.014341814703563946,0.9992406265732097
1740166442.723156,1740166442.7093863,1,3,0.014777286481194276,-0.015236405836661375,-0.020345900700359985,-0.010083296845320869,0.033342586553820414,-0.014781975367668693,0.9992837896467949
1740166442.7436378,1740166442.7260437,1,3,0.012288323188791696,-0.01244122388761639,-0.01668141137399747,-0.008437530607729053,0.02701696393900378,-0.01143860369519966,0.9995339164241833
1740166442.7562683,1740166442.742713,1,3,0.011635980343041627,-0.011834471926162387,-0.015867020687386074,-0.008112145514579493,0.021314801125941814,-0.0073980105738084305,0.9997125295742081
1740166442.7737336,1740166442.7595544,1,3,0.018118955324123304,-0.021201152042413764,-0.028150237497379646,-0.014156930671577998,0.023162241206741336,-0.007391092511175379,0.999604153476631
1740166442.7894785,1740166442.7760825,1,3,0.023759119376246585,-0.028510407930590558,-0.03777793797387624,-0.01880270032997365,0.02846702980384958,-0.009315319765886393,0.9993744600959679
1740166442.8065214,1740166442.7926905,1,3,0.023830540079198638,-0.02723868201213034,-0.03613137426395564,-0.01751449367043887,0.0322652647257894,-0.010583961840207934,0.9992698208969427
1740166442.8226407,1740166442.8094838,1,3,0.019784940432208926,-0.02035186986138338,-0.027083822767211507,-0.012432180357217892,0.03519630020319752,-0.012369286550110168,0.9992265319204716
1740166442.839417,1740166442.825901,1,3,0.018513549523125217,-0.018641530028717004,-0.024836732120309336,-0.011513020505879983,0.03788652835047934,-0.014828067529626319,0.9991056949801239
1740166442.856384,1740166442.842888,1,3,0.017441998923895547,-0.017799191028813156,-0.023738391263542758,-0.011072163472761545,0.03649177401009368,-0.015041957672744017,0.9991593952593351
1740166442.873238,1740166442.859476,1,3,0.0157523331506773,-0.015956956129835952,-0.021306466678719074,-0.009671444572296461,0.03145028085134961,-0.012152108385266636,0.9993846452973194
1740166442.8890946,1740166442.8759303,1,3,0.016366183410339467,-0.017073902706321715,-0.022753379336561762,-0.010423987007212364,0.028158896391250094,-0.009730238800820398,0.9995017456221771
1740166442.9064069,1740166442.892969,1,3,0.01876089671580013,-0.020340687005259993,-0.02705153481469523,-0.012551883447973165,0.029307905364735914,-0.009835839526882136,0.9994432215818173
1740166442.922953,1740166442.9094288,1,3,0.01863710378203084,-0.019638574016898898,-0.02615374034164719,-0.011912127705367323,0.031204581581096496,-0.010786992403978773,0.9993838182083778
1740166442.9397979,1740166442.9262087,1,3,0.017405391882122954,-0.01772669413693027,-0.02363873769258286,-0.010377759581647557,0.03335140731573002,-0.01251052367867662,0.9993114992500642
1740166442.9568722,1740166442.942912,1,3,0.016358044327872884,-0.016766862170685792,-0.02236186670578621,-0.010163070523181517,0.03477901016151211,-0.014521296202900762,0.999237841760566
1740166442.9728358,1740166442.9595122,1,3,0.014521782014178308,-0.0149573628716103,-0.019985837239964752,-0.009398933067941253,0.0316283503774051,-0.013576522230373355,0.9993632900770953
1740166442.9897726,1740166442.97645,1,3,0.01249267907075897,-0.012624695953137043,-0.016932997658332626,-0.007607596082688351,0.025423206615889427,-0.00990927848291623,0.9995987151087963
1740166443.0062654,1740166442.9928334,1,3,0.013952849370120377,-0.014982031610634116,-0.02002478372515797,-0.008941708015017676,0.022175794589519585,-0.007428747507710987,0.999686497709439
1740166443.023345,1740166443.0095577,1,3,0.017373372809426836,-0.019665786165344413,-0.026164459854029862,-0.01214714541882822,0.023895827194899896,-0.0076502538695458104,0.9996113794453206
1740166443.0401278,1740166443.0262218,1,3,0.017865841221088804,-0.01966834884893266,-0.02618134455308032,-0.012279328563998694,0.026549257902984357,-0.008723079755826911,0.999534022869853
1740166443.056501,1740166443.0428364,1,3,0.016314634203736807,-0.01688788634763643,-0.02254737325802058,-0.009990385462508947,0.02882526867023948,-0.010196028460551013,0.9994825346588256
1740166443.0736382,1740166443.0602257,1,3,0.015526474751954749,-0.015863698869530284,-0.021201984560875967,-0.00906266710098785,0.030240828473191123,-0.011629483079001945,0.9994338975047758
1740166443.089774,1740166443.0761993,1,3,0.014413839877007666,-0.014674650501023226,-0.01963265699443144,-0.008594279711612012,0.02867914482720668,-0.011239843226320443,0.999488524662723
1740166443.1076844,1740166443.0927851,1,3,0.01395673743788885,-0.014297917088434201,-0.01914101177275573,-0.008550345437269161,0.025655865154346758,-0.009137288379505426,0.999592506042915
1740166443.1234086,1740166443.1095943,1,3,0.01691662811025041,-0.018593588784664054,-0.0247881214208895,-0.011008079236814404,0.025236533822337093,-0.008266868279877555,0.9995867138177623
1740166443.1396987,1740166443.1262991,1,3,0.019936478930686695,-0.022515264453140095,-0.029941322995904674,-0.013190224106240935,0.027443730821333265,-0.008916373886646695,0.9994965522218408
1740166443.1569629,1740166443.143298,1,3,0.01876310054770018,-0.020095304651006694,-0.026760173747962895,-0.011575417726753107,0.030046343427331135,-0.01022418908659503,0.9994291835385936
1740166443.1733136,1740166443.1597404,1,3,0.016867020231994802,-0.017260547203236935,-0.023028234244689694,-0.009959849964617622,0.03349210491499428,-0.013115350888651197,0.999303291232503
1740166443.1908724,1740166443.1763673,1,3,0.016290423568854157,-0.017395214425140342,-0.023187325185112472,-0.010157286589217222,0.03572296921945949,-0.01638448427212461,0.9991757841713472
1740166443.2076287,1740166443.1932156,1,3,0.014049842203369635,-0.015551448393069905,-0.020760311230226737,-0.009130286223709875,0.03164909419586333,-0.015472069247844444,0.9993375744878427
1740166443.2231019,1740166443.2097542,1,3,0.009931212061400626,-0.010618735732616734,-0.014295464599961503,-0.006421645806753102,0.022160700483181143,-0.01046963658512076,0.9996789747358913
1740166443.2404926,1740166443.226423,1,3,0.00803651064738451,-0.008297707337128523,-0.011269451105988568,-0.005166995568972676,0.014669822707679778,-0.0054183748916961745,0.9998643606370059
1740166443.2571938,1740166443.2432916,1,3,0.012352853310834742,-0.014590396439322703,-0.019530165154726116,-0.009142817207303327,0.014362780069780104,-0.004271827424134802,0.9998459235965506
1740166443.273759,1740166443.25979,1,3,0.01514101581222274,-0.01796283958819057,-0.023953135406826507,-0.01094390477843678,0.017631449976517267,-0.005365668340191044,0.9997702598713312
1740166443.2901397,1740166443.2764986,1,3,0.013963636746408523,-0.015371491437038682,-0.020551749736693027,-0.009364621708994384,0.020364344588469765,-0.006594382215888072,0.9997270184670014
1740166443.306844,1740166443.2932944,1,3,0.011787410656202472,-0.011849525877078788,-0.015930981389177822,-0.007444021974067167,0.02296431445474693,-0.008548059466850784,0.9996720249550972
1740166443.3238726,1740166443.3099449,1,3,0.011098212585236187,-0.011189602601572214,-0.015053628878131203,-0.00688201936965366,0.023323716761883884,-0.009451967215331173,0.9996595932424034
1740166443.3403068,1740166443.326694,1,3,0.010157098281857744,-0.010259201247958318,-0.01383936789865674,-0.006126126930894337,0.02072846010934175,-0.008243603336445266,0.9997323864486702
1740166443.3573954,1740166443.3432002,1,3,0.00994203845361637,-0.010110371594318227,-0.013667426720512877,-0.006561283245176796,0.018135948298060985,-0.006409961584798603,0.9997934533362319
1740166443.3734393,1740166443.3598623,1,3,0.011132394384932897,-0.011692303114056554,-0.015760618529543788,-0.008207401596628793,0.018192494001828492,-0.006034261970285648,0.9997826060716896
1740166443.390955,1740166443.3768985,1,3,0.011214775357255643,-0.011517843715582596,-0.015516778489138391,-0.007824037377597785,0.01986067702338425,-0.006905473331195362,0.9997482945148538
1740166443.4068832,1740166443.393091,1,3,0.010374394322718443,-0.010325250230652729,-0.01394039004520483,-0.006607432772602759,0.021997253652378677,-0.008783779549701977,0.9996976082199711
1740166443.4246569,1740166443.4097555,1,3,0.00959928791342572,-0.009903336063278336,-0.013385118371382733,-0.006974059199854888,0.02359949309979617,-0.011344263303229397,0.9996327996388558
1740166443.439911,1740166443.4265358,1,3,0.0077433296899789795,-0.008269572992758274,-0.01124216619513729,-0.006750973925382495,0.020608176565971435,-0.010836354050844859,0.9997061072338057
1740166443.4563859,1740166443.443101,1,3,0.004810596138054375,-0.0048616700852671686,-0.006755973407610547,-0.004138273615488359,0.01316597793268274,-0.006741345743584469,0.9998820360293132
1740166443.472924,1740166443.4601326,1,3,0.004027529524895927,-0.004089323530644149,-0.005762501030945376,-0.0031909481032396532,0.007093558944673499,-0.002584775422862787,0.9999664085396641
1740166443.4907124,1740166443.4766865,1,3,0.006994846691546102,-0.008313550328402607,-0.011320133370848222,-0.006467511465140572,0.007290186726148841,-0.001918954308705011,0.9999506698269206
1740166443.507216,1740166443.4933634,1,3,0.008514290692010982,-0.009937967122658441,-0.013445753782102597,-0.007849390266489405,0.010003297498550187,-0.0029547165141416538,0.9999147917507376
1740166443.523347,1740166443.5102732,1,3,0.006911119689787085,-0.007015513031253858,-0.009599425162929318,-0.005357747733281076,0.012259852825385187,-0.004235156050835658,0.9999015221516324
1740166443.5396998,1740166443.526819,1,3,0.0061065065053477145,-0.0059617595338452255,-0.008226780289822625,-0.004318879557261022,0.014564333054256346,-0.006423510756301658,0.9998639737442381
1740166443.5579743,1740166443.5436172,1,3,0.004986034806367456,-0.004968314180688016,-0.0069417050292986445,-0.004407527425876546,0.013996415165502298,-0.007166726643611782,0.9998666471553698
1740166443.574358,1740166443.5605717,1,3,0.003015091300731012,-0.0027022065911203904,-0.00395765734711019,-0.0033424633225585527,0.009255674823408661,-0.004689357555645641,0.9999405834089424
1740166443.5896952,1740166443.576633,1,3,0.0036856259142400453,-0.003963498977444795,-0.005599903860986445,-0.003514041722269135,0.005175007515209264,-0.0016961214727367817,0.9999789967694028
1740166443.6086144,1740166443.5936348,1,3,0.007967719834574116,-0.010023793861958088,-0.013568031513803317,-0.007105177800009906,0.006485585933627012,-0.0016017635503030256,0.9999524428576875
1740166443.624198,1740166443.6101522,1,3,0.01003937550152734,-0.012290343431878759,-0.01656691276484313,-0.008872605813661671,0.009362321565855487,-0.0024441115849207226,0.9999138213463865
1740166443.640928,1740166443.6267974,1,3,0.007654214773445949,-0.007982031516581008,-0.010903791140719201,-0.006173119029655624,0.012564497228043172,-0.004233422198948108,0.9998930463541277
1740166443.6576233,1740166443.643615,1,3,0.00647919036144629,-0.006348496248074427,-0.008746171186891903,-0.0046979079274550245,0.015902006561441927,-0.007188542049439271,0.9998366770186161
1740166443.6735609,1740166443.6600382,1,3,0.00600021641033158,-0.0065849060329563015,-0.009064587883534826,-0.004920742688617414,0.01638768954133715,-0.009057121416476112,0.9998125816744539
1740166443.6913888,1740166443.6768713,1,3,0.003631657656219542,-0.004201081937017291,-0.005943734835602566,-0.003983688260088791,0.01158612965987582,-0.007309548382412583,0.9998982259859232
1740166443.7080274,1740166443.6935778,1,3,0.0006140773260412617,-0.0004981385438757064,-0.0010787619975935261,-0.001612886056415928,0.004017006293945473,-0.0030144309440750445,0.9999860876357666
1740166443.722811,1740166443.7100801,1,3,0.00048613770735919366,-0.0005843467957734748,-0.0012031849354460012,-0.001246505509289213,-0.00025491868708170926,6.10537796431113e-06,0.9999991906012737
1740166443.7401862,1740166443.7269566,1,3,0.002317905996366669,-0.003163821683312798,-0.004601121762001958,-0.0027663978704881597,-0.000163911661260728,0.0004111242750199035,0.9999960755686095
1740166443.7572446,1740166443.7436266,1,3,0.0017115946552828845,-0.0018911868980384578,-0.002934087236972857,-0.002317391617304102,0.001475837931474399,-0.0004554883845615903,0.9999961220568926
1740166443.7730212,1740166443.760387,1,3,0.0006250545856965042,-0.00023392136498200902,-0.0007532917911656637,-0.0016118745480235793,0.003005755819318732,-0.0017959125815691453,0.9999925709676025
1740166443.790694,1740166443.7769775,1,3,3.874762936256328e-05,0.0002933115542602062,-7.131495789598108e-05,-0.0010609158368339669,0.0025858628826641726,-0.0019868113884512094,0.9999941201583367
1740166443.807073,1740166443.7936523,1,3,-0.0004422340091879339,0.0006825456479249174,0.00041123172312150166,-0.000830654754787426,-5.8268321052660394e-05,-0.0005270605188046701,0.9999995144122275
1740166443.8229806,1740166443.8107173,1,3,0.0012690626733636154,-0.0018787529415335497,-0.0029439330368253814,-0.0029108105121727133,-0.001542622682119289,0.0009470096314179888,0.9999941253178345
1740166443.8395379,1740166443.8271637,1,3,0.005010736824456173,-0.007008436038949283,-0.009653773326569916,-0.006554789001908353,0.0007825130198437293,0.000325657199789097,0.9999781579424135
1740166443.8568158,1740166443.8436975,1,3,0.006369828986808063,-0.008195287066776937,-0.01120292885214753,-0.006965364636396946,0.0040677325175597434,-0.0008639865197598373,0.9999670948460961
1740166443.873226,1740166443.8604443,1,3,0.004052976249521276,-0.004080376522900275,-0.005803582871053221,-0.003810116932704039,0.006914196964068565,-0.002478990958947502,0.9999657651605511
1740166443.8902287,1740166443.8769047,1,3,0.0031371491382468754,-0.0029618026159894226,-0.004340958788177458,-0.0034778371542998282,0.010469354479543655,-0.005789533953323344,0.9999223862691109
1740166443.907247,1740166443.8937042,1,3,0.0026143787251776238,-0.003286365331379741,-0.00477210710097389,-0.004379486002241431,0.010703780562098933,-0.007739080562833054,0.9999031732203257
1740166443.923816,1740166443.910324,1,3,1.390326492875424e-05,-0.0006304984140535724,-0.0013053518943187549,-0.002761859426026707,0.004587734678528238,-0.005187784058989033,0.9999722054735259
1740166443.940541,1740166443.9269636,1,3,-0.0031697145654393075,0.003367823912306437,0.003924821269905566,0.00024165754978999873,-0.004095094708455963,0.00013505262892135343,0.9999915767453967
1740166443.9567707,1740166443.943862,1,3,-0.002257623913388981,0.0018637560355946417,0.0019453377903599117,-0.0006919199286174243,-0.0077843235355533206,0.003026573386893069,0.999964882087086
1740166443.9734938,1740166443.960433,1,3,0.0009577834798850871,-0.0025347232123680264,-0.003815828034578881,-0.003910922328886344,-0.005882190367779484,0.0025976164126486584,0.9999716780549274
1740166443.991712,1740166443.9771707,1,3,0.0010300709089214922,-0.0019332327246132546,-0.0030123584502090386,-0.003098670465356217,-0.002928901646775809,0.001311783458462363,0.9999900494508176
1740166444.0097094,1740166443.9937174,1,3,-0.0003645065586949837,0.0004835501030152546,0.00017169876914372023,-0.0008235678508102409,-0.0007374834729624849,-5.315847468630856e-05,0.9999993875139618
1740166444.0230196,1740166444.0104623,1,3,-0.001023494092166505,0.0011630480342032816,0.0010555710752831304,-0.0006454360906446551,0.00037931201450739597,-0.001590778263019356,0.9999984544783889
1740166444.0400112,1740166444.027243,1,3,-0.0023169447234160398,0.0025512804599171768,0.0028562864818331194,-0.00020618812575214584,-0.0018547460291453276,-0.000760853053262561,0.9999979692510659
1740166444.0569887,1740166444.0437014,1,3,-0.0028360528051564774,0.0030014965091728772,0.003431688325488579,0.00041914670367873314,-0.005671511514437082,0.0017365410437143486,0.9999823211929229
1740166444.0740848,1740166444.0612652,1,3,0.00030579538184207454,-0.0015907426051203686,-0.0025937547638334997,-0.0023141357419723756,-0.006089972085834585,0.002613455134193786,0.9999753631305238
1740166444.0903533,1740166444.0771601,1,3,0.0035049360250580886,-0.005754236109153997,-0.008046121633804592,-0.005241108328901384,-0.0036214348610476466,0.0020562692613812585,0.9999775936238554
1740166444.1070335,1740166444.0936968,1,3,0.0027941761809134043,-0.003838533921419142,-0.005530534814657046,-0.004123289949379162,-0.00020475927277326052,0.00048406446433690327,0.9999913610802984
1740166444.1228857,1740166444.1107936,1,3,0.0011654481710028615,-0.001048246083442514,-0.0018560099562923704,-0.001897762606958881,0.002409282633723379,-0.0012463221761774932,0.999994520252642
1740166444.1408112,1740166444.1271904,1,3,0.0007523961759707125,-0.0008133744618570593,-0.0015327224039532285,-0.001374866214794306,0.00361695001726508,-0.002915834903775118,0.9999882625922556
1740166444.1572928,1740166444.1437964,1,3,-0.0005254894428972349,0.0004166990065441557,7.203890648928708e-05,-0.0007899616060314791,0.0014834346901674653,-0.0023836232090958635,0.9999957468522443
1740166444.173494,1740166444.1605225,1,3,-0.002069684362213213,0.002237019158252491,0.002433609772825115,5.069620350465591e-05,-0.00314993375789655,0.000225527014101022,0.9999950122299519
1740166444.1912427,1740166444.177279,1,3,-0.0011294400758581874,0.000733712614275161,0.0004520732086871192,-0.0007713754359676987,-0.005126964450845769,0.0018789818151902374,0.9999847942057893
1740166444.2070723,1740166444.1944485,1,3,0.0009777593124662563,-0.0021456782455454696,-0.00330731122794367,-0.0022952657692716124,-0.0044295578014127675,0.0021620850009884964,0.9999852179713363
1740166444.223842,1740166444.2106614,1,3,0.00036524772441057864,-0.0007933796720028842,-0.001510539352343205,-0.0013388364626122106,-0.002087132858588491,0.0008304404465194026,0.9999965808751656
1740166444.240763,1740166444.22739,1,3,-0.0006700249704735174,0.0007678582731229999,0.0005336141388889691,-0.0004776013853224001,-0.0003653577841727669,-0.0007873218010354601,0.9999995092673736
1740166444.2570271,1740166444.244359,1,3,-0.001174558862389246,0.0009638582781579479,0.0007883494942179062,-0.0003463029813125878,-0.00019976857923819716,-0.0018765512758299693,0.9999981593593406
1740166444.2737253,1740166444.2608204,1,3,-0.0023968009286559483,0.002101520381299928,0.002280750189334915,0.0007286980189234464,-0.003938114712154974,-0.00015038773280555233,0.9999919687853703
1740166444.2961452,1740166444.2775984,1,3,-0.0027822673372285417,0.0023989861249082128,0.0026561819282963574,0.0007443208824649742,-0.0080981164979274,0.0028029741820234733,0.9999630042313289
1740166444.3104186,1740166444.2942424,1,3,0.0016247529296854128,-0.003909024832890184,-0.005634117077913442,-0.004011460169210621,-0.007245343917413374,0.0031575877373404035,0.999960720637821
1740166444.3250785,1740166444.310725,1,3,0.006642639277540639,-0.010497047621608475,-0.014264376453172162,-0.00845837807662129,-0.002611745082841123,0.0016267021270680402,0.9999594934136707
1740166444.342071,1740166444.327587,1,3,0.007276169682569212,-0.010205778273166544,-0.013849593896272813,-0.0076074291147086425,0.001616301888850575,0.00024872419042040354,0.9999697259051125
1740166444.358501,1740166444.3443167,1,3,0.0038475040034224475,-0.004207791094991416,-0.005975454446489746,-0.0034294108183443163,0.004962525892366061,-0.001577991894243268,0.9999805610209571
1740166444.3755553,1740166444.3609455,1,3,0.0026261103870645402,-0.0025091349839323537,-0.0037628090842601438,-0.002826391916931602,0.007859045214063819,-0.004328005384949085,0.9999557566644851
1740166444.392409,1740166444.3778288,1,3,0.0018113338078893752,-0.0021343892351878236,-0.0032602348872869174,-0.002827126874349426,0.007166015494882895,-0.005088492706352431,0.9999573805005596
1740166444.4101036,1740166444.3942037,1,3,-0.00019797348353794647,2.7379771377041408e-05,-0.00040744606413580474,-0.000896052841016052,0.0018746933322316799,-0.002434713306313598,0.9999948773795455
1740166444.4254336,1740166444.4110746,1,3,-0.0014938819566888324,0.001602441160823241,0.0016378232888550409,3.659746570358485e-05,-0.0029387148758060794,0.0007426657225507998,0.9999954055210099
1740166444.441789,1740166444.4276516,1,3,0.00012360600487029038,-0.0007172158032381912,-0.00142719194776477,-0.002108754633161883,-0.003736088738259165,0.0016603055513872381,0.999989419034178
1740166444.4581618,1740166444.4442954,1,3,0.0009494260893492932,-0.0015415503414190424,-0.0024950321727290267,-0.0025506617993211692,-0.0018917482905653111,0.0009754258662760443,0.9999944819633606
1740166444.4739661,1740166444.4610133,1,3,0.0004551273365851809,-0.000524921771410576,-0.001138323456722167,-0.0013570916666536697,-0.00025865439335200286,-3.1176170957663764e-05,0.9999990452136239
1740166444.4903471,1740166444.4774065,1,3,-0.00038799238158380517,0.0006361028460659538,0.00038088760279479,-0.0008181672234515494,0.0008064034166678374,-0.0010599526272388232,0.9999987784074299
1740166444.50733,1740166444.49441,1,3,-0.001414503967463509,0.001836524740834673,0.001934983170549719,-0.0006803664931914749,-0.00035207845457868576,-0.000903122431966469,0.999999298755789
1740166444.5241172,1740166444.511021,1,3,-0.0012967943105072332,0.0014240596395533184,0.001410753710708329,-0.0007675222906264754,-0.0030276336553034552,0.0009200640510674105,0.9999946988990115
1740166444.540921,1740166444.5280437,1,3,0.0025622825809399103,-0.004209999463554273,-0.005958700643649588,-0.00379351991405836,-0.0027726148041086088,0.001490528746389781,0.9999878499951217
1740166444.5581155,1740166444.5445,1,3,0.006087970969042082,-0.008736405331632629,-0.011912976637796181,-0.007057108369506583,0.0005243945621923878,0.00045478188554489845,0.9999748573865449
1740166444.5756824,1740166444.5615454,1,3,0.006411519715338935,-0.008210638376479782,-0.011242214050517823,-0.007106821798480574,0.004354836887505599,-0.0010314258665227558,0.9999647316982182
1740166444.5910728,1740166444.5775518,1,3,0.004110525341665355,-0.004123918245422088,-0.00586111846895384,-0.004073670057241238,0.0070463815157002395,-0.002443955619778208,0.9999638897483891
1740166444.6078403,1740166444.5943227,1,3,0.003275741993306175,-0.0030132905127026304,-0.004384318756402672,-0.0030884157267618375,0.009100957725945238,-0.004434223041134786,0.9999439843925212
1740166444.629497,1740166444.6108994,1,3,0.0023488457236493913,-0.0022377699943142908,-0.0033728744978491878,-0.0028390650751729664,0.008053406343774343,-0.0045335300593201105,0.9999532636383374
1740166444.6412535,1740166444.627918,1,3,0.0005323683439276496,-3.1766581469709723e-05,-0.0004948603389105854,-0.0018544276278462685,0.0038968216241963283,-0.0023585007487219377,0.9999879066036852
1740166444.657328,1740166444.6443663,1,3,0.0016053974587600687,-0.0017675648077252165,-0.002763227001553829,-0.0028316812865664706,0.0013588027135030371,-0.000375724098060028,0.9999949970213248
1740166444.6739688,1740166444.660964,1,3,0.0055472896928230155,-0.007315167957920755,-0.0100269673920299,-0.006035990528056503,0.0027651637598854186,-0.00045094378949656256,0.9999778584235878
1740166444.6901417,1740166444.6778564,1,3,0.0059928535318573535,-0.007226938511378603,-0.009914342782240324,-0.0061812988861841365,0.005803308398442268,-0.001687076388160918,0.9999626327663312
1740166444.7083206,1740166444.694305,1,3,0.004010458775396879,-0.003750413299746992,-0.005350004885695666,-0.003945615370916165,0.008078988047045092,-0.0029861995266767093,0.9999551213348864
1740166444.7244713,1740166444.7113814,1,3,0.003456804913354382,-0.003155190671352535,-0.004563275429994324,-0.0034376813952964923,0.010102231337927904,-0.005072365902308682,0.9999301967501394
1740166444.740666,1740166444.7279973,1,3,0.002694428873807176,-0.002753866142804712,-0.004042889465860244,-0.0031002560857082495,0.008775758579737693,-0.0051565164915235925,0.9999433908033124
1740166444.760372,1740166444.7445805,1,3,0.0007100207909410089,-0.00040131238551840883,-0.0009751840394042053,-0.0018581519894905962,0.003985276977828182,-0.0026390899626936265,0.9999868499349193
1740166444.7737935,1740166444.7613683,1,3,0.0011409568719670522,-0.0011959691411065853,-0.002024703182397058,-0.002669615371116715,0.0008527598795052377,-0.00021563115197459096,0.9999960497209798
1740166444.791538,1740166444.7778146,1,3,0.00611826754540725,-0.008268263155413014,-0.011284885843544833,-0.007312331614472068,0.002816153505883102,-0.0005029836066956175,0.9999691725714761
1740166444.8075671,1740166444.7947154,1,3,0.009148052831654957,-0.011877674945167066,-0.016005386274974925,-0.00937437844971229,0.006825972507861325,-0.001894366785837401,0.9999309668684554
1740166444.8274627,1740166444.811252,1,3,0.008026523696765589,-0.009184474326216675,-0.012471987639083313,-0.007523888416946561,0.01022080433893845,-0.0032388018318844935,0.999914214532651
1740166444.8415296,1740166444.827687,1,3,0.005726006498574622,-0.005257106824434321,-0.007328657984760431,-0.005001500652749935,0.012236031230698944,-0.004513865004479256,0.9999024400178567
1740166444.8577728,1740166444.8446598,1,3,0.005120941728846823,-0.004534403064065023,-0.006387331178728183,-0.004628107064326057,0.01332860890850308,-0.005665117388721377,0.9998844109468541
1740166444.8756135,1740166444.8614101,1,3,0.048224466915573576,-0.06905807498978574,-0.09096775733230285,-0.0514399650383254,0.034638548678529224,-0.015351708816378637,0.9979571263229288
1740166444.9082866,1740166444.896016,1,3,0.037719094645936584,-0.0450377340524053,-0.05952453909358417,-0.02987345199011568,0.048085847363876784,-0.017119108373592182,0.998249600189244
1740166444.9249504,1740166444.9116535,1,3,0.027801817584455855,-0.029431578342142134,-0.03901075850271603,-0.01828296967091207,0.057311639328689205,-0.02509601295242242,0.9978733883370989
1740166444.941252,1740166444.9281247,1,3,0.026917097086838693,-0.030691274957677414,-0.04050940105402689,-0.02081352301783046,0.05708884323181291,-0.027880613576349574,0.9977626634749599
1740166444.9615643,1740166444.944891,1,3,0.0189254276971741,-0.020485420189686427,-0.027142985754889794,-0.010717816185522915,0.03735454541509641,-0.016539412091471483,0.9991077090087502
1740166444.9756117,1740166444.9614758,1,3,0.013791553036544274,-0.013671033815524362,-0.018371404660631183,-0.010516247492304778,0.030194845316361425,-0.012749764613946378,0.9994073860830179
1740166444.9916162,1740166444.978317,1,3,0.029555669823772557,-0.03755488247300378,-0.04932665232985881,-0.021940971403238505,0.030592660268852948,-0.010643129235029157,0.9992344102920211
1740166445.0076673,1740166444.994746,1,3,0.03388224824465795,-0.041590061413551684,-0.05505189936876594,-0.02478572197330265,0.03682425723992529,-0.012388968832076054,0.9989375133191604
1740166445.0248873,1740166445.011282,1,3,0.03523895411202105,-0.04207398761606561,-0.055294347427989145,-0.026186531409735692,0.04586413480610725,-0.016445042122936855,0.9984689816417879
1740166445.0422904,1740166445.02809,1,3,0.04126281810666072,-0.04924280262795851,-0.06492744319068719,-0.021631697995973566,0.045170612987831156,-0.013957413010838271,0.9986475233965983
1740166445.0586162,1740166445.0446556,1,3,0.031307231575641095,-0.032780261501517714,-0.04370665052727361,-0.020533132909501053,0.05166729997052091,-0.01829904939915259,0.9982855429974755
1740166445.0756276,1740166445.0623066,1,3,0.04496714223776847,-0.052980045573681314,-0.06954533698638721,-0.02900680710748652,0.05925539402860028,-0.021179873276048596,0.9975965198355269
1740166445.0918925,1740166445.0781522,1,3,0.04586438923879251,-0.05228168914736823,-0.06910704492224673,-0.026710831122436687,0.05959125512804563,-0.019830533724494333,0.9976683636084761
1740166445.108174,1740166445.0949504,1,3,0.04972200774499901,-0.05677378299072922,-0.07488443608128924,-0.03428947154074745,0.06930963485541165,-0.02473433731225901,0.9966988608478436
1740166445.1244946,1740166445.1117103,1,3,0.05080947839993898,-0.05686195408917132,-0.07509397187713797,-0.026318016840589275,0.06778381264467823,-0.022773037760612996,0.9970928269143668
1740166445.1419861,1740166445.1282964,1,3,0.04324563644380115,-0.045383216146651015,-0.06031546674009059,-0.02692509751238193,0.07606612380858808,-0.02989521748751441,0.996290750686796
1740166445.1580167,1740166445.1450028,1,3,0.04125565699074194,-0.043820163746384214,-0.05759887627397366,-0.02235463502370306,0.07089437061520594,-0.02707808957695988,0.9968656055722321
1740166445.1755013,1740166445.1615684,1,3,0.041924450453649086,-0.045742600031447284,-0.06044561846072715,-0.02077341486464383,0.06787194695265567,-0.02623456704310891,0.9971326950530596
1740166445.1919127,1740166445.1782784,1,3,0.04133766488499582,-0.045253313795435686,-0.05980121150599592,-0.026794201406655924,0.06329525806403957,-0.022433061910152673,0.9973828446544093
1740166445.212988,1740166445.194999,1,3,0.059044076063411506,-0.07038219472770214,-0.09270375850505602,-0.0377766295722587,0.07134213574368409,-0.02481824895655437,0.9964272579794374
1740166445.2250893,1740166445.2116697,1,3,0.06419345573362523,-0.07521834266407834,-0.09952314054555904,-0.04613623743988104,0.08334928944867676,-0.030235411644802795,0.9949925444072237
1740166445.2446272,1740166445.2285807,1,3,0.06828175156655693,-0.07893331446343928,-0.10411084376965014,-0.04606060849438056,0.09044548034771938,-0.03252613921068182,0.9943038196134243
1740166445.2585628,1740166445.245114,1,3,0.05798086398668365,-0.06229338628396493,-0.08239731418854582,-0.03024178223423559,0.08851381296937884,-0.03245484779671477,0.9950866406375933
1740166445.274951,1740166445.261879,1,3,0.05549904527381972,-0.05984736220370378,-0.07920870467943643,-0.034237384876669885,0.09622959549912727,-0.03956988308801932,0.9939828422962248
1740166445.2955103,1740166445.2783945,1,3,0.05339084077058245,-0.05925461790463473,-0.07820876510939437,-0.03321080503033062,0.09506493983152098,-0.0412922485050057,0.9940596812352201
1740166445.3094246,1740166445.2949522,1,3,0.043927358060801995,-0.047413524180385885,-0.0627647700529423,-0.02800593692800881,0.07885566285612818,-0.032598857853887296,0.9959592192449082
1740166445.3251405,1740166445.3119762,1,3,0.04258445678913439,-0.046099223109309605,-0.060858483163481775,-0.026842007280436665,0.06644639819847117,-0.023520414663645493,0.9971515295609076
1740166445.3418114,1740166445.3283627,1,3,0.05867531793878196,-0.06885601693731777,-0.09079643062510549,-0.03994363594789871,0.0771892893346021,-0.028121841330857256,0.9958190004209816
1740166445.3583336,1740166445.345181,1,3,0.07478917239086647,-0.08983741764086739,-0.11859090243230301,-0.055901817578348896,0.093204822247528,-0.034633970826187986,0.9934728662455027
1740166445.3753865,1740166445.3620582,1,3,0.07763248871134479,-0.09060674443676589,-0.11967403483597303,-0.05309933859511102,0.09886131759803199,-0.03587998141832665,0.9930355114782972
1740166445.39154,1740166445.3785834,1,3,0.07436522972563528,-0.08338152738666273,-0.1103452020080755,-0.04524551382712896,0.09960818546627166,-0.03584312575591734,0.9933510573823744
1740166445.4085317,1740166445.3951993,1,3,0.06838300315376693,-0.07347947845071423,-0.09739533303986514,-0.03863207833039506,0.09987664960778284,-0.036266839418302936,0.9935879094199997
1740166445.4250557,1740166445.4119117,1,3,0.06689080055767854,-0.071522274148425,-0.09472305986927645,-0.036717096020650306,0.10111210628916079,-0.03766707291526152,0.9934834615833201
1740166445.441977,1740166445.4286215,1,3,0.06594046243881818,-0.07056579722242319,-0.09349828848907835,-0.036416202727106675,0.09986681577605472,-0.037355736063587,0.9936322399503941
1740166445.4592984,1740166445.4453173,1,3,0.06411412433455606,-0.06841328811540084,-0.09063341911858444,-0.03576651960319006,0.09886904251073218,-0.03725530409432471,0.9937593827609
1740166445.476362,1740166445.46182,1,3,0.06255831806731914,-0.06681677914497888,-0.08852523284548064,-0.0348897547667782,0.09903578182510601,-0.038386307271725005,0.9937309043924542
1740166445.492248,1740166445.4786098,1,3,0.06081512633183019,-0.06564014878542757,-0.08690195549433585,-0.03618423899549505,0.10143773461222697,-0.04137939686000692,0.9933221191338479
1740166445.508797,1740166445.495673,1,3,0.05667623258413804,-0.06139454860738098,-0.08121006303541785,-0.03393886621272357,0.09666662257380745,-0.04015023667523186,0.9939273997306295
1740166445.5253034,1740166445.511896,1,3,0.05101139559692491,-0.05469659768182434,-0.07238058629319474,-0.03071448315958241,0.08783886932953897,-0.03565142850779982,0.9950225772335526
1740166445.563147,1740166445.5289798,1,3,0.04812085527219777,-0.05115879016754489,-0.06771923226448111,-0.028072747439512505,0.07584159949303947,-0.02734021742777224,0.9963495797904153
1740166445.566677,1740166445.5455163,1,3,0.06117137967706403,-0.069681166545013,-0.09210591746658268,-0.040838921001194316,0.08477750295783236,-0.03104719484565066,0.9950784035521568
1740166445.5759573,1740166445.5625541,1,3,0.07261564272106937,-0.08449039891554666,-0.11163161845148611,-0.05021385934551213,0.09598133405548911,-0.035676379874575774,0.9934753886038661
1740166445.5923042,1740166445.5789866,1,3,0.07620500854938665,-0.08716190008027283,-0.11524321151347,-0.04973991074801726,0.10108089932204266,-0.03724332168586488,0.9929358126590205
1740166445.6088645,1740166445.5955067,1,3,0.06670573865215243,-0.07160284506451195,-0.0948355290920041,-0.03716984741767552,0.09863955271412499,-0.03607291354913714,0.9937743134089252
1740166445.629379,1740166445.6121747,1,3,0.06623426106972563,-0.07193246343654694,-0.09523747472747165,-0.038315847054894936,0.10791050207668236,-0.044054554297227905,0.9924446662921298
1740166445.6428149,1740166445.6289794,1,3,0.06222869981197635,-0.06873051005655453,-0.09094287219524959,-0.040005018072522006,0.11234587878439949,-0.05004578081676473,0.9916014430564422
1740166445.6587021,1740166445.6454985,1,3,0.05355683169046941,-0.05932641131362248,-0.07837220062356613,-0.035353699991255705,0.09799520043249761,-0.0434032619061336,0.9936111983291204
1740166445.6760285,1740166445.6626935,1,3,0.043411681125901075,-0.04636337480888795,-0.06126102388113676,-0.026457243272070337,0.07664715268958239,-0.030640171161941086,0.9962361206933773
1740166445.6918864,1740166445.6789606,1,3,0.04113572955773444,-0.04356850684411461,-0.05756921881587667,-0.024308110110155757,0.06660847826499329,-0.023628983589512306,0.9972031375505299
1740166445.7091806,1740166445.6955485,1,3,0.05033584129529671,-0.056532009858804036,-0.0746911697818028,-0.03231484525294191,0.07169834371130772,-0.025462186361009515,0.9965775310285954
1740166445.725177,1740166445.7123444,1,3,0.048119091708614156,-0.05191413023272749,-0.0687434240710235,-0.0297486950973867,0.07327608841891357,-0.025883331969331604,0.9965318274556973
1740166445.7425652,1740166445.7289178,1,3,0.04519892170923218,-0.04746454798138161,-0.06284786170068787,-0.026031116249414253,0.0760297364085762,-0.028268580268786484,0.9963647663070182
1740166445.7589848,1740166445.7457461,1,3,0.04533745735282044,-0.04890660938449784,-0.0646953469830757,-0.028463758263522113,0.08172203016964281,-0.03378820660722371,0.9956754899789064
1740166445.775827,1740166445.7621984,1,3,0.042222783279229695,-0.04654536310281893,-0.06140196305747301,-0.02785004663914058,0.07817926432803288,-0.03363668374843984,0.9959824049840101
1740166445.793184,1740166445.7787716,1,3,0.03549063297846229,-0.03834514857725932,-0.050637831540283305,-0.021239912843709553,0.0649010057100903,-0.0265974814700881,0.997311034502105
1740166445.8096921,1740166445.7956467,1,3,0.030524384639103265,-0.03199086592985026,-0.042412405658846186,-0.018969153930444876,0.056309181957532144,-0.021876441581036923,0.9979934210856243
1740166445.82585,1740166445.8126793,1,3,0.028034843015404903,-0.02876706100279081,-0.038148489385707966,-0.016879104312505708,0.05015376964680699,-0.017923188305931634,0.9984380073638888
1740166445.8423321,1740166445.828832,1,3,0.027579985468887187,-0.028225040958737242,-0.03743694703857023,-0.01678633152578382,0.050573279180354376,-0.018499591741825087,0.9984078964091972
1740166445.8580887,1740166445.8456035,1,3,0.027074696736257862,-0.028058874100837156,-0.03715814095020789,-0.016475290554254455,0.050307799697843575,-0.019163104756333874,0.9984139750157809
1740166445.8769808,1740166445.8622122,1,3,0.025866480796180157,-0.026779831938118063,-0.035522961681372506,-0.015053677567661149,0.04709856070970481,-0.017553373596549106,0.9986225470347357
1740166445.8924532,1740166445.87899,1,3,0.024716142960291832,-0.025331220009880716,-0.03365507934708232,-0.0155403562665466,0.04433168107189232,-0.015842586220929416,0.9987703499014582
1740166445.908749,1740166445.8954906,1,3,0.032356369057137506,-0.03642674841961149,-0.04817036646516493,-0.02230880223749656,0.047396089481117176,-0.0165851803689631,0.998489288794204
1740166445.925431,1740166445.9124472,1,3,0.03720208236935164,-0.042300967581800304,-0.05598908804347477,-0.02580279270548348,0.05262949991689553,-0.018458858610362623,0.9981100250803506
1740166445.9417117,1740166445.9293613,1,3,0.035120609215920334,-0.03792532813723657,-0.05028211938799951,-0.02281829774806936,0.0550035846439795,-0.019255449011534295,0.9980396578531122
1740166445.9596486,1740166445.9457746,1,3,0.03254352797405036,-0.034121857328958734,-0.04525204006845731,-0.01996148839579553,0.06175171518977503,-0.02506385845670539,0.997577098600107
1740166445.975785,1740166445.9624934,1,3,0.03449195647002307,-0.039545391239032966,-0.05232231563507536,-0.02609008752684136,0.07168130662884398,-0.035200461248092674,0.9964647636222492
1740166445.9925225,1740166445.9791188,1,3,0.030654987525377538,-0.03791461896588397,-0.050133625431189884,-0.026491585659491314,0.06490494498782082,-0.03533383639437967,0.9969137695964627
1740166446.009098,1740166445.9956455,1,3,0.02121929114124127,-0.028036477975278067,-0.037196987040182386,-0.021185665531626836,0.045016275908334055,-0.02715202226944898,0.9983924429631897
1740166446.025477,1740166446.0125904,1,3,0.006909968557854606,-0.009156347057492758,-0.012405587507263439,-0.008183029977657635,0.015641486079513496,-0.010326104842360578,0.9997908548753552
1740166446.042645,1740166446.0289924,1,3,0.005058721590402334,-0.006799076030760411,-0.009360159179306764,-0.005476954383808587,0.002739547455281736,-0.000913650882946293,0.9999808313625227
1740166446.058963,1740166446.0456538,1,3,0.019122415173675203,-0.026847719645763643,-0.03571633982798489,-0.020037623906943056,0.01243209320320444,-0.005098390263240625,0.9997089291906293
1740166446.075709,1740166446.0633569,1,3,0.023973908220479376,-0.031816924139129045,-0.04219016199069212,-0.022555738225838565,0.021040416662278193,-0.007882728217851359,0.9994930725800998
1740166446.0930965,1740166446.0791848,1,3,0.015745800582037475,-0.017403439073019257,-0.023280478653262656,-0.01165687441884234,0.02339782429247242,-0.008045252704271196,0.9996258965263387
1740166446.1093621,1740166446.0958903,1,3,0.013369672443392535,-0.013875111176931016,-0.018661719679231054,-0.009743746892567066,0.028982137458349953,-0.012759560500384612,0.9994509936563553
1740166446.1265278,1740166446.1125338,1,3,0.014580291230870509,-0.01744966092331114,-0.023375123888886483,-0.013034816801530251,0.031534020698224335,-0.016952695980156238,0.9992738889756696
1740166446.1430073,1740166446.1292806,1,3,0.0110189411852975,-0.014387694601297744,-0.01936172280827021,-0.011760921035071606,0.023656326741071387,-0.014528459297723319,0.999545388069977
1740166446.158942,1740166446.1459885,1,3,0.004626478982188185,-0.006607792301498945,-0.009158770944457478,-0.006681208219139775,0.011116262516642723,-0.008239326080454284,0.9998819448665595
1740166446.1759667,1740166446.162467,1,3,-0.0001108822597046702,-0.0007101705732012048,-0.001488519589948154,-0.0032697627006681197,0.0026379750461667534,-0.004113893236124126,0.9999827126615635
1740166446.1932275,1740166446.1795776,1,3,-0.0021965833401826626,0.0012719082215914262,0.001104623344384016,-0.0021998313641880497,-0.0018426657633749664,-0.002568677877253587,0.9999925835819067
1740166446.2091334,1740166446.195994,1,3,-0.0024578030456164543,0.00017144889243078968,-0.0003386940547351661,-0.0026158602972885703,-0.004640244287252044,-0.0027763955627688156,0.9999819583550189
1740166446.2250674,1740166446.212625,1,3,-0.004121218814726809,0.000902907585317862,0.0005488369966725212,-0.002903711421084114,-0.010346828184767171,-0.0015214935949989642,0.9999410965970637
1740166446.2416143,1740166446.229586,1,3,-0.009213899365006892,0.007138251055622963,0.008637034214019564,0.0009125404441762241,-0.020683758570542766,0.0035341680213746307,0.9997794051978316
1740166446.2585323,1740166446.2461972,1,3,-0.014321245528197055,0.014260010192960365,0.017925701862039463,0.005525608398063793,-0.0303960795347524,0.00979332545091112,0.9994746804083436
1740166446.2755723,1740166446.2629724,1,3,-0.01112293576933481,0.009427914767714086,0.011664879010237408,0.0026528914376650584,-0.03165000001438841,0.011349264018900311,0.9994310550870122
1740166446.2926443,1740166446.279367,1,3,-0.009226416640888696,0.007290613211662393,0.008900777833087818,0.0015174970805364382,-0.028442763760698764,0.010231905620166074,0.999541902323081
1740166446.3083808,1740166446.295933,1,3,-0.012276281895381606,0.012428401755913443,0.015615371849740706,0.004642150490006712,-0.02437782133965189,0.007635653754590936,0.9996628777029285
1740166446.3254566,1740166446.3129272,1,3,-0.007852294088948388,0.004362909633719121,0.004978126540448726,-0.0009291078877192072,-0.018909446196017747,0.001159747457710861,0.999820096111759
1740166446.341877,1740166446.3293414,1,3,-0.005620382842326378,-0.0017043243536083062,-0.0031300266205223203,-0.006107688003028376,-0.022162577255855947,-0.0008102021011962419,0.9997353949366757
1740166446.358268,1740166446.3459268,1,3,-0.011048024472737544,0.00384069611626383,0.004046824948644002,-0.0027901749094603585,-0.03708846810505332,0.005354578593106361,0.9992937450748329
1740166446.3755662,1740166446.3628154,1,3,-0.0228728279252948,0.020726304553770624,0.026136931285063055,0.009330002687717515,-0.05615364180949225,0.017401278835475972,0.9982268855607269
1740166446.3922484,1740166446.3793974,1,3,-0.015015974516147683,0.00874400212616355,0.010422969128759256,0.0014655928721193044,-0.05870016790467208,0.02010387642163176,0.9980721298975943
1740166446.4102812,1740166446.396257,1,3,-0.0008813214122152039,-0.011169337420833285,-0.015658163380358775,-0.012847779454707017,-0.04757646797650102,0.01518311509307051,0.9986695585998577
1740166446.4275322,1740166446.4130378,1,3,-0.0010497185359599215,-0.007941469630196048,-0.011364922618415445,-0.011518661636105716,-0.03633244456115382,0.011686373308350253,0.9992050353081801
1740166446.4432282,1740166446.429613,1,3,-0.012744892912631905,0.012060340437293532,0.01497725604712975,0.0029005382640337057,-0.0312859533881056,0.010657961297702677,0.9994494403717243
1740166446.4598205,1740166446.4463618,1,3,-0.009738807693584858,0.00662930142439503,0.007857527311740602,-0.0002128342371308328,-0.022222297746068143,0.002264134098523058,0.9997504678074708
1740166446.4749117,1740166446.4626827,1,3,-0.00511803694300945,-0.003333372292083298,-0.005323466488921662,-0.007911785720789212,-0.022665690425902777,-0.0021188387381504657,0.9997095481421727
1740166446.4920878,1740166446.4796567,1,3,-0.008847587687440964,-0.0009805422991467222,-0.0023952853235128246,-0.006228591063582408,-0.038012503376728894,0.00341093930832542,0.9992520301372582
1740166446.5086303,1740166446.4963958,1,3,-0.018703096789863097,0.01182100596095288,0.014208860863457472,0.0025935336344337064,-0.057769051905058114,0.01365634895489474,0.9982331963817372
1740166446.5583084,1740166446.5465028,1,3,-0.026544975451152582,0.023292323762278806,0.02922675655691067,0.010721113649389501,-0.07396507457239045,0.024931479471399877,0.9968914919874603
1740166446.5783787,1740166446.563621,1,3,-0.026824476035656384,0.024156505898157744,0.030374744452787896,0.011591136442948928,-0.07208976459974151,0.024320445177490213,0.9970342157329825
1740166446.5916502,1740166446.5796592,1,3,-0.02639077030233125,0.023812378653156243,0.029907690756677787,0.01083940619111328,-0.07081483721949583,0.02392242984827496,0.9971436623943185
1740166446.6084037,1740166446.5963619,1,3,-0.023187407110500723,0.019280162488513414,0.024019079306603998,0.0075517167595564975,-0.06870082630305602,0.023315068005186228,0.9973362400129528
1740166446.625699,1740166446.613354,1,3,-0.01859058554736855,0.013117749243360432,0.015988940398558724,0.003661765311205361,-0.06509915216758268,0.022434151896554302,0.9976198678307032
1740166446.644107,1740166446.6297512,1,3,-0.019303479102537116,0.01552760351093202,0.019175057062296184,0.0049555904246175,-0.05961046186428168,0.020415005949511553,0.9980006325107975
1740166446.6599214,1740166446.6463802,1,3,-0.023140508408538343,0.022060721027676696,0.027775986893760242,0.009480260141323166,-0.054477811569770246,0.017309330156173027,0.9983199285818981
1740166446.6760516,1740166446.6631863,1,3,-0.016541918722268057,0.010376438199679372,0.012398308838057539,0.0015348365498975237,-0.04793541024436214,0.009593819351813563,0.9988031834909792
1740166446.6926887,1740166446.6796608,1,3,-0.011036084885737221,-0.0014184614071521642,-0.0032234408379778964,-0.006644828891992819,-0.05094002099400264,0.006012891154244272,0.9986615070433496
1740166447.145684,1740166447.1301942,1,3,-0.01673827674228582,0.008117792854283648,0.00930663158130027,-0.000527418922069926,-0.07411946300112646,0.025180739803821427,0.9969312701368322
1740166447.1602137,1740166447.1470182,1,3,-0.025738937295225913,0.02310760796764964,0.029035518305263585,0.010532196675139426,-0.0643441795036108,0.01954678583830645,0.9976807217545073
1740166447.1755555,1740166447.1636868,1,3,-0.01660506414148557,0.006768436927053086,0.0074922093239025425,-0.0005072992284352071,-0.05891798824398623,0.011276107136998484,0.9981990095750494
1740166447.477794,1740166447.4639287,1,3,-0.010941017508920273,-0.0020102972648836435,-0.004050730853988774,-0.007315529555313986,-0.07881278631059689,0.026959905900099872,0.9964979634776698
1740166447.4937649,1740166447.480645,1,3,-0.018792703056971775,0.012621060462144071,0.015325696199291807,0.003030995369986632,-0.068804146316052,0.023933248769212902,0.9973384591602479
1740166447.5094352,1740166447.4971347,1,3,-0.024690168929432228,0.022403380923412826,0.02822834757067368,0.010617429318288883,-0.060632257928770854,0.018646365388919214,0.9979295128168688
1740166447.5282452,1740166447.514115,1,3,-0.018331960147609024,0.010811569892830178,0.012924439119199166,0.003042719145463124,-0.05585118428533895,0.011655275174834208,0.9983664365525946
1740166447.6117492,1740166447.5977411,1,3,-0.0024511759031628083,-0.01360502655392517,-0.01908812436447752,-0.015565907921294125,-0.07184967821302149,0.024575071682785138,0.9969911695211031
1740166447.6279511,1740166447.6142821,1,3,-0.0067357859902537716,-0.003733399099968151,-0.005997305840123049,-0.008365315896653342,-0.057775712054957885,0.019658666685354383,0.9981009595279658
1740166447.644381,1740166447.6308126,1,3,-0.015917961514043632,0.012643600244234164,0.0155508501981493,0.0031295339693676633,-0.04963734203117321,0.01715838174151502,0.9986150060104381
1740166447.661534,1740166447.6477888,1,3,-0.020355043235996392,0.020065578908723822,0.02533707030530772,0.008338956485136695,-0.04552653699844906,0.014865771942635737,0.9988177036167398
1740166447.6770062,1740166447.6641412,1,3,-0.02025529421785434,0.019542217635555324,0.02467426214763662,0.008452752671710079,-0.045138090123198644,0.01390299931076436,0.9988482419279046
1740166447.6936483,1740166447.680686,1,3,-0.021099442383791023,0.0204502751362894,0.025814795417161772,0.009104982217032355,-0.04790364126425247,0.015221319139117475,0.9986944737486628
1740166447.7101822,1740166447.6975276,1,3,-0.021749018820857356,0.021205140306599674,0.02674961763531164,0.009046570756510261,-0.04925605304406049,0.015772826966763038,0.9986206580706933
1740166447.726477,1740166447.7140162,1,3,-0.02165156091036524,0.020640166067916868,0.026015828450172175,0.008558796407538297,-0.04906139205428995,0.014890460579198043,0.9986480866639104
1740166447.7453215,1740166447.7310994,1,3,-0.02076442084315846,0.01837586043874142,0.023057782473944747,0.007394458927240036,-0.04907475856871723,0.013281213943092724,0.9986794277468587
1740166447.7597654,1740166447.7474566,1,3,-0.021389343962619396,0.018162671048007575,0.022722910166151373,0.0075709916452042945,-0.05365643904789201,0.014677188883507046,0.9984228797261638
1740166447.7767699,1740166447.7642672,1,3,-0.02519725116034502,0.023320466696463517,0.029406720553024,0.010876151408800279,-0.06208607810263332,0.01990365501124972,0.9978130449906734
1740166447.7932794,1740166447.7809107,1,3,-0.020058526086807544,0.015430217532033177,0.019086086019376038,0.005287449026104988,-0.0651182438825244,0.022667699524055302,0.997606050800986
1740166447.8113055,1740166447.797629,1,3,-0.005228361396525456,-0.0061949496415429186,-0.009162540507895974,-0.009635398809939905,-0.05816543762345917,0.020141374122707785,0.9980572458553136
1740166447.8290849,1740166447.8146477,1,3,0.003009608376735253,-0.01621359640627082,-0.022192150839719208,-0.016983232017147017,-0.04585023353547995,0.015792393146053067,0.998679090716189
1740166447.8448322,1740166447.831093,1,3,-0.0011789873335569909,-0.006792631975578061,-0.009741161691104285,-0.010153997877480413,-0.03471782924008136,0.012254752721984917,0.9992704287107088
1740166447.8611271,1740166447.8477516,1,3,-0.012390595031274673,0.012178201412394911,0.015187563605734755,0.003514391901869481,-0.028493581122834642,0.009723599387442498,0.9995405026807613
1740166447.8786647,1740166447.8646746,1,3,-0.010785578515052671,0.009017531760160971,0.011013144802499946,0.0013069322315330774,-0.020504839237144936,0.0022224556887239237,0.9997864292871317
1740166447.8938448,1740166447.881115,1,3,-0.010265173643364591,0.00621072971298235,0.0072619495480817945,-0.0012709852548692558,-0.023552329897630547,0.0011556729723816398,0.9997211295020506
1740166447.9135835,1740166447.8977845,1,3,-0.016323109001091466,0.013754309623470969,0.017133333086777433,0.0040823064873728564,-0.03779053743083467,0.008879093505330407,0.999237895474824
1740166447.9284098,1740166447.9147003,1,3,-0.018886522116917527,0.017174519510493494,0.021637839555517544,0.007258483168384256,-0.049199046241001625,0.017032560760680618,0.9986173742455133
1740166447.9454656,1740166447.931133,1,3,-0.005936275394872407,-0.0019832322762928386,-0.0034753647830853334,-0.005881565063241215,-0.04549947274559307,0.01607136395664032,0.9988177593699729
1740166447.9623125,1740166447.9479523,1,3,0.0014445224956548474,-0.011181310526346092,-0.015495255606868182,-0.012932440494124238,-0.03525743943641322,0.01216902756156063,0.9992204860367203
1740166447.9771097,1740166447.964697,1,3,-0.0017982991292656181,-0.0038082184003717834,-0.0057511051454056175,-0.007638645079539178,-0.02739153975460342,0.009969503840197997,0.9995458787091271
1740166447.997137,1740166447.981048,1,3,-0.009489509857080395,0.009332551652824527,0.011535917553808098,0.0019247878233838776,-0.022126090019063835,0.00756881414494943,0.999724684293002
1740166448.0108197,1740166447.998,1,3,-0.010372572303098062,0.010465138522918874,0.013034619984820087,0.0028087250415255198,-0.018606315653007723,0.00445428210800964,0.9998130202454676
1740166448.0283606,1740166448.0145385,1,3,-0.01112455815315866,0.010749194307051353,0.01339049796451846,0.0030107405134690685,-0.02091193522776335,0.004813555709158007,0.999765200478605
1740166448.0440204,1740166448.0311975,1,3,-0.013158438864576077,0.013288734549424197,0.016708006873135926,0.004991223966066644,-0.027155038296747327,0.008617802654455666,0.9995816250090993
1740166448.0600512,1740166448.0478425,1,3,-0.011009113952017867,0.01005981575282565,0.012458632223987517,0.0027699600678829993,-0.029010764656917862,0.010404453023688275,0.9995211104386547
1740166448.0774426,1740166448.0650284,1,3,-0.007716468121309684,0.005676060815890905,0.006716597569957362,-0.000634961314009146,-0.026419436254952324,0.009475613024006806,0.9996058338014637
1740166448.0939367,1740166448.0812664,1,3,-0.006737777688416892,0.005034897392249417,0.0059322213138701795,-0.0008469124593158181,-0.022801532036938698,0.008078066401431406,0.9997070159398047
1740166448.110542,1740166448.097855,1,3,-0.007259498025690015,0.006521694262798033,0.007917575767610369,0.0007501710003251046,-0.01972229716363361,0.0069473160080134,0.9997810775556538
1740166448.1270974,1740166448.1145313,1,3,-0.00562850206631673,0.004554880425625119,0.0053420529092107665,-0.0006148269552454841,-0.01760504933633938,0.006353983908356111,0.9998246401815533
1740166448.1441884,1740166448.131217,1,3,0.0007186565789790952,-0.0043585879284005315,-0.006345629789234392,-0.006955443910726994,-0.014129480525057359,0.005374430800368475,0.9998615379509649
1740166448.1615348,1740166448.1478312,1,3,0.01033951607294695,-0.017560232182763636,-0.02363502994761211,-0.016092830796637037,-0.0069232437799963235,0.0028995961932167234,0.9998423284870619
1740166448.1771955,1740166448.1648405,1,3,0.015102916113631347,-0.022662269796345287,-0.03027402078452146,-0.0188870910999942,0.0021075765684073597,-0.0002720243364200863,0.9998193646422083
1740166448.194353,1740166448.1812525,1,3,0.011219992339837554,-0.014692919966066217,-0.019780224756908323,-0.012601604737401595,0.007693122347058961,-0.0021031845403817876,0.999888789836842
1740166448.212117,1740166448.198013,1,3,0.0047351084979439274,-0.004122357170518547,-0.005891158118017777,-0.004916322193642827,0.013634505855805995,-0.006368805026301868,0.9998746763213343
1740166448.2279932,1740166448.2150028,1,3,0.006617428515674638,-0.008377757785948103,-0.011476919438887862,-0.008048223107910259,0.021213783994711286,-0.014157824209087717,0.9996423147741875
1740166448.2437959,1740166448.2316036,1,3,0.004961338821870019,-0.008357114970131557,-0.011477133385808129,-0.0088015558012311,0.01702361585101633,-0.014897095292333733,0.9997053594288099
1740166448.2613702,1740166448.2479882,1,3,-0.0021564404989519543,0.0002304466535686116,-0.00024007211578738768,-0.003212208533621469,-0.0007582606164498499,-0.005304557186511524,0.9999804840246779
1740166448.2776196,1740166448.2646542,1,3,-0.006765166835591147,0.006477497648698693,0.007937409503048875,0.0015099985562866277,-0.015998069641853428,0.005266766253612161,0.9998570111997637
1740166448.2946742,1740166448.2812588,1,3,0.008800115815192102,-0.016601306193503418,-0.02233034867220219,-0.014279605009733798,-0.012292416136768024,0.004912642843696802,0.9998104096910457
1740166448.3119,1740166448.2982817,1,3,0.021179651952768084,-0.033077159892683956,-0.043922869991045915,-0.02614165094413464,-0.0008893384115399029,0.0010356683171371744,0.9996573165611512
1740166448.3281467,1740166448.3146777,1,3,0.02156154933815529,-0.03060616124907923,-0.04064133048223771,-0.023948509477841218,0.010030448129550422,-0.0028785639011435467,0.9996587282037691
1740166448.3448386,1740166448.3314278,1,3,0.013383713588582896,-0.015973022144364805,-0.02141926580840729,-0.013130894556817407,0.015440095318711962,-0.004865671194601524,0.9997827305512498
1740166448.361481,1740166448.348038,1,3,0.008039252078570583,-0.007298516779873392,-0.010028017216507071,-0.006734146448956616,0.01959223912787268,-0.007951989909278763,0.999753750327571
1740166448.379025,1740166448.364967,1,3,0.00759479941914655,-0.007322370567682833,-0.010060576933234814,-0.0068132692891906925,0.020652714074549848,-0.009900330544809377,0.9997144733462907
1740166448.395781,1740166448.381607,1,3,0.0054369725060764325,-0.004870061296449846,-0.006866416214211365,-0.005632822946969654,0.015744926921556462,-0.007475337275298302,0.9998322298838458
1740166448.411825,1740166448.3980658,1,3,0.004106015916420356,-0.0031874500916884443,-0.004677595706400867,-0.004884168202627963,0.011019145211596965,-0.00415929988753555,0.999918708477954
1740166448.4289622,1740166448.414842,1,3,0.0062261705163204,-0.006263960786709119,-0.008689323804950105,-0.006861086368221057,0.011032106657031169,-0.0037528148935604003,0.9999085630681089
1740166448.4456592,1740166448.4316564,1,3,0.00682956056629591,-0.006815008781171751,-0.009374160138980485,-0.006670844010568301,0.012173280390326299,-0.00409389063184173,0.9998952700879327
1740166448.4619231,1740166448.4484031,1,3,0.005714909398746248,-0.004955871587606283,-0.006945319419032667,-0.0053149832072269245,0.013666730227174729,-0.0051910169120551655,0.9998790050710252
1740166448.4791586,1740166448.4650743,1,3,0.005086571920359369,-0.004137125638711693,-0.005894573421985876,-0.005140743193644516,0.013605309855798204,-0.005373551182102026,0.9998797894001249
1740166448.4952316,1740166448.4816186,1,3,0.006341681847356017,-0.00611638809602115,-0.008465973210899296,-0.006550983560518999,0.012157695631898781,-0.004131463210963937,0.9998960976336733
1740166448.5120103,1740166448.4983172,1,3,0.012075893224495843,-0.01438113304559943,-0.01927573182399656,-0.011718450282076605,0.014262083770240842,-0.004483124877462014,0.999819569962926
1740166448.5286574,1740166448.5151536,1,3,0.019144407944029895,-0.023944187111622762,-0.031807963908123627,-0.0179695579620995,0.01979623398771872,-0.006352836325294493,0.9996223514793846
1740166448.5450275,1740166448.531689,1,3,0.020176209132155634,-0.023988825838696024,-0.03186715136278746,-0.01761210734995669,0.024647437157682764,-0.008001812841381021,0.9995090237249002
1740166448.5623145,1740166448.548347,1,3,0.0150812716470322,-0.015265256590401198,-0.02041715819621656,-0.011098565965493273,0.027879645474377282,-0.009737998067262959,0.9995022354128952
1740166448.578454,1740166448.5654604,1,3,0.013928179257387818,-0.013830757861364052,-0.018536603224620397,-0.010106053247620494,0.03282184322760604,-0.01433711207432602,0.9993072808262066
1740166448.595591,1740166448.5816588,1,3,0.012890137784449692,-0.01355198075376194,-0.01818420145439428,-0.010971991882056092,0.03250578101071599,-0.015983541547674007,0.9992835013121237
1740166448.6112838,1740166448.5986075,1,3,0.008848254815882445,-0.008647413923912103,-0.011724773773784261,-0.00790932388664413,0.02252705284099318,-0.010401593018971887,0.9996608331572379
1740166448.6281211,1740166448.6152127,1,3,0.011681890552040147,-0.013202861913592294,-0.01766770802049383,-0.010328983587443583,0.016503516320978805,-0.005450489540314432,0.9997955982153875
1740166448.6473517,1740166448.6317344,1,3,0.0274345442548033,-0.03592870673794464,-0.04750455658105456,-0.0256900536407753,0.02434927084123889,-0.008141573945311915,0.9993402068000302
1740166448.6618466,1740166448.648407,1,3,0.0382930639655789,-0.049792933049031735,-0.0657578734028483,-0.035521905179555065,0.03571205580206614,-0.012213089708302682,0.9986559386308088
1740166448.6789255,1740166448.6649113,1,3,0.03713237092656881,-0.04524968728872734,-0.05981784242403574,-0.03130949246507495,0.04319756856688543,-0.014686008372462075,0.9984678296818444
1740166448.6963964,1740166448.6818674,1,3,0.027345889146198347,-0.028784046116084323,-0.03821321211952088,-0.018484851327458467,0.0455572610608362,-0.015866406263915365,0.9986646601278654
1740166448.7126184,1740166448.6983817,1,3,0.024831673448299323,-0.025326163948990055,-0.03365792218293924,-0.016445066588552965,0.05331128464653533,-0.022664301743916145,0.9981852514141325
1740166448.729958,1740166448.7149427,1,3,0.023632883702530673,-0.025254060677538104,-0.03352678454992547,-0.017363319323681806,0.05432116968944558,-0.025649639134432207,0.9980429959064427
1740166448.7458816,1740166448.7320943,1,3,0.01908361681236717,-0.020308588401333767,-0.027011414000220127,-0.01444817387271437,0.044342674836354755,-0.020988858577710563,0.9986913663768732
1740166448.7623203,1740166448.7486098,1,3,0.013993800736088533,-0.013795271341615295,-0.018480107673046975,-0.009983693677746599,0.030983552467375386,-0.012778460977396437,0.999388341072728
1740166448.7792037,1740166448.7654219,1,3,0.01480348522572164,-0.01518739314581079,-0.02035031759117259,-0.011066220520877867,0.026198905366937184,-0.009168382302093814,0.999553448739446
1740166448.7943823,1740166448.7820885,1,3,0.019027552439651464,-0.02104766022867377,-0.02803493501627064,-0.015191238783199086,0.02850866487044879,-0.00959975754236002,0.9994320021625603
1740166448.8122287,1740166448.7985516,1,3,0.020206925284197496,-0.02203239284561347,-0.02930722389785527,-0.015189595300617843,0.031174237174580025,-0.010485234497097883,0.9993435360218863
1740166448.829332,1740166448.8156912,1,3,0.020142016700156473,-0.021248363144694818,-0.028300290057811713,-0.014400144482823458,0.03361227092663248,-0.011477790452296065,0.9992652858017043
1740166448.8444633,1740166448.832082,1,3,0.02131651280630523,-0.022487568934265338,-0.029949278725857946,-0.015434889336112331,0.03556880803517997,-0.012144474617686836,0.9991742269606431
1740166448.8623385,1740166448.848532,1,3,0.025301545504845056,-0.027874743808194432,-0.03700585995338916,-0.018878374814076063,0.03850845984428251,-0.013115316821163762,0.9989938407965693
1740166448.8782365,1740166448.8651693,1,3,0.029610328199102955,-0.03340535099352151,-0.04425913292644913,-0.02208598308914492,0.04221001816381327,-0.014223112781006091,0.9987633487370345
1740166448.8957653,1740166448.88186,1,3,0.029586493982918707,-0.03225771292784955,-0.042783738087163764,-0.020784095610849432,0.04541359117953169,-0.015457960926775868,0.9986324041156505
1740166448.9120307,1740166448.898862,1,3,0.025725266267622532,-0.025932974829644496,-0.0345054271313599,-0.016455118571740063,0.04838090319482994,-0.017844806427236317,0.9985339654525613
1740166448.9284418,1740166448.915545,1,3,0.025247651341553826,-0.026057172318229356,-0.03463059985556901,-0.017308585798785754,0.05498187991337315,-0.024028133022069884,0.9980481223680105
1740166448.9464202,1740166448.932151,1,3,0.023524540719939903,-0.02538270848489911,-0.03369226971363347,-0.017777296823078177,0.05483562968759852,-0.02633731838474293,0.9979896628195752
1740166448.9622898,1740166448.9488904,1,3,0.018627433402951272,-0.020077488862697238,-0.026692493461903943,-0.014639715034919107,0.04405908834633276,-0.02132524551864197,0.998694001875127
1740166448.9796395,1740166448.9654534,1,3,0.012986221705848157,-0.012749836070972256,-0.01706926391854488,-0.009293889091213451,0.028380502118678763,-0.011230381605385106,0.9994908950330911
1740166448.9962475,1740166448.9823742,1,3,0.019943517023620315,-0.023157008916647952,-0.03074436983783769,-0.016109293769167435,0.026575293853660243,-0.0087416534739571,0.9994787781165698
1740166449.0120661,1740166448.998884,1,3,0.031220254016992764,-0.0387685886880356,-0.05126362669347476,-0.027063864481944633,0.03444524385667125,-0.011532197548559176,0.9989735135801441
1740166449.0290146,1740166449.0155606,1,3,0.03317558767039038,-0.03969525983669477,-0.05247778115405341,-0.027057031287173974,0.04076358448481938,-0.013712994899893952,0.9987082662162906
1740166449.045815,1740166449.0325558,1,3,0.026421249685181027,-0.028085382662912498,-0.0372242007126658,-0.017665879315423603,0.04333223949584543,-0.014921314151358679,0.9987930657109529
1740166449.0618052,1740166449.0488663,1,3,0.023877367611593744,-0.02444497203499274,-0.032439807121019335,-0.015129154925584644,0.0493094846484931,-0.020155180281534204,0.9984655487811066
1740166449.0795891,1740166449.066163,1,3,0.022968459595996263,-0.024524364033707672,-0.032564601482033204,-0.016406236941069918,0.050240935403220534,-0.022899636785076498,0.9983397670304206
1740166449.0958805,1740166449.082408,1,3,0.01835133794988166,-0.01913663145083312,-0.02549623679127749,-0.013478338682209778,0.041425787573532,-0.01868859889188076,0.9988758555404864
1740166449.1127334,1740166449.0989475,1,3,0.014942929071334595,-0.014859872412613549,-0.019866322189624586,-0.010238381636005583,0.030317831254933397,-0.01151344354314994,0.9994215553345104
1740166449.1290705,1740166449.1157174,1,3,0.019688605661634873,-0.021907547838747828,-0.02910726983265576,-0.01485006841824016,0.028984403572387116,-0.009759544654318593,0.9994218984521336
1740166449.14668,1740166449.132095,1,3,0.025126058836663218,-0.029122918171884782,-0.03859323811622015,-0.019655826461458633,0.03370942083568011,-0.011422550240971068,0.9991730824932348
1740166449.1627815,1740166449.1489358,1,3,0.02564156349230348,-0.028683387566622816,-0.03804384978206717,-0.01873055602558375,0.03723915346378348,-0.012680014368453356,0.999050363573273
1740166449.1789434,1740166449.1658497,1,3,0.02290520433999642,-0.023853793066710854,-0.031726149750396525,-0.014938019164955135,0.039534964445220824,-0.013930382551326677,0.9990094026643175
1740166449.1963735,1740166449.1822217,1,3,0.021379138246170472,-0.02157561076118916,-0.028730032682790653,-0.013576720561019561,0.041114359122466644,-0.01536999515040153,0.9989439650860471
1740166449.212172,1740166449.198967,1,3,0.02048579107084123,-0.020601442078684855,-0.02743422548488476,-0.013151336108657981,0.04003171238894619,-0.015078978795846,0.9989980624406837
1740166449.2292078,1740166449.2156813,1,3,0.020355160218184114,-0.020672832789949885,-0.027529793462402845,-0.012918213047846277,0.03797762376906586,-0.013921347327147818,0.999098101265888
1740166449.2462144,1740166449.2324295,1,3,0.020352214414686095,-0.020779008819710995,-0.02766815977950375,-0.012760018695989292,0.037626708676781376,-0.01371672011185479,0.9991162416387813
1740166449.261642,1740166449.2494361,1,3,0.01940818019475383,-0.019636086812059254,-0.026161757664853652,-0.012218477812187233,0.03884808917251367,-0.015168753815063496,0.9990552755855381
1740166449.2797835,1740166449.2655442,1,3,0.018775204752361958,-0.019590262188084,-0.026077267928109223,-0.012653698437869289,0.04055832275813343,-0.01786792410666018,0.9989372571182883
1740166449.2959447,1740166449.2823632,1,3,0.01706566881112377,-0.01851980692896431,-0.024652163397704818,-0.012194682359112299,0.0385657405920695,-0.018534537341870754,0.9990097318346145
1740166449.3131173,1740166449.2992105,1,3,0.013033196479551494,-0.013932401412857332,-0.018629170841007896,-0.009320677809217548,0.029561090188117034,-0.013968995174461185,0.9994218999431034
1740166449.3295777,1740166449.3158393,1,3,0.010819989177618358,-0.011301757320735739,-0.015173798979747277,-0.00723455862181472,0.019444327316630882,-0.007164546087781985,0.9997590952705092
1740166449.346759,1740166449.3327305,1,3,0.020238201528646384,-0.02510029468040966,-0.03329765744228188,-0.01655713355255432,0.020917045171664875,-0.006494808747167691,0.9996230069426909
1740166449.3631995,1740166449.3489506,1,3,0.031405798651657706,-0.04025496371670834,-0.053221339697996285,-0.02699739172611787,0.029982133635088747,-0.00987730712105985,0.9991369532284904
1740166449.3797925,1740166449.365785,1,3,0.0332049385116988,-0.04066070034461365,-0.05377209442885603,-0.02643780429846095,0.03681644087406072,-0.01210759621868904,0.9988988929311357
1740166449.3956869,1740166449.3825397,1,3,0.025455475757285385,-0.02740385350939169,-0.036367115299271245,-0.016485244901604655,0.040511994989360055,-0.013993676584361793,0.9989450395182753
1740166449.4129546,1740166449.3992167,1,3,0.022942985971705635,-0.023999434412148656,-0.031882394496357255,-0.014591400040725675,0.04837188286284036,-0.02103346581145022,0.9985012996031171
1740166449.4345803,1740166449.4160695,1,3,0.021963399318594312,-0.02456473897255681,-0.0326010086531569,-0.01616962470313844,0.05128419763411203,-0.025992407753160328,0.9982148411284909
1740166449.446593,1740166449.4326322,1,3,0.017334484744354898,-0.020126115324544544,-0.026751128409578835,-0.013885548204691824,0.041209997434929924,-0.022097805735330687,0.998809598794561
1740166449.4619045,1740166449.4491365,1,3,0.010052253829157446,-0.010988215156609082,-0.01476184887368585,-0.007920891329523129,0.024421441931657375,-0.012515455361984538,0.9995920247939191
1740166449.4794977,1740166449.4659166,1,3,0.007167244590530415,-0.007279192569144415,-0.009921065978133092,-0.005500347545496156,0.013510750866236394,-0.005018854846644601,0.9998810013616307
1740166449.4951606,1740166449.4824564,1,3,0.011732749388865031,-0.013888663389795141,-0.01859671848326546,-0.010030095787052983,0.013881313464854876,-0.00435067732715513,0.9998438767736632
1740166449.5127194,1740166449.499077,1,3,0.013425424473142827,-0.015593742113492196,-0.020836673708935827,-0.010782874371810863,0.016971830227976194,-0.005330711955348284,0.9997836116425612
1740166449.529986,1740166449.5159388,1,3,0.011508516844379828,-0.01204789314012762,-0.01619661108279112,-0.00840348677527511,0.019316029042112774,-0.006515941378282608,0.9997568779158346
1740166449.5460994,1740166449.5324972,1,3,0.00990203257382977,-0.009593776542253787,-0.01299051082447235,-0.007232508149021923,0.02126736802711034,-0.008254166721928984,0.9997135882915669
1740166449.5638406,1740166449.5494251,1,3,0.009148889439167548,-0.008826611665577928,-0.011962693052816985,-0.006962433110216601,0.020400936169939838,-0.00819839508326326,0.99973402095089
1740166449.579648,1740166449.5663896,1,3,0.009337566992182954,-0.009370849884922691,-0.012646767107056351,-0.006673346121568901,0.017911612329637987,-0.006504080907205346,0.9997961479856016
1740166449.5962262,1740166449.582558,1,3,0.010027667147437061,-0.010281453973519547,-0.013886633677942932,-0.007542924911966936,0.017561208850966827,-0.005961531758379174,0.9997995640960037
1740166449.6136053,1740166449.5993836,1,3,0.009618018893035964,-0.00938589943239759,-0.012755774195264349,-0.007708227361271881,0.018753439145139435,-0.006628379288102973,0.9997724522806125
1740166449.6292276,1740166449.6161273,1,3,0.008925854770406104,-0.008479608638404986,-0.011545426419988845,-0.0072043998313740054,0.02090657500215808,-0.008710786936684102,0.9997175270723688
1740166449.6459613,1740166449.6328347,1,3,0.008506864420047592,-0.008667747640457425,-0.011758496144016025,-0.007169495957428799,0.0219103122286967,-0.010748268493537766,0.9996764532938386
1740166449.663624,1740166449.6492348,1,3,0.006580578770157114,-0.006874924690014206,-0.009409184871466027,-0.006356146838188009,0.01796423435776058,-0.009463051951253909,0.9997736425456908
1740166449.6794589,1740166449.6658847,1,3,0.003433702270249566,-0.0028090087439968372,-0.004106171006401971,-0.0040288447168017275,0.01032254532050429,-0.004762377963518478,0.9999272639669782
1740166449.6962264,1740166449.682899,1,3,0.00752855762583214,-0.008984677805988968,-0.012213334334803969,-0.007964222713546474,0.008243365827894363,-0.002526278767626098,0.9999311156234637
1740166449.7123916,1740166449.699469,1,3,0.015269371589656144,-0.019742078916371884,-0.026329726357435645,-0.015052261168655311,0.013316816715837686,-0.004282877321094424,0.9997888521023426
1740166449.7298481,1740166449.7162867,1,3,0.01637504640500645,-0.01991062622827262,-0.026560109017600055,-0.015209017672871302,0.018379895252145857,-0.00600842817191026,0.9996973362087395
1740166449.7464378,1740166449.7326725,1,3,0.01091496175889049,-0.010699750120248425,-0.014461373503398822,-0.008731745723395674,0.02157781879896457,-0.007888067581611494,0.9996979207452263
1740166449.76303,1740166449.749451,1,3,0.011398089366355826,-0.012187262464142815,-0.016388810080479647,-0.009824826642700657,0.028910665819106444,-0.014631383614740076,0.9994266200161247
1740166449.7834918,1740166449.7664428,1,3,0.011476847600220268,-0.01441830053236606,-0.01933253015320987,-0.012112190496852235,0.029214021961015968,-0.017954818076290832,0.9993385113514222
1740166449.796767,1740166449.782965,1,3,0.006097089620018323,-0.008603788222364019,-0.011737902060907995,-0.00909938448166622,0.01894085113910444,-0.01388558245008201,0.9996827676619233
1740166449.8149488,1740166449.799916,1,3,-0.0016118675850261574,0.0016273135621773403,0.001647180048804209,-0.0021464380138921696,0.0015604527896657307,-0.0032778543520263197,0.9999911066913498
1740166449.8292086,1740166449.8164062,1,3,0.00027804393428661564,-0.0014612043743811823,-0.0024135937210373838,-0.003921406494958697,-0.005074916615222855,0.0019123439288500552,0.9999776051158085
1740166449.8461509,1740166449.8328311,1,3,0.010581274290224003,-0.01614000853423078,-0.02166294977934118,-0.013926851401301642,0.0006192547531388486,-4.389963408977966e-05,0.9999028239816201
1740166449.8627815,1740166449.8498662,1,3,0.013918046361561959,-0.019404099973938382,-0.025945812972020105,-0.016209216375619485,0.007073553509657408,-0.002174367255673371,0.9998412365332167
1740166449.8803082,1740166449.8663366,1,3,0.009645708482063909,-0.011337612941317583,-0.015359620312665072,-0.01024114565964139,0.011335441466987235,-0.003578712908681001,0.9998769021815854
1740166449.89663,1740166449.8832195,1,3,0.005752537251915747,-0.004954567903755365,-0.006983789582646061,-0.005673151780057034,0.01454951842611708,-0.005853899136388583,0.9998609196920087
1740166449.9127078,1740166449.8995826,1,3,0.005482379009268518,-0.005138107037180592,-0.00722481617037729,-0.006148293388221447,0.01655429612452715,-0.00829346645755361,0.9998096679780364
1740166449.9295871,1740166449.916258,1,3,0.003942642118817865,-0.0037507325946829055,-0.005404551153362137,-0.005258289532584551,0.013388375417371208,-0.007390214980544468,0.9998692347089275
1740166449.948465,1740166449.9332497,1,3,0.0018978093163755645,-0.0014316576056834795,-0.0023793954602200403,-0.0036981032859032255,0.008571335970872429,-0.004910524944615893,0.999944369940913
1740166449.963993,1740166449.9498932,1,3,0.00045533778810190686,0.00016658605857271174,-0.0002917865114465533,-0.0028084957531559567,0.0055297109726403495,-0.003509764452923989,0.9999746077784418
1740166449.9798865,1740166449.9665735,1,3,-0.00028321130742704477,0.0006065782322791549,0.000288308196531314,-0.002732053452526298,0.004702739613392443,-0.003962893311538448,0.9999773575439909
1740166449.996178,1740166449.983254,1,3,-0.0009198363548387806,0.0005499032406978185,0.00020743041938850495,-0.002730384138981968,0.003182843573584497,-0.004500224843569956,0.9999810810638355
1740166450.013251,1740166449.9998138,1,3,-0.0029677477724439536,0.0025192861184838997,0.002768415927804789,-0.0014015876180453117,-0.0017980088858862533,-0.0024866415664408746,0.9999943096487676
1740166450.031474,1740166450.0166645,1,3,-0.006306799245659667,0.006886140251058196,0.008466569863975613,0.0013056871027186019,-0.009757085301657881,0.0022432304431203166,0.9999490298934167
1740166450.0474174,1740166450.0332265,1,3,-0.002411483517418541,0.0009749690578610194,0.0007069665739636776,-0.002793194536309247,-0.011915314693649152,0.004503185416378816,0.9999149687154101
1740166450.063057,1740166450.0499194,1,3,0.00673313924137601,-0.011942587672593713,-0.016212825337870402,-0.011636050399401597,-0.005891341046620895,0.002289905007122269,0.9999123215396605
1740166450.079634,1740166450.0672274,1,3,0.010577490101006838,-0.016071697560646744,-0.02160070511297649,-0.014181846300225417,0.0005718554423976145,0.00019581312788662108,0.9998992498617492
1740166450.0970488,1740166450.0831518,1,3,0.005763786352330146,-0.007176176928824036,-0.009907189179507964,-0.007663034085809043,0.004574223735870923,-0.0011272864903632397,0.9999595409870254
1740166450.1139255,1740166450.100166,1,3,0.0024579714882095797,-0.001943458870182073,-0.003051451841907834,-0.004037884623249371,0.009825532784357525,-0.005234169372063629,0.9999298764734742
1740166450.1301775,1740166450.1166682,1,3,0.00372171857285945,-0.005247222912625075,-0.007409760823191198,-0.006981932947740375,0.01356386404913486,-0.010204109746434504,0.9998315609884759
1740166450.1470985,1740166450.1333222,1,3,0.0010911982115900773,-0.0031799803483268017,-0.004715453850205311,-0.005980285928940694,0.006782946161111797,-0.008202091569731139,0.9999254739806689
1740166450.163217,1740166450.1502264,1,3,-0.005300959780761371,0.005202158257357108,0.00626849667703874,-0.0001856421678926745,-0.0067854082156902995,-0.0002008388967358039,0.9999769414521865
1740166450.1794426,1740166450.1667612,1,3,-0.004508428695656841,0.0037426079294867434,0.004345859036974826,-0.0008904709765720746,-0.013539005419252334,0.004801535026296916,0.9998964184629769
1740166450.1973555,1740166450.1836026,1,3,0.004606745765992888,-0.009295932590369264,-0.012756562451716124,-0.009636600773712155,-0.008641474723625985,0.0031938642812835093,0.9999111260862545
1740166450.2131708,1740166450.1999016,1,3,0.007887367767296358,-0.012645402886015556,-0.017145176050817217,-0.01188494953209506,-0.0024994520742261514,0.0011716735717625588,0.9999255611769255
1740166450.2305188,1740166450.216684,1,3,0.0034133567985554607,-0.00442203586938379,-0.006329635947852408,-0.005868521256724211,0.0014964316627878813,-0.0001589372320730549,0.999981647776345
1740166450.2467234,1740166450.2334917,1,3,0.0005029443378727797,0.0002228351256862817,-0.00021613074580143938,-0.0026767141106276123,0.00522666798740381,-0.0031677933585525773,0.999977740866544
1740166450.263516,1740166450.2499592,1,3,0.0008990935099238733,-0.0012942573805923487,-0.0021883108340389427,-0.003678632437935279,0.0065795204851249066,-0.0055803577138439815,0.9999560176234542
1740166450.281702,1740166450.266711,1,3,-0.0011709899195956849,0.0006881514902171862,0.00039790660281097736,-0.0021461154970301615,0.0013293070085425658,-0.0033999477504781236,0.999991033703025
1740166450.2967045,1740166450.2835388,1,3,-0.0044169882242077714,0.004910586417660835,0.0058823994819948424,0.0003607684483654015,-0.005792054507548194,0.0006866758464481168,0.9999829250677184
1740166450.312915,1740166450.3002748,1,3,-0.0048571829252000405,0.005429979286489919,0.006529292663555324,0.0002054454850813901,-0.009168572228945349,0.003034992447315497,0.9999533408596023
1740166450.329218,1740166450.3169413,1,3,-0.0035774167284020955,0.0036923905933602644,0.0042771104184266525,-0.0008698792375422257,-0.008334076987526085,0.002868167202937599,0.9999607792747544
1740166450.3463824,1740166450.3334577,1,3,-0.0037883776184627783,0.004274158338496403,0.005066085589318593,-9.178217562351504e-05,-0.007178380201590294,0.0023768992962962076,0.9999714059829155
1740166450.3660352,1740166450.3501666,1,3,-0.004165883277892348,0.0049119099243127885,0.005895942919838288,0.00027079709436900824,-0.006609676205027232,0.001974125172752086,0.9999761705556791
1740166450.379915,1740166450.367266,1,3,-0.0038673232508826204,0.004482141861640847,0.005315332304116266,-0.0003574081726132485,-0.0068786778170199,0.002276871499675866,0.9999736856073074
1740166450.3995786,1740166450.3835726,1,3,4.4336931831001335e-05,-0.0011829494816504834,-0.002094762494464648,-0.004128304479255919,-0.0057809309480784735,0.0023083722888778803,0.9999721042893528
1740166450.4155955,1740166450.400553,1,3,0.005553934539898505,-0.008688376453275942,-0.011918776997428205,-0.008841597964691552,-0.0012935021848235662,0.0006981481249967499,0.9999598319866275
1740166450.4310603,1740166450.416959,1,3,0.007316684639666646,-0.01007922937891616,-0.013748092733905348,-0.009828283414139195,0.003340628320041424,-0.0007729227446293598,0.999945822351386
1740166450.4510984,1740166450.4336572,1,3,0.003373587299786043,-0.003144306710753982,-0.0046440623009459375,-0.004970036101910583,0.006547731986503136,-0.002308124917604998,0.9999635485888191
1740166450.4679654,1740166450.450544,1,3,0.003102631071154156,-0.0031170624894765204,-0.004590688376017878,-0.004998817127765903,0.011982131860001455,-0.007374774977111616,0.9998885203048636
1740166450.4809716,1740166450.466974,1,3,0.0046695061987517645,-0.007321170949104289,-0.010115153735071332,-0.008373435638240037,0.013885918524722544,-0.011253846516387242,0.9998051899149767
1740166450.4971051,1740166450.4836142,1,3,0.0015415418873751204,-0.004835016810454548,-0.006890544259516503,-0.007364515934333084,0.005627718965956077,-0.0087400509909709,0.9999188488037258
1740166450.5128562,1740166450.5002666,1,3,-0.006305729602942306,0.005536946790623744,0.006685026034902123,-0.0002594168029215462,-0.009999422335455158,0.00019401002239425295,0.999949952055597
1740166450.5306094,1740166450.516747,1,3,-0.006908706047945763,0.006101864794329324,0.007422910627984317,0.0006806629834575619,-0.018750590447200986,0.006535310244436985,0.9998026014047939
1740166450.5468097,1740166450.5340884,1,3,0.005193062316502102,-0.011472403365044095,-0.015619677078966589,-0.011449000351522092,-0.012769389209392034,0.004396177165611449,0.9998432560739201
1740166450.56377,1740166450.550175,1,3,0.011353627257465547,-0.01882342566796856,-0.025234872360338396,-0.0168282440590269,-0.0037080758614257817,0.0011181353016091779,0.9998508939580656
1740166450.5797732,1740166450.5675602,1,3,0.008635377872683269,-0.012601371180148986,-0.017038425792133837,-0.011949429800688008,0.0019573837268047193,-0.00033079792056209245,0.9999266324831638
1740166450.5960083,1740166450.5838063,1,3,0.0022048236836862962,-0.00171847760945387,-0.002755573207649136,-0.003926879295740798,0.005109669369138928,-0.0017907802451080548,0.999977631751855
1740166450.6140969,1740166450.60012,1,3,0.0018152195036520238,-0.0014531485517809387,-0.002414135011445596,-0.0039131317329760456,0.008271488775937886,-0.004946969747540611,0.9999458972183379
1740166450.6305199,1740166450.617053,1,3,0.0005866293264341838,-0.0005299683695876739,-0.0012080419011132458,-0.0037290666179929785,0.0063036644204774945,-0.0048458590942010915,0.9999614370197841
1740166450.647412,1740166450.6335714,1,3,-0.0020468257243928725,0.0027115334534753384,0.00303460821499342,-0.0016033716238331398,0.0001591316180425173,-0.001433877715211655,0.9999976739329256
1740166450.6634874,1740166450.6502564,1,3,-0.002553877895581871,0.003274531356336065,0.003765064527077094,-0.0010167280684869563,-0.003540128631313403,0.0010769510774467006,0.9999926369377353
1740166450.6811736,1740166450.6673214,1,3,-0.0008423646938882384,0.000903701726325424,0.000654873945573559,-0.0027166134737784888,-0.0028286062786834452,0.0010775790891816995,0.9999917288763247
1740166450.6973734,1740166450.6838048,1,3,-0.001043414119571402,0.0015675390795410425,0.0015460439794951098,-0.002154705309830684,-0.0013211443659501849,0.00037913863904483853,0.9999967340329089
1740166450.714837,1740166450.7005877,1,3,-0.001569631863671471,0.00243872498348673,0.0026925704367618515,-0.0013739960504033579,-0.00045284396303370647,-0.0002766559911473716,0.9999989152637423
1740166450.7306697,1740166450.717075,1,3,-0.002065167865746121,0.0030307774148574038,0.0034546778534385934,-0.0010447180110807067,-0.0007150117425496671,-0.0002480371706102371,0.9999991678996775
1740166450.747081,1740166450.7338178,1,3,-0.0012783053589616262,0.001786113251911074,0.0018185404279587498,-0.002018065945703694,-0.0019234265829098393,0.000642954095296617,0.9999959072166498
1740166450.7646816,1740166450.7505112,1,3,0.0029217933790441656,-0.004236942805818006,-0.006057416707678289,-0.006002007241702157,-0.000395337257624273,0.00036310601806935724,0.9999818437209463
1740166450.780968,1740166450.767172,1,3,0.006219775234204753,-0.008386573216261175,-0.011473854894502622,-0.008559454807874373,0.0033838952449687957,-0.0009649458267633004,0.9999571760160104
1740166450.7966247,1740166450.7838929,1,3,0.005301502578993988,-0.006045548495057346,-0.008400187362475272,-0.006602908630474532,0.0063144560281600875,-0.0019000314062163686,0.9999564586137445
1740166450.813635,1740166450.800508,1,3,0.0028244602500772016,-0.0020109189251764615,-0.0031162599767621414,-0.003901166212950537,0.009551214170710474,-0.004395437505898504,0.9999371156923699
1740166450.830794,1740166450.8171995,1,3,0.0035619714386714574,-0.003975593939927431,-0.005697878886434134,-0.005594912717146375,0.011946325792555414,-0.007573417835321575,0.9998843061044799
1740166450.8469498,1740166450.833957,1,3,0.0017826264629358384,-0.0026286714546977057,-0.003939457846135355,-0.005016366451335169,0.007747027031402452,-0.006461229730270406,0.9999365340611239
1740166450.8639019,1740166450.8505309,1,3,-0.0025838779918257145,0.0030887108123299873,0.003557716885057514,-0.0011356209998396507,-0.0015237683971705508,-0.0008908004938694319,0.9999977974822227
1740166450.8807728,1740166450.8675272,1,3,0.0012169220430372511,-0.0027131622407264126,-0.004053679508752011,-0.004859016475949604,-0.004243429976446917,0.0016524122160389968,0.9999778261515551
1740166450.8988056,1740166450.884382,1,3,0.01226580336606041,-0.01833988490135051,-0.02455268139769537,-0.01566144251147316,0.0034908276820352605,-0.001542249985581073,0.9998700689617307
1740166450.9157026,1740166450.9016454,1,3,0.017195960607124014,-0.023746662041887138,-0.03163923406785481,-0.01933071888832131,0.012202730477800017,-0.004767058789932325,0.9997273087330565
1740166450.9312851,1740166450.917643,1,3,0.013352981688640797,-0.016003794074554198,-0.021465997448381305,-0.013309766650836271,0.01603140515411244,-0.005431075739060512,0.9997681469104733
1740166450.947807,1740166450.9341776,1,3,0.008124361131563123,-0.00744643442230729,-0.010223694266386401,-0.006995463993348196,0.019381225478052263,-0.007775915412371499,0.9997574539466991
1740166450.9653738,1740166450.9510458,1,3,0.009320953215502846,-0.010300012235215752,-0.013958828886192175,-0.009359144166307506,0.023602482560314955,-0.012440106234297041,0.9996002065797823
1740166450.9811747,1740166450.967425,1,3,0.007502168322536972,-0.009290477272379829,-0.012651181554869684,-0.009308124527973008,0.019349973268683627,-0.011752206285508118,0.9997003666097637
1740166450.997684,1740166450.9839413,1,3,0.0022876698559096678,-0.0028334143755466583,-0.00420517177230119,-0.005081141872157508,0.008678005192548613,-0.006165140866042793,0.9999304302106498
1740166451.0155387,1740166451.0010316,1,3,-0.0015357110438894378,0.0023639328390886345,0.002600969475652816,-0.0014016901960356117,-0.0001884642040097114,-0.0005011175615294428,0.9999988743128801
1740166451.0309834,1740166451.0175145,1,3,0.0016528995307663935,-0.0023251248358852044,-0.0035456437873469387,-0.0045743121526478445,-0.0005197663849067881,0.0003622017688190456,0.9999893371037083
1740166451.0476062,1740166451.0342846,1,3,0.004556283258315015,-0.006032840183159757,-0.008396777031162478,-0.0069794418682101525,0.0025442517310628205,-0.0007613277827406091,0.9999721168884383
1740166451.0652344,1740166451.0511332,1,3,0.004435502964147229,-0.005056904112376865,-0.007117632103092851,-0.005995512743292695,0.005309619574695643,-0.001753701335571338,0.9999663925845421
1740166451.08182,1740166451.0678864,1,3,0.004160186366951869,-0.004124494877909119,-0.005898343061881373,-0.005253123606846982,0.007412001940671445,-0.0025585173972935736,0.9999554594622354
1740166451.0973506,1740166451.084558,1,3,0.00517091506706222,-0.005280787701739888,-0.007401561787755996,-0.006068705674966727,0.008763190465443476,-0.0030255833823183385,0.9999386096903617
1740166451.1142828,1740166451.1010287,1,3,0.008143521651450717,-0.009265781946449154,-0.01262548231159395,-0.00865390195690427,0.010813971060494554,-0.0034227382722684563,0.999898221257315
1740166451.1316073,1740166451.117699,1,3,0.010776737543884939,-0.012431253030698242,-0.01678415301912868,-0.010565761618319224,0.014621238220769524,-0.005034275915407978,0.9998246046884043
1740166451.1479082,1740166451.1344306,1,3,0.010357939467567467,-0.010986090147381855,-0.01489165999774414,-0.009276369825773954,0.017030301170736836,-0.005870748360232716,0.9997947049862689
1740166451.1861105,1740166451.1509497,1,3,0.008202785040335211,-0.007494916865658369,-0.010303042404345906,-0.00689969540218479,0.019411448444114028,-0.007693295641841215,0.999758172297094
1740166451.1890438,1740166451.1675577,1,3,0.00868199177892671,-0.00906966050050887,-0.012348132694197567,-0.008351516766059105,0.022387995617396076,-0.011178223045187117,0.999651978015096
1740166451.197722,1740166451.1842093,1,3,0.007642786027135052,-0.008999909703289306,-0.012255798539260752,-0.008633787098446644,0.019152297517911643,-0.01103328388798571,0.9997184172889739
1740166451.2149608,1740166451.2008297,1,3,0.0029565792471543196,-0.003150959219804872,-0.00458491518450667,-0.004586467556489187,0.009806769917633821,-0.005970201319240939,0.9999235712169924
1740166451.235472,1740166451.2177489,1,3,0.001732236521473577,-0.0016654998453732445,-0.00264072809012396,-0.003353671493683795,0.002697949488807886,-0.001020150458761949,0.9999902165766973
1740166451.2473185,1740166451.2344255,1,3,0.010739401064805787,-0.014667822880415375,-0.019711644032788748,-0.012370068255649298,0.007534847342631618,-0.0027661747765448707,0.9998912719710976
1740166451.2652397,1740166451.2511091,1,3,0.017356340328906553,-0.023055062791361373,-0.03071172364917349,-0.0180049226256017,0.015331825258682251,-0.005791561593826655,0.9997035639177186
1740166451.2812304,1740166451.2678444,1,3,0.01637164312394845,-0.019797086362410624,-0.02641014096181363,-0.01477039455249263,0.019164519284726206,-0.006461034939389779,0.9996863566503551
1740166451.2978745,1740166451.2844117,1,3,0.010906907554589266,-0.010646074945489015,-0.0143890718770673,-0.008054465500065644,0.021756163214719973,-0.007909452751957848,0.9996995726241196
1740166451.3197086,1740166451.3013608,1,3,0.010972715231042913,-0.011339671773854,-0.015299386651079274,-0.008968089973622079,0.02584776900825125,-0.011957013234327936,0.9995541486252933
1740166451.330947,1740166451.3176677,1,3,0.009921331384153983,-0.011140246197241068,-0.01504862694695382,-0.009187557382659245,0.023214171021164378,-0.012027320598461316,0.9996159435565052
1740166451.349124,1740166451.3344436,1,3,0.005705196037799588,-0.005923959060986862,-0.00820946294239659,-0.0055314116985212295,0.014205994829203268,-0.00720621114128781,0.9998578217509334
1740166451.3649404,1740166451.3511562,1,3,0.004246036555080572,-0.004078133726102256,-0.005796523047866477,-0.004286013802955695,0.00810396175250735,-0.002959505347526153,0.9999535975322519
1740166451.3805218,1740166451.3677793,1,3,0.009663684704054244,-0.011815227863165153,-0.015950451379266064,-0.009715690731506146,0.010568095807977943,-0.0036438074919487836,0.9998903156704563
1740166451.399621,1740166451.3847816,1,3,0.013143842083540221,-0.016016855049534286,-0.021453167146381052,-0.012002568295549031,0.015056511891163785,-0.005144346834048549,0.9998013680224852
1740166451.4149702,1740166451.401144,1,3,0.012407204581644892,-0.013865687150155055,-0.018625434883138715,-0.0097393724290424,0.017805652979629254,-0.005969641525202825,0.9997762083220015
1740166451.4312036,1740166451.4177928,1,3,0.010162030187144825,-0.009990441708069127,-0.013563698695088623,-0.0072298443453402885,0.01965115865937144,-0.00700614929201974,0.9997562078757922
1740166451.4482098,1740166451.4348707,1,3,0.009445686876819678,-0.009042455925799739,-0.012317876680023964,-0.00700705653205612,0.020398367205571956,-0.00792088460478211,0.9997359988322821
1740166451.4645185,1740166451.451304,1,3,0.009068791875135112,-0.008791892845170712,-0.011961771525697098,-0.006359505147998342,0.01898160062474342,-0.007193721366097808,0.9997737273527957
1740166451.480845,1740166451.4679124,1,3,0.009340791513865649,-0.009370454956989375,-0.01270616433858453,-0.0062065343368680175,0.017688599750254906,-0.006346962515528744,0.9998041350370717
1740166451.4979892,1740166451.4845376,1,3,0.009251220551499859,-0.009225763259728922,-0.012533882146914161,-0.006223476529634542,0.017538598733412514,-0.006326061899111848,0.9998068047553997
1740166451.5147407,1740166451.5011816,1,3,0.008550688999524655,-0.008336440568927853,-0.01138834390301977,-0.006255108440346239,0.018624662299007055,-0.007581213897700549,0.999778235794561
1740166451.5320914,1740166451.5179956,1,3,0.008307013631395271,-0.008703651773602836,-0.011854385887294108,-0.006402351337058361,0.01899227363694274,-0.008869481345240173,0.9997597890194039
1740166451.548121,1740166451.5344918,1,3,0.0071160019198344806,-0.008011118866126017,-0.010938539549866174,-0.005758050369566305,0.01576676055644844,-0.008148420090480904,0.9998259135307138
1740166451.5653198,1740166451.551331,1,3,0.003849952770058635,-0.003917560987976729,-0.005580680913914618,-0.003385234585167299,0.009148584924182426,-0.004469166553039643,0.9999424334085485
1740166451.581744,1740166451.5680125,1,3,0.0054239232118736295,-0.006427934266360323,-0.008883514755978537,-0.00520303828092674,0.00564469687539543,-0.0016508652621230447,0.9999691697416069
1740166451.5981767,1740166451.5844967,1,3,0.014934182954820501,-0.01997963725062994,-0.02665404102996344,-0.014303503751386787,0.011387081586310084,-0.003766727947183847,0.9998257627776715
1740166451.615463,1740166451.6013908,1,3,0.02167730258780007,-0.0283859407141458,-0.03767726829537109,-0.0196290396519033,0.019771759808757422,-0.006988489937543615,0.9995873845366406
1740166451.6316385,1740166451.617963,1,3,0.020239378540697593,-0.024261713952487128,-0.03227124464130318,-0.016391026257998646,0.02469035662974712,-0.008452012038652298,0.9995250292214818
1740166451.6483622,1740166451.63478,1,3,0.01446711022285759,-0.014564560464033925,-0.019556603080448383,-0.009656080908702505,0.02714600596318706,-0.009763750564254178,0.9995371547054418
1740166451.6649065,1740166451.6513798,1,3,0.014754439250879665,-0.015691706910640178,-0.021021427760679955,-0.01065940460022167,0.03229498322475351,-0.014655995105740147,0.9993140712306328
1740166451.682077,1740166451.6679966,1,3,0.014126642674742316,-0.016490450417804208,-0.02206458770163455,-0.01184495257044785,0.03008534905867036,-0.01548563261903457,0.9993571754147814
1740166451.6989827,1740166451.6848776,1,3,0.00891385699330003,-0.010295490526936592,-0.013930525517635198,-0.008384355130762902,0.0203742253724027,-0.010902579105756628,0.9996978179921964
1740166451.714048,1740166451.7014382,1,3,0.0037480938280373246,-0.003332835823879038,-0.0048121755080244594,-0.0037071975854434903,0.009784568791477884,-0.004326117023265979,0.9999358997511432
1740166451.7321377,1740166451.7180111,1,3,0.006983177274562251,-0.008172727289250462,-0.01117272002711923,-0.0067679477750420105,0.008355788814837426,-0.0028060985826986232,0.999938248836867
1740166451.7482855,1740166451.7349942,1,3,0.011786309855748921,-0.01460162493171199,-0.019603270410534893,-0.010998401727025998,0.012396608842508929,-0.0040926952345918585,0.9998542939320577
1740166451.7649107,1740166451.7514832,1,3,0.011772101756612724,-0.01350387258493012,-0.018154512021281557,-0.010217756227581098,0.015896880971210562,-0.005364961249977507,0.9998070332938487
1740166451.7822957,1740166451.7684038,1,3,0.00950329914698786,-0.00945012681547248,-0.012834883927159944,-0.00740245944711407,0.01775003863100929,-0.006266622239007641,0.9997954136564365
1740166451.797915,1740166451.785046,1,3,0.008527391181719208,-0.007969912634910259,-0.010891659319794616,-0.0063853722966654815,0.018957830355720667,-0.007199180374114202,0.9997739742015581
1740166451.8153517,1740166451.8015635,1,3,0.0081984572435713,-0.007733549482542235,-0.010580868835849666,-0.006163673895665331,0.017866072084884173,-0.006831476332232481,0.9997980513701193
1740166451.8322234,1740166451.8185587,1,3,0.00825216841225812,-0.007901461992333731,-0.010808708036340058,-0.0064336445116933,0.016555693128026978,-0.005871830081393822,0.9998250041156417
1740166451.8488178,1740166451.8350663,1,3,0.009027088236935685,-0.008886476547111373,-0.012115808852892191,-0.0073980323804600295,0.017061061743629122,-0.006026679485224082,0.999808915955174
1740166451.8675492,1740166451.8516443,1,3,0.008824180187855694,-0.00836680245860704,-0.011435832424359301,-0.007005482359462308,0.018211906541369886,-0.006625788165695289,0.9997876517582236
1740166451.8824825,1740166451.8683734,1,3,0.008460343388438272,-0.007972109914912286,-0.010900964957571674,-0.006607383368311625,0.019483847263166675,-0.007894415436494363,0.9997571707098508
1740166451.8987188,1740166451.8849955,1,3,0.008017287465318169,-0.00794595815181282,-0.010857206393257948,-0.006849560276747084,0.019335516105428323,-0.008818168832607534,0.9997506995443372
1740166451.915815,1740166451.9020162,1,3,0.0061455619364173195,-0.005849658739963419,-0.008114054018480636,-0.005762043223194279,0.015631418830757544,-0.007091543548104955,0.9998360703702066
1740166451.9318545,1740166451.918426,1,3,0.005162020460423617,-0.004680336762205934,-0.006587121496583205,-0.004972872234829621,0.011268054425868345,-0.004108269772299057,0.9999157082527855
1740166451.9489982,1740166451.934985,1,3,0.010327274034957893,-0.012139890105708045,-0.016375607749999063,-0.00996637318299034,0.01310814813375771,-0.004424962046528566,0.9998546232172792
1740166451.9652348,1740166451.9519587,1,3,0.01533290001170093,-0.01866257771579779,-0.024929823924888683,-0.01436732960566189,0.01789063611032278,-0.006207113102723324,0.9997174484455598
1740166451.9821537,1740166451.9685977,1,3,0.014476545470136071,-0.0161464969757922,-0.021618809363573646,-0.01234954288115719,0.02143433555022971,-0.007352321096974527,0.9996669452495834
1740166451.9983692,1740166451.9851253,1,3,0.011113184367428051,-0.010624562010967436,-0.014365366471683167,-0.008169576380077896,0.024232127445288253,-0.009361613963068956,0.9996291423349221
1740166452.0155184,1740166452.0018282,1,3,0.012335442076938073,-0.013445193208829658,-0.018055643540401876,-0.010452489659001144,0.028645833196301117,-0.014017186378719912,0.9994366814293152
1740166452.0323513,1740166452.0184524,1,3,0.011344605673151577,-0.013777628582129855,-0.01850018706707765,-0.011489998146737969,0.02535005269518698,-0.014188978500710596,0.999511894706634
1740166452.049452,1740166452.035191,1,3,0.005670253279640294,-0.006861378085672404,-0.009440806037174202,-0.007323079874353338,0.01481751837138822,-0.00906788659052767,0.9998222777490252
1740166452.064871,1740166452.0517278,1,3,0.0007006672727758614,-7.511318120550207e-05,-0.0005458325233652425,-0.002377231065529862,0.0038092055000796235,-0.001858287065140261,0.999988192677845
1740166452.0820167,1740166452.068433,1,3,0.0070323691386478095,-0.009411431157937406,-0.012800973294332581,-0.008617051737725295,0.004594597341851319,-0.0013925261843261596,0.9999513472991781
1740166452.0988896,1740166452.0852067,1,3,0.013857083236353207,-0.018504760701423078,-0.024725233971824984,-0.015057423837332688,0.01125730347673204,-0.004062382483415175,0.9998150049656057
1740166452.1154897,1740166452.1017249,1,3,0.014423388829119706,-0.017746832859529642,-0.02373200402605947,-0.014189623500099814,0.016353875411198798,-0.005678637793701528,0.9997494478201867
1740166452.1321394,1740166452.1187987,1,3,0.010714421784441515,-0.011067170309139607,-0.014972710488113713,-0.009277649972807119,0.018518207558172076,-0.006321665621323218,0.9997654913746457
1740166452.148973,1740166452.1353514,1,3,0.008951988166855928,-0.008345557253199772,-0.011382862837520723,-0.007242392270023282,0.020996793326875148,-0.00839459901486241,0.9997180668226293
1740166452.165977,1740166452.1519742,1,3,0.008304573240706704,-0.007994365712998795,-0.010904199306835772,-0.00721324463027095,0.02071237927105763,-0.009184331675800201,0.9997172672803569
1740166452.1832721,1740166452.1688967,1,3,0.006821342738200541,-0.006444965658825879,-0.008885454039720346,-0.0062822923386786555,0.01714507146617293,-0.007546865314428841,0.9998047930227766
1740166452.1993918,1740166452.1853483,1,3,0.005244889354404126,-0.004469963941807406,-0.006331374177861696,-0.005115390399462614,0.013654534006868528,-0.005572234091057671,0.999878160922295
1740166452.21478,1740166452.2018955,1,3,0.004640947839741466,-0.0037983067115964684,-0.005446584546966801,-0.004774810390735334,0.012421356960494737,-0.0049710615471747445,0.9998990947211056
1740166452.2319913,1740166452.218643,1,3,0.004254399765187972,-0.003539894952199954,-0.005084018584859541,-0.004667042112342161,0.012493431575677366,-0.005601724845331482,0.9998953713084898
1740166452.2491329,1740166452.2353747,1,3,0.0038089174231605593,-0.003448159727944321,-0.004955910497915689,-0.004578466668947801,0.011580217817426974,-0.005851692501927718,0.9999053424665383
1740166452.2647965,1740166452.2523277,1,3,0.0023163667955134414,-0.0017989613873478443,-0.002815643282158513,-0.0036051144071991633,0.008382188476145323,-0.004308372031227246,0.9999490887024709
1740166452.2835548,1740166452.2686322,1,3,0.001712682911443558,-0.001154198113915512,-0.001976470512970973,-0.0031974460824785726,0.0045662877888831945,-0.0017725932522384147,0.9999828914874198
1740166452.2985961,1740166452.2853932,1,3,0.007026644095729941,-0.00887240942297252,-0.0120833974627378,-0.008299799920175892,0.006423231305013047,-0.002149924215467227,0.9999426149768572
1740166452.3161018,1740166452.3022566,1,3,0.013048102015146522,-0.016930158977334693,-0.02264862956119165,-0.013701453643539955,0.01181267566365211,-0.0041053298318380485,0.9998279237592292
1740166452.332627,1740166452.3189504,1,3,0.013835590510718237,-0.016712941309454797,-0.022367123960491266,-0.01309671542391426,0.016382941283329178,-0.005565454440699242,0.9997645227736782
1740166452.3483207,1740166452.3358116,1,3,0.009555606326509843,-0.009331830314798137,-0.01268364554024818,-0.007617827984905566,0.018699621341088546,-0.006648195745814211,0.9997740216427999
1740166452.3661342,1740166452.3521585,1,3,0.009313453468846392,-0.009354939155958336,-0.012709885796967557,-0.007790777666529995,0.022938155201797213,-0.010551365096817892,0.9996508458026145
1740166452.3828685,1740166452.3689451,1,3,0.009224179011525396,-0.010629091803550733,-0.01439727690505279,-0.009508741959634377,0.022726892575159186,-0.012495523262730283,0.9996183942278237
1740166452.3994105,1740166452.38567,1,3,0.005458583147611812,-0.006448724699319103,-0.008912891988810503,-0.006928259041212338,0.014671646104205755,-0.008833979764649693,0.9998293368514292
1740166452.416605,1740166452.4022293,1,3,0.0009477319572565205,-0.0004276019259400626,-0.0010071928548039532,-0.002471117563650223,0.004525255233366681,-0.00247194827490543,0.9999836524237713
1740166452.4336061,1740166452.4190671,1,3,0.005153989740011018,-0.006686535758581823,-0.009214550054601965,-0.006551289623323301,0.003663689688551101,-0.0010922410380889342,0.9999712320820294
1740166452.4486277,1740166452.4354877,1,3,0.011366787546651113,-0.015083197496628696,-0.020241885200052635,-0.012372815983152782,0.008794653949754351,-0.0029253769967809277,0.9998804976875876
1740166452.4657848,1740166452.4522564,1,3,0.011895222977668353,-0.014516644573984383,-0.019506738666975484,-0.011541139934973889,0.01314037684873616,-0.004353925775075929,0.9998375747668317
1740166452.4832919,1740166452.469174,1,3,0.008068313350982598,-0.007915261468723483,-0.010831607677597286,-0.00643789686874661,0.015534599712202234,-0.0055535743474131195,0.9998431814578008
1740166452.4988868,1740166452.485475,1,3,0.007551961431818084,-0.007436109707949514,-0.010195627328037169,-0.006376611182734027,0.01855088298782637,-0.008446104303619221,0.9997719074330347
1740166452.5156598,1740166452.5024288,1,3,0.006833889972468049,-0.00738163598124763,-0.01012840625207715,-0.006897920729060932,0.017467108642010308,-0.009198410473402328,0.9997813301167744
1740166452.5327861,1740166452.518867,1,3,0.004052150917872301,-0.004201197434794622,-0.005963850306633473,-0.0046498080499419595,0.011572455439378787,-0.0063054471063876336,0.9999023446802148
1740166452.5491009,1740166452.5353415,1,3,0.0019384313302803944,-0.0015747105266145252,-0.0025271753802116907,-0.0024858349372977955,0.005692862167866379,-0.0027066100158473446,0.9999770428400965
1740166452.5666423,1740166452.5526693,1,3,0.0022045761379427746,-0.0020325582869378184,-0.003141485376148525,-0.0030026842841825822,0.003773382356476618,-0.0012496499235533872,0.9999875918468938
1740166452.582674,1740166452.5688584,1,3,0.0027010984143371595,-0.002557663036587514,-0.003828402774922724,-0.0035176653536685594,0.00458656778996031,-0.0015301151952413319,0.9999821239271516
1740166452.5981247,1740166452.585706,1,3,0.0027068826836051515,-0.002420271808413826,-0.003645540674019876,-0.0030281543533022637,0.005574044525287711,-0.002154182714169278,0.9999775596510536
1740166452.6158767,1740166452.6022637,1,3,0.0026992635170899754,-0.0024524877849586117,-0.0036841939902119924,-0.0026416599037164335,0.005770962260608135,-0.002294566728065562,0.9999772260362083
1740166452.6331778,1740166452.6190803,1,3,0.003062800294823478,-0.003008160520023913,-0.004421494728109838,-0.003198558945524402,0.005088214155620479,-0.0016814734352077467,0.99998052578261
1740166452.6503983,1740166452.6360316,1,3,0.005942575704057442,-0.007069132501970798,-0.009753973555539685,-0.006202203810663949,0.00577917673806968,-0.0014852919614437542,0.9999629631600915
1740166452.6663373,1740166452.6525474,1,3,0.009526138960096334,-0.011753042108228702,-0.015892965829606153,-0.009093645989511763,0.009433015734135538,-0.0028763970025787876,0.9999100210304228
1740166452.6826751,1740166452.6690607,1,3,0.010014876416767366,-0.011587597527589347,-0.015661398760583603,-0.008473728482819394,0.012585999254102373,-0.004046811648429698,0.9998766983302778
1740166452.7035635,1740166452.6860833,1,3,0.007429894547220737,-0.007235858494205306,-0.009944264576702878,-0.005434340789431497,0.015275918967030696,-0.005857022412390601,0.9998513937222661
1740166452.7175457,1740166452.7025719,1,3,0.007530402448954409,-0.008060424920010517,-0.011021677930808065,-0.006423204051413757,0.019088481705424046,-0.009804740563484788,0.9997490882108262
1740166452.7329135,1740166452.7193196,1,3,0.007298288622492968,-0.009321462996008847,-0.012685603017313855,-0.007580234408597743,0.017631966519274265,-0.011054251471542053,0.9997546985772949
1740166452.7501695,1740166452.7358592,1,3,0.0033041934641297086,-0.004942711845237078,-0.006951730812593425,-0.0045956469690861335,0.00865850897779636,-0.0069449167855038674,0.9999278365872506
1740166452.76484,1740166452.7526424,1,3,-0.0017000598339190888,0.0017268559492572342,0.00178297057820159,-0.00011356636338959304,-0.002480590345960844,-0.00010026050151972941,0.9999969118562559
1740166452.7828898,1740166452.7694328,1,3,0.003005715464256886,-0.0053581775444380975,-0.0075197328289256715,-0.004972266857840213,-0.0043602850999617665,0.0020503761714709334,0.9999760299295664
1740166452.7991874,1740166452.785986,1,3,0.011182254791235182,-0.016622878919735275,-0.02229303109742248,-0.01234376125007848,0.001892226259310741,-0.00025518577211043803,0.9999219899163165
1740166452.816973,1740166452.8029258,1,3,0.01361548065594238,-0.018593355423402177,-0.0248575544374868,-0.01304554314704774,0.008030974566394072,-0.0023464651950159928,0.9998798984641111
1740166452.8333104,1740166452.8192499,1,3,0.009754083855401111,-0.011363456970624929,-0.015355084289894549,-0.007789493472563099,0.011599293322508976,-0.003636772865342524,0.9998957716027131
1740166452.8493438,1740166452.835893,1,3,0.00694078204127714,-0.006850194741005565,-0.009434369602673015,-0.004911685455467778,0.015057668548024913,-0.006196459789544459,0.9998553624649722
1740166452.8696666,1740166452.8527093,1,3,0.006432614800606344,-0.006813494119339107,-0.009391471406165903,-0.004908619225797456,0.01579765363573431,-0.007902361780463562,0.9998319320141722
1740166452.8827872,1740166452.8691797,1,3,0.004626769019417919,-0.0050748131077006904,-0.0071167943726025105,-0.0037825373884768365,0.011458735628151832,-0.00615427867932913,0.9999082531125772
1740166452.899231,1740166452.8858202,1,3,0.0023178779001309987,-0.0022041375892744805,-0.0033657630943669248,-0.0023053133622267527,0.005682382083061764,-0.0028210132252948364,0.9999772187147798
1740166452.915637,1740166452.9026914,1,3,0.0023973993799834923,-0.002424435698219151,-0.0036650476856346535,-0.002920473853965781,0.0034057123153700773,-0.0011918290611287433,0.9999892256917483
1740166452.9327416,1740166452.9192288,1,3,0.0034917843368102133,-0.003840753072628333,-0.005512370868136842,-0.003635229801831653,0.0043125652536140004,-0.0013661902751470848,0.9999831600628849
1740166452.9494815,1740166452.9361954,1,3,0.003431670101958233,-0.0035225635689433085,-0.005091398343647224,-0.0030294567929287225,0.005502052244187287,-0.0020087374843798197,0.9999782571568048
1740166452.9658113,1740166452.9527395,1,3,0.002580881508204249,-0.0022733753058904508,-0.0034560779906398055,-0.0026518453235311852,0.0063092215920773475,-0.002791315449062056,0.9999726846256081
1740166452.9823654,1740166452.9693372,1,3,0.0018087850203940797,-0.0013371268908556836,-0.0022336374072130165,-0.0024979235897790203,0.00534067165063223,-0.0024936880465120715,0.9999795093520598
1740166452.9987388,1740166452.9860983,1,3,0.002322499548952542,-0.002216693075538106,-0.0033814049831520734,-0.002893310761597802,0.003948735627646601,-0.0014048435429420715,0.9999870312431055
1740166453.0160596,1740166453.0026186,1,3,0.004604804153952737,-0.005404483396492294,-0.007553452569800476,-0.004654598370716803,0.004934285972998174,-0.0014433056175588944,0.9999759519132638
1740166453.033029,1740166453.0195444,1,3,0.006084419733918539,-0.007068484189352258,-0.009740405276181372,-0.005943042353721635,0.006848566965975304,-0.0019807656616539267,0.9999569260450611
1740166453.0489895,1740166453.0361118,1,3,0.004501810428094423,-0.004214211839041317,-0.0059973037608339625,-0.004268602467073192,0.009141089277743033,-0.003322758882088534,0.999943587805435
1740166453.0666065,1740166453.052812,1,3,0.004062774629368678,-0.0038063475071155035,-0.005455525049567775,-0.003888601136832197,0.011743850886184092,-0.005865467274856519,0.9999062741283352
1740166453.0829175,1740166453.0698278,1,3,0.0038369941726558404,-0.004464100278867041,-0.006319808124494241,-0.004394987598819225,0.011774228714365502,-0.007366330673162543,0.999893888767504
1740166453.0989337,1740166453.0862305,1,3,0.0013238588677184583,-0.0018280923829356957,-0.0028718513130895685,-0.0031654722486436563,0.005885288870128766,-0.004870509993634215,0.9999658100619041
1740166453.1189375,1740166453.1031034,1,3,-0.001627125393606022,0.0020380888451303307,0.0021899980406778576,-0.0006663190784758717,-0.00187170101632594,0.00011481123820931335,0.9999980197843247
1740166453.1333838,1740166453.1197903,1,3,0.0037508247504938223,-0.005919066814063599,-0.0082499533265924,-0.005852664927123101,-0.0020559609373207418,0.0012060891315080209,0.9999800321440833
1740166453.1506598,1740166453.136424,1,3,0.011659703230245096,-0.0167792698180698,-0.022499931935684413,-0.013269786677680197,0.00376764918875555,-0.000831385173963971,0.9999045086306051
1740166453.1668937,1740166453.1531608,1,3,0.013037263555517795,-0.017208003398076273,-0.02304949468583565,-0.013679570695408993,0.009804431195272939,-0.0030308097059396195,0.9998537676415752
1740166453.1825144,1740166453.1696188,1,3,0.008395567126789941,-0.008950355036984093,-0.012202769942663219,-0.00766898870001035,0.012951538378868324,-0.004324002628380918,0.9998773661140697
1740166453.1992607,1740166453.1863942,1,3,0.0065478551911385425,-0.006206832797558532,-0.008599016822976346,-0.005603777410045515,0.017632613785853957,-0.008060155221897786,0.9997963405152154
1740166453.2159946,1740166453.203001,1,3,0.006701389701975172,-0.007649790435080703,-0.010489814886867052,-0.006943162632789217,0.018586520040350954,-0.010700012283545033,0.9997458894652063
1740166453.2336576,1740166453.2196639,1,3,0.0039015699189999817,-0.004870050322811168,-0.006843786261038208,-0.005678845352668022,0.012292684397659459,-0.008190140051375918,0.9998747732749831
1740166453.2492611,1740166453.2367437,1,3,-0.0003909758885672561,0.0006515097775763718,0.0003789671333520155,-0.002084226371075036,0.002727324104662715,-0.0026647756641315547,0.9999905582925882
1740166453.2655306,1740166453.253199,1,3,-0.0007848575051247279,0.001010656274877558,0.0008310979270485271,-0.0017248669243154044,-0.002120434104446423,0.0008696473990646393,0.9999958861448898
1740166453.283003,1740166453.2698812,1,3,0.00277392450955961,-0.004009493814684451,-0.0057494159564998775,-0.004939500958274746,-0.0005920108447814307,0.0005844957675555883,0.999987454530376
1740166453.2995625,1740166453.286465,1,3,0.00391855667434992,-0.0050282827470907315,-0.0070695742233818784,-0.005751093157607443,0.0021520021414982663,-0.00041935041200440875,0.9999810588003692
1740166453.3167646,1740166453.3032212,1,3,0.0030747790549662613,-0.003154649796270164,-0.004615579680830776,-0.004447141384675635,0.004333360077598144,-0.001332544366813539,0.9999798344214011
1740166453.332498,1740166453.3201053,1,3,0.0025680756881779347,-0.0021021926078992476,-0.0032438181454295043,-0.0037754325961531906,0.005580306623528735,-0.001945320570257472,0.9999754107049724
1740166453.3491023,1740166453.336368,1,3,0.0034536474073504453,-0.0032877537838531547,-0.004785416053767663,-0.00443949471121255,0.006157241227274592,-0.002101317826962514,0.9999689813842069
1740166453.366892,1740166453.3529856,1,3,0.005483497857823886,-0.006049776274188941,-0.008388124104722342,-0.006307676790386925,0.007448666115278191,-0.0024023711971975135,0.9999494783234011
1740166453.383966,1740166453.3699157,1,3,0.006721735046641684,-0.007381715792852097,-0.010137070108428337,-0.007042948726721581,0.009231854307798631,-0.0028270402527950716,0.9999285862413783
1740166453.3999972,1740166453.3865042,1,3,0.005414922718491692,-0.004936775384127747,-0.006944703928216108,-0.005349799709771284,0.011343130988695639,-0.0040628959397570165,0.9999130991736338
1740166453.4162955,1740166453.403304,1,3,0.004698364615251008,-0.004005196256355677,-0.005720600769303496,-0.004911416518745676,0.014108210526864168,-0.00650913275285218,0.9998672249725535
1740166453.4329278,1740166453.419829,1,3,0.00455893426198656,-0.004711906830186548,-0.0066322264796739635,-0.005681031548103517,0.015074548707192445,-0.008653228427691485,0.9998327887700034
1740166453.4501593,1740166453.4363484,1,3,0.002621315306751846,-0.0029785692267235036,-0.004362729037441979,-0.0048655070952223845,0.010524500634543459,-0.007131192053024637,0.999907349621455
1740166453.4666696,1740166453.45339,1,3,-0.000820807360414075,0.0014341867793323509,0.0014083756978349332,-0.001795862731388358,0.002217721737277004,-0.0020826137205591376,0.9999937596342473
1740166453.4835105,1740166453.46987,1,3,0.0016755234595162616,-0.00240400973671832,-0.0036355486433443576,-0.004274481116308415,-0.0005638918529684316,0.0004167109855381745,0.9999906185505537
1740166453.5043395,1740166453.486537,1,3,0.009074278256143313,-0.012846846595058577,-0.017329260527477273,-0.01143414090751101,0.00324144210699945,-0.0006338904394180156,0.9999291733206332
1740166453.516295,1740166453.5035036,1,3,0.011829368332149247,-0.01563569185968217,-0.020973292763585248,-0.013229001906135308,0.008651231078519252,-0.002615285396491438,0.9998716467585669
1740166453.533479,1740166453.5200453,1,3,0.008178130400250833,-0.008906914497183093,-0.01212070003797615,-0.008054714160043573,0.01222787009290887,-0.004004353684676421,0.9998847763239317
1740166453.5493104,1740166453.5369499,1,3,0.005786696418422277,-0.005156170131062244,-0.007194949209784252,-0.005256704390895362,0.016020360988816026,-0.007156664894042872,0.9998322345475411
1740166453.5670352,1740166453.553261,1,3,0.005855822917691355,-0.0062195280043206135,-0.008602691906909852,-0.006447267594994879,0.017859769714912967,-0.01006394378835254,0.9997690625348004
1740166453.5836737,1740166453.5698524,1,3,0.003518406591524637,-0.003947566737803501,-0.005648553291127069,-0.005509566741046111,0.012627186226781544,-0.008010896873808324,0.9998730041228222
1740166453.600099,1740166453.5868156,1,3,-0.00011525943599086937,0.0007309952171329638,0.00047463259603091734,-0.002207459582663089,0.003840493148745967,-0.0027839792330171284,0.9999863135034377
1740166453.6169794,1740166453.6034281,1,3,0.0018643069169099963,-0.002397654910263878,-0.003629082775991736,-0.0040660190307484035,-8.264801585424457e-05,0.00038434836211685214,0.9999916564326343
1740166453.6331842,1740166453.6204789,1,3,0.006512701779165738,-0.00881724502499852,-0.012037896183583465,-0.008390591716698566,0.0028880648051430244,-0.0005099258002965029,0.9999604977337871
1740166453.6496346,1740166453.6368961,1,3,0.00771965488623639,-0.009641827713434218,-0.013115096524593965,-0.008871379176364906,0.006736636686212746,-0.0019558028312038358,0.9999360435512626
1740166453.6672683,1740166453.6534579,1,3,0.0057930701448331845,-0.005939986243416755,-0.008259352949373177,-0.005932529650613961,0.009744263474195144,-0.0033033486099461992,0.9999294686672912
1740166453.6833375,1740166453.6702805,1,3,0.004590712349077241,-0.00394882654695276,-0.005649802717849427,-0.004397546302635246,0.011298012149486784,-0.004482880019705947,0.9999164566576125
1740166453.700477,1740166453.6869764,1,3,0.003970652332061515,-0.003248014034401448,-0.004721196220995603,-0.00402566630116841,0.011320669651409404,-0.004898302046373671,0.9999158179999643
1740166453.7167127,1740166453.7035322,1,3,0.003464985283375729,-0.0027375390978470805,-0.004051061836656606,-0.0037856355085604345,0.009382709200493358,-0.003747358417725453,0.9999417938243927
1740166453.7339158,1740166453.7203505,1,3,0.0037857673081180382,-0.003291591348163583,-0.004785368219021902,-0.0038973157675070607,0.008407515868151551,-0.002999252366733323,0.9999525634208734
1740166453.7499683,1740166453.7367196,1,3,0.003917947034909616,-0.0034473961437778496,-0.004987555118314457,-0.0038400708472822796,0.008800156576488374,-0.003251494538940579,0.9999486181216414
1740166453.7671633,1740166453.7536814,1,3,0.0032948565634120944,-0.0026465357162484826,-0.003930422487486305,-0.0034432097517806503,0.009939064271374582,-0.004472750031178677,0.9999346747738942
1740166453.7841856,1740166453.7701013,1,3,0.002701917141594529,-0.0023058256693477626,-0.003485932692306548,-0.003571821046416938,0.01028326978750244,-0.0055763000998823135,0.9999251978693636
1740166453.7993927,1740166453.7868142,1,3,0.001459367358537192,-0.0011947099023507986,-0.002026824580918909,-0.0028902442293658676,0.007161508687595682,-0.004495714914147207,0.9999600731174335
1740166453.8170156,1740166453.8035321,1,3,0.00011995363634850946,0.0003750835839139023,2.453239357291402e-05,-0.001612607510837064,0.001810351867153115,-0.0010215653955810524,0.9999965392576494
1740166453.8341665,1740166453.820145,1,3,0.0049520642375973,-0.006787201768294588,-0.009371005053105723,-0.006445157828424296,0.0012853595135474394,5.634142837821524e-05,0.9999784020753304
1740166453.8515904,1740166453.8370337,1,3,0.012459409466887953,-0.017164276052653412,-0.022988936270565592,-0.013721963803947813,0.006617783206741184,-0.0017240909935499307,0.9998824631750662
1740166453.867686,1740166453.8536532,1,3,0.015905550536093226,-0.02081777726128524,-0.027777542152851383,-0.0158613613016745,0.012605438830779792,-0.0038311663424121555,0.9997873985473102
1740166453.8842819,1740166453.8703928,1,3,0.012433066265935579,-0.01416972563638076,-0.01904070203236529,-0.010580600755490286,0.01642669390624629,-0.005232350391133839,0.9997953976311093
1740166453.9008064,1740166453.8870678,1,3,0.008956788185763676,-0.008586999857153747,-0.011705896853173183,-0.006592127371282642,0.020362728563791656,-0.008400593148224812,0.999735631643144
1740166453.9169438,1740166453.9035203,1,3,0.008727258754985655,-0.009167721030958866,-0.012460894718654286,-0.007637338550888348,0.023886526377280285,-0.012367936915945366,0.9996089930837607
1740166453.935138,1740166453.920385,1,3,0.0067441863585157085,-0.007634333880299476,-0.010449792318862377,-0.0068131958162909794,0.01922582035548885,-0.011126461044866332,0.9997300385899407
1740166453.9511259,1740166453.9371402,1,3,0.023319810322389837,-0.03340663657935801,-0.04428061897651396,-0.02400798390379107,0.01137582653379625,-0.0037626129189803825,0.9996399601974555
1740166453.9715621,1740166453.9538462,1,3,0.033453563298757136,-0.045716701354156855,-0.06042822704806048,-0.033019313694665,0.021920234496064405,-0.006658280716422071,0.9991921214364493
1740166453.9847305,1740166453.9708266,1,3,0.030175292901175096,-0.03793245665242888,-0.050185707424039355,-0.026308262869090878,0.031281544467574376,-0.010503199971847762,0.9991091146971313
1740166454.0005312,1740166453.9871733,1,3,0.01912437619633492,-0.01965935765292797,-0.02622507238025286,-0.011831274134060226,0.034905640479869146,-0.012813201837948707,0.9992384295420763
1740166454.0174892,1740166454.0039077,1,3,0.01817683026459435,-0.019079430794128865,-0.025445969101560464,-0.012608201840900035,0.038907199891083225,-0.01723291558509639,0.9990146593836405
1740166454.034544,1740166454.0206523,1,3,0.01496796229834682,-0.015286423037282535,-0.020422855670246744,-0.009093000967919374,0.03157278198144561,-0.013262678160439356,0.9993720919354122
1740166454.0504284,1740166454.0371456,1,3,0.012767940413688048,-0.012542401292995064,-0.01688257396708317,-0.009040986962491792,0.026704893407982516,-0.010561272263983509,0.9995466816267154
1740166454.067785,1740166454.0540206,1,3,0.02178359788575643,-0.026081524404607363,-0.034518548496376936,-0.01605761185959351,0.02620796526742499,-0.008568461184351832,0.9994908089276461
1740166454.084033,1740166454.070583,1,3,0.02523735940128605,-0.02977323953622706,-0.039550296439044896,-0.01800882485489358,0.030285253297550014,-0.00975387069039283,0.9993314503539874
1740166454.1005683,1740166454.0872018,1,3,0.023650935336996564,-0.02637491331774132,-0.03491032514143337,-0.01699181875813165,0.034958402490957066,-0.011949485321165451,0.9991728569127217
1740166454.1176314,1740166454.1039307,1,3,0.023405094328631332,-0.025286976023047875,-0.0335218382331487,-0.011771636189319798,0.035390694569466315,-0.011775661860535183,0.9992348378169484
1740166454.1339023,1740166454.1205623,1,3,0.02008467260971059,-0.02021174404878552,-0.02701732188203214,-0.013315297015908344,0.039400005342681316,-0.015207656614013645,0.9990190536845055
1740166454.1506681,1740166454.137385,1,3,0.02430756513377301,-0.02686939160719844,-0.035507539030673906,-0.014222133817667622,0.03538705055618757,-0.011528997126237029,0.9992059696518377
1740166454.1677291,1740166454.153949,1,3,0.029238955064292756,-0.03331075645181153,-0.04418725353056483,-0.019626785413495426,0.039432199838078295,-0.012977074121532246,0.9989451869134295
1740166454.1826482,1740166454.1705055,1,3,0.03958166802331892,-0.047672513538361196,-0.06288442020303667,-0.030726201969671726,0.047420681354212346,-0.015909279975765713,0.9982755502881325
1740166454.200767,1740166454.1873286,1,3,0.0427464977919547,-0.05038822635593116,-0.0665504818104872,-0.027947252531081258,0.05162932294756983,-0.016898331188614446,0.9981321608339144
1740166454.2168844,1740166454.2038336,1,3,0.03335793783357043,-0.03494577477934404,-0.046401229162256585,-0.020833977502241564,0.05590897290058284,-0.019904234521204735,0.9980200166222934
1740166454.2334836,1740166454.2206888,1,3,0.0324203667715668,-0.03389491521544637,-0.04480520410174875,-0.017746684362837533,0.058508872926237895,-0.022388009445403464,0.9978780206097836
1740166454.2508142,1740166454.2373574,1,3,0.030988446950186484,-0.03287844280041126,-0.04360584260370667,-0.01929179293397106,0.06202406520921038,-0.02675388263434794,0.9975294841879633
1740166454.2670834,1740166454.2538702,1,3,0.02596297845990482,-0.026715790171764762,-0.035373261280783726,-0.0160629383934828,0.0502472331230819,-0.019644303932645015,0.9984143923725477
1740166454.2845035,1740166454.2708921,1,3,0.029693071233718542,-0.03249647474345716,-0.04296769173502748,-0.016990209639991448,0.04421085533767558,-0.014682804222979889,0.9987698174789074
1740166454.300272,1740166454.2874024,1,3,0.039399578981531146,-0.04606201922452863,-0.06089175455466731,-0.02900582251192239,0.05127470651602202,-0.017357389557006168,0.9981123622918759
1740166454.317785,1740166454.3039474,1,3,0.048036607386433595,-0.05720593339139968,-0.07546906974184649,-0.03514604075024093,0.0587303538125324,-0.01995289920372138,0.9974554542304149
1740166454.3346221,1740166454.320722,1,3,0.041496535897601515,-0.04555408608304615,-0.06029117895615277,-0.025598999561022066,0.06053179661373759,-0.020556846777323768,0.9976261869411617
1740166454.3513992,1740166454.337247,1,3,0.03728098650471685,-0.039007854458117254,-0.051635154657455544,-0.021128903677726896,0.06467821105797818,-0.024043444273017932,0.9973927066262351
1740166454.3692782,1740166454.3541226,1,3,0.036755267088589436,-0.039313541757504386,-0.051990042051256236,-0.021131407551269594,0.06871979249837318,-0.028567894641117263,0.9970029734808501
1740166454.3842285,1740166454.3707604,1,3,0.03222176833304604,-0.03401591001094543,-0.045062520432805786,-0.01974562845028725,0.06198526888541573,-0.025684115310666628,0.9975511329345551
1740166454.4012818,1740166454.3874679,1,3,0.030221277502617588,-0.03183113836190761,-0.042130221784807194,-0.017338103784032752,0.050662347964997294,-0.017961517370238038,0.9984037763097685
1740166454.4185805,1740166454.404406,1,3,0.03922112278226116,-0.04490236719131028,-0.05932509234494368,-0.025018968283187833,0.05227484553709972,-0.017377912550638214,0.9981680218808353
1740166454.43421,1740166454.420908,1,3,0.0497828936658797,-0.0591360928090211,-0.07807423820748152,-0.03534095723532227,0.06087728473642861,-0.02076340142631984,0.9973032909331144
1740166454.4519985,1740166454.437814,1,3,0.05152489751452791,-0.0597028262947272,-0.07883996176714433,-0.03426740350258764,0.06601341157178221,-0.022344081852118825,0.9969797974663435
1740166454.4676986,1740166454.4543405,1,3,0.0470329598367094,-0.05152517240162238,-0.0681825570251873,-0.027363446098906855,0.06834535518001056,-0.02378748062092289,0.9970026629897333
1740166454.4843302,1740166454.4709039,1,3,0.044254225185394326,-0.04707589890822425,-0.06232555917509328,-0.024263199302363585,0.07060541928596226,-0.0256093797932945,0.996880299531328
1740166454.5023098,1740166454.487823,1,3,0.043249419315108034,-0.04591719198656116,-0.060760559284288904,-0.02321935344071267,0.0701605897413469,-0.025732524993363027,0.9969333931764989
1740166454.5178833,1740166454.5042968,1,3,0.043545252033145784,-0.04656601302923215,-0.06162464802431227,-0.024092597353437085,0.06796623285082819,-0.024135672295187763,0.9971046119980047
1740166454.535235,1740166454.521019,1,3,0.0472155700010712,-0.05175503508208473,-0.06844919783178009,-0.02676401734229933,0.06814574768952929,-0.02355057748601547,0.9970382213072935
1740166454.5515203,1740166454.537893,1,3,0.04841568480428325,-0.05286975201561304,-0.069962993136654,-0.02710747985954449,0.07059460735783829,-0.02462319089682922,0.9968326260800834
1740166454.567956,1740166454.5542579,1,3,0.046116113434597185,-0.049229344548898636,-0.06514506713280083,-0.024859135601327298,0.07309327232582365,-0.026783112941031643,0.9966554378415069
1740166454.583346,1740166454.5710394,1,3,0.0441543987311,-0.04703458878965681,-0.06222445704134474,-0.02377668922081692,0.07729934536708037,-0.031052857095676446,0.9962405333661711
1740166454.6019664,1740166454.5875413,1,3,0.041800358100253725,-0.04515409463258951,-0.05971207743567499,-0.023632524292655013,0.07623310697173438,-0.03226258926280074,0.9962876806078921
1740166454.6173487,1740166454.6041408,1,3,0.036977454598314745,-0.039476060513927276,-0.05221688918417351,-0.019823119658337177,0.06503683808476701,-0.025893583076945968,0.9973498764096702
1740166454.6349232,1740166454.621231,1,3,0.03664826911144559,-0.039553456055142724,-0.052307832086217226,-0.02013858648585012,0.05689586056281487,-0.01992038704766587,0.9979781944336459
1740166454.6518416,1740166454.6378238,1,3,0.0483818971428571,-0.05644096649372302,-0.07451056400146679,-0.031059403211775614,0.0606139975704873,-0.020360894586954566,0.9974701452887059
1740166454.667794,1740166454.6543136,1,3,0.056474181840774546,-0.06663911404857145,-0.08799904286875852,-0.03757856241159156,0.0681431661444732,-0.023047503800141016,0.9967011453407021
1740166454.6841776,1740166454.6710863,1,3,0.0538930634253764,-0.060943718417249985,-0.08052512628959255,-0.03168652211447922,0.07127551596365159,-0.024239830071327895,0.9966585151286859
1740166454.7013357,1740166454.6876135,1,3,0.04857186546758435,-0.052339262375558256,-0.06925154879428852,-0.02517695915650687,0.07497944486217152,-0.027383968735806778,0.9964910043909422
1740166454.7175727,1740166454.7046194,1,3,0.04656292803745694,-0.050450360271575775,-0.06673729793950935,-0.025761271408217847,0.08230044654432116,-0.0343966403368726,0.9956806036714652
1740166454.7347188,1740166454.7211134,1,3,0.04217380208089968,-0.045936673780725426,-0.060734633719175035,-0.02337871001227685,0.07752197217717299,-0.033455359433203755,0.9961548668119423
1740166454.750488,1740166454.7378547,1,3,0.036847941558526165,-0.039788098537066635,-0.05260054812018061,-0.019599714099405235,0.06532623832526976,-0.026495369790982454,0.9973195722400774
1740166454.7675796,1740166454.7547355,1,3,0.03485692206786458,-0.03767487531997378,-0.049786077047037525,-0.017739671791358626,0.05501975098995557,-0.01951933578928055,0.9981368275823127
1740166454.7847753,1740166454.7710862,1,3,0.03879439197017344,-0.04322859459635513,-0.057159413800215095,-0.021622826749083605,0.05433114437888555,-0.01820200406581481,0.9981228717757387
1740166454.801668,1740166454.7881308,1,3,0.03925565196240556,-0.04322391053278321,-0.057161522325243436,-0.021480447472314385,0.057422292996785064,-0.0196552137383198,0.9979253194584661
1740166454.818328,1740166454.8046901,1,3,0.038297484686553196,-0.04163437646864631,-0.05504750386792316,-0.018629293521831552,0.05945789126222595,-0.02133931869000218,0.9978288140093837
1740166454.8346794,1740166454.8213258,1,3,0.03620076826487198,-0.03922458060103744,-0.05190191077888147,-0.0178032693399068,0.06281792122182107,-0.025118887795310626,0.9975499956644311
1740166454.8516548,1740166454.8378935,1,3,0.033408154337693396,-0.03655843210773683,-0.04832780173713373,-0.01644682055765863,0.05870690400710147,-0.023959768730100143,0.9978521588882019
1740166454.8683462,1740166454.8543973,1,3,0.030319071780579496,-0.03311077957696713,-0.04378057190339477,-0.01382312154213381,0.05023172686534641,-0.01913519199961423,0.9984585816918469
1740166454.8847592,1740166454.8714163,1,3,0.030867288923281357,-0.03444457027901464,-0.045513446460446014,-0.0144827491355862,0.045098317967742475,-0.015511868215195209,0.9987571144369538
1740166454.9012322,1740166454.8880644,1,3,0.03376225388300728,-0.038404262989033,-0.05076068146307573,-0.017222948208755993,0.04485438597196684,-0.014580969758912004,0.9987386291893221
1740166454.918252,1740166454.9047513,1,3,0.03234952752614596,-0.035629481479695434,-0.04717174288603595,-0.01671485777996299,0.04816482460641216,-0.01647632767153904,0.9985636153127598
1740166454.9347713,1740166454.9216027,1,3,0.030830885670982883,-0.03344350959555891,-0.04425166602363192,-0.014781334953392017,0.05014914193357132,-0.018464540332204325,0.9984616349417951
1740166454.9514863,1740166454.9381409,1,3,0.029151727597174163,-0.03175589979234338,-0.042041104363493814,-0.013810237963902306,0.05114199054977945,-0.020551203193220298,0.9983844060166894
1740166454.967816,1740166454.9548595,1,3,0.025578599394405727,-0.02763410557652943,-0.03660900872424829,-0.012954209190627898,0.04652755726266509,-0.018970374134765055,0.9986528424756032
1740166454.9847846,1740166454.971365,1,3,0.024105361881732602,-0.026108540034952787,-0.034603677143565444,-0.012118573032257322,0.03856456625289575,-0.013586328427126716,0.999090249225393
1740166455.0011601,1740166454.9879553,1,3,0.02853616950268754,-0.0324961658081851,-0.04302198794928218,-0.016302270943084955,0.03831967483299912,-0.012494000275417931,0.9990544221612301
1740166455.018813,1740166455.0048175,1,3,0.03497609045863198,-0.04111410699369991,-0.054351014794242175,-0.021411632905435875,0.04266459678570834,-0.013728797062833894,0.9987656353162353
1740166455.0355167,1740166455.021428,1,3,0.032474688202164224,-0.03613107652426759,-0.0478490171626516,-0.017917468296900677,0.04620577921802758,-0.01559592914841605,0.9986494666752103
1740166455.0515623,1740166455.0378916,1,3,0.028848501151620354,-0.030758250783542804,-0.04076654195812537,-0.014872305479027638,0.05202106974812482,-0.020614552547406476,0.998322424397684
1740166455.0681949,1740166455.0546455,1,3,0.028388827927087863,-0.03180929854060324,-0.042112668734728485,-0.01579574569470331,0.056600280746515276,-0.026468870059630202,0.9979209896355173
1740166455.0848908,1740166455.0714345,1,3,0.02439452409308723,-0.028477436835566618,-0.037730806255013113,-0.014748793383487247,0.05134917286420485,-0.026317948782126545,0.9982249751993759
1740166455.1021812,1740166455.0885754,1,3,0.016792920079565864,-0.019389776245479082,-0.025776898853428206,-0.009213469853762465,0.03436331572851148,-0.017082831778112716,0.99922092220081
1740166455.1188111,1740166455.1047688,1,3,0.012280243174788149,-0.013643365778250106,-0.01828045436161136,-0.005557511213179795,0.019645466832981635,-0.0075224585589503045,0.9997632631374582
1740166455.1350803,1740166455.1213522,1,3,0.01776371138305819,-0.021710831933647697,-0.02887806278167218,-0.010896469331254174,0.018204770414707035,-0.005293100077749011,0.9997608896040231
1740166455.1520793,1740166455.138091,1,3,0.022910205411886587,-0.02827823010257253,-0.03750664687456385,-0.014676741240562808,0.022619472404160786,-0.006593956132567507,0.9996146619959297
1740166455.1688356,1740166455.154739,1,3,0.019704030263845727,-0.022290999978302244,-0.029648555263249155,-0.01117635309836868,0.027005233323062292,-0.00887943618071146,0.9995333721880928
1740166455.1858075,1740166455.1720312,1,3,0.01691265792655389,-0.018017506510602025,-0.024038753065106156,-0.008510713746518697,0.030775350382197707,-0.012059872157512787,0.9994173327714115
1740166455.2015107,1740166455.1881018,1,3,0.015598908378933431,-0.017020880248494914,-0.02275068136341543,-0.008617784243828294,0.032322026141544405,-0.014807326969152273,0.9993306577348965
1740166455.2182434,1740166455.2049189,1,3,0.012798144572019695,-0.01416531749454454,-0.01898698005404684,-0.00708765472010151,0.026207468133853253,-0.012207645153095418,0.9995568553936279
1740166455.2350245,1740166455.2217355,1,3,0.009749740483356794,-0.010417974024472615,-0.014077145498632456,-0.00489583249564941,0.018397681228049235,-0.007484166915907015,0.9997907498047681
1740166455.2525403,1740166455.238359,1,3,0.009173189570808152,-0.009809607071099518,-0.013312340909205843,-0.00523716742416102,0.015360776404264476,-0.005684388294553852,0.9998521422467156
1740166455.2690027,1740166455.2550511,1,3,0.008907542827535999,-0.009489147723540635,-0.012889755431502408,-0.004968841571995689,0.015717694493707402,-0.005904008553153131,0.9998466919364384
1740166455.2856684,1740166455.2714727,1,3,0.008233572934716871,-0.009034880573134188,-0.01228996537741246,-0.004826987777445317,0.018473801588802952,-0.009097096637607289,0.9997763058187666
1740166455.3013442,1740166455.2882085,1,3,0.007559876121822752,-0.009571999345382805,-0.012982629803188053,-0.006126998431129532,0.019439793076889682,-0.012206517724582217,0.9997177377942196
1740166455.323567,1740166455.3052316,1,3,0.004498838433453833,-0.006856003896964427,-0.009463311102480844,-0.005176648628184133,0.012342110349558018,-0.009874717346460981,0.9998616727219957
1740166455.336133,1740166455.3218539,1,3,-0.0013074302716584224,0.00048251332709687525,0.00012916321809187985,-0.000561719586391365,-0.00020175692902818791,-0.0028137980675189407,0.9999958631442848
1740166455.3527665,1740166455.3387303,1,3,-0.0018842111829561615,0.000859528468872625,0.0006229832730576711,0.00036771579393640383,-0.00920971711263655,0.0034812343208340036,0.9999514622737463
1740166455.3691738,1740166455.3552647,1,3,0.003540065040746582,-0.006776731995398715,-0.009405107871418891,-0.005231823547377999,-0.00730432641208965,0.0035263478491463426,0.9999534187695353
1740166455.3857796,1740166455.3719487,1,3,0.004420956088598953,-0.006981068743917336,-0.009649145188899184,-0.005815123568150307,-0.002698865063385233,0.0017041945743295997,0.9999779978510076
1740166455.4024825,1740166455.3886633,1,3,0.0008763231261945235,-0.000986248788684579,-0.0017831468856214943,-0.0011674824217676148,0.0011753519228082689,-0.0007543203458826202,0.9999983432653616
1740166455.4183283,1740166455.4050415,1,3,0.001702366670548012,-0.0031345222037244434,-0.00462134729401989,-0.002920221481567637,0.007036868535593886,-0.006755543406516117,0.9999481573666676
1740166455.4361002,1740166455.4219944,1,3,0.0007148529298100109,-0.0035426532818724796,-0.005189619000749745,-0.004010488157004412,0.004115629861849735,-0.0075451249099647115,0.9999550233213871
1740166455.4513254,1740166455.4385316,1,3,-0.004896959416918519,0.0033006729322806712,0.003734308081756283,-5.97392246931856e-05,-0.008038880739411359,-0.0013509891215947628,0.9999667732760303
1740166455.4679708,1740166455.4552188,1,3,-0.008399475540459209,0.007904697764697446,0.009763841340213993,0.0035542358978382926,-0.019856510154778274,0.006568045162583577,0.9997749482730591
1740166455.4848783,1740166455.4719934,1,3,-0.00020385718061057697,-0.004147868599616137,-0.0060569831568558045,-0.004059385176462304,-0.01951930165880506,0.0077664037727537445,0.9997710744101274
1740166455.500574,1740166455.4884372,1,3,0.004172430483494156,-0.009341235519755324,-0.01286727834168833,-0.0082946177409873,-0.012995210923291898,0.005303873453390633,0.9998670875351285
1740166455.5176518,1740166455.5053446,1,3,0.00047449368441689825,-0.002273195763632318,-0.003560942375429669,-0.0032944986728707126,-0.008104007454516936,0.003451107429606947,0.9999557796218695
1740166455.5364504,1740166455.5218785,1,3,-0.0025328272954932463,0.0025076317921967615,0.002703024891872162,0.00017968933513126702,-0.0026210307925093068,-0.0008378144923095655,0.9999961979808744
1740166455.55183,1740166455.5384114,1,3,-0.0012115691461624708,-0.0008943750688321092,-0.0017510296751636885,-0.002380091917084091,-0.00028251832376322835,-0.004976154430015488,0.9999847465001412
1740166455.5689173,1740166455.5554452,1,3,-0.003996403654618608,0.0015499233538538216,0.0014316170462489227,-0.000821864298388656,-0.007116112739756992,-0.002671703650179045,0.9999707733119783
1740166455.5855346,1740166455.5719478,1,3,-0.009275419406623263,0.008309936823034814,0.010236802630298015,0.003408057389257054,-0.018621527848477207,0.0036940385072165697,0.9998139716591917
1740166455.60262,1740166455.5886023,1,3,-0.010849680103760728,0.01027373976243349,0.012771784951432549,0.005140690050350627,-0.026049945819785307,0.008774857738483478,0.9996089112749355
1740166455.6189716,1740166455.605409,1,3,-0.008852040840995768,0.007476153266033078,0.009090533534987403,0.0031917845499415867,-0.02609861578913247,0.009329703591261848,0.9996107399363899
1740166455.6357796,1740166455.6221797,1,3,-0.009754010340386811,0.009192553183398997,0.011397522666246475,0.004096928569458253,-0.023927277453696764,0.008133875876698712,0.9996722165956063
1740166455.6561975,1740166455.639128,1,3,-0.010563365885534184,0.010286471719305176,0.012818923282490062,0.004741737001183066,-0.021706048593485967,0.006072025317676093,0.9997347117576794
1740166455.66931,1740166455.6553712,1,3,-0.010964657360979235,0.01017403858837098,0.012618791383945454,0.004264703818432742,-0.022590818291493998,0.005445937620879805,0.999720865538822
1740166455.6858907,1740166455.6721838,1,3,-0.012756844378620276,0.0122665789493443,0.015345890110055388,0.005818255284726435,-0.028189110556965515,0.008635293386212555,0.9995483748471522
1740166455.7022343,1740166455.6887558,1,3,-0.010545570950036276,0.008893254039932748,0.01092937182910299,0.003323119350007183,-0.030976364823624508,0.011092132776004852,0.9994530435646183
1740166455.7191627,1740166455.705412,1,3,-0.0044031636172176475,0.0003108310072372688,-0.0003091957954631708,-0.0028448871617731577,-0.027265874704076105,0.010040788797197423,0.9995737397781058
1740166455.7354233,1740166455.7222528,1,3,-0.003580035243696526,0.0003830996285347156,-0.0002024400026870765,-0.0026559123937337057,-0.02223892213520637,0.00839528393675249,0.9997139069149945
1740166455.7517278,1740166455.7386985,1,3,-0.008091079459179607,0.00801688664968771,0.009838462474643131,0.0029357557902424084,-0.017458945671936857,0.005456340822350115,0.9998283827231526
1740166455.7686322,1740166455.7553325,1,3,-0.006244747315089986,0.004232654768650213,0.00488008541153262,0.0001595453067421594,-0.011182768799087951,-0.0009566059765667578,0.99993700058168
1740166455.789546,1740166455.7722392,1,3,-0.004823276197359141,-0.00022215525071434732,-0.0010493706419413625,-0.003873696174332291,-0.012508090677350037,-0.00377981546014338,0.999907123257277
1740166455.8012705,1740166455.7887316,1,3,-0.009919750674459334,0.005213460589669455,0.006005091509342894,-0.00032066702593531,-0.025197686628315747,0.0017245713374336514,0.9996809489106722
1740166455.8180385,1740166455.8057635,1,3,-0.018037575679007163,0.01634567159009593,0.02056091214000688,0.008174565745370815,-0.04235362052746344,0.012428612553090416,0.9989919303443323
1740166455.834874,1740166455.82217,1,3,-0.01575392260522563,0.01276310952779554,0.015850262342745815,0.005756212311218169,-0.0474651504553843,0.016722307307228384,0.9987163210593879
1740166455.8519685,1740166455.8387702,1,3,-0.008229947030317594,0.002238803330229465,0.002072261451403483,-0.0018352251591450164,-0.04324066755824326,0.015553213995524298,0.99894192731717
1740166455.8687992,1740166455.8556511,1,3,-0.009223711191908233,0.005338404811906628,0.006181570775809052,0.00032174804037537113,-0.03738374272812105,0.013593843861070341,0.9992084665708738
1740166455.8849595,1740166455.8723917,1,3,-0.013586192676782665,0.01279998905912602,0.016022763085431557,0.006284483279492851,-0.03259703575816792,0.010981825252614812,0.999388482044801
1740166455.9025164,1740166455.889218,1,3,-0.01311191246464984,0.011481144292918204,0.01426526345264445,0.005420156990127343,-0.029257056413450017,0.0072701011185818615,0.999530786008089
1740166455.9187753,1740166455.9056127,1,3,-0.014187997011174524,0.011869136057714884,0.014714359644113321,0.0048306761733888015,-0.032619006963016055,0.007518091325189317,0.9994279079830024
1740166455.9352045,1740166455.9220946,1,3,-0.01781516447411738,0.016534604961378627,0.020796043673989014,0.008527693895686977,-0.04151129452048316,0.012873065244088787,0.9990187060587387
1740166455.9531934,1740166455.9395406,1,3,-0.01616656765970391,0.013900696135982783,0.017329760921108172,0.007214073432614897,-0.045896499278653316,0.01628742529178604,0.9987873588886865
1740166455.968323,1740166455.9557018,1,3,-0.011738587534444797,0.007827858516517797,0.009388612692241855,0.0028622307141504756,-0.04306283835799071,0.015591199927288935,0.998946602212911
1740166455.985285,1740166455.9724996,1,3,-0.011985182966379241,0.009298872771146233,0.011348098496754179,0.0034650633343605458,-0.03858654438961062,0.01392395017195477,0.999152238420035
1740166456.0016015,1740166455.9890373,1,3,-0.014336298029921549,0.013408353079416648,0.016768250635826046,0.006822620445603156,-0.0347475754834071,0.011564105211257183,0.999305923788578
1740166456.0182126,1740166456.0056612,1,3,-0.01433999092797777,0.012980513066447432,0.01619732399678891,0.0071341327355953525,-0.033280383411206316,0.009615276865135818,0.9993743376137496
1740166456.035762,1740166456.0225644,1,3,-0.015618913642936107,0.014169959975231856,0.01771459827922902,0.007587889483948648,-0.036432441869390944,0.010751299716538164,0.9992494736886369
1740166456.0514328,1740166456.039111,1,3,-0.01670532183826164,0.01541764623526875,0.019342238675681977,0.008220067105448052,-0.04151590609260861,0.013921709954395988,0.9990070300203284
1740166456.0688472,1740166456.0558379,1,3,-0.01275722038570828,0.009655218352483893,0.01179251046166988,0.004799183850103659,-0.04191877971105636,0.015088902333150172,0.9989955499241674
1740166456.0854096,1740166456.0724466,1,3,-0.00967749058386116,0.005860766044231402,0.006862515634263247,0.0025065578083690422,-0.03798436295056518,0.01377751984248605,0.9991802066124923
1740166456.1015089,1740166456.0890203,1,3,-0.01173450798336768,0.009903172877395174,0.012215263292054745,0.005334495550037497,-0.03372197224603947,0.011865324913100684,0.9993465794256619
1740166456.1214328,1740166456.1061351,1,3,-0.013137268443261895,0.011986611353600192,0.01494084562696272,0.0064601052862122855,-0.02963757417170058,0.008412231687117697,0.999504435005143
1740166456.1366584,1740166456.1224656,1,3,-0.012068899916884836,0.009095482231374562,0.011106245583332034,0.004806860089304619,-0.029835294665247303,0.006209119685971384,0.9995239847652707
1740166456.1536613,1740166456.1392982,1,3,-0.015093516251745782,0.012354505530561005,0.015314622993762479,0.007184632368297719,-0.03750720940763342,0.009811830143819094,0.999222356780218
1740166456.1682107,1740166456.155964,1,3,-0.017633030545344167,0.01563363552600835,0.019592589738047103,0.009107934597392895,-0.046528682890768266,0.015578080155695031,0.9987539489856762
1740166456.1852696,1740166456.1727145,1,3,-0.009351069450505211,0.003406219464246548,0.0035738362810307013,0.0005632177478918425,-0.04571916764252501,0.016383936296055918,0.9988198071360469
1740166456.204289,1740166456.189559,1,3,0.00031802037140947595,-0.009672902790997731,-0.013527025601119845,-0.008737600400116083,-0.03729844905126954,0.013334710859664027,0.9991769940925916
1740166456.2202053,1740166456.2061691,1,3,-0.0004155549220043008,-0.006242930168002712,-0.008943212653110145,-0.00587781163129923,-0.028822127014580912,0.0108019379624227,0.999508906644177
1740166456.2356906,1740166456.222626,1,3,-0.007600758422064583,0.006275058328412193,0.0075158527409987215,0.002789658527468284,-0.023249506419056327,0.008399431178678005,0.9996905160160543
1740166456.253347,1740166456.239695,1,3,-0.008377097540218184,0.007162752888710127,0.008666942186397079,0.002996680398572206,-0.017571113824284026,0.0032885943944398178,0.9998357170117858
1740166456.269228,1740166456.256012,1,3,-0.00800825705668821,0.005028051045024901,0.005828485267274972,0.0014258636797236128,-0.019217340143193692,0.001823823241488854,0.9998126496596107
1740166456.2870545,1740166456.272833,1,3,-0.012047592192180325,0.009667166630451576,0.011872007634494322,0.004827233574962747,-0.028556014702916004,0.00633762202018413,0.9995604465901144
1740166456.3035686,1740166456.2898047,1,3,-0.015713905845499188,0.014541635708334654,0.01824091629377168,0.007999983860007559,-0.0379990037798827,0.012327300607969046,0.9991697121258715
1740166456.3196619,1740166456.3062418,1,3,-0.013339640152731501,0.011073124078660072,0.013680443664506589,0.005279162865107165,-0.0394869496664453,0.014002144800767162,0.9991080277860155
1740166456.337881,1740166456.3231516,1,3,-0.011200276601928074,0.008547008121127277,0.010401198482139532,0.003534287782703572,-0.036379524404322176,0.013090598657038413,0.9992460534026565
1740166456.3532422,1740166456.339587,1,3,-0.012388863518170775,0.01099637786994865,0.013658022235536279,0.005855350189915695,-0.033268269642621105,0.011644581678817054,0.9993614665508496
1740166456.3705804,1740166456.3561547,1,3,-0.013451456610293226,0.012616162278925692,0.01576897049662568,0.006566360120270505,-0.031290642867309676,0.009847779256039193,0.9994402432499132
1740166456.3870158,1740166456.3730733,1,3,-0.014496682787413204,0.013732708300014485,0.01721658576823962,0.006702834453306433,-0.032581644612261394,0.009988760162657779,0.9993966845627741
1740166456.4024858,1740166456.3895721,1,3,-0.014469036597326457,0.01342053850148349,0.016807605513761727,0.00672781109238305,-0.036035176562909034,0.012375294474482232,0.9992512470318238
1740166456.4203184,1740166456.4064035,1,3,-0.009665718077829297,0.006457470405460761,0.00769510115579781,0.002371344896320209,-0.035426264035585804,0.012941751665509078,0.9992856786743678
1740166456.4358604,1740166456.423013,1,3,-0.0045887902183454525,-0.00015387677781226794,-0.0009487451877766975,-0.0024126205980367853,-0.030014953930374927,0.011031655598803971,0.9994856599157173
1740166456.4519491,1740166456.4395227,1,3,-0.005735211767851259,0.003031101511712863,0.0032515419513407563,-0.0008609482306257865,-0.0247315834100712,0.009100340156353956,0.9996523352442156
1740166456.4690437,1740166456.4566789,1,3,-0.009200080198236553,0.008980401425741512,0.011087940388532877,0.0036109903513560117,-0.020898998965092588,0.0068585902021322505,0.9997515453008206
1740166456.4858541,1740166456.4729571,1,3,-0.008741236473613394,0.007688457818530661,0.009394466578438879,0.0030542054967658246,-0.018102685641868746,0.003695551452105611,0.9998246383745503
1740166456.5016296,1740166456.489476,1,3,-0.010049567405094774,0.008481913074016535,0.01041064985285177,0.0029352818142254493,-0.021699108174406113,0.004416518452203446,0.9997504824654339
1740166456.5187113,1740166456.5064375,1,3,-0.013867159816233373,0.013558514999119278,0.01705404216505113,0.0061363000194791925,-0.02996002294706661,0.009325564932518952,0.9994887576585199
1740166456.5376449,1740166456.5230765,1,3,-0.008912873417573405,0.006091827014787152,0.007259093827994527,0.0014402453430767117,-0.03206063934781412,0.01173788792065139,0.9994159609917802
1740166456.5526567,1740166456.5399222,1,3,0.00025986817470817903,-0.006737839667943752,-0.009547283659398664,-0.007483412655189943,-0.025452812149683004,0.009135243512656335,0.9996062725967007
1740166456.5694256,1740166456.5566506,1,3,0.0017978108296589665,-0.007199892637483842,-0.010092297686982287,-0.00814450616503446,-0.01796632519355079,0.00658201185000276,0.9997837542680786
1740166456.5861318,1740166456.5728743,1,3,0.006870748952607319,-0.01354292745445388,-0.018359258652549088,-0.012223495664856426,-0.014629525981544338,0.006708955804251511,0.9997957556597763
1740166456.6032264,1740166456.5900052,1,3,0.03433588036369327,-0.0517700566028593,-0.06837328924643077,-0.03990094587445293,0.007802024860664852,-0.002739059464932095,0.999169425312667
1740166456.6199858,1740166456.6062717,1,3,0.013395177831911914,-0.016478303661878087,-0.02203328800848953,-0.011775324934617071,0.013507812997260012,-0.004057238579431679,0.9998311955154353
1740166456.6370273,1740166456.6232917,1,3,0.008299902987742665,-0.00828163131539998,-0.011292187213117331,-0.006223937492287703,0.020170742747722195,-0.00933484526897761,0.999733596716096
1740166456.65379,1740166456.6396637,1,3,0.010619896228577145,-0.013881435888891184,-0.01867327182744953,-0.012357419485342695,0.02567083384826083,-0.016431811035970537,0.9994590026905938
1740166456.6698375,1740166456.656339,1,3,0.0013207726865141181,-0.0012442460736488263,-0.0019456184834603205,-0.0020987835000963167,0.004108146884916414,-0.0025269041080159087,0.9999861664006261
1740166456.6865602,1740166456.6733522,1,3,0.008559061343065402,-0.01174321003146598,-0.01583505835968939,-0.008765012503062131,0.004049617166336735,-0.0011787356685710967,0.9999526917503903
1740166456.7066314,1740166456.6896563,1,3,0.021709673522846345,-0.030314008398752573,-0.04007620572630825,-0.022453237463823647,0.015460307080752696,-0.006300887405790164,0.9996084882844191
1740166456.7199872,1740166456.7064674,1,3,0.028693660463783972,-0.03819833569670511,-0.05050566037390157,-0.026280183368090234,0.024314439966056308,-0.00906271234390825,0.9993177808966716
1740166456.7367373,1740166456.7231565,1,3,0.016856785730612094,-0.01818842896874546,-0.02420620002026425,-0.013044675549051005,0.02698220984632675,-0.009606656602891537,0.9995046317754325
1740166456.7530231,1740166456.7397184,1,3,0.018191277681953926,-0.019684923700032587,-0.026234579636001388,-0.010265929683808087,0.027454742286597267,-0.009019987206452635,0.9995296331997862
1740166456.7695737,1740166456.7566578,1,3,0.01587669948508423,-0.01570079564502923,-0.021114558167601556,-0.01191952331695743,0.030425769569805697,-0.011195749571552479,0.9994032482944573
1740166456.7879596,1740166456.7731082,1,3,0.024953855178017192,-0.029323080364750287,-0.038644482846687506,-0.01839452517098616,0.03353089669821287,-0.011698858133404502,0.9991999084911498
1740166456.8055983,1740166456.789745,1,3,0.039607583459547305,-0.04941403174695065,-0.06521814982431735,-0.031236452276874167,0.04398043516976674,-0.015598262422727051,0.9984221049139609
1740166456.8202274,1740166456.8066728,1,3,0.03769502653141945,-0.04410989440573206,-0.058264262391791326,-0.028533759847504607,0.051009344191100876,-0.018266939780699844,0.9981233341953323
1740166456.8368533,1740166456.8233564,1,3,0.03670060759110135,-0.04099034586185566,-0.054184740354726445,-0.023180110476516174,0.05258022872900243,-0.01798771271146422,0.9981855760411047
1740166456.8532925,1740166456.8402684,1,3,0.03240574913595797,-0.03453178450503833,-0.045764264536107914,-0.021598633146792806,0.06203760382821265,-0.02601657369322802,0.9975008634836908
1740166456.8701804,1740166456.8570824,1,3,0.030168019152942982,-0.033277084676559744,-0.04388727920917256,-0.019657841521021253,0.057326956353703946,-0.02491908846554467,0.9978508046657082
1740166456.886838,1740166456.873385,1,3,0.02399902706551786,-0.02525895063275509,-0.033431566618955084,-0.0145404506269546,0.045360106396232884,-0.01798973091410981,0.9987028615283554
1740166456.9055257,1740166456.8915155,1,3,0.029780206181419352,-0.03426840576346213,-0.04507580116037602,-0.020598887463777298,0.042388631034984615,-0.014768387117730647,0.9987796476381442
1740166456.920022,1740166456.9068058,1,3,0.05756974266783251,-0.0737445643382424,-0.09694438329439861,-0.045328244804317436,0.06099638912137779,-0.022283936801595235,0.9968591760613612
1740166456.936579,1740166456.9232986,1,3,0.06694822191430339,-0.08321085966150467,-0.10973940114586274,-0.0528831958986826,0.07652755142065057,-0.027802270070174464,0.9952758086299728
1740166456.95356,1740166456.9399855,1,3,0.0658175324171616,-0.07773077052477845,-0.10248370102528903,-0.04575368563369509,0.08439292424299362,-0.030642984201566175,0.994909765811891
1740166456.9702525,1740166456.9566045,1,3,0.053511742702615585,-0.05759388381977804,-0.07607083454148222,-0.02849174488768974,0.08211141448842388,-0.02974409630133985,0.9957716730351298
1740166456.9872856,1740166456.9735365,1,3,0.05411330470779619,-0.06023598186558456,-0.07955406648367239,-0.03372371298095298,0.09404360324576881,-0.04027950415409571,0.9941811069500521
1740166457.003705,1740166456.9900796,1,3,0.04748061095657361,-0.05357479823674771,-0.07062177327620621,-0.03097457099655094,0.0875757616112916,-0.0391649377139011,0.9949056083788291
1740166457.0202801,1740166457.0068407,1,3,0.038328813285973665,-0.042654688504861094,-0.05620839554931614,-0.023108822791035,0.06739744938670504,-0.02823891999095133,0.9970587392541743
1740166457.0378022,1740166457.0233996,1,3,0.036951396869055145,-0.041227206041264154,-0.05432492765403441,-0.022570753760427196,0.054691527674054934,-0.018925151213674638,0.9980687534067499
1740166457.0530975,1740166457.0400329,1,3,0.05494681202147262,-0.06655471127442343,-0.08755886331979222,-0.03901242366382168,0.06816001414295528,-0.024825036493139295,0.9966022079220078
1740166457.0709317,1740166457.0570223,1,3,0.06768765919851139,-0.08222444153450627,-0.10832041317471394,-0.04846285227700762,0.08206926439433758,-0.030328112927446367,0.9949855241948042
1740166457.086766,1740166457.0733266,1,3,0.06895362236309999,-0.08075666374300203,-0.10646531857870582,-0.04450347608846239,0.08790431890307021,-0.03175797669471582,0.9946274188109279
1740166457.102951,1740166457.0899744,1,3,0.06570378463349567,-0.07379975457716892,-0.09747446718720691,-0.03684897360524238,0.0872141866646406,-0.030470309031256734,0.9950414056993835
1740166457.1207647,1740166457.1068594,1,3,0.06284909729389423,-0.0685717769947239,-0.09071626508490496,-0.03456182876511544,0.08950069588268465,-0.03186964546570067,0.9948765909030208
1740166457.137195,1740166457.1233451,1,3,0.06572175567885787,-0.07250366869651302,-0.09574250032006318,-0.0355983361266828,0.09096548321054956,-0.03218758106739026,0.9946969382451688
1740166457.1531162,1740166457.1399665,1,3,0.0730770611874303,-0.08247353244259659,-0.10890127151347444,-0.039990501872841054,0.09510661414995085,-0.03355791287795509,0.9940972579120043
1740166457.171397,1740166457.156814,1,3,0.07465050138255398,-0.08344457787476105,-0.11030724630312194,-0.04151059156533086,0.09873302525946127,-0.03519935255408857,0.9936245096065133
1740166457.187443,1740166457.1734064,1,3,0.0721491132573373,-0.07895958469216467,-0.10439763604941636,-0.037464888442378705,0.09979514591445517,-0.036046734282268254,0.9936488031158173
1740166457.204,1740166457.1902466,1,3,0.07034200773983554,-0.07695632171488719,-0.10171125187829799,-0.03713456944305818,0.10734213191494575,-0.042734859886285836,0.9926088969068998
1740166457.220238,1740166457.2067904,1,3,0.06702309057042452,-0.07432949668669955,-0.09806570629346557,-0.03679686686226446,0.10710173680786353,-0.0447008762641046,0.9925608496324451
1740166457.237028,1740166457.2235706,1,3,0.06022374109622666,-0.06650944482883456,-0.08771631989583743,-0.03296339288302526,0.096496244203819,-0.039452650084872705,0.9940047172853239
1740166457.2533016,1740166457.2405822,1,3,0.05402626761023767,-0.05842620693949834,-0.07707634218775418,-0.02869265543336835,0.08157117804406658,-0.02970473122379259,0.9958114798392351
1740166457.2697163,1740166457.257053,1,3,0.07164803554636374,-0.08370991801189993,-0.11032665015460798,-0.04495376684739978,0.09185211293610052,-0.03366393981538887,0.9941876519810077
1740166457.2878346,1740166457.2738376,1,3,0.0847642658001745,-0.10029633071524605,-0.13228805796176324,-0.05518440658791323,0.10335575053790373,-0.03776837801204366,0.992393984122549
1740166457.3031828,1740166457.290356,1,3,0.08741196933414877,-0.10112242667755326,-0.13344593228268412,-0.05363798249928408,0.1094130102616546,-0.03995198262737686,0.9917437164424241
1740166457.3208265,1740166457.3069189,1,3,0.07831303189679753,-0.0861168800831421,-0.1137569482722028,-0.04110414271226783,0.10640238584316154,-0.03870029488872315,0.9927191289152729
1740166457.3371606,1740166457.3237286,1,3,0.07676104577101882,-0.0852493780964114,-0.11257269430726914,-0.04207259029707985,0.11864288002689144,-0.04915862460204855,0.9908265205331624
1740166457.3535116,1740166457.3403,1,3,0.06968684715945993,-0.07788334408099451,-0.10279302765072952,-0.04090174351081402,0.11757239564976535,-0.05154882420984892,0.9908816770339094
1740166457.371828,1740166457.3573399,1,3,0.06004650036905185,-0.06703874327273542,-0.08829537304105338,-0.036185932059600426,0.10160552350641351,-0.04343134471556229,0.9932173046268191
1740166457.387651,1740166457.3737245,1,3,0.04980962872943629,-0.05344300974349041,-0.07034193662351756,-0.02634569021130944,0.07821312884871413,-0.028534184113219282,0.996179909162987
1740166457.405163,1740166457.3902915,1,3,0.05959854069136948,-0.0675132111902903,-0.08888979145892134,-0.0356763248171826,0.08155557625693037,-0.02895862438332718,0.995609002521956
1740166457.4208486,1740166457.4072628,1,3,0.06878624165465365,-0.07940364852587568,-0.10461672470022314,-0.04282525120234177,0.090358417116372,-0.032606841021155034,0.9944536933584696
1740166457.4362524,1740166457.4237075,1,3,0.06567936861774641,-0.07284197249458137,-0.09613753557597238,-0.03765129451397063,0.09072193414795304,-0.03212113890520978,0.9946457374971799
1740166457.4542685,1740166457.4404893,1,3,0.060462529129879344,-0.0649810195630782,-0.08582668548556335,-0.03295551263835842,0.09600778537727644,-0.03681098609591201,0.9941536051518097
1740166457.4703143,1740166457.4573207,1,3,0.05933544585526255,-0.06495186748767659,-0.08574017648785555,-0.03468727634864964,0.09905961650645814,-0.04057958154180248,0.9936484704355952
1740166457.4871404,1740166457.473757,1,3,0.05448822985557313,-0.060141069378872154,-0.07925156550444731,-0.03308127227756594,0.09430878894405999,-0.03960370650874072,0.9942047214649363
1740166457.503462,1740166457.4908118,1,3,0.04663830617769179,-0.05029301342587555,-0.06623415970326656,-0.0261593741865784,0.0787319670658026,-0.03062169115996269,0.9960819627594005
1740166457.5209398,1740166457.5071657,1,3,0.04270798280206241,-0.04506151838442213,-0.05947768481996049,-0.023665763062760043,0.070760008844196,-0.025764929231782904,0.9968796924547655
1740166457.538365,1740166457.5239599,1,3,0.04144218468593896,-0.043495437717236816,-0.05740813465440217,-0.023654703766703967,0.0696097705932593,-0.02531291247990171,0.9969725128053673
1740166457.554383,1740166457.5407662,1,3,0.04114889500808792,-0.04364037120723404,-0.057519627639657754,-0.02336603167161157,0.07136299006113829,-0.027390314063354574,0.996800442871574
1740166457.5708592,1740166457.5578215,1,3,0.040257344280781066,-0.04377006108158083,-0.05762715758161981,-0.024826171100871763,0.0738062429000449,-0.030876587184088543,0.9964852914626052
1740166457.5868902,1740166457.574278,1,3,0.035398897361725294,-0.038136546012631736,-0.05019878544615404,-0.021596306829328296,0.0644839546458633,-0.02609223645883569,0.9973437794066498
1740166457.603793,1740166457.590765,1,3,0.031302869099109926,-0.032691052632406556,-0.043066984201546754,-0.01831057756008641,0.05403875537975572,-0.019214071326697706,0.9981860323253754
1740166457.6206627,1740166457.6074958,1,3,0.044881160199610165,-0.052429551458386264,-0.06896600877917175,-0.03121423564426325,0.06131272822301669,-0.022056471253555088,0.997386551406643
1740166457.6370893,1740166457.6242607,1,3,0.05823476926883741,-0.07000261514957613,-0.09216281866841866,-0.042608651506528726,0.07426042091968744,-0.0274474561870324,0.9959500639341748
1740166457.65423,1740166457.6405897,1,3,0.05660047457197518,-0.06481056844234608,-0.08545912212501063,-0.038174613003895075,0.07803699396137011,-0.028236269600395315,0.9958190797401553
1740166457.6719038,1740166457.6573756,1,3,0.0475240835237536,-0.05022598790850583,-0.06625800466255788,-0.026492428328748686,0.07929260449740226,-0.029788032934962114,0.9960539680193691
1740166457.6920571,1740166457.674121,1,3,0.0506706051814166,-0.05707120977602086,-0.0751725578004704,-0.03262807080572149,0.09471649874564628,-0.04324156850074819,0.9940293560124157
1740166457.708956,1740166457.6907344,1,3,0.04433630892916656,-0.051917965699274184,-0.06830782379202298,-0.03296157687590497,0.09165379645543505,-0.04587303521215771,0.994187497751598
1740166457.7213738,1740166457.7075913,1,3,0.03378303124115459,-0.04093082178320086,-0.05375920592103994,-0.02701884634480143,0.0694074511293938,-0.03596645402998178,0.9965736309246929
1740166457.74292,1740166457.7240305,1,3,0.01943171704237672,-0.022248272453281332,-0.0292176090984999,-0.014145013641790955,0.03916763350983347,-0.018533852298935796,0.9989606155366058
1740166457.7578683,1740166457.7407546,1,3,0.01914134267672077,-0.02228469633898513,-0.029317897967381407,-0.01315256801122904,0.025995959152028854,-0.008862690121325761,0.9995362288513056
1740166457.7710993,1740166457.7575405,1,3,0.030955797517051586,-0.03863537583677153,-0.05085566338527715,-0.025267727461172014,0.036516522062654606,-0.013700775517956355,0.9989196035295344
1740166457.788422,1740166457.7739983,1,3,0.030988589421481104,-0.0365809908771183,-0.04815137885982852,-0.023572692883928246,0.04148872697287456,-0.014839981042032794,0.9987506138406337
1740166457.8047242,1740166457.7909064,1,3,0.023340368717468498,-0.024054607461816598,-0.031699593050825405,-0.013545907805816706,0.04333984980017925,-0.016086325144610756,0.9988390240395877
1740166457.8209493,1740166457.807477,1,3,0.025191128836002136,-0.02813807432590334,-0.037072281601460325,-0.01774229750104926,0.05151715186622669,-0.023771891494975855,0.9982314817304287
1740166457.8377514,1740166457.8242955,1,3,0.022527861112940462,-0.026532501725289794,-0.034928203652846365,-0.017904134148445,0.04689201408912792,-0.023573229927002302,0.9984612580495391
1740166457.8548534,1740166457.8409638,1,3,0.015742983021294135,-0.01846881904204294,-0.024358053534784745,-0.012759200895948005,0.03304347154378246,-0.016546235671393635,0.9992354846911407
1740166457.8719401,1740166457.8574677,1,3,0.008835669324610348,-0.009215426470959256,-0.012282176518505045,-0.006549342767452101,0.019997816193586832,-0.008853569631546408,0.9997393699167705
1740166457.8885653,1740166457.874319,1,3,0.0066209678010314185,-0.006293692108943873,-0.008512493198396007,-0.005106104720035588,0.015695104285631954,-0.00637907689021135,0.9998434371310739
1740166457.903914,1740166457.8909242,1,3,0.006767065411316226,-0.007215110291866245,-0.009674976319209827,-0.006262605350749046,0.017947947188688897,-0.009126726665215348,0.9997776521938821
1740166457.9215882,1740166457.9077091,1,3,0.008309951060468524,-0.011300996879452324,-0.014968735794116401,-0.008650521033481235,0.019517166434091692,-0.012659563058932921,0.9996919446326404
1740166457.938217,1740166457.9244373,1,3,0.0071832333717819505,-0.012003676577954663,-0.015992215075995575,-0.009941423209343565,0.013554680246782363,-0.011745593602995468,0.9997897177801407
1740166457.95428,1740166457.9410663,1,3,-0.00041064844700477174,-0.0025271134340586593,-0.0036425329300424983,-0.004357522167115706,-0.001254259549739491,-0.004235459876990826,0.9999807496713001
1740166457.9709537,1740166457.957807,1,3,-0.007498552681677523,0.007478258335673949,0.009457830287366315,0.002849101291342071,-0.0154555607448927,0.005152444884839167,0.9998632209335441
1740166457.9870193,1740166457.9743438,1,3,-0.0004025360372324278,-0.002983082118224445,-0.004253681400800239,-0.004247429782665065,-0.013930764375103105,0.005186221944903032,0.9998804909818498
1740166458.004648,1740166457.9910593,1,3,0.0010377037305245702,-0.003927382356464017,-0.0054761586554938095,-0.004833920755055899,-0.009234857887426742,0.003603130717099147,0.9999391821800805
1740166458.0209405,1740166458.0080774,1,3,-0.0030722705898462445,0.0028127310955292917,0.0033799864865515614,-3.294758869423873e-05,-0.0038077345736979994,-0.000344983069473028,0.9999926905025629
1740166458.038486,1740166458.0243592,1,3,0.004130420657040019,-0.01040318722981008,-0.013957661182998918,-0.00941426274762004,0.006058317691030786,-0.010844293413691784,0.9998785274942308
1740166458.0541313,1740166458.0411832,1,3,0.005250435063602695,-0.016078301094362847,-0.021568948162502138,-0.014365471207921582,0.00016351418776254067,-0.012590958649550678,0.9998175204807975
1740166458.0724616,1740166458.0586,1,3,-0.0031377060421911036,-0.007297906083756869,-0.01022416559591739,-0.009181460225861214,-0.023545192096291297,-0.0021135317447883127,0.9996783771297814
1740166458.0879872,1740166458.0744936,1,3,-0.020181237405886784,0.017027229299928254,0.021619954110371375,0.008693700693559972,-0.05184627811481346,0.015620474062899752,0.9984950594789854
1740166458.1035583,1740166458.0914588,1,3,-0.008479732420142234,-0.0008560142885760159,-0.0018452982374488158,-0.003217164471598836,-0.05525958168645854,0.01911182656345963,0.9982839108039399
1740166458.12166,1740166458.1079657,1,3,0.008874234380441354,-0.025058623310751028,-0.033543712815498304,-0.021493125503864466,-0.04059076160962353,0.012857664380639369,0.9988619104234081
1740166458.138446,1740166458.124563,1,3,0.007770365575498543,-0.01956523676438811,-0.026252471139973442,-0.017854783750546475,-0.02539081763795281,0.007638491301090003,0.9994889526790881
1740166458.155826,1740166458.1415274,1,3,-0.007261861660178448,0.006062497521372531,0.007428477592931299,0.0008238141740521285,-0.020820191505271004,0.007352338653605829,0.9997558622344823
1740166458.1704588,1740166458.1578562,1,3,-0.005088310599706378,0.00196065516165109,0.0020496492184164904,-0.0017369465790700559,-0.010598101732698696,-0.001740749577799885,0.9999408147721305
1740166458.1874378,1740166458.1746628,1,3,-0.0017210842097277635,-0.006075255563819603,-0.008581022467178574,-0.008242841484866242,-0.012027156987529757,-0.005378802796491299,0.9998792284768842
1740166458.204756,1740166458.1912563,1,3,-0.007271276787046848,-0.0006793692471545132,-0.0016154768302796753,-0.004355520921774619,-0.028359896499038764,0.0013794317980714828,0.9995873362923213
1740166458.2211223,1740166458.2079535,1,3,-0.01798494303272682,0.013952792641263086,0.017432870050668188,0.00626891986545155,-0.047878146083694506,0.012581461209621655,0.9987542693801813
1740166458.2368722,1740166458.2248662,1,3,-0.02361666282930076,0.02202866096508899,0.0279480002170703,0.01115931668199043,-0.05743922363620831,0.018654583140814675,0.9981123242236333
1740166458.254324,1740166458.2411997,1,3,-0.02384576188589723,0.02226433611951955,0.028294526164885155,0.011411702246720818,-0.058759266271328665,0.019465739310795056,0.9980171374641676
1740166458.2704098,1740166458.2577686,1,3,-0.022964731687616983,0.020532381172516195,0.026024657137512064,0.010941136287241835,-0.05708620218804587,0.017499092890923402,0.9981559190850318
1740166458.287659,1740166458.2747226,1,3,-0.021787925326082053,0.01767374556825504,0.022191579235741544,0.009240545858545338,-0.058419243213310004,0.01659174819435093,0.998111475851508
1740166458.3047132,1740166458.2914152,1,3,-0.024985198223949175,0.02168088000290254,0.027348862063632646,0.011154480472866055,-0.06532006816995699,0.020106713039837902,0.9975994117632518
1740166458.3214746,1740166458.3081326,1,3,-0.02463867965049623,0.020932297696164802,0.026390809046919733,0.010504668273374474,-0.07086782977219148,0.024245193614160682,0.9971356844654883
1740166458.33819,1740166458.3245885,1,3,-0.01412619407737766,0.005485547174176374,0.006213570247799234,0.00047430981664024475,-0.06640787952270974,0.02270119250682067,0.9975341720594154
1740166458.3536954,1740166458.3413672,1,3,-0.01148963382910125,0.0033714558975272476,0.0034941190690546027,-0.0012797802073518513,-0.05805614054324506,0.01972016131354332,0.9981177094639748
1740166458.3731043,1740166458.3581505,1,3,-0.020167668662757748,0.01836720054935802,0.023222077402429556,0.00887990056998827,-0.051806566972237324,0.017476900613371215,0.9984647139129998
1740166458.3879309,1740166458.3746955,1,3,-0.0142748317268814,0.008097346662491288,0.009717890890971822,0.0020627407981105824,-0.041374613016583156,0.007211921273741211,0.9991155462155862
1740166458.4049149,1740166458.3917134,1,3,-0.0067950381673277035,-0.007066912305717282,-0.010357916812423863,-0.008788131621887697,-0.0420427992430558,0.0015275208586332685,0.9990759923321304
1740166459.34284,1740166459.3255744,1,3,-0.016180170461120868,0.005905633412958667,0.006663007768629091,0.00042213616809355984,-0.0798009017602675,0.027678739487033102,0.9964263772400411
1740166459.3595614,1740166459.343075,1,3,-0.02509223505438084,0.021435830082489445,0.027075557064113305,0.011016826662680232,-0.07209308533803889,0.02486835784960035,0.9970269712272536
1740166459.3759205,1740166459.359042,1,3,-0.02693765661099717,0.0245238222038956,0.03115199156165964,0.012909095307327565,-0.06910964957175214,0.022895490398614268,0.9972627578095067
1740166459.3885703,1740166459.375774,1,3,-0.026288974093997483,0.02344071141200828,0.029771710737936323,0.01268551465647204,-0.07040724689917317,0.02391599690461378,0.9971509025187901
1740166459.4051092,1740166459.3923478,1,3,-0.022673852791840393,0.018208981884115242,0.022908882295027917,0.00918348190073109,-0.0699827023197062,0.024382196127441278,0.997207898859718
1740166459.4215624,1740166459.4089346,1,3,-0.02166861243506602,0.017517638292951745,0.022017175317972697,0.008052572763546784,-0.06625406142990477,0.02292405298404431,0.997506913866122
1740166459.4378586,1740166459.4260798,1,3,-0.024689201549497088,0.02273426860997658,0.028917277634947787,0.011665594357099929,-0.06171417240261144,0.02028995601323128,0.9978194187917659
1740166459.4566095,1740166459.4424355,1,3,-0.021431597554529825,0.016761361639045128,0.021102893183840385,0.008223956051628394,-0.056587365797058545,0.01465012244385582,0.9982562849746506
1740166459.4730608,1740166459.4592223,1,3,-0.01931256905030588,0.011533356772735162,0.014142853720927821,0.004950382857626022,-0.05996860578533896,0.013583293962553969,0.9980955636384986
1740166459.5213335,1740166459.5094476,1,3,-0.008349500660920089,-0.006419210562212629,-0.00944768445965195,-0.007931445230262239,-0.08000542320478089,0.027875619032272918,0.9963730096193648
1740166459.5387294,1740166459.5260463,1,3,0.0010883276411057276,-0.018121911112842864,-0.024641151444958743,-0.016953790567999494,-0.06658644921824172,0.02317327752825433,0.9973674413045983
1740166459.5544403,1740166459.542526,1,3,-0.0056851264614188836,-0.004331263505280923,-0.006364966981218221,-0.006856953275542792,-0.05308009428625627,0.0188068066608916,0.9983895982058102
1740166459.5718482,1740166459.5597339,1,3,-0.018594102988108468,0.017281414956005492,0.02205241035875001,0.00916211171863175,-0.04447903600791556,0.014672689038178297,0.99886054244877
1740166459.588636,1740166459.5763743,1,3,-0.013084208163336723,0.007395393711510371,0.008997078225206427,0.002167794541927284,-0.03535122035697807,0.005073706126413236,0.9993597197166989
1740166459.6049945,1740166459.59283,1,3,-0.012902840789699787,0.00448805585777177,0.005041532427049896,-0.0004900512054783512,-0.04212363400763954,0.005488497149906184,0.9990972103388349
1740166459.6222088,1740166459.6091847,1,3,-0.02260158186315061,0.017587210386860005,0.022148609396845882,0.008646834705726499,-0.06165197062817103,0.017000561374898693,0.9979154511681705
1740166459.6384954,1740166459.6258862,1,3,-0.021628738836622027,0.015761542511465405,0.019778781341782,0.008151120086973216,-0.073276239952679,0.025883302853873087,0.996942428896022
1740166459.6557887,1740166459.6430821,1,3,-0.003954647380392697,-0.010216945926656767,-0.01421793073221983,-0.01025354720693958,-0.06631720556233961,0.023305708854725087,0.9974736773222921
1740166459.6711347,1740166459.6593359,1,3,0.0026463536240915633,-0.01738856337009202,-0.0235196175765293,-0.015856886786052335,-0.05351615296591662,0.018991087095415072,0.9982604465389366
1740166459.6888208,1740166459.676129,1,3,-0.0050332421567118955,-0.002559029291832683,-0.003950006648510148,-0.004728733333137886,-0.04241048243915033,0.015573088531491279,0.9989677016670423
1740166459.707102,1740166459.692835,1,3,-0.015133639305242355,0.014406028850526918,0.018334683520289684,0.007217484618236369,-0.035583533867461235,0.012306150335593612,0.9992648691399126
1740166459.722118,1740166459.709396,1,3,-0.014768398225286986,0.013310749350707866,0.016892345700956622,0.005992039824787455,-0.031639018777218836,0.008212923192060427,0.9994476553788068
1740166459.742162,1740166459.7262473,1,3,-0.016230587569557597,0.014555217636196084,0.018533486725636598,0.007066633468507848,-0.03684132224312438,0.010480466683428816,0.9992411818399488
1740166459.7550218,1740166459.7426863,1,3,-0.017907519325017496,0.01674930113698751,0.02139312074199397,0.009081374442560342,-0.04371940834353621,0.015176898503959677,0.9988872827922706
1740166459.773168,1740166459.7593665,1,3,-0.013216796656585513,0.009930533540703458,0.012437044885034899,0.0040581241570134706,-0.04316086476338944,0.015694336429841357,0.9989366141979329
1740166459.7900712,1740166459.7763233,1,3,-0.011934151386287775,0.008916413894990335,0.011134824335426913,0.002823297610843671,-0.03881776397294205,0.013934279280250332,0.9991451576481174
1740166459.8050287,1740166459.792929,1,3,-0.014786146619716594,0.01398706443925453,0.017857878195785513,0.006650750563027071,-0.035332105125985405,0.01218559145312088,0.9992792008369094
1740166459.824023,1740166459.8098197,1,3,-0.015380970740203365,0.014805380194425793,0.01894351211132188,0.0077136969557480605,-0.033712442784293514,0.010595255628747033,0.9993456412267739
1740166459.8403242,1740166459.8263862,1,3,-0.015886732481072044,0.015334516652363264,0.019602168626437332,0.007825664352813762,-0.036424643873296206,0.012368808225499607,0.9992292113820639
1740166459.8559005,1740166459.8430324,1,3,-0.007110166477955479,0.0021462155362025675,0.0023283860911055662,-0.0013663685345950264,-0.03603572241603977,0.013061915225032857,0.9992642023597342
1740166459.8732603,1740166459.8597155,1,3,0.010029688607234289,-0.022545953496529627,-0.029979089059121316,-0.018470776367046658,-0.026210221641555075,0.009429639900449998,0.9994413122306116
1740166459.8898332,1740166459.8762908,1,3,0.019819944753052373,-0.03440043212160031,-0.04545888535391812,-0.027065657695775895,-0.013398750670144254,0.005265731534741716,0.9995299874067702
1740166459.9071875,1740166459.8933268,1,3,0.015362860782249459,-0.024288467136906737,-0.03211647757907363,-0.01909064823036248,-0.0022751985455823527,0.0013945477060731306,0.9998141956675842
1740166459.922986,1740166459.9097865,1,3,0.0017865900547432841,-0.0017788744912386714,-0.0025646674792284244,-0.0024741914423782384,0.0038808929279989498,-0.0017671356366199206,0.9999878470653679
1740166459.9403017,1740166459.9263484,1,3,0.004283243609647672,-0.006763639751537596,-0.009127074377212994,-0.006313301287029653,0.015697257276013343,-0.01284772882616504,0.9997743116348206
1740166459.9604206,1740166459.9432187,1,3,0.00382592273315399,-0.008850942181880494,-0.011919504019626827,-0.0087247582615252,0.012703407353334495,-0.014851195037826562,0.9997709457875047
1740166459.972567,1740166459.9596639,1,3,-0.004099212915863831,0.0006618345076362197,0.0005093440068452629,-0.002493709707323205,-0.007084964814875277,-0.004329225388971782,0.9999624205403916
1740166459.9897892,1740166459.9762805,1,3,-0.010600008811284681,0.009733579319735692,0.012362654525697911,0.0043308584682171785,-0.02608798594224566,0.008950719657873033,0.9996101966626849
1740166460.005291,1740166459.9929469,1,3,0.007405864118544433,-0.017072691688682896,-0.022788492918741767,-0.014232950912441375,-0.022019925833778566,0.008269012729425618,0.9996220132645536
1740166460.023458,1740166460.0095916,1,3,0.01804008853369302,-0.03072388307150836,-0.040646789406728084,-0.024385559778996608,-0.010213059990269,0.004085545186052503,0.999642109057253
1740166460.0401838,1740166460.026609,1,3,0.014793052132426389,-0.02282288518396893,-0.030206071046691402,-0.018050204303966113,-0.0005514877735552395,0.000991842055012783,0.9998364377412732
1740166460.0562081,1740166460.0431695,1,3,0.004000659281370926,-0.00460259822207862,-0.006287710168384109,-0.004562380000556043,0.004632491531164304,-0.001324311448045897,0.999977985212741
1740166460.0750008,1740166460.0605392,1,3,0.0023619690475841708,-0.0023303364826726034,-0.003305335527472862,-0.0031073143705706015,0.010069269371111194,-0.006040223502186853,0.9999262323350548
1740166460.0897796,1740166460.0768073,1,3,0.0011683849687364382,-0.0016001464242585482,-0.0023563200167613313,-0.0028358433297535224,0.006937159874686334,-0.005394149150773181,0.9999573675714488
1740166460.106482,1740166460.093184,1,3,-0.0018131765287116761,0.0022866577238491153,0.0026955612046604977,-0.00018748040463524216,-0.0013080435593024462,-0.0001546099701536237,0.9999991149840594
1740166460.1231275,1740166460.110238,1,3,0.001786452169894498,-0.003027326352870854,-0.0043183358236243375,-0.004032977344811696,-0.002733672851978898,0.0015843305250371749,0.9999868759255103
1740166460.139759,1740166460.1265738,1,3,0.005894856269915616,-0.008438850278030789,-0.011401151060719714,-0.008072451941925773,0.0011580830313559045,6.916153603025446e-05,0.9999667442370369
1740166460.1559122,1740166460.1433194,1,3,0.004093648527592981,-0.004803240031332562,-0.0065763814650793935,-0.005159116746758459,0.004372354665796221,-0.001161461191165576,0.9999764582413784
1740166460.173192,1740166460.1601796,1,3,0.0020698109954002245,-0.001553217480317585,-0.0023020327123868607,-0.0024733452468929033,0.00718008340629445,-0.003336910393787023,0.9999655964054923
1740166460.189958,1740166460.1765738,1,3,0.001499365034148302,-0.0011649609954364258,-0.0018250721685697682,-0.0024114131515138313,0.006659743910547555,-0.0037447440070206856,0.9999679043799258
1740166460.2067761,1740166460.1934955,1,3,0.0013066036335926475,-0.0011715349749291636,-0.0018336138149584764,-0.002622834131184064,0.002445616969251201,-0.0007218768281642697,0.9999933092739195
1740166460.2227666,1740166460.2100105,1,3,0.01052756976688893,-0.014714883685544178,-0.019576455371570836,-0.011666125847969826,0.005019071891898722,-0.0009959036414760993,0.9999188560083164
1740166460.240271,1740166460.226544,1,3,0.021263362709250486,-0.029414323218789968,-0.03886436796027399,-0.021695755143129856,0.01280943737890162,-0.0035857319277442287,0.9996761250771911
1740166460.25816,1740166460.2435725,1,3,0.02143124757852075,-0.02748897055100572,-0.036348799199648764,-0.01992340623478006,0.019923101765270946,-0.006153713997613187,0.9995840433420745
1740166460.2744184,1740166460.2601483,1,3,0.012714169767391412,-0.012893964788037936,-0.017188905227076636,-0.009294093222898122,0.023928487849494216,-0.008269925494366098,0.9996362616635704
1740166460.2907515,1740166460.2768261,1,3,0.012499973827491627,-0.013293505055469087,-0.017710284782234995,-0.009726826092667945,0.032923732523142915,-0.016545453727419102,0.9992735684745502
1740166460.306918,1740166460.2933917,1,3,0.01145840329873258,-0.013768034960569301,-0.018356680132630518,-0.011306668065433186,0.031841302417284174,-0.018926712619654715,0.9992497536987648
1740166460.3235264,1740166460.3098695,1,3,0.004905576687651623,-0.005757486749524772,-0.00784157093308633,-0.006097451493150524,0.01577430260180344,-0.009860468471376505,0.9998083634498365
1740166460.3402584,1740166460.3268547,1,3,0.005447811793198607,-0.0071250517577242664,-0.00960879903164031,-0.006231159379913911,0.0039241992134137595,-0.001019155219148343,0.9999723669361843
1740166460.35664,1740166460.3432946,1,3,0.02650900778720982,-0.03785500004217271,-0.049932707023479676,-0.027509378542569275,0.012930862338433526,-0.0039614726098578116,0.9995300563895751
1740166460.3739827,1740166460.360108,1,3,0.04026879512100503,-0.05550947869778777,-0.07314038888686443,-0.04022113672997785,0.027820123400879287,-0.00929114824835474,0.9987602192009528
1740166460.390033,1740166460.3767314,1,3,0.038817664259132405,-0.04972667018499034,-0.06556005839928573,-0.034514718524336435,0.03738633355315436,-0.012300397595258885,0.9986289082975901
1740166460.4073253,1740166460.393479,1,3,0.026434457583937084,-0.028769833767412264,-0.03806941904052938,-0.018308713763926586,0.04091302008832212,-0.0139801245356156,0.9988971277892092
1740166460.4240685,1740166460.4104776,1,3,0.02246682541299326,-0.02288856896086216,-0.030348621529692026,-0.014585294819995908,0.04862083597062037,-0.02052901654410844,0.9984997961763756
1740166460.4399455,1740166460.4269223,1,3,0.02132753595837374,-0.02276648808448052,-0.030154972595219494,-0.015308465000750551,0.048838693162451784,-0.02277652297753401,0.9984295983946783
1740166460.4574308,1740166460.443662,1,3,0.01688424983797846,-0.017672407611658544,-0.02344769749977969,-0.011871380572253721,0.03767155145933604,-0.01689754388404498,0.9990767725979031
1740166460.4737363,1740166460.4603379,1,3,0.0138885717086031,-0.013823621644232823,-0.01841963536045204,-0.009094180472500669,0.027538086225103856,-0.010090764091538036,0.9995284519055179
1740166460.4904845,1740166460.4769778,1,3,0.01755321555887773,-0.019122273308482287,-0.025400994052242803,-0.013184635272233876,0.027542931552466687,-0.009390568217728398,0.9994895544940839
1740166460.5069742,1740166460.4937954,1,3,0.019154226831725175,-0.020848032389878278,-0.027639178933706942,-0.014041649760830765,0.030054519681811998,-0.010178123604417715,0.999397800537195
1740166460.5238283,1740166460.5103908,1,3,0.01737295296257801,-0.01771193533004831,-0.023508668060872713,-0.01113638627217528,0.0319479512683892,-0.011438424688077332,0.9993620323742566
1740166460.540924,1740166460.5267363,1,3,0.016261523804762874,-0.01616218946576329,-0.021512600518906546,-0.010406833541940495,0.03301313517011625,-0.012532524703980275,0.9993221535352922
1740166460.557276,1740166460.5436366,1,3,0.015635882745896477,-0.015433413120161622,-0.02058147650081603,-0.010727701754372094,0.03083892871763701,-0.011089348997706068,0.9994052747656602
1740166460.574142,1740166460.56081,1,3,0.0216594915394268,-0.02427422021675076,-0.03214926279316158,-0.01636034012390781,0.031958768339900384,-0.010745243026056396,0.9992975113296028
1740166460.5907588,1740166460.5772974,1,3,0.03132917584405337,-0.03769937906039282,-0.04977780804203355,-0.025040571954952292,0.037920698051817484,-0.012573695677545528,0.9988878278327553
1740166460.6068437,1740166460.593835,1,3,0.033799395889782556,-0.03963307763939897,-0.05237096519274565,-0.025949241206522228,0.04360784654761078,-0.0145653675091158,0.9986054489484875
1740166460.62407,1740166460.610461,1,3,0.02721724455662369,-0.02841406428033656,-0.037682081420460846,-0.017891929413106345,0.04643279803101285,-0.016199552990596198,0.9986297855620934
1740166460.6398447,1740166460.627266,1,3,0.02542733012387853,-0.02618302315339206,-0.03472072708425111,-0.016713142086480073,0.05487827806920053,-0.02362581414894735,0.9980735776402239
1740166460.6575491,1740166460.6437435,1,3,0.02456920116579672,-0.026926800156124323,-0.03565156503133084,-0.018390523633077308,0.05725172696836026,-0.028079125840098793,0.9977953653388542
1740166460.674728,1740166460.660563,1,3,0.019014884978826616,-0.02086181491703137,-0.027651498601268414,-0.015059288883193845,0.04549249534376213,-0.022469279358349182,0.9985984088565567
1740166460.690866,1740166460.6772914,1,3,0.012608885471069968,-0.012420724783020134,-0.016561700480441952,-0.008820407650891638,0.027087489165197612,-0.010464172760748807,0.9995393786279911
1740166460.7073188,1740166460.6938372,1,3,0.024573411551794228,-0.03016341718947681,-0.039883004259835764,-0.020491755191341724,0.027953972057182076,-0.009148624295761871,0.9993572764976996
1740166460.7237372,1740166460.7107477,1,3,0.037686133648472946,-0.047983183416717694,-0.06334751868980164,-0.03329152377763849,0.03871481070852089,-0.013253260799932989,0.9986076251233691
1740166460.7401764,1740166460.7272258,1,3,0.03801642741185452,-0.045906371328393134,-0.06065562658104118,-0.031088055263177993,0.045315791306783294,-0.015175795588139132,0.9983735308522862
1740166460.7570145,1740166460.7437282,1,3,0.02792788242629689,-0.02914650694377052,-0.038648145833959986,-0.018183594557413255,0.04779979712543762,-0.016724813883493717,0.9985513591620119
1740166460.7737253,1740166460.7605574,1,3,0.026479060092128845,-0.027591743266011902,-0.03657559976530947,-0.017405382158126727,0.056678435586327236,-0.02455551698409568,0.9979386926044405
1740166460.7910407,1740166460.777008,1,3,0.02461160380161011,-0.026749228343589972,-0.03545697780398718,-0.018214667934402476,0.05643515378360889,-0.02709268366715041,0.9978723795061029
1740166460.807766,1740166460.7940185,1,3,0.018795190178986336,-0.01993697606464217,-0.026507781385090058,-0.014171980672709066,0.04302684834369705,-0.0199406216583841,0.9987743573466923
1740166460.8245418,1740166460.8104346,1,3,0.014576385374052613,-0.014419649657418128,-0.019278860758744177,-0.009892940158729735,0.02901131475969743,-0.010558444373378042,0.9994743581519957
1740166460.8407907,1740166460.8271036,1,3,0.0226205374007825,-0.026187330984406208,-0.034739930535914836,-0.018067606335064094,0.03044389868676434,-0.010137843879374423,0.9993217473644554
1740166460.8567464,1740166460.8440282,1,3,0.028156400401723417,-0.033243364878321184,-0.04399903379895221,-0.022801846412470968,0.03603654877781823,-0.012152489252290158,0.9990163962404917
1740166460.8760376,1740166460.8604505,1,3,0.026373772080961578,-0.029181074107869454,-0.03868161791583125,-0.01887658933126639,0.03939673160614186,-0.013341111344517787,0.9989562486225638
1740166460.8912919,1740166460.8776226,1,3,0.02288783333762087,-0.023326616694763595,-0.031033660549459764,-0.014353099950135827,0.04121388025935594,-0.014613244322976662,0.9989403674324838
1740166460.9077752,1740166460.8940482,1,3,0.021716185475913245,-0.02168635616752298,-0.028885917431387746,-0.013906363761587381,0.04216533146398932,-0.015618640990960631,0.9988917638678666
1740166460.924202,1740166460.9106662,1,3,0.021860967369298323,-0.022084961147900303,-0.029382978348481574,-0.01422569104202959,0.040311516064026005,-0.014251863913630423,0.9989842319886656
1740166460.940789,1740166460.9276118,1,3,0.02616140676361259,-0.028278441045309317,-0.03751805738068936,-0.017631980773339054,0.041095514071227995,-0.013937500081162771,0.9989024066788095
1740166460.957606,1740166460.94409,1,3,0.02857069314625747,-0.031158311465219656,-0.04132826211875248,-0.01926519928865362,0.04362155881526691,-0.014849649241744589,0.9987519710219809
1740166460.9740758,1740166460.9608943,1,3,0.02538529229158086,-0.02585732290712614,-0.03437673266803624,-0.015843532037394414,0.046401083467728886,-0.01686575890274618,0.9986548293190372
1740166460.990654,1740166460.9775596,1,3,0.02486114411492596,-0.02584007995782739,-0.034312019080637156,-0.016539204277670094,0.05358937670850736,-0.023525494694099938,0.9981488789380335
1740166461.0078604,1740166460.9939804,1,3,0.023813958145364196,-0.02628268357347767,-0.034860967260827595,-0.017632775999449887,0.05475808366146983,-0.02704607214724904,0.9979775285374327
1740166461.0239367,1740166461.0108879,1,3,0.018683033798530646,-0.020866091629413542,-0.027736410260167856,-0.014716153816895911,0.04373363587173571,-0.022198960071885612,0.998688144558652
1740166461.0417826,1740166461.027319,1,3,0.011427917771290822,-0.011262938830236909,-0.015132948860274574,-0.00813828530822667,0.025657887711561935,-0.010627649213709879,0.999581159377573
1740166461.0581534,1740166461.0440493,1,3,0.02119254139415775,-0.025882534896378526,-0.034334373319925775,-0.017794089246272703,0.024015415464760947,-0.007857939440701336,0.999522327412298
1740166461.074348,1740166461.0613623,1,3,0.036247754804322414,-0.04681241350476996,-0.061843881641973374,-0.03227415636648536,0.034241902986319656,-0.011448763663814275,0.9988267100559923
1740166461.0910647,1740166461.0772421,1,3,0.03860999515201602,-0.04772725945839966,-0.06305655315584104,-0.03188138439301473,0.04267207899810844,-0.014442022758977376,0.9984758880322515
1740166461.1071928,1740166461.0943186,1,3,0.028812985838260037,-0.031083559045091975,-0.041209251206835176,-0.018971698877359625,0.04512836118188655,-0.015462861118581351,0.9986813333515208
1740166461.1251023,1740166461.1108577,1,3,0.025761938230444596,-0.026809634961383343,-0.035591813128621745,-0.016394385251979036,0.05452154186780777,-0.023532498007887412,0.9981006197483676
1740166461.1406014,1740166461.127332,1,3,0.025370042122590104,-0.02836623216397092,-0.03761528713797197,-0.019028454133879977,0.057112871671367284,-0.028240424789092198,0.9977868090080447
1740166461.1583164,1740166461.1441631,1,3,0.01939759727400662,-0.021860734488919818,-0.029041048820499807,-0.015505129250920359,0.045772681700431854,-0.02341575225796869,0.9985570364896822
1740166461.1743827,1740166461.1607203,1,3,0.011800233799992215,-0.011974541882587111,-0.01606235911933553,-0.00877254196319816,0.0276044985220802,-0.01229974244875715,0.9995047526172862
1740166461.1911814,1740166461.177855,1,3,0.012850608569793462,-0.01382896058783805,-0.01852298173636413,-0.01000698627901635,0.020654828103567727,-0.007028520634546218,0.9997118775923958
1740166461.2082627,1740166461.1943777,1,3,0.018576654311075927,-0.021724767056691276,-0.028894546183739392,-0.015434352822071578,0.023864585428259397,-0.007807352861266721,0.9995655594089867
1740166461.225059,1740166461.2110555,1,3,0.01717169333300093,-0.018584098500118364,-0.02477350846155746,-0.01275968893841412,0.02700209998358031,-0.009023795586316795,0.9995132055395206
1740166461.240893,1740166461.2279186,1,3,0.014321532305081566,-0.01399435735407092,-0.018765914059547525,-0.009782455903587174,0.029963156106001518,-0.011391940260978662,0.999438210461133
1740166461.2816637,1740166461.2441907,1,3,0.013762512885430865,-0.013816590030869946,-0.018535314556629354,-0.010436973909866146,0.03173873813140866,-0.013769589975692659,0.9993468469301997
1740166461.2850337,1740166461.260969,1,3,0.011665871251703503,-0.011542656986666226,-0.01551808288482922,-0.00901737236447806,0.026937693681381176,-0.011423226505726015,0.9995311688741714
1740166461.2913516,1740166461.2777188,1,3,0.010463559845618154,-0.010121180280981613,-0.013632702777064194,-0.00760058894508069,0.021347500157592018,-0.007536530656518483,0.999714817330609
1740166461.307925,1740166461.294213,1,3,0.013814872075047271,-0.014926554458822917,-0.01997398686206967,-0.010712011268835335,0.02138737724862702,-0.007041310531425475,0.999689078091284
1740166461.3251424,1740166461.3111205,1,3,0.013368590132992937,-0.013667109711274151,-0.018361781759873044,-0.010401239418361434,0.02362635748467084,-0.008056952073672507,0.9996342806115899
1740166461.3408139,1740166461.3275535,1,3,0.011887816721362672,-0.011467746184360725,-0.015455022422453528,-0.008978725903636754,0.02748989606717167,-0.011376973597133317,0.9995170096437247
1740166461.358446,1740166461.3445385,1,3,0.012292949539924736,-0.013222705892864943,-0.017735948725948122,-0.010407526914480703,0.030386059729135252,-0.0151847464208124,0.9993686978456936
1740166461.375069,1740166461.3612967,1,3,0.009429994889275574,-0.010483993108465752,-0.014146788147700587,-0.009230377893576157,0.02509076298125313,-0.013641652270575925,0.9995494780451286
1740166461.3914745,1740166461.3778484,1,3,0.0043372867027283305,-0.0038065895401522883,-0.00539298911254109,-0.004817370352079292,0.012728438877558444,-0.006007950742638592,0.999889336033996
1740166461.4079227,1740166461.3947506,1,3,0.011317993534349022,-0.014321753131972632,-0.019189358104574585,-0.011508421989546627,0.010730645985281728,-0.0033278696212629935,0.9998706590073704
1740166461.4254215,1740166461.411037,1,3,0.02437180090056594,-0.032635242070600805,-0.0432430982622594,-0.024183888489994403,0.019076537043142595,-0.006351834768694909,0.9995053173780599
1740166461.4419334,1740166461.4277644,1,3,0.02669396533183363,-0.0338717299264955,-0.04488223115822155,-0.02491693451764236,0.026379323575899033,-0.008761219494187136,0.9993030164544167
1740166461.4580696,1740166461.4445705,1,3,0.017293206922851606,-0.018006425274267896,-0.024040179972754292,-0.013069971897401637,0.029954116835173364,-0.010399879475562148,0.9994117115714223
1740166461.475275,1740166461.4612296,1,3,0.01671186601392662,-0.01778116445372805,-0.02370883447137172,-0.01293926669733448,0.04021374847701309,-0.019426681507587237,0.9989184320335498
1740166461.4918282,1740166461.478176,1,3,0.016816672153332386,-0.02040150642324854,-0.027158273312596983,-0.01605815863711967,0.042652212277047186,-0.02460153729083399,0.9986579437885559
1740166461.5078137,1740166461.4945595,1,3,0.010693549716533586,-0.014006053740602169,-0.018784219551225702,-0.012810343203425108,0.02998645367262848,-0.019662592992750104,0.9992747820994741
1740166461.5253625,1740166461.5112312,1,3,0.0014746635639655817,-0.0018946366747595732,-0.002916217755373792,-0.004163032407323279,0.008227121952303006,-0.006549096810425007,0.9999360444331054
1740166461.541261,1740166461.5282366,1,3,0.0025098533215159704,-0.00378571397773852,-0.005421001035257538,-0.005008295479187591,-0.0008746651047391816,0.0005751564181079034,0.9999869104805534
1740166461.5575414,1740166461.544773,1,3,0.0128490369493625,-0.018476425189785813,-0.024698123713195744,-0.015380777508543674,0.004589054444333247,-0.0012334955699541854,0.9998704169797298
1740166461.5754383,1740166461.5618215,1,3,0.01487555983675156,-0.01979023619138211,-0.0263993392044694,-0.01591913809977913,0.010844965190879427,-0.0034854389168072443,0.9998083913869327
1740166461.5937245,1740166461.5781078,1,3,0.009373103138553376,-0.010117763681758677,-0.01370577567892834,-0.008525822786446717,0.014354869095937767,-0.004869733074399679,0.9998487554519617
1740166461.6081405,1740166461.594542,1,3,0.0070398892529905475,-0.0065507004626456705,-0.00903373319005191,-0.006233520196783313,0.018193605242092625,-0.008019355957270864,0.9997828893736289
1740166461.6254148,1740166461.6116593,1,3,0.006055244325815169,-0.005846206055289791,-0.008107554305299703,-0.006225710236247806,0.017211357188687354,-0.008587137984483432,0.9997956145017907
1740166461.6411066,1740166461.6280463,1,3,0.004203311951096155,-0.0037444725045951022,-0.005342764804611987,-0.004589851004539945,0.011755139647909195,-0.00551939742371788,0.9999051386065047
1740166461.6569755,1740166461.6447346,1,3,0.004109732416604099,-0.003804389976918465,-0.005436703911573676,-0.004180118994004034,0.008597615273719229,-0.0032333019718693064,0.999949075390922
1740166461.67426,1740166461.6615345,1,3,0.004526926337929976,-0.004305493245282289,-0.006117791591958306,-0.0046274149894641806,0.008902204066052109,-0.0032895361689450945,0.9999442568188863
1740166461.6914856,1740166461.6781526,1,3,0.0039786733290375015,-0.0036981473272588924,-0.005300836202149186,-0.004282292342938499,0.011514143450907833,-0.005771532719208442,0.9999078836987698
1740166461.709253,1740166461.6950867,1,3,0.004504508022789565,-0.005656437650466321,-0.007848611181394937,-0.005452606982612313,0.013639226959862747,-0.009056074505253333,0.9998511029546278
1740166461.7250066,1740166461.7113664,1,3,0.00287786999720509,-0.004928598967871749,-0.006915001471698101,-0.0050561663535977725,0.008927040919190374,-0.008193310699769616,0.9999138026760152
1740166461.7420456,1740166461.7279642,1,3,-0.0023312279159855096,0.0016233843932408618,0.0016526136945469708,-0.0006447831720859706,-0.00285589628989099,-0.0016250029226784384,0.9999943937225567
1740166461.758185,1740166461.7447944,1,3,-0.0015636185237267925,0.0001365956770923574,-0.00031207813013667577,-0.0014979071660123572,-0.010182644400689339,0.0038864269405037826,0.9999394810251105
1740166461.7742052,1740166461.761582,1,3,0.009554234867818758,-0.01589049143054026,-0.021323197492635098,-0.012262035360621102,-0.005450588719360681,0.0027400879934066018,0.9999062083461706
1740166461.791188,1740166461.778468,1,3,0.014929116308173129,-0.02208644824081867,-0.029434317000994702,-0.016378192529583772,0.0027185793292949486,-0.0002644167058419077,0.9998621376068303
1740166461.808987,1740166461.7947829,1,3,0.008943627040681437,-0.011158321074061058,-0.015065097226796569,-0.00859586166017411,0.007722885719879936,-0.0021621492426813207,0.9999308942667634
1740166461.825595,1740166461.8115892,1,3,0.005478362894615202,-0.005800148318491006,-0.008028245885442068,-0.00488181170998645,0.014729478160987035,-0.007817088708903588,0.9998490403614189
1740166461.8444726,1740166461.8284636,1,3,0.007137235824374194,-0.010154483017407737,-0.013783199936273985,-0.008851815250149374,0.018793663157338585,-0.01364126938693476,0.9996911319809828
1740166461.858878,1740166461.844778,1,3,0.002913218849996946,-0.006124212040742551,-0.008524865059844705,-0.006793558672884157,0.009439803122340393,-0.010412620841022105,0.9998781500786937
1740166461.8796985,1740166461.861891,1,3,-0.005222803521926876,0.004713023007974271,0.005681058424478403,0.0007179803453199832,-0.008393821568276134,0.0003559290751031882,0.999964450157203
1740166461.8963015,1740166461.8782496,1,3,-0.002047876367421179,-0.0002659412812223843,-0.0008579724952725656,-0.00242216468119416,-0.01454895013473454,0.005400023843531518,0.9998766428468682
1740166461.9105737,1740166461.894835,1,3,0.010043658127945176,-0.017431080683682806,-0.023374640513090475,-0.014533980520834773,-0.007403239510882914,0.0028967287401838906,0.9998627727931321
1740166461.9255836,1740166461.9116924,1,3,0.012428941529983119,-0.018907845035230124,-0.025298762359458,-0.015492113737618092,0.00019051831705373936,0.00040387381916083515,0.9998798902871534
1740166461.9422727,1740166461.928296,1,3,0.005687279972129221,-0.006963925558288061,-0.00960497933249142,-0.0068464134551218915,0.00478392693569191,-0.0013003812985598316,0.9999642741990106
1740166461.958596,1740166461.9453022,1,3,0.0027911814473986682,-0.0024819756369344175,-0.003729495814116015,-0.003991160148651098,0.009940129637319897,-0.005477568368348615,0.9999276277352432
1740166461.9750197,1740166461.9616585,1,3,0.0025779834995684476,-0.003342662392786925,-0.004857240307624881,-0.005052798513115741,0.01050328869581653,-0.007819853863702564,0.9999014951680534
1740166461.9921737,1740166461.9782345,1,3,-0.0004914291488591935,2.445205091111647e-05,-0.0004421815567244705,-0.0025787134195947546,0.0029176667070424313,-0.004060817052046837,0.9999841734862388
1740166462.0082633,1740166461.995082,1,3,-0.0036385106902658486,0.004173859977672458,0.004958507196942383,0.00011922774968260431,-0.004997445154702183,0.0008758419447055125,0.9999871220308576
1740166462.0257413,1740166462.0117364,1,3,-0.0029436786419650557,0.003140807959837253,0.003574416336837651,-0.0011346079850553807,-0.006640626718985973,0.0023567481817975766,0.9999745299153909
1740166462.0417747,1740166462.0284767,1,3,-0.002813028857574629,0.00322091683636994,0.003700334488284727,-0.0011158022917252116,-0.005320144731371237,0.001703103478091756,0.9999837751102894
1740166462.0577774,1740166462.0452328,1,3,-0.0033646864916921032,0.003956880580907167,0.004692946790233147,-0.0002422814607285055,-0.0034126110301643717,-7.337881306755237e-05,0.9999941449834595
1740166462.0766792,1740166462.0622897,1,3,-0.003728937900815484,0.0038558307819266,0.004537437308579573,-0.00043160005142862473,-0.0035380687253442995,-0.0009139598139488187,0.9999932302113594
1740166462.0925848,1740166462.0785,1,3,-0.005893788045447669,0.00655095194406559,0.008033070893650901,0.0008034085423092958,-0.00851304714742019,0.001756338394170935,0.9999618981933387
1740166462.108404,1740166462.0952156,1,3,-0.0021788536071736565,0.0008600962621407734,0.0005827386486803619,-0.002912645543538606,-0.010974199342588732,0.004174865891214335,0.9999268242924166
1740166462.125715,1740166462.1117175,1,3,0.008037926625773179,-0.013736749707140991,-0.01853604493186177,-0.012663006165281458,-0.005215085425732198,0.0020816523675507717,0.9999040543383556
1740166462.1419547,1740166462.1286104,1,3,0.012906204161430145,-0.01923059793190766,-0.025737988081260706,-0.016548816782897654,0.003041258386449347,-0.000974983131024465,0.9998579583212843
1740166462.1586654,1740166462.1450777,1,3,0.00758289984867566,-0.009343227633033663,-0.012747475785748795,-0.009344157815175808,0.007202992451438059,-0.0022168826082747213,0.9999279419268025
1740166462.178644,1740166462.161973,1,3,0.003983394766242724,-0.0037075450540302608,-0.005336309463622449,-0.005139533147285945,0.013677348090128544,-0.0074785206965542654,0.9998652844640825
1740166462.1926036,1740166462.1784947,1,3,0.006686326627886457,-0.009710503846739625,-0.013226207787789455,-0.01010750533081869,0.018828529970752052,-0.013884820759988365,0.9996752155313199
1740166462.2093637,1740166462.1952963,1,3,0.0036588208240872903,-0.007787764140512689,-0.010735770156242563,-0.009633772725504117,0.010817777529002781,-0.012066379206873298,0.9998222685083795
1740166462.22637,1740166462.2122843,1,3,-0.005230445300540746,0.003781093738585494,0.004413793270129734,-0.0014330621669512858,-0.007671028266816064,-0.001680962461544603,0.9999681375040698
1740166462.2429712,1740166462.2287993,1,3,-0.0073821513173605285,0.006576412454795961,0.008060840362991185,0.001051875543912113,-0.019640531158185415,0.00691050603751665,0.9997826703839039
1740166462.2593098,1740166462.2454116,1,3,0.0058328121528079,-0.012681343847162962,-0.017201299420700082,-0.012464384664037024,-0.013328694644565476,0.004533661020777506,0.999823199836735
1740166462.2765582,1740166462.2621343,1,3,0.011333410314478362,-0.018931211070774924,-0.025375503433995805,-0.016992991981853865,-0.004589333936364788,0.0016163252594202295,0.999843769661131
1740166462.292571,1740166462.2787597,1,3,0.0061276796638927745,-0.008966143457582457,-0.012259965530303557,-0.0092253213789299,0.0003760665589983363,0.00039498708791124666,0.9999572970905304
1740166462.308896,1740166462.2957132,1,3,0.0004351103088154306,0.0003674162408937934,-3.2628710952677196e-06,-0.002471117947622981,0.004526068741912528,-0.0023621172908119617,0.9999839142104922
1740166462.3260055,1740166462.3121994,1,3,0.0009859324567543823,-0.001310425093265573,-0.0022139714202279587,-0.004033514671265797,0.0072243651298304675,-0.005717496226866442,0.9999494234933901
1740166462.342939,1740166462.3288887,1,3,-0.001181931984065146,0.0008057908153295189,0.0005502794600651343,-0.002717948857834811,0.0014874130708358634,-0.003314547691283476,0.9999897070120098
1740166462.3589516,1740166462.3456633,1,3,-0.0044059881835976245,0.005121174128519639,0.006189387053880531,0.0005150363246414719,-0.006338174727421582,0.001614109750375801,0.9999784782326181
1740166462.375905,1740166462.3622456,1,3,-0.0013162743589234009,0.0005879079147313689,0.00022242964814759618,-0.0027766380884512607,-0.0067449422235818105,0.0025605478293424687,0.999970119368644
1740166462.3930483,1740166462.3790722,1,3,0.0010447609080386667,-0.0022938449655603337,-0.0035420334275375882,-0.005010875349083092,-0.003820207576735726,0.0015989787679061762,0.9999788699813644
1740166462.4096937,1740166462.3954933,1,3,-0.0007371710524348987,0.0010379581496884223,0.0008630413981280051,-0.0020885538485818137,-0.0015874372327243987,0.0005010970181929162,0.9999964334374558
1740166462.426079,1740166462.4120967,1,3,-0.0014559736460747427,0.002069890119477829,0.0022109022713840834,-0.0010752571932051706,0.00018708566550615038,-0.001079350939695042,0.9999988219105417
1740166462.4425604,1740166462.4288507,1,3,-0.0023616585941353325,0.0029671368571596362,0.0033584046845176203,-0.000984910517765544,-0.001012618426027522,-0.000983108633708798,0.9999985190252082
1740166462.4594347,1740166462.4456246,1,3,-0.0026809634686448948,0.0032127022879977155,0.003679506522803435,-0.0010084086094030256,-0.0045025505501696175,0.0014924994214666075,0.9999882412289139
1740166462.4767818,1740166462.4625545,1,3,0.003926633938074538,-0.006418827087647864,-0.008929088124163346,-0.007102199359450084,-0.0023559022195389374,0.0011958177042000473,0.9999712888423391
1740166462.4922302,1740166462.479025,1,3,0.009831379758738996,-0.014162265865130997,-0.019066118746483934,-0.012091029821922368,0.0031999528429170407,-0.0008548784538839586,0.9999214151534497
1740166462.5099292,1740166462.4956899,1,3,0.008025591509002141,-0.009981755713686587,-0.013569742150828068,-0.008938321381123118,0.0073599341960679,-0.002176755583205363,0.9999305973489602
1740166462.5258784,1740166462.5126503,1,3,0.003935864492161916,-0.0033361202250560716,-0.0048419817824429424,-0.004271597343743552,0.011647219465938411,-0.005266389587612887,0.9999091763133072
1740166462.5427465,1740166462.529028,1,3,0.005951324410159079,-0.00764434531057162,-0.010498572356621473,-0.007598963482196324,0.016406623452505986,-0.010812690256491193,0.9997780574659063
1740166462.562564,1740166462.5459025,1,3,0.003849457905760809,-0.006462202543032357,-0.008975728068685228,-0.007493817064674358,0.010802712231959555,-0.00966438295052026,0.9998668630454858
1740166462.576698,1740166462.5627322,1,3,-0.0034296971170846634,0.003150945841442706,0.0036249429502832587,-0.001106018966834796,-0.003285664715080656,-0.001565847663583451,0.9999927645990843
1740166462.5933177,1740166462.5790114,1,3,-0.001045873037022851,-0.0006961271984345435,-0.0014259459177564367,-0.0033142756193496217,-0.009759515896415051,0.003618402866690459,0.999940335513715
1740166462.6098692,1740166462.5959218,1,3,0.013521000544383162,-0.021606693170435724,-0.028852616343109438,-0.017861844036772444,-0.0005083103718250399,-0.0003507058661051694,0.9998402738205575
1740166462.6273127,1740166462.6123796,1,3,0.020564295846012826,-0.029797157681717323,-0.03958656983568024,-0.023370888869005433,0.00950629133538723,-0.0037090269402976195,0.9996747846663311
1740166462.645508,1740166462.629002,1,3,0.015478279011012803,-0.019641954574165107,-0.026229641970937457,-0.015677827871532456,0.015006290870292094,-0.004986720106242941,0.9997520440439863
1740166462.6589081,1740166462.6457236,1,3,0.007946679147086163,-0.007303180017757448,-0.010031039476358002,-0.006721902991508596,0.018669798971537244,-0.007400976502865512,0.9997757149347744
1740166462.67588,1740166462.6622174,1,3,0.009334476923682219,-0.010456545017693027,-0.01416245090183685,-0.009202683333021296,0.02365423843389311,-0.012701440896580311,0.9995971493670515
1740166462.6939476,1740166462.6791003,1,3,0.00715669356158354,-0.008933995953211666,-0.012169281381530742,-0.008576939257828028,0.01855838739514692,-0.011485599613470565,0.9997250138772052
1740166462.7099297,1740166462.695669,1,3,0.001393645634284952,-0.0015084802681337912,-0.0024457977827409038,-0.0038149623402605015,0.0069462575199961745,-0.005074841018612912,0.999955719798354
1740166462.7263684,1740166462.7124095,1,3,-0.0006843401543367467,0.0012704780224045789,0.0011753554835431548,-0.0019875194184488035,-0.00010788014634359554,-5.139938692486853e-05,0.9999980177413046
1740166462.7425435,1740166462.7295587,1,3,0.003028749704753402,-0.003990411051759117,-0.005719255753552889,-0.00548795309706818,0.001670796705224188,-0.0005611156068097238,0.9999833878412431
1740166462.7597957,1740166462.7460656,1,3,0.0038616108344599483,-0.004566330270371711,-0.00644448950945861,-0.005574725409058663,0.003619670406474552,-0.001019546563550362,0.9999773902181823
1740166462.7755063,1740166462.762618,1,3,0.001820284220872537,-0.0010828348473522636,-0.001869530977829447,-0.0030440664995329617,0.0056380372650304674,-0.0022394260685700295,0.9999769653176157
1740166462.7922516,1740166462.779476,1,3,0.0012981457570749757,-0.00045221602994183354,-0.0010654428996846428,-0.002981810208509784,0.006101646680275158,-0.0029022849615700595,0.9999727273569372
1740166462.8093452,1740166462.79596,1,3,0.0012181817410102482,-0.0005150168309690543,-0.0011424296472700105,-0.003069151877399413,0.004146848912115387,-0.0015839356607995356,0.999985437443304
1740166462.8264506,1740166462.8128104,1,3,0.006107416918327511,-0.007647434254024935,-0.010478650713525247,-0.007685080429022505,0.005860965604545392,-0.0019181855554856794,0.9999514534141927
1740166462.8421648,1740166462.8294022,1,3,0.012368629449454676,-0.016108089612209307,-0.021568620848457058,-0.013343271695132324,0.010812884352028278,-0.0036279424391731318,0.9998459264637315
1740166462.8597999,1740166462.8458478,1,3,0.0127653335709746,-0.015307998844916758,-0.020529088689893785,-0.012623571653052277,0.015395961586677111,-0.005208749822721845,0.9997882169393807
1740166462.875861,1740166462.8628402,1,3,0.008171043703118806,-0.0075753277263942475,-0.010378945128046862,-0.007012597467567296,0.017912446921009417,-0.006649417691318073,0.9997928550286936
1740166462.893401,1740166462.8795512,1,3,0.009182266748381735,-0.009853849112420305,-0.013359379980898655,-0.008847010768471929,0.023100493672296336,-0.011722906565997783,0.9996252653140594
1740166462.9093294,1740166462.8969653,1,3,0.00834157203634177,-0.010302821370086625,-0.01394925165450618,-0.00992488724028153,0.021047044826013484,-0.012693356811458391,0.9996486368770862
1740166462.9269707,1740166462.9125621,1,3,0.002840012133561134,-0.0034974307892685005,-0.005019694895676499,-0.005394462514693546,0.009467607489953447,-0.006555355932695033,0.9999191424766252
1740166462.9428024,1740166462.929412,1,3,0.0009546878923466585,-0.001075507820584369,-0.0018397890001843387,-0.0033251732371874947,0.0006267627682463001,-0.0002729513865305335,0.9999942379278571
1740166462.9595258,1740166462.9464314,1,3,0.013411030564330066,-0.019180971569897703,-0.025597233841184987,-0.015627646639493602,0.00670472463196834,-0.002506147694748728,0.999852260362426
1740166462.9770458,1740166462.962816,1,3,0.026170020405483243,-0.03650750059980634,-0.048340092274713475,-0.027711901079308925,0.015292486584198565,-0.004805310355731079,0.9994874183225259
1740166463.0096412,1740166462.9961958,1,3,0.04489786269351895,-0.054032497392608105,-0.07122899627517401,-0.03570484512984761,0.055503352914543204,-0.019596329124018822,0.9976274483665536
1740166463.0267637,1740166463.0127692,1,3,0.032153828057594286,-0.03375203812077211,-0.04459280344044026,-0.0191497249182214,0.0612908864614901,-0.024869349844832706,0.9976262981250126
1740166463.0431616,1740166463.0296812,1,3,0.03640925076164131,-0.04327429485662129,-0.05720836852472132,-0.0286562075145395,0.07416703339860135,-0.037788998217680086,0.9961174953495388
1740166463.060653,1740166463.046032,1,3,0.02325516518420122,-0.027255947647568796,-0.03602567118379246,-0.020128231018676584,0.049941443562353006,-0.02549430134774286,0.9982237961147579
1740166463.0768125,1740166463.0633044,1,3,0.012829034467333135,-0.012889199341566031,-0.017178459920928722,-0.0072724792486367875,0.02501861547402528,-0.009485170415668112,0.9996155318258749
1740166463.0934627,1740166463.079611,1,3,0.02817639100766402,-0.035543694169578366,-0.04696091095235204,-0.025763847356292315,0.03321429276372201,-0.01292006250845585,0.9990325855097946
1740166463.1097267,1740166463.0960715,1,3,0.04466987163946135,-0.05767168930389987,-0.07592934205518227,-0.03844585557767055,0.048169761838162996,-0.018795577573155857,0.9979219992048712
1740166463.1260052,1740166463.1129777,1,3,0.03722799774522359,-0.0433049427277575,-0.057172376355139935,-0.028537094242236962,0.04995966822811063,-0.017739457043263757,0.9981858431507417
1740166463.1433477,1740166463.1295283,1,3,0.034795005888679356,-0.03838976302671229,-0.05065137529228979,-0.020714456309892108,0.05114376765533882,-0.017642644834649734,0.9983205714664206
1740166463.1591952,1740166463.1462626,1,3,0.03043246429438253,-0.031236167769035778,-0.0415655993761882,-0.01811424067984673,0.05400873077419695,-0.01989106612245513,0.9981779785054693
1740166463.1767774,1740166463.1631923,1,3,0.033301486609994074,-0.036020332607220165,-0.0474257130722939,-0.020897825164922598,0.05328694111143828,-0.018827890107885208,0.9981829959303292
1740166463.1927652,1740166463.1797304,1,3,0.05190962894793387,-0.06265749776068015,-0.08237149566090243,-0.033903010349177046,0.06262048522255326,-0.02214386286426934,0.9972155785271327
1740166463.2093086,1740166463.1965563,1,3,0.05538404095701606,-0.06499680427743432,-0.08582787591683053,-0.03992460579148938,0.07393885878093413,-0.027107499978399157,0.9960945007676171
1740166463.2270844,1740166463.2131,1,3,0.05785826575246034,-0.06644472072050416,-0.08766568507426807,-0.03836977131556726,0.07820709483225625,-0.028199580888284864,0.9957992742540108
1740166463.2432122,1740166463.229487,1,3,0.04852118681787476,-0.05164957185150482,-0.0683760280105302,-0.02802100446457387,0.08351203181463794,-0.03324119058657154,0.9955579275458432
1740166463.2608886,1740166463.246397,1,3,0.04773916732472333,-0.0530480233643585,-0.06989409434908245,-0.03140214215800398,0.08975283581453528,-0.040210156540231946,0.9946564619214755
1740166463.2765808,1740166463.2630615,1,3,0.04264478812114097,-0.04849793752462007,-0.06380849508064566,-0.02670961916162681,0.07691959031687502,-0.034398635370326135,0.9960856924754941
1740166463.2927303,1740166463.2797143,1,3,0.03078367216766377,-0.03246057639815669,-0.0428133311388905,-0.01884050493429051,0.055105546587422366,-0.021018660235437282,0.9980814746457474
1740166463.3099995,1740166463.2963884,1,3,0.05720210233561555,-0.07135944955339539,-0.09364960266306649,-0.0426569544394321,0.06710056067144389,-0.024820511129879368,0.9965248823901899
1740166463.3433094,1740166463.3300045,1,3,0.08591578464371843,-0.10408244916397184,-0.13741200670935774,-0.06499711151569844,0.10549372816797978,-0.039604124422787934,0.9915028805508034
1740166463.3596482,1740166463.3462613,1,3,0.07305397151223254,-0.08153091717840937,-0.10763496348818212,-0.04181044354363757,0.0979779823613708,-0.034705980865721735,0.9937040287103738
1740166463.377175,1740166463.3629253,1,3,0.06947385836370013,-0.07697786604973565,-0.10169286215481431,-0.03995608749503123,0.11171250988017738,-0.04634486301429732,0.9918548179449181
1740166463.3939593,1740166463.3801928,1,3,0.06415128458605408,-0.0729576128659571,-0.09629267147934063,-0.04175566657959829,0.11572130996105716,-0.05299312128406458,0.9909877758206519
1740166463.4094725,1740166463.3963099,1,3,0.052298488413431134,-0.06015650872896011,-0.07938370810506924,-0.036394699376695094,0.09747123482524646,-0.04542823121305229,0.9935346295161407
1740166463.4270742,1740166463.413138,1,3,0.035246212635664326,-0.03738914938951111,-0.049294130700807993,-0.02062665275378799,0.06222422636571044,-0.02392888880101702,0.9975620758279216
1740166463.443703,1740166463.4297688,1,3,0.05183122753157042,-0.0617939265983211,-0.0813094251209812,-0.03475712548188581,0.06607621409528469,-0.02380792241908478,0.9969248010703503
1740166463.4593315,1740166463.446333,1,3,0.07277053516384888,-0.08964008791411092,-0.11816731231243413,-0.055607398053107215,0.08743567250392033,-0.03300072398506429,0.9940692997331786
1740166463.4761302,1740166463.4631324,1,3,0.07936648623207612,-0.09492947182485123,-0.12520102418482465,-0.05597738956466107,0.09908493067237899,-0.03711044861538512,0.9928099128104739
1740166463.4931552,1740166463.479727,1,3,0.07484850064745148,-0.08511639088756492,-0.11250412530727442,-0.04366335984577816,0.0958914451241016,-0.03400123108580938,0.9938522314930117
1740166463.509898,1740166463.4968028,1,3,0.06717811266229465,-0.07256553201804775,-0.09619436415091472,-0.036506659602565224,0.0969976017945898,-0.03524617816635627,0.9939901588926453
1740166463.5264626,1740166463.5131762,1,3,0.06535713543345797,-0.07034195584453333,-0.09307843705537619,-0.03530756412529482,0.0981678976481331,-0.03660787575979932,0.9938693592315032
1740166463.5433607,1740166463.5297406,1,3,0.06683028601499164,-0.07293089669460025,-0.09639961852540005,-0.034961704815291456,0.09413389407400702,-0.033676590853466595,0.9943753699742167
1740166463.5605965,1740166463.5465176,1,3,0.07120718203491627,-0.07887718020368806,-0.10433267176058642,-0.0383490646126973,0.09571330298176148,-0.033834397062562485,0.9940943347847152
1740166463.5763483,1740166463.56365,1,3,0.07050668456554202,-0.07708990993750431,-0.10208957602542963,-0.037648011169181164,0.09767048956306316,-0.035157007049572926,0.9938848462366418
1740166463.5930858,1740166463.5802548,1,3,0.06731977260111954,-0.07278162696329614,-0.09634871573765713,-0.03625089221731953,0.10557362026444038,-0.04195729442619905,0.9928643759155331
1740166463.609604,1740166463.596502,1,3,0.06613425475874675,-0.07357280692052044,-0.09711281439087281,-0.03775488605023545,0.1116338120993469,-0.048684324891411425,0.9918378380992374
1740166463.6269436,1740166463.6131127,1,3,0.059801889771234434,-0.06762478180281728,-0.08922370961319269,-0.035477418755217247,0.10289269244844673,-0.04597931466837332,0.9929956441101859
1740166463.6437984,1740166463.630132,1,3,0.04739552803774084,-0.05176706605667434,-0.06834165739611492,-0.027093574972051115,0.08011313085923721,-0.03272878601908877,0.9958798376435187
1740166463.6591513,1740166463.646682,1,3,0.055177044048275836,-0.06366795960504047,-0.08393208867608158,-0.03397321669417816,0.07334779134415007,-0.026078546956313165,0.9963863866196851
1740166463.6769428,1740166463.663704,1,3,0.07794538885949441,-0.0949266986327565,-0.12516446043675372,-0.05486113274795134,0.09237458109391616,-0.03441965886577752,0.993615861369422
1740166463.6939285,1740166463.67996,1,3,0.09191791351338768,-0.11126936105208725,-0.14679951584772938,-0.06409292763447358,0.1076665737181576,-0.039791153242429475,0.9913206694378325
1740166463.7099538,1740166463.6967719,1,3,0.08233675639197802,-0.09356695899268556,-0.12358088086853136,-0.04725385498152641,0.10348222172780999,-0.03677468922908949,0.9928273390714849
1740166463.7272775,1740166463.713669,1,3,0.07476706841114614,-0.0825265976306308,-0.10902918385925575,-0.03907853868200204,0.11463294970300221,-0.046660924428221305,0.9915416848465687
1740166463.760313,1740166463.746657,1,3,0.0586171572870919,-0.0674742316418162,-0.08905548326276837,-0.03902547253852721,0.11150680925867104,-0.05344523459456036,0.9915577899856505
1740166463.7765112,1740166463.7634232,1,3,0.04347211194767629,-0.04912603778140807,-0.06461714568391025,-0.027187180282369557,0.07670205735260108,-0.0336179877481407,0.9961161993090656
1740166463.7940152,1740166463.7802393,1,3,0.03849081377022175,-0.0426824225643599,-0.05613767597318912,-0.02101855359122562,0.056327613590267396,-0.019276779303363613,0.9980049228996056
1740166463.8129725,1740166463.797118,1,3,0.058530129605248685,-0.07106571712160521,-0.09359616926220561,-0.0404775177204716,0.07057186385760165,-0.025462799343565032,0.996359788650888
1740166463.8270035,1740166463.813491,1,3,0.06317981818268681,-0.07488993543322243,-0.09880098637540365,-0.04269311426181152,0.07939272389743102,-0.02863296221090159,0.995517075123176
1740166463.8436587,1740166463.8302565,1,3,0.05199758730327658,-0.056225264834861184,-0.0743544464021869,-0.02855817683422432,0.07757833618039543,-0.0274817792920359,0.9961981650747659
1740166463.8598604,1740166463.8468547,1,3,0.05071290809943402,-0.05516652025098836,-0.07296906127124135,-0.029699331852857423,0.08829046305285113,-0.03658559859257193,0.9949795162700739
1740166463.8773112,1740166463.8633575,1,3,0.04803039498818892,-0.05395911240565455,-0.07123085635238023,-0.031635153305263154,0.08906125279494254,-0.03994726818008052,0.9947218335247782
1740166463.89331,1740166463.88052,1,3,0.04001789757182141,-0.04501695014591092,-0.05927328712438874,-0.02519859652992142,0.07217317821052811,-0.031275873927568705,0.9965831038051872
1740166463.91033,1740166463.8970454,1,3,0.031077845027812353,-0.033086278314525056,-0.04369731884096076,-0.016891823231721066,0.05454000476536132,-0.020597110565448995,0.9981562068255936
1740166463.9265091,1740166463.9137397,1,3,0.028694972004820463,-0.029739535569820907,-0.03946545488617043,-0.01694306299215861,0.04949697458050042,-0.017280366198512524,0.9984810319018915
1740166463.9437914,1740166463.930505,1,3,0.02836273597230853,-0.029214416955044713,-0.03874656194429481,-0.017020910542580165,0.05074493146920647,-0.018385768984481184,0.9983973177214251
1740166463.9598305,1740166463.947037,1,3,0.029342268931186296,-0.0317177517593959,-0.04187970588184214,-0.01854784919615988,0.05653241737326095,-0.023995382816796834,0.9979400205822028
1740166463.9769871,1740166463.963941,1,3,0.027674696385086753,-0.031169969623433044,-0.04114024307243735,-0.018491036673964012,0.053270878157012494,-0.024033052868824806,0.998119585757592
1740166463.9940796,1740166463.980289,1,3,0.020090043979545665,-0.021291149248418337,-0.028277591641925344,-0.013980130588362253,0.04068849371242316,-0.01713894947027022,0.9989270538128407
1740166464.0106955,1740166463.9971073,1,3,0.024746867966872,-0.02862172187584993,-0.037826358712714676,-0.018497282120478586,0.03440172123975164,-0.01172515931712611,0.999168100355934
1740166464.0277448,1740166464.0139847,1,3,0.04436317763459418,-0.05622650875419576,-0.07410222181560243,-0.036269990848300994,0.051600177196641714,-0.01997917075244249,0.997808970802119
1740166464.0437589,1740166464.0303926,1,3,0.053729229484173566,-0.06661336151569747,-0.08788709295138072,-0.043867671978799115,0.06430969216867508,-0.024113847361066806,0.9966736743858432
1740166464.0612886,1740166464.0471234,1,3,0.04376984977160463,-0.04878218934718834,-0.06447450998403953,-0.029304931495238353,0.0636394824238976,-0.022381360635348693,0.9972914879627662
1740166464.0768292,1740166464.064449,1,3,0.041594350009761395,-0.04617786053775606,-0.06096299811963446,-0.027154747544149982,0.07811185355866145,-0.03461897577992962,0.9959732348489051
1740166464.0940702,1740166464.0804875,1,3,0.04057041063351367,-0.04902505931438487,-0.06465883893647222,-0.032263172232383446,0.08795342649263269,-0.04674126570079711,0.9945041661885565
1740166464.1273305,1740166464.1138766,1,3,0.01564845281795945,-0.023378444942265535,-0.03092849901952402,-0.019183993310864147,0.030147227521485496,-0.02163091126089461,0.9991272305124307
1740166464.1443229,1740166464.130653,1,3,-0.0008825656680840254,5.2101251559494055e-05,-0.0002128229901904515,-0.0007673313001046935,-0.004687746065725855,0.0011565533731617468,0.9999880492404868
1740166464.1611965,1740166464.1474357,1,3,0.023725294085485585,-0.03622795885909712,-0.04791150485458082,-0.02620642110772144,0.006814819061096992,-0.0035361539448043704,0.9996270691358692
1740166464.1778479,1740166464.1638467,1,3,0.0346943031717975,-0.04916321707714334,-0.06489052886283071,-0.03720825942604997,0.02453698428237148,-0.010607313480640498,0.9989499320454123
1740166464.1949937,1740166464.1808457,1,3,0.02493713660618457,-0.03090877216636425,-0.040856472499560544,-0.021899076186359615,0.028774519457118147,-0.010372350357503436,0.9992921854193884
1740166464.211267,1740166464.1974194,1,3,0.01587041520711308,-0.016429976417886114,-0.021874145803532394,-0.010972098592896218,0.03524622038527965,-0.01555155839392045,0.999197410941672
1740166464.231719,1740166464.2140694,1,3,0.019602779098503907,-0.024450440031786196,-0.032413071227941986,-0.018312389925166046,0.04237881163470018,-0.023685788716584243,0.9986529307584956
1740166464.2452314,1740166464.230957,1,3,0.0145309013252867,-0.02007780687461213,-0.02668621305183741,-0.016605933905227833,0.03061884044569292,-0.019847332351910045,0.9991960833427086
1740166464.261313,1740166464.2475157,1,3,0.004184751287232864,-0.006785603210337879,-0.009311370830702565,-0.007272797950168254,0.009245372371679371,-0.008136394879970348,0.9998977090573026
1740166464.2783053,1740166464.2640939,1,3,-0.0034553978986061884,0.003991871513235899,0.004686653984699076,-5.978108845034493e-05,-0.0040695506870827396,0.00036230016684964583,0.9999916519261627
1740166464.2939532,1740166464.2808707,1,3,-0.004576129706197643,0.005448863716589587,0.006577067200894723,-0.00035825255487439555,-0.005386641119912975,0.0008334835500879829,0.999985080417565
1740166464.3113499,1740166464.2974572,1,3,-0.0023853025342138495,0.0010903464789744563,0.0010256995575905438,-0.002352189254994882,-0.001217495477236653,-0.003836169448653679,0.9999891342981847
1740166464.328174,1740166464.3143203,1,3,0.000945009423628164,-0.006226228050303245,-0.008643241371288619,-0.006574640826267974,-0.0015230206672283227,-0.0068221116560188465,0.9999539555892588
1740166464.3448591,1740166464.3309212,1,3,-0.0035151113670318186,-0.001954046803062818,-0.0032524879768622513,-0.00561109690058557,-0.013239280976474912,-0.002535786983318329,0.9998933977255642
1740166464.361474,1740166464.3474844,1,3,-0.014525010769489194,0.013447246904952375,0.016896641268714693,0.004534380593817974,-0.031854531892310585,0.009014529191835903,0.9994415773090499
1740166464.3784904,1740166464.364326,1,3,-0.007190345580663495,0.002188106750948004,0.0022031022383703336,-0.002416420288058889,-0.03525824215311859,0.012407154204862925,0.9992982937030366
1740166464.3997617,1740166464.3809767,1,3,0.004555427240132553,-0.014062248719659862,-0.01904291628202596,-0.013476011604855334,-0.024814530948003705,0.00815389221348187,0.999567981783544
1740166464.411597,1740166464.397703,1,3,-0.0019108000380819437,-0.0017395852345688562,-0.0028443766319546497,-0.005062214636280273,-0.01903969640281834,0.007193156467668881,0.9997800370300941
1740166464.428942,1740166464.4143038,1,3,-0.004818647197228009,0.002718661121442219,0.0030572177289713673,-0.0014260785065017725,-0.007125275558707785,-0.0025289920557772095,0.9999704000356648
1740166464.445323,1740166464.4306614,1,3,0.00457096842235534,-0.01520590459870179,-0.02059217503709318,-0.014068475550909298,0.0006131759951133236,-0.013522372104128365,0.9998094055686564
1740166464.4795768,1740166464.464237,1,3,-0.011479110804470737,-0.00013085482838312356,-0.0012240779434476976,-0.004845978744763105,-0.052280384187889314,0.008766556035231696,0.9985822076396381
1740166464.5118144,1740166464.4977634,1,3,0.0035525762563242136,-0.02268979858207987,-0.030818624688323762,-0.01971021672853188,-0.06451794694574245,0.020030699008955582,0.9975207832299201
1740166464.527923,1740166464.5144708,1,3,0.01919029432127273,-0.041897897856977485,-0.05590656506495759,-0.036228150524010544,-0.04122820682521389,0.011646205934174437,0.9984248203840517
1740166464.5459335,1740166464.5314302,1,3,0.005607851427642531,-0.016023327079173116,-0.021769511792946998,-0.016806087036968165,-0.025984114401445095,0.007854268288737738,0.9994902159135561
1740166464.5614982,1740166464.5477746,1,3,-0.010102613013571833,0.009868104293456893,0.012279720222656925,0.0029305104668805562,-0.01872775722955541,0.004281264331454545,0.9998111591662091
1740166464.5770519,1740166464.5647519,1,3,0.0006156098682451606,-0.00931202895277194,-0.012967688102929179,-0.011142956767872591,-0.007685152691510115,-0.008111595025157747,0.999875479731714
1740166464.5934713,1740166464.5812602,1,3,-0.0007443073267536627,-0.011652886248320126,-0.01620226581479205,-0.013631602279814126,-0.01959740354978829,-0.006738018482846971,0.9996923128144561
1740166464.610791,1740166464.597625,1,3,-0.011705309382606725,0.0015596001540262448,0.0009206637723353605,-0.0036231022840504485,-0.048071828275923656,0.0076483201150892,0.9988080274284276
1740166464.6269052,1740166464.6145065,1,3,-0.026647077372947605,0.023322896645763463,0.029273528783913736,0.011254751047535793,-0.06977750243405216,0.02157945655989528,0.997265640532904
1740166464.6436744,1740166464.6311984,1,3,-0.025581872595303878,0.021660596381110727,0.027098218647973828,0.009553384369961792,-0.07420330407583553,0.02512685038868341,0.9968807571123306
1740166464.6603596,1740166464.6477017,1,3,-0.025296645140815397,0.02187004069800425,0.027510431348544296,0.010118844729416916,-0.07126116559978983,0.024038133972596097,0.9971166548472734
1740166464.6767292,1740166464.6646442,1,3,-0.026536879967200066,0.02392297376347708,0.030212920661999088,0.012811160199813435,-0.0680541928079063,0.021714999592117642,0.9973630030276405
1740166464.6975625,1740166464.6811337,1,3,-0.025947499773632286,0.022334025229473062,0.02796968437871104,0.011295591408742636,-0.06862682600733658,0.02085842753312476,0.997360363343025
1740166464.731389,1740166464.714677,1,3,-0.017919743341044472,0.00973872751267553,0.011552898679236269,0.0020708019547779318,-0.07432911781694103,0.025428078672297436,0.9969073712431136
1740166464.7451282,1740166464.7312274,1,3,-0.006574348334905575,-0.0059018087304730125,-0.008861941751018326,-0.008451661039729587,-0.06386917214965548,0.021132259869590254,0.9976987149773178
1740166464.7606165,1740166464.748127,1,3,-0.011036329462958652,0.0037300276509018896,0.0038294827476332075,-0.002209796926629294,-0.05440685424475515,0.018671307513589523,0.9983418218648692
1740166464.7812154,1740166464.7645996,1,3,-0.019481988363866696,0.017750058674465746,0.022268204435251265,0.007604599050977374,-0.04444436966477687,0.012219166774257476,0.9989081839897587
1740166464.7980719,1740166464.7812867,1,3,-0.006259615256990025,-0.00572075718812039,-0.008611728630286572,-0.008659335946207752,-0.03363846054251429,-0.0011503022618230667,0.99939589086508
1740166464.8943717,1740166464.8818188,1,3,-0.008515694454715627,-0.006308830396920539,-0.009643459575637392,-0.009648174842856528,-0.07907043583897093,0.02633601842708624,0.9964743815231002
1740166464.9108412,1740166464.8978953,1,3,-0.02547258095403442,0.0221836217570304,0.027936960545733584,0.012198049650892133,-0.06812240888275967,0.022172765353480624,0.9973559612642339
1740166464.9315207,1740166464.9145355,1,3,-0.012372246562194388,-0.000602080604617562,-0.0021134721613112347,-0.0028058480644747264,-0.05760439407697119,0.009363165693315505,0.9982916368115399
1740166465.2454224,1740166465.231537,1,3,0.00455356696794685,-0.02634437508070653,-0.035909538336241,-0.02335222399541103,-0.07956479744974734,0.02672574654528748,0.9961976968016166
1740166465.2612875,1740166465.2482867,1,3,-0.019257692190315794,0.014499254829133933,0.017921103089211816,0.0068034582461364125,-0.06344561705999119,0.021998377388591735,0.9977196189431373
1740166465.2783968,1740166465.265186,1,3,-0.014324720990538076,0.005776347147115062,0.006408548576426186,0.0020744616722398975,-0.047421942383473616,0.007442274507064999,0.9988450673350249
1740166465.5954614,1740166465.5818934,1,3,0.0040210704679174815,-0.023361054484484424,-0.03189820816219314,-0.023673624778255777,-0.06998191717853192,0.023724519642676394,0.9969850740736291
1740166465.6124685,1740166465.5985954,1,3,-0.017207171533605965,0.013018600289459753,0.016081760583782388,0.003965656632513386,-0.05640026972441177,0.01980844375689301,0.9982038412560916
1740166465.6277122,1740166465.6154892,1,3,-0.013910333929849573,0.0070527506560589615,0.008252428845491109,0.0016069730050054549,-0.039691910692782044,0.005146810252209277,0.9991974180348672
1740166465.64561,1740166465.6320143,1,3,-0.007130011509081856,-0.007304409130942056,-0.010849152577032978,-0.009467673390864618,-0.0399297273842721,-0.001593819865415337,0.9991563640240793
1740166465.7278466,1740166465.7152984,1,3,0.003431143277080303,-0.021606347654629775,-0.029452485187708308,-0.021475196641227486,-0.06747778290809127,0.0233209291616718,0.9972169768942291
1740166465.7458797,1740166465.7319436,1,3,-0.01028889244364301,0.0031151643693275236,0.0031100946046428626,-0.0027760434043626633,-0.05337163221639742,0.018854534553446763,0.9983928430153872
1740166465.766157,1740166465.7492533,1,3,-0.020162935172135778,0.019585424871225242,0.024722756136217904,0.00860280337658284,-0.046118274627932734,0.015015914232271823,0.9987860726097334
1740166465.779615,1740166465.7656374,1,3,-0.019890600500029568,0.018584890047925337,0.023444082767636532,0.007789079571116044,-0.04501358931514673,0.013101700876256674,0.9988700878745701
1740166465.79661,1740166465.782428,1,3,-0.021593769531519043,0.020713531692487033,0.026257174499037812,0.00992300141985426,-0.05052651069908686,0.016762294418993896,0.9985327391954695
1740166465.8119276,1740166465.7990367,1,3,-0.018698588485984782,0.01645414470138199,0.02062370062466639,0.007266195243246642,-0.05152062466743403,0.018043673660041327,0.9984824753000997
1740166465.8296711,1740166465.8155773,1,3,-0.01835025338498388,0.016577366731878124,0.02079378738246249,0.006750549926208647,-0.04877077506103975,0.01690544963257294,0.9986441044478056
1740166465.8463042,1740166465.8323095,1,3,-0.019221307900865087,0.017881400603362945,0.022586238643887705,0.008013974965988355,-0.04343476935253233,0.012512084138729103,0.9989457666795741
1740166465.8628705,1740166465.8488328,1,3,-0.014817300738395406,0.009444287206065344,0.011514093191736584,0.00280702951215441,-0.03936328089353898,0.006596489532579193,0.9991992489130788
1740166465.878173,1740166465.8656738,1,3,-0.016025559873861298,0.009065270785991748,0.010865685438368172,0.002609468139853137,-0.04812391652881858,0.00913876581240466,0.9987961565271366
1740166465.8952022,1740166465.8825526,1,3,-0.025512240038635,0.022485880085134434,0.028350584156406174,0.01135051110138192,-0.06616619887098983,0.020668982361380567,0.9975299460130743
1740166465.911621,1740166465.8989818,1,3,-0.011237552018281367,0.0005387167064563945,-0.00036808290276808657,-0.003685675871992044,-0.07040719246988457,0.02488752646009568,0.9972010098613886
1740166465.9278965,1740166465.9159148,1,3,0.01140019749462039,-0.03192835160838742,-0.04281112507049516,-0.027405376634435652,-0.057101990946282134,0.019803609774511774,0.9977956328835049
1740166465.9451976,1740166465.9325716,1,3,0.015948952867543394,-0.03447459712389315,-0.04597898221190829,-0.02943552559716466,-0.038239083603116904,0.013524044340110907,0.9987434217769342
1740166465.9630332,1740166465.949173,1,3,8.514660858295298e-05,-0.006274896255656935,-0.008822802134596882,-0.007822567143968121,-0.025513091833555705,0.009586197416632102,0.9995979163681065
1740166465.978524,1740166465.9661088,1,3,-0.007794955504388121,0.006394996142487665,0.00779643963650224,0.002268484288757921,-0.012640828938510902,-0.00015329444595998473,0.999917516560037
1740166465.9950607,1740166465.9825375,1,3,-0.0019140395314178609,-0.005459242891984124,-0.007923409753895938,-0.007431129221573883,-0.004795408372654613,-0.010641874888400201,0.9999042618550495
1740166466.0131688,1740166465.999084,1,3,-0.006193104721392057,-0.002653999707939837,-0.0043932632498375,-0.006446775151204802,-0.022252644510586568,-0.004044893308323778,0.999723410619437
1740166466.0282738,1740166466.015628,1,3,-0.020685219149802807,0.017582073639605914,0.022114331919653882,0.008580271286747557,-0.05228103264426845,0.014919872185588524,0.9984840859944942
1740166466.045883,1740166466.032378,1,3,-0.007925448108236198,-0.002072897083344921,-0.0036361004836391693,-0.0040817059280866125,-0.059539379683966456,0.02149106062724354,0.9979862405147083
1740166466.0635276,1740166466.049445,1,3,0.013444479432687912,-0.032441651337823986,-0.043434301962314556,-0.026782931282751454,-0.048565254230222836,0.018127902101260765,0.9982962835946372
1740166466.0786858,1740166466.0665689,1,3,0.014926758696478247,-0.03047364386145208,-0.04074480771608396,-0.025270608030839116,-0.029250114301353606,0.010742388132507677,0.9991948900391355
1740166466.095448,1740166466.082455,1,3,0.0009540730442568486,-0.005740654556007066,-0.008200898128950631,-0.0061149448171968325,-0.01930183956650293,0.007800879305740514,0.9997645686466834
1740166466.1129158,1740166466.0991223,1,3,-0.006419720061729488,0.006204359661536848,0.00747428156579179,0.002044515351783197,-0.01103663516589014,0.0018424333650216814,0.999935306947648
1740166466.1282709,1740166466.1156693,1,3,-0.0054515621105650485,0.00328264981522856,0.0036402254263256744,-0.0006733714090605323,-0.009225639026588333,-0.0018383773175737928,0.9999555262732112
1740166466.1466708,1740166466.1326537,1,3,-0.009446591929823002,0.00788719707362337,0.00967486164689814,0.003459908461729161,-0.020313713690171046,0.00393175764805272,0.9997799374619133
1740166466.1630812,1740166466.1491437,1,3,-0.010586808083739529,0.009174943350112458,0.011296664710173985,0.00547778346866585,-0.029616088790048754,0.010641761028664293,0.999489686837868
1740166466.1782873,1740166466.1656647,1,3,-0.00507969658280948,0.0014162869364561829,0.0010576648751330683,-0.0012239821427725036,-0.028043732991667143,0.01070983943226773,0.9995485732304066
1740166466.1961436,1740166466.1826255,1,3,-0.00482218039854392,0.0021955762810643487,0.0021537868854554234,-0.0011918441324686889,-0.022629134919353096,0.008329906959126348,0.9997085147233757
1740166466.21637,1740166466.1991446,1,3,-0.006982629487941403,0.006090497282461683,0.007351789016672695,0.003227608092992703,-0.018739870502195374,0.006141140089991621,0.9998003231635576
1740166466.2327552,1740166466.215745,1,3,-0.0074446497718661814,0.006558742737210536,0.007944780247490475,0.004438169363446703,-0.017986350328831956,0.005084624051257356,0.9998154531976425
1740166466.2452388,1740166466.2327769,1,3,-0.007223172220786753,0.006012468158188658,0.007177941922577732,0.0029883020611187923,-0.021412312437170383,0.007543567780505717,0.9997378043827418
1740166466.2625954,1740166466.2493,1,3,0.005755715097528413,-0.013169379174067719,-0.017926098955344402,-0.010179693427387115,-0.01874926623294372,0.007607000728605242,0.9997434532905757
1740166466.2796767,1740166466.2662635,1,3,0.025226771640392207,-0.04055933880992833,-0.053809617503037276,-0.02782529715957078,-0.008199350599807908,0.004713336004234001,0.9995680606899334
1740166466.2960916,1740166466.2827559,1,3,0.031213094617189588,-0.04581276689924769,-0.06066658359422069,-0.03081876409792153,0.008417675520781693,-0.0016564667051324198,0.9994881703333753
1740166466.3128464,1740166466.2994554,1,3,0.020442011417467317,-0.026192290170597005,-0.0348759385314134,-0.0158368106400946,0.016312188616321884,-0.004382491158951153,0.9997319149164624
1740166466.3295069,1740166466.3162405,1,3,0.012416496602921137,-0.013583440861533947,-0.018318154592269296,-0.006762800273598556,0.027987703420052714,-0.013888717929049927,0.9994888976391972
1740166466.344888,1740166466.3327725,1,3,0.014245320431647692,-0.019132461300988304,-0.02563950478919101,-0.012030019104568355,0.03738401861621505,-0.024924545810781976,0.9989176546685781
1740166466.363691,1740166466.3495772,1,3,0.00852897575413597,-0.014500441707235563,-0.019605019149472734,-0.010454887636259621,0.02421072244228633,-0.021095644241389072,0.9994295923362367
1740166466.3802478,1740166466.3662114,1,3,-0.003620359046404686,0.0011031229936346006,0.0008548828960180489,-0.00015024627114277383,-0.006447641661119567,-0.003168963448673089,0.9999741811735585
1740166466.3970206,1740166466.3828983,1,3,0.001095929303862447,-0.006591170255548222,-0.009249189748473474,-0.004337918068859012,-0.021630606657317024,0.008718688008179246,0.9997186023086099
1740166466.4136336,1740166466.3997016,1,3,0.02649017952566929,-0.04327989547455869,-0.057401117965470164,-0.030304822910025564,-0.009042628624777409,0.004350123202872922,0.9994903326216147
1740166466.4301076,1740166466.4160895,1,3,0.0347813529799724,-0.0516926560422172,-0.06839476046226141,-0.03618732011577781,0.006933411580588407,-0.0008158893908368395,0.9993206392300693
1740166466.4469068,1740166466.4327476,1,3,0.025638205151431382,-0.03407678303710934,-0.04519870958638648,-0.021832560999550905,0.0179391697907452,-0.004880440089380041,0.9995887688304395
1740166466.4633136,1740166466.4494975,1,3,0.013994204735423474,-0.01496394412927741,-0.02012345954043941,-0.007663707164026317,0.023974916099067687,-0.008868818947887283,0.9996438440969946
1740166466.4800324,1740166466.4661632,1,3,0.013712787656729309,-0.015599543155265821,-0.020971172122048153,-0.00837126246588609,0.02988189350113321,-0.0151293751148018,0.9994038705218975
1740166466.4965496,1740166466.4829006,1,3,0.010187904376400079,-0.012086824583364134,-0.01634326072011685,-0.006234861531497816,0.022221220666442453,-0.011994075387130857,0.9996616857764352
1740166466.512702,1740166466.4994874,1,3,0.006348702034205639,-0.0073237783824482575,-0.010120066985969473,-0.0028211102479703248,0.009995106555519098,-0.004264394099165158,0.9999369750763694
1740166466.530011,1740166466.5161114,1,3,0.010361772755909248,-0.013252900684585357,-0.017946637977979938,-0.007290425199706549,0.007280447762966448,-0.0015593669343314796,0.9999457051038032
1740166466.5455709,1740166466.5330715,1,3,0.013896521535913713,-0.017657443020678044,-0.023684007116871398,-0.009821644231197742,0.011330954802482422,-0.0028854836101201765,0.9998834025786184
1740166466.5633097,1740166466.549587,1,3,0.01219734973582182,-0.014315868179410447,-0.019219583930287543,-0.006354828106691517,0.015165834894056261,-0.004916239253573595,0.9998527112546638
1740166466.580949,1740166466.567183,1,3,0.010111720894661743,-0.011261671619608225,-0.015241734469737414,-0.004256563448059528,0.017667575283062533,-0.007363598322838721,0.999807739453426
1740166466.5956953,1740166466.5832317,1,3,0.008207107594831347,-0.0090205905493569,-0.01238229440543679,-0.004222498998743568,0.01512717350549436,-0.006645379067932069,0.9998545784567793
1740166466.614252,1740166466.5996697,1,3,0.010354982019503307,-0.012550691574919087,-0.01699243943477818,-0.006732287966389872,0.010332162919723874,-0.002844383397794104,0.9999199128886395
1740166466.6301932,1740166466.61637,1,3,0.02256339507962754,-0.030154806622384674,-0.04003397593213662,-0.01775423248076353,0.014727739620996376,-0.0034880237225464717,0.999727820261688
1740166466.6470027,1740166466.6328344,1,3,0.032350951030520145,-0.042752287235825095,-0.056591544425846865,-0.026486564162385817,0.024563690189859273,-0.007007403858867387,0.9993227623417207
1740166466.663497,1740166466.6499534,1,3,0.027968382781437116,-0.03368323745131522,-0.044725617339212695,-0.019933109086011508,0.031006719669669242,-0.009485546991329993,0.9992753769085713
1740166466.680563,1740166466.6664653,1,3,0.020710025037824906,-0.02198724235312521,-0.029349131065493538,-0.011010383880675332,0.03786058230007843,-0.014910544732671246,0.9991111166484308
1740166466.697564,1740166466.6832085,1,3,0.02103895782246428,-0.024253697524309815,-0.03231719906878187,-0.013075596838828266,0.04706600563285944,-0.02443582936693581,0.9985072408972436
1740166466.713989,1740166466.7000363,1,3,0.016265734959230095,-0.020004262091206242,-0.026742245914138953,-0.012602541510050129,0.03972000022691523,-0.023346731443123287,0.9988585623902836
1740166466.7302063,1740166466.71644,1,3,0.006743333339747678,-0.007790287108771934,-0.010678958327445667,-0.0048210923154406015,0.016191260405051373,-0.009150179289623691,0.9998154201523147
1740166466.7475612,1740166466.7334516,1,3,0.01712656032819961,-0.02373908477525944,-0.031574253808711955,-0.014040185400822172,0.007942347688013341,-0.0014308720661216248,0.9998688638577778
1740166466.7639873,1740166466.7499664,1,3,0.043111928584079875,-0.06077699393947165,-0.08025375618663616,-0.03994275996601121,0.020178574274157948,-0.004736212272560871,0.9989869715666312
1740166466.7804515,1740166466.7664456,1,3,0.05349315875159899,-0.07194046892700773,-0.09499110567448361,-0.048618200218169906,0.03878579027869541,-0.011845974029444446,0.9979937905514727
1740166466.7967963,1740166466.7833383,1,3,0.0451804485150254,-0.05544873965366261,-0.07334024249165111,-0.034840194766466555,0.04838671587248779,-0.015697566732080375,0.9980974265844
1740166466.8138855,1740166466.799729,1,3,0.03131421733582982,-0.033039475354560345,-0.043919530677103406,-0.01740829525407726,0.05354370956802134,-0.019925894737544823,0.9982148972746051
1740166466.8340006,1740166466.8164341,1,3,0.030778810243351738,-0.03374603984576486,-0.04482048727879427,-0.019094320485258037,0.06454440172698069,-0.030354702825891068,0.9972702838986351
1740166466.8478992,1740166466.8333015,1,3,0.02612034931597072,-0.029519418308391547,-0.03922226314781836,-0.01841521838519083,0.058454437256199934,-0.029619090444299914,0.9976806442836
1740166466.864572,1740166466.8497598,1,3,0.01793178076523905,-0.019412075626761366,-0.025950744194987968,-0.012228085175332899,0.039100669286223064,-0.018485269975003372,0.9989894425809842
1740166466.8802636,1740166466.866694,1,3,0.015173008440891807,-0.015996971237421283,-0.02151314516726767,-0.009558865869451729,0.025423413767963133,-0.008994109864482387,0.9995906082509071
1740166466.8977854,1740166466.8831291,1,3,0.021924815267020052,-0.025657818919001332,-0.03418845180038491,-0.016179192597433504,0.027364933425567697,-0.009027421529333063,0.9994538007362027
1740166466.9144325,1740166466.8998604,1,3,0.022829657472013723,-0.025898542682472884,-0.03444665381472222,-0.016125459575217386,0.031293925165794385,-0.010374679983446218,0.9993262859629215
1740166466.9301505,1740166466.9166882,1,3,0.019719041988988526,-0.020495431478485888,-0.027376635515922516,-0.012089316869155351,0.0338078886820793,-0.011936050219703799,0.9992839465265366
1740166466.9471312,1740166466.9332187,1,3,0.018534092369955103,-0.018733703547169203,-0.0251366475259358,-0.011370617674785626,0.03509629635905929,-0.013141112452381958,0.9992328408329485
1740166466.963539,1740166466.950247,1,3,0.01967950831566539,-0.020616411860301512,-0.027589876523101922,-0.013001597985819815,0.033259964305985074,-0.011636158825562189,0.9992944175927163
1740166466.980445,1740166466.966648,1,3,0.02802960186807845,-0.032688302982240416,-0.04336306726526358,-0.020888912298797458,0.03611156616283585,-0.011848681840543124,0.999059165850993
1740166466.9968233,1740166466.983381,1,3,0.03714387216944261,-0.0448520543637257,-0.05936755901949444,-0.028932280820497223,0.04360619793543261,-0.014570335267995893,0.9985234739145185
1740166467.0130956,1740166467.0004022,1,3,0.03586392737768821,-0.040984503608659614,-0.05437588961460515,-0.02571999587722575,0.048204455359036016,-0.016195176891001806,0.9983749438668237
1740166467.031276,1740166467.0166113,1,3,0.028720827009154678,-0.029509172851643665,-0.039303718967239436,-0.01738625541483321,0.05318969523856166,-0.02028786626367976,0.9982269165503134
1740166467.0466187,1740166467.0337284,1,3,0.028708837249525596,-0.03111485223790281,-0.04133615714665269,-0.019854027808468677,0.06483050865035485,-0.031238370487503,0.9972096003033677
1740166467.0642438,1740166467.0500016,1,3,0.02498086341868986,-0.028559275704243242,-0.03793254423182179,-0.020188527600511166,0.0618039243652916,-0.033129415505379865,0.9973340163228388
1740166467.079943,1740166467.0671685,1,3,0.01643273915830625,-0.01851395129276429,-0.02469623720328896,-0.013650362156625172,0.0405961695301877,-0.02143754128716583,0.998852366696916
1740166467.096887,1740166467.0835292,1,3,0.012443872608366368,-0.013567317413914808,-0.018193879538165814,-0.008757029208475209,0.01964787273861755,-0.006778673159457312,0.9997456302112484
1740166467.114219,1740166467.1000931,1,3,0.034207582853706946,-0.04539690702872268,-0.06002576168017516,-0.030758431044909676,0.028160602704263966,-0.009171681016147156,0.9990879739253827
1740166467.1302667,1740166467.1167674,1,3,0.04688230049842911,-0.06138409571813395,-0.08110458368073732,-0.04280418704982583,0.041573749564330575,-0.013925702891661004,0.9981209845089618
1740166467.147652,1740166467.1336076,1,3,0.041578677101190405,-0.050171484569345566,-0.06637429809511922,-0.032737623537924476,0.048234530776668505,-0.016001000637506514,0.9981711506672802
1740166467.1650345,1740166467.1502063,1,3,0.02964518381850848,-0.030954741824525043,-0.04108787785182831,-0.017069799052200366,0.05283967200364998,-0.019779509243427758,0.9982611692522921
1740166467.1844683,1740166467.1671314,1,3,0.02954166689131515,-0.032390638478482635,-0.04295034373099352,-0.019193016112021302,0.0645865418551563,-0.030845795909976815,0.9972505921875384
1740166467.1983447,1740166467.1837022,1,3,0.025056973460871285,-0.028507723648003802,-0.037855160003787344,-0.018999186260387182,0.05894570699027179,-0.030524293393069054,0.9976135033477213
1740166467.2143736,1740166467.2002857,1,3,0.016698650007294626,-0.018318684601007718,-0.02447470067336362,-0.01205140825593178,0.03793462192269187,-0.018553805366024467,0.9990352768171258
1740166467.2312226,1740166467.2170575,1,3,0.014617992269517687,-0.015956909588625917,-0.021389969600531758,-0.00940840231464593,0.022591652191724546,-0.0077076691780705265,0.9996707913373158
1740166467.247006,1740166467.2334738,1,3,0.027070717448120143,-0.03388140699404149,-0.04492375076905911,-0.022016986832528472,0.028004341959847752,-0.009210645966081767,0.999322857300432
1740166467.26429,1740166467.2505796,1,3,0.03183984970494127,-0.03914599664993171,-0.05182441899515398,-0.025415745872178718,0.0349703798502664,-0.01151407617199137,0.9989987679896281
1740166467.2826068,1740166467.2670443,1,3,0.02775004772367325,-0.03129830196820201,-0.04154628659781633,-0.01811716283838703,0.038378507527841006,-0.012788295675420577,0.9990171760607226
1740166467.297402,1740166467.2836323,1,3,0.023999063227505238,-0.025205608629795238,-0.033596871892695494,-0.013398700844306631,0.04158971582331535,-0.015347472084873675,0.9989270371023223
1740166467.3138816,1740166467.3004692,1,3,0.02235702784163252,-0.02321383638366292,-0.030969579727601698,-0.013085049787646878,0.04178899067401401,-0.016290971250380457,0.9989079366919763
1740166467.3304646,1740166467.3170836,1,3,0.021722777455332284,-0.022713903202845782,-0.0302547097376602,-0.012646614514315766,0.03789165945967655,-0.013639580447131717,0.99910872638064
1740166467.3472168,1740166467.334057,1,3,0.02567881716650931,-0.02848254879132536,-0.037843297680981755,-0.015320973623396327,0.037059693613861924,-0.012339915669836523,0.9991193989497648
1740166467.364396,1740166467.3504388,1,3,0.027065963351941322,-0.029911844192851415,-0.03975973105155632,-0.015715182687560263,0.03940952964173973,-0.013245368273782946,0.9990117527966352
1740166467.3809707,1740166467.3671124,1,3,0.024275374143874654,-0.025595339524536912,-0.03408146413997214,-0.013339461179483996,0.043899122961113236,-0.01704187254247561,0.9988015320167125
1740166467.397845,1740166467.3840084,1,3,0.024102940854119036,-0.026820197766089654,-0.035632958885250206,-0.015204627445757055,0.050980299105055166,-0.024437600198487164,0.9982848451739281
1740166467.4136064,1740166467.400548,1,3,0.021465331907762984,-0.025510584596853104,-0.033894760284620205,-0.014911761456320262,0.04817282598782441,-0.026064071399104115,0.9983875411826407
1740166467.432044,1740166467.4172945,1,3,0.013875498466575098,-0.016572039456894512,-0.022168591590363284,-0.009185668693229102,0.030311630121089162,-0.016579511873021868,0.9993607698704772
1740166467.448672,1740166467.433882,1,3,0.010215150419067846,-0.012049195958818728,-0.01622907740762696,-0.005910612098760628,0.012573076132268329,-0.004252651700637625,0.9998944431162238
1740166467.4644141,1740166467.4505627,1,3,0.030044932151602415,-0.04106860572082593,-0.05432860888743574,-0.0257471486472858,0.01934787473967487,-0.005783189145076868,0.9994645060245535
1740166467.4805496,1740166467.4673767,1,3,0.04464789739261165,-0.06005647903845292,-0.07931493593678589,-0.038697204553301355,0.03329384551240888,-0.01056431611398454,0.9986402963208523
1740166467.4972057,1740166467.4838276,1,3,0.042492549470546405,-0.05335869314470545,-0.07051104964889549,-0.03186517426929015,0.04113891564537961,-0.012839348388518631,0.9985626427126484
1740166467.5138402,1740166467.5005517,1,3,0.02932641024780396,-0.03183141963044075,-0.04223084376123862,-0.01536053662848285,0.04653150436775057,-0.016682625483245207,0.9986593828842468
1740166467.5312402,1740166467.5173657,1,3,0.028809708618285978,-0.03252913834167346,-0.04314189176101058,-0.01704701857334089,0.05952973610259426,-0.028754771400687378,0.9976666641714605
1740166467.5477662,1740166467.5339563,1,3,0.024826538023622745,-0.02985263135708468,-0.03962098041787309,-0.016789718941135276,0.05699437228134173,-0.03143927102035442,0.9977381014594172
1740166467.5643506,1740166467.5508132,1,3,0.016264110872525075,-0.02032400201762283,-0.027065111683162797,-0.010590283986592095,0.03608321047596076,-0.02085920189111001,0.9990749428863166
1740166467.5812776,1740166467.5677755,1,3,0.008080566499637449,-0.009687996219908648,-0.013107069893557982,-0.0027923499805768857,0.012674265352200132,-0.005794892116632994,0.9998989874005897
1740166467.597724,1740166467.5840082,1,3,0.014526165053190212,-0.019315041597858188,-0.02578159063734878,-0.009345655132616117,0.008523617652625898,-0.0015200608204311732,0.9999188447505909
1740166467.6143978,1740166467.6005676,1,3,0.021706036821411652,-0.028709971056982336,-0.038116760906112254,-0.015394844776349724,0.014863676529341953,-0.0036131469481359476,0.9997644797868518
1740166467.6303625,1740166467.6171894,1,3,0.01939029983467591,-0.02364707908091898,-0.03145518663287958,-0.010748023920272656,0.019794611542754262,-0.005673744083104063,0.9997301945843989
1740166467.6478856,1740166467.634247,1,3,0.015445666881684923,-0.01726442853205656,-0.023093595977576473,-0.006919477577971676,0.02446220182512786,-0.009226209808761153,0.9996342323892671
1740166467.664597,1740166467.6507707,1,3,0.013356383253138619,-0.014881620607673151,-0.01997228874212089,-0.00668127082098619,0.025495716636074174,-0.011326974519651716,0.9995884296557563
1740166467.6810048,1740166467.6672623,1,3,0.010949609508341278,-0.012270211664175733,-0.016499634183556527,-0.004980080394113082,0.019735414479597563,-0.008347176067180573,0.999757989148519
1740166467.698285,1740166467.684129,1,3,0.011998099547006385,-0.014240445315507128,-0.019077553885271378,-0.005422584028226092,0.014366295089546148,-0.004564336612137858,0.999871677756275
1740166467.715164,1740166467.7005866,1,3,0.014666232565502342,-0.017778027579248932,-0.02379516797347485,-0.00834592465010592,0.015090508674192274,-0.0042270091560550616,0.9998423648172163
1740166467.7307634,1740166467.717564,1,3,0.013152767226558752,-0.014853966676594362,-0.01999625878162366,-0.007542416027425372,0.018434523397393408,-0.0063969299240343135,0.9997811558511829
1740166467.7476377,1740166467.7339528,1,3,0.011541150923489514,-0.012756548007204023,-0.017184280075150715,-0.00598355417811381,0.02318832883807608,-0.010710740827291112,0.9996558300315291
1740166467.7643557,1740166467.7507648,1,3,0.01122562277888193,-0.013892445214455642,-0.018640890556932736,-0.00649075171483869,0.024147900968903475,-0.013774256989555445,0.9995924263745489
1740166467.7818983,1740166467.7675455,1,3,0.006675036069901064,-0.00887904216347918,-0.012090700355000188,-0.0040237157530979145,0.014613334122539482,-0.009537368486458458,0.9998396365316364
1740166467.7978394,1740166467.7840066,1,3,0.003297663419085326,-0.004697426289624053,-0.006624482184802087,-0.0014958038357831948,0.0011847872553716868,-0.0006956811940099255,0.9999979374367333
1740166467.814612,1740166467.8008785,1,3,0.016441792137823142,-0.024058028719865763,-0.032033497242908604,-0.014180307780144553,0.0028756103601668016,0.00030359316050314604,0.999895273299914
1740166467.831841,1740166467.8175733,1,3,0.030307159445134617,-0.04279809311796341,-0.05665323556499575,-0.027220315925666632,0.013592886094540287,-0.0033549721834754236,0.9995314062150203
1740166467.8481846,1740166467.8342886,1,3,0.02759565427312083,-0.03573298717732088,-0.047366666034312756,-0.022236573705511548,0.022505555116787642,-0.0064335931851129124,0.9994786859445544
1740166467.8650005,1740166467.8512826,1,3,0.016918259922023015,-0.018209453184600575,-0.024316984851263834,-0.009344800354012056,0.028918089040334324,-0.01083128061234778,0.9994794155923851
1740166467.8815255,1740166467.8678198,1,3,0.01864492802949475,-0.022484465009841224,-0.029918828181351734,-0.012769325966973194,0.04131060413633585,-0.022567763769390674,0.9988098289157397
1740166467.8981762,1740166467.8844426,1,3,0.015433356889612145,-0.021087982276424284,-0.02813760263761098,-0.013710035186003349,0.039020014172311865,-0.02608252801737886,0.9988038722198738
1740166467.914436,1740166467.9012916,1,3,0.0067053416843331475,-0.011404575148311247,-0.015457313623223001,-0.008369403790692802,0.017598215403706142,-0.015759388569972072,0.9996858994537702
1740166467.9301069,1740166467.917791,1,3,-0.0041762135082499385,0.003439165641987951,0.003978782836023543,0.001994872731959008,-0.00889720945073906,0.0013429740031875154,0.9999575273818382
1740166467.9480338,1740166467.934583,1,3,0.00748806449513009,-0.014102809796576394,-0.019045013410228327,-0.009505245715275171,-0.011462700994342852,0.004833509581051973,0.9998774394769273
1740166467.9641356,1740166467.9508882,1,3,0.02070900925008955,-0.03214099063912994,-0.042699121611925024,-0.022311602572984788,-0.0015322366522116685,0.0015827312783688735,0.999748638210209
1740166467.9819243,1740166467.967643,1,3,0.01859552483596174,-0.02616236644738047,-0.034822012512906515,-0.017905253907872374,0.007446398219740004,-0.0014784042467197328,0.9998108657925913
1740166467.9972422,1740166467.9845757,1,3,0.009220555346534088,-0.01028525989468916,-0.013996279530766187,-0.00667196196169333,0.012648912802351689,-0.004184919662241003,0.9998889820254651
1740166468.0152884,1740166468.0011165,1,3,0.007441685679395566,-0.007890101044968408,-0.010869817284054319,-0.005434359704564831,0.01798504181698998,-0.009010066869886847,0.9997828887815807
1740166468.0316286,1740166468.017919,1,3,0.0059052868148452824,-0.006877788301250856,-0.009514927156445413,-0.005081964141496357,0.015507158648350058,-0.009079350799662215,0.9998256183256039
1740166468.0473876,1740166468.0343266,1,3,0.0024186710862362576,-0.002653072437177138,-0.0039638771757294295,-0.002330220909687092,0.0068681443280319,-0.004231985018096062,0.9999647438619064
1740166468.0647573,1740166468.0510478,1,3,0.0009796871579845373,-0.0007892714329824291,-0.0015801429593995144,-0.0015269700674935785,0.0019002135506317375,-0.0008626537516599973,0.999996656684101
1740166468.082598,1740166468.068214,1,3,0.000679116601898916,-0.0002791006338114663,-0.0009369506208998154,-0.0020544860422732803,0.00226254289577264,-0.0011834459559185587,0.9999946297067881
1740166468.098711,1740166468.0845733,1,3,0.0005935646824996516,-0.0006085339400203051,-0.0013197938810001458,-0.002485780527058079,0.005320027229133581,-0.004307689532581343,0.999973480656534
1740166468.1155334,1740166468.1011977,1,3,0.0012441134554296263,-0.0030883972526011307,-0.00454802740838949,-0.004506544015413656,0.007184978468877584,-0.008077022807576452,0.9999314120718505
1740166468.1324935,1740166468.1181793,1,3,-0.0015883449809084601,-0.0006294957872545326,-0.001384174676733713,-0.0035509424526994817,6.544810139749644e-05,-0.005662402808447085,0.9999776616098374
1740166468.1486013,1740166468.1345496,1,3,-0.008328551924198596,0.008549424159986994,0.010599699486070386,0.0022531576447673476,-0.014390408194491592,0.003392993058784244,0.9998881572609642
1740166468.1656423,1740166468.1513727,1,3,0.0005083673473124095,-0.004838740212580738,-0.006941241756535055,-0.006448487136826908,-0.016579153304258243,0.006321681441294312,0.9998217766347735
1740166468.1818938,1740166468.167826,1,3,0.016189356475559514,-0.02704036859271137,-0.03603472882808128,-0.022341655104958072,-0.00666713881792134,0.002563020747916784,0.9997248774696964
1740166468.198392,1740166468.1844885,1,3,0.01782398743777324,-0.026718432277423612,-0.035583499249112006,-0.022057518899810197,0.0033952420993979197,-0.0006789007944727792,0.9997507075690332
1740166468.2146504,1740166468.201316,1,3,0.006048003079876705,-0.006762080006548795,-0.009354552224471001,-0.006721736556414343,0.008016797467054576,-0.002566904722078604,0.9999419784248414
1740166468.2316759,1740166468.2178586,1,3,0.006519029593876764,-0.008180327391807934,-0.01121709417557473,-0.007339973515642534,0.019174675573869832,-0.012284400255171858,0.9997137340838111
1740166468.247685,1740166468.2346992,1,3,0.008064215679723114,-0.013330158788535943,-0.018038570329446245,-0.01265598457891358,0.02068286080807123,-0.017560304560139902,0.9995517400449501
1740166468.2645566,1740166468.2513366,1,3,0.0005874378073556409,-0.004960451808859692,-0.007096958331034806,-0.0077894967618173105,0.004491368477270725,-0.010511931125755727,0.9999043207494436
1740166468.2821534,1740166468.2679315,1,3,-0.010192095278960034,0.009968999152654026,0.012477328930861141,0.0036378777795384016,-0.01959666612372779,0.005008571595212576,0.9997888030642631
1740166468.2987623,1740166468.2849145,1,3,0.0025391320207420656,-0.009246823118414259,-0.0127215596976893,-0.00851881602831074,-0.021131679061730288,0.00785327578499332,0.999709561809305
1740166468.3148506,1740166468.3012922,1,3,0.01729574602752995,-0.029584837778128745,-0.03940261480325477,-0.023570585931036305,-0.009704807315417644,0.0035034129955252937,0.9996689303420514
1740166468.3316877,1740166468.3180704,1,3,0.015917448839860352,-0.024429368039320505,-0.0326056969331835,-0.019978724117928635,0.0006730420845096912,0.00011841048433512217,0.9998001718223144
1740166468.3484726,1740166468.3347352,1,3,0.004878734911465909,-0.005686681423926228,-0.007983458361229176,-0.005445809822702908,0.005088296973174801,-0.0014089946331951545,0.9999712331479397
1740166468.365886,1740166468.351368,1,3,0.003915721207964589,-0.004627475457726189,-0.006589359112926505,-0.004634551281116522,0.012496143522780282,-0.008038269952825602,0.9998788694375166
1740166468.38171,1740166468.3684065,1,3,0.003395781611341659,-0.005653355621845307,-0.007926214907797468,-0.005965550596059764,0.010811825874047701,-0.009516821062661041,0.99987846598685
1740166468.3983686,1740166468.384796,1,3,-0.0020204056037453873,0.0009509027701097626,0.0007139759284438027,-0.0015218289707761895,-0.0008620930949571352,-0.003408524902919124,0.999992661368105
1740166468.4148536,1740166468.401573,1,3,-0.005587546501595606,0.005714191886753781,0.006892008521685629,0.002065142272878111,-0.011336092245272354,0.0034339214036258614,0.9999277155793778
1740166468.432882,1740166468.4180443,1,3,-0.0025848060704667265,0.001335261183497816,0.0011294713497582813,-0.0009175530660302384,-0.012223589836198734,0.004565479511248877,0.9999144455125748
1740166468.448813,1740166468.4346335,1,3,-0.002510927394374146,0.001766979191506663,0.0017585782110993492,-0.0006275756153293077,-0.00968673817536819,0.0035894614615695065,0.9999464430752203
1740166468.464949,1740166468.4517403,1,3,-0.00376112410907008,0.0037496286427091425,0.0043949716422430505,0.0011416561434267917,-0.0073270026121912205,0.0016139452135023834,0.9999712030027759
1740166468.4811625,1740166468.4681115,1,3,-0.0042046849619577715,0.003884836095899815,0.004520874021812856,0.0015321346656177214,-0.007466142573306367,0.0007163831153730421,0.9999706976075217
1740166468.4983814,1740166468.4848194,1,3,-0.0048639867938136665,0.00440606967954865,0.005176031463815915,0.0018238396103207417,-0.01226384019893662,0.003809831435568724,0.9999158749700313
1740166468.514997,1740166468.5016294,1,3,0.0020397284266437366,-0.005813930609466686,-0.008188517496463606,-0.005139811874719199,-0.011937569656698047,0.004885602837936737,0.9999035991781877
1740166468.5325117,1740166468.518297,1,3,0.01378919097253619,-0.02216748367739636,-0.029617997596706216,-0.016527542278839367,-0.0033113609632757796,0.001503680280639151,0.9998567968366299
1740166468.5483377,1740166468.5352888,1,3,0.016777689012521833,-0.02435381229427963,-0.03248039456247376,-0.017595954286871725,0.005028645291436506,-0.0011949381689851325,0.9998318194786759
1740166468.5652945,1740166468.551666,1,3,0.007957599675525198,-0.009205107044864432,-0.012572123225770112,-0.0060774198038313154,0.009872263862060495,-0.0032561121272950476,0.9999274979260148
1740166468.5807824,1740166468.5683353,1,3,0.008023493026625148,-0.010011922202593825,-0.013610632763677367,-0.006825072983514742,0.01944026527423047,-0.011918930525046946,0.9997166766439262
1740166468.5984852,1740166468.5850546,1,3,0.009524416053794517,-0.01516147263620975,-0.020408350832285725,-0.011914037480742441,0.022239222973035395,-0.01806423968658945,0.9995184620190908
1740166468.6152809,1740166468.6015399,1,3,0.0032177691601716556,-0.00893587184648787,-0.01229961414455888,-0.008084105086967818,0.006953189868634856,-0.01221257082358373,0.9998685681175664
1740166468.6331968,1740166468.6186287,1,3,-0.008407571705408436,0.006756665372185881,0.008268278054826122,0.003812068187511184,-0.018567801676155883,0.003491520895641391,0.9998142398260208
1740166468.647894,1740166468.6350296,1,3,-0.0015849910936691029,-0.0037697683011533745,-0.005548940704511356,-0.0027161184028358498,-0.0259751516685365,0.009931049861198945,0.9996095680040645
1740166468.665703,1740166468.651703,1,3,0.016043106382455055,-0.028765955084227406,-0.038336678886472464,-0.02105320927640415,-0.01425403894995275,0.0051724903165374725,0.9996633583845627
1740166468.682488,1740166468.6685746,1,3,0.019119619882401566,-0.030208561836432963,-0.04017889807597051,-0.021519878466295505,-0.001982319078425907,0.0011345370890219505,0.9997658116116297
1740166468.6993566,1740166468.6850579,1,3,0.010096770774958377,-0.013965246745900911,-0.01879869097796466,-0.008545420894969924,0.003086906780787093,0.00011252769205518687,0.999958716210711
1740166468.7157233,1740166468.7016432,1,3,0.005028810877222602,-0.005901231854961525,-0.008211367503697867,-0.0027032614157311355,0.009793977588567211,-0.00512612424774262,0.9999352445188185
1740166468.7326493,1740166468.7184436,1,3,0.005267261400484158,-0.0077384661303870304,-0.010653227420314118,-0.005079547594803385,0.011556512055945406,-0.008823926382924686,0.9998813847394707
1740166468.7485049,1740166468.7350354,1,3,0.0008667037555509193,-0.0027705909261084563,-0.004155919255757524,-0.0014570125792655307,0.0019099140656332466,-0.004185288089737689,0.9999883562853177
1740166468.7645442,1740166468.7519107,1,3,-0.0019690151648460454,0.0006851411760791752,0.00034939177066582966,0.0017148559573856982,-0.008875576365338802,0.0026482216285006587,0.9999556341835546
1740166468.782401,1740166468.76834,1,3,0.0015725737566018706,-0.004449745230305133,-0.0064009703784619135,-0.001989037133933583,-0.010174080708229909,0.00436035696966749,0.999936757550256
1740166468.7983015,1740166468.7850206,1,3,0.0039054844934522477,-0.0070483125763177,-0.009770411263203284,-0.004073912548358693,-0.006243135061635576,0.002950213025732011,0.9999678608556642
1740166468.8149612,1740166468.8019688,1,3,0.002975781031694215,-0.004940669750948891,-0.00695314149969279,-0.0012502525820410012,-0.002714084700193685,0.0011929972690928755,0.9999948236717214
1740166468.8319564,1740166468.8184233,1,3,0.002037985303600641,-0.0035982186234002228,-0.0052118300738695136,0.0005094260398355291,-0.0007079874390753613,-0.0005801499680156631,0.9999994513323048
1740166468.8498335,1740166468.835207,1,3,0.0007023329259518064,-0.002091822128284737,-0.003273785227050093,0.0005756798118737561,-0.002805653579304866,3.0829993932283685e-05,0.9999958979667161
1740166468.8660514,1740166468.8520155,1,3,0.0016738528765148127,-0.003733113779545618,-0.005405234376127409,-0.0008528040478445198,-0.005929582469140682,0.002434820854485375,0.9999790919936297
1740166468.8832588,1740166468.8690436,1,3,0.009407260908618686,-0.014788742078386914,-0.019867746699148075,-0.006889659071665804,-0.0035303583541785592,0.002406625759315391,0.9999671381201594
1740166468.900652,1740166468.8859897,1,3,0.01493509104588215,-0.021571383927538507,-0.028741922801579205,-0.010278472570101383,0.0029097703999181475,0.0004980102232310032,0.999942817476911
1740166468.9171255,1740166468.9024134,1,3,0.011809233578364737,-0.015291759406505595,-0.020491084912720444,-0.005880549134471536,0.00860408239223848,-0.0020935089842203537,0.9999435014680567
1740166468.9326296,1740166468.9186869,1,3,0.008886489407916639,-0.010831546939055936,-0.014624383089580044,-0.002972299361989655,0.014348868975472957,-0.006890486617289797,0.9998688896999468
1740166468.9499507,1740166468.9357944,1,3,0.010083144400535732,-0.014515254033854091,-0.01948236049371789,-0.005315378870397865,0.01663467874191873,-0.011519577515488981,0.9997811428230089
1740166468.965795,1740166468.9521098,1,3,0.005268508213910355,-0.009680643878643673,-0.013174761083742636,-0.002432929706629891,0.00714085556450748,-0.008396566805332966,0.9999362913209687
1740166468.9823158,1740166468.968674,1,3,-0.0018095647236782788,-0.0004530552100453449,-0.0010637480440222546,0.0031138842127128104,-0.010470388870921386,0.0023731029467944937,0.9999375195803013
1740166468.9984584,1740166468.9854405,1,3,0.006975799641229458,-0.013617537770360599,-0.018329425257653558,-0.005859275593010105,-0.012984807540758172,0.005707283785433533,0.9998822383533208
1740166469.0156527,1740166469.0020204,1,3,0.024277233589794528,-0.037705609963044506,-0.049941140067226,-0.022723726798403485,-4.072234215526394e-05,0.0006172846125534597,0.9997415913833881
1740166469.0341265,1740166469.019058,1,3,0.028503404524157533,-0.040588096165594674,-0.05370466679793731,-0.024092335605777386,0.013350608886544131,-0.004066903571994207,0.999612315301664
1740166469.0488968,1740166469.035367,1,3,0.019918086315901123,-0.02480952966384036,-0.03295792089918011,-0.01263241058756834,0.018665877851993532,-0.005189190384622665,0.9997325039778959
1740166469.0664978,1740166469.0520208,1,3,0.014154502529908164,-0.015679841803663826,-0.020976632166375773,-0.006673041612027954,0.02590866602630755,-0.011063407774925848,0.9995808184177941
1740166469.0833683,1740166469.0691736,1,3,0.015218446786478204,-0.019215602838905745,-0.025629020554334806,-0.009936789108659048,0.029564604988711232,-0.016411818067664403,0.9993787303028744
1740166469.0993843,1740166469.085479,1,3,0.010379142213447759,-0.014426082395214661,-0.019349678041961898,-0.007208957758031523,0.01949015528495756,-0.012874197121438825,0.9997011652606441
1740166469.119192,1740166469.1022577,1,3,0.0024115846110953484,-0.004014542127031468,-0.005713765055533155,-0.0005119346335576757,0.002900278711106896,-0.0031664510578644505,0.9999906499033014
1740166469.1353362,1740166469.1200314,1,3,0.0025067234507139646,-0.004462822964295046,-0.006338365634026809,-0.0012660089158024195,-0.003804426097430563,0.0017175891932262484,0.9999904866801772
1740166469.149539,1740166469.135519,1,3,0.00804963096869988,-0.012102228708054164,-0.01634469758722623,-0.006564299393214741,-0.0008430126682759671,0.0010675534316210275,0.9999775295639337
1740166469.1663446,1740166469.1522784,1,3,0.008576832680048387,-0.011738640062227421,-0.015825888149413412,-0.005645545164179698,0.003443754343052102,-0.0004256652780603717,0.9999780433514003
1740166469.1817508,1740166469.1688828,1,3,0.006337092171232588,-0.007693287937601241,-0.010527919514727153,-0.0031902393737860426,0.0064178647398147725,-0.002064623997303277,0.9999721849694967
1740166469.1995816,1740166469.1854272,1,3,0.004934525898997239,-0.005591695386871951,-0.0078050477576025595,-0.0027211225799015546,0.007551849872547586,-0.0031240270286031695,0.9999629020671378
1740166469.2154884,1740166469.2024126,1,3,0.005830194453254157,-0.0070749420200045795,-0.009732610304900611,-0.003742516141367073,0.005812882779538892,-0.0018383720247871764,0.999974411850134
1740166469.23226,1740166469.2199087,1,3,0.01119514028857801,-0.014720905369145594,-0.019725441717351383,-0.00821618631915308,0.007490622934635251,-0.0016837684923838678,0.9999367728882083
1740166469.24937,1740166469.2358308,1,3,0.01684430634495848,-0.021966097518590893,-0.029241353034255117,-0.013396757435369774,0.013575623558383331,-0.0039767907360076385,0.9998101892212646
1740166469.2658176,1740166469.2526171,1,3,0.015556683386728777,-0.018512250626196113,-0.02474984744378825,-0.011383163554152278,0.017803339348439966,-0.0054226478652516985,0.9997620014711867
1740166469.282913,1740166469.2690623,1,3,0.011616277039083625,-0.01214335438912301,-0.016372544831607404,-0.0070711762117793885,0.022473990128233604,-0.009020107247559932,0.9996817273012149
1740166469.2987204,1740166469.285711,1,3,0.013007091056404114,-0.01566373797031957,-0.0209586639152054,-0.010100296981056163,0.027288751541750436,-0.0147589744957099,0.9994675986304018
1740166469.3165593,1740166469.3023717,1,3,0.010275775168562913,-0.013794373844599294,-0.01851404123638974,-0.010173976368821287,0.02188091809362517,-0.014042271398361275,0.9996101891448493
1740166469.3329756,1740166469.3190727,1,3,0.0018840751618626028,-0.0027312321086483465,-0.004003185861448564,-0.002727261985519008,0.005812720994816886,-0.004760277616205839,0.999968056526665
1740166469.350641,1740166469.3359685,1,3,0.0051937155753771,-0.008013267566084293,-0.010935702861683298,-0.0050152750833039154,-0.0012627747848815477,0.0009152144228875217,0.9999862073040016
1740166469.3672059,1740166469.3523924,1,3,0.022163011550543836,-0.03227015988589397,-0.04277540430858222,-0.021344462367041035,0.009156510738214971,-0.003220120824067792,0.9997250637346458
1740166469.3828297,1740166469.3691616,1,3,0.028314638798338912,-0.038643532206484414,-0.051135917479552095,-0.02574110051936195,0.02139636691615495,-0.007810383356117925,0.9994091199997486
1740166469.3997748,1740166469.3857121,1,3,0.02253785613841619,-0.02734006443688447,-0.03627299096887268,-0.016878430579323717,0.025182251331129803,-0.008018835509376914,0.9995082146116401
1740166469.416548,1740166469.402394,1,3,0.016635743704158112,-0.017828771746644496,-0.02376146494656745,-0.00890955081674915,0.030521715494830102,-0.012039941576562175,0.9994218751830126
1740166469.4333096,1740166469.4193337,1,3,0.018154345733870553,-0.02180769736141288,-0.028993846219749483,-0.012099421208180802,0.035334459874753726,-0.01799736878821505,0.9991402177214604
1740166469.4496336,1740166469.4358685,1,3,0.013513997611724702,-0.017195884263017953,-0.02295775140936051,-0.010914913735687265,0.02711094063888704,-0.015589077062329284,0.999451270564084
1740166469.4665318,1740166469.4525204,1,3,0.004781547481309478,-0.005549500104326988,-0.007694161643115693,-0.003591361747016124,0.010867013811295458,-0.006034144114564306,0.9999162961150457
1740166469.4829192,1740166469.4694319,1,3,0.007493878505436221,-0.009863869512312804,-0.013372108757815419,-0.005915579381097772,0.004455790979640147,-0.0010410257320143572,0.9999720336653205
1740166469.499189,1740166469.4860182,1,3,0.017928182962801232,-0.024512797891293948,-0.032575021456014236,-0.015488572166211126,0.011507321436892539,-0.0036189980563998375,0.9998072756980056
1740166469.5163438,1740166469.502538,1,3,0.01994029732478149,-0.025622959376510823,-0.03400660035553225,-0.01631511712474408,0.0181385284210111,-0.005905305029324806,0.9996849194183319
1740166469.5335426,1740166469.5194895,1,3,0.015118216035882301,-0.016843053926112572,-0.022511715740076772,-0.010313777893338566,0.021731171980572183,-0.007253512917580102,0.9996843345277908
1740166469.5496848,1740166469.5359874,1,3,0.012949052330386897,-0.013312370327747703,-0.017913944069230227,-0.00783182709886046,0.02424525008450393,-0.0092172006834656,0.9996328693796509
1740166469.5670176,1740166469.55302,1,3,0.01220575559873171,-0.012675735866193761,-0.017055302428948597,-0.007273972690752514,0.023600093211968633,-0.009337726620779793,0.9996514051324272
1740166469.5868442,1740166469.5694191,1,3,0.011495532919421077,-0.01194905142393139,-0.016055397801384236,-0.007052771490523777,0.020319698764656974,-0.007284964012828631,0.9997421155256729
1740166469.599861,1740166469.5858068,1,3,0.013461015290628603,-0.014662529720653556,-0.01964023681846702,-0.009201552715122652,0.020537402317836788,-0.006859241070005972,0.9997232103665542
1740166469.617785,1740166469.6026938,1,3,0.014112043887714625,-0.015074550073754777,-0.02021957314453461,-0.009665988199234043,0.022650827883646436,-0.007720703814850657,0.9996668942207305
1740166469.6329336,1740166469.6193104,1,3,0.012716305855130484,-0.012925685468483458,-0.017381733925316747,-0.008146451476300385,0.025762499208269826,-0.010236339758321542,0.9995824859966488
1740166469.64882,1740166469.6362689,1,3,0.013550364182495877,-0.015403486578082255,-0.020590075583912428,-0.010331695321468895,0.02932889397490041,-0.014710079041290135,0.9994081676795484
1740166469.6666758,1740166469.652652,1,3,0.011540606548552636,-0.014355979762447036,-0.01922466831622888,-0.01068505841666549,0.025073334696144572,-0.014299592348890645,0.9995262273059689
1740166469.6834352,1740166469.6691856,1,3,0.004498230447666281,-0.005234035537711545,-0.007274824210217592,-0.004647732268981412,0.01153794841781442,-0.0067400584650625815,0.9998999179632686
1740166469.7002826,1740166469.6861641,1,3,0.00645434532867124,-0.008528762613049343,-0.011595253545020402,-0.0063421478166428855,0.0037302105948685553,-0.0007726186338071811,0.9999726325007283
1740166469.71692,1740166469.7027318,1,3,0.022227998700331233,-0.031108583438374002,-0.04121514470017884,-0.022102123867176537,0.014893400701738972,-0.005810004544804051,0.9996278940602281
1740166469.7337995,1740166469.7197866,1,3,0.03089037860512864,-0.041394552878272,-0.05473518885263556,-0.029404922961965244,0.0274411179290974,-0.010509658392298251,0.9991355676948346
1740166469.7496207,1740166469.7364233,1,3,0.02657090769081367,-0.03211570210014854,-0.04255989395231677,-0.02169982474581909,0.03226235376448593,-0.011280096965279303,0.9991801727156268
1740166469.7669868,1740166469.7527485,1,3,0.01844855927215891,-0.018873160825121436,-0.025160739594506924,-0.011271653876991063,0.03542231524045282,-0.013384249131855675,0.999219230838288
1740166469.7833958,1740166469.7697427,1,3,0.020910843164386187,-0.024130044398892814,-0.032061488964822894,-0.01598788470850004,0.04314313607961604,-0.02112134679792991,0.9987176508208939
1740166469.7998672,1740166469.7860162,1,3,0.017727389109484598,-0.021972813751879625,-0.02923020544575379,-0.01615609300339321,0.03736594020048016,-0.02067408249835327,0.9989571309544024
1740166469.8170197,1740166469.8027532,1,3,0.008754762193915203,-0.010551842405983967,-0.01422825799063894,-0.008106172544857296,0.019907649466726796,-0.011184324719901547,0.9997064000695118
1740166469.8334625,1740166469.819466,1,3,0.005003567686823385,-0.005559486583583284,-0.007682059634375953,-0.003818809461444503,0.007227837603760543,-0.0025058261488644655,0.9999634472785405
1740166469.8496947,1740166469.8361442,1,3,0.015301079818289811,-0.020441053877845415,-0.027220269078322187,-0.01395782685299719,0.011606087179816569,-0.003820488128319195,0.9998279260354642
1740166469.8677154,1740166469.8529465,1,3,0.019466773137799827,-0.024989168330956737,-0.03319487051442161,-0.017129198184279965,0.018655831990185737,-0.006433116708650908,0.9996585244530908
1740166469.8829272,1740166469.869523,1,3,0.01566962415804099,-0.017706503481544855,-0.023638783821736384,-0.011192170780023854,0.02202556111502243,-0.007354850077798846,0.999667702864873
1740166469.9003026,1740166469.8862884,1,3,0.013068648408404087,-0.013473203458892477,-0.018093772914117272,-0.007994196483764463,0.024638123121536803,-0.009481839256596056,0.999619502828921
1740166469.9205277,1740166469.9031482,1,3,0.012118886719081217,-0.012726088402276445,-0.017098497712884624,-0.007932001201145724,0.02494483890856555,-0.010651318995393115,0.9996006141316786
1740166469.933862,1740166469.9196699,1,3,0.009982981381764459,-0.010229235087790018,-0.013802584843915182,-0.006378495488265689,0.020078282604671885,-0.007970804003831261,0.9997462896387691
1740166469.9506135,1740166469.9366002,1,3,0.011065233590621937,-0.012006267597599355,-0.016143699420437897,-0.006940153038172186,0.01713482842922719,-0.005704701885095773,0.9998128266365209
1740166469.9674976,1740166469.953075,1,3,0.014074747129183643,-0.016035561227439737,-0.021471650330844125,-0.009542372176151722,0.018797603495373245,-0.00608684438990266,0.9997592427987128
1740166469.9836342,1740166469.9697607,1,3,0.013076594704234688,-0.013931630267044949,-0.018705770310551352,-0.008400863416161046,0.021385955726612456,-0.007415320596616443,0.9997084972190503
1740166469.9998717,1740166469.9864144,1,3,0.011992609111124222,-0.012481279636164291,-0.016765370602247368,-0.00748828058225572,0.024222572206120535,-0.01014299510768423,0.9996270866177477
1740166470.0168273,1740166470.0029757,1,3,0.01162388465167309,-0.013034008670561259,-0.017487990095675792,-0.007856297193520394,0.0242856335155121,-0.011745714070388795,0.9996051844604118
1740166470.0337882,1740166470.019792,1,3,0.008378553513788523,-0.009329523284612432,-0.012641697943969544,-0.005385433884507143,0.017013322385287792,-0.008154353387422495,0.9998075067152291
1740166470.0499077,1740166470.036337,1,3,0.00791094187697045,-0.009016726094107646,-0.012226520809507648,-0.005245535680089395,0.010743657498686174,-0.0034865705577616824,0.999922447995206
1740166470.0683622,1740166470.0529163,1,3,0.018971989132270852,-0.024938406593402795,-0.03312667200092085,-0.016174287676044095,0.016047296622931365,-0.005341280525920593,0.9997261362051167
1740166470.0840032,1740166470.069834,1,3,0.026840600014909163,-0.03478147286053445,-0.046067930651616344,-0.02260485454995555,0.0260023051454905,-0.009347140494021203,0.9993625626580582
1740166470.099685,1740166470.086546,1,3,0.0239278710789454,-0.028277053593648818,-0.03751843702955445,-0.01686638503344416,0.029887583852249988,-0.010032715593751044,0.9993605965842326
1740166470.117398,1740166470.103172,1,3,0.018492235310231843,-0.01954099653732939,-0.026022473106243265,-0.010577836809108638,0.0345294262074714,-0.013534892129340254,0.9992560406568828
1740166470.133614,1740166470.1198611,1,3,0.020651339480939817,-0.02457333536351271,-0.032623583326905355,-0.015187860131582267,0.04139528868349522,-0.02100458527298341,0.998806571052145
1740166470.150338,1740166470.1362917,1,3,0.017309833522520718,-0.022438513585772812,-0.02984446841179407,-0.014874165089032752,0.03473090707997877,-0.020169637548619168,0.9990824335496363
1740166470.1674666,1740166470.153374,1,3,0.00838189667077387,-0.011434619406284104,-0.015393669731862455,-0.007111752761941467,0.016066900609011076,-0.010300898016897677,0.9997925630737201
1740166470.183526,1740166470.169812,1,3,0.0028499486117471474,-0.003924119313817796,-0.005553669268028435,-0.0016351277478575718,0.0009706195183141724,-0.0003505773564669604,0.9999981306735107
1740166470.201404,1740166470.1866672,1,3,0.014438643279589393,-0.020754572730871966,-0.027653809175141413,-0.013509004703066952,0.006118187691072474,-0.0020116802928042904,0.999888007585704
1740166470.2173173,1740166470.2035143,1,3,0.022344338375572505,-0.030616074368498048,-0.040591612151433504,-0.019746353558387716,0.01609923513526117,-0.00581318405186394,0.999658493206748
1740166470.2343695,1740166470.219956,1,3,0.02023060013539131,-0.025215722225330403,-0.03349955941242912,-0.014863843350276929,0.020467395351473638,-0.006424289944381771,0.9996593821832992
1740166470.2546167,1740166470.2369232,1,3,0.014626049173505948,-0.015762904353918514,-0.021102952812006758,-0.008183082575758956,0.02399233417793614,-0.008554457305031779,0.9996420490958096
1740166470.2714112,1740166470.2533646,1,3,0.013371260792123025,-0.01440714217072074,-0.01931694090418253,-0.007851582720350945,0.026680005140314128,-0.011461021812242782,0.9995474850918877
1740166470.2882743,1740166470.2700837,1,3,0.011495139444089007,-0.012729212036089127,-0.01709648125337335,-0.0066715168961056295,0.022658054651057673,-0.010114888440101251,0.999669841724546
1740166470.3008018,1740166470.2868674,1,3,0.009565033544904431,-0.010621798568087483,-0.014333146952841163,-0.004675044688447591,0.01593188251867819,-0.00627104858832605,0.9998424841074592
1740166470.317646,1740166470.3033438,1,3,0.009966116160069951,-0.011326357697557738,-0.01529760576221836,-0.0053624830921783,0.01366087363419141,-0.004543754784437595,0.9998819823354632
1740166470.3353455,1740166470.3203025,1,3,0.01002259627669928,-0.011180518052652041,-0.015110913591210652,-0.005849343204317188,0.01462896439987349,-0.005048210766921929,0.999863137710716
1740166470.3507035,1740166470.3367698,1,3,0.009250910074971083,-0.010179050973861192,-0.013756947982191372,-0.004582500342771529,0.01653238450559346,-0.006785675915607158,0.9998298032943087
1740166470.370592,1740166470.3534682,1,3,0.008914951523024866,-0.010612317664363479,-0.014315320538951772,-0.004533106475730722,0.016735075334242462,-0.008319645000377903,0.9998150687533693
1740166470.3857784,1740166470.3711107,1,3,0.006328366290344905,-0.007909599256184516,-0.010801967920213146,-0.003300681879888639,0.011205768445844363,-0.006154758084475908,0.9999128238029491
1740166470.401561,1740166470.3875706,1,3,0.004411200572539519,-0.005649896170061782,-0.00784719679154472,-0.002028510492710973,0.003873415078862609,-0.001479324765189618,0.9999893466427765
1740166470.4238508,1740166470.403856,1,3,0.011735452260329685,-0.01631900549403518,-0.021828823651859182,-0.008607043264673117,0.0052679691237241515,-0.0010378797449849915,0.9999485437327195
1740166470.4391375,1740166470.421323,1,3,0.02145943091391639,-0.029414371036638298,-0.03900593266242141,-0.017042411229394913,0.013431625082769424,-0.003969274354076675,0.9997566666585556
1740166470.4539273,1740166470.4369628,1,3,0.021270739449216557,-0.02700729838175129,-0.035839724005780546,-0.015286858471543555,0.019852981022001184,-0.006056484316721212,0.9996676898351434
1740166470.4734972,1740166470.4539456,1,3,0.014960325974417347,-0.01635731913781747,-0.021854149397163118,-0.007820703762709382,0.023865838045895958,-0.008430439685442,0.9996490314374006
1740166470.4905512,1740166470.4706311,1,3,0.015316967107308403,-0.01784943305300661,-0.02381638995959944,-0.0091508994916317,0.030254666514612782,-0.014841629012206974,0.9993901351528579
1740166470.5056515,1740166470.4871428,1,3,0.014608351207830423,-0.019144026063462997,-0.025537968868392717,-0.011254953765096309,0.027065463638874458,-0.01580163931198082,0.9994453936503046
1740166470.5210345,1740166470.503921,1,3,0.00704969919988819,-0.00989698344965369,-0.013398443311977669,-0.005701307659233376,0.01276875122595536,-0.008699147632194095,0.9998643802604319
1740166470.5342867,1740166470.520091,1,3,0.002092466521593108,-0.0032463005347676266,-0.004673432927032178,-0.0009848119828240246,-0.0006829810875914293,0.00015506201464000788,0.9999992698187156
1740166470.5521662,1740166470.5370195,1,3,0.013299341921760728,-0.01958782087218668,-0.026126972734530837,-0.011811162540944553,0.0029913792375026167,-0.0004929986997671312,0.999925649757006
1740166470.5675864,1740166470.553782,1,3,0.02197810353982131,-0.030670650508932782,-0.04067732232461627,-0.01939120162516843,0.012769140082116078,-0.0042672099804346815,0.9997213218092721
1740166470.58902,1740166470.5701938,1,3,0.019288228180872086,-0.024305627051154112,-0.032304602151187495,-0.01458513505627546,0.018691411487273435,-0.005943135322213601,0.9997012474307239
1740166470.600975,1740166470.5873733,1,3,0.013030218504738952,-0.013867869950576388,-0.01861277357584735,-0.007275109652002133,0.022295062403169155,-0.008172882857330139,0.9996915559100169
1740166470.6178555,1740166470.6035905,1,3,0.013090500331432732,-0.014851969139638896,-0.01990122516183432,-0.00849770924213595,0.02694538816163311,-0.013015149556231759,0.9995160533360552
1740166470.6384432,1740166470.6205182,1,3,0.011256399574757093,-0.013859725829650081,-0.018592135290120382,-0.008337491118184463,0.022335340666745897,-0.012116347825880051,0.9996423424978141
1740166470.651144,1740166470.6372104,1,3,0.0055729664573454804,-0.0066731987976082685,-0.009168453596994907,-0.003930304374071605,0.011569460862629312,-0.0063856213653581215,0.9999049575447926
1740166470.6682377,1740166470.6538384,1,3,0.003154391065988646,-0.003504790060736343,-0.005054475199241182,-0.002169797779230707,0.00431936466229559,-0.0016610747659689723,0.999986937863257
1740166470.6880271,1740166470.6708415,1,3,0.0052668184446666615,-0.006461288499900775,-0.00894372471746693,-0.004425183501428392,0.004606694185559827,-0.0013795963917585272,0.9999786461887351
1740166470.7020206,1740166470.687281,1,3,0.005414794835101719,-0.006232694714198455,-0.008616317192014538,-0.004024484508078347,0.006533518231378115,-0.0022647024111894457,0.9999679933812647
1740166470.7204216,1740166470.703846,1,3,0.004119913030634526,-0.004241575848301404,-0.005993631433817086,-0.0028793319686676996,0.008224054462546555,-0.0036193597964384303,0.9999554863144035
1740166470.7356234,1740166470.7207274,1,3,0.002890193971096431,-0.002826582730734331,-0.0041751714342867525,-0.0028626069612464797,0.007707013970244144,-0.003992560831707512,0.9999582325652672
1740166470.7507052,1740166470.7372942,1,3,0.0022520268724568362,-0.0022402061410584347,-0.0034139796126952775,-0.002520896549979395,0.003920548804060332,-0.0016412580696686916,0.9999877902502651
1740166470.7716947,1740166470.7539773,1,3,0.007869534765881944,-0.01048676998834411,-0.014202106530551846,-0.0074955583800137724,0.004617051980645238,-0.0010931893048386212,0.9999606514122061
1740166470.7883642,1740166470.7706575,1,3,0.015329104668621286,-0.020577708863723353,-0.027433274661805854,-0.014549067084821081,0.011196106544286212,-0.0036786057662741554,0.9998247044881551
1740166470.8008852,1740166470.787333,1,3,0.015752422639495084,-0.019525854407042926,-0.02607190620258096,-0.013908154847389378,0.01669528531377016,-0.005615522304760623,0.9997481165705078
1740166470.817553,1740166470.804058,1,3,0.010090712095709766,-0.010055602132826844,-0.013643171143506496,-0.007044225448643854,0.019835005240575167,-0.007362570880553917,0.9997513410868544
1740166470.8371644,1740166470.8206654,1,3,0.01201894937916815,-0.014057562246892022,-0.018874902775619536,-0.009942256948240342,0.026903348890074546,-0.014309060780957516,0.999486174053869
1740166470.8513577,1740166470.837225,1,3,0.011803601115850864,-0.016217447712624414,-0.02171333440027111,-0.012816700689828707,0.024982755189179768,-0.016330067848926946,0.9994723222834309
1740166470.8679974,1740166470.8541474,1,3,0.004961974825614975,-0.008322759644854925,-0.011373857767776276,-0.008282043066391786,0.010753204947644732,-0.009672043904119963,0.9998611043103522
1740166470.884299,1740166470.8706615,1,3,-0.003718275527014176,0.003690577594105995,0.004368057079700069,0.0005567550984270169,-0.006982335797514216,0.0014910403787369766,0.9999743565757875
1740166470.9017324,1740166470.8874755,1,3,0.006243098207036661,-0.011139781953348138,-0.015096487322564774,-0.00902639924820715,-0.005704915800087841,0.002162585069305332,0.9999406488777941
1740166470.9173324,1740166470.9040675,1,3,0.017608240174518,-0.02649060299282723,-0.035229413194793016,-0.020430526299186097,0.005777498158353115,-0.0027914997429392702,0.9997706845268837
1740166470.9344087,1740166470.9209418,1,3,0.017244352042225214,-0.023394681864910928,-0.031138047404721092,-0.01811901394814539,0.013196756938996478,-0.004886895833017178,0.9997367979568209
1740166470.9513607,1740166470.9376721,1,3,0.009382716905359814,-0.00991438900386496,-0.013430215329392231,-0.0076823943461834954,0.015671810138125825,-0.005460559019652937,0.9998327647558352
1740166470.9678357,1740166470.9539452,1,3,0.008734570068552593,-0.009310611799086897,-0.01263783767617539,-0.007151499059681777,0.021112841896894594,-0.010399152527850923,0.9996974350246872
1740166470.987753,1740166470.970597,1,3,0.008217945268952972,-0.01011229594478989,-0.013701952620896957,-0.008638812078773,0.019611547469867822,-0.011491936517443242,0.9997043030450473
1740166471.0012503,1740166470.9873636,1,3,0.0031649036957765195,-0.003883756233788446,-0.005557396397623292,-0.004823957730337051,0.009365624003262369,-0.006200451542688734,0.9999252816683415
1740166471.0179687,1740166471.0041628,1,3,7.070269314462575e-05,0.0002675858010791833,-0.0001380149892007963,-0.0016476817261890746,0.0007261394078900975,-0.0005554727185520259,0.9999982246566983
1740166471.0355196,1740166471.0210717,1,3,0.004423657810181617,-0.006019212181751062,-0.008384366692065527,-0.0057266990540845155,0.0018766080326990324,-0.0004524543421890953,0.9999817391059218
1740166471.0513399,1740166471.0375135,1,3,0.006076420627791755,-0.007684150553440029,-0.010532433962485623,-0.006668451261052764,0.004831462699041726,-0.001362226578550017,0.9999651659256514
1740166471.067713,1740166471.0539794,1,3,0.0037262316498896347,-0.0035563779473549474,-0.005108026754861037,-0.0036488555928260026,0.007187107799242596,-0.0027350222752735203,0.999963774837618
1740166471.0832782,1740166471.070711,1,3,0.0032229744306622185,-0.0030092516985105342,-0.0044208845503097725,-0.0030864014077232093,0.008704729986314295,-0.004324061821598898,0.9999480007938307
1740166471.1014006,1740166471.0874794,1,3,0.002355362011455779,-0.0022804164318633996,-0.0034703829679155365,-0.0025795849793521946,0.0062807561459876605,-0.0033561622723842373,0.9999713165978165
1740166471.1188993,1740166471.1043353,1,3,0.0025791914421952797,-0.002858231932011211,-0.004207342833365445,-0.0029011902642329447,0.0029141400344918997,-0.0008983923138745097,0.9999911418478468
1740166471.1355894,1740166471.120942,1,3,0.007304082996900514,-0.00953931184535856,-0.012967631402008718,-0.0074688502554869415,0.00514322741794063,-0.0014672005123648885,0.9999578045148929
1740166471.1517456,1740166471.1375408,1,3,0.009908474909021508,-0.012432819885526122,-0.016773157754508466,-0.009250724897482836,0.009129549247481727,-0.0028093784169656117,0.9999115874977742
1740166471.169013,1740166471.1543455,1,3,0.0068568924911811815,-0.0070215581170867255,-0.009666905453409785,-0.005286341010864281,0.012137051573732066,-0.004432321155662699,0.9999025458048332
1740166471.184941,1740166471.1710062,1,3,0.006987139566199979,-0.007764664298953749,-0.010627761359118713,-0.005931763096406767,0.017280747470915524,-0.009284442427568212,0.9997899724853333
1740166471.201572,1740166471.187589,1,3,0.00746993435692906,-0.01033501947017186,-0.014020029053883278,-0.008710387431630107,0.01743605316041528,-0.01201856968946241,0.9997377992171735
1740166471.217738,1740166471.2042606,1,3,0.0027417953516060355,-0.005133487520513816,-0.007220005276564715,-0.005546989883676867,0.006356260811513612,-0.006857993836033716,0.9999408966395321
1740166471.2347856,1740166471.2209945,1,3,-0.0032664445573279193,0.003047839340357114,0.0035127659950608065,0.0007597356741478838,-0.007516429709716328,0.002098099692172108,0.9999692615594771
1740166471.2523637,1740166471.238037,1,3,0.007656333181254092,-0.01315412336199379,-0.017736243441702756,-0.01012986904078467,-0.005423818023285719,0.0021916900211068867,0.9999315798824029
1740166471.2681215,1740166471.254365,1,3,0.01923571947676985,-0.02873818054105334,-0.038186823970714844,-0.021511198786518835,0.006432824911838773,-0.0027810239374945135,0.9997440437413366
1740166471.2854154,1740166471.2712963,1,3,0.020084291136281192,-0.027353662705861304,-0.036356379673454474,-0.019559919672988892,0.014288117397486576,-0.004919754015193494,0.9996944809610844
1740166471.3014717,1740166471.2876515,1,3,0.011547326998298179,-0.01266440889395405,-0.01705505411276323,-0.00805901876358265,0.017376839896187678,-0.005894877641412473,0.9997991538651066
1740166471.3184566,1740166471.3042877,1,3,0.01050937638325625,-0.011520065763474769,-0.015541003770784123,-0.007491771625328618,0.024439905830221504,-0.012187368234992661,0.9995989357819608
1740166471.3368688,1740166471.3211563,1,3,0.010777390883899935,-0.013915865704522355,-0.018699626325658476,-0.01031799911614623,0.024168824472234115,-0.014715201737172978,0.9995463319204887
1740166471.3524158,1740166471.3376684,1,3,0.005632081853647363,-0.008236199067689378,-0.011260567927650398,-0.0061715105609567045,0.012141356424058319,-0.00901763382619648,0.9998665822007238
1740166471.368862,1740166471.3542144,1,3,-0.00045845725256063517,-0.00013308189136551458,-0.0006543785696112071,-8.459267462303444e-05,-0.0018243193915922892,-0.0004249504086654498,0.9999982420584483
1740166471.3853016,1740166471.3712418,1,3,0.0020226464896003606,-0.003878663614568376,-0.005579648156972839,-0.0028479226046944283,-0.00452655608694587,0.002092075656507253,0.9999835112871996
1740166471.4017696,1740166471.3877642,1,3,0.0063078934056805085,-0.009487814044790465,-0.01292303398143213,-0.006833218015357976,-0.000636012422432847,0.0007446837450928426,0.9999761737490913
1740166471.4178214,1740166471.4047956,1,3,0.006000341892467894,-0.00800225893171616,-0.010953214582569341,-0.004879555946594234,0.0030945540528584886,-0.0006196811716264925,0.9999831146895549
1740166471.4386182,1740166471.4212608,1,3,0.004494776327390662,-0.005296275239448262,-0.007411835865611956,-0.0024734190270314887,0.00536090589659654,-0.002044641635202139,0.9999804809729378
1740166471.455073,1740166471.4379115,1,3,0.0035523850111108487,-0.004034281972874452,-0.0057637483701557255,-0.0020935126746629614,0.005704917231161273,-0.0025455727987460436,0.9999782953560507
1740166471.471871,1740166471.4548295,1,3,0.0038583823598527414,-0.004665158182803159,-0.006576971233136199,-0.0026125499461563647,0.0036729771339636557,-0.0011522367162635245,0.9999891780275934
1740166471.485939,1740166471.471191,1,3,0.008103497611811292,-0.01074872803427321,-0.014543689317001705,-0.005745531407267011,0.004581384670098486,-0.0009726038695303334,0.9999725265351372
1740166471.501509,1740166471.4880924,1,3,0.011916110146735475,-0.015556608059005658,-0.02086003020618319,-0.008383227769501898,0.00834821004978902,-0.0020450943370780546,0.9999279206374236
1740166471.518993,1740166471.504594,1,3,0.010371766452547575,-0.012206450747781369,-0.016472199572878307,-0.006415614674802189,0.012055651245322837,-0.0037371047715442024,0.9998997625808909
1740166471.534964,1740166471.5212214,1,3,0.008395469266237389,-0.009184521800284699,-0.012490424795465613,-0.0045810902631320555,0.015994408601926118,-0.0071004782272681265,0.999836374470553
1740166471.5511441,1740166471.5383005,1,3,0.008831179787879234,-0.01113354757337002,-0.015039903639376488,-0.005600136921451888,0.017594714296588918,-0.010234227229539079,0.9997771377103483
1740166471.5682788,1740166471.554628,1,3,0.005985250086699859,-0.008586593807978798,-0.011704825526869468,-0.004011263859490747,0.011021829585811185,-0.007972307687558064,0.9998994306153823
1740166471.584149,1740166471.571299,1,3,0.0007623949857486557,-0.0017651758674702607,-0.00276349162275893,9.399198613070273e-05,-0.0010003721136081702,-0.0006417081186621723,0.9999992893156632
1740166471.6029959,1740166471.5881596,1,3,0.006269566498941757,-0.010003944933684924,-0.013580684754674343,-0.005368149529848251,-0.0036186087317364845,0.002267808084060393,0.9999764725672128
1740166471.618407,1740166471.6046865,1,3,0.01788420711415042,-0.026137869519308545,-0.03475767098811956,-0.016061260639494843,0.0052438164191534395,-0.0012814804404330906,0.9998564377468964
1740166471.6353326,1740166471.6215556,1,3,0.02087159817001286,-0.028364332026329882,-0.03765163251233123,-0.016811986708070402,0.013252709819105793,-0.003753102464643478,0.9997637906061952
1740166471.6550581,1740166471.6379802,1,3,0.014212569510788208,-0.016593724275576517,-0.0221745873123385,-0.008389162645180356,0.01764410774373304,-0.005607934737876568,0.99979340789986
1740166471.669034,1740166471.6545203,1,3,0.011704279966376855,-0.012989471804796964,-0.01744079944251784,-0.006182225103564682,0.023800138750793922,-0.010972029616455164,0.99963740829078
1740166471.685564,1740166471.671537,1,3,0.011970018249458005,-0.01521446945680945,-0.020382740034469955,-0.008357235813833682,0.024280401549401906,-0.014000061640379917,0.9995722169929582
1740166471.7018347,1740166471.6879427,1,3,0.007244037087906278,-0.010118075293154744,-0.01371007558683782,-0.005350096263601133,0.013788710689258339,-0.009354993355824813,0.9998468542866006
1740166471.719101,1740166471.7046947,1,3,0.0013470854530878518,-0.0022877473272690163,-0.003451278721316581,-0.0002772419633665429,6.98111872982937e-05,-0.0008663847251549739,0.9999995838203134
1740166471.7342734,1740166471.7216125,1,3,0.005946094198930777,-0.009102893882477278,-0.01241130828143865,-0.0052854274846643266,-0.0018249070629080162,0.001425788180749178,0.9999833504106855
1740166471.750926,1740166471.7382061,1,3,0.013664041179140284,-0.01953297282686766,-0.026082940845254428,-0.012276177040733104,0.00457017663200161,-0.0008967094027477714,0.9999137987222018
1740166471.769609,1740166471.755038,1,3,0.013780217440753039,-0.018023500738281295,-0.024083574860453264,-0.010494537146066322,0.010222172527195723,-0.002804160376000864,0.9998887480932565
1740166471.7848938,1740166471.7714791,1,3,0.009929007320246116,-0.011159512396137753,-0.015081185932178073,-0.005836946786477061,0.013846158662469056,-0.00464399417351089,0.9998763159814428
1740166471.8021479,1740166471.788109,1,3,0.00817900822931896,-0.008555664328690265,-0.011673444100643747,-0.00468320082522566,0.01613905649705069,-0.006653009720386821,0.9998366546326835
1740166471.8174558,1740166471.8051567,1,3,0.007164957387245284,-0.00759637047994937,-0.010403766783366629,-0.004307445792450316,0.014231161885264078,-0.0060935218648548,0.999870886131516
1740166471.834628,1740166471.8215365,1,3,0.006977983320586714,-0.007671264282664489,-0.010489687945777678,-0.004055387853763616,0.010771117594386335,-0.0038784436856402695,0.9999262445449169
1740166471.8522165,1740166471.8383303,1,3,0.008380233878565655,-0.009600816041391045,-0.013036546437984364,-0.005815442942489326,0.010391474626061721,-0.0030969655621556486,0.9999243004761837
1740166471.868969,1740166471.8549147,1,3,0.008187307166330399,-0.008857092651561902,-0.012078924323163567,-0.005888029785995342,0.012485863943528314,-0.004309223142431299,0.999895426983608
1740166471.8857882,1740166471.8715298,1,3,0.007011207592870115,-0.007104007581015689,-0.009759155358757404,-0.004684225118958241,0.015022019842834597,-0.006442021614415712,0.999855438207142
1740166471.9023654,1740166471.8884404,1,3,0.006984497609633944,-0.00802423330964436,-0.010947301323076645,-0.005197721058012282,0.016809659686212824,-0.009287309941369424,0.9998020628659903
1740166471.91857,1740166471.904996,1,3,0.004880055727003526,-0.006246816087107239,-0.008633427304471497,-0.004722189528612488,0.011896043670063017,-0.0076989934135000045,0.9998884490639316
1740166471.935603,1740166471.9216263,1,3,0.000511395519269549,-0.000536472676822962,-0.0011602312316954517,-0.0011997529847307114,0.0019055188100162255,-0.0015925306136028855,0.99999619671131
1740166471.9524896,1740166471.938263,1,3,0.006679369620542006,-0.009806441019053334,-0.013317641095458698,-0.0071366087825209335,0.00017843498129622109,0.0006719386768186836,0.9999742924067885
1740166471.9681928,1740166471.9549372,1,3,0.019419410296319536,-0.02770399656374802,-0.03679216478552299,-0.0192372541038261,0.00868816623661607,-0.002536668533836931,0.999773979024629
1740166471.9853146,1740166471.9718761,1,3,0.02372020956772839,-0.03183702090405691,-0.04220611187636596,-0.022220132197672503,0.018293514828541566,-0.006223405866714341,0.9995663471024592
1740166472.0021408,1740166471.9882002,1,3,0.016951703096953,-0.019541390656793826,-0.0260632184047607,-0.013291665632535657,0.022385372857939616,-0.0073985645227412945,0.9996336768785486
1740166472.0191078,1740166472.0049214,1,3,0.012818507476825159,-0.013044519280127361,-0.017531360276221715,-0.008447237984534589,0.02810979082097435,-0.012084687330262432,0.9994960951212184
1740166472.034894,1740166472.0216322,1,3,0.014018228876924397,-0.016475925465923427,-0.022037300252562994,-0.011565093892630978,0.03221502913305136,-0.017338786402025415,0.9992636323750186
1740166472.0525,1740166472.0382295,1,3,0.009852185057309792,-0.012322332582561605,-0.016587016730001593,-0.009968948225372573,0.023864874745760347,-0.014391877934214427,0.9995618848646519
1740166472.0699298,1740166472.0554314,1,3,0.0026121296826903755,-0.0027602577479073015,-0.004048497464315155,-0.0036533010104904885,0.008404502874537806,-0.0051290538129298326,0.9999448537445166
1740166472.085255,1740166472.071669,1,3,0.005051734288615549,-0.006630697725001573,-0.009139021482605545,-0.005859839721443618,0.0025526017821060577,-0.0004806176936699051,0.9999794575436105
1740166472.1023242,1740166472.088302,1,3,0.01403664230147846,-0.01923875298240713,-0.025687320353657943,-0.014426989497153514,0.008340195583815704,-0.0025356606224682093,0.9998579266760256
1740166472.1181233,1740166472.1052113,1,3,0.015523312721509558,-0.019830474940935053,-0.026447616487344696,-0.014903133385967096,0.014195739228686216,-0.004586653303347737,0.999777645386466
1740166472.1360345,1740166472.1218243,1,3,0.010356132308870381,-0.010793597205215487,-0.014590713167264086,-0.008511473456985942,0.017425687454111997,-0.005944234209601294,0.9997942619939385
1740166472.1525397,1740166472.138669,1,3,0.008669012159850028,-0.008261657959237164,-0.011271786074015421,-0.0068292532194397775,0.020784984257256143,-0.00881330134162757,0.9997217970262288
1740166472.1694965,1740166472.1551733,1,3,0.007988604520864506,-0.00802986572267924,-0.010952797028403802,-0.006740672074394281,0.0197183948107779,-0.00920767653345785,0.9997404497863068
1740166472.1859095,1740166472.1720102,1,3,0.005660170315034798,-0.005172170027762855,-0.007193733944205805,-0.004989351957547567,0.014257720201755376,-0.006057398987337655,0.9998675570790365
1740166472.2024868,1740166472.1888664,1,3,0.006229542368476972,-0.00612207754755302,-0.008462245104081417,-0.005783341458380826,0.011513030877263155,-0.003913318356134977,0.9999093404009377
1740166472.2190223,1740166472.2053123,1,3,0.008367385798616872,-0.008935590175546673,-0.01217588813400171,-0.00795883151383822,0.013001118188137083,-0.004347547605511639,0.999874355485033
1740166472.2358625,1740166472.2220192,1,3,0.0070764685793298565,-0.006553551621987361,-0.009037531061098301,-0.006419480709116146,0.015062068659099221,-0.005424776446446095,0.9998512370126068
1740166472.251529,1740166472.2385132,1,3,0.006629880019040103,-0.006128432445433629,-0.008451047558069412,-0.006096922335434711,0.01779879974051274,-0.008090577348915304,0.9997902644174897
1740166472.2695086,1740166472.2552016,1,3,0.005968178479946946,-0.006003035863713314,-0.00829289212445279,-0.006310130238099405,0.017196100493651983,-0.008912925868316261,0.9997924965394851
1740166472.2862782,1740166472.2720513,1,3,0.003206615175745349,-0.0026122928751204652,-0.0038542886910795933,-0.004267087650282348,0.010745468923430326,-0.005281193556028804,0.9999192146644769
1740166472.3022826,1740166472.2885442,1,3,0.00566839632728592,-0.006472314174832288,-0.00891557515558013,-0.006688582218247372,0.0072374877655679935,-0.0023138455124621753,0.9999487625662113
1740166472.3181195,1740166472.3053317,1,3,0.01530640328759923,-0.02020088885622777,-0.02692806143681578,-0.016006905115191622,0.012306708985137488,-0.003939031170724219,0.9997883815768337
1740166472.3356895,1740166472.322208,1,3,0.019767619539771554,-0.025251290248922698,-0.03356175942564554,-0.019397857430348366,0.019253305525718082,-0.006547845676317363,0.9996050015233239
1740166472.3533325,1740166472.3384879,1,3,0.014373073678759915,-0.015547195675950648,-0.020818511562070128,-0.012027867110821225,0.022805834905338978,-0.0077452722691839304,0.999637551847924
1740166472.3734007,1740166472.355601,1,3,0.011716726823216122,-0.011565574683867878,-0.015575875293353969,-0.009198146345470216,0.029318523934510142,-0.013262277115866344,0.9994398082244927
1740166472.3857017,1740166472.372263,1,3,0.012974578849923172,-0.015234570827960058,-0.020392208478994894,-0.01256455999790851,0.03351933096245695,-0.018917077496069315,0.9991800290552728
1740166472.4028687,1740166472.3886433,1,3,0.009229327045304431,-0.011910408223710414,-0.01604850217605068,-0.011211981553842764,0.02482404892329612,-0.015873128341159157,0.9995029273900878
1740166472.4196413,1740166472.4056346,1,3,0.0014602108067702227,-0.0017571112948224883,-0.0027328709042869696,-0.0040971528661713115,0.007499457817631346,-0.005518143877427759,0.9999482594409477
1740166472.4360983,1740166472.4218915,1,3,0.002928400679042846,-0.004267912133726023,-0.006046239716595407,-0.005284533584317665,-0.000467556922456047,0.0005152718320362733,0.9999857946942345
1740166472.4528573,1740166472.4389822,1,3,0.014646382659146407,-0.021008215154698296,-0.028010207760747655,-0.017098696970681754,0.006548858592230027,-0.0021489589921497515,0.9998300500526547
1740166472.469795,1740166472.455439,1,3,0.019070122206773434,-0.025709664317074107,-0.03417157477770543,-0.020185209242860172,0.014204703224008611,-0.004832488176840433,0.9996836653622787
1740166472.4860594,1740166472.4721537,1,3,0.014009519582792769,-0.016249860465501288,-0.021755237954649738,-0.012754181486136261,0.018055264470265002,-0.0058675741723543205,0.9997384207145684
1740166472.5029528,1740166472.4892118,1,3,0.00945488387942626,-0.008866594837744806,-0.012068239883062762,-0.0073082261793561785,0.021652517632428113,-0.008616332683802302,0.9997017140734384
1740166472.5197656,1740166472.5057733,1,3,0.009129776225707268,-0.009111938013686741,-0.012382659259255033,-0.007984072972706984,0.02362692375587536,-0.011227451021499697,0.9996259137278106
1740166472.535813,1740166472.5225856,1,3,0.006948185987643373,-0.00681608228503865,-0.009364489647975496,-0.00671667920079575,0.018630367823207063,-0.009005027086203996,0.9997633245435954
1740166472.551958,1740166472.539035,1,3,0.004759409076466456,-0.004023455107225724,-0.0057199232498042684,-0.004464677350932335,0.012285621515674854,-0.0048311543827339876,0.9999028903385848
1740166472.5691216,1740166472.555521,1,3,0.006330945593554561,-0.006356388240737966,-0.008799549835373573,-0.006031828546414866,0.011065458033239564,-0.00376993706160571,0.9999134763855584
1740166472.5860784,1740166472.5724638,1,3,0.006326563498335719,-0.006035774681339314,-0.008364379606929904,-0.006024254198112955,0.012465156121124607,-0.00437110312883846,0.9998946052968131
1740166472.6034148,1740166472.5889537,1,3,0.005513617109486241,-0.004858556612747549,-0.006799449737724623,-0.005108998242888741,0.014654438404991803,-0.006345764277341448,0.9998594285436953
1740166472.6196253,1740166472.605513,1,3,0.005165523475065477,-0.005005822302288194,-0.007002576375697867,-0.005163694328400429,0.015347880044171234,-0.007929061998949181,0.9998374411947422
1740166472.6362243,1740166472.6222796,1,3,0.0032708974495218503,-0.0029684292973071046,-0.004347895198517196,-0.003979721675264343,0.01057779616969132,-0.005559108795551842,0.9999206810307402
1740166472.651918,1740166472.6389155,1,3,0.002999305111054365,-0.002875175572750668,-0.004225031757189002,-0.003927038656868865,0.005279333459866729,-0.0018136603068239483,0.9999767085497034
1740166472.669984,1740166472.6557262,1,3,0.010764159457762731,-0.014145725761806654,-0.019002041785030586,-0.01158531676366574,0.007857165331932307,-0.00219738883571825,0.9998996033956293
1740166472.6864896,1740166472.672354,1,3,0.016667657309018667,-0.021715679245696732,-0.028934133261068938,-0.016545035261357956,0.01424214809545985,-0.004580476294900189,0.999751190178206
1740166472.7030666,1740166472.6889777,1,3,0.014131382045724965,-0.016359463426354814,-0.0218993177922908,-0.01235328885992377,0.018355930685744468,-0.006072510883222767,0.9997367556885045
1740166472.7198412,1740166472.7059789,1,3,0.009764277262493905,-0.009335065049117497,-0.012673806227161567,-0.007265164115827208,0.022859598368394296,-0.009440575564203054,0.9996677106348001
1740166472.7377656,1740166472.72252,1,3,0.010619537179733688,-0.011863117783911263,-0.015992916409277868,-0.009743769261968967,0.028563187334294308,-0.01564681925660334,0.9994220231398879
1740166472.7532203,1740166472.7390018,1,3,0.008439367582157905,-0.010576695903008046,-0.014314864969869563,-0.009473625085206992,0.023162564945607738,-0.014581409138829885,0.9995804762601215
1740166472.7705986,1740166472.7557404,1,3,0.002113179998002844,-0.002549030196362981,-0.003784964556860805,-0.003815720082541966,0.008339014193217635,-0.005938596536398467,0.9999403153157267
1740166472.7862077,1740166472.7725096,1,3,0.002529721110255829,-0.0035642789627917276,-0.005117659246738682,-0.004027213991215201,-0.0003716679360392036,0.0005411578421896893,0.9999916752446513
1740166472.8033395,1740166472.7893696,1,3,0.013845605217100293,-0.01984342137831347,-0.026490716806008608,-0.0153606215729911,0.00504567181413116,-0.0012292519738935194,0.9998685320783027
1740166472.8197339,1740166472.8058877,1,3,0.018516116796963352,-0.02504150828738824,-0.03331670681836618,-0.018768083448401692,0.012557394670418758,-0.0038768741448951304,0.9997374859079907
1740166472.836182,1740166472.8225486,1,3,0.013500305253757632,-0.015716489558088267,-0.021066073824058066,-0.011243374394543607,0.01687349734533924,-0.0053917870008783324,0.9997798758989391
1740166472.8529866,1740166472.8391948,1,3,0.009382049943155907,-0.009154329532243285,-0.01244417265143171,-0.006738724745074624,0.02160656111354649,-0.009140030673535431,0.9997020585879293
1740166472.8690495,1740166472.8558927,1,3,0.009488954876576982,-0.010464074184873811,-0.014154942326589003,-0.008311649133877884,0.02470447748466406,-0.013154744865956622,0.999573688113286
1740166472.8860967,1740166472.8727112,1,3,0.0067247047844381895,-0.00784687447900515,-0.010726991789748496,-0.006534846781569027,0.018119887169806947,-0.010579302115923873,0.9997584927537424
1740166472.9025602,1740166472.8891883,1,3,0.002644090328220969,-0.002733114150755186,-0.0040345876390852214,-0.002525931874494121,0.007624135988717729,-0.004297094238731856,0.9999585127392507
1740166472.9195144,1740166472.9057682,1,3,0.0027715769678348786,-0.003160331543497949,-0.004615936094219234,-0.002926359913028617,0.002651923336318182,-0.000688397630728848,0.9999919648822082
1740166472.936686,1740166472.9228575,1,3,0.005253831191823164,-0.006517977905543104,-0.009026113337369475,-0.005530128815741466,0.0037739580979938804,-0.0008000579552577919,0.9999772671530209
1740166472.9524658,1740166472.9392252,1,3,0.0049349166341439415,-0.005539151144135337,-0.007717850139808405,-0.004076396067794908,0.006470599023967305,-0.0021551634271624346,0.9999684343087895
1740166472.970393,1740166472.9562142,1,3,0.004377041631154573,-0.00465656112843556,-0.006559478024912985,-0.002642613022670116,0.008085270709851579,-0.00345420302935973,0.9999578558496316
1740166472.9871898,1740166472.9732714,1,3,0.0036181388575213256,-0.0038574651798710356,-0.005523320853094661,-0.002176704099212316,0.007381171405560715,-0.0035445579432995676,0.9999641075443322
1740166473.002592,1740166472.9894526,1,3,0.004081813634870492,-0.004790575628773393,-0.00674623400933442,-0.002888525631278234,0.004420568812769744,-0.0013980799456556597,0.9999850800704552
1740166473.020517,1740166473.0064247,1,3,0.008980657973989269,-0.011858849684373968,-0.01601287273336528,-0.006952932381973434,0.005132183376650215,-0.0008578941549958232,0.9999622900103278
1740166473.0364754,1740166473.0225952,1,3,0.014150405964359899,-0.01864810912340699,-0.024917623463880056,-0.011025302891125535,0.009214554569113664,-0.002014568787505486,0.9998947325558086
1740166473.0531173,1740166473.0393524,1,3,0.013139379273487144,-0.01586977377616177,-0.021266715057301423,-0.009269811360508194,0.013655171721534428,-0.003902126875749855,0.9998561798020962
1740166473.069984,1740166473.0560825,1,3,0.009402581508608135,-0.00982515686394513,-0.013328165223194409,-0.00548666562660493,0.018336509915805925,-0.007539584760429712,0.9997883893935003
1740166473.0861323,1740166473.072661,1,3,0.009709457312574452,-0.011416742628214653,-0.015408377681963736,-0.006781940274005344,0.02309826855644788,-0.012850528402007894,0.9996276002570174
1740166473.103862,1740166473.089664,1,3,0.007858359397404419,-0.010631302192016244,-0.01439028208896297,-0.006727457013471291,0.018892748961022946,-0.012753110825060688,0.9997175418702581
1740166473.1202009,1740166473.1061966,1,3,0.0016713133620900867,-0.0029572601470609266,-0.004336583308630037,-0.0023402914309538707,0.00566704897757052,-0.005634390800577448,0.9999653300151012
1740166473.1372578,1740166473.1230395,1,3,-0.00015771003049814874,-0.0007688441889995524,-0.0014867271788749125,-0.0008188806833100927,-0.005144466188982453,0.002068470154856888,0.9999842925432756
1740166473.153353,1740166473.1397982,1,3,0.01079080279010375,-0.016716646134861714,-0.022412810013701132,-0.011234013848987253,-0.001945656785745073,0.001562476698053996,0.9999337828171828
1740166473.1705024,1740166473.156204,1,3,0.017907649109705055,-0.025698374858267644,-0.034182350062745503,-0.017002853871064393,0.005641697714483266,-0.0008874482068031412,0.999839130381892
1740166473.18776,1740166473.173203,1,3,0.014773682570222562,-0.018964193844264756,-0.025319269708727405,-0.011850336315043208,0.01142685068368146,-0.002878379588921007,0.9998603460201907
1740166473.2032683,1740166473.1897037,1,3,0.009209260012668224,-0.009758928188192257,-0.013233858342247398,-0.005393430587666183,0.016359841507578753,-0.006199136731705099,0.9998324045539455
1740166473.220093,1740166473.2063868,1,3,0.00890113020265768,-0.010082511201137201,-0.013665836111038337,-0.005353569503324886,0.020235018478076662,-0.010435681147461507,0.9997264525257664
1740166473.2371407,1740166473.2231636,1,3,0.006919277074903589,-0.008585403318720559,-0.011703502767470866,-0.004435214369894561,0.015801143532575723,-0.009445402610537267,0.99982070247924
1740166473.2539868,1740166473.2397668,1,3,0.0031483533951523674,-0.004018805017839534,-0.005718801682825465,-0.0014797279391728707,0.0058476865389714685,-0.003674100459655558,0.9999750576655302
1740166473.2699986,1740166473.256421,1,3,0.00361911456729814,-0.005011265096860407,-0.0070408958513637635,-0.002188436636390984,0.0004981473462775288,0.00018931053546664278,0.9999974633746982
1740166473.287717,1740166473.2732193,1,3,0.007714586620628517,-0.010699317039184482,-0.0145116717789399,-0.005680054433591112,0.0019940262454508795,0.00019296176941283654,0.9999818616388596
1740166473.3029575,1740166473.2896438,1,3,0.008504631552954804,-0.011071552471904065,-0.014978053830290185,-0.005239828610450975,0.005096832878737205,-0.0010318788472624238,0.999972750487124
1740166473.3204815,1740166473.306552,1,3,0.006465488302977309,-0.00754915873140926,-0.010348857266841115,-0.003161727311579846,0.008321471755011892,-0.0029775678453980515,0.9999559443685325
1740166473.3362749,1740166473.323055,1,3,0.005034241508305445,-0.00561111739044545,-0.007826476900617453,-0.0026239715720325894,0.009441499306184197,-0.004472297924534684,0.9999419840247307
1740166473.3538797,1740166473.3396883,1,3,0.004084464525264304,-0.004675042096009647,-0.006597494428786809,-0.002102584774018737,0.006946457380753247,-0.003297011512736926,0.9999682272863525
1740166473.3694878,1740166473.3566644,1,3,0.0052808979571392035,-0.00668591588307396,-0.009217771965548818,-0.003112042474527483,0.003933822633441265,-0.0010244119030729908,0.9999868953198229
1740166473.3857124,1740166473.3732119,1,3,0.008392017808050515,-0.010943948120998376,-0.014803934099450447,-0.00622149864444522,0.004863344010961269,-0.0007617308703930642,0.9999685298076781
1740166473.4032702,1740166473.3898814,1,3,0.008833564034429751,-0.010782315317391761,-0.014608946382130322,-0.006517192928699664,0.008423911303751896,-0.002331402376279352,0.9999405624724084
1740166473.4211075,1740166473.4065256,1,3,0.0068215715009644394,-0.0073273548262545694,-0.01006759196571225,-0.004088888189030578,0.011692433039812874,-0.004561445231187161,0.9999128768149703
1740166473.4409022,1740166473.4230049,1,3,0.006331406008441569,-0.00724000624245093,-0.009935085969001098,-0.0039868244559402586,0.015072675883906123,-0.008268561504106403,0.999844263154572
1740166473.454246,1740166473.4401248,1,3,0.004790805964466971,-0.006367279968153559,-0.008802899471436745,-0.004262590531242357,0.01324790395098538,-0.00927033275134159,0.9998601823722895
1740166473.4753225,1740166473.4564042,1,3,0.00031473218314668236,-0.0009114106339313751,-0.0016723450583725926,-0.0012543957908348479,0.0035631767789377805,-0.003991128321522605,0.9999849004645837
1740166473.49071,1740166473.4729786,1,3,0.0006800820322099567,-0.0019233902291335464,-0.0030073935151198813,-0.0014490264037488358,-0.004978416017045331,0.0021115520244676736,0.9999843283994456
1740166473.5040572,1740166473.490105,1,3,0.011834484654395235,-0.01810409138911372,-0.024227809247961554,-0.012213348710368742,-0.0010018998638901592,0.0013309854203897536,0.9999240265078905
1740166473.520832,1740166473.506589,1,3,0.019513483392963864,-0.02784585958661469,-0.03700051736582745,-0.01937415929426893,0.007069765707644923,-0.0013965969707489838,0.9997863321137076
1740166473.5373511,1740166473.5235384,1,3,0.01668710791872692,-0.02143320595752414,-0.02857481964949842,-0.014660659018978896,0.013599018348968326,-0.0037473913860029103,0.9997930229976971
1740166473.5540798,1740166473.54011,1,3,0.009780125251481414,-0.00999748152386161,-0.013556420358141185,-0.006309247182254321,0.018466250085781195,-0.006926432358388704,0.9997855847843313
1740166473.570968,1740166473.5567827,1,3,0.00968810671534907,-0.01068964123632388,-0.014458475045565949,-0.007010949985660763,0.02436151595352761,-0.012713648243365407,0.9995977822449831
1740166473.587131,1740166473.5735502,1,3,0.007631684146750722,-0.009345369237811216,-0.01270002519282472,-0.007267293943441363,0.021372751514167062,-0.013282303522831496,0.9996569273228595
1740166473.603633,1740166473.5898802,1,3,0.0026434722839208187,-0.0033390159166797146,-0.004837472177181742,-0.003800768469445611,0.009342151605634074,-0.006739825473881008,0.9999264238507755
1740166473.6209385,1740166473.6068826,1,3,8.473168888229524e-05,-6.389175230834494e-05,-0.0005639690387999151,-0.0013139879394290844,-0.00045304665120756034,-6.368811944891135e-05,0.9999990320636567
1740166473.6368382,1740166473.6232257,1,3,0.0053802423186443335,-0.007759732370943076,-0.010661088832302473,-0.006325843777240593,1.2120770662609796e-05,0.0006477921682182064,0.9999797817550611
1740166473.6536973,1740166473.639892,1,3,0.008258034076690877,-0.011123028514441679,-0.01505694832793901,-0.00881955527285124,0.003869994898084984,-0.0006283013136940531,0.9999534208260588
1740166473.6703804,1740166473.6568985,1,3,0.00597751844269019,-0.0067266731798868015,-0.009283127468290575,-0.005860054659359251,0.007329496486441395,-0.002201047532054249,0.9999535457362038
1740166473.687128,1740166473.6733832,1,3,0.004021616257313113,-0.003518598965056354,-0.005083488165264857,-0.0036903038388400285,0.0098292784428333,-0.004003847766777287,0.9999368660800195
1740166473.704424,1740166473.690289,1,3,0.003561837353553838,-0.0031062707079488887,-0.0045368592863328115,-0.003474784167284786,0.009466948456899042,-0.004196770929965409,0.999940343158364
1740166473.7205775,1740166473.706719,1,3,0.003576134765146434,-0.0033018061012024084,-0.004782750339254521,-0.0038502928505314317,0.007094372068011135,-0.0025143717055557224,0.9999642608937841
1740166473.737915,1740166473.7235837,1,3,0.006916803370180464,-0.00806608500782942,-0.011032871925150723,-0.007088254692649545,0.0074852856438822205,-0.0020417967621622368,0.999944777580354
1740166473.7531977,1740166473.7402933,1,3,0.009182076882102897,-0.01077128452597693,-0.014598310188686988,-0.00907993623122493,0.010581203110240536,-0.003220455803960833,0.9998976055392829
1740166473.7705579,1740166473.756689,1,3,0.006932301501902562,-0.006718748503601319,-0.009280286023452782,-0.006322635451892225,0.013368181707998568,-0.004698317714258215,0.9998796136582746
1740166473.787341,1740166473.7735472,1,3,0.005977946080120629,-0.005511652934602325,-0.007672972082940116,-0.00558921636297909,0.017378529057403582,-0.008357912955772328,0.9997984260236024
1740166473.808643,1740166473.790128,1,3,0.005721975975536465,-0.006284882969009949,-0.008686865693277987,-0.006600084241668077,0.018148214463484972,-0.01065022087592907,0.9997567974237955
1740166473.8207386,1740166473.8067753,1,3,0.0027710054845276554,-0.0031089783844221847,-0.004534772456372711,-0.004681157798539522,0.010760705416801193,-0.007221536060614395,0.9999050671926426
1740166473.8371232,1740166473.8236299,1,3,-2.062030669512723e-05,0.0005123482801731771,0.00021090321670966155,-0.0018931926812235736,0.0013762977611236548,-0.0008764115829033799,0.9999968767594636
1740166473.8544066,1740166473.84006,1,3,0.008326296732526472,-0.011806458166675617,-0.015948104102102963,-0.010191181325951195,0.002239867918642419,-7.542354387444072e-05,0.999945557081073
1740166473.8706963,1740166473.8568234,1,3,0.016397184376930326,-0.022629387193496994,-0.030155172789248202,-0.017779431475315327,0.00920454284299351,-0.0025883415794437565,0.9997962135832154
1740166473.8877518,1740166473.8735402,1,3,0.015412983124216179,-0.019353868219710395,-0.025842771688928592,-0.014880329172062631,0.01459458390160124,-0.004465776736811577,0.9997727895690136
1740166473.9035404,1740166473.8900526,1,3,0.009086228542487597,-0.00883642223691013,-0.012021988923854659,-0.006857103092758416,0.018582714785680916,-0.006962816595284733,0.9997795667212996
1740166473.9256995,1740166473.9070487,1,3,0.009128144316950066,-0.009633072225873085,-0.013057653556006034,-0.007739020586310583,0.024780005425749287,-0.012885744486068974,0.9995799200066516
1740166473.9390962,1740166473.923385,1,3,0.007657771952216462,-0.009096318377414708,-0.012370645235233145,-0.008268788614946024,0.022734705678414038,-0.013840070729132454,0.9996115309132693
1740166473.9547534,1740166473.940393,1,3,0.002808280845294638,-0.0032892649151217064,-0.004767712588841446,-0.004288712454257031,0.01055311827730312,-0.007212958679290446,0.9999091018023593
1740166473.971243,1740166473.9571989,1,3,0.000714928781603393,-0.0006936559983290445,-0.001371674459754316,-0.002062245210266867,0.0005800689191120643,-0.00026243097575636174,0.99999767089465
1740166473.9876065,1740166473.9737844,1,3,0.008521888229136847,-0.012064820465303851,-0.01629470813866196,-0.009915102788640419,0.002270816608725845,-9.849856685179938e-05,0.9999482608748577
1740166474.0034928,1740166473.9903493,1,3,0.013527394713241105,-0.01830704635953849,-0.024476967953571648,-0.014318166329566746,0.00801159519084297,-0.0021990085366958003,0.9998629750205338
1740166474.0210688,1740166474.0070221,1,3,0.011807106541178385,-0.014280733368700801,-0.019185702274039845,-0.010595442884724377,0.012421715316947564,-0.003676642767218124,0.999859950131329
1740166474.0371518,1740166474.0236957,1,3,0.008025116091120294,-0.007938624432962383,-0.010867879749886018,-0.0057984962617402495,0.01555036856631367,-0.005709920153266296,0.9998459682823139
1740166474.0544584,1740166474.0404658,1,3,0.007060161264429528,-0.006788265336981441,-0.009355196328744432,-0.005465815639858345,0.017081349454733975,-0.0075806830171806765,0.9998104248332227
1740166474.0705452,1740166474.0568936,1,3,0.005716165442800735,-0.005345796504407881,-0.007452323762113939,-0.004711911694227601,0.014450379343894022,-0.006411889470644331,0.9998639267912508
1740166474.0875912,1740166474.0738132,1,3,0.005781135123614679,-0.005745967409409876,-0.007982835455185619,-0.0043739331661681174,0.010916655957073272,-0.0039860764254308284,0.9999229002908692
1740166474.1072602,1740166474.0905595,1,3,0.0077269851841383665,-0.008531209339149595,-0.011646634455737452,-0.005905625167794625,0.010628707520580495,-0.003334040749115735,0.9999205160111991
1740166474.121029,1740166474.106925,1,3,0.0073559617140816404,-0.00762317434510624,-0.010454011368535156,-0.005607216384638096,0.012254518309501224,-0.004150312715280343,0.9999005754622723
1740166474.1373506,1740166474.1239152,1,3,0.006147917511032796,-0.005885679651771499,-0.008159435953470661,-0.004638297596693046,0.014784248407679494,-0.006470032987022467,0.9998590154954704
1740166474.1536798,1740166474.1403613,1,3,0.005730886763024386,-0.006056182313666423,-0.008379045724716039,-0.0045499059386052195,0.015478474011711502,-0.00820458981066508,0.9998361865347029
1740166474.1712441,1740166474.1572373,1,3,0.0037979683083503614,-0.004162188312259445,-0.005908884560065398,-0.00325146944776251,0.01069598681272948,-0.006174170007061308,0.9999184483932957
1740166474.1879604,1740166474.174015,1,3,0.0023737713310137618,-0.002537130305884195,-0.0037831323388708214,-0.0024466928784673656,0.003559303034324884,-0.0015260427873820363,0.9999895080695994
1740166474.2047937,1740166474.1905766,1,3,0.009441825826420808,-0.012892859710746345,-0.01736573646910708,-0.009482459596648257,0.004231206692092516,-0.000719115673771328,0.999945829894087
1740166474.22184,1740166474.207645,1,3,0.018516137262924347,-0.0252812829365386,-0.03362197260302468,-0.017552467789839505,0.010826502279868673,-0.0028804174364996365,0.9997831769530142
1740166474.23811,1740166474.224053,1,3,0.019169908524351697,-0.024421884428086755,-0.0324847139173378,-0.01628245019410904,0.01686111272264908,-0.004914383732679559,0.9997131756288693
1740166474.2545538,1740166474.2406807,1,3,0.012829376625003535,-0.013613142096984976,-0.018291199327652552,-0.00853197970444037,0.021041691637852494,-0.007258977262711431,0.9997158395186304
1740166474.2747726,1740166474.2575414,1,3,0.011372030556330714,-0.011805762938408085,-0.015917336860673714,-0.007706443946221553,0.027151724916813898,-0.012821104144163863,0.9995193914298361
1740166474.28826,1740166474.2742593,1,3,0.01067429520810044,-0.01238452878961437,-0.016684154322192727,-0.008557757194708306,0.02721614316020271,-0.015279627884151463,0.9994761524493727
1740166474.304865,1740166474.29095,1,3,0.006403699267182232,-0.007669345246522205,-0.010492021280703569,-0.005409429801168699,0.017107859374446508,-0.01035984229330523,0.999785343403527
1740166474.321152,1740166474.3074424,1,3,0.002355274631389131,-0.0024370119692676603,-0.003631850841168366,-0.0019103791181887706,0.004991579000221656,-0.0025373106497589464,0.9999824981695309
1740166474.3372598,1740166474.3240566,1,3,0.007688163572970424,-0.010331568841749164,-0.014004515078769302,-0.007398785993460759,0.003463442379563966,-0.0003868358865004798,0.9999665558860973
1740166474.3547661,1740166474.3409464,1,3,0.01376148256574227,-0.018422165146793342,-0.02462462640766406,-0.012780886928829666,0.008446009337907153,-0.0020960549072270465,0.9998804530589656
1740166474.3707242,1740166474.357251,1,3,0.012958192781954012,-0.01583059903276462,-0.021209133472232973,-0.010329594893834358,0.012949006029083634,-0.0036665849512273717,0.9998560790768757
1740166474.3880398,1740166474.3742235,1,3,0.009023913051578222,-0.009215581923398391,-0.01252489812394018,-0.006114640600368689,0.016434602189473714,-0.005981908731541029,0.9998283511629031
1740166474.404932,1740166474.3907223,1,3,0.007838328765713711,-0.007803824512549663,-0.010675073749425668,-0.005795101552812345,0.019013247361461514,-0.008738348027070419,0.9997642494591025
1740166474.4219768,1740166474.407404,1,3,0.006415537258061048,-0.006502944759306368,-0.008964487391189043,-0.005038030496567664,0.01623709486794723,-0.007892369862770107,0.9998243273180115
1740166474.4419894,1740166474.4242737,1,3,0.00483881861643232,-0.004714678430260597,-0.006617628013047545,-0.0036091927479135377,0.010600288092937607,-0.004447197251738577,0.9999274123938493
1740166474.458789,1740166474.4407442,1,3,0.00594734725668903,-0.006395608737714257,-0.008839105859718331,-0.00521196435112281,0.008487156604430921,-0.002654268743861496,0.9999468778179219
1740166474.472276,1740166474.4573464,1,3,0.007165796515150718,-0.007803209543298007,-0.010700581588502468,-0.006620713072528091,0.010041410977185692,-0.0031344341710382155,0.9999227527896473
1740166474.4920566,1740166474.47414,1,3,0.006281662448135125,-0.006141037137010085,-0.008505728644564732,-0.005093304219259321,0.012071385312426129,-0.004392271046322888,0.9999045193736373
1740166474.5040202,1740166474.4907722,1,3,0.005585615886670787,-0.005320420310240715,-0.007415829732720452,-0.004381871356959178,0.014024043797511222,-0.006249953107290385,0.9998725236174526
1740166474.5227032,1740166474.5078456,1,3,0.0044166837207347915,-0.004226159352358552,-0.005986959691136576,-0.004170796918225386,0.01270648378388023,-0.0064070493986628976,0.9998900436752632
1740166474.5419261,1740166474.5243783,1,3,0.0026804434436848213,-0.0021079880159832415,-0.0032234211433830114,-0.0030926761438631934,0.007726208333408768,-0.0033797451384578463,0.9999596583772052
1740166474.5551093,1740166474.5408578,1,3,0.006804515359606057,-0.008286952396691544,-0.011331000286964928,-0.006961162974341061,0.006650883463664215,-0.0019561695704307653,0.9999517395153674
1740166474.5726051,1740166474.5576172,1,3,0.013916583433268096,-0.018173157000383404,-0.024300072776307576,-0.013270448981819866,0.010452611354407195,-0.0029198639300614055,0.9998530454493423
1740166474.5890021,1740166474.5743315,1,3,0.014932037334774969,-0.018328128980420515,-0.024500338004375462,-0.013392805329276398,0.015305004199942624,-0.004570341368148332,0.9997827271920787
1740166474.6054199,1740166474.59126,1,3,0.01014572968129384,-0.010167162076581348,-0.013783320808699377,-0.007664426055732941,0.018891420781788203,-0.0067031268639195125,0.9997696929214887
1740166474.6218708,1740166474.607718,1,3,0.009605863414528083,-0.009851513880700873,-0.013354960768767112,-0.007509778560595503,0.024790614298711388,-0.012149483613769408,0.9995906255645768
1740166474.6391563,1740166474.624493,1,3,0.009207091095591022,-0.010914147656063659,-0.014755251192768567,-0.008894916111572173,0.02510559448302447,-0.01492586991846623,0.9995337953267007
1740166474.656883,1740166474.6410713,1,3,0.0047383373043193445,-0.0059277510842009,-0.008222771152610516,-0.006287931219472374,0.01534051629653738,-0.010325301735204963,0.9998092411179305
1740166474.6717353,1740166474.65751,1,3,-0.00041802837730929603,0.0009477517100734412,0.0007808328045013295,-0.0015744310394824102,0.0021735573410690615,-0.0018669843114980148,0.9999946555782024
1740166474.6872802,1740166474.674519,1,3,0.0061655674861951296,-0.008905103126644493,-0.012154037921058453,-0.00792787013135199,0.0005832810182909331,0.00029785065469789914,0.9999683594711493
1740166474.7051914,1740166474.691076,1,3,0.014719020181324819,-0.020622737844332998,-0.02752334072896432,-0.01587770786686066,0.006871952428415787,-0.0017886705010513259,0.9998487262183989
1740166474.7220666,1740166474.707534,1,3,0.015121119283229593,-0.01947842683839041,-0.02600780622455872,-0.015150261599049726,0.012670299527311451,-0.003769634819474625,0.9997978410342244
1740166474.7385678,1740166474.7245555,1,3,0.00961258491692767,-0.009956919289794251,-0.013514206571454043,-0.008289312611159071,0.016366465411335632,-0.005569816560532302,0.9998161847309015
1740166474.761539,1740166474.7411988,1,3,0.007835041907683716,-0.0073405007526999395,-0.010079058024970304,-0.006469261045549636,0.02016559133642245,-0.00895594702636945,0.9997356093490108
1740166474.7746692,1740166474.7581978,1,3,0.007105243277620854,-0.007148600949915976,-0.009821087247403503,-0.006549869659464673,0.01960299933060517,-0.009983453342781704,0.9997365414368131
1740166474.7923682,1740166474.7745278,1,3,0.004513229864501538,-0.004107911821171237,-0.005825014049874651,-0.004832901816085215,0.013679274692801897,-0.006810249740029472,0.9998715622530693
1740166474.805588,1740166474.7911296,1,3,0.0031507271729681197,-0.002386222842060693,-0.0035889893284125405,-0.0036760848516597384,0.008500236252801382,-0.003299029046346348,0.9999516732278422
1740166474.8219721,1740166474.8079822,1,3,0.004819169357186679,-0.004774143181351214,-0.006733209763652031,-0.00536453630852528,0.008324887672282347,-0.002807007991916806,0.999947017947237
1740166474.8419673,1740166474.8244286,1,3,0.004642153836331581,-0.004209431529422937,-0.005982997124432164,-0.004840641548498746,0.009707804241890303,-0.003522531744410945,0.9999349571328676
1740166474.860457,1740166474.8411238,1,3,0.003900902892992691,-0.0031859838499374332,-0.004627346212585792,-0.0043617077400878385,0.011725397819837662,-0.005420164702566225,0.9999070518633988
1740166474.8766732,1740166474.8579044,1,3,0.003295489390992637,-0.002878573493326368,-0.004228157252182875,-0.004319812813543272,0.011517793191317518,-0.0062197743939501745,0.9999049925186624
1740166474.8886547,1740166474.8747067,1,3,0.0016362673076455452,-0.001000919505784725,-0.0017787688859873159,-0.00322638263586879,0.007383197554435517,-0.004024832924140739,0.999959438961847
1740166474.9072437,1740166474.8918164,1,3,0.0025898185609966695,-0.0026130851083274037,-0.0038914131057028846,-0.004202933363786288,0.0036778106633283967,-0.0011589925210911606,0.9999837327657888
1740166474.925736,1740166474.9079447,1,3,0.008436551894769231,-0.010939509040333058,-0.014806678821964184,-0.009725858704267868,0.006199525808219037,-0.001681632502769255,0.9999320705249649
1740166474.9421918,1740166474.924543,1,3,0.011584012866797872,-0.014583666531905267,-0.019588139778578924,-0.012231565959092219,0.01072877191089476,-0.0032424369081133476,0.9998623749548581
1740166474.9595587,1740166474.9414062,1,3,0.008254778003625646,-0.00853692085668405,-0.01164862727002511,-0.007814705692169266,0.013917303770729438,-0.004669869672531922,0.9998617061113699
1740166474.9752343,1740166474.9580529,1,3,0.006693806863768502,-0.006265997278308288,-0.008659290576594904,-0.006112719107521829,0.01852407738377833,-0.008780287934149303,0.9997711737022557
1740166474.9891884,1740166474.9746525,1,3,0.007036826630794585,-0.00805368459351416,-0.011013063270484234,-0.008006694587186853,0.020560667703618744,-0.012097636456759504,0.9996833493549491
1740166475.0080235,1740166474.9915652,1,3,0.003602471394268212,-0.0043997443858670516,-0.0062315215517735195,-0.006079439944138222,0.013665197605199858,-0.009354990331592596,0.9998443813615558
1740166475.0239513,1740166475.008145,1,3,-0.001042076355311631,0.0017145706372848212,0.0017829458242099618,-0.001652685974254429,0.001821068128861676,-0.0018848203948431516,0.9999951998844893
1740166475.0380318,1740166475.0248826,1,3,0.004048046569534828,-0.005980837585505814,-0.008320500271169033,-0.006598645352350177,-0.00015857683043631515,0.0003496033199683045,0.9999781550166091
1740166475.0553024,1740166475.0413287,1,3,0.012414838779558852,-0.017560032995914424,-0.02351292487746682,-0.014672796734966615,0.005262157632832402,-0.001355789381605666,0.9998775827911007
1740166475.0719945,1740166475.0585673,1,3,0.013480207906730742,-0.01752925186291416,-0.023463957254796625,-0.014616307632639597,0.010766461093053898,-0.0031415773778318275,0.9998302742757387
1740166475.0891197,1740166475.074786,1,3,0.00796363351274505,-0.008032231284076449,-0.010988132781270903,-0.0073118849634034415,0.014086117239063336,-0.004828176463330023,0.9998623937079782
1740166475.1052804,1740166475.091316,1,3,0.006799221195596864,-0.006508880271718623,-0.008981009283775416,-0.006212586463936237,0.018918014841109505,-0.009105472146993915,0.9997602726958499
1740166475.122467,1740166475.108318,1,3,0.006025292714942416,-0.0065543942018350815,-0.009045022883681501,-0.0068586403958684795,0.018681468219974583,-0.010809693312890304,0.9997435232736182
1740166475.1386778,1740166475.1248627,1,3,0.0029278895477067245,-0.0031217232638375393,-0.004550562920608372,-0.004795574459319777,0.011100744940063644,-0.007050968678761591,0.9999020250844939
1740166475.1561875,1740166475.1420467,1,3,-1.9837565731749956e-05,0.0007255022023608785,0.00047559566998905636,-0.0018894968901259715,0.0028899163706420056,-0.0017350786207625246,0.9999925338156544
1740166475.181977,1740166475.1585033,1,3,0.0026453817329571212,-0.0032395533279364476,-0.004736818845692664,-0.004447388382836322,0.0014190320158867387,-0.000128974258591329,0.9999890951657177
1740166475.1927636,1740166475.174975,1,3,0.004667054230700326,-0.0057101202129146034,-0.007968166067449853,-0.006243509546731971,0.0038540779472067033,-0.001102961091014204,0.9999724736954254
1740166475.205512,1740166475.1916742,1,3,0.0034058025255239207,-0.0032516625774396428,-0.004732627527201166,-0.004422502535892653,0.006053070452033314,-0.002044210660998031,0.9999698110504118
1740166475.2268348,1740166475.208383,1,3,0.0024367881251378624,-0.0017278341434010134,-0.0027435442035436465,-0.0030397513974141427,0.007541193578569997,-0.0032546733431026635,0.999961647970702
1740166475.2388096,1740166475.2250397,1,3,0.0019386067857384442,-0.0012471531405123572,-0.0021214016107187076,-0.00279931189473044,0.006843858654276096,-0.0031815303652926335,0.9999676011332422
1740166475.2555313,1740166475.2420146,1,3,0.0024734155575157216,-0.002169702945249144,-0.0033231384485617192,-0.003596325477641109,0.004772661472976763,-0.0016023969569877016,0.9999808600515889
1740166475.272265,1740166475.2584116,1,3,0.006933107194884334,-0.008564850126025118,-0.01170650748844899,-0.007934914209877686,0.006219095560580567,-0.001685733727228812,0.9999477577797208
1740166475.289558,1740166475.2750988,1,3,0.009656194752281877,-0.011819446378664953,-0.015979232759237356,-0.009956216577098737,0.00976182807053328,-0.0029251180553436563,0.9998985069238545
1740166475.3053071,1740166475.2919106,1,3,0.0077060031484992,-0.008029718105999313,-0.011008755097353202,-0.0070711058498790745,0.012320858700808533,-0.004034816536325521,0.9998909521335078
1740166475.3224318,1740166475.308387,1,3,0.006192028043272788,-0.0057942301731375625,-0.008064245123583709,-0.00561955394349486,0.016530211575173027,-0.007586365702126326,0.9998187934691914
1740166475.339307,1740166475.3252978,1,3,0.006352241098391241,-0.007214269841257385,-0.009929284891703763,-0.007159165380901457,0.018972355061010488,-0.011176986277699525,0.999731899597205
1740166475.3580618,1740166475.3415637,1,3,0.0038912584819898776,-0.0050764888820153935,-0.007137502993014789,-0.006051427213802515,0.013148000584175068,-0.009344436141314302,0.9998515848977364
1740166475.3720307,1740166475.3583224,1,3,-0.0009823532338372747,0.0012424041566077276,0.0011453260293293023,-0.0014983204063886482,0.00171854858543856,-0.002449996976200681,0.9999943995550854
1740166475.3886323,1740166475.3750415,1,3,0.0018004179087180501,-0.003094648169114978,-0.004546998804968288,-0.004234144118166171,-0.002649114276404306,0.001283138761184217,0.9999867037976338
1740166475.4097083,1740166475.391612,1,3,0.011028850124478323,-0.016156677833197342,-0.0216867024955099,-0.013346027719956787,0.0022435385340566463,-0.0001683719348729511,0.9999084066702489
1740166475.4227307,1740166475.408701,1,3,0.013920882845633052,-0.018876353742067014,-0.02524248049151933,-0.014754966542734319,0.008440792531927796,-0.0023053945911679537,0.999852853743757
1740166475.4438145,1740166475.4252024,1,3,0.009572469794390836,-0.010902864776421802,-0.014758717433731043,-0.008366453263532126,0.012360521155831866,-0.003915488775558057,0.9998809373741424
1740166475.4563227,1740166475.4417324,1,3,0.00672580852339888,-0.0064462644600526255,-0.008903006116195935,-0.005422262847031113,0.01661667946453504,-0.007333297611390352,0.9998203377484044
1740166475.471976,1740166475.4586897,1,3,0.006483210577189022,-0.007092675846607629,-0.009758929740558508,-0.006456019705269029,0.018014858458119332,-0.010085090252550246,0.9997660104438922
1740166475.4894712,1740166475.4752324,1,3,0.0037406123617630036,-0.004180082134382488,-0.0059543941570384664,-0.0045044823033530785,0.01191548613489578,-0.007280645406290816,0.9998923557222625
1740166475.5064237,1740166475.4922202,1,3,0.0011253553909593569,-0.0009348268298567661,-0.0017060737849450567,-0.0017603629223529873,0.0033401576186296894,-0.0018984347122245836,0.999991070167683
1740166475.5459938,1740166475.5086646,1,3,0.003618098602357737,-0.004648181655000235,-0.0065858670416522195,-0.004402327995835899,0.0013942673905505527,4.856115735949076e-05,0.9999893365273826
1740166475.5492644,1740166475.5252652,1,3,0.006975217819045174,-0.009012258273920933,-0.01230481412015394,-0.007666935430356423,0.004706152397356944,-0.0011188369676378392,0.9999589083730188
1740166475.5570612,1740166475.5424466,1,3,0.006754951683722024,-0.007893982364461764,-0.010825414244965264,-0.0060441019075195565,0.007390828248809906,-0.0021459713392260288,0.9999521185021507
1740166475.5731747,1740166475.5592275,1,3,0.005198067299137938,-0.005265685869499154,-0.007373465895986523,-0.0037616206264086223,0.00977587887974587,-0.0037929200159402647,0.9999379461547323
1740166475.5897803,1740166475.5755463,1,3,0.0041826415919035565,-0.004025616216219529,-0.0057494794600888985,-0.0033330054858421126,0.01019033107227214,-0.004780548639263812,0.999931094916933
1740166475.6059067,1740166475.5921655,1,3,0.003141554090318456,-0.002857117163775095,-0.004217093534080285,-0.0029046280872223607,0.007670994686142826,-0.0034277339928240804,0.9999604840271812
1740166475.6231277,1740166475.6086826,1,3,0.004687919311367526,-0.005281235935250262,-0.007397707906806508,-0.0038792957009809014,0.005743242361224948,-0.0017878415310358133,0.9999743845992778
1740166475.6406922,1740166475.625762,1,3,0.007711810755297029,-0.009440547032711917,-0.012848096612408233,-0.006148426051912595,0.006992696408735494,-0.001804516619231322,0.9999550203753119
1740166475.6598623,1740166475.6420865,1,3,0.007492240929630136,-0.008427661884133731,-0.011523935939712664,-0.005778620800655934,0.00968845200423087,-0.0029725483490862467,0.9999319503824828
1740166475.6771555,1740166475.658844,1,3,0.005960420399840407,-0.005915139833888244,-0.008217993023014786,-0.00422809180503164,0.01223836177138065,-0.004925379682876432,0.9999040385836135
1740166475.693713,1740166475.6754274,1,3,0.00575739160518977,-0.006244261249964145,-0.008648386094486834,-0.004095114588117032,0.014177816751914674,-0.007439289180896073,0.9998634289367435
1740166475.7064261,1740166475.6920664,1,3,0.004240169379797378,-0.00506419274046422,-0.007106675177503747,-0.003466230315680917,0.010841702341690655,-0.006670731828799595,0.9999129682500378
1740166475.7231379,1740166475.7090194,1,3,0.0012955444314527516,-0.0014024737007019075,-0.0023065936029064214,-0.001447866798685271,0.0033866146911933482,-0.0023083202883461607,0.999990553045434
1740166475.739595,1740166475.725488,1,3,0.00439065832713247,-0.006090763028071335,-0.008459318501345984,-0.004572828893324453,0.0007173726110976895,0.00015915013207796135,0.9999892745843251
1740166475.7562692,1740166475.7420714,1,3,0.013505085825889577,-0.018930326371987737,-0.025303069222886127,-0.012863891052213533,0.005937930609278345,-0.0013982582814510746,0.9998986479443077
1740166475.7727582,1740166475.7588842,1,3,0.017061400800120387,-0.02263203495628246,-0.030152447621455372,-0.014910788316595173,0.012013222895928015,-0.0033583592148988765,0.9998110182883634
1740166475.7890768,1740166475.775334,1,3,0.012768626739637062,-0.014679551527335664,-0.01970957196970814,-0.009293108378763308,0.01613801751720719,-0.004985766837010981,0.9998141550589899
1740166475.8063846,1740166475.7921963,1,3,0.009694111906524949,-0.009849006773210984,-0.013367771418975992,-0.006238191964540882,0.020617121225158148,-0.008608108207810149,0.9997309236722065
1740166475.8219945,1740166475.8088684,1,3,0.009616573763328176,-0.010884530200442307,-0.014724801957030463,-0.00729842935688604,0.0228624907128286,-0.012102420866556348,0.9996387201666895
1740166475.839885,1740166475.8253758,1,3,0.006780222589742647,-0.008160606336989994,-0.011148754931530717,-0.005635650785002206,0.016845070617554025,-0.009979187291326332,0.9997924278854705
1740166475.856335,1740166475.8422167,1,3,0.002397204067250213,-0.002586205188054853,-0.00384223812214956,-0.0021622109911692083,0.00645553954908632,-0.0038402152737101384,0.9999694513330951
1740166475.8728087,1740166475.8587284,1,3,0.0030448514763657822,-0.003718637434399751,-0.00535089764080207,-0.003191871172979246,0.001823254734171407,-0.000329184834025497,0.9999931896457768
1740166475.8891494,1740166475.8753538,1,3,0.007995599144013208,-0.010607231454605749,-0.014393598250500834,-0.007794272502122914,0.004461030959730397,-0.0008880342943676661,0.9999592791279207
1740166475.9054134,1740166475.8922064,1,3,0.009180759934473405,-0.011411616421831427,-0.015431123743062264,-0.007921129510961895,0.008186625031287946,-0.0023166269967779102,0.9999324317758803
1740166475.92578,1740166475.9087021,1,3,0.006898790962914721,-0.007274293913056587,-0.009996095721186114,-0.005182960310546443,0.011079226362372054,-0.003890864310721723,0.9999176210271254
1740166475.9393156,1740166475.9258335,1,3,0.005580965350460982,-0.0052808151236906214,-0.00738644744194711,-0.004293735307931916,0.012693695923786698,-0.005169858478839503,0.9998968479219288
1740166475.9552965,1740166475.9421759,1,3,0.004812229860457238,-0.004479731773947606,-0.006335376999424037,-0.0038587120605023443,0.011565586950510992,-0.004980876060860739,0.9999132654452538
1740166475.9731617,1740166475.9589121,1,3,0.005078441300021316,-0.0050822646421120575,-0.007124453888890926,-0.004108256067081201,0.009058616342965103,-0.003216954243658983,0.9999453559607308
1740166475.9892812,1740166475.975721,1,3,0.0073479569952646364,-0.0082587507447871,-0.011292898582131965,-0.0063843290767326534,0.009471210243180437,-0.0029128200257246884,0.9999305235856475
1740166476.005993,1740166475.9922462,1,3,0.008181105466121396,-0.00893667360414905,-0.012194755717076141,-0.007233499303129539,0.011920294154204316,-0.003874923036132641,0.9998952785399944
1740166476.022902,1740166476.0090878,1,3,0.006868333502075543,-0.006609920036278518,-0.009135339207300898,-0.005523910968567705,0.013854872536903312,-0.005083134461917099,0.9998758376211716
1740166476.0399392,1740166476.0258598,1,3,0.00648982005469168,-0.0064210348763280405,-0.008871160860274301,-0.005228498542055589,0.016209424656528523,-0.007565107822736458,0.9998263281685127
1740166476.0561345,1740166476.0422814,1,3,0.005490254980717755,-0.005874054249168561,-0.008153372877658622,-0.005310753034868593,0.014944524918226326,-0.008122989352424363,0.999841224455739
1740166476.0737078,1740166476.0598354,1,3,0.0025652943939533375,-0.002323159804151894,-0.0035139227952120074,-0.0033948880194650667,0.00869617649246709,-0.004803381602980055,0.9999448878687881
1740166476.0892057,1740166476.0756495,1,3,0.003092136359272331,-0.0033788141978408487,-0.004903867211707695,-0.003828038839351806,0.0036454718545972493,-0.001136383749481408,0.9999853825359526
1740166476.1058924,1740166476.0927722,1,3,0.010165819369278007,-0.01350350339305209,-0.018181121169301036,-0.010491444151828486,0.00681237617138359,-0.0019005583776515536,0.9999199513002838
1740166476.1233191,1740166476.10905,1,3,0.014397982518883596,-0.01859285742966291,-0.024850972669870113,-0.014101223383822845,0.0123316931568447,-0.003853560967240014,0.9998171007293468
1740166476.1423295,1740166476.125858,1,3,0.01170224089528811,-0.01321693914273574,-0.01778858128902316,-0.010169123553115117,0.016133890890810083,-0.0053061056149329875,0.99980404666819
1740166476.1568806,1740166476.1428137,1,3,0.008473456497155274,-0.008045945850660072,-0.010995866532165851,-0.006451174092351786,0.019695335166056312,-0.008050238986342426,0.9997528043360466
1740166476.1731164,1740166476.1590426,1,3,0.008948785752997125,-0.009758002988320908,-0.013241026236607731,-0.007960462610965101,0.02244808404511011,-0.011649832418348834,0.9996484361826149
1740166476.189014,1740166476.1757698,1,3,0.006326204393743697,-0.007226043596193037,-0.00993038581490833,-0.007040565195655538,0.01757281565927054,-0.010270769363141054,0.999768042041863
1740166476.206688,1740166476.1924517,1,3,0.0018704290114729789,-0.001477644866166386,-0.0023960632497846595,-0.0033870845820506363,0.007749762177169912,-0.0044488209322467945,0.9999543373757345
1740166476.222534,1740166476.2092743,1,3,0.0035619314751651446,-0.0041815105593349736,-0.0059507671573692305,-0.004954825588463386,0.0034944710336819174,-0.0009429333688694509,0.9999811744489215
1740166476.2398438,1740166476.226015,1,3,0.010315561763427074,-0.01366622690898406,-0.01839382056978335,-0.011319104329522269,0.007363139761394856,-0.0022555385336494663,0.9999062829065306
1740166476.256901,1740166476.24267,1,3,0.012401091130574025,-0.015540345218397481,-0.02084528344787262,-0.012588680340460219,0.012153845371727864,-0.0039693430082105635,0.9998390137847438
1740166476.2736688,1740166476.259355,1,3,0.009120695018353586,-0.009539193703532216,-0.012969610309184771,-0.008267602912270714,0.015153635044922866,-0.005181615601634419,0.9998375692815145
1740166476.2899206,1740166476.2760937,1,3,0.007189015604385894,-0.006482184496071409,-0.008962532962795946,-0.006109912654597313,0.017810592071029804,-0.0072782311361545326,0.9997962188010922
1740166476.3058774,1740166476.2927463,1,3,0.006653092726045456,-0.0062471313801338016,-0.008647003819680421,-0.006174259512868995,0.017652507844760162,-0.008161612875968248,0.9997918061084123
1740166476.3241825,1740166476.30961,1,3,0.005025523139968785,-0.004393904931116801,-0.006205559700437668,-0.005064843963059422,0.013919345633797011,-0.0061702935870125595,0.9998712550372708
1740166476.3399734,1740166476.3261027,1,3,0.0043964836503714785,-0.0036610526926384567,-0.005255359247855713,-0.004581586415179905,0.0106345187399273,-0.003940040994720089,0.9999251932790023
1740166476.3554506,1740166476.342565,1,3,0.0058221391765966015,-0.005659663361481162,-0.007888474831697091,-0.005976459211081403,0.010857462846833392,-0.003704198484245732,0.9999163346747653
1740166476.3732085,1740166476.3594785,1,3,0.005329996653214536,-0.004673833563510696,-0.006590266906960615,-0.005201339122507604,0.012051635087785055,-0.004390928758427458,0.9999042073657266
1740166476.3903356,1740166476.3762136,1,3,0.004886643374823402,-0.004185878930401424,-0.005937063145299665,-0.005021984238192384,0.013916827507397197,-0.006223766970442085,0.9998711748576106
1740166476.4072917,1740166476.3930724,1,3,0.0044530870452332465,-0.004228199967299266,-0.0059931367658015745,-0.005327818632662393,0.013516703637832651,-0.007058662394363615,0.9998695356678224
1740166476.4240859,1740166476.4094958,1,3,0.002487998927070999,-0.0019752454081322724,-0.0030488059731924423,-0.0039926474035361,0.009160529113953141,-0.004830919577143104,0.9999384009473297
1740166476.4409256,1740166476.4260135,1,3,0.0024560473135481218,-0.0021588706254648607,-0.003293290168574701,-0.004016234628753643,0.004910088025889759,-0.0017404055241552236,0.9999783657077769
1740166476.455924,1740166476.443051,1,3,0.008918971944610441,-0.011460617124973645,-0.015487106424161014,-0.010255331315072258,0.007673393642563777,-0.0024219000336987324,0.9999150371955865
1740166476.472829,1740166476.459274,1,3,0.013888573693801245,-0.017773317004736142,-0.023768259876260748,-0.01449282266750754,0.012971301655050668,-0.0042995957023918,0.9998015887671403
1740166476.4896286,1740166476.4764228,1,3,0.01220150365583393,-0.013901350751052649,-0.01868364259320784,-0.011511296021164777,0.016702018415452564,-0.005550713636602334,0.999778836654831
1740166476.5076542,1740166476.4926772,1,3,0.00845270112968194,-0.007759748390421173,-0.01062007822457563,-0.007005855232664031,0.019907471322242146,-0.007869249697329054,0.9997463105644423
1740166476.5235708,1740166476.5093381,1,3,0.009096779735385956,-0.00960703413185667,-0.013039085508974231,-0.008656246233423861,0.02362741580916521,-0.011962239824755251,0.9996117843651615
1740166476.5400631,1740166476.526389,1,3,0.007534955739050203,-0.008775025541188324,-0.011954472536879856,-0.008758610809973534,0.02002298669807774,-0.01166814305570556,0.9996930634839873
1740166476.560274,1740166476.5427473,1,3,0.0026744588480336656,-0.0026400901396122713,-0.003911544709872428,-0.004601169242418165,0.010285523571919655,-0.006240102093916825,0.9999170457454517
1740166476.5740082,1740166476.560055,1,3,0.0013428357315014865,-0.001000004194541676,-0.0017703603419859557,-0.003143294066913033,0.003012674576831348,-0.0011780286737093912,0.9999898278196369
1740166476.591537,1740166476.5765464,1,3,0.00759569781118379,-0.009987162868162192,-0.013565760373339683,-0.00933421246945975,0.005619514693327556,-0.001828655339243415,0.9999389729137657
1740166476.607169,1740166476.5929296,1,3,0.010980967965629364,-0.01397191310085022,-0.01879227898338569,-0.012144008866214534,0.010220562672986357,-0.003417837621032054,0.9998681820786685
1740166476.6236546,1740166476.6097188,1,3,0.008478918828318437,-0.009124384280720195,-0.012421537493796103,-0.008257112513848867,0.013172196807314027,-0.0044366377087158605,0.9998693062445935
1740166476.6408708,1740166476.6263201,1,3,0.006261024632813075,-0.005557604500311121,-0.0077378714493436355,-0.005590833152068078,0.015735482662595137,-0.006460711165609061,0.9998396853402426
1740166476.6567068,1740166476.6429658,1,3,0.005900010964784672,-0.005625713587198342,-0.007823311622417428,-0.006011122057209399,0.016590471524861303,-0.008033222286142687,0.9998120273360875
1740166476.6746767,1740166476.6599338,1,3,0.00417690022137436,-0.003803515872650392,-0.0054354296615853484,-0.004972398128234631,0.012546647194599372,-0.006246948025778909,0.999889410155639
1740166476.6906304,1740166476.6761928,1,3,0.002604509741909447,-0.0018105980613373326,-0.0028341704610524627,-0.003404180660005161,0.007837374342206344,-0.003151647828948182,0.9999585262566725
1740166476.707586,1740166476.6931574,1,3,0.004355091345358853,-0.004336864585835465,-0.006160804566445968,-0.005041060864233058,0.007472454412986142,-0.0024718630826197413,0.9999563190576425
1740166476.7267754,1740166476.7097335,1,3,0.005595489164862452,-0.005799456436721244,-0.008076758726661306,-0.006173812702888527,0.008864760432998114,-0.002959786251245572,0.9999372678946025
1740166476.742497,1740166476.726476,1,3,0.004322525986703433,-0.0036075295046090246,-0.005188676971867906,-0.004562941203329278,0.010587209343438809,-0.0040502225523468705,0.9999253403445527
1740166476.7581923,1740166476.743309,1,3,0.003976811594728388,-0.0033575709781782336,-0.004860611332753753,-0.004332409103155971,0.011777909237116187,-0.005417653050373486,0.9999065756963452
1740166476.7740724,1740166476.759743,1,3,0.0030479665630137108,-0.0025033600262700617,-0.0037488999818980264,-0.0038551159048499334,0.010085094886530616,-0.004966948347032953,0.9999293766894779
1740166476.7962937,1740166476.776562,1,3,0.0021129205170921954,-0.0014211827000635848,-0.0023312238208401527,-0.003283451327640419,0.006197870881439774,-0.002529956454648205,0.999972201945761
1740166476.8122284,1740166476.7935846,1,3,0.005688551105933984,-0.006638598464926525,-0.009169961435911507,-0.006790216061743335,0.00666225656685628,-0.0021610593055477433,0.9999524174309246
1740166476.8288758,1740166476.8099768,1,3,0.010027892556482692,-0.012413204111864199,-0.016745632770238755,-0.010482658301506303,0.010264721538690404,-0.0032827469782795277,0.999886980082721
1740166476.841386,1740166476.8268821,1,3,0.009432783731312807,-0.01053723350889053,-0.014280596163292475,-0.008929917417403215,0.013299510825090588,-0.004330262338233983,0.9998623047274128
1740166476.8570151,1740166476.843189,1,3,0.006683603997766377,-0.006035928334942117,-0.008365634294292835,-0.005811370520879651,0.016204332288531364,-0.006555401650996653,0.999830322753289
1740166476.8740969,1740166476.8598065,1,3,0.0073291961155223665,-0.007842266883913424,-0.01073761548711234,-0.007410953121552,0.019474025919840838,-0.010303273768503799,0.9997298048162586
1740166476.8910298,1740166476.8770213,1,3,0.005922996191713891,-0.0072096445498351005,-0.009917927503550045,-0.007442258266980535,0.016346793629844862,-0.010108977909046593,0.9997875792864928
1740166476.908364,1740166476.8933907,1,3,0.0014759731040493176,-0.0017209500116391262,-0.0027265465107483857,-0.0038443543517959213,0.006963791814745309,-0.0051972101024729675,0.9999548567562084
1740166476.9238966,1740166476.9100153,1,3,-0.000418006555939298,0.0007385697097169336,0.0004931077236690967,-0.0019514385995620235,-0.000681639100564068,0.00011827488849793043,0.9999978566309927
1740166476.9408295,1740166476.9265795,1,3,0.04616608445946024,-0.06834777125717302,-0.09012094873789671,-0.052519202861147564,0.023204015263751297,-0.010454047348827695,0.9982955573879401
1740166476.9580882,1740166476.9431834,1,3,0.040352550794550725,-0.05396748021812528,-0.07124606409019858,-0.03940920539416906,0.03720078126834266,-0.014411471160513504,0.9984264248817811
1740166476.975049,1740166476.9601002,1,3,0.028985781237554843,-0.033603570454626135,-0.044487615718229644,-0.02204440644184385,0.03852145136643151,-0.013029678949736116,0.998929611832444
1740166476.991433,1740166476.9766684,1,3,0.02372623597172271,-0.025645375805079192,-0.0340734630648756,-0.016500339936681197,0.049266860802670065,-0.02209121748874292,0.9984049746062412
1740166477.012316,1740166476.9934561,1,3,0.021682311146061273,-0.02490942260336909,-0.033066207049243845,-0.0182977752841673,0.047438946541899236,-0.02389497678613345,0.9984206367333536
1740166477.0272026,1740166477.0101428,1,3,0.014555250172227235,-0.016126589389343575,-0.021520620523939226,-0.011280851765083134,0.03196834915091691,-0.01557638965216442,0.9993038292338438
1740166477.0413907,1740166477.0265574,1,3,0.01003742691344832,-0.010122283569172864,-0.013641967820185737,-0.007594372536099307,0.019577858320126915,-0.007331601047748729,0.9997526096967472
1740166477.0586634,1740166477.043485,1,3,0.0230928418259371,-0.029197436338523553,-0.03864295882181011,-0.01888482066050189,0.02408679234269439,-0.008384012367471739,0.9994963223143358
1740166477.0774307,1740166477.060748,1,3,0.02368569946206807,-0.028146336583456992,-0.0373927143216136,-0.019941845053397102,0.02971888030368153,-0.010425468568912724,0.9993049687530231
1740166477.09114,1740166477.076879,1,3,0.02192267937159869,-0.02439442013306485,-0.03224974850803689,-0.01471078192354195,0.032701310558073356,-0.011307105288255594,0.9992929333048356
1740166477.1126723,1740166477.0935097,1,3,0.01956067296157749,-0.0202823606691675,-0.027042705101110395,-0.009986228226272835,0.03411850965963197,-0.012156747455407041,0.9992939587707532
1740166477.128264,1740166477.110212,1,3,0.017494948180273535,-0.017545321506759432,-0.02340744589983587,-0.011861315634882833,0.03442722879381918,-0.013015345916062083,0.9992520582313918
1740166477.142067,1740166477.1269894,1,3,0.025011285285241845,-0.028756051838092458,-0.037988470567562715,-0.016477609726356573,0.034205489151317145,-0.011445255855149734,0.9992134301579594
1740166477.1599844,1740166477.143477,1,3,0.03452061593822587,-0.04157981686645944,-0.05498911943467303,-0.026699615734043367,0.04225048482996401,-0.014702329197565334,0.9986420122183194
1740166477.1735342,1740166477.1602788,1,3,0.04363743240021954,-0.05319983345349306,-0.07013558773874055,-0.032606704250235166,0.05272861534280781,-0.018869933452646124,0.9978980015880684
1740166477.1901278,1740166477.1769757,1,3,0.03754948089292722,-0.041778883026523314,-0.05534700845944189,-0.02341442622572408,0.05314682718988827,-0.017943478451410626,0.998150895899629
1740166477.207306,1740166477.1935244,1,3,0.03202075909971589,-0.03338264160728103,-0.04422911917071326,-0.019684583244004877,0.0597962126454927,-0.023527642775380633,0.9977391343237966
1740166477.2246916,1740166477.2104592,1,3,0.03328508914956372,-0.037029180108329104,-0.048907708311143605,-0.020281372635657196,0.0622327274499988,-0.027374862641874862,0.9974800100520743
1740166477.2464201,1740166477.2270234,1,3,0.02754658398715511,-0.030542032567897975,-0.04044909443019571,-0.018680494905097114,0.054108831344847924,-0.024427462600853076,0.9980614072047267
1740166477.2599256,1740166477.243607,1,3,0.022638170812838754,-0.024261910669223535,-0.032008764771944795,-0.013195173554589244,0.037428299092628105,-0.013074302654042382,0.9991266548501284
1740166477.2742379,1740166477.260572,1,3,0.039590237132849905,-0.04872343062707789,-0.06425348601420133,-0.028645842505881782,0.04603425204918478,-0.016113495769193145,0.9983990277436655
1740166477.2912142,1740166477.2769341,1,3,0.055005347334122906,-0.06897576464638075,-0.09099457638711675,-0.04462310261069474,0.06197400004040214,-0.022671103082268777,0.9968219615946574
1740166477.3079727,1740166477.2938116,1,3,0.05460797514996852,-0.0648966986933039,-0.08564364971272101,-0.03816575597124188,0.06869175958936886,-0.024508366820426956,0.9966063200639735
1740166477.324676,1740166477.3105104,1,3,0.04301156256320287,-0.0458414120878346,-0.06066219071903294,-0.024212831668751402,0.06830759802234708,-0.024444783706017402,0.9970708417081326
1740166477.341057,1740166477.327104,1,3,0.04333086961036679,-0.047604648283323454,-0.06287250387325048,-0.026302098653914023,0.07897803070110603,-0.03386131044892395,0.9959538553204443
1740166477.3616586,1740166477.3438778,1,3,0.04026196642052547,-0.045949206250092675,-0.060689732396211615,-0.02669705725016532,0.077156621524659,-0.03604428981039701,0.9960095040014156
1740166477.3767977,1740166477.3603191,1,3,0.029998643471308706,-0.03333528059550323,-0.04406844269923772,-0.019787320216876545,0.057917713547390726,-0.025775283808433174,0.9977923807890456
1740166477.3910282,1740166477.3769512,1,3,0.025144618306118492,-0.027018250280502053,-0.035711488090239364,-0.014486178103192958,0.04060213263871034,-0.013982671129537305,0.998972523334468
1740166477.4082994,1740166477.3938847,1,3,0.04192452383513682,-0.05115542963293275,-0.06749276716778936,-0.03164307641777836,0.050829674984936096,-0.018184751903111526,0.9980402670503664
1740166477.4247441,1740166477.4103773,1,3,0.05299748423335312,-0.06497291186364225,-0.08567248082297647,-0.040852529891710176,0.06388624131207345,-0.023493468562964175,0.9968438573354121
1740166477.4403439,1740166477.4270656,1,3,0.05385335430175879,-0.06336100920973858,-0.08360597465886066,-0.03650512228637187,0.06830846925903244,-0.024040543023664478,0.9967062663420313
1740166477.4579277,1740166477.4437485,1,3,0.046780257753982576,-0.050966264594042215,-0.06745360909961157,-0.027576226988601585,0.06916783851070014,-0.024221931065603282,0.9969296163101405
1740166477.4738772,1740166477.4603517,1,3,0.04358977812675399,-0.045922035908329474,-0.06082608262303613,-0.02475014695193535,0.07098462794255744,-0.025767547466699615,0.9968373218932294
1740166477.4921217,1740166477.477341,1,3,0.04340680095474933,-0.04591804998691401,-0.06076957463048009,-0.024273096627534886,0.06985662155073583,-0.025234687167391648,0.9969423653196766
1740166477.5074224,1740166477.4937465,1,3,0.046636574179082554,-0.050641152276672624,-0.06694882384102314,-0.02668470183102816,0.06972201931593491,-0.024452327135954525,0.9969096500728307
1740166477.5239608,1740166477.5104342,1,3,0.050163291462784455,-0.05510251856538439,-0.07288524233478066,-0.029353549101356118,0.07273335123501241,-0.025577116613098933,0.9965912100149382
1740166477.540947,1740166477.527268,1,3,0.047207975699401064,-0.05000985239917407,-0.0662712760260625,-0.027128118837028134,0.07477501447613466,-0.02703982600931645,0.9964645554096964
1740166477.5574164,1740166477.5436988,1,3,0.04659708965551407,-0.04980790423027828,-0.06588490580999053,-0.027054222478387294,0.080857058215598,-0.032409238659460514,0.9958312339108085
1740166477.5738428,1740166477.5610027,1,3,0.046064964846805834,-0.05117102219462586,-0.06759711405893465,-0.029062291595181134,0.08345577870534665,-0.03666322234626879,0.9954126402327372
1740166477.5908525,1740166477.5771854,1,3,0.039131604633795496,-0.04342966490313248,-0.057369014471995175,-0.02586905710847478,0.0736368661158067,-0.03275702008201899,0.9964112511750896
1740166477.6074822,1740166477.5940256,1,3,0.029973403218012094,-0.031197099356583047,-0.04130083499603954,-0.017842855177661675,0.05405428095004739,-0.020606283404587176,0.998165892181421
1740166477.624753,1740166477.6107087,1,3,0.04133785942293467,-0.047950882760589154,-0.063302427801265,-0.029002518287772873,0.05657257019299661,-0.02016587283616647,0.9977733890054803
1740166477.640807,1740166477.6273205,1,3,0.06039037408649009,-0.07410978883274323,-0.09773307834313555,-0.046340632676797104,0.07179363019169811,-0.02652551362164947,0.9959892657825784
1740166477.6575956,1740166477.6441526,1,3,0.06365757620290353,-0.07546268794689967,-0.09960966752272518,-0.046217730195678895,0.0811256325498084,-0.029632145970914948,0.9951906797614772
1740166477.6744359,1740166477.6606178,1,3,0.05466726463902482,-0.059805852792595975,-0.07904981552677026,-0.03284616282102653,0.0794018950480709,-0.028031099734085484,0.9959069866701445
1740166477.7117789,1740166477.6772578,1,3,0.05159936725688008,-0.055563031623991725,-0.07349757338877004,-0.029877022644931188,0.08910824790279613,-0.03641963677474107,0.9949073794734683
1740166477.714736,1740166477.6940596,1,3,0.04975641186254643,-0.055482376541890886,-0.073345076599151,-0.03299359960536333,0.09356403007186606,-0.042386533085350474,0.9941632544380206
1740166477.7239776,1740166477.7108757,1,3,0.04105778794985849,-0.04567168838486613,-0.060338645158541385,-0.02837011579490862,0.07894809890077951,-0.03564145921213024,0.9958373464552163
1740166477.741236,1740166477.7276123,1,3,0.030772254384227794,-0.032163237830023284,-0.0425087636567733,-0.019209465155456296,0.05793786073091724,-0.022934283801242763,0.9978718451629398
1740166477.7579172,1740166477.744027,1,3,0.03615647895600661,-0.040350828739788853,-0.05325710828981913,-0.023686128584259083,0.05358620618355917,-0.01870195802373002,0.998107069700251
1740166477.774373,1740166477.7607307,1,3,0.04576488879087357,-0.05321346200189142,-0.0702603002553958,-0.03247299074115577,0.061607848534889216,-0.021982195885203948,0.9973298155250807
1740166477.7911878,1740166477.7775807,1,3,0.04341803157703985,-0.047969272496703325,-0.06341110970404182,-0.02847198823759607,0.0639788646161287,-0.022430549277263886,0.9972927961372976
1740166477.8079367,1740166477.7940342,1,3,0.03831720711805999,-0.03983749000843942,-0.05277034247216581,-0.022281892517588497,0.06701123357650214,-0.02491936778984365,0.9971920762567985
1740166477.824762,1740166477.8108835,1,3,0.03870449012454669,-0.04175165013112873,-0.055268839739507705,-0.025724022621383142,0.0732374802151328,-0.03102720056280735,0.9964998038018613
1740166477.841331,1740166477.827627,1,3,0.03412646349484061,-0.03693365902528579,-0.048819077201739114,-0.02296544469863242,0.06585306624633384,-0.028135269195680813,0.9971681747042656
1740166477.857931,1740166477.8441308,1,3,0.027994422364822198,-0.029127011476151324,-0.038525057824361254,-0.01763678777932124,0.05339930112037372,-0.02091929749195738,0.9981982976088097
1740166477.8747873,1740166477.8609838,1,3,0.02678901043895471,-0.027672152560494715,-0.03665143205150462,-0.016464889181655496,0.046791297210124275,-0.01629926185583259,0.9986359777178992
1740166477.8908992,1740166477.8774693,1,3,0.029097760290017614,-0.03067843054175474,-0.04067991667130552,-0.01891547893469196,0.04863313639958248,-0.016955228846789624,0.9984936368927765
1740166477.9076834,1740166477.89409,1,3,0.027147395240280058,-0.027515513256397704,-0.03650841290735712,-0.017069482597992795,0.05069888753735682,-0.018666947890322777,0.9983936100670774
1740166477.9247255,1740166477.9110637,1,3,0.027384229180764903,-0.028704685737598913,-0.03799840346938125,-0.01783461753278116,0.05392575350637896,-0.022133387418012785,0.9981402970963714
1740166477.9413745,1740166477.9276674,1,3,0.025562812749668727,-0.027408557324336513,-0.036306580382929304,-0.01781606642632503,0.051056384045853255,-0.021926853707731894,0.9982960715698198
1740166477.9586885,1740166477.9444659,1,3,0.02013102466002321,-0.020281003953053486,-0.02693082674483885,-0.013328691520059938,0.04000742107763197,-0.01517445741116924,0.9989952392696158
1740166477.9745877,1740166477.9610312,1,3,0.028189385242906394,-0.032213537774691894,-0.04259172774042366,-0.020914726264108913,0.04069642766846935,-0.014278171977614917,0.9988505938353844
1740166477.991319,1740166477.9776807,1,3,0.041954041818832534,-0.05113101915908857,-0.06750038347078013,-0.03392413049673879,0.051977337727579745,-0.01888123922772256,0.99789328514527
1740166478.0072238,1740166477.994502,1,3,0.045032183981398306,-0.053144511696519056,-0.07021693568381623,-0.03466206670301911,0.06000056908075704,-0.021816839580264823,0.9973577584561067
1740166478.0247416,1740166478.010784,1,3,0.03499866977801185,-0.036450084311353055,-0.04830716709744169,-0.0218176218862359,0.05991214148198324,-0.021636982305636817,0.9977306087692096
1740166478.043021,1740166478.0276644,1,3,0.03738524564671219,-0.041401587771692686,-0.05473083763949944,-0.026093840593382104,0.07215284591891125,-0.03215852314518679,0.9965334453484287
1740166478.057354,1740166478.0445626,1,3,0.0352735202178539,-0.04177943133807833,-0.055193008803363426,-0.028662843552256807,0.07342190010796047,-0.03735321640914097,0.9961889395129457
1740166478.0752664,1740166478.061618,1,3,0.02583181868599298,-0.03192085075929089,-0.042216289507904466,-0.024040295617302292,0.05609130612548044,-0.030785247702049667,0.9976613143184885
1740166478.0907004,1740166478.077816,1,3,0.012455460461181383,-0.01454972829475164,-0.019391587632531293,-0.011649573968420193,0.02813831379991112,-0.01490979049893994,0.9994249450909907
1740166478.1081629,1740166478.094457,1,3,0.010616633559704235,-0.012269188197047627,-0.01645893460293863,-0.009497179601980245,0.014545979267238296,-0.005089147106148605,0.9998361459001653
1740166478.1250951,1740166478.1111498,1,3,0.026367229878159572,-0.03474787297177235,-0.045970361941523465,-0.025525266693198857,0.025762564478497795,-0.010024775516307979,0.9992918767345105
1740166478.1411028,1740166478.1281989,1,3,0.029175584142688022,-0.036427240739281073,-0.0481761786134343,-0.026027570099447214,0.03419458127502359,-0.012778258117131106,0.9989945006483449
1740166478.1585195,1740166478.1445782,1,3,0.02100855816722154,-0.022279587820372197,-0.029612077935132916,-0.0149805500179708,0.03500910523576646,-0.01219295813555488,0.999200318976958
1740166478.1750972,1740166478.1616273,1,3,0.019280763020078952,-0.01985502557181434,-0.026443132630815283,-0.013180257631036347,0.0408062236285991,-0.01714261207528507,0.9989330627090028
1740166478.1918223,1740166478.1777093,1,3,0.019073716871360617,-0.021172353054396367,-0.028167519200262087,-0.015568597790297407,0.0409383020306115,-0.019434488766879903,0.9988513276939989
1740166478.2090313,1740166478.1944258,1,3,0.013633328721477218,-0.014590478829203038,-0.019498527063428524,-0.01126545417729805,0.03078584975134809,-0.014336736218589252,0.999359684493959
1740166478.2246132,1740166478.2117968,1,3,0.009347232043952382,-0.008869305834953153,-0.012041508392994282,-0.006896122042478924,0.020745305581832046,-0.008104198663098949,0.9997281619325928
1740166478.2421768,1740166478.2280254,1,3,0.009399823435216266,-0.008998380206431825,-0.012260054742987048,-0.007430827947361368,0.01894485617971074,-0.006792209621362302,0.9997698440685268
1740166478.2585118,1740166478.2447467,1,3,0.008999186690831693,-0.008487538361283622,-0.011546299416471372,-0.007237900349524542,0.020865936741973477,-0.008566579903680864,0.9997193802218521
1740166478.2748187,1740166478.2612,1,3,0.010578183896071574,-0.012018196536875775,-0.016133485572340015,-0.009728740780853454,0.025217956131289396,-0.013282695998278962,0.9995463852560303
1740166478.2948072,1740166478.278028,1,3,0.010279067951298546,-0.013686043082911504,-0.018357550936154068,-0.0112804251026133,0.02263282724492186,-0.014277713948853335,0.9995782380708378
1740166478.308169,1740166478.2950094,1,3,0.004093304524038159,-0.00632638889698444,-0.008770916838598425,-0.006945820041852139,0.010477402689959689,-0.008503447830381804,0.999884828863712
1740166478.3242667,1740166478.3114924,1,3,-0.002850821824117494,0.003279588692123585,0.003831806710374472,-0.00044508043955184256,-0.003793405398612034,0.0006624898913717176,0.9999924865147877
1740166478.342112,1740166478.327953,1,3,0.006197654455036982,-0.01014876269332139,-0.013756963764675448,-0.009063205924414222,-0.0022833059989792507,0.0010774901565985524,0.999955740934092
1740166478.3581285,1740166478.3448567,1,3,0.012302654536026265,-0.017800940010590523,-0.02380773424100494,-0.014407220273099102,0.005360495711645469,-0.0019854262065186375,0.9998798703706891
1740166478.375452,1740166478.3613546,1,3,0.006388361178816601,-0.007264087683840222,-0.009941598382047268,-0.006552732362125901,0.008380167820155672,-0.0026944387569009746,0.9999397854299437
1740166478.3915234,1740166478.3782842,1,3,0.006560840631002382,-0.007989414320262062,-0.010883559072611479,-0.0066698978079698015,0.016711457582203063,-0.009923949507335437,0.9997888551463681
1740166478.4084241,1740166478.3946095,1,3,0.009991097521063518,-0.01588599781716185,-0.02132337272891011,-0.01379930320051835,0.019317346168335373,-0.015610333956054769,0.9995962869288648
1740166478.4253218,1740166478.4114025,1,3,0.004580857560992441,-0.010975824093557091,-0.01495543841100188,-0.011352626447373865,0.005257559992439133,-0.010429457171718741,0.9998673423803658
1740166478.4407513,1740166478.4282846,1,3,-0.008330952723355907,0.0067155225915821164,0.008225824104606119,0.001261922837734743,-0.017602800918249097,0.0028967161239614268,0.999840066203731
1740166478.458882,1740166478.4448843,1,3,-0.003272736268606704,-0.0011751195444901638,-0.0021040618309045634,-0.0031034818779889445,-0.02489273220251646,0.009052012121972876,0.9996443274286463
1740166478.47437,1740166478.4619205,1,3,0.014334313818144078,-0.026175993499811145,-0.034917434357388276,-0.021110726879717556,-0.011597032156458782,0.0030953296915140014,0.9997050890086902
1740166478.4920638,1740166478.4783697,1,3,0.016277196477350774,-0.02585014200177961,-0.03447366646728691,-0.021047307451168045,0.0006597594797163384,-0.0011390592355411632,0.9997776143275777
1740166478.508982,1740166478.4950325,1,3,0.005922150511253132,-0.007706279730088146,-0.010616096064065002,-0.006801611291180072,0.003754392535404057,-0.0009636073091563661,0.9999693565712339
1740166478.5255911,1740166478.5118105,1,3,0.004479473494575276,-0.005759301860773818,-0.00806792531716334,-0.005540729180756383,0.012417585761235566,-0.00834883582295749,0.9998726923085804
1740166478.5460892,1740166478.5284166,1,3,0.006909795511701743,-0.011921129015185541,-0.016169206854747275,-0.01110064425938567,0.013636546706646031,-0.012763930398179628,0.9997639233197677
1740166478.5600533,1740166478.545381,1,3,0.001735112129101336,-0.0068400213960304115,-0.00954543009059643,-0.007438094144502757,5.4768912079707355e-05,-0.007143693823114084,0.9999468182830651
1740166478.5755444,1740166478.5621152,1,3,-0.007817896519240536,0.0059798103173655665,0.00719889875886343,0.0018390841094971183,-0.017707818945665803,0.0029436733103656927,0.999837179597392
1740166478.5918949,1740166478.5782793,1,3,-0.011358599625793105,0.0109303340267139,0.013627183809070718,0.005106980998911755,-0.02657017186154584,0.00898845772284032,0.9995934935462962
1740166478.6089075,1740166478.595251,1,3,-0.0099853775409808,0.0090993532501669,0.01123582620871505,0.0033767233756914115,-0.026145972063719883,0.009067130024582348,0.9996113109790247
1740166478.6253188,1740166478.6116817,1,3,-0.010467946979023637,0.009994177182609537,0.012472246450264932,0.004911044628687211,-0.024096420668576174,0.007739867348569654,0.9996676140623164
1740166478.6410942,1740166478.6286087,1,3,-0.01011896956925353,0.008969898025762533,0.011093676967459774,0.004878110753433416,-0.0231439125868347,0.006134107344512684,0.9997014234623938
1740166478.6577134,1740166478.6451275,1,3,-0.01181457352646034,0.010797475565879332,0.013419849831705702,0.005246291468209768,-0.02690096219645459,0.007534564611945549,0.9995959408655298
1740166478.6779618,1740166478.661593,1,3,-0.0112837978016399,0.009747957621574573,0.012056648024389306,0.004476624761902512,-0.03148963846400389,0.01106649814828088,0.9994327866939735
1740166478.6935978,1740166478.6787424,1,3,-0.0008744433093241046,-0.0053815163644738645,-0.007737554529342132,-0.005300223624532747,-0.026777137554184798,0.00955629353482954,0.999581697405375
1740166478.7088783,1740166478.6951184,1,3,0.005629772379207166,-0.013351647488993415,-0.018156616735991685,-0.010485671337336406,-0.017344509449095203,0.005945755475676952,0.9997769084552808
1740166478.7263649,1740166478.7119267,1,3,0.00030826715169876426,-0.0031465344875045453,-0.004750282181195592,-0.0035337259638993823,-0.01221435699928421,0.0047387461916866,0.9999079290356871
1740166478.742748,1740166478.7286134,1,3,-0.002908677374939065,0.001893750610855516,0.0018819130585772507,-0.00031969633281936225,-0.004342159833563268,-0.0015519583610160061,0.9999893173766808
1740166478.7584233,1740166478.7449741,1,3,0.002893602981503573,-0.009534026098047328,-0.013147015808720419,-0.00853076516965543,0.0008092966929506072,-0.009205335645908577,0.9999209133127126
1740166478.776111,1740166478.7619991,1,3,0.0009621425127185053,-0.010366585609092295,-0.014348269326918342,-0.009733825982407629,-0.010687110559082988,-0.006710189359752497,0.9998729977644153
1740166478.7919433,1740166478.7784073,1,3,-0.010427983271808522,0.004143769998209026,0.004603594544751376,0.00011216328548251036,-0.03395490468348649,0.005246650533358367,0.999409587969574
1740166478.809932,1740166478.7951326,1,3,-0.01961887385163917,0.01745183791784291,0.021993595894793386,0.009662343294256831,-0.05209149072141737,0.01790247656071169,0.9984350840437637
1740166478.8249254,1740166478.811802,1,3,-0.004121617397898495,-0.005535032589816031,-0.008165672819577698,-0.0067169154110182944,-0.04671643512102375,0.015817523615194017,0.9987603634924782
1740166478.8421402,1740166478.8283813,1,3,0.00244423561291428,-0.013061576445978332,-0.017944950459042902,-0.01234176618485318,-0.03442377115350819,0.011079542298151985,0.9992696975939342
1740166478.8587384,1740166478.845359,1,3,-0.005808622737261332,0.00208337610382432,0.0020455346091728696,-0.001497302476405868,-0.02856051964701517,0.010360471831514157,0.9995372506446245
1740166478.875597,1740166478.861707,1,3,-0.010376952992218864,0.009444735922600707,0.011734436090413043,0.004014200502562699,-0.02151769235085881,0.0052411864958007625,0.9997466704492369
1740166478.8910851,1740166478.8785007,1,3,-0.005806625702187035,0.0005041619531776411,-8.147942053061495e-05,-0.002611314863983127,-0.01901367619322159,0.00021241258190378626,0.9998157910501291
1740166478.9078696,1740166478.895206,1,3,-0.009755328847871789,0.004213593880640521,0.004675928827533293,-0.000567177873920607,-0.029934262128985745,0.0042290176288446975,0.9995427623018174
1740166478.9254444,1740166478.9117053,1,3,-0.01924507446617735,0.017534909673568553,0.022083356329076865,0.008594510049091989,-0.04592901506663,0.014104900775193356,0.9988081456146357
1740166478.943189,1740166478.9288318,1,3,-0.016292490890282615,0.013019954620034527,0.016122837459503356,0.005109786107868335,-0.04990751593551292,0.017428241278588174,0.9985886972848299
1740166478.9597719,1740166478.945481,1,3,-0.008918384666915748,0.002832731069041177,0.0028203670917426355,-0.00232522526460161,-0.04384751174212946,0.014996819824594677,0.9989229622131235
1740166478.9762254,1740166478.9621603,1,3,-0.010626097031189637,0.007042952463737314,0.008439898799959893,0.0011747636885960824,-0.03845894030101083,0.013482149806589717,0.9991685350719326
1740166478.9932318,1740166478.979174,1,3,-0.01548586197031275,0.015279443384734463,0.019255181030617633,0.0068768720899774595,-0.034505885664609576,0.011533722468078971,0.9993142777578975
1740166479.008511,1740166478.9953008,1,3,-0.015324909539288398,0.014614347982508373,0.018319444555097462,0.005643374220885435,-0.033017900480863976,0.009451950655934063,0.9993941320640404
1740166479.0253158,1740166479.012128,1,3,-0.017027472010452415,0.016593531492805073,0.020903002490656297,0.006784239594494449,-0.03727794291305432,0.011637976383980618,0.9992141344931933
1740166479.0421195,1740166479.0286524,1,3,-0.015234235211620314,0.013777613017452303,0.01724470265932846,0.00543124401015745,-0.03989090157411529,0.013944103495042881,0.9990919775164977
1740166479.0585196,1740166479.0452023,1,3,-0.009598009509427383,0.005905263214255272,0.006941875733777778,-0.00011844592706352517,-0.0364209751404546,0.012786904482287137,0.9992547190852499
1740166479.076798,1740166479.0630617,1,3,-0.010915319023340657,0.00915792093591247,0.011231590356408373,0.0016647678837216474,-0.03172456744707553,0.011028359618370849,0.999434417884594
1740166479.0924873,1740166479.0788312,1,3,-0.01303744805968116,0.012594606802010104,0.01577086254027765,0.00437949903756967,-0.026616498439493885,0.00726849494609526,0.9996096993228002
1740166479.108888,1740166479.0954673,1,3,-0.0075318820840522705,0.0023134688839241604,0.0022517412154873235,-0.0024745400235729647,-0.022257815454731808,0.0008504210443777201,0.9997488400027789
1740166479.1253183,1740166479.1122584,1,3,-0.008331845536030592,0.0008170435452745986,0.00016673785207506242,-0.0043029302789736,-0.030499372059671258,0.0024385020662943883,0.999522549421799
1740166479.1448817,1740166479.1289582,1,3,-0.01868978025055139,0.014856523240774062,0.018485055316515626,0.005196161256433527,-0.04890929552356019,0.012755851379337884,0.9987082501787868
1740166479.1588635,1740166479.1457052,1,3,-0.018025996686287116,0.013523399833275314,0.01673540875493974,0.004929859223206097,-0.058957346285023,0.02033493121353278,0.998041190722912
1740166479.1763232,1740166479.1621914,1,3,0.0022362619811065417,-0.016110931265758726,-0.022065106203715983,-0.015967075412403293,-0.04682366070143274,0.014671359077772752,0.9986677868661343
1740166479.1925704,1740166479.1789267,1,3,0.011246403280383975,-0.026322218840766663,-0.03533919822895298,-0.024173884311736827,-0.02933298618192179,0.008034301899148848,0.9992450396333861
1740166479.209208,1740166479.1955476,1,3,0.0040352259084864605,-0.01160345772534102,-0.015894904012821103,-0.013070618854406243,-0.01883323932263409,0.005639498125533865,0.9997212932013959
1740166479.2256362,1740166479.212252,1,3,-0.008091803116400802,0.008573461650804309,0.010608006143361734,0.0019288086117439471,-0.01461402967958481,0.004145537172689291,0.9998827553045473
1740166479.2420008,1740166479.2290354,1,3,-0.002344754028717359,-0.0018009099843385302,-0.003044660207083341,-0.005653261854115526,-0.006183020036421593,-0.004649079544135927,0.9999540974229919
1740166479.2590241,1740166479.2455702,1,3,-0.003097854542235021,-0.00346732087338694,-0.005309782679566667,-0.007699684809319857,-0.013814036852162159,-0.003576682223711706,0.9998685386509343
1740166479.2757046,1740166479.2621114,1,3,-0.012333681604862114,0.008460030974423485,0.010272449126714106,0.0008361406581160164,-0.03181795767671953,0.005959020279089593,0.9994755667425772
1740166479.2922795,1740166479.2790253,1,3,-0.019527564414230987,0.01882324252726365,0.02381233651789611,0.00833425346998365,-0.045676263175557806,0.015291065675625066,0.9988044866298503
1740166479.3090622,1740166479.2955656,1,3,-0.012756433945194857,0.008852087877661638,0.010742331263684022,0.0013241366190722976,-0.04397253128259734,0.015128553661159935,0.9989173088994587
1740166479.3254068,1740166479.3124213,1,3,-0.011152497846486068,0.007635106183306048,0.009218371567362348,0.000438435057354694,-0.03874395066029327,0.013173950898748796,0.9991622296102124
1740166479.3416767,1740166479.328918,1,3,-0.015018766401667282,0.014504187062731648,0.01825768427869835,0.005733380869501515,-0.035666834352708454,0.01217104475917583,0.9992731713303085
1740166479.358639,1740166479.3455067,1,3,-0.015546439314401138,0.015140432971898425,0.01905244384900435,0.005843025242534802,-0.03291012565550274,0.00972233890834971,0.9993939457548787
1740166479.3767993,1740166479.362396,1,3,-0.01671121128918583,0.016307656191286397,0.02057286466712915,0.006304402406332678,-0.035931778234063044,0.01100311618313909,0.9992737829331346
1740166479.3930452,1740166479.3791313,1,3,-0.01571544549854167,0.014607994253870599,0.01838307529343241,0.005492512440427116,-0.03961920794754663,0.013776422271387229,0.9991047797193752
1740166479.409126,1740166479.396192,1,3,-0.007832248296836881,0.0031955619564672175,0.003446541494923791,-0.001963974345281836,-0.03564407317431461,0.012376567857663555,0.9992859767956217
1740166479.4260793,1740166479.4125896,1,3,-0.004496223702519967,-0.0003654413062133777,-0.001227462059860296,-0.004729002919467835,-0.028984276753378144,0.009953995697690862,0.9995191174770605
1740166479.4427204,1740166479.4291472,1,3,-0.00996991274827107,0.009405090987722233,0.01161281797486348,0.001672672828411087,-0.024809985183226316,0.008569122858354154,0.9996540586294118
1740166479.4599361,1740166479.4459803,1,3,-0.01026982346631383,0.009608958944834153,0.01191698983558207,0.002167348960574978,-0.019132034311648755,0.003656515678915909,0.9998079304319759
1740166479.475191,1740166479.4625125,1,3,-0.007960173377471319,0.004366291096231562,0.005004726586788407,-0.001555080544695622,-0.01984901175186953,0.0013766367911226154,0.9998008318300795
1740166479.496154,1740166479.47937,1,3,-0.01337702844927427,0.011059704797736974,0.013737510045566774,0.0028330765251535412,-0.031049888026419902,0.007050650176083023,0.9994889526468234
1740166479.509464,1740166479.4959207,1,3,-0.015595137627533326,0.014019347568083937,0.017614312788977515,0.005410247111484358,-0.04091585660231514,0.014034144479857895,0.9990493805079957
1740166479.5266292,1740166479.51247,1,3,0.0006622739291085148,-0.009948734429604483,-0.013805676454898518,-0.011213745610441172,-0.03359563612991556,0.011083280029649553,0.9993111357561243
1740166479.5432746,1740166479.5294452,1,3,0.01008258441227509,-0.021628840612337347,-0.029076105683368585,-0.02028224838306135,-0.019573922869790306,0.005489506522714313,0.9995875935915532
1740166479.559582,1740166479.5457604,1,3,0.005070112888764685,-0.010971164388799493,-0.01500047488378454,-0.012241043130019995,-0.011321264773101004,0.0036165579551154232,0.9998544425743097
1740166479.577618,1740166479.5631187,1,3,-0.0049327793446806035,0.005588100270101213,0.006788800973922965,0.00020573229945224306,-0.00669808872638567,0.0013417465245621945,0.9999766462262498
1740166479.593279,1740166479.5792224,1,3,0.0003875950945879314,-0.004128932580883073,-0.005976936308867327,-0.00664669366805696,0.0009504275571537418,-0.00691630779129146,0.9999535403393889
1740166479.6096468,1740166479.5957966,1,3,-0.000737642727627278,-0.00515708633079315,-0.007428905696652057,-0.008269838102387397,-0.006318582188888771,-0.005872218300624647,0.9999285986254781
1740166479.6264887,1740166479.612836,1,3,-0.01041946539681823,0.007566835372595619,0.009195623831778696,0.0003998276445614012,-0.02475458593069172,0.004141160091707363,0.9996849010595036
1740166479.6420615,1740166479.62944,1,3,-0.013482944450997876,0.011793527982755412,0.014715531911192741,0.003962548419448647,-0.036806161234466866,0.012799107789028806,0.999232599320604
1740166479.6596215,1740166479.6460347,1,3,0.0010124616864522569,-0.009365625144520702,-0.012999812692853906,-0.011009034718185555,-0.02819757841480539,0.008735762655136536,0.9995035688665387
1740166479.6760795,1740166479.66265,1,3,0.008272896347057435,-0.017939924974105795,-0.024154756361391694,-0.01714433524615174,-0.016422664287131825,0.0044277900606514205,0.9997083387377833
1740166479.694055,1740166479.6794124,1,3,0.004559126988437645,-0.009685902563735227,-0.013273535098114663,-0.010447769866884024,-0.00981880439836237,0.0030891484497901326,0.9998924403888904
1740166479.7093706,1740166479.696189,1,3,-0.0026058889871452633,0.0026374672958443435,0.002882256353254257,-0.0015268812128382363,-0.006776723946994528,0.0024021764763557238,0.999972986732384
1740166479.7268608,1740166479.7125719,1,3,-0.004105127868215439,0.004927792981412729,0.005882548831453947,-0.0002662928211610572,-0.004609991771592964,0.0005634091564023498,0.999989179758522
1740166479.7431314,1740166479.729269,1,3,-0.0048623202379989554,0.0057094807387481645,0.0069362683349201305,0.0002601119227458764,-0.006918216060878889,0.001782832483790973,0.9999744457418187
1740166479.7596307,1740166479.7461116,1,3,-0.0026174603651092595,0.0023426748206138285,0.002524286987382061,-0.001470495169988522,-0.007829880940838047,0.0028303690183196033,0.9999642591711103
1740166479.776026,1740166479.7626524,1,3,0.0002761395604273741,-0.0014436027699230435,-0.00246178667303248,-0.003938609732242264,-0.005447466155830965,0.002103937483130573,0.9999751926487602
1740166479.7924948,1740166479.7795162,1,3,-0.0019491140088575998,0.0025576956404212993,0.0027979660336642136,-0.0015169634073083163,-0.002673635160478727,0.0006878888332194484,0.9999950386406937
1740166479.8095875,1740166479.7960384,1,3,-0.0013083567634934192,0.0010793026967600475,0.0008916009484200829,-0.002444532989533701,0.0017821663264805652,-0.0035927304682015484,0.9999889701538867
1740166479.8260696,1740166479.8127825,1,3,0.00014658261853638487,-0.0028317914171386324,-0.004255915612992418,-0.0053261096447959925,0.001807646692492261,-0.006199097330407951,0.9999649674672482
1740166479.8436482,1740166479.8295512,1,3,-0.00439063747087403,0.0023145368961930554,0.0024409629779311545,-0.002143260729404585,-0.008776074489699097,-0.001189838780164215,0.9999584847550794
1740166479.8596206,1740166479.8462288,1,3,-0.009712281089175276,0.009731547669536354,0.012154132753097577,0.003029768208126892,-0.02095843990342527,0.006993945583241913,0.9997512935858588
1740166479.8774688,1740166479.862969,1,3,0.00515228974140602,-0.01235368647952139,-0.01678089626813717,-0.012010695875002997,-0.015677400038220046,0.005184204375724911,0.9997915214371597
1740166479.8932965,1740166479.879506,1,3,0.018094319941019878,-0.02964951025224421,-0.039433238046019975,-0.02418825443410454,-0.0018585428419965978,-0.0005133646382149282,0.9997055619644636
1740166479.9099696,1740166479.8963037,1,3,0.01804593271225088,-0.026405904866319947,-0.03512422273613359,-0.021108440733385192,0.008545421031849168,-0.0037886102676218344,0.9997334924575817
1740166479.9266062,1740166479.9129603,1,3,0.0073979541269350345,-0.008151503062339062,-0.011137905238049717,-0.007356572890171439,0.010664529964346251,-0.003562530146107443,0.9999097244326156
1740166479.9428155,1740166479.9296162,1,3,0.006843304332426908,-0.007764825669002758,-0.010649629605744738,-0.007273066059198446,0.01896994277778627,-0.010900303293687361,0.9997341782540055
1740166479.960071,1740166479.9465537,1,3,0.007687714108207041,-0.011250247687336337,-0.015260457419437793,-0.010866206725736342,0.018182947846991176,-0.013341741735851132,0.9996866028343288
1740166479.9766405,1740166479.9631476,1,3,0.0007176102800078605,-0.0027628331489666265,-0.004121233543605766,-0.005065545768362229,0.00322409187426836,-0.005651118861203531,0.9999660045887917
1740166479.9963489,1740166479.9794703,1,3,-0.004473122885584225,0.0044109947238288325,0.005300612978121761,0.000464178338625026,-0.010304561637767344,0.0034901121741199126,0.9999407080747015
1740166480.0103147,1740166479.9963696,1,3,0.008918125550934247,-0.015264490835185981,-0.020512374261234038,-0.013171183981411566,-0.004654733049168204,0.001550840825330603,0.9999012192539337
1740166480.026091,1740166480.0128813,1,3,0.01666774934713955,-0.024865714942099465,-0.03310483458505079,-0.019910545289644938,0.005978031584450704,-0.0027754647505836855,0.9997800408690217
1740166480.042924,1740166480.029858,1,3,0.013527673907750875,-0.01778535410055987,-0.023789045842182867,-0.014083019934379267,0.011403396576387722,-0.003959662784701451,0.9998279612846807
1740166480.0594814,1740166480.0463097,1,3,0.006380718376415351,-0.005893083732189661,-0.008187057988027073,-0.005590116839086547,0.013940732018478659,-0.00524453297340443,0.9998734427208301
1740166480.0764847,1740166480.063466,1,3,0.006434207159118489,-0.006593989615922838,-0.009105784116095502,-0.006725554811261068,0.017622784422645053,-0.008998708218221723,0.9997815899645667
1740166480.0934265,1740166480.0798016,1,3,0.004472229763032207,-0.004776323380360944,-0.006698557351832251,-0.005565130539713595,0.012855849127050161,-0.007115301983993284,0.9998765568523822
1740166480.109718,1740166480.0963037,1,3,0.001692746022005296,-0.0011586294098639128,-0.0019519113881051233,-0.002622134057096046,0.005176348071236824,-0.0021942400369500932,0.9999807573870071
1740166480.1262226,1740166480.1129045,1,3,0.0055798421066558385,-0.006794182262092054,-0.009374959888423698,-0.006556890980133122,0.005255063325783743,-0.0015460897754866342,0.9999634998821321
1740166480.1435368,1740166480.129753,1,3,0.008349003750126387,-0.010132462156174256,-0.01376592093455647,-0.009338925897882764,0.009073199119994732,-0.0030604280630527254,0.9999105436492175
1740166480.1601448,1740166480.1464133,1,3,0.005952284708924456,-0.005778240548112825,-0.008010045573094248,-0.005896753321259143,0.011363224710508556,-0.004038804209414006,0.999909892682838
1740166480.1774805,1740166480.16323,1,3,0.005213110313307965,-0.0047889393473560206,-0.0067005001035472436,-0.004808611587015711,0.01363840518342203,-0.00613182990815158,0.9998766283000295
1740166480.1936367,1740166480.1799579,1,3,0.004106167688626572,-0.0037235350536852408,-0.005328295012853436,-0.004625651718694675,0.011683244757493237,-0.005650760375003906,0.9999050825179848
1740166480.2104774,1740166480.196502,1,3,0.00461175404048959,-0.004738217918125292,-0.0066526728174379985,-0.005442801186632773,0.007572074844561414,-0.0027025207076587306,0.9999528668790424
1740166480.2277563,1740166480.2132156,1,3,0.01657046206628417,-0.022131080192464944,-0.029447046870519127,-0.016823201809767457,0.013574709378686383,-0.004821818801173599,0.9997546985183919
1740166480.2438188,1740166480.2299204,1,3,0.028168550621599866,-0.03759896483552734,-0.049759754983446855,-0.027179810843519715,0.024643541044143274,-0.009155887960473905,0.9992848059902498
1740166480.2604394,1740166480.2468002,1,3,0.028321393710219585,-0.03519020318798948,-0.04661045223191063,-0.025033724558279704,0.03260412429665503,-0.011891622302678744,0.9990840170038748
1740166480.27679,1740166480.2631426,1,3,0.018870786462619794,-0.019283987654093858,-0.025730096551571328,-0.013166917840007104,0.034426206894328966,-0.012321477634357175,0.9992445395109094
1740166480.2934613,1740166480.2798564,1,3,0.01994199021340044,-0.021776065236453573,-0.028976626374917228,-0.015052955587444067,0.044120594950465795,-0.02090732177817281,0.998693979918455
1740166480.3105116,1740166480.296736,1,3,0.019906927569670118,-0.024338739789674775,-0.0323356224657208,-0.018003857597908558,0.04333489112711374,-0.023817475603865747,0.9986143781152235
1740166480.3266845,1740166480.3131561,1,3,0.01274866861640724,-0.01632122898397451,-0.02179952010089001,-0.013420165820378515,0.028030582414353026,-0.01664892320041595,0.9993783062259919
1740166480.3438897,1740166480.3301184,1,3,0.002725305049770466,-0.00248542514153928,-0.0036517727878391986,-0.0036438268638685134,0.007848967290510963,-0.003934270179888222,0.9999548178574921
1740166480.360426,1740166480.3465593,1,3,0.013195901797673104,-0.01809275689409833,-0.024144719396693652,-0.013891442224497876,0.008852368782651464,-0.0031017332380761536,0.9998595114568741
1740166480.380921,1740166480.3633065,1,3,0.025267424258969235,-0.034401832837379576,-0.045552364866751106,-0.025356401691593665,0.020881616523251056,-0.008229175582086124,0.9994264813651225
1740166480.3944583,1740166480.3805106,1,3,0.026260135698473897,-0.03330447844673985,-0.04409249239862224,-0.024042851298990916,0.02814981196035183,-0.010199929237189674,0.9992624734430728
1740166480.4104896,1740166480.396681,1,3,0.01837820170181122,-0.01961753096886662,-0.026136089797171802,-0.013636863663623511,0.03011940371817067,-0.010280761091034322,0.9994004019513254
1740166480.4276938,1740166480.4134264,1,3,0.015976969556894764,-0.015979532888950338,-0.021370004910634136,-0.011176613583589002,0.03423016081452322,-0.013875743289973402,0.9992551441686782
1740166480.4434502,1740166480.4302573,1,3,0.015086297137063007,-0.015665050790938665,-0.020946402261886335,-0.011408371663817658,0.03310585432540799,-0.014577239410260007,0.9992804188797761
1740166480.4604115,1740166480.4468088,1,3,0.011708202297232484,-0.011411737587444291,-0.015354942367616396,-0.008762394682987324,0.025686945595641515,-0.010254649258385573,0.9995790331104257
1740166480.4775655,1740166480.4637613,1,3,0.012900949366187279,-0.013307606864070032,-0.01786680725579938,-0.009961046039069648,0.02263877192585559,-0.007764027119072005,0.9996639352554393
1740166480.4936025,1740166480.4802804,1,3,0.016260771742552107,-0.017811783604224276,-0.02379903072272173,-0.013333291537060447,0.02542257539350191,-0.008777093452786074,0.9995493377656105
1740166480.510863,1740166480.4969075,1,3,0.014664675238065295,-0.01474686579323435,-0.01974102480479579,-0.0108630997308063,0.02753171598022701,-0.009865203410700627,0.9995132192427914
1740166480.5271273,1740166480.5138087,1,3,0.013766500563583271,-0.013528088760963968,-0.01811215727322412,-0.009799469972862008,0.03041068066543753,-0.012344224155165243,0.999413218353511
1740166480.5442278,1740166480.5302887,1,3,0.013364989838100921,-0.013856987231827288,-0.01856051631334285,-0.010493874220932509,0.03016154268016523,-0.013531644556158677,0.9993983462776961
1740166480.5609324,1740166480.5471563,1,3,0.01011748966526071,-0.009834115231156178,-0.013293666904056735,-0.008179521625667829,0.02346301073975067,-0.009796257795021272,0.9996432443057948
1740166480.5779285,1740166480.5641322,1,3,0.012454608203172122,-0.0135160013685466,-0.018113956918159875,-0.010437761097257074,0.019760438372920422,-0.006713247909310449,0.9997277181918559
1740166480.5937386,1740166480.5803869,1,3,0.02233389794567774,-0.027538857736086428,-0.03650708121665575,-0.0198468576974719,0.025905786487804713,-0.009010682101424188,0.999426735721059
1740166480.6105866,1740166480.5972733,1,3,0.026168409692532105,-0.03156089824493986,-0.041799108272333164,-0.022305779615965422,0.032636259195647936,-0.011459031142899345,0.9991526496920802
1740166480.627156,1740166480.613826,1,3,0.02043744730427587,-0.02148043097133853,-0.028568826974283038,-0.014639950036257463,0.03476864564908948,-0.012154050362406266,0.9992142373897862
1740166480.6442904,1740166480.6305847,1,3,0.01889975724902994,-0.019439816429586164,-0.025878762217057854,-0.013224437981492754,0.04174777718654173,-0.01807408986117695,0.9988771519139611
1740166480.6609766,1740166480.6470208,1,3,0.019390033460568383,-0.022055248336609084,-0.029318883625247903,-0.016226827747794135,0.04372525570253069,-0.022172647173014315,0.9986656927081918
1740166480.6823306,1740166480.663644,1,3,0.01404927766882436,-0.016161847274640654,-0.021577397574903727,-0.013142806374982104,0.03197691962635333,-0.016626542006063557,0.9992638797398413
1740166480.695707,1740166480.6806526,1,3,0.007255070638321927,-0.006932151384779114,-0.009441806990976758,-0.006286812507817695,0.016081528932093664,-0.006268581732803376,0.9998312684142044
1740166480.710425,1740166480.6969206,1,3,0.020029510087487667,-0.025831335468454328,-0.03424373656036703,-0.018809378393858444,0.0194016881291829,-0.006705110745112626,0.9996123364945384
1740166480.7273118,1740166480.7135453,1,3,0.03287227253246343,-0.04309514071806014,-0.05693817646727039,-0.031003610119055672,0.031929510375037204,-0.011892427893212284,0.9989383628060345
1740166480.7443373,1740166480.7304459,1,3,0.033523948587855984,-0.04124702014958801,-0.05453986914054425,-0.028922444587023217,0.040223870626827626,-0.014598483057420342,0.9986653176732079
1740166480.7619698,1740166480.7469132,1,3,0.024395574358419173,-0.02564379377774651,-0.03407693466191036,-0.01687832711307764,0.04133022457182657,-0.014537321764616985,0.9988971923509538
1740166480.7772255,1740166480.764044,1,3,0.02284801691612838,-0.023661935481226287,-0.03146052667491243,-0.015627273957373677,0.048504159141962475,-0.020804003458517645,0.9984840150421489
1740166480.7980065,1740166480.7804635,1,3,0.02239507198265991,-0.02481902310315901,-0.032946216360217134,-0.017602293156984503,0.048994414833600286,-0.023421820320819207,0.9983692327609
1740166480.810584,1740166480.797086,1,3,0.017095454569308468,-0.018780341455288792,-0.025000404114179114,-0.013912192054239098,0.03780253250367469,-0.01806638293013614,0.9990250373521058
1740166480.826868,1740166480.8141975,1,3,0.011193194672831894,-0.010918256406065667,-0.014709065571907057,-0.008374410515126218,0.024902253814017845,-0.010117349795395832,0.9996036145576025
1740166480.8446336,1740166480.830373,1,3,0.012523219903156198,-0.012996937123851094,-0.017463729579088486,-0.009807209066799197,0.021702010399834642,-0.00754156634620218,0.9996879343935142
1740166480.8609507,1740166480.8472536,1,3,0.014186633862276558,-0.01499723956607747,-0.0200699428964148,-0.011200292914358582,0.02388458513957705,-0.008332003119170336,0.9996172556310565
1740166480.8781736,1740166480.8637724,1,3,0.01251751654278504,-0.012120267803554597,-0.016275130495978205,-0.008814364032903775,0.025443643377083387,-0.009236076359293209,0.9995947293237798
1740166480.8943298,1740166480.880667,1,3,0.012173890206840912,-0.01188062689351691,-0.015985410573953925,-0.00858712283283275,0.026804168269303152,-0.010779110285414471,0.9995457011394225
1740166480.9126477,1740166480.898986,1,3,0.0110306187148363,-0.010688653924918277,-0.014433814983260872,-0.008154940959463987,0.02396939847752428,-0.00948932996354391,0.9996343919110708
1740166480.9272008,1740166480.914149,1,3,0.012898031208349491,-0.013607033882464242,-0.01823975838330726,-0.010124212203845002,0.02167561002862633,-0.007412019181055828,0.9996863159155466
1740166480.9443405,1740166480.9307024,1,3,0.021075133046475073,-0.025214647682218976,-0.033466933618931244,-0.017839299061062592,0.02662783501811911,-0.009117297234413025,0.9994446421400222
1740166480.961975,1740166480.9473917,1,3,0.025924322932317407,-0.031008567537220873,-0.04110497897810258,-0.021364892645959067,0.032619630949683245,-0.011301306768336808,0.9991755508939663
1740166480.9778569,1740166480.96406,1,3,0.021347556241226612,-0.02271168804203477,-0.03023655213461959,-0.015099210010737439,0.03508595203297886,-0.012141806576218822,0.9991964603420375
1740166480.9947438,1740166480.9810247,1,3,0.01914643637777062,-0.019549883505106586,-0.026056162049906875,-0.013056990355255451,0.04170409998753465,-0.017783166472165067,0.9988864009672549
1740166481.011485,1740166480.9974484,1,3,0.020252745105234612,-0.023160360392297314,-0.030766501505662836,-0.016692948283814082,0.04628350471675009,-0.023687642453324328,0.9985079259894395
1740166481.0273235,1740166481.0141153,1,3,0.01632626421420763,-0.019814331244742692,-0.026365905225258206,-0.015291879337378246,0.03668375605748602,-0.020252083500572608,0.9990046614414427
1740166481.044752,1740166481.0310268,1,3,0.007336278516565226,-0.008012508396898118,-0.010865714928939233,-0.006803754397031581,0.0180971937832701,-0.009317328641063669,0.9997696674185861
1740166481.0615413,1740166481.0476098,1,3,0.009243256747737407,-0.011180956695098065,-0.015047192168198666,-0.008443499710767946,0.010114091617464866,-0.0030983035055031157,0.9999084022943179
1740166481.0773337,1740166481.064759,1,3,0.022096979877075755,-0.029410056457283805,-0.038999564301240505,-0.021338311706117708,0.018818692109447435,-0.006708208353075341,0.9995726753075607
1740166481.096853,1740166481.080689,1,3,0.025333150466865337,-0.0320973295298817,-0.04252592391588006,-0.022727811635405423,0.026735433446800794,-0.009452638811250249,0.9993394372265018
1740166481.1110988,1740166481.0974543,1,3,0.01814008213056174,-0.01956937009526469,-0.026058141352813327,-0.012689090325772444,0.02896198795749852,-0.009866127339361219,0.9994512743358615
1740166481.1289682,1740166481.1142704,1,3,0.016130855847396822,-0.016755418076031516,-0.022345953762127696,-0.010756722418276967,0.0353738393021993,-0.015493040538815596,0.9991961519695225
1740166481.144909,1740166481.1307957,1,3,0.016243406461295965,-0.018669810454303395,-0.02487438510159656,-0.013311808712968182,0.03676993266969705,-0.018929034238845902,0.9990557839595544
1740166481.161485,1740166481.1473436,1,3,0.011344786614437087,-0.013186750114429194,-0.017692997718718507,-0.009990898960514246,0.025758771631963766,-0.013613762341164957,0.9995255539989418
1740166481.1779842,1740166481.164175,1,3,0.005820687976189163,-0.005822335191005365,-0.008044481515275217,-0.004341939380905975,0.012397332106039698,-0.0052058533364636025,0.9999001714221798
1740166481.195018,1740166481.180869,1,3,0.010532527313413058,-0.012797477807155013,-0.01722289455862035,-0.009181658000890285,0.011091085728778911,-0.0033401636283250592,0.9998907581734355
1740166481.2118592,1740166481.1977293,1,3,0.01557933008827122,-0.019361855063277224,-0.025825549258666338,-0.013912048294601317,0.01623110932675598,-0.005306433098642442,0.9997573944562957
1740166481.228203,1740166481.2143133,1,3,0.014156084349412327,-0.016025919792428265,-0.021435544216156614,-0.010526116063284385,0.019594339842357086,-0.006436085186253853,0.999731883823978
1740166481.2449691,1740166481.2310934,1,3,0.011592203223098223,-0.011781690546048024,-0.015881253853015333,-0.007059268110343993,0.02220137320752585,-0.008322068173315874,0.9996939576404196
1740166481.2614708,1740166481.2479708,1,3,0.010809427439598585,-0.01108487363139265,-0.014987046796637822,-0.006926108318288103,0.022898542747358034,-0.009702914151613735,0.9996667140705332
1740166481.2777123,1740166481.2642233,1,3,0.009431204163310787,-0.00964573745226906,-0.013080096585453886,-0.006076276999736052,0.01892658315371893,-0.007602661011945918,0.999773505776926
1740166481.2947786,1740166481.2809522,1,3,0.010713288844931605,-0.011720205846179851,-0.01578573232929651,-0.006889456412619651,0.016107052563974822,-0.005331090766086791,0.9998323248021558
1740166481.3108761,1740166481.2976177,1,3,0.014022280841475963,-0.016209225592550617,-0.021694183222372546,-0.009419960061603873,0.017996694237675737,-0.005740183533440321,0.9997771919992754
1740166481.327922,1740166481.3143857,1,3,0.013056187026443053,-0.014148063606825327,-0.018998613152213715,-0.007918889283360793,0.020482694363852205,-0.007093742340666948,0.9997336791584642
1740166481.3450584,1740166481.3313067,1,3,0.012043419242244523,-0.012921648938781716,-0.017367678331345143,-0.006864665178951619,0.02483484253669099,-0.011011473400292791,0.9996073501238941
1740166481.361204,1740166481.3477652,1,3,0.01249956445304967,-0.015283525087824544,-0.0204537277582673,-0.008706735244480191,0.02753370827802406,-0.015452646545858718,0.9994635077803351
1740166481.3787663,1740166481.3644133,1,3,0.009410931658882696,-0.012844737300612821,-0.01728083678335456,-0.007687886952114237,0.019060394750114177,-0.012517373122292093,0.9997104146283056
1740166481.396127,1740166481.3811607,1,3,0.0017983407603871402,-0.002831980984741593,-0.004159678206516401,-0.0013902496440355812,0.003614088746807125,-0.0034749314675705913,0.99998646511828
1740166481.4112983,1740166481.397947,1,3,0.005344377571224635,-0.008379198360033209,-0.011449090136888425,-0.005081071023879837,-0.0023520475958670466,0.0015297396024056764,0.9999831551011777
1740166481.4283102,1740166481.4147549,1,3,0.020129035294838293,-0.029418192606698382,-0.03905587718234882,-0.01948949791861971,0.0066936152795138175,-0.001982486631406762,0.9997856894015469
1740166481.4444945,1740166481.4312537,1,3,0.025335083485457138,-0.034714242907848414,-0.045998248302975955,-0.022610725725076282,0.016712390451475295,-0.005477695462180424,0.9995896387718345
1740166481.4617686,1740166481.4479132,1,3,0.0183696724838308,-0.02193086225978844,-0.029207571642884653,-0.013102364585890189,0.02113836859390683,-0.006640394484023344,0.9996686463906644
1740166481.4774823,1740166481.4647586,1,3,0.013498763426728459,-0.014274867492411143,-0.01915570737505218,-0.007786534273444012,0.027532579901800122,-0.011835223635205014,0.9995205122504811
1740166481.4958415,1740166481.481211,1,3,0.014562148065995926,-0.017657024548201606,-0.02359962950013263,-0.010860377394981077,0.032112465772118626,-0.017746530521136106,0.9992676830556142
1740166481.5122128,1740166481.498172,1,3,0.010587854020055335,-0.014079732292035928,-0.018903174359352754,-0.008908903603080151,0.02324731966104376,-0.014720629744584565,0.999581660808706
1740166481.5279324,1740166481.5146055,1,3,0.0031493542661487,-0.004550822980723832,-0.006410706702362112,-0.0024112471382975475,0.006551564717246819,-0.005120444687059142,0.9999625212642725
1740166481.544958,1740166481.5312326,1,3,0.0019193293987885818,-0.0031534347064647193,-0.004612160211193843,-0.0013902997749880542,-0.0022540529399920576,0.0010385352111961991,0.9999959538700617
1740166481.5620685,1740166481.5481403,1,3,0.0070982342157926495,-0.01042774295020287,-0.01415942030295015,-0.005939285052835923,-0.00010927790103759911,0.0009062014745219977,0.9999819457121659
1740166481.5773072,1740166481.5650537,1,3,0.007898312756879305,-0.010640365447365957,-0.014414880664417914,-0.005456804744877181,0.0035955164841942953,-0.0005776548555478998,0.9999784806974878
1740166481.5947974,1740166481.581294,1,3,0.005301559492853748,-0.006233902886855377,-0.008626593901806695,-0.0027101613532458635,0.006896522444184141,-0.0026814985481802885,0.9999689508025499
1740166481.611432,1740166481.5979757,1,3,0.003930321559287692,-0.004573577698583733,-0.0064683010746983665,-0.002311133597610831,0.008260882226734855,-0.004543429396246074,0.9999528857579497
1740166481.6284063,1740166481.614485,1,3,0.0024260484136301836,-0.003067590226347783,-0.004491144054158805,-0.0014413848241018247,0.004622189719857024,-0.0030068204369770265,0.9999837582695243
1740166481.6455636,1740166481.6314416,1,3,0.0026977316571834076,-0.003839482696344981,-0.005486943324071959,-0.0014993574008542426,0.0001656147667344508,7.017651903431602e-05,0.9999988597865448
1740166481.660601,1740166481.647867,1,3,0.006298619730370318,-0.008863444621511039,-0.012091913991304656,-0.005210392332884558,0.0008258922768895324,0.0006125433862964522,0.9999858971526969
1740166481.6783721,1740166481.6645143,1,3,0.007482896262335163,-0.00970601188397616,-0.013232024125213338,-0.006535839551542894,0.0046148305120065755,-0.0010109622424821698,0.9999674815192974
1740166481.6949406,1740166481.6813602,1,3,0.005219394059257826,-0.005726722009286517,-0.007995757290771956,-0.0035389750093489047,0.008126543269727697,-0.003198384667343008,0.9999556016573377
1740166481.7117178,1740166481.6979487,1,3,0.004993611295560115,-0.005993681920032345,-0.008318843921214625,-0.003309214241884871,0.011778667404927364,-0.0070735044514374885,0.9999001338283944
1740166481.7285552,1740166481.714771,1,3,0.003950915986749155,-0.005910732857798301,-0.00822235270174546,-0.0039796167246198885,0.009527506359099215,-0.007652397116216817,0.99991741163542
1740166481.7439682,1740166481.7313251,1,3,-0.0006765986666701945,-0.00017577003802475834,-0.0007197423846559651,-0.0004788008976580328,-0.0007870068390834621,-0.001995629394165267,0.9999975844137108
1740166481.762135,1740166481.7479937,1,3,0.0007691673918784135,-0.0027069514439549713,-0.004048997223680476,-0.001506697684513837,-0.007837224079940369,0.0033464247902918764,0.9999625539098607
1740166481.7782063,1740166481.7649667,1,3,0.0119005503900613,-0.01866628325388093,-0.024985803568250035,-0.012006326130114122,-0.0025359353295764334,0.001894610156220263,0.9999229108372393
1740166481.7951524,1740166481.781277,1,3,0.017301415393420828,-0.02482469253717781,-0.03305936291482599,-0.016584996760571923,0.005841417601733967,-0.0011882480178639963,0.9998446898341271
1740166481.8120606,1740166481.7982662,1,3,0.011589036490828562,-0.01428380889031876,-0.019196376973562364,-0.008823995584949337,0.011054278162418524,-0.0031033111431411076,0.9998951492512469
1740166481.828292,1740166481.8147657,1,3,0.008130701175601844,-0.008930358324506688,-0.012145097811731842,-0.004610047518571326,0.017605646076316334,-0.008476628714322745,0.9997984474151534
1740166481.845513,1740166481.831315,1,3,0.00946250799602911,-0.012807178467262039,-0.017244896581990157,-0.007636933968647595,0.022091552918344012,-0.014605203742850183,0.9996200921114202
1740166481.862875,1740166481.8484228,1,3,0.006039020320474527,-0.010145142146492933,-0.013791585079649697,-0.007085356475745225,0.012543897684218083,-0.011439985600952069,0.9998307732231237
1740166481.8783627,1740166481.865127,1,3,-0.002563429879970086,0.0011908793518309653,0.0010374165772867162,0.0003378184178715532,-0.005007696774799378,-0.0011745909413040925,0.9999867145056722
1740166481.9001384,1740166481.8819067,1,3,-0.0021509430340509355,0.00021757753905434946,-0.000262551900515871,0.00017020481220697214,-0.01360530126042012,0.0052700767278267115,0.9998935408828371
1740166481.9126565,1740166481.8983989,1,3,0.008572373311911451,-0.015137738164405326,-0.02039175865149841,-0.010337250585858248,-0.008566258368344397,0.0037907719769795863,0.9999026905232882
1740166481.928752,1740166481.9149935,1,3,0.011827361902814667,-0.01817461960475779,-0.0243394927674192,-0.012686476465972502,-0.0014479525793205932,0.0013746137215967698,0.9999175301920268
1740166481.9460237,1740166481.9316757,1,3,0.006892264251979503,-0.009034474179323241,-0.012342114290048603,-0.006313324087167743,0.003760514742459548,-0.0006971838891879676,0.9999727568301382
1740166481.962117,1740166481.9482622,1,3,0.003813449128357202,-0.003981281067164267,-0.005718172041268638,-0.00267577254872823,0.007476211033601453,-0.0034351702338353825,0.9999625723572423
1740166481.9790053,1740166481.9649723,1,3,0.0030040494471238115,-0.0033441442887656753,-0.004879249563121761,-0.0024441613850471997,0.007783498354440389,-0.004600415144850036,0.9999561387425877
1740166481.996394,1740166481.981867,1,3,0.0011315295121115646,-0.0011707780452892358,-0.002015830316921549,-0.001505433592675633,0.003181242269034226,-0.0021884570241315787,0.9999914119747114
1740166482.0126433,1740166481.9984045,1,3,0.0012547828999146962,-0.0015035937515605752,-0.0024706944484639247,-0.0018447264797349571,0.00013477247692959262,0.00018211078130441714,0.9999982728266373
1740166482.0295806,1740166482.0150478,1,3,0.0026403967341086434,-0.0032790025232826503,-0.0048274598223439534,-0.003368461767719257,0.0011954918681830972,-4.4981799923828465e-05,0.999993611100166
1740166482.0451815,1740166482.031612,1,3,0.0015895620253491116,-0.0014551118439578804,-0.0024144291648200947,-0.002063617480921529,0.0034949996362482823,-0.0017495250008574695,0.9999902327636537
1740166482.0627985,1740166482.0484712,1,3,0.0013312113236674027,-0.001661159155427904,-0.002657586191655293,-0.0024252821628927175,0.006974152946922745,-0.005423391193430265,0.9999580321318822
1740166482.0804944,1740166482.0661001,1,3,0.0008341703204026705,-0.00232167530398735,-0.0035480621314151663,-0.003599811230558709,0.005532861774934029,-0.00648345866583544,0.9999571958656092
1740166482.0960455,1740166482.0818176,1,3,-0.0031501549965372105,0.0023950864207443975,0.002602229158608986,-0.0007169007254865033,-0.003847903759375919,-0.0016423721731751969,0.9999909911112465
1740166482.1114247,1740166482.0984018,1,3,-0.004209195134713519,0.003527342049534072,0.0040833535987648065,0.00045734215468735826,-0.01263617520448415,0.004533546608494599,0.9999097783647801
1740166482.1291642,1740166482.1153347,1,3,0.0071853789780686565,-0.013136151948634928,-0.017751057490088283,-0.011034361134255455,-0.008556906206639915,0.0036224160217947854,0.9998959447526001
1740166482.144417,1740166482.131552,1,3,0.015868235756500464,-0.024401469984158264,-0.0325139012501704,-0.019165951553368383,0.0007662846192110815,0.00014845907389559497,0.9998160116085557
1740166482.1627846,1740166482.1484373,1,3,0.012595120066834872,-0.017194095012058652,-0.023037323108299305,-0.013529725817127816,0.0068453585071893645,-0.0017097427311640071,0.9998835754056643
1740166482.1785097,1740166482.1650589,1,3,0.005232301743238876,-0.005026321896008892,-0.007052357572994483,-0.004155844790510207,0.011500776470890532,-0.004699873478082777,0.9999141824596418
1740166482.195869,1740166482.1817498,1,3,0.006400469516669466,-0.007827482286169947,-0.010746238032782776,-0.006706273945590654,0.018170259577908583,-0.011428366124585197,0.9997470980224752
1740166482.212643,1740166482.1987038,1,3,0.00455774819059251,-0.007043138451003523,-0.009743018048038836,-0.007396792146288464,0.013929380950681943,-0.011267403940764578,0.9998121350637384
1740166482.228148,1740166482.21541,1,3,-0.0020052680227211203,0.0013303370367474278,0.0012380417849658485,-0.0012314377107487872,-0.0008347759129931358,-0.0027806107556524523,0.9999950274447194
1740166482.24508,1740166482.2318432,1,3,-0.0014928040014954333,0.00014207568540740084,-0.00031806059164726764,-0.0010142861277727922,-0.009957903981527726,0.003934220420404155,0.9999421649683692
1740166482.2627263,1740166482.2487466,1,3,0.009844153012406417,-0.016181584886446766,-0.021738466668444117,-0.01245477435717515,-0.005179674787499259,0.002665538766964684,0.999905467765773
1740166482.2792866,1740166482.265324,1,3,0.01378595651950678,-0.020243302464852595,-0.02705802968533188,-0.015609071671469984,0.0030965262162504243,-0.00060529066498927,0.9998731929750682
1740166482.2955992,1740166482.282184,1,3,0.008854251166585501,-0.011034103162285905,-0.014956797548236528,-0.008256454137308356,0.007747512385673903,-0.002238014089799077,0.9999333969369391
1740166482.3122218,1740166482.2987561,1,3,0.005417625304080858,-0.005467885812853394,-0.007644079149632945,-0.003784494737870321,0.012041828880631504,-0.0053789216344253005,0.9999058651487346
1740166482.329203,1740166482.315285,1,3,0.004925070622946399,-0.005621260166065154,-0.0078357507638807,-0.004353657111151976,0.013509381150578531,-0.007950335916034359,0.9998676584676139
1740166482.3458831,1740166482.331951,1,3,0.0021978924141593027,-0.002623627610982532,-0.003908163338791462,-0.0026838941342968285,0.007542900760519373,-0.005147589881888001,0.9999547008133922
1740166482.3619444,1740166482.348439,1,3,0.0006207807050596847,-0.0008169092926371694,-0.0015584744866824784,-0.0009675920321383683,0.0001495421663962002,-0.0004698481442851177,0.9999994103225867
1740166482.3785884,1740166482.365403,1,3,0.003622267628226718,-0.005206132482470415,-0.007331982210165194,-0.0035564874900947652,-0.0008833563811105089,0.0008867743219881637,0.9999928923295097
1740166482.3954132,1740166482.3818822,1,3,0.0047481452240036035,-0.006241924734918617,-0.008678951607736279,-0.004574227350864909,0.0019560994137370214,-0.00012121753020341305,0.9999876176361068
1740166482.4123046,1740166482.3986502,1,3,0.003090414829330592,-0.003321068138971476,-0.004818534567499429,-0.0025700345140973564,0.004661531863677792,-0.0019397508171369508,0.9999839510762398
1740166482.434765,1740166482.415674,1,3,0.0025760879648922728,-0.002825293984070759,-0.004176392323826237,-0.0016735720315165564,0.0062319953025803355,-0.0036810910951100184,0.9999724050990375
1740166482.4461796,1740166482.4321377,1,3,0.001835900093391505,-0.0023319803685176443,-0.0035446411378698326,-0.0011360285023285337,0.0032062143003129496,-0.002376161121261524,0.9999913917066626
1740166482.4635205,1740166482.4490561,1,3,0.002865576599621146,-0.004101977427784665,-0.005860668154997992,-0.0025454480880349396,-0.0006581392469370794,0.0006061999621322143,0.9999963600275596
1740166482.4797256,1740166482.4655528,1,3,0.011142809210461435,-0.015988057889056485,-0.021446279456973607,-0.010714243019327396,0.002278371460950766,0.00030333479079131334,0.9999399592015579
1740166482.4959185,1740166482.4821742,1,3,0.018640153798075133,-0.025728399831934524,-0.03422443174187981,-0.017008190524263746,0.009951849651791791,-0.0025495584764893223,0.9998025714585722
1740166482.512798,1740166482.4992669,1,3,0.01668464363583516,-0.02090938530610695,-0.02788675215533917,-0.01278504863343874,0.0154122577649346,-0.004368096742146717,0.9997899402238847
1740166482.5287411,1740166482.515601,1,3,0.011045918075496914,-0.011637100946907588,-0.015704889526101246,-0.006254552775408,0.020600171635344666,-0.008009983919871557,0.9997361420173712
1740166482.546242,1740166482.5324259,1,3,0.01133688300450615,-0.013264824880154633,-0.017832812616568904,-0.00815140031226121,0.027502699328496437,-0.015268470677616826,0.9994718755451614
1740166482.562317,1740166482.548866,1,3,0.009670314241014633,-0.013040117270568733,-0.017554183403371754,-0.008422268671063502,0.023481982799872406,-0.015683334979624413,0.9995657531539062
1740166482.580742,1740166482.566033,1,3,0.0030708343601314994,-0.005094696382968076,-0.0071346255580414485,-0.002831410133990136,0.007546791980689719,-0.006877140932766372,0.9999438654144762
1740166482.5962946,1740166482.5824654,1,3,0.00013624411669233347,-0.0014037653174950944,-0.0023031007207826855,-6.710083467461095e-05,-0.005493726059861774,0.002034910361861791,0.9999828366583481
1740166482.613182,1740166482.5990887,1,3,0.010902526364275465,-0.01708648695840578,-0.022889473089672385,-0.010888064020223187,-0.0027385347669334936,0.0019260302112062168,0.999935118343609
1740166482.6294205,1740166482.6157172,1,3,0.019255627368100697,-0.027848211571410524,-0.03700577462172603,-0.017930645821854305,0.0055758530260475855,-0.0008358216319055297,0.9998233359977365
1740166482.6459372,1740166482.632624,1,3,0.01709555437315197,-0.02242824470798829,-0.029861472470687545,-0.013060434672637762,0.011880417651446547,-0.0029391737190675817,0.9998398081595061
1740166482.6632745,1740166482.6491017,1,3,0.011411169372947968,-0.012780064569182596,-0.01719240868901965,-0.006055708075616833,0.016611907247846943,-0.005844339989743321,0.9998265932787426
1740166482.6805315,1740166482.6660588,1,3,0.009635095038387543,-0.010484966748557496,-0.014186118578887182,-0.005028898832710633,0.01985921214952533,-0.009016784371201942,0.9997494783539193
1740166482.696887,1740166482.6825259,1,3,0.008079361437498364,-0.009189902351633989,-0.012488658435614435,-0.003991378299260087,0.01634372872047867,-0.007947405360006661,0.9998268801041645
1740166482.712722,1740166482.6990619,1,3,0.007063949716068907,-0.008389807861395416,-0.01143826509573982,-0.0027878601895015543,0.009781146023908843,-0.00389765375219326,0.9999406808972474
1740166482.7292242,1740166482.7158203,1,3,0.009541204661576158,-0.0120894296208518,-0.01630893290580516,-0.004994787375880312,0.007780382403471205,-0.001962669195111699,0.9999553318415558
1740166482.7452047,1740166482.7322688,1,3,0.011931978332344799,-0.015054527911928524,-0.02020230465388401,-0.006723755525508828,0.009788755257181142,-0.002402067855431976,0.9999265980321587
1740166482.766224,1740166482.7492964,1,3,0.012069000531067025,-0.014675614833134372,-0.019673609184708916,-0.005565566569842087,0.013164536729894637,-0.004288146325858605,0.999888659422904
1740166482.7795358,1740166482.7656713,1,3,0.010583181109568315,-0.01247647847951194,-0.01677641065100843,-0.0035864676906823506,0.015539337387867943,-0.006373234022055122,0.9998525131893953
1740166482.796244,1740166482.7825527,1,3,0.008749937517989205,-0.010338011216851713,-0.013987769114923962,-0.0028489818023329336,0.01440558439474611,-0.006523632023848212,0.999870893998897
1740166482.8130617,1740166482.7994175,1,3,0.007610955493436005,-0.009212522746959188,-0.012514793175140013,-0.0028282254734337074,0.00982763466381283,-0.0038813215769710713,0.9999401752507008
1740166482.8285654,1740166482.815943,1,3,0.010811186511095453,-0.013985851798528175,-0.018768560203115753,-0.005809813608917647,0.007428472902370978,-0.0014870117598392116,0.9999544252875701
1740166482.8465037,1740166482.8325052,1,3,0.016987753940774782,-0.022379966623464705,-0.029777743867303322,-0.011196379445903945,0.011345588519939158,-0.002543825317718613,0.9998697153435504
1740166482.863207,1740166482.849103,1,3,0.018163296962011036,-0.022723820149171462,-0.03022994961788443,-0.01161338491548675,0.01644499503412267,-0.004422746318793191,0.9997875428030357
1740166482.880475,1740166482.8656998,1,3,0.014288447182034713,-0.016022305996431608,-0.02143119676829851,-0.007151003025462582,0.02116662144253079,-0.007415399058161547,0.9997228861785883
1740166482.8959846,1740166482.8826919,1,3,0.01293973088877639,-0.01455193679113376,-0.01949303300089431,-0.005944900670503816,0.02601132262894484,-0.012218496777385634,0.9995692960408558
1740166482.9128172,1740166482.8991992,1,3,0.011617846161276467,-0.014251721531245903,-0.01910492362866112,-0.006070477053547046,0.024191632785544086,-0.013301216895294735,0.9996004160866561
1740166482.9297214,1740166482.915771,1,3,0.00694263602459674,-0.008826230983771161,-0.01198992210064467,-0.002930935226081547,0.013026394796570135,-0.007595258671091737,0.9998820103907379
1740166482.9460044,1740166482.932541,1,3,0.006509059334620607,-0.008784350266178216,-0.01193828432865246,-0.0028171798376985754,0.003351332445410163,-0.0007397364010727916,0.9999901423807435
1740166482.963628,1740166482.9491165,1,3,0.018014737845775862,-0.025470996853224008,-0.033840358598361736,-0.013213681671830697,0.005723139544604333,-0.00016712323658359034,0.9998963028035719
1740166482.9798968,1740166482.9661398,1,3,0.02612273507272542,-0.035701919250221925,-0.04727233032627477,-0.0196773372756165,0.014347650455125751,-0.0032056885297137155,0.999698289928121
1740166482.9965694,1740166482.9825878,1,3,0.023787486701472522,-0.029933190061619562,-0.03968744353146272,-0.01565204936617053,0.021365874878323667,-0.005932068247923749,0.9996315937922453
1740166483.0134552,1740166482.9992652,1,3,0.017621132762475497,-0.01958532905663707,-0.02610979678870873,-0.008512001743462295,0.026770471663074672,-0.00946904438684687,0.9995605158626745
1740166483.0299804,1740166483.016108,1,3,0.01605917426967679,-0.01794023480149501,-0.023946773840055936,-0.007737718931151603,0.03189450832526325,-0.014662358562246314,0.9993537328122732
1740166483.04691,1740166483.03257,1,3,0.013951868495354472,-0.01646183534813964,-0.02199483260379342,-0.007328415798878655,0.02833100713347789,-0.01450562448203253,0.9994664752832222
1740166483.0632734,1740166483.0495427,1,3,0.009067740264853921,-0.010565772382193406,-0.014255413201993371,-0.004044191398172589,0.017633307418958424,-0.008708672292791675,0.9997984146878311
1740166483.079086,1740166483.0666628,1,3,0.007434708930857412,-0.008694715278092851,-0.011826201485159428,-0.003331837627043096,0.00977075817249633,-0.0034418843438952947,0.9999407905345821
1740166483.1010206,1740166483.082903,1,3,0.010994852125047978,-0.013820672919896127,-0.01856793071100789,-0.006702690463456444,0.008992339581170758,-0.0020871364386877015,0.9999349256981148
1740166483.1135526,1740166483.0999541,1,3,0.012071940280224529,-0.014751266291026247,-0.019770755528442124,-0.007010736963948485,0.012004860017362258,-0.0033732261787289943,0.9998976718886453
1740166483.1295626,1740166483.1161854,1,3,0.010341717184888823,-0.011686204309503088,-0.015738769271574107,-0.005288191131371208,0.01459584997564969,-0.0050909212603218726,0.9998665304523238
1740166483.146371,1740166483.1326628,1,3,0.008659559010973166,-0.009260826404466538,-0.012582795870415067,-0.00441117016358238,0.01582272911801412,-0.006315040884667402,0.9998451395489558
1740166483.1638343,1740166483.1496286,1,3,0.008374853650145776,-0.009187339859844445,-0.012488763739133773,-0.004484777309535701,0.01370057204828801,-0.0052147406944731385,0.9998824868840952
1740166483.180566,1740166483.1662312,1,3,0.0109669858730215,-0.013057468589648303,-0.017543367913334565,-0.006621246829944391,0.012391389390018017,-0.0035697075424207165,0.9998949293538114
1740166483.195306,1740166483.1829584,1,3,0.016841385001276153,-0.021148609389055283,-0.028156601538660432,-0.012434318108950447,0.015111421656682163,-0.004023122196108728,0.9998004036588877
1740166483.2130046,1740166483.1994689,1,3,0.019004495377007154,-0.02309133664774381,-0.030736504101828918,-0.014148092636650506,0.020239677127658614,-0.006042382486543558,0.9996767860455695
1740166483.2299256,1740166483.2163024,1,3,0.015573036753227971,-0.01694289637571694,-0.022677230252506154,-0.009556829113813144,0.02383767456775368,-0.007976902462737013,0.9996383352571024
1740166483.2467701,1740166483.2329597,1,3,0.013825334724477657,-0.014625147478276514,-0.0196073525996677,-0.00792572885808494,0.029427916973546277,-0.013079598453994758,0.9994499010100248
1740166483.2637277,1740166483.2497067,1,3,0.012964169722104207,-0.014899644237002067,-0.019951818607108315,-0.009107405388060225,0.03052363511632283,-0.01623158975478849,0.9993607448566385
1740166483.280068,1740166483.266449,1,3,0.008544957422518097,-0.010011417512341986,-0.013547423654989406,-0.006795546328787886,0.021322943960679807,-0.01213799647380386,0.9996758582923492
1740166483.29667,1740166483.2828882,1,3,0.004685690751690318,-0.005162553253878333,-0.0071938329927425295,-0.002969620714988332,0.0082203910350803,-0.0036369540020329085,0.9999551885407799
1740166483.3135118,1740166483.2995827,1,3,0.012380993201769103,-0.016581255119621434,-0.02218687289699006,-0.010109037478504205,0.006852762681013834,-0.001195017141930751,0.9999247066349177
1740166483.3296301,1740166483.3166718,1,3,0.021705015618290597,-0.029199197567925175,-0.03875182559999189,-0.01924222920964942,0.014588353302445537,-0.004171591673200449,0.9996997121065296
1740166483.347492,1740166483.3331811,1,3,0.021246266829151324,-0.02651714870679998,-0.03522680898667264,-0.01724951626585905,0.02070026312949493,-0.00628289480309804,0.999617165982986
1740166483.3642256,1740166483.3500493,1,3,0.014939867621939714,-0.015861639851049082,-0.021223273551684546,-0.009079807006847145,0.02500423495150143,-0.00878395073835053,0.9996075167527676
1740166483.3799183,1740166483.3663619,1,3,0.013901606107900484,-0.014832493726960288,-0.0198572060658171,-0.008185449772245274,0.03057588123473841,-0.014088098147326178,0.9993996394782904
1740166483.3958924,1740166483.3829367,1,3,0.012373400296092789,-0.014099083993746327,-0.018908534491590332,-0.008544730111273198,0.02882324069588125,-0.01515573861698059,0.9994330952945707
1740166483.4133396,1740166483.3998501,1,3,0.007703754794438149,-0.00847910656422469,-0.011552395020306992,-0.005287031070359415,0.018143653123403852,-0.009386265222575215,0.9997773518033753
1740166483.4301553,1740166483.41639,1,3,0.006655922464360437,-0.0074762853536744665,-0.010249101648884389,-0.004060141174593657,0.009453991823640708,-0.0032707462717654705,0.9999417180571409
1740166483.446628,1740166483.4329407,1,3,0.01249142079663771,-0.01588521855618364,-0.02128614632362464,-0.009293792678178698,0.009976439736105253,-0.002431291178182377,0.9999040878459562
1740166483.4637992,1740166483.4498718,1,3,0.015790864641128267,-0.019757435607882304,-0.02634665516802981,-0.011694059631724962,0.01437050469412267,-0.003887676179481887,0.9998207957119563
1740166483.4809225,1740166483.4663827,1,3,0.01371030344897749,-0.01560979936719411,-0.020899916466191312,-0.008512415760784193,0.01812106570228082,-0.005827932132834925,0.9997825768449781
1740166483.498165,1740166483.4835095,1,3,0.011811439183428578,-0.012552347315780409,-0.01690591132421181,-0.006197545046651367,0.021064931013421207,-0.00801863146640817,0.9997267429984058
1740166483.5141037,1740166483.4997404,1,3,0.010820828894941991,-0.011537413534726305,-0.015575061457554095,-0.00564728573317784,0.020762945906085118,-0.008677249551656828,0.9997308205618985
1740166483.53105,1740166483.5165875,1,3,0.010036381197410507,-0.010846966710332927,-0.014653584333348289,-0.005354608506897602,0.0171710727198073,-0.0065673546404406875,0.999816659334308
1740166483.5468314,1740166483.5334108,1,3,0.011863411706859596,-0.013614754275697657,-0.018286102429594664,-0.007230108745196571,0.014923914987766008,-0.004639122527799339,0.9998517294234894
1740166483.5635715,1740166483.5498302,1,3,0.013737543186894125,-0.015922286510097004,-0.02132463023086745,-0.008484733250751643,0.017023243277876226,-0.005121291713765989,0.9998059766080359
1740166483.5818806,1740166483.5672932,1,3,0.012803618533877582,-0.014047785660330978,-0.018866987224876577,-0.007069282877024576,0.019907828239166273,-0.006907092940882479,0.9997529673281849
1740166483.5980933,1740166483.583381,1,3,0.011157250436831278,-0.01188812406260023,-0.016012362977875696,-0.005994895946031591,0.023412650943221768,-0.010377502652359387,0.9996540483772911
1740166483.614016,1740166483.600094,1,3,0.009974696241437302,-0.0114234227205889,-0.01541046569778829,-0.006513906219928358,0.02433486924227919,-0.013150321249603804,0.9995961445582668
1740166483.6301632,1740166483.6166687,1,3,0.006733276628750331,-0.008124313317212306,-0.011093307645863937,-0.004820571797753303,0.016435935239558983,-0.009726071637152531,0.9998059940062636
1740166483.6474981,1740166483.6334057,1,3,0.0036002247831604874,-0.004296997321499033,-0.0060701690608997525,-0.001882553593904598,0.005252035214513966,-0.002429708172446327,0.9999814841467157
1740166483.6641896,1740166483.6500266,1,3,0.011104154364964902,-0.015411388066100668,-0.02065208311742486,-0.0093614336809296,0.004002674730971114,-0.0002950604619363241,0.9999481262014343
1740166483.6808183,1740166483.6667218,1,3,0.02224842203548738,-0.03076632314868171,-0.040815950406132936,-0.020270787879170873,0.011824718339951077,-0.0029402301485064544,0.9997202739974879
1740166483.6962855,1740166483.683277,1,3,0.02357273890656257,-0.030586914234835644,-0.040585633663321886,-0.019540446915479088,0.019167188982479814,-0.0055205269201297,0.999610080773187
1740166483.714176,1740166483.7003772,1,3,0.016644003236128132,-0.01858480851323821,-0.024824053875173793,-0.010281943167018722,0.023890743207045748,-0.007950741720113551,0.9996300814500457
1740166483.7308583,1740166483.7166007,1,3,0.014216219752749223,-0.015146678205055131,-0.02030061197924798,-0.008077574063873645,0.02991365301436177,-0.01335292366349899,0.9994306507158042
1740166483.747251,1740166483.7334843,1,3,0.013146556175625565,-0.01516149431830714,-0.02031768393660473,-0.009135099312565884,0.030902394058708343,-0.01645681873020147,0.9993451681572644
1740166483.7638836,1740166483.7503667,1,3,0.008902698850338626,-0.010567155548010378,-0.014289188893105523,-0.0060392274053396085,0.020996735310106165,-0.011775461046350008,0.9996919542318072
1740166483.783927,1740166483.7669415,1,3,0.005250193272588607,-0.006097381518132651,-0.008431710288437994,-0.002281341783990516,0.008730928495887642,-0.003942143147373283,0.9999515117617803
1740166483.7984123,1740166483.7837772,1,3,0.008740114931984778,-0.011339309471423737,-0.015325781158684385,-0.005893552809148682,0.005631162184066067,-0.0011406199658370113,0.9999661269432261
1740166483.8140368,1740166483.8002913,1,3,0.012899256508691174,-0.016723255369753963,-0.02238842588391169,-0.009676921714126438,0.00900628273695849,-0.0019512668954988985,0.9999107143214855
1740166483.8306544,1740166483.8169472,1,3,0.012623749668870818,-0.01529988142396834,-0.02050988023540779,-0.007846501898559292,0.01308108803254493,-0.0037583657112904576,0.9998765885003114
1740166483.8484137,1740166483.8339164,1,3,0.010637496861156335,-0.011969548391664182,-0.016131383120953174,-0.0049964563434606426,0.0164201395297338,-0.00607298884979421,0.9998342528880785
1740166483.864218,1740166483.8503423,1,3,0.009222453707137758,-0.010275087078621908,-0.013909812565151287,-0.0042347589562412085,0.016814828754294835,-0.007362321671021846,0.9998225465402142
1740166483.8812473,1740166483.8670955,1,3,0.007762647984359394,-0.008694003138050199,-0.011838304384991451,-0.0036801019028825503,0.013457251537556347,-0.005750989706766951,0.9998861361917325
1740166483.8981624,1740166483.8837075,1,3,0.009112350399393523,-0.010975850089654866,-0.01483319306536039,-0.004392710269483399,0.010193101416464177,-0.0032358788371062834,0.9999331647005981
1740166483.914348,1740166483.900304,1,3,0.012572357418545491,-0.01580992145443352,-0.02118232641641639,-0.006796420907746543,0.010733878480311388,-0.00260506537029472,0.9999158995385719
1740166483.9311001,1740166483.9170103,1,3,0.01292137107792321,-0.015615262289164761,-0.020929724318098118,-0.006874752021485937,0.01377103732195831,-0.003995294690448098,0.9998735589743618
1740166483.9477398,1740166483.9337528,1,3,0.011092704904486158,-0.012580433847142488,-0.016933819485898182,-0.005048232590356441,0.01690201937747973,-0.006425346610184257,0.9998237604746228
1740166483.9636936,1740166483.9503448,1,3,0.010050046149834315,-0.011637709449428366,-0.01569434531422536,-0.004044372975333582,0.018801407885520684,-0.008935395403232854,0.9997751291254182
1740166483.9811888,1740166483.9672782,1,3,0.008289005773029953,-0.010174744219870673,-0.013778226781537523,-0.002930957689655966,0.015074245381905525,-0.00800544740374432,0.9998500334675463
1740166483.9971235,1740166483.9838202,1,3,0.005999754289083253,-0.007618387595118231,-0.01041965261957535,-0.0016294990794050333,0.007462098556430761,-0.0034812715776047776,0.9999647706624906
1740166484.0140972,1740166484.0004814,1,3,0.009340388202234208,-0.012667613599456135,-0.01705235905595215,-0.005111875156320258,0.003576866829029411,-9.940303614196375e-05,0.9999805322480583
1740166484.0310218,1740166484.0173678,1,3,0.017524872637156578,-0.024011184553522677,-0.031945221644208086,-0.012269904720691765,0.00788690802533537,-0.0009245146279535867,0.999893189992135
1740166484.0473738,1740166484.033838,1,3,0.01978642558084254,-0.025752440263055305,-0.034228290127453674,-0.012681478298936087,0.014139316743940695,-0.003370408191202335,0.9998139327788911
1740166484.0638351,1740166484.0506642,1,3,0.015628583779241985,-0.018352860656560274,-0.024495387528955543,-0.007617905512999786,0.019090142673175683,-0.0061035012179165805,0.9997701141968566
1740166484.0810726,1740166484.0676453,1,3,0.01291613521676401,-0.01464331000218238,-0.019620588995889785,-0.0056859233112492346,0.025089695515971497,-0.011726585763288314,0.9996002524216121
1740166484.0978312,1740166484.0835311,1,3,0.011798817487253414,-0.014730611804531243,-0.01974309176721991,-0.006447426632274483,0.025511477701558122,-0.014721226978770681,0.9995453369765395
1740166484.1143208,1740166484.1007233,1,3,0.007218101794019563,-0.009842630209371291,-0.01333868732007898,-0.0033941079990198997,0.015093675308124353,-0.010061283459614517,0.9998297012850385
1740166484.1312954,1740166484.1171677,1,3,0.0026944879443012836,-0.004201198224350506,-0.005949686799969116,2.306842065419021e-05,0.0015595770171322636,-0.0016988740311477636,0.9999973405036645
1740166484.147705,1740166484.1337905,1,3,0.0064769347411622906,-0.00988341946217753,-0.013431233899101752,-0.004201541950861787,-0.002295520462286752,0.0019393805097737634,0.9999866581281376
1740166484.1644924,1740166484.1505983,1,3,0.013789777900127273,-0.019826155403893538,-0.026481751996339366,-0.010956498904866403,0.0024698529906965107,0.0005243657410297317,0.9999367880013824
1740166484.1812356,1740166484.1671996,1,3,0.01466061662055508,-0.0195591635342884,-0.02611084057035366,-0.010132359803326977,0.008388202078460309,-0.0015386707502985893,0.9999122990757884
1740166484.198532,1740166484.1840713,1,3,0.010933419075661713,-0.012888811008144374,-0.01735188926409583,-0.00565604831384592,0.012918380472035846,-0.004101024709630714,0.9998921472637847
1740166484.214633,1740166484.200565,1,3,0.008690392307882166,-0.009550304649824452,-0.012979455904717788,-0.004096423394311338,0.015798647200595692,-0.006658033495721543,0.9998446342567306
1740166484.2311833,1740166484.2172413,1,3,0.00739315533225988,-0.008290707540875675,-0.011328228244053473,-0.003463820831789623,0.014280420044007305,-0.00666621785849011,0.9998698080690681
1740166484.2467163,1740166484.234233,1,3,0.006620980356083897,-0.007731063736228359,-0.010586936631639053,-0.0028535161543264734,0.0097507931116542,-0.0040806259237803014,0.9999400621893898
1740166484.265316,1740166484.2507627,1,3,0.007121061715279896,-0.008541981316025628,-0.011663147356324894,-0.0037998980408037405,0.007577061613972688,-0.0022927191556669038,0.9999614454322979
1740166484.2817073,1740166484.2675402,1,3,0.007727341624082285,-0.00912751254222867,-0.01245019327601981,-0.005097521941068527,0.00833551143264683,-0.0024642186655682726,0.999949229783985
1740166484.297633,1740166484.2840104,1,3,0.0066427345808582365,-0.007337392608690382,-0.010087697151055982,-0.003633186204599801,0.010779469419882507,-0.004298654064308776,0.9999260595515369
1740166484.3137054,1740166484.3004174,1,3,0.00580693850108331,-0.006626434928417734,-0.009141411892724386,-0.0030533956900045756,0.012709612686416558,-0.0067186428847338785,0.9998919953464519
1740166484.33067,1740166484.3173354,1,3,0.003972433241684523,-0.004967327102123635,-0.006975037203755835,-0.0027306356422991994,0.010431623787904905,-0.0068470169252452225,0.9999184182788925
1740166484.348363,1740166484.333799,1,3,0.0008305164775597089,-0.001162935663255444,-0.0020118437588553893,-0.0009461854437520666,0.0029608260315241264,-0.0026252051735197583,0.9999917232358045
1740166484.364179,1740166484.350686,1,3,0.0025996864155177976,-0.004076924712987154,-0.005841191129949008,-0.0027225918164523956,-0.0022385260404821205,0.0013839430190626788,0.9999928305726432
1740166484.3813002,1740166484.3673172,1,3,0.011119623000068505,-0.01622917434488197,-0.021767830094075683,-0.010479619612191226,0.001086858108328205,0.0009644655777508797,0.9999440314929557
1740166484.3978813,1740166484.3839035,1,3,0.015196379879852352,-0.020828310924500222,-0.027787514070684634,-0.013939643430568574,0.007522745614855711,-0.001652778793005025,0.9998731734383638
1740166484.4142363,1740166484.4007761,1,3,0.011097924147997039,-0.013138288466193495,-0.017694773529873014,-0.00869288422792605,0.012392160328125576,-0.0036928454729944498,0.9998786081412656
1740166484.431882,1740166484.4173744,1,3,0.007903910427295581,-0.008140441218811089,-0.011131375391787138,-0.005047016021963586,0.017570453879487427,-0.00799389358130324,0.9998009324086239
1740166484.4475687,1740166484.4340851,1,3,0.00802469019854719,-0.00961679329861661,-0.013076869917244074,-0.006406967083417849,0.020468009364416024,-0.01209056630031252,0.9996968688417444
1740166484.464197,1740166484.450829,1,3,0.004723201485949706,-0.006362678017263165,-0.008814894513863102,-0.005366200409105228,0.013608479830293148,-0.00974318986605374,0.9998455297800316
1740166484.4814215,1740166484.467362,1,3,-0.0006775914056735214,0.0007267251413769328,0.0004685761547095705,-0.0008681754901831462,0.0011878506643826186,-0.0020902153971309807,0.9999967331355193
1740166484.497631,1740166484.4841568,1,3,0.0031463274611569125,-0.005161879162348089,-0.007265541064165053,-0.004505379548855351,-0.003402851015690987,0.0017852845655174797,0.9999824673058553
1740166484.5140626,1740166484.500718,1,3,0.011129676437291396,-0.01625643238391739,-0.021823424205210593,-0.011763830636310538,0.0014163510034306407,0.0004859480973886233,0.9999296825742509
1740166484.5306857,1740166484.5173893,1,3,0.01213812704500521,-0.01621769244643703,-0.021762192878255027,-0.011648743262212465,0.006979088753332692,-0.001495635303964225,0.9999066767331948
1740166484.547688,1740166484.5341759,1,3,0.007331963836830381,-0.007897649696941778,-0.010832795226158891,-0.005659520094770289,0.011115185967330094,-0.003791987714953372,0.9999150180402223
1740166484.5634906,1740166484.550788,1,3,0.006268024368708845,-0.006524074189881743,-0.00903192833115404,-0.0042322684835533675,0.014974499997100514,-0.0072992471446035375,0.9998522757109881
1740166484.5806723,1740166484.5680447,1,3,0.00529014507977026,-0.0061561813116686685,-0.008539201030547729,-0.0038205778955074225,0.013789786788074593,-0.00804448097419653,0.9998652565674734
1740166484.5976062,1740166484.5840898,1,3,0.0025458577023777743,-0.003072227425204823,-0.0044934614536438,-0.0019144818051097879,0.006592073313161992,-0.0043289138138859215,0.9999670693748088
1740166484.61492,1740166484.6008291,1,3,0.001422676775434414,-0.001799148778925694,-0.002849407058376757,-0.0012705529164423394,0.0008113418420571867,-0.00047104584162647295,0.9999987527669806
1740166484.6324363,1740166484.6176836,1,3,0.003856993224980089,-0.005278979341969923,-0.007432180427343776,-0.0036105749444922198,0.00033063098121673384,0.0004551279403031289,0.9999933236228542
1740166484.6476002,1740166484.6342008,1,3,0.00456029669601868,-0.005847531209528467,-0.008159279976358047,-0.003723609840098703,0.0024237429194169133,-0.0004667292619477452,0.9999900211321188
1740166484.6659515,1740166484.6510558,1,3,0.0029860516786574614,-0.003252984814341975,-0.004737608104805094,-0.002208492808200884,0.004933931358901386,-0.002234766325071402,0.9999828922038287
1740166484.681956,1740166484.6677346,1,3,0.0017716369039376986,-0.001767150696543899,-0.002805337173326568,-0.0018114811708899582,0.005502136451687283,-0.003400277877477327,0.9999774413159481
1740166484.6969733,1740166484.6844778,1,3,0.0006553923238922314,-0.0006117524712552216,-0.0013069239420902248,-0.0012581308143981124,0.0024840368286286343,-0.0018994358442644584,0.9999943193895461
1740166484.714564,1740166484.7011395,1,3,0.00249620609132973,-0.003539081796748119,-0.005133777485921091,-0.0028645780319667595,-0.0007177005737660769,0.0006140746889493053,0.999995450995084
1740166484.7317855,1740166484.7175117,1,3,0.008946951371662779,-0.01266191867934709,-0.01709103137896906,-0.00912574726769358,0.002093653832014852,0.0001967521446028057,0.9999561483580325
1740166484.7478447,1740166484.7342322,1,3,0.012769269660555806,-0.017115523298295535,-0.02294200188258019,-0.012447062118593194,0.007684610228614838,-0.0018367608104874783,0.9998913159538767
1740166484.7655609,1740166484.7512076,1,3,0.009836757087387675,-0.011407382361070159,-0.01544884737950364,-0.008069799220505998,0.01182551901603475,-0.003570137241960184,0.9998911388549333
1740166484.7822692,1740166484.767831,1,3,0.007391948318292801,-0.007608165997179325,-0.01044646049362027,-0.0050173901561113435,0.016478957031113683,-0.007516810781533889,0.999823368064011
1740166484.7976713,1740166484.7848034,1,3,0.007794960872318116,-0.009578222628584746,-0.013025434134278976,-0.007057197622205965,0.020212583946586746,-0.01239086571662396,0.9996940101144529
1740166484.8150494,1740166484.8010957,1,3,0.004702649680703129,-0.006787147549739903,-0.009387827251326747,-0.006005161898387002,0.014134615510433806,-0.010717607094205864,0.9998246264086119
1740166484.8311596,1740166484.8177104,1,3,-0.0011550294315434086,0.0007174495045182327,0.00044149113289580625,-0.000682181919111671,0.0003097662921534094,-0.002552972223933435,0.9999964604964846
1740166484.8491511,1740166484.8344617,1,3,0.000808675210423858,-0.002583858631383931,-0.003895362115615153,-0.002100890575485771,-0.007042519905505208,0.003087123085666224,0.9999682289169114
1740166484.8693936,1740166484.8511388,1,3,0.009965810517436016,-0.015559697364864653,-0.020919143175566077,-0.011082470665734735,-0.0022961021577253666,0.001696082302506753,0.9999345128875428
1740166484.8857026,1740166484.868104,1,3,0.01373139357631993,-0.019552875054496526,-0.026142129226118197,-0.013986493710448644,0.004376848858312864,-0.000639021102118765,0.999892400631083
1740166484.899003,1740166484.8844888,1,3,0.009709098234501187,-0.011941839856756717,-0.016136480318025417,-0.007651074646991259,0.009145206489990992,-0.002612432240861566,0.9999254979511166
1740166484.9145834,1740166484.9010503,1,3,0.006959444394951755,-0.007477388712356751,-0.01026464977648702,-0.003998501840485734,0.012926773607509085,-0.005430654723764346,0.9998937035987391
1740166484.9343615,1740166484.9181867,1,3,0.005934428136358044,-0.006679249713824941,-0.009219972030234884,-0.003944559374576191,0.013858810222577074,-0.007471991660121948,0.9998682629082624
1740166484.9479902,1740166484.9346054,1,3,0.003514313009147951,-0.003994734395263325,-0.00571462699855123,-0.002686700345454604,0.00891590709689467,-0.005171773971202549,0.9999432688887325
1740166484.9653008,1740166484.951429,1,3,0.0027771280220113734,-0.003398791997718554,-0.00494536574559113,-0.0017419751117170356,0.0029461622386430133,-0.001377021909913469,0.9999931947075608
1740166484.9820101,1740166484.9680724,1,3,0.005673210502521931,-0.007599474388073827,-0.010460800395395368,-0.004078769002982257,0.002090784653115343,-0.00012933104490290623,0.9999894877129637
1740166484.9975853,1740166484.9847405,1,3,0.007085603876793037,-0.009088029414435027,-0.012400746746442237,-0.005274672769200077,0.0045389871691671226,-0.0008534107572817582,0.9999754232543595
1740166485.0150335,1740166485.0015783,1,3,0.00595797363038496,-0.006918262333064265,-0.009535327585221085,-0.0037795597953300484,0.007252365736807134,-0.002667336665725003,0.9999630010325805
1740166485.03424,1740166485.0180638,1,3,0.005027945893064248,-0.00568050532370354,-0.007918223000571675,-0.002392424880840112,0.00914944054236721,-0.004415768454797904,0.9999455310315181
1740166485.048396,1740166485.0348926,1,3,0.00414287832489163,-0.004979219826887412,-0.007007137824300779,-0.0018608577100123294,0.007595848217629327,-0.0041205927154245115,0.9999609297438132
1740166485.0646584,1740166485.0513356,1,3,0.0033458595087312647,-0.004237021356691241,-0.0060301769106153496,-0.0016816290562088362,0.0033138973944986487,-0.0015186493005453245,0.9999919419235727
1740166485.0816574,1740166485.068561,1,3,0.006205046489216964,-0.008403238609788923,-0.011492323135588487,-0.004622126792803816,0.002233663303002903,-3.874268600713801e-05,0.999986822508759
1740166485.0986922,1740166485.0849404,1,3,0.010302603859625852,-0.013796010114078222,-0.018565725892208236,-0.007737026412346087,0.005455831142074379,-0.0008853319178772868,0.9999547932362938
1740166485.1156776,1740166485.1019006,1,3,0.010488251616715282,-0.013064926989266718,-0.017596367696096155,-0.006713260956191977,0.009227797198039947,-0.0023381021661081905,0.9999321542807126
1740166485.1320834,1740166485.1182702,1,3,0.008034841751436414,-0.008999088638197388,-0.012252917970779133,-0.004034635795139509,0.012899686507168556,-0.005130988609901147,0.999895490917877
1740166485.1512427,1740166485.1350336,1,3,0.007079903133594629,-0.008337571650006967,-0.011396731790216507,-0.0042723112965568485,0.015541154573972307,-0.008456966337805563,0.9998343360732589
1740166485.1657858,1740166485.1516428,1,3,0.005197329332647892,-0.006934102263620169,-0.009572779180560981,-0.0035914660499293733,0.01172848945520766,-0.007956943290274967,0.9998931097673324
1740166485.1822221,1740166485.1683133,1,3,0.0016618421649621333,-0.0027104408316839233,-0.004028745790664596,-0.0003994481286351471,0.001984560695675932,-0.00226449776909606,0.9999953869943058
1740166485.1986105,1740166485.1847868,1,3,0.0040808551675054466,-0.006522770684461216,-0.009023825015111337,-0.002920871434826187,-0.0029989685287594944,0.001936233950123983,0.9999893627913825
1740166485.2158716,1740166485.2015233,1,3,0.013486437598626683,-0.019769579260508752,-0.026411388646051838,-0.012221830559091113,0.0018947376386224094,0.0004525692724865227,0.9999234130712809
1740166485.2318137,1740166485.2185588,1,3,0.01809642686162479,-0.02490287528746825,-0.03314773759410374,-0.015385747481385215,0.009331372497733843,-0.0020869642318599537,0.9998359109584144
1740166485.248783,1740166485.2348504,1,3,0.014388844412342783,-0.017634576048021836,-0.023592202159090313,-0.009506630449861386,0.014244513533048389,-0.003983002887726292,0.9998454148015546
1740166485.2678492,1740166485.251384,1,3,0.010802899170994935,-0.011830672912827,-0.015965119708521894,-0.005430032967978186,0.01866805616601411,-0.0074183503099737955,0.9997834698071517
1740166485.2819562,1740166485.2685225,1,3,0.009784021814942905,-0.011252456390635261,-0.01520540551556936,-0.005706927029847114,0.020733322170824377,-0.010526032072200252,0.9997133404053643
1740166485.2990096,1740166485.2847908,1,3,0.007296092631782766,-0.008943784774325872,-0.012180386809994124,-0.004355505980383271,0.01539339007568425,-0.008834620669125283,0.9998329973486899
1740166485.3164446,1740166485.301819,1,3,0.004122524503798157,-0.005150747599039963,-0.007211867954463399,-0.0013759731261095572,0.006499305804138766,-0.003469165978147079,0.9999719149103321
1740166485.3324049,1740166485.3182013,1,3,0.0052948411223142896,-0.007106133281445683,-0.009787842194239761,-0.0027529034744316508,0.0024570600548310916,-0.00043992228427172214,0.9999930953995289
1740166485.3492353,1740166485.3349116,1,3,0.008164417963536532,-0.010886826810587,-0.0147462453945508,-0.005425883407950161,0.004235384331860801,-0.0007180037802188531,0.9999760526029493
1740166485.3657742,1740166485.3515935,1,3,0.008953093583918253,-0.011348667617251415,-0.015343101793205556,-0.0052546340491599255,0.00692296180605493,-0.001735030586112415,0.9999607247735816
1740166485.3826075,1740166485.3682134,1,3,0.008188063864286704,-0.009872815453770535,-0.013397885408640599,-0.003612312184081243,0.009551487570433207,-0.003398933533913809,0.9999420820911122
1740166485.3984575,1740166485.3851416,1,3,0.007208964195664954,-0.00857049971931441,-0.01169797606109827,-0.0028531714609402133,0.010099619421038982,-0.004180169585111094,0.9999361896053189
1740166485.4157093,1740166485.4017117,1,3,0.006929730512923407,-0.008426637249399188,-0.011505597449862374,-0.0030133928923893895,0.008136144311020811,-0.0030785949495523326,0.9999576215381144
1740166485.4326084,1740166485.418292,1,3,0.009629246858066947,-0.012393994893806173,-0.016708159492633903,-0.004864546052085049,0.007224176856692284,-0.0017963206468086385,0.999960459564569
1740166485.4488328,1740166485.4350748,1,3,0.013923176973974022,-0.018165048947968273,-0.02427979039693647,-0.008011330285103228,0.0094088438081799,-0.0019937110133193283,0.9999216556119043
1740166485.4652643,1740166485.451605,1,3,0.01479947852757043,-0.01844507522504656,-0.0246453646974508,-0.008049462896513232,0.013451829893175369,-0.0035803040264047264,0.9998707095633321
1740166485.4821212,1740166485.4684505,1,3,0.012718294134161676,-0.014747360150071815,-0.019786102492326832,-0.005690527071874128,0.01727456396291075,-0.006040182683554128,0.999816344902745
1740166485.4991024,1740166485.4850178,1,3,0.011414876642025994,-0.013282232335311816,-0.01785766242767862,-0.004463952568360968,0.019925715632782472,-0.00908442250598755,0.9997502249320686
1740166485.516173,1740166485.501692,1,3,0.009996553144654861,-0.012485100355427535,-0.016806981386985397,-0.0038321609964866027,0.017422208619963398,-0.009217652183488675,0.999798387714805
1740166485.5327442,1740166485.5186138,1,3,0.006440555154852018,-0.008397515474454498,-0.011442028824989429,-0.0016671493865090738,0.009659135705279126,-0.005383646598462768,0.999937467074643
1740166485.549553,1740166485.5350413,1,3,0.0063538219409644565,-0.008728781422147846,-0.011886887199512326,-0.001934950447244939,0.002959593790485006,-0.000769517399635008,0.9999934522857306
1740166485.5657456,1740166485.5518878,1,3,0.012933909687159038,-0.018083693917688326,-0.024173567127460004,-0.007739470124051705,0.0042550261271901485,-7.835913980075622e-05,0.9999609938466105
1740166485.5821548,1740166485.5685174,1,3,0.01840121226446262,-0.024896355648928933,-0.03310350657236995,-0.012065000582438668,0.010232971316161101,-0.002087825611258507,0.9998726734155731
1740166485.601284,1740166485.5851712,1,3,0.016354969901950466,-0.020303474897634448,-0.027057669395416217,-0.008892895030819206,0.01529372508978901,-0.004192658051795116,0.9998347063436583
1740166485.615918,1740166485.6020074,1,3,0.013060251390081042,-0.014869547940803106,-0.019920967147544797,-0.005514369646973959,0.019638742518654155,-0.007294204882902011,0.9997653255113466
1740166485.6324155,1740166485.6185782,1,3,0.011833488342137625,-0.013847428264398925,-0.01858575363765121,-0.0052809936289391745,0.021539455439051454,-0.010207844718664223,0.9997019370151685
1740166485.6484642,1740166485.6351748,1,3,0.009448143270922327,-0.011648782352276085,-0.015708499093078455,-0.004165723301572008,0.016848402644180322,-0.008961306052863497,0.999809218336949
1740166485.6660414,1740166485.6519237,1,3,0.005991870196356991,-0.007453093205665613,-0.010204451618026755,-0.0019438582327744366,0.008396795668877745,-0.004055450557991109,0.9999546332501479
1740166485.6828058,1740166485.668467,1,3,0.0071996567672652795,-0.009401293990554227,-0.012780069146161017,-0.0036594310424294648,0.004693315496020876,-0.0011624252108046965,0.9999816148918589
1740166485.7000444,1740166485.6856358,1,3,0.012377088435267681,-0.016517373320495698,-0.022124304396440024,-0.008157506646106177,0.00695730579532307,-0.0012958405235079591,0.9999416841889965
1740166485.7154422,1740166485.7019625,1,3,0.01394044822145598,-0.01774630356986195,-0.023724502926587038,-0.008463442478496591,0.011276420136999034,-0.0028860124597458433,0.9998964363484797
1740166485.7330444,1740166485.7186286,1,3,0.011939127624146458,-0.013954430727980806,-0.018738261157742946,-0.006056774951809108,0.014807981203097237,-0.00476359026552418,0.999860663981564
1740166485.749279,1740166485.7353058,1,3,0.010112167948231656,-0.011190281418256828,-0.015122814291463928,-0.004847569003594477,0.016819238294084497,-0.006649280467706243,0.9998246853159927
1740166485.7692363,1740166485.7519495,1,3,0.009075974469087915,-0.010111946021677608,-0.01370726231060536,-0.004214378041816306,0.015547505436643707,-0.006391349657603693,0.9998498210941343
1740166485.7833517,1740166485.7690737,1,3,0.008984752929379648,-0.010352073093566344,-0.014011800728614498,-0.004285047800632781,0.012738757947133039,-0.0046589540832318935,0.9998988231607041
1740166485.8022895,1740166485.7855523,1,3,0.010295662234891362,-0.012207831430667894,-0.016444854322260002,-0.005870974913375786,0.011748752565485287,-0.003610009047333731,0.9999072288474564
1740166485.8162625,1740166485.8022301,1,3,0.011305593285546782,-0.013194456222668943,-0.01776257902246823,-0.007050843076028842,0.013444502537959375,-0.004092043775764312,0.9998763854302998
1740166485.8314748,1740166485.819048,1,3,0.010300188883421156,-0.011324940564748706,-0.015301788283164228,-0.005694248106156866,0.015950687605080605,-0.0056927823875032105,0.9998403589234228
1740166485.8500135,1740166485.8356335,1,3,0.009414192745725419,-0.010356935092866035,-0.014015164339216363,-0.0048939577027080575,0.017987785193621014,-0.007877383524110718,0.9997951968231525
1740166485.865618,1740166485.852293,1,3,0.007901764778782856,-0.009111110193898148,-0.012380030888153457,-0.00477030554506087,0.016833123365373806,-0.008831408102423333,0.9998079297413585
1740166485.882615,1740166485.8686905,1,3,0.004893035252561462,-0.005611586055026313,-0.0078093916107877595,-0.0031431430824826827,0.010438981093064273,-0.0056536229470395966,0.9999245895930725
1740166485.8982306,1740166485.885707,1,3,0.005057485212575917,-0.006260057725721986,-0.008664547307131915,-0.003184184007353874,0.004401044740191718,-0.001345299712078389,0.999984340850439
1740166485.9154282,1740166485.9022033,1,3,0.012615244523990326,-0.017102337055115026,-0.022880685255793554,-0.010123602915512552,0.006952412241859444,-0.0015498821065964858,0.9999233843117601
1740166485.932494,1740166485.918866,1,3,0.01879511309029862,-0.024907528401224607,-0.03312013499875776,-0.01572097679295328,0.014199495077811146,-0.004342966358135533,0.9997661545938744
1740166485.9488838,1740166485.9358058,1,3,0.017535608046594084,-0.021300244930769728,-0.02838637364834653,-0.013194180916923775,0.019020761440393445,-0.005892134327723898,0.999714662779947
1740166485.9662583,1740166485.952278,1,3,0.013266039245343966,-0.014090832986446346,-0.018923079015443763,-0.007640391605953999,0.022530911342697805,-0.0081052627868087,0.9996840936842658
1740166485.9829087,1740166485.9689565,1,3,0.012748554758469303,-0.013993676347764829,-0.01879069845143478,-0.007643736834597496,0.026307317196321487,-0.012176683326049308,0.9995505123465811
1740166485.999227,1740166485.98569,1,3,0.010922203219861043,-0.012750547554882695,-0.017156812131665325,-0.007863467551362845,0.023649442076989553,-0.012367701150122779,0.9996128799369169
1740166486.0175033,1740166486.0021229,1,3,0.006219546833231239,-0.006936416218042494,-0.009534599324993207,-0.0044619074083473015,0.01416738884252323,-0.007393405054443686,0.9998623475445833
1740166486.0328617,1740166486.0193186,1,3,0.005138020758819712,-0.005797941774226732,-0.008052692830272698,-0.0033856333860409643,0.0070569089625572776,-0.0025188456170876865,0.9999661958982548
1740166486.0498016,1740166486.0357957,1,3,0.010015320406424909,-0.01277796677845532,-0.017214749135958305,-0.007782361804505258,0.007770118617959153,-0.0019943424729746495,0.9999375393990901
1740166486.0666268,1740166486.0524232,1,3,0.011985845648883726,-0.01474862461719514,-0.019794792481647446,-0.009314689962313358,0.011836548018846167,-0.00350514944876165,0.9998804161544748
1740166486.0829177,1740166486.0692434,1,3,0.010068701433974345,-0.011006083451979187,-0.014883721725478215,-0.006953883403790434,0.01502053961885745,-0.0050571787457486745,0.9998502147013314
1740166486.1036308,1740166486.0856411,1,3,0.00873313213509294,-0.008936870162684334,-0.012171228358603514,-0.005434984784949131,0.01723483643302726,-0.006880474102912738,0.9998130227345677
1740166486.117356,1740166486.1025128,1,3,0.00790245874375085,-0.008255183232765842,-0.011270997404980377,-0.004980535588147463,0.0166744254123514,-0.007253888655628685,0.9998222536540157
1740166486.133423,1740166486.1193018,1,3,0.006193911546034684,-0.006231669717060645,-0.008605734744468638,-0.004253642167676732,0.012914266837046886,-0.0053668690659521585,0.999893156770662
1740166486.1488633,1740166486.1357043,1,3,0.006759346821225055,-0.007181700588469659,-0.009863517830572278,-0.004983977129876377,0.010655265009787852,-0.003574764690779298,0.999924420322329
1740166486.1668444,1740166486.1525,1,3,0.009366424410782935,-0.010717422079550445,-0.014518593138408257,-0.007336389169626689,0.011802778262684738,-0.0035742676771225324,0.9998970429148222
1740166486.1826506,1740166486.169007,1,3,0.009606890691164001,-0.0105270077843325,-0.014269953897619606,-0.006954641136094034,0.014335940604732875,-0.004851904431046245,0.9998612767764525
1740166486.199423,1740166486.1856399,1,3,0.00831802931346908,-0.008474711849300489,-0.011564185190454714,-0.005343913039649983,0.016378343461973095,-0.006504114283846646,0.9998304301011492
1740166486.2167587,1740166486.2027328,1,3,0.007661184251425807,-0.00810464379193368,-0.011071742889667696,-0.0053527217381209346,0.01723192187987504,-0.008139935731186734,0.999804056145309
1740166486.2323835,1740166486.219047,1,3,0.006222175515817745,-0.006848271257112855,-0.009435424823086612,-0.004136251789705666,0.013366197256968396,-0.006491968217878783,0.9998810381943833
1740166486.2491689,1740166486.235923,1,3,0.005438882635186327,-0.0062035274714260565,-0.008584466163299014,-0.0030961630007442643,0.007704015945081869,-0.002989678612302953,0.9999610611092743
1740166486.268038,1740166486.2524133,1,3,0.009556566971048175,-0.012158957451452927,-0.016396037395484515,-0.007095046970370225,0.007615402274145612,-0.0018834569587775428,0.9999440577085178
1740166486.2830672,1740166486.269229,1,3,0.014702244196387255,-0.018863109660724683,-0.02520678067136769,-0.01192444471032472,0.012622816349493993,-0.0037720367128750215,0.9998421094676869
1740166486.3007793,1740166486.2860775,1,3,0.014591297809334153,-0.017406903346466177,-0.023293417763997393,-0.010469068914711818,0.01672985747963333,-0.005179213782969365,0.9997918214355228
1740166486.316253,1740166486.3023872,1,3,0.011711200610055789,-0.01252646751517873,-0.016866948032961328,-0.006632396861806523,0.01994635805235041,-0.007445244092702673,0.9997513303080496
1740166486.3330863,1740166486.3193326,1,3,0.011143451957928005,-0.012424183371101091,-0.016722532634386052,-0.007185353667211111,0.02371637214687603,-0.011416363787652078,0.9996277162137592
1740166486.349921,1740166486.3358893,1,3,0.009437938789295981,-0.011434316331690007,-0.015442139144621439,-0.00770879439462186,0.02089754138509422,-0.011784661188815332,0.9996824440859731
1740166486.3663824,1740166486.3524919,1,3,0.00467070985840902,-0.005639610371339855,-0.007848127209601648,-0.0038752590078668008,0.01095494245446298,-0.006581662635675579,0.999910822683899
1740166486.3829758,1740166486.3694434,1,3,0.002944007079518995,-0.0035814681500510866,-0.005160344286379239,-0.00219179474884396,0.0027957204324946163,-0.0010852955544289348,0.9999931010345031
1740166486.3992789,1740166486.3859098,1,3,0.008853675386034016,-0.0120678505796966,-0.016294171150445336,-0.007944576855646892,0.0044288897881012085,-0.0009336230367084443,0.9999581976172078
1740166486.4169588,1740166486.4029016,1,3,0.013548419574581878,-0.01791771765907057,-0.023968316766568507,-0.012058247636277542,0.009876666389948743,-0.0029362056225906465,0.9998742064987504
1740166486.436196,1740166486.4194283,1,3,0.01247179699623319,-0.014982962712386196,-0.020110271759081377,-0.009297672843590014,0.013719944005115857,-0.004237538697759002,0.9998536691346265
1740166486.4502075,1740166486.4361706,1,3,0.00993414239597464,-0.010637658824317567,-0.014403330184517378,-0.005756860840904203,0.016688291179069337,-0.005983793142681526,0.9998262617627158
1740166486.4669416,1740166486.4530828,1,3,0.009022381634892234,-0.009666191605453981,-0.01312919444879304,-0.005292406646468332,0.017606597143643897,-0.007624785174308009,0.9998019107903102
1740166486.5046995,1740166486.46941,1,3,0.0073633839956202185,-0.007888999043144943,-0.01079698369271892,-0.0044458650080267375,0.014951065050582326,-0.006748324308412221,0.9998555695985357
1740166486.5075457,1740166486.4861212,1,3,0.006810752993386115,-0.0075419630506897385,-0.01034415768588299,-0.0037118666971197216,0.010817691603698706,-0.004323743659588154,0.9999252496235687
1740166486.5164096,1740166486.5028899,1,3,0.008139630390615682,-0.00952118442252394,-0.012950248542156175,-0.004697290378350653,0.009691002557952251,-0.0031350725974387903,0.9999370936475613
1740166486.533188,1740166486.5195541,1,3,0.008701250302861934,-0.010025838248243098,-0.013613814045286403,-0.005243502582472197,0.010984902212961162,-0.0036117201990213525,0.9999193932919009
1740166486.5549378,1740166486.5367768,1,3,0.007803005708054695,-0.008557564082757235,-0.01167479291056961,-0.004350045630973511,0.012674601144025015,-0.00491635009586578,0.99989812535607
1740166486.5654185,1740166486.5530503,1,3,0.007147033201110292,-0.008052228617234002,-0.011007997167997342,-0.003732516299221071,0.01344738397234316,-0.0062296312545327606,0.9998832071201161
1740166486.5824444,1740166486.5697343,1,3,0.00588969979575323,-0.0070183480244061765,-0.009658671339468548,-0.00297140854133586,0.010623576557290433,-0.005458204637417362,0.9999242563087206
1740166486.6004374,1740166486.5865397,1,3,0.004266801647430454,-0.005182024434741668,-0.007256324007271179,-0.0020212144132300005,0.0055055931591765864,-0.0025428676807935377,0.999979568271382
1740166486.6162434,1740166486.6030045,1,3,0.006623572066515181,-0.008679098993785394,-0.011843887090026416,-0.004383618861358638,0.0037312052084883442,-0.000649302921656382,0.99998322005876
1740166486.6340258,1740166486.6198256,1,3,0.01224386215022753,-0.016345082794831135,-0.021899704612397,-0.0090341687423434,0.007605510909385833,-0.0018422441234844298,0.9999285705166802
1740166486.6497738,1740166486.6364427,1,3,0.01398177603188926,-0.017713972996918813,-0.02368952673153556,-0.009547252876678047,0.012000072693235683,-0.003305108283052615,0.9998769546684748
1740166486.6669014,1740166486.6530714,1,3,0.011252922386742942,-0.012782492561359096,-0.017211900199531803,-0.006075906924971589,0.015616267213466348,-0.005409881509016248,0.999844962349371
1740166486.683212,1740166486.6698978,1,3,0.009830069476185794,-0.010963755390636043,-0.014827395026383144,-0.005158928627358352,0.018729925431564282,-0.008478364757571742,0.9997753210995877
1740166486.7002797,1740166486.6865225,1,3,0.009065215163211399,-0.011126330201697962,-0.01505151036046096,-0.005552263810185974,0.01758228119925431,-0.009632539287788372,0.9997836015564976
1740166486.7174902,1740166486.7033625,1,3,0.0055748969838330205,-0.0072187269018429935,-0.00992202619730092,-0.0029658165813146124,0.00982977789836547,-0.005882480853389192,0.9999299854577242
1740166486.7344217,1740166486.7198718,1,3,0.0035168472709300037,-0.004755842757021044,-0.0066912385827356475,-0.0013582224826931815,0.0020627976027873434,-0.0008480970460205193,0.9999965904087562
1740166486.7497833,1740166486.7365594,1,3,0.0079387740272646,-0.01111424801061725,-0.015044514152021864,-0.00588842939526066,0.001976256694966286,0.00011661550949464982,0.9999807034185988
1740166486.7668848,1740166486.7534573,1,3,0.01252520034258761,-0.01689991516407007,-0.022637893846049438,-0.009545008366251757,0.007215157491850647,-0.0016736188206918088,0.9999270139953711
1740166486.7832706,1740166486.7697732,1,3,0.012144621095476238,-0.015062709609496515,-0.02021522231957826,-0.007814536749881886,0.011489598719260682,-0.0032728716139803684,0.999898100032225
1740166486.8006222,1740166486.7867897,1,3,0.009515075331512204,-0.010581581094867041,-0.014329953837515907,-0.005014860575430389,0.01466804349981924,-0.00546224887547399,0.9998649226323117
1740166486.8168788,1740166486.803235,1,3,0.008336207255991887,-0.009331285223376087,-0.01269417698806778,-0.004754160563063547,0.016251787150720287,-0.007593502880309374,0.9998277932152893
1740166486.83337,1740166486.8196762,1,3,0.006702141867424868,-0.007912621967430908,-0.010837487318330292,-0.0038813998295586,0.013067780031203425,-0.006787785172302409,0.9998840401930986
1740166486.8497224,1740166486.8367093,1,3,0.004585897599595948,-0.005529136996055417,-0.007709591309898961,-0.001991597721468022,0.00696044539755546,-0.0033125337116734375,0.9999683059271391
1740166486.8671207,1740166486.8531687,1,3,0.004787684142739328,-0.006001545273227851,-0.008341989771125503,-0.002681938719250792,0.003906921874647478,-0.0011180991239286514,0.9999881464400068
1740166486.8835251,1740166486.870448,1,3,0.006611611508696723,-0.008359740894728627,-0.011448088245968584,-0.004666698346961551,0.004824412520202075,-0.001119164657157694,0.99997684695239
1740166486.9003494,1740166486.8880816,1,3,0.006953643789561434,-0.008378725844837911,-0.011459136485439763,-0.004397317786651094,0.007263041962441235,-0.002356969761896299,0.999961177502045
1740166486.9186494,1740166486.904113,1,3,0.006264986655516401,-0.007226201059216241,-0.00993358871815236,-0.003117706717471394,0.008949267117992358,-0.0034707514403395814,0.9999490709067708
1740166486.9455967,1740166486.9202178,1,3,0.005213483852295336,-0.005974988697637294,-0.008298944660298268,-0.002599902043243975,0.008628440642000055,-0.0038887289069838046,0.9999518329944402
1740166486.9592104,1740166486.936697,1,3,0.00423438861046528,-0.004888056266254436,-0.006885923363185551,-0.002322414988328901,0.006105504786752255,-0.0026075319235030338,0.9999752646826765
1740166486.972892,1740166486.9533563,1,3,0.006132221515840331,-0.0077474478593514366,-0.010636945267908244,-0.003922677864646831,0.004787885150117711,-0.0013401047059225484,0.9999799462356916
1740166486.9888294,1740166486.9704866,1,3,0.010556556135290352,-0.013810293815632398,-0.01858264699757093,-0.007391905144210438,0.007085345165906531,-0.0016768213429966359,0.9999461714974475
1740166487.0037708,1740166486.9868052,1,3,0.0123240416264334,-0.015430671181777525,-0.02070566518479305,-0.008456344242220942,0.01115600258145658,-0.003135075412757911,0.9998970972808232
1740166487.0204272,1740166487.003462,1,3,0.010117196708546735,-0.011370676932729066,-0.01537440199604996,-0.005706577387714254,0.014472837021702023,-0.0049921580113239375,0.9998665162517701
1740166487.0338569,1740166487.0203588,1,3,0.009204928409206706,-0.010309116260275385,-0.0139786668219334,-0.0048419170350605745,0.017220395575102316,-0.0078297094496514,0.999809336556524
1740166487.0496988,1740166487.0367,1,3,0.008531847394593253,-0.01060037934732324,-0.014358293950285591,-0.005152089036311827,0.016533339272220445,-0.00923464823119862,0.9998073944231047
1740166487.0675473,1740166487.0535657,1,3,0.005109844626728737,-0.0068871945864320255,-0.00949338956471471,-0.0034352944712108023,0.009239908465787608,-0.006110871575714356,0.9999327377839097
1740166487.0831552,1740166487.0700486,1,3,0.001616559746508368,-0.002388766815275969,-0.003604348738024897,-0.0007919956515383137,0.0007215398566570944,-0.0008444216174881714,0.9999990695371948
1740166487.1002934,1740166487.086682,1,3,0.0056281614210243105,-0.008299324272109944,-0.011364999862793719,-0.00444328296970011,-0.0005923154118101798,0.0008151300851280586,0.9999896209270617
1740166487.1165693,1740166487.1037784,1,3,0.01191256531582394,-0.016716119493663858,-0.02240564767616075,-0.01002366229231206,0.004753953615245104,-0.0010388191235129382,0.9999379215601849
1740166487.1334195,1740166487.1200542,1,3,0.012496778227502113,-0.016129670280157393,-0.02161988655674147,-0.00968379273689383,0.009857127852533579,-0.002744193263171124,0.9999007603717792
1740166487.1505787,1740166487.136777,1,3,0.009189215419678848,-0.010223662626512513,-0.013869546008438994,-0.005735311561005177,0.013057731853017469,-0.004391608652385039,0.9998886516075663
1740166487.1672416,1740166487.1535943,1,3,0.007968679570212833,-0.0085882029442139,-0.011719330503547752,-0.004651862297563243,0.015750319311084306,-0.006925485188152381,0.9998411500201779
1740166487.184468,1740166487.1703196,1,3,0.006984548996068323,-0.008041715740846327,-0.011003089719017574,-0.00443298791146193,0.014098795812864886,-0.007128465901733047,0.9998653697116886
1740166487.200783,1740166487.1869316,1,3,0.004274708607683594,-0.004790761990887877,-0.0067421014133434405,-0.0027356631976541423,0.008473279586790535,-0.0042673820571234415,0.9999512533770293
1740166487.2170892,1740166487.20344,1,3,0.0037408532872561517,-0.004257582916006126,-0.006058797984517977,-0.002727321546817636,0.004494328398148181,-0.0015312963035125128,0.9999850088181625
1740166487.2345567,1740166487.2202942,1,3,0.0062516417962299314,-0.007707713398056646,-0.01059603214691374,-0.00501293866697389,0.005384577785136944,-0.0015029485268030674,0.9999718085594826
1740166487.251793,1740166487.237076,1,3,0.00720885730437574,-0.00853960652919993,-0.011670011894041312,-0.0051906371663680995,0.00776151367079965,-0.002358811978407428,0.9999536250233786
1740166487.2676473,1740166487.253612,1,3,0.006014454700318087,-0.0064016383474686375,-0.008853266347555516,-0.00391945863323137,0.009885512235233106,-0.0036214120030511627,0.999936897942552
1740166487.2837281,1740166487.2704334,1,3,0.005056211463622609,-0.005179650250264404,-0.007261438872478321,-0.003588162345360156,0.01077802596660587,-0.0048841267822278735,0.9999235493540601
1740166487.3002264,1740166487.2871087,1,3,0.003926948702849753,-0.004002812724696236,-0.005726624639874526,-0.002966259410748973,0.008845833608306387,-0.004177087839774531,0.9999477508700447
1740166487.3171496,1740166487.303771,1,3,0.0038486643470569547,-0.004204742413301467,-0.005986318776655796,-0.002847711228574481,0.005658180632415398,-0.002141519929808133,0.9999776444626549
1740166487.3341131,1740166487.3205092,1,3,0.006398484531398791,-0.007813580599520297,-0.010715028893736845,-0.005442720680079948,0.0056766502844510895,-0.0014562003408899785,0.9999680154453511
1740166487.3508198,1740166487.3370373,1,3,0.008712713268074114,-0.010573073214134797,-0.014338675264008635,-0.007663405069291148,0.00913753218708886,-0.0027849393633902026,0.9999250081086162
1740166487.3717816,1740166487.3540118,1,3,0.007879030545594152,-0.008598440292168223,-0.01174729299587274,-0.00603008360912401,0.01163970765053753,-0.003906849137571784,0.9999064415370537
1740166487.3848777,1740166487.370438,1,3,0.006853079652033791,-0.007051965063501549,-0.009705905405853976,-0.004630146642301053,0.014027810320910081,-0.0059851101556777555,0.9998729723000297
1740166487.4015532,1740166487.3869948,1,3,0.006379359660241299,-0.007191389463313532,-0.009890247025051223,-0.005184159443960117,0.014668006026463305,-0.0077614706437156835,0.9998488554094134
1740166487.4181356,1740166487.4038835,1,3,0.0038872231282096464,-0.004542236063137787,-0.006430944568582195,-0.0041848176260621,0.00986018749828386,-0.005963495159149641,0.9999248475407649
1740166487.4342256,1740166487.42036,1,3,0.0012365842541848843,-0.0011721076329500718,-0.002016714238824776,-0.0017059716765449714,0.0027399264633527795,-0.001487028358795266,0.9999936855852012
1740166487.451097,1740166487.4369698,1,3,0.005895424054321722,-0.0080539634563542,-0.01103797911756116,-0.005871359068312884,0.002069657585869638,-0.00013324417247973858,0.9999806127651468
1740166487.466782,1740166487.4538152,1,3,0.012730384100008046,-0.01729733430908208,-0.023163053060081137,-0.012404860745669181,0.008284283960335686,-0.0026163359492125914,0.999885315851446
1740166487.4842415,1740166487.4703672,1,3,0.01347399605950709,-0.016886499416980654,-0.022625520803888775,-0.01221372076822713,0.013402158495167847,-0.0044255627662040465,0.9998257956098495
1740166487.5008204,1740166487.4874067,1,3,0.009759754208128095,-0.010269944213008043,-0.013937417945792611,-0.0070614971998038375,0.01640910754742058,-0.005690477653733584,0.9998242320082399
1740166487.5179784,1740166487.5039206,1,3,0.008908952944733343,-0.009217892103624802,-0.012544393495898908,-0.005986124909419309,0.01950449233730351,-0.008711916402516737,0.999753891515221
1740166487.5341468,1740166487.520505,1,3,0.008311387662774087,-0.009458030749307221,-0.012857160982686558,-0.006767194126304867,0.01868879548935931,-0.009736178131368503,0.9997550404185057
1740166487.550765,1740166487.537456,1,3,0.004988432751739428,-0.005613392160823699,-0.007821453321058033,-0.004676094507593052,0.011956421272232013,-0.006576962411437473,0.9998959554353419
1740166487.5711372,1740166487.5539255,1,3,0.002672135018277376,-0.0027123054686215876,-0.0040254322868389075,-0.002242535830557472,0.0051581145273891455,-0.0022815980027401377,0.9999815794294037
1740166487.5862215,1740166487.570889,1,3,0.005378759445652699,-0.006668389773973213,-0.009219521652218062,-0.004523456619522032,0.004313182765811545,-0.0011262664982528085,0.9999798329558527
1740166487.60009,1740166487.5873606,1,3,0.00793274574842249,-0.00985712735367309,-0.013399723303129725,-0.006787996300016206,0.00691795464599306,-0.0018841177121905117,0.9999512563671259
1740166487.6176038,1740166487.6039393,1,3,0.007052737636445332,-0.007840618821511615,-0.010747004667610614,-0.005575148835149886,0.009660332819806746,-0.0032161978482130667,0.9999326236085497
1740166487.6339114,1740166487.620914,1,3,0.0061276552912917556,-0.006276537922193939,-0.008696854908440126,-0.004043118347359684,0.011387487726747997,-0.004376774163049156,0.9999174076718677
1740166487.6511538,1740166487.637523,1,3,0.005796705849583277,-0.006078527217346873,-0.008437526205890477,-0.003566550993773987,0.01114815544826289,-0.004639192510544321,0.9999207349770083
1740166487.6679099,1740166487.6542304,1,3,0.005432312595207204,-0.0058127468975658035,-0.008078897551966648,-0.003576530913504341,0.00900608373361439,-0.0034168879441251313,0.9999472104862263
1740166487.6848724,1740166487.6707056,1,3,0.006980083232902031,-0.00801988716457875,-0.01097783483923694,-0.005185572882734039,0.008624666892477676,-0.0026791670229445856,0.9999457720391316
1740166487.7045221,1740166487.6873581,1,3,0.009773067006101088,-0.011658190560648896,-0.01576000846564299,-0.007281098958135167,0.010973696038335713,-0.003312366591434946,0.9999077916592028
1740166487.71829,1740166487.7041283,1,3,0.01008630360538783,-0.011444022298261658,-0.015479062883517476,-0.0066881032305463875,0.013504562423043414,-0.004311838958314095,0.999877144510133
1740166487.739078,1740166487.7207763,1,3,0.008628038548405444,-0.009069322505323,-0.012351324720250802,-0.005192575602114514,0.01578506538806078,-0.006197196541989026,0.9998427194435788
1740166487.7543597,1740166487.7373598,1,3,0.007970609397496763,-0.00874006868875999,-0.01191782767605175,-0.005445961026014215,0.0169827746990913,-0.008191459754248384,0.9998073948811929
1740166487.7681723,1740166487.7540967,1,3,0.006289385899295093,-0.007325568629505478,-0.010071595694502625,-0.00466149954475912,0.013551611688489623,-0.007307276994040107,0.9998706056013303
1740166487.784666,1740166487.7707675,1,3,0.003698348107597285,-0.004253407645958282,-0.0060400586293931765,-0.0022315038832403295,0.006505872107951622,-0.003242581017321279,0.9999710894255295
1740166487.802,1740166487.7876337,1,3,0.005336885191677642,-0.006808874922802824,-0.009392601875334838,-0.0039640014207612435,0.003606608996710098,-0.0008832799110374547,0.9999852493316488
1740166487.8181455,1740166487.804256,1,3,0.011096651764893137,-0.014739677726786858,-0.01980276281674441,-0.009617224776828914,0.007447691111631253,-0.0020520365905705236,0.9999239121205816
1740166487.8342433,1740166487.8209488,1,3,0.013699704472181815,-0.017374639520292168,-0.02325508017730789,-0.010782818499503034,0.012459441285670156,-0.0037827899382404354,0.9998570816113365
1740166487.8505561,1740166487.837546,1,3,0.011611634106110507,-0.013266287158460262,-0.01784553350776768,-0.007146011811889947,0.015682130889192025,-0.005251753315415984,0.9998376990157316
1740166487.86815,1740166487.8539906,1,3,0.009669416072771194,-0.010361158068943471,-0.014026237428757183,-0.005369009980178777,0.018526430005960517,-0.007696656478869199,0.9997843300442917
1740166487.884757,1740166487.8711326,1,3,0.008872032691632082,-0.010155537234541092,-0.013765159415961764,-0.005949891574772889,0.018311032605000836,-0.009201702352558792,0.9997722908487722
1740166487.9023783,1740166487.887687,1,3,0.006175175500294169,-0.0072534022952103665,-0.009969392661677737,-0.0039473847633597625,0.012413065394676202,-0.006568244171437187,0.9998935904032697
1740166487.9180667,1740166487.9041955,1,3,0.004489604376867006,-0.005360716355896229,-0.0074866080816713655,-0.0022798682936512747,0.005799417829256108,-0.0024443067011350027,0.9999775969081288
1740166487.9344795,1740166487.9209874,1,3,0.00716639950058428,-0.009226692778149378,-0.012562583386443137,-0.004864982610578596,0.004721294319091685,-0.0009457597650098657,0.9999765731569006
1740166487.9519248,1740166487.9374595,1,3,0.010840346191845276,-0.013946559261568911,-0.018758186256609886,-0.008330829989544996,0.008424599094299223,-0.0023385090350200623,0.9999270747295919
1740166487.9675465,1740166487.9543035,1,3,0.011113736681936872,-0.01341808467745947,-0.018056764838096265,-0.007150922700601048,0.011916583114253155,-0.0036844782060906672,0.9998966366438883
1740166487.9849436,1740166487.9709153,1,3,0.009985456471572977,-0.011301445116988062,-0.015276085044839838,-0.005196795202484975,0.0145292463272694,-0.005193614438914695,0.999867451560378
1740166488.0013359,1740166487.987485,1,3,0.008844949564880427,-0.009828539023419463,-0.013342086379370387,-0.004420716613965586,0.015081100528349432,-0.006215442679841618,0.9998571827735032
1740166488.0184166,1740166488.0045602,1,3,0.0076342552314611145,-0.00852819736425771,-0.011633774000543839,-0.0038258348266503204,0.012937252919000013,-0.005400702590563254,0.9998944058680983
1740166488.0350077,1740166488.0210843,1,3,0.007959489425190149,-0.00934152153536307,-0.01270307396161698,-0.0037556479707337846,0.010336753318633634,-0.0036904752024544277,0.9999327112520771
1740166488.0517225,1740166488.0377562,1,3,0.009840041943996439,-0.01204980343674221,-0.01625672958145448,-0.005003481477994216,0.010052536236871334,-0.0030336898011044246,0.9999323519191168
1740166488.0694497,1740166488.0543478,1,3,0.010401033748547662,-0.01244405581765178,-0.016775574488049477,-0.0053738239201243975,0.011763212798364939,-0.0036950520814460273,0.9999095436244476
1740166488.0857482,1740166488.071106,1,3,0.009481048716357781,-0.010842335110289859,-0.01466821899103786,-0.004525027795428989,0.013688553788140158,-0.005019184820546324,0.9998834709116743
1740166488.101484,1740166488.0880497,1,3,0.008869202609337696,-0.010327474766586348,-0.013988208187821672,-0.0037274218754331616,0.014277648906466578,-0.0062464667439415,0.9998716101185607
1740166488.1181707,1740166488.1045043,1,3,0.007699532463853489,-0.009430583706488473,-0.012809788472010444,-0.002889234569007368,0.012010402729183996,-0.005816947562449766,0.999906778490347
1740166488.1353524,1740166488.1211047,1,3,0.005799578182441906,-0.007278637452729968,-0.00998851520221457,-0.0019429934447512428,0.0069366244339286835,-0.0031496986410801194,0.9999690932305892
1740166488.1516755,1740166488.1377637,1,3,0.007147706903850076,-0.009374259923329872,-0.012743067025168496,-0.003633236513435355,0.004532307983187195,-0.0010185529944042601,0.9999826100120844
1740166488.1685262,1740166488.1544163,1,3,0.012874743992608342,-0.01729225932945183,-0.02313655363923404,-0.008386489645861667,0.007375171571878529,-0.0015399617036260691,0.9999364490574671
1740166488.1855993,1740166488.1713598,1,3,0.016142451671900506,-0.020921452419961448,-0.02788905697159081,-0.01022923348359735,0.01254418499831178,-0.00332973520048237,0.9998634502113581
1740166488.2013955,1740166488.1879513,1,3,0.01438011881306119,-0.017141313826236404,-0.022918673603269064,-0.0076474859527981345,0.016888239933594527,-0.005377965155586049,0.9998136730417985
1740166488.2179377,1740166488.204553,1,3,0.012085713916139763,-0.013523325651045645,-0.018172692488803748,-0.005595111262432625,0.01976023943203875,-0.007834203333143667,0.9997583972769043
1740166488.235314,1740166488.2212353,1,3,0.01108984701220312,-0.01294677401962471,-0.01742385643958663,-0.005519937976358167,0.020393415564256962,-0.009724633348367121,0.9997294986107994
1740166488.2515714,1740166488.237972,1,3,0.008662038300405033,-0.010596553519455567,-0.014342384455089329,-0.004172070218557811,0.015438257415378107,-0.007965151503649922,0.9998403924625129
1740166488.2680173,1740166488.2547698,1,3,0.00561248146226412,-0.006886979331716199,-0.0094751214756397,-0.002300753897622982,0.007621675092259122,-0.003540666602984812,0.9999620394196458
1740166488.2842593,1740166488.2713509,1,3,0.006713681360840638,-0.008627440863512754,-0.011772591321224954,-0.003824085185681625,0.0046731634256567765,-0.0012064084830673849,0.9999810410676102
1740166488.3015676,1740166488.2879183,1,3,0.010555595426321502,-0.013774574192020037,-0.01852713107484654,-0.007021578043203512,0.007303098558304949,-0.0018088403149223277,0.9999470437427904
1740166488.3184023,1740166488.3064039,1,3,0.011844460301709176,-0.014778983211211509,-0.0198335741714112,-0.007108584091081093,0.010551732952043662,-0.002738385454640758,0.9999153115184458
1740166488.3349924,1740166488.3211381,1,3,0.010009875556838098,-0.011428189156826026,-0.015427701682151056,-0.00515648214182205,0.013715950593388556,-0.004702379703642878,0.9998815784963555
1740166488.3516886,1740166488.3379562,1,3,0.008568990554528958,-0.009388689302246995,-0.012766855870123071,-0.004400190020857951,0.015182152203693889,-0.006240596953165846,0.9998555873384477
1740166488.3693058,1740166488.3544605,1,3,0.007549489031682773,-0.008441545145820604,-0.011520390474092552,-0.0037130949288265024,0.01355053285864618,-0.005841395606768814,0.9998842303400237
1740166488.3851144,1740166488.371241,1,3,0.00713750095877939,-0.008300905087491211,-0.0113302342172667,-0.0033816053104082666,0.010000582263060673,-0.003843239533231141,0.999936889313428
1740166488.4020064,1740166488.3880703,1,3,0.007867989930785645,-0.009372553709706256,-0.012738436069800598,-0.004350396453521079,0.00867836358404255,-0.0026130619500630906,0.9999494647048147
1740166488.418405,1740166488.404653,1,3,0.009092618875679716,-0.010750046802618565,-0.014564730918079132,-0.005681148014594126,0.010394335020785364,-0.003168132075336736,0.9999248198219031
1740166488.435188,1740166488.4215405,1,3,0.009250480096205304,-0.010552666016487014,-0.01430317584733781,-0.005443290924238193,0.01239839061669999,-0.004224243492924927,0.999899398070097
1740166488.452839,1740166488.4382293,1,3,0.008458080720777151,-0.009376383081078089,-0.012746455770911495,-0.0043201493014971455,0.01396590612018788,-0.0055646596428631425,0.9998776546854691
1740166488.4685135,1740166488.4547615,1,3,0.00722505260082493,-0.00805262531652251,-0.011007258968792623,-0.0038971179218948064,0.013703248238179547,-0.006335471276264487,0.9998784402432794
1740166488.4850872,1740166488.4717033,1,3,0.005522234715033481,-0.006127051959847049,-0.008493692756681943,-0.003212645918489464,0.010069982487062453,-0.004612199278913457,0.9999334987771558
1740166488.501494,1740166488.4882588,1,3,0.0060405150814764165,-0.007170867249540999,-0.009865295269881186,-0.0035931578490939163,0.006746870121981248,-0.002237876688658145,0.999968279930996
1740166488.5180347,1740166488.5048842,1,3,0.010116758764577884,-0.012908708128944922,-0.017388905406655514,-0.006938206972083214,0.007968647241176675,-0.0020871704246280274,0.9999420011504552
1740166488.5353222,1740166488.5217245,1,3,0.012871513528603712,-0.016086910378533856,-0.02155805652181239,-0.009389184223518775,0.011963919999531756,-0.003484568347715715,0.999878275402207
1740166488.5518804,1740166488.5379865,1,3,0.011601658588337909,-0.01323159195561023,-0.017809553063504638,-0.007510988361750466,0.015474358364118415,-0.005125935651508912,0.9998389140610326
1740166488.5681708,1740166488.5550761,1,3,0.009848763561880082,-0.010475331318809478,-0.014182176996042253,-0.005383164301991272,0.018376685558028853,-0.0073773409062182545,0.9997894247346051
1740166488.5846481,1740166488.5716345,1,3,0.009401735639541855,-0.010689056549812715,-0.014457788555094286,-0.005649455496942798,0.019413220562353253,-0.009563939178534167,0.9997498395035505
1740166488.6013842,1740166488.5882323,1,3,0.007026004547490846,-0.008393402050916224,-0.011458017155631972,-0.004930867904524588,0.01487357493903414,-0.008087040411054524,0.9998445194567159
1740166488.6182203,1740166488.6048627,1,3,0.003458123330943198,-0.00391942020257541,-0.0055987957445317645,-0.002244132870072761,0.006805360598931738,-0.003556213001047788,0.9999680016299878
1740166488.6377945,1740166488.6213884,1,3,0.005145248282449153,-0.0066003812683148085,-0.009124810126463271,-0.00378376673772527,0.0031481945778946275,-0.0006719197462866442,0.9999876601758787
1740166488.6515508,1740166488.6382918,1,3,0.01056095433769279,-0.014067725660973793,-0.018919321839176637,-0.008632761234168075,0.006494915351349186,-0.0015849816507528377,0.9999403878938081
1740166488.6688652,1740166488.6548362,1,3,0.012396986791994186,-0.015639251734662588,-0.020970073482867113,-0.009861230305068407,0.010895899444682595,-0.00310083637907532,0.9998872038014647
1740166488.6852183,1740166488.6714206,1,3,0.010165537377403206,-0.011344518156573153,-0.01533653646138774,-0.006958416531576525,0.014461884896996383,-0.004824019098522464,0.9998595717221175
1740166488.7021823,1740166488.6883726,1,3,0.008687086807696046,-0.009020331598751584,-0.012290744844794485,-0.005371861430575254,0.016560635074483892,-0.006687539341831732,0.9998260675178717
1740166488.7188468,1740166488.7047908,1,3,0.007899964702826515,-0.008434449783285152,-0.011517784943242402,-0.004906140078123398,0.01636076652514674,-0.007408565854675784,0.9998266691083112
1740166488.7354982,1740166488.7218485,1,3,0.006049333306540307,-0.00632322194942354,-0.00874139794670801,-0.004006132367980544,0.012588426586327302,-0.005626600206929538,0.9998969065806946
1740166488.7524567,1740166488.7383022,1,3,0.005292378123149618,-0.005475985030701461,-0.007636692798512077,-0.0037851252309433407,0.009118195467483051,-0.003347284898548883,0.9999456620347981
1740166488.7688427,1740166488.7549422,1,3,0.006794547861034184,-0.007588155113355239,-0.010421616578271424,-0.0051830610025703485,0.009016859095664471,-0.002882334130688247,0.999941760444403
1740166488.7848794,1740166488.7718327,1,3,0.007272342887536037,-0.007952789605659294,-0.010894567538208333,-0.005131276415997667,0.010674450337426944,-0.003704231558851986,0.9999229994259032
1740166488.8016727,1740166488.7883434,1,3,0.006217641790726252,-0.006258048642199745,-0.008661036709279098,-0.004257287138767742,0.01215608264477287,-0.004730874361744514,0.9999058575629631
1740166488.819025,1740166488.804947,1,3,0.005233738924507029,-0.005151621573420506,-0.007218615605208314,-0.004199981373209539,0.01270375365774299,-0.005930197282708972,0.9998928980444137
1740166488.8358235,1740166488.8220677,1,3,0.004101731260623754,-0.004074587762262368,-0.005811263072469522,-0.00345088573668979,0.010087705224331566,-0.004850243440949993,0.9999314000117722
1740166488.85187,1740166488.838483,1,3,0.003669547606292239,-0.003776364677040981,-0.00541854801154336,-0.003083517996322476,0.006259800007575576,-0.0023484439794481263,0.9999728954484252
1740166488.872846,1740166488.8555725,1,3,0.006851834501976008,-0.008335119137733105,-0.011393533795426444,-0.0065410157349609565,0.0069694060393732625,-0.002132194493881693,0.9999520469698802
1740166488.8862295,1740166488.8719826,1,3,0.010569830279415764,-0.013136910398008577,-0.017703581487998797,-0.010148040545136433,0.010010922416794748,-0.002984598531307274,0.9998939398141515
1740166488.9029648,1740166488.8887336,1,3,0.010240242408008774,-0.011668368970671372,-0.015776113799950472,-0.008668560805794142,0.013408119219824516,-0.004341043372675692,0.9998631074977113
1740166488.919453,1740166488.9055216,1,3,0.008087566517029035,-0.008043449547410738,-0.011006008051644606,-0.005641263223677096,0.016192189173523094,-0.006276780195937333,0.9998332816971947
1740166488.93562,1740166488.9220781,1,3,0.007549828033022665,-0.007810462877159705,-0.010694118516859294,-0.0058600054191571055,0.018549888764500814,-0.008917768795033995,0.9997709914590592
1740166488.9535596,1740166488.9388366,1,3,0.0060531497941722886,-0.006692108349313656,-0.009237456709020233,-0.005893259103802359,0.015843824849450013,-0.00874698966709197,0.9998188500338645
1740166488.9689744,1740166488.9552722,1,3,0.0029226177466118515,-0.0028790335198291277,-0.004243875495045382,-0.0031331043251905106,0.008369647761281195,-0.004445140373422215,0.9999501854496053
1740166488.985841,1740166488.9720914,1,3,0.0037302739481879766,-0.004340847810726946,-0.0061656367372152935,-0.0035300608215658403,0.003719836295856593,-0.001055464902868953,0.9999862936472514
1740166489.0036006,1740166488.989073,1,3,0.009088401862896637,-0.011876642110663286,-0.016054866376581572,-0.00866852660369768,0.006230401564468484,-0.0016658611204034043,0.9999416301212756
1740166489.0195494,1740166489.0054798,1,3,0.01145009128629128,-0.014333592753418282,-0.019275244500069975,-0.01053947939938974,0.010772529161202658,-0.003311087927946865,0.9998809472563193
1740166489.036089,1740166489.022007,1,3,0.009624922990179224,-0.01064592396781372,-0.01442666458240035,-0.007244230070515232,0.013645689295129982,-0.004419368707652514,0.9998708844018671
1740166489.0526776,1740166489.0387068,1,3,0.008044573650757869,-0.008174487193538516,-0.011177796233294766,-0.005136481195463573,0.016476052860377923,-0.006741703186595416,0.9998283381067045
1740166489.0695958,1740166489.0551648,1,3,0.007192492779289878,-0.007600238913987619,-0.01041878675618024,-0.0052062612268817445,0.01687789638363206,-0.008171365227059626,0.9998106121901421
1740166489.087675,1740166489.072165,1,3,0.005072509457840511,-0.0052952040514426466,-0.0074037512850174325,-0.00412607392548983,0.012673628814031378,-0.006323682705476584,0.9998911769206118
1740166489.1023207,1740166489.0886486,1,3,0.003702131603455436,-0.0037626235727682158,-0.005402908555570747,-0.0028723718090776697,0.00721442703173694,-0.003029577175484839,0.9999652609890666
1740166489.1205547,1740166489.1054053,1,3,0.005557030143882894,-0.006529186571139611,-0.009033640869550197,-0.004314303924031059,0.005909408317478399,-0.0017292964209574308,0.9999717372050456
1740166489.1360614,1740166489.122105,1,3,0.007247756064559306,-0.008614566975984048,-0.011764660402922716,-0.0058164597242432465,0.007454606333989268,-0.0021305953792264743,0.9999530279988214
1740166489.1525445,1740166489.1387126,1,3,0.006391850509437335,-0.006840108965446367,-0.009436605545300696,-0.00478774907182449,0.009852778258545877,-0.0034496270863663024,0.9999340479713541
1740166489.169799,1740166489.1555338,1,3,0.005694273047601635,-0.005763904956667739,-0.00802915578412303,-0.003788868806388741,0.011303281559798773,-0.004563641635316108,0.9999185234178694
1740166489.1858637,1740166489.1719592,1,3,0.005256971838597656,-0.00548208505466516,-0.007660613052243229,-0.0034021769778705183,0.010667031913953883,-0.004717410996594307,0.9999261901037731
1740166489.2024097,1740166489.1886766,1,3,0.004678438820402712,-0.004943553086867024,-0.006945444045524863,-0.0032292993763942675,0.008020338424930964,-0.003243528007197367,0.9999573617525668
1740166489.219054,1740166489.2057686,1,3,0.006205950978001969,-0.007172294012278899,-0.009873885906198773,-0.004869760165952165,0.007220839757351058,-0.0023070847838864337,0.9999594103107009
1740166489.237,1740166489.222196,1,3,0.009510635510159248,-0.011615268022377815,-0.015705185053177684,-0.007537419430153734,0.009147551486300478,-0.002526488951640524,0.9999265605351809
1740166489.2521415,1740166489.2389352,1,3,0.01026919223733655,-0.012020075114300163,-0.0162327800403849,-0.007292221408853032,0.011979260154022996,-0.0035822683925813645,0.9998952386056501
1740166489.2689564,1740166489.2556245,1,3,0.008199298029735394,-0.008551261204148099,-0.011671389726928282,-0.005122646314323089,0.01483647449475422,-0.005599009862254119,0.9998611346621425
1740166489.2868054,1740166489.2723033,1,3,0.007488338973239143,-0.008003079882700742,-0.010957577810349822,-0.0051623247291636785,0.016852119117992306,-0.008188513025360696,0.9998111345344466
1740166489.3029716,1740166489.2891464,1,3,0.0060672630882722435,-0.007003688894986732,-0.00964774860806184,-0.004660749498239926,0.01491514032357357,-0.008447827040561276,0.9998422126623459
1740166489.3196073,1740166489.3055937,1,3,0.003444804519724665,-0.0040935390213468715,-0.005832066148521539,-0.0025055063264160307,0.007628397988337358,-0.004486400954414562,0.9999577001996915
1740166489.3370578,1740166489.322706,1,3,0.00287534075726564,-0.0035996087247371377,-0.00519001627112719,-0.0021956030622760046,0.001886868933527875,-0.0005467785045607171,0.9999956600336262
1740166489.3525052,1740166489.3391747,1,3,0.007753858606099209,-0.010530853001792911,-0.01429285408563226,-0.007098582005628325,0.003114189335562209,-0.00034339416072792095,0.9999698965662627
1740166489.3696902,1740166489.3556721,1,3,0.011554685672127803,-0.01518995543162183,-0.020407331556000094,-0.009948342003392034,0.007691531209397602,-0.0018735512565951373,0.9999191770561896
1740166489.386518,1740166489.3725057,1,3,0.01054351902281297,-0.012564105231887213,-0.016942432497650872,-0.007457645086990712,0.011653952129340742,-0.0034499364717320556,0.9998983282653615
1740166489.4060423,1740166489.3890061,1,3,0.00823671458950124,-0.00871928988805675,-0.01188544395304899,-0.0048870621583739764,0.014653785572681937,-0.005599180219127185,0.999865007074817
1740166489.4190922,1740166489.4059052,1,3,0.0072794369599309084,-0.007806554335507687,-0.0106890973654915,-0.004768348087251983,0.015970874716832728,-0.00761785018166231,0.9998320670872224
1740166489.4359539,1740166489.4226859,1,3,0.005696433298117519,-0.00633281638463158,-0.008764965536847967,-0.0037564839639908816,0.01270049217746711,-0.006517937635214188,0.9998910454722864
1740166489.4530957,1740166489.4391563,1,3,0.004183216368022723,-0.004708451607470062,-0.006641473271225533,-0.002345902038524223,0.0071079778340790096,-0.003266860088576238,0.9999666499538361
1740166489.4692974,1740166489.456043,1,3,0.005179482667913551,-0.0062831915868670095,-0.008714967455678707,-0.0036061691582706047,0.004853587545103655,-0.0013520953098795792,0.9999808048508816
1740166489.48694,1740166489.472576,1,3,0.007150246173441389,-0.008800848239610554,-0.012019866413403723,-0.005493351928106775,0.006179282172711509,-0.0015938700716730007,0.9999645489389205
1740166489.5027647,1740166489.489282,1,3,0.0077825597820897156,-0.009225319357241163,-0.012568361123778779,-0.005280555541168967,0.00889348753896056,-0.0028383408084624454,0.9999424810627989
1740166489.5185938,1740166489.506075,1,3,0.006990882116950812,-0.007841030768581139,-0.010741744957742508,-0.003716239160009962,0.010552628353983268,-0.004125296639256514,0.9999289042371795
1740166489.5376675,1740166489.522608,1,3,0.006001579281341894,-0.006640141804754262,-0.009170433788089917,-0.003088051588506938,0.010874772817457188,-0.004844742250646666,0.9999243630025625
1740166489.5528622,1740166489.5394917,1,3,0.004890869146112424,-0.00541662117312592,-0.007576271767132841,-0.0026729197103543753,0.00848516795331221,-0.003746515811039167,0.9999534094368117
1740166489.5700078,1740166489.5558767,1,3,0.005795612565754854,-0.007001381867718333,-0.009650989971042334,-0.003169337079871618,0.006081303822327039,-0.0020187508670407193,0.9999744485191766
1740166489.5861862,1740166489.5725615,1,3,0.008332497699765538,-0.01057044080872122,-0.014324493184344606,-0.0049279032621217305,0.006366576293540802,-0.0015723019854846268,0.9999663546050958
1740166489.6032305,1740166489.5893219,1,3,0.00952484306179241,-0.011755093925009586,-0.015874270583924814,-0.005894483835863642,0.008774596494515027,-0.0023767796056459066,0.9999413044951055
1740166489.6195652,1740166489.605764,1,3,0.00826805223190231,-0.009408111676136942,-0.012796302743226887,-0.004419349033429104,0.011416199964038929,-0.004036315176246288,0.9999169204950479
1740166489.6361969,1740166489.6225538,1,3,0.0073666109246789055,-0.0082557221436295,-0.011287410295828233,-0.0033445596220098924,0.013220407122969027,-0.005844540287842123,0.9998899319951479
1740166489.6529922,1740166489.6392686,1,3,0.006336563959172445,-0.0075261043198505155,-0.010328277377335281,-0.00279087448704462,0.012174044532467567,-0.006382084336242396,0.9999016314912403
1740166489.6894162,1740166489.6557896,1,3,0.004222627390333135,-0.005199549717953005,-0.007279156310892921,-0.0017392125281446367,0.007295563758530881,-0.004028809652588498,0.9999637586342869
1740166489.6925373,1740166489.6729054,1,3,0.004148832663540045,-0.005438442517440203,-0.0075982922415356825,-0.0021150568948545166,0.0025376452762833016,-0.0007873281308105548,0.9999942334859725
1740166489.7033432,1740166489.6894095,1,3,0.008775353873272955,-0.012041729359284638,-0.016263681317288062,-0.0062036890826751186,0.0031273379569123883,-0.00010781605941876692,0.999975860896035
1740166489.7192256,1740166489.7060711,1,3,0.012868608264846832,-0.01717518862540515,-0.022995844942044697,-0.009205181553039421,0.007189146900406217,-0.0013657634220260412,0.9999308553543564
1740166489.7358387,1740166489.7228405,1,3,0.011926741198733172,-0.014605744554377355,-0.01961427572909021,-0.007664989349377695,0.011669851422271832,-0.0032102174266551817,0.9998973732389388
1740166489.7531989,1740166489.739412,1,3,0.009299764669270606,-0.010193273750343346,-0.013824837584008572,-0.004877732036003948,0.01501253946000521,-0.005624621568953999,0.9998595876528628
1740166489.769751,1740166489.7563264,1,3,0.00822766466323811,-0.009113717857560268,-0.0124076449317177,-0.004288531872946532,0.017010465137251914,-0.008140653648698986,0.9998129736747573
1740166489.786933,1740166489.7729156,1,3,0.006725997581867802,-0.0079204180710504,-0.010843321778747923,-0.0035532529311928587,0.013834543937224357,-0.0073928879311037365,0.9998706541326703
1740166489.8031178,1740166489.7895267,1,3,0.004028449450823271,-0.004709674814803709,-0.006629819895828787,-0.0019847873916374204,0.007497809166107529,-0.004016354806617533,0.9999618554578898
1740166489.8202143,1740166489.8064399,1,3,0.004138081647764292,-0.0051240142533073,-0.007192118489266815,-0.002547880476618578,0.003441102216700877,-0.0009863332368784735,0.9999903470870891
1740166489.836284,1740166489.8225627,1,3,0.00753812581022326,-0.009907263711951062,-0.01347328737790913,-0.005564749661225083,0.004226137202600096,-0.0007486888129780277,0.9999753060904124
1740166489.853011,1740166489.8396342,1,3,0.008760714020414057,-0.011028305467162231,-0.01493378335995596,-0.005893873200844132,0.006893863386696542,-0.0016807451104923852,0.9999574550960513
1740166489.8698614,1740166489.8561497,1,3,0.007248131981623588,-0.00821044104535957,-0.011225579086288195,-0.004267964544879382,0.009831013519086981,-0.003311131166525257,0.9999370840519064
1740166489.886442,1740166489.8726826,1,3,0.006173139346554306,-0.0066020364555515135,-0.009122340966939722,-0.0036206394487209633,0.011129410090860957,-0.004552993391247899,0.9999211456170888
1740166489.9033544,1740166489.889639,1,3,0.0054281220015305175,-0.005842315604371432,-0.00812677604272749,-0.0030301727089778693,0.010265263817204546,-0.004452132410820467,0.9999328082071882
1740166489.920008,1740166489.9063272,1,3,0.005672221478220693,-0.006502497386858922,-0.00898656135856363,-0.0031757486950696147,0.007778795308609546,-0.0029311718522927245,0.9999604058138226
1740166489.937294,1740166489.922993,1,3,0.007091732463511475,-0.008509266409255936,-0.011623484912714567,-0.004726132387449684,0.006891032999601245,-0.001871812740730709,0.9999633361548405
1740166489.9537995,1740166489.939625,1,3,0.00821169293862745,-0.009678728184751649,-0.013169832642749301,-0.005978339402122851,0.00927294701302241,-0.0028030009967532077,0.9999352054493825
1740166489.9691133,1740166489.9562502,1,3,0.007912927466609512,-0.008762168606972685,-0.011964167401232064,-0.0051619563495185605,0.011368129013624297,-0.0038035157788313184,0.9999148229309812
1740166489.987936,1740166489.9743075,1,3,0.007046571779335204,-0.007498499696614692,-0.010290728506979126,-0.003983977993824044,0.01337930828530813,-0.005582699188571174,0.9998869713617241
1740166490.0066078,1740166489.989672,1,3,0.005867443888090743,-0.006342066134542109,-0.00877233167381303,-0.003731206996373501,0.013448558376241359,-0.0067936894210876815,0.9998795228206251
1740166490.0191982,1740166490.0065699,1,3,0.004003682294061896,-0.004352561058711064,-0.006172009495403985,-0.002921103169199765,0.009692433810844487,-0.005174182761030591,0.9999353737696515
1740166490.037009,1740166490.023132,1,3,0.00313685442787315,-0.0035113337742551302,-0.005078318752109702,-0.0022087253410553896,0.0044967503542124535,-0.0019282747061708644,0.9999855911588313
1740166490.052719,1740166490.0397098,1,3,0.006759911510496878,-0.008805505450904427,-0.012022652686853836,-0.005279877551628827,0.0038712149757045297,-0.0006050071183067127,0.999978385043416
1740166490.0703855,1740166490.056688,1,3,0.010955671263357884,-0.014300429307280472,-0.019230671670038904,-0.009294189413634106,0.007201275795660875,-0.0015715531490232107,0.999929642470288
1740166490.0872614,1740166490.0732255,1,3,0.010745177162330793,-0.012910303219450126,-0.017403982790055658,-0.008401572411580405,0.011260814187307464,-0.003299880421293777,0.9998958537938123
1740166490.1033077,1740166490.0895953,1,3,0.008312702719582319,-0.008713786226587058,-0.011886302022910938,-0.005251630596512661,0.014540318322401408,-0.005261963735010739,0.9998666467368599
1740166490.121365,1740166490.1064124,1,3,0.00753154218219887,-0.007944109592471923,-0.010869040646223321,-0.00466474843872264,0.01682872829235542,-0.007863988375644471,0.9998165790348214
1740166490.1367843,1740166490.1231766,1,3,0.006097862545056401,-0.006773604070724469,-0.009336754621499419,-0.004359671312805209,0.014807271250224147,-0.00796377080867591,0.9998491467909915
1740166490.1533191,1740166490.1401615,1,3,0.0034770503698675734,-0.0036874433509531965,-0.0053015064501140685,-0.0027139164639885267,0.008496153112497132,-0.004522508395641597,0.9999499972286249
1740166490.1711257,1740166490.1565769,1,3,0.003716968591726179,-0.004362466320848229,-0.00619047084812166,-0.002821909548375482,0.003773214830552195,-0.0012389595135723812,0.9999881322574118
1740166490.1873531,1740166490.1734009,1,3,0.007607833588522388,-0.009865843233064218,-0.013415571599901033,-0.006240803862303463,0.0044507841867552295,-0.0006806828174769012,0.9999703893406929
1740166490.2045531,1740166490.1900973,1,3,0.009784353597716922,-0.012293488184027378,-0.01659169326168474,-0.007879573892616579,0.007970414192573995,-0.002019158747915975,0.9999351518027658
1740166490.220156,1740166490.2064302,1,3,0.008527775918434592,-0.009635232725422571,-0.013103250687910671,-0.006103890126943372,0.01119745545902576,-0.0036109345773907334,0.9999121564757771
1740166490.2371728,1740166490.2235043,1,3,0.007183416768113674,-0.007448344590594821,-0.010235636973958028,-0.004437302667274328,0.013442852770843405,-0.005301091957856534,0.9998857427118735
1740166490.2534788,1740166490.2399428,1,3,0.006479375000288161,-0.006778844455782529,-0.009355333072596506,-0.00388911177428286,0.013389042255218652,-0.0059552090428982435,0.9998850653161845
1740166490.269195,1740166490.2565567,1,3,0.005453222771387213,-0.00570821241151872,-0.007943369234661,-0.003564608709940003,0.01056273413920401,-0.004571857867323225,0.9999274075291119
1740166490.2866404,1740166490.2732346,1,3,0.005414043153484662,-0.005804141934308281,-0.008077165223386524,-0.003888723640109095,0.008247143270302494,-0.002797632033470987,0.9999545168213079
1740166490.3035755,1740166490.289836,1,3,0.006933049786774867,-0.007849656114843447,-0.010763642934291537,-0.005078836416331183,0.008549926556663062,-0.0025294916007660285,0.9999473515384564
1740166490.3197243,1740166490.30672,1,3,0.007702963685803768,-0.008639913388967253,-0.011798156691980767,-0.005454629033909765,0.0101863549510741,-0.003258118740418021,0.999927932331719
1740166490.33708,1740166490.323377,1,3,0.006383803231763717,-0.006502614470777486,-0.008982925603310292,-0.004248484147054397,0.012166997592248614,-0.004727984073201018,0.9999057759202344
1740166490.3538306,1740166490.3400295,1,3,0.005349614939067417,-0.005310393022438012,-0.007424124887589909,-0.003986625471022806,0.01303079110088938,-0.00619814830329414,0.9998879378501618
1740166490.3708105,1740166490.3568969,1,3,0.004115458265247279,-0.004101065625176865,-0.005847659168215461,-0.0033033426904954797,0.010675501994878957,-0.005384612128595086,0.9999230608084059
1740166490.3873334,1740166490.3733842,1,3,0.0035029593273333687,-0.003620765308856663,-0.005216868538427549,-0.002742233349518093,0.00639524947297641,-0.002707627096621285,0.9999721244594475
1740166490.4031968,1740166490.3902962,1,3,0.006534361333063311,-0.008079489094294689,-0.011063335497717706,-0.005953040435016266,0.00511098292954337,-0.0010936668456193223,0.9999686210356322
1740166490.4208357,1740166490.4067986,1,3,0.010698634872638703,-0.013598058783758913,-0.018311382952971283,-0.009956536758946468,0.008722999717986383,-0.0023236232580011833,0.9999096846348887
1740166490.4370341,1740166490.4235308,1,3,0.011626283356108514,-0.013953150664936012,-0.018777089104077736,-0.009858116264251133,0.012430542322003973,-0.0036528713817787,0.9998674690637603
1740166490.453956,1740166490.440377,1,3,0.009149355703473416,-0.00956769809386691,-0.01300840780702978,-0.006275190478522887,0.015568496648736406,-0.005521129810830334,0.9998438683225339
1740166490.470488,1740166490.4569318,1,3,0.007826962366719141,-0.007821827074012843,-0.010710978590164762,-0.005502356428621246,0.01851982715890101,-0.008467935954888888,0.9997774923133651
1740166490.4874141,1740166490.473667,1,3,0.00659628086871668,-0.006916805807668204,-0.00952934332438016,-0.0056221012355205015,0.018027093595884537,-0.009495740109845698,0.9997765984428466
1740166490.5038302,1740166490.4904935,1,3,0.0041866909135947145,-0.00427633365489343,-0.006073210117341786,-0.003756515227097312,0.011775230500546165,-0.006310873055837045,0.9999036980736098
1740166490.5192726,1740166490.5068705,1,3,0.0033923027557986713,-0.003571836965706169,-0.005152071054183746,-0.002800412832217328,0.005657699252480897,-0.002283637499215257,0.9999774663095714
1740166490.5375168,1740166490.5237272,1,3,0.006674727312388535,-0.008308083479647363,-0.01136851687865405,-0.005955228893331082,0.0052344761541924896,-0.0011574353399411998,0.9999678974105384
1740166490.5543752,1740166490.5403392,1,3,0.009325928792168476,-0.011537104855877368,-0.015610603393931905,-0.008466238300722854,0.008236760018850936,-0.00216296999666504,0.9999278974777235
1740166490.5707722,1740166490.556755,1,3,0.008700831129077186,-0.00976255189419716,-0.013273980239465332,-0.006804959280504079,0.011805419555929576,-0.003771005885911391,0.9999000470611588
1740166490.5870252,1740166490.5735865,1,3,0.007505809160901471,-0.00770962736361901,-0.010570185473030487,-0.004829582059199056,0.013925503602445564,-0.005293264820129063,0.9998773608968731
1740166490.604091,1740166490.59015,1,3,0.006603333332573711,-0.006699082510765406,-0.009238770934724529,-0.004434081844540784,0.01471463702074412,-0.006571819094030427,0.9998603050273268
1740166490.620871,1740166490.6070356,1,3,0.00524891750788893,-0.005217531967888054,-0.00730656876522658,-0.0038695150442653974,0.012197971873144567,-0.005620531851149152,0.999902318207741
1740166490.637017,1740166490.6236448,1,3,0.004972168331682912,-0.005146359822391067,-0.007214186151080576,-0.003513036981504522,0.008858540120704429,-0.003405594200698857,0.9999487920719924
1740166490.654519,1740166490.6401865,1,3,0.006787604823538706,-0.007799642324051476,-0.010697426307470493,-0.004889220317585043,0.008127235239633874,-0.002467619044384744,0.9999519760609995
1740166490.6702201,1740166490.657295,1,3,0.007908676744080523,-0.00907972428294436,-0.0123737807352814,-0.0059120923016802865,0.009498383680015118,-0.0029039996562015996,0.9999331950975927
1740166490.6867664,1740166490.673732,1,3,0.006950697284451522,-0.00729021998021464,-0.010022849740666272,-0.004815590959771879,0.011590996236667928,-0.004107875411239325,0.9999127883218393
1740166490.706703,1740166490.6902294,1,3,0.006286961154328582,-0.006411920709552998,-0.00887061887231873,-0.00404938201677947,0.012989940418240049,-0.005481047534983533,0.9998924052472506
1740166490.720845,1740166490.7070556,1,3,0.005443106133704122,-0.005640283051839066,-0.007861792659292967,-0.003244054558522664,0.012154063286337865,-0.005537311470582585,0.999905542057514
1740166490.7372477,1740166490.7236652,1,3,0.004591333482466023,-0.004825432839241585,-0.006789921341228302,-0.003097470463171328,0.008633778261444996,-0.0037482518813906737,0.9999509058736312
1740166490.75372,1740166490.7406294,1,3,0.005783359337867409,-0.006657754961148074,-0.009195289610052778,-0.004445431288790839,0.006679846846674251,-0.001885188014897516,0.9999660313495203
1740166490.7708056,1740166490.7569754,1,3,0.009866122475092824,-0.01233095761021934,-0.01664146168174586,-0.007917991721176776,0.008202642456155481,-0.0018527845610746252,0.9999332924016532
1740166490.7880235,1740166490.7735622,1,3,0.011345810088826123,-0.013722151964342842,-0.01846031748869795,-0.008311993458547795,0.01163386597719794,-0.003231651895076301,0.9998925544043213
1740166490.8039649,1740166490.7904322,1,3,0.009515974349186579,-0.010349881466615196,-0.014029615726207529,-0.006068375001444748,0.014538203302855785,-0.005001721165707945,0.9998633897962996
1740166490.8217874,1740166490.8069594,1,3,0.007774130627285365,-0.007861900826244442,-0.010765225514338925,-0.004781500159166473,0.01748491847631571,-0.007602311842531067,0.9998067912035572
1740166490.8381352,1740166490.8238907,1,3,0.006986873279326585,-0.007555045989142041,-0.010363555899907728,-0.004631896002020482,0.01712734173426162,-0.00878219726870876,0.9998040171532008
1740166490.8541007,1740166490.8405797,1,3,0.005042211991976957,-0.005630386175121908,-0.00783585986854703,-0.003226575383817967,0.011520486107786164,-0.0061272411700139615,0.9999096581825666
1740166490.8701463,1740166490.8570895,1,3,0.003740530808018025,-0.00417589492383821,-0.0059329191447053935,-0.0024210688681102458,0.005476641984846916,-0.0022096251705519604,0.9999796309799072
1740166490.8871512,1740166490.8737826,1,3,0.007034426145891301,-0.008937087006007163,-0.012195567782788151,-0.006066792912595906,0.0050735157178172655,-0.001164387163096981,0.9999680483218207
1740166490.9052446,1740166490.8904738,1,3,0.011150223699790093,-0.014340642361065753,-0.01928826068855476,-0.009511416358516479,0.008035870269859547,-0.0019722532771466175,0.999920530824761
1740166490.9213583,1740166490.9074507,1,3,0.011183443912486733,-0.013400846082413041,-0.018039238078436194,-0.008316489978158152,0.011792939912558595,-0.0034156895494660763,0.9998900417683755
1740166490.9378264,1740166490.9239829,1,3,0.008726563341197768,-0.009163503483259013,-0.012471898818427581,-0.0055608261394873145,0.014865471483649693,-0.005273298439389962,0.9998601338656243
1740166490.9547055,1740166490.9406765,1,3,0.007545681568595542,-0.0076006789921787676,-0.010423018431356228,-0.004936172297809716,0.016581524466216916,-0.007255539790103576,0.9998240067090692
1740166490.9704773,1740166490.9576068,1,3,0.006455984146936315,-0.006600820449344945,-0.00911621317665139,-0.004384116111281788,0.014784442531836419,-0.006917018683187109,0.9998571671181249
1740166490.9881048,1740166490.9737873,1,3,0.005543749621035349,-0.00576344706576469,-0.008017802748232744,-0.0035637839974086956,0.010838976979216411,-0.0045787804344364635,0.9999244225397224
1740166491.0044205,1740166490.9906394,1,3,0.006024767121392962,-0.006586346931504863,-0.009098352696570397,-0.004349717221371126,0.008587978048512128,-0.00282494016279977,0.999949671886645
1740166491.0212317,1740166491.0072496,1,3,0.007455093733623583,-0.008435510760053864,-0.011534625464602103,-0.00595839200762363,0.009277165263573906,-0.0027563862034855014,0.9999354149666132
1740166491.0415826,1740166491.0240505,1,3,0.007311304349453197,-0.007833883254802885,-0.010738862761799898,-0.005358096803381374,0.011315832290726899,-0.003833988394074578,0.9999142679606126
1740166491.0576723,1740166491.040977,1,3,0.006670106521477682,-0.0068171055635681405,-0.009398346324985589,-0.004345493164655809,0.012812112654147266,-0.005092774227793715,0.9998955095954567
1740166491.070946,1740166491.0574906,1,3,0.005653786377239783,-0.005624811450992033,-0.007835242762554493,-0.003943404329377935,0.012874441323822344,-0.005739353896583895,0.9998928733318105
1740166491.0880766,1740166491.0742428,1,3,0.004338346445712386,-0.004071647468586129,-0.005806713637312055,-0.003495162911876961,0.010458506772068922,-0.004577093942624736,0.9999287243015665
1740166491.1044214,1740166491.0906932,1,3,0.005100519659615642,-0.005399784236590474,-0.0075495510348159225,-0.004122363851804845,0.007786704107880371,-0.002619563760715446,0.9999577547282251
1740166491.1217415,1740166491.1071844,1,3,0.008427748883834045,-0.010101329448995838,-0.013713527859197105,-0.006817696828851036,0.008488605557539905,-0.002216352454797841,0.9999382732786232
1740166491.1374774,1740166491.124065,1,3,0.010493642149852886,-0.012494626707605063,-0.01684931698572369,-0.008686159450850885,0.01141685402037587,-0.003301235147701384,0.9998916480923178
1740166491.155042,1740166491.140617,1,3,0.008973287629022402,-0.009532981176612478,-0.012967341756929821,-0.006906677711512811,0.014013179507434876,-0.00460535501752018,0.9998673508562245
1740166491.1721625,1740166491.157492,1,3,0.0075181549390457994,-0.00731081474261528,-0.010051020287195336,-0.005227559169784905,0.01685819118913561,-0.00703894631289791,0.9998194473252463
1740166491.1880007,1740166491.1743453,1,3,0.006978887926188415,-0.007204249529633146,-0.009905121362855098,-0.005173797254314196,0.01738589729271669,-0.00850793207834371,0.9997992685979765
1740166491.204986,1740166491.190847,1,3,0.004956809456907589,-0.005072427905905192,-0.007110073280298787,-0.004309065242542963,0.013430682062154812,-0.006974915851630129,0.9998761919782587
1740166491.2217534,1740166491.2078626,1,3,0.002905434854498957,-0.002523777996144661,-0.003774715913563329,-0.002949865061586653,0.007396196088365706,-0.0032421872992161923,0.9999630407175346
1740166491.2388165,1740166491.224078,1,3,0.005815571135774069,-0.006855266217667988,-0.00946035451223197,-0.005552268733465624,0.006103849779788466,-0.001744345664298701,0.9999644356615793
1740166491.2553186,1740166491.2406993,1,3,0.010410038980342543,-0.01310632592503787,-0.017663778546902875,-0.009454625193231371,0.008727976461095634,-0.002240016059776647,0.9999147037709777
1740166491.2713394,1740166491.2577238,1,3,0.010744198343421402,-0.012638178916508688,-0.017038080511231082,-0.009293112822496003,0.012413086706798061,-0.00373248281271303,0.9998728028627095
1740166491.2880702,1740166491.2739782,1,3,0.007975560571485943,-0.007865327209483734,-0.010778696112148352,-0.006226297014001215,0.014999467606223338,-0.005308434542538662,0.9998540242053992
1740166491.3047733,1740166491.291045,1,3,0.007074937153501868,-0.006736745440317162,-0.009292592285468106,-0.00541092333923997,0.01748868267998294,-0.0077526197242337195,0.9998023628568534
1740166491.3215394,1740166491.307488,1,3,0.006231876847144523,-0.006213296796284433,-0.008605303545141869,-0.005052639090544015,0.01618748703687397,-0.007897584669227934,0.9998250168194653
1740166491.3371344,1740166491.3240666,1,3,0.00415743994765766,-0.003758824674308311,-0.005384270875640405,-0.0038159975664714017,0.01164119751814103,-0.005466069895048708,0.9999100173329691
1740166491.354429,1740166491.3410997,1,3,0.003776974155890977,-0.003422479974332629,-0.004953756057161136,-0.003854979263603153,0.007878912365503933,-0.0028585562716162286,0.9999574443599367
1740166491.3713284,1740166491.3575358,1,3,0.006229034734277758,-0.006894525915327622,-0.009519703805103285,-0.006115742927686754,0.00822024134821161,-0.002486598435376413,0.999944419529826
1740166491.3877482,1740166491.3742452,1,3,0.007348686097933262,-0.008086070666807686,-0.011077494961072958,-0.0066451047491617,0.010104220316031061,-0.0030729583312023054,0.9999221490905041
1740166491.404926,1740166491.391014,1,3,0.0060991606180194596,-0.005845179231699171,-0.008127026710611237,-0.00527071725004931,0.011958824655120746,-0.004323523520110841,0.9999052521098732
1740166491.4262404,1740166491.4075797,1,3,0.005232586349369943,-0.004630193307344575,-0.006534557303543589,-0.00461935109220459,0.013161239250713816,-0.005454119159398935,0.9998878416907906
1740166491.4425933,1740166491.424579,1,3,0.004435663213404004,-0.0037947987145281604,-0.005444040061164762,-0.00425963544016582,0.012207733612467015,-0.005322505266681916,0.9999022440637135
1740166491.4598768,1740166491.4411197,1,3,0.0042517135275931045,-0.0037692083100958314,-0.005409030443647306,-0.0040440616450796016,0.00973155568203546,-0.003720043863605992,0.9999375498815268
1740166491.4730704,1740166491.4578774,1,3,0.0063554924660975875,-0.006811842603850512,-0.009401363090816416,-0.0061379471473076075,0.009237081911810949,-0.0028745636365396167,0.9999343672494065
1740166491.4886296,1740166491.474327,1,3,0.008573070681084545,-0.009650379453698586,-0.013131374350650435,-0.008179984693224774,0.011171978700745808,-0.0035192512187682276,0.9998979395984311
1740166491.505606,1740166491.4911835,1,3,0.007836397091602807,-0.007983050918276823,-0.010942315766606795,-0.006986255476520066,0.01352192609834601,-0.004571882695314124,0.99987371584497
1740166491.5223858,1740166491.5081184,1,3,0.006644892295395877,-0.006118724546326226,-0.008486528277343305,-0.00544945888041488,0.015837238352822972,-0.006482940440800884,0.9998387153748886
1740166491.5620272,1740166491.524711,1,3,0.006118188517499885,-0.005930115363574788,-0.008232168441423915,-0.005549535180366711,0.01695478057573259,-0.00827054232164554,0.9998066494100829
1740166491.5654624,1740166491.541342,1,3,0.00442521170677702,-0.00426005390373204,-0.006053774153170379,-0.004886176893288328,0.013829216506948242,-0.007322364895944446,0.9998656214804578
1740166491.572106,1740166491.5580347,1,3,0.002246800692045606,-0.0015853550488199855,-0.0025517190519033415,-0.003131135990883204,0.007806276635444197,-0.003711804086798025,0.9999577393784792
1740166491.5888517,1740166491.5745878,1,3,0.004507593652029867,-0.005054677117094056,-0.007102802195598611,-0.005174500695152752,0.005424830691709088,-0.0015284087555601982,0.999970729432216
1740166491.605631,1740166491.5914612,1,3,0.009145869056977382,-0.011455951563682712,-0.015499484113811954,-0.009613850570642353,0.00807706385667042,-0.0022887626520882104,0.9999185449236268
1740166491.6259344,1740166491.6079905,1,3,0.010576666075752882,-0.012633359125800164,-0.017044263374521244,-0.010395880507245544,0.011887189924469336,-0.003752277101873334,0.9998682617228778
1740166491.6381466,1740166491.6245751,1,3,0.007991952420561282,-0.00802054246490167,-0.010986501113021858,-0.0068507457615583234,0.014358470293330039,-0.004950466918800655,0.9998611876108762
1740166491.6560574,1740166491.6413267,1,3,0.00684479694184541,-0.006366255064703528,-0.008810126223891674,-0.005521300637050277,0.016878145048092322,-0.007217849554726777,0.999816256172511
1740166491.675503,1740166491.6579232,1,3,0.006114054487907649,-0.005968470673278435,-0.008287553191050213,-0.005525924830433546,0.016727121055016277,-0.00819897346711081,0.99981120438314
1740166491.6885731,1740166491.6746156,1,3,0.004097863491873036,-0.0036905660206577396,-0.00530456124232267,-0.004416777061862531,0.012480585752030078,-0.0061884734956735065,0.9998932092255979
1740166491.7050738,1740166491.691278,1,3,0.0032207855272182997,-0.002749173581715409,-0.00407810959196881,-0.0035047169712145577,0.007657404280116106,-0.003053380349606648,0.9999598781886617
1740166491.721715,1740166491.7080238,1,3,0.005719848035641218,-0.006395290940619207,-0.008865641178282826,-0.005614655792707714,0.007058137482118052,-0.0019760544391758984,0.9999573758638246
1740166491.7387264,1740166491.7249274,1,3,0.007168648002110376,-0.008054230107739379,-0.011037486315719275,-0.0067768446738573915,0.009320304683229814,-0.002893190079360885,0.9999294153829273
1740166491.755972,1740166491.7415702,1,3,0.00638246674971126,-0.0063973334556885544,-0.00885769114564026,-0.005714395860441612,0.011192393379807033,-0.00380315194646373,0.9999138023078059
1740166491.7720149,1740166491.7582388,1,3,0.005418058311312555,-0.004896439352982746,-0.006893077076456649,-0.004524314785785495,0.012885145250301315,-0.0051391441830572464,0.9998935407355443
1740166491.7881322,1740166491.7747586,1,3,0.004967242716951553,-0.004583946504817715,-0.006479255235741006,-0.004068113129965782,0.012540849618374757,-0.0054866059304348805,0.9998980321521665
1740166491.8050337,1740166491.791374,1,3,0.004173732392226152,-0.0037623370790775754,-0.005396343308088971,-0.0037182113172495417,0.010004599960379232,-0.0041839951879673095,0.9999342863751097
1740166491.8232,1740166491.8083866,1,3,0.0048290537653252925,-0.004802559203536763,-0.006768559072185731,-0.004637580160952468,0.008449370986784435,-0.0029200654541572824,0.9999492858129965
1740166491.8384569,1740166491.8247864,1,3,0.007016841265631352,-0.007778739191703794,-0.010678198214059464,-0.006488467994991405,0.009652268744631634,-0.0030585201642208196,0.9999276868581869
1740166491.8553152,1740166491.8414762,1,3,0.007626100107844068,-0.008205793319191777,-0.01123443407925223,-0.0065495484208236915,0.011449185256264547,-0.003797362955563418,0.9999057953662609
1740166491.8713186,1740166491.8581624,1,3,0.006307172714019261,-0.005977099796321275,-0.008301249325439186,-0.005032232461507157,0.013332817512068766,-0.005049185712558602,0.999885702636698
1740166491.8889117,1740166491.875108,1,3,0.005570448840369745,-0.005201924767546601,-0.007287920094392845,-0.004796743581805789,0.014742035969892028,-0.006772560698528025,0.9998568877834756
1740166491.9049497,1740166491.8915992,1,3,0.004538041880749738,-0.004367942250695164,-0.0061977779358463525,-0.004463260781699751,0.012876365955240446,-0.006485643049202803,0.9998861009821167
1740166491.922043,1740166491.9082503,1,3,0.002902587041331366,-0.0024810903589257494,-0.003725161649273415,-0.0031004916985653335,0.008286609056256562,-0.0038750992598647286,0.9999533502455513
1740166491.9398315,1740166491.924831,1,3,0.004259629449922039,-0.004613348546830843,-0.006522148956787595,-0.004562567418218614,0.005646916879304906,-0.0017614569006224059,0.9999720958996304
1740166491.9549434,1740166491.9415894,1,3,0.008496511753412591,-0.010490305453151367,-0.014238458012317769,-0.008791153962016993,0.00800109690469908,-0.0022822598560239197,0.9999267419917758
1740166491.9729052,1740166491.9583116,1,3,0.010469814214242309,-0.012550381968679799,-0.0169428518379361,-0.0099323778736483,0.011485633283850032,-0.003569247518292389,0.9998783368840416
1740166491.9893746,1740166491.975261,1,3,0.008642579323756576,-0.00905666787241279,-0.012348591261028444,-0.00710233608418058,0.014218510547929282,-0.004886092377733422,0.9998617488839254
1740166492.0054598,1740166491.9915872,1,3,0.007030960041102869,-0.006605922041591674,-0.009123898866571913,-0.005568574177189857,0.016741602431358305,-0.007056761249241316,0.9998194396241427
1740166492.022039,1740166492.0081692,1,3,0.006394848734773868,-0.006349874475287257,-0.008793218705064639,-0.005952006615550311,0.01719838436115742,-0.008394039217450373,0.9997991444776446
1740166492.0377536,1740166492.0249965,1,3,0.004511128760115239,-0.004386247377799412,-0.006219153836010601,-0.004639888618113412,0.013035332613394242,-0.006713485525678907,0.9998817333311806
1740166492.0554225,1740166492.0415928,1,3,0.0030815633122819055,-0.002748683356126757,-0.004072088107975898,-0.0030290638827404803,0.007523641776691286,-0.0032637898355372865,0.9999617829008866
1740166492.073346,1740166492.059149,1,3,0.0048846760746123555,-0.005425857673462403,-0.007586784914305226,-0.004917496401287634,0.006265321968091209,-0.0019951998710039318,0.999966291005479
1740166492.0889013,1740166492.0749679,1,3,0.007094026795715909,-0.00821825149634991,-0.0112555205085603,-0.007069512620896965,0.008328245130866075,-0.002580850443368741,0.9999369987830894
1740166492.1051283,1740166492.0915637,1,3,0.0072234648331653845,-0.007780753957986084,-0.010683688515281026,-0.006334451864338651,0.010991808409202285,-0.0037110946711111877,0.9999126375058052
1740166492.1219919,1740166492.1084406,1,3,0.006375065565202646,-0.0062576490200414335,-0.008676013145140361,-0.004813154566426169,0.012541469344994068,-0.004697366510451699,0.999898734791506
1740166492.1393323,1740166492.1250906,1,3,0.0055890100967019634,-0.005296290922392075,-0.007410123896534416,-0.004405113142138087,0.013231631946810696,-0.005594280154705107,0.9998871050892595
1740166492.1550992,1740166492.1419594,1,3,0.004510348871354589,-0.004067388442602307,-0.00579982203394729,-0.003946176443266908,0.011472298665983757,-0.00497101286094794,0.9999140478490806
1740166492.1719558,1740166492.1583986,1,3,0.0046484564265617,-0.00449581767134244,-0.006367336989965408,-0.004001140305265619,0.009128229110131222,-0.0033927874450080686,0.9999445761155583
1740166492.1888788,1740166492.1750371,1,3,0.006578857501710441,-0.007266089181989458,-0.010000650338760743,-0.00540837106220849,0.008853781322037091,-0.0027005624950153804,0.9999425318691897
1740166492.205394,1740166492.1918952,1,3,0.007376220822221191,-0.008028054255314577,-0.011004551209022434,-0.006043945032697929,0.010441211487206331,-0.0033161614550768015,0.9999217243886269
1740166492.2228186,1740166492.208332,1,3,0.006555831045240652,-0.006494819857258401,-0.008990256948824858,-0.005164210192967223,0.012319473864234078,-0.004525710487941541,0.9999005347740197
1740166492.238824,1740166492.2253075,1,3,0.0058944651027875205,-0.005666148698340059,-0.007902196401577582,-0.004463806756465048,0.013836887864598229,-0.0059239646288577206,0.9998767532083839
1740166492.256295,1740166492.241814,1,3,0.005185318550073262,-0.005204493285574008,-0.0072922290747754965,-0.0039667207777494785,0.012944529068227868,-0.006182459503778023,0.9998892346094929
1740166492.2721865,1740166492.2584474,1,3,0.0036447992891560574,-0.003473461982189706,-0.0050233655357529725,-0.003160718976154195,0.009244732371893603,-0.004363294154239059,0.9999427515828341
1740166492.2895746,1740166492.2756362,1,3,0.0038471238993128035,-0.003967970245635068,-0.005680081792756575,-0.0036724865827553093,0.006096302903458982,-0.002182030556815649,0.9999722929540887
1740166492.306421,1740166492.2920344,1,3,0.007449537645988376,-0.009056919978398982,-0.012358449444151357,-0.006838994376775005,0.007101732585670452,-0.001828179170675752,0.9999497243917397
1740166492.3223143,1740166492.3087988,1,3,0.00994182315890906,-0.012042541169908343,-0.01626550407776104,-0.008455278980894869,0.010279498639130323,-0.0030170550180442313,0.999906864434934
1740166492.3392453,1740166492.3253422,1,3,0.008885517447528222,-0.009727185182160484,-0.013220595460249352,-0.006824238087348958,0.012738426326388386,-0.004120578170468328,0.9998870851775191
1740166492.3555079,1740166492.3420014,1,3,0.0071373625007534955,-0.006968882500648674,-0.009601939381035698,-0.005213194927431078,0.015187947957174302,-0.006135406529129452,0.9998522418948818
1740166492.3724155,1740166492.3586998,1,3,0.006615929192763863,-0.006798760869846723,-0.009380463822093987,-0.005179626677097026,0.016047059167614054,-0.007739654461461671,0.9998278657390852
1740166492.390285,1740166492.3752544,1,3,0.005002342289152322,-0.005239095916958313,-0.007331133340314082,-0.004031352067053999,0.012495624277789472,-0.006387891791004787,0.999893395524186
1740166492.4057374,1740166492.3919952,1,3,0.003074287494630186,-0.0028920537919602334,-0.004256894358027868,-0.00280209817867313,0.007125771001479741,-0.0031994670139710384,0.9999655669293108
1740166492.4226806,1740166492.408626,1,3,0.004499923850492719,-0.005042094042403785,-0.007090827148421097,-0.004612489388398677,0.005570811835891015,-0.0017896727453111337,0.9999722436490903
1740166492.4390304,1740166492.425298,1,3,0.007567342431811182,-0.009132733825555284,-0.012461041392023127,-0.007278709647414157,0.007716946197176609,-0.0023572276562519525,0.9999409545593355
1740166492.4558654,1740166492.4421813,1,3,0.008391325613913642,-0.009642354964042343,-0.013121303202785425,-0.007237977526923148,0.010428066693817713,-0.003327518770277055,0.9999138936554399
1740166492.4728377,1740166492.4587846,1,3,0.006681478865448698,-0.006615132726947215,-0.009142688034142508,-0.00529270354477931,0.01239946333481924,-0.00442668598298251,0.9998993174562145
1740166492.4888532,1740166492.4753466,1,3,0.005621182486436079,-0.005143084599240116,-0.007215233409037874,-0.004773025785816781,0.013905309485822456,-0.005873434132378569,0.9998746738288974
1740166492.5052817,1740166492.4921699,1,3,0.004851785127411493,-0.004484762123198854,-0.006351694527365078,-0.0043864901870937015,0.012654143556825792,-0.005768351154713571,0.9998936730871126
1740166492.5228446,1740166492.5086763,1,3,0.00408320570575932,-0.0037410638816149566,-0.005375660207352906,-0.0036880927878462427,0.009501579498643987,-0.004025427353497811,0.9999399551439281
1740166492.5424304,1740166492.5257165,1,3,0.004571090528207935,-0.004517063993129201,-0.006396302845367872,-0.0043378658486176854,0.008053585897139818,-0.0027637351527163463,0.9999543411786773
1740166492.5590603,1740166492.5421128,1,3,0.0057391395443545865,-0.005977012883440547,-0.00832032238540559,-0.005598597781889231,0.008737121116785212,-0.0027494930745079788,0.9999423776924851
1740166492.5726922,1740166492.5591354,1,3,0.005610330133665985,-0.005448614155485914,-0.007626959306297512,-0.005151782646504234,0.010644361038699347,-0.0037866871236717546,0.999922905885383
1740166492.5899518,1740166492.575524,1,3,0.005141496151299553,-0.004749496718584686,-0.006700108429405697,-0.004341299127664927,0.01180337407827305,-0.0048141436213815616,0.9999093246407122
1740166492.6048446,1740166492.5920627,1,3,0.004407291857636955,-0.004050972941224325,-0.005781842667483048,-0.004227009284892428,0.011932657403768707,-0.005615043971422313,0.999904103082385
1740166492.622585,1740166492.6090715,1,3,0.0032087170670717117,-0.0027645330729377474,-0.004099760977898434,-0.003692114020530094,0.009275345995249654,-0.004350127066726989,0.9999407045646412
1740166492.6412177,1740166492.6255567,1,3,0.0028472918452247934,-0.002451743791813236,-0.003697910772582885,-0.0033599190884717354,0.00624942067230759,-0.002312885167009785,0.9999721527358567
1740166492.656623,1740166492.6421933,1,3,0.006050377027247903,-0.007073635593404274,-0.009759458951449352,-0.006208667302689274,0.006430749932958574,-0.0018283435767375556,0.9999583766664438
1740166492.672985,1740166492.6590621,1,3,0.008639548682461012,-0.010290952125094937,-0.013973140982016012,-0.008432429726117095,0.009613562997158544,-0.0030391431476395935,0.9999136148409731
1740166492.6902277,1740166492.6756215,1,3,0.00786827309155946,-0.008380628901463225,-0.011467148321110928,-0.007123820568046286,0.012252210646948362,-0.004086527357350286,0.999891211486997
1740166492.7061825,1740166492.692259,1,3,0.006334560954417541,-0.005857053286339287,-0.008152762422989604,-0.005212065841193151,0.014374855137903382,-0.005645045380052064,0.9998671568623947
1740166492.7237124,1740166492.7090375,1,3,0.0061674517615294714,-0.006143901500471586,-0.00852617786086339,-0.00542145128060285,0.01564723877017133,-0.007533227326312688,0.999834497439917
1740166492.7396097,1740166492.7256796,1,3,0.004722390675138437,-0.0048389900412826245,-0.006819238854418776,-0.004902758357185925,0.012888069011356407,-0.0067720433590739305,0.9998819930703785
1740166492.75555,1740166492.7426817,1,3,0.0021931232742017836,-0.0016699141782375133,-0.0026706154373284767,-0.0030830033066109536,0.0076907345445113824,-0.0038382628869176485,0.9999583068462345
1740166492.772373,1740166492.758945,1,3,0.002915891253015208,-0.002909780315287382,-0.004299118691947378,-0.003769834313262113,0.004555885263750781,-0.0015025776463043316,0.9999813870863452
1740166492.7893496,1740166492.775509,1,3,0.006219644894886021,-0.007470186244812978,-0.010278588538802919,-0.0065445923519897795,0.006438392359826407,-0.0020170381294897385,0.9999558225101504
1740166492.806721,1740166492.7923787,1,3,0.007577478478569296,-0.008788733033392077,-0.012002982922868123,-0.007525683147863967,0.009124915814020473,-0.0029555053013334306,0.9999256797347285
1740166492.8224974,1740166492.8089259,1,3,0.005958488302611404,-0.005781941378869259,-0.008058890210859008,-0.005585325670839286,0.01122720036341811,-0.003926087283255045,0.9999136662471388
1740166492.8398578,1740166492.8259418,1,3,0.005118640400573221,-0.004559150579374311,-0.006451181020265398,-0.004670750275670638,0.012914147032077404,-0.0054215027809430385,0.9998910021626819
1740166492.8565443,1740166492.842491,1,3,0.0045187890930954225,-0.004156330853507553,-0.005924584728099789,-0.004401492104787485,0.01229496312856475,-0.005752224570960313,0.9998981811471627
1740166492.873243,1740166492.859243,1,3,0.003142772151934501,-0.002572699719749319,-0.0038432033261129113,-0.003660920569909202,0.009255093765086621,-0.00420920742314134,0.9999416100317304
1740166492.893372,1740166492.8762074,1,3,0.002825354613451239,-0.0022615576752071298,-0.0034435004450899514,-0.003581075561196849,0.006722459820608337,-0.0024347372507714194,0.9999680277320395
1740166492.9065468,1740166492.8928018,1,3,0.0047043560703434895,-0.004911241034050026,-0.0069256362371324775,-0.005290672755607996,0.007412598162737814,-0.0024954933687390715,0.9999554163477077
1740166492.9230042,1740166492.9095383,1,3,0.005095036993311434,-0.005084769904250227,-0.007148048978130449,-0.005164050608076278,0.008927851843566391,-0.003075774982935542,0.9999420811482188
1740166492.9391744,1740166492.9257922,1,3,0.004330025153780863,-0.0037298147781867266,-0.005367400689629776,-0.004332179015362262,0.010071957571127691,-0.0038526279172419278,0.9999324702967674
1740166492.9562783,1740166492.9425154,1,3,0.0037725417441975273,-0.0031097825728027355,-0.004551338929329073,-0.004209585243080221,0.010982834388859853,-0.004947070274576524,0.9999185883043512
1740166492.973185,1740166492.9592228,1,3,0.0030371321699184523,-0.002473965183870808,-0.003718007887448547,-0.003854777822330547,0.009513034068012837,-0.004537317424700365,0.9999370258278012
1740166492.9893107,1740166492.9757514,1,3,0.002162408666891489,-0.0014670657213465845,-0.002400123805843143,-0.0030642021253069343,0.006497050944556831,-0.0026757718491438568,0.9999706191880691
1740166493.006595,1740166492.9928932,1,3,0.003914118531908849,-0.004027051503215217,-0.005758947375529346,-0.004870964117158359,0.006100966783545211,-0.002007890233474403,0.9999675096170303
1740166493.0222669,1740166493.0093756,1,3,0.006703184543617132,-0.007751901802889186,-0.01064913113635744,-0.007477211848462315,0.008397218161042466,-0.002847859633223281,0.9999327316003005
1740166493.0394258,1740166493.0258334,1,3,0.006711969871526746,-0.007108940642061028,-0.009804830263498078,-0.006940545324658486,0.01051514909546019,-0.0034565208777080454,0.9999146528246892
1740166493.0564933,1740166493.0426192,1,3,0.005204423564539947,-0.004556532091240959,-0.006446991300493203,-0.004918096526325847,0.01225317435448164,-0.004671794811616234,0.9999019183790151
1740166493.0725517,1740166493.0598369,1,3,0.004902860323709241,-0.004500973522327524,-0.006367844169534487,-0.005083935204698472,0.013899238635347016,-0.006580965296296398,0.999868819227783
1740166493.0890942,1740166493.076305,1,3,0.003920007855289484,-0.0038213819327073428,-0.005481724352266555,-0.005015601071810417,0.011900658819382256,-0.006378289385583293,0.999896262364285
1740166493.1060388,1740166493.0926726,1,3,0.0017163204605328594,-0.0011497764834799446,-0.001984541506659519,-0.003214504811925946,0.0070109606025471035,-0.0036891566715075257,0.999963451088737
1740166493.1240315,1740166493.109308,1,3,0.0019405461827291023,-0.0016636688453323814,-0.0026659229131183655,-0.003398934573731361,0.003779286792169786,-0.0013392148081022234,0.9999861852739785
1740166493.1413457,1740166493.1264646,1,3,0.005825903298438462,-0.007156544105964784,-0.009871522380202127,-0.007085649450430014,0.005124119780010579,-0.0013541698878874618,0.9999608508298015
1740166493.1572745,1740166493.1429696,1,3,0.007631461470619316,-0.009091342450467037,-0.012406790112788963,-0.008392642490054274,0.008497579139075815,-0.002624794217235028,0.9999252297827704
1740166493.1736891,1740166493.1598105,1,3,0.0063970698136210265,-0.006563957580359336,-0.009082499234401645,-0.006418253203562524,0.011051338237368074,-0.003925287202128825,0.9999106290410954
1740166493.1902132,1740166493.1762397,1,3,0.005087288571609208,-0.004482057158303508,-0.006347560472735352,-0.004715526520455632,0.01264933700539788,-0.005130974232041789,0.9998957101550084
1740166493.2062924,1740166493.1929026,1,3,0.004666768443632737,-0.004335241661558444,-0.006154540426371821,-0.0048865396583044765,0.012851528311122528,-0.006155016503947282,0.9998865314234773
1740166493.223728,1740166493.2098846,1,3,0.0031501959367957687,-0.0026408454479198854,-0.003941626651697815,-0.004039380722882841,0.010070714772996231,-0.004897248375277879,0.9999291380221337
1740166493.2397046,1740166493.226356,1,3,0.0022213036857723287,-0.0015681575333166794,-0.0025380297908858766,-0.0031553600226666484,0.0063846478951890195,-0.002608096178191295,0.9999712384907414
1740166493.2569504,1740166493.2430243,1,3,0.003688361246678635,-0.0036940921269327963,-0.005327102240090684,-0.004401706798350481,0.0061244075779193705,-0.0020549735518246336,0.9999694463796293
1740166493.2734292,1740166493.259873,1,3,0.005076717838098381,-0.0053916576468862,-0.007551159807887628,-0.005569626689550368,0.00770802579687705,-0.0026364601042031567,0.9999513061519408
1740166493.2903664,1740166493.2763605,1,3,0.00445673412453159,-0.004087742178744542,-0.005837581515791058,-0.004694959271005095,0.00904933933090809,-0.003216547079165397,0.9999428586874377
1740166493.3065472,1740166493.2931423,1,3,0.0038529460719359887,-0.0031899087716982227,-0.004660596165750229,-0.003977903868879626,0.010251916908682152,-0.004196924442735766,0.9999307277535426
1740166493.3228528,1740166493.3097537,1,3,0.0034896045598990276,-0.0030009162450515743,-0.004414512972483712,-0.003795296102761052,0.009687026215868555,-0.0043974292058779965,0.9999362078987664
1740166493.3403711,1740166493.3261075,1,3,0.002504946515822447,-0.0018507184025968134,-0.0029052836872759556,-0.0031909012642852607,0.007471246213767597,-0.0032014762442053118,0.9999618738626951
1740166493.3570766,1740166493.343273,1,3,0.003106656607999969,-0.0027851849310925186,-0.0041349099528412495,-0.0039760317872832044,0.00626971284450234,-0.0021680538664586727,0.9999700902599569
1740166493.3731132,1740166493.359687,1,3,0.005631164150321008,-0.0062420390319941265,-0.008668058219461516,-0.006035093411934854,0.007850058888391957,-0.0025970941026393305,0.9999476032898824
1740166493.3918555,1740166493.3761044,1,3,0.006730941872361404,-0.007336262284950207,-0.010101483334672529,-0.006463349734381119,0.009978984324829035,-0.003426805640496003,0.9999234480624796
1740166493.4060028,1740166493.39329,1,3,0.005399714380610544,-0.004948993894186997,-0.006968783597159708,-0.004994893109317589,0.011577606191174369,-0.004286778213677491,0.9999113128724244
1740166493.4240332,1740166493.4096894,1,3,0.004888077967070787,-0.004395580540745498,-0.006237249232681969,-0.00478457396906543,0.013004605886527033,-0.005761509110553208,0.9998873902047369
1740166493.440648,1740166493.4265056,1,3,0.0042402901874657745,-0.004092573477503776,-0.005845406932058199,-0.0047697139413589214,0.011953439832018417,-0.006074485208252725,0.999898727739242
1740166493.4562955,1740166493.4430227,1,3,0.0025002046375099305,-0.0021147357708367217,-0.0032476690328950776,-0.0032565975106865442,0.007906252396243632,-0.0039755139461460365,0.9999555395289155
1740166493.4775321,1740166493.4595778,1,3,0.0022379334252683367,-0.00193967446867075,-0.0030234615308184494,-0.003218311724604529,0.004461008648270423,-0.0016901521484128667,0.9999834424915238
1740166493.4938624,1740166493.4765375,1,3,0.005678541539908597,-0.006833588835677553,-0.009450594821513366,-0.00666119717082265,0.005798755897988943,-0.001807719831543283,0.9999593666901159
1740166493.50696,1740166493.4930747,1,3,0.007895112727268245,-0.009416695173965506,-0.012838265475499698,-0.008373647499987586,0.008955322513086427,-0.0029550352958183815,0.9999204728340315
1740166493.5234551,1740166493.5098162,1,3,0.00716199873189583,-0.007593434404110318,-0.010436373162555381,-0.006724045280400936,0.011015590048118536,-0.0035950506526278383,0.9999102557738689
1740166493.5389998,1740166493.5265121,1,3,0.0054956677948736835,-0.004883813806513976,-0.0068730340703487625,-0.00491329666627411,0.013239456258430673,-0.005247955897952376,0.9998865111965174
1740166493.5578053,1740166493.543168,1,3,0.0051219927949915575,-0.004775613871651026,-0.0067314287361254855,-0.005100516607824912,0.013855943630330256,-0.006536016267651114,0.9998696305257979
1740166493.5748136,1740166493.5606081,1,3,0.003851847865039077,-0.0035393245255170886,-0.0051148598771099,-0.004424998222859846,0.011138127912065974,-0.005504933206765715,0.9999130248215248
1740166493.590576,1740166493.5766146,1,3,0.0024644809909303922,-0.0018849709915537986,-0.002947412429140774,-0.0031903377111172247,0.00712515073777803,-0.0030948134787398265,0.999964737429168
1740166493.607636,1740166493.5932484,1,3,0.0035589434710575595,-0.003529908437679229,-0.005108947300525156,-0.004329130694787798,0.005923735045998915,-0.0019507634402720951,0.9999711808409941
1740166493.62324,1740166493.610146,1,3,0.00534631202599841,-0.005807056434536978,-0.008097054454374778,-0.005979680328673498,0.007866714892965568,-0.002695704743470565,0.9999475443221487
1740166493.640183,1740166493.6266208,1,3,0.005481656786875175,-0.00551113342644549,-0.00770765257139545,-0.005608005428198023,0.009656056337538188,-0.003299550745818172,0.9999322096102312
1740166493.6571953,1740166493.6434875,1,3,0.004634389537796594,-0.004037876005940145,-0.005768971867004182,-0.004406179947541661,0.010925691060741155,-0.004210386740324978,0.9999217406860459
1740166493.6743734,1740166493.660066,1,3,0.004235376901383385,-0.003657754444283193,-0.005267971687852055,-0.004233347278750151,0.011302136992309116,-0.004888068661472839,0.9999152200336713
1740166493.690302,1740166493.6767337,1,3,0.0033802508828718277,-0.002733502565531427,-0.004060141002185025,-0.0039056189926543867,0.009666441057775463,-0.004213027335223102,0.9999367762304943
1740166493.7066047,1740166493.6935904,1,3,0.0032369440051401156,-0.002696882556361258,-0.004014357002638788,-0.0037192017153604593,0.007618843425842228,-0.0028439291681216106,0.9999600156157943
1740166493.7254043,1740166493.7101002,1,3,0.005121429690866368,-0.005374685720306545,-0.007524186356936361,-0.005263903304011954,0.007894920824928268,-0.002654899794342225,0.9999514553488364
1740166493.7409956,1740166493.727064,1,3,0.006360237758135571,-0.0067933558724890845,-0.009382793870008645,-0.006244209308643405,0.009717257241717162,-0.003256956312929701,0.999927985905677
1740166493.7574182,1740166493.7435257,1,3,0.005492063305196963,-0.005101320974873327,-0.007163242898718816,-0.00513466881899514,0.011321777266631023,-0.004147282703982933,0.999914122603445
1740166493.774127,1740166493.7601926,1,3,0.0049694407240939075,-0.004404302635609576,-0.006249235483829451,-0.004611205307150843,0.012695886692867133,-0.005397774891179336,0.9998942020398565
1740166493.7906234,1740166493.7770305,1,3,0.004563278904346221,-0.004349441928282668,-0.006178812668506428,-0.00459550116688569,0.012426781530462753,-0.006053108605665198,0.9998939025446786
1740166493.8073184,1740166493.79353,1,3,0.003154635073664831,-0.002844817092470901,-0.004205499142865626,-0.003848750639842232,0.009052854802383924,-0.0044896734345513875,0.9999415361764359
1740166493.8239934,1740166493.8104775,1,3,0.002185822650046931,-0.0016526308533109629,-0.0026483874721123604,-0.0031698489188777897,0.005477882166619061,-0.002135206694681143,0.9999776926297762
1740166493.8409762,1740166493.826971,1,3,0.005135367806091493,-0.0058917993187741794,-0.00821015047470829,-0.005890398690522615,0.006098703475092424,-0.001869869762820915,0.9999623055926957
1740166493.8574016,1740166493.84363,1,3,0.00792704020351682,-0.009432387130826787,-0.012850630276083278,-0.007953074216615917,0.009138023347557788,-0.0029906193404597675,0.9999221476373873
1740166493.8735461,1740166493.8604977,1,3,0.0076787873959668785,-0.008307684985204221,-0.011373419535636772,-0.007204557209536565,0.011325439535357461,-0.0036683964917077873,0.9999031811340162
1740166493.890534,1740166493.8767827,1,3,0.005820223027504966,-0.00521033150156548,-0.00730460712359051,-0.005115538402070366,0.013373338978074101,-0.005088335133743209,0.9998845402930286
1740166493.9065342,1740166493.8934522,1,3,0.005590417334679487,-0.0052491035916295385,-0.007356671121446225,-0.005238656407205589,0.014544755656509015,-0.006683387823354106,0.9998581593851912
1740166493.9244623,1740166493.910429,1,3,0.0046150759585156615,-0.004503642070376287,-0.006376225249572101,-0.0047809637047693445,0.012448618423989869,-0.006093307349792912,0.9998925171691848
1740166493.9402137,1740166493.9268124,1,3,0.0026821836357955827,-0.0021266102838350914,-0.003259633653770988,-0.0033536218759036844,0.008095485697323594,-0.0037305470340057005,0.9999546486468599
1740166493.9567268,1740166493.9436677,1,3,0.003000395947281321,-0.0027041296906548593,-0.00402892209649559,-0.0039024098597058303,0.005981159841847976,-0.0021025849407859823,0.9999722876464127
1740166493.9785576,1740166493.9602635,1,3,0.005447764731875862,-0.006067180176907266,-0.008446297046557456,-0.006015782621238686,0.007306526814107193,-0.002402183115586818,0.9999523261344252
1740166493.9920592,1740166493.9768634,1,3,0.006252508454144484,-0.006740737262611776,-0.009324822454460136,-0.006254620383915966,0.009563019236925412,-0.003332014273528641,0.9999291605247885
1740166494.007494,1740166493.9937594,1,3,0.005075058864721555,-0.0046103417743226785,-0.0065255382371893385,-0.0048516892079009805,0.010864188797353333,-0.003969765467380037,0.9999213326435932
1740166494.024171,1740166494.0102322,1,3,0.004426103289098481,-0.003746884835812112,-0.005389325698074059,-0.004513102871371014,0.011845840426035821,-0.005030543821254224,0.99990699647314
1740166494.0406632,1740166494.0269098,1,3,0.003863365738884918,-0.003302151152000153,-0.004806153598423467,-0.004135451853110062,0.010694524252172436,-0.004717783772650072,0.999923130898203
1740166494.0583568,1740166494.043665,1,3,0.0031733499934320287,-0.0025680889067225725,-0.0038467197058389578,-0.0035069550580827087,0.008246018522675952,-0.003309135494850789,0.9999543759927355
1740166494.074263,1740166494.0608454,1,3,0.003974518458330024,-0.003752013136842679,-0.005400972304396174,-0.004430337172540459,0.007555988038707602,-0.002657855950598435,0.9999581066019928
1740166494.0913255,1740166494.0773096,1,3,0.005590917513546323,-0.005873317695631093,-0.008190337041110577,-0.0061359502378728,0.00896534404855285,-0.0031005575536883013,0.9999361775951631
1740166494.1078742,1740166494.093748,1,3,0.005366210841562514,-0.005129928434514252,-0.0072117640565695935,-0.005480978842133192,0.010411529012071038,-0.0036437320408233198,0.9999241381981823
1740166494.1238103,1740166494.1103287,1,3,0.004763808684345038,-0.004164113842479311,-0.005938011498013387,-0.004536701816296796,0.01151117283008493,-0.004676638831779405,0.9999125163162741
1740166494.140742,1740166494.1271384,1,3,0.0042560575367817394,-0.0037838417416710002,-0.005437339253741849,-0.004522523061693224,0.011971003472987152,-0.0055719614889856404,0.9999025928090054
1740166494.157458,1740166494.1436703,1,3,0.0030650250043925812,-0.00253943121566354,-0.00381458625985814,-0.00407489347520968,0.009702689709737464,-0.004752601591222634,0.9999333306944405
1740166494.1737971,1740166494.160679,1,3,0.002113776771816951,-0.0014407232603048836,-0.002380370945507859,-0.0031786146124321117,0.006220112124910865,-0.002590489971399424,0.9999722476029058
1740166494.1909473,1740166494.1772459,1,3,0.004260122653098693,-0.004581753300212463,-0.006497443132815302,-0.005116982752900545,0.006079244502498824,-0.0020514046871696547,0.9999663249392926
1740166494.2076137,1740166494.1940024,1,3,0.007064702308575069,-0.008264198283912066,-0.011321142394487494,-0.007609866981342994,0.008289416004697776,-0.0026629724197802193,0.9999331398072168
1740166494.2244797,1740166494.2107136,1,3,0.007110207880383338,-0.007634064551260305,-0.010492113405570373,-0.007221619849097758,0.010906689730153421,-0.0036850711046869157,0.999907652024345
1740166494.2404022,1740166494.227107,1,3,0.005562888297973365,-0.0049502846521304895,-0.006969810492113756,-0.005136403624012808,0.012687619187278624,-0.004815277115544632,0.9998947218499906
1740166494.2575474,1740166494.2437248,1,3,0.005338713544667562,-0.004934259836776058,-0.006947066474279668,-0.005006210711767713,0.014007482746808233,-0.006381302521692302,0.9998689950486184
1740166494.2745411,1740166494.2607007,1,3,0.004377354214950337,-0.004195440560292496,-0.005980290164702002,-0.004899862916952637,0.012473396042170161,-0.006269363777797679,0.9998905444159334
1740166494.2951925,1740166494.277299,1,3,0.002378787109466252,-0.001781647263757277,-0.002821680342540315,-0.0035680817529014034,0.00826073122738677,-0.004021562451943036,0.9999514268941461
1740166494.3085775,1740166494.2944322,1,3,0.002371462066073511,-0.0019703728423715507,-0.003069135142144865,-0.00345565703414606,0.005138505553502781,-0.0018738497778123717,0.9999790712220678
1740166494.324637,1740166494.3105662,1,3,0.004951918204382726,-0.005572586316907875,-0.007796102487660494,-0.005633844591946244,0.006341989430309847,-0.0020487195194950777,0.9999619201317168
1740166494.3402197,1740166494.3272483,1,3,0.006332669149091296,-0.00705339996203695,-0.0097356259827691,-0.006719622916985618,0.008578953896938971,-0.0027830253816650712,0.999936749493493
1740166494.3571599,1740166494.3442116,1,3,0.005310532170818858,-0.005005749552645179,-0.007051282331759831,-0.005319849922797417,0.010572204174495937,-0.003733018652665172,0.9999229931686892
1740166494.3741784,1740166494.3606577,1,3,0.004553383438376042,-0.003837754946424066,-0.005519979518198079,-0.0044627720510722535,0.011906794632234886,-0.004872922454973613,0.999907278968382
1740166494.3905704,1740166494.3776066,1,3,0.004170242273736538,-0.003639842967367985,-0.005255695409621108,-0.004328970455479278,0.011561197698464065,-0.0051372317483455105,0.9999105997900695
1740166494.4091568,1740166494.393903,1,3,0.0031527352557037163,-0.0024965064275122425,-0.0037544072355763535,-0.0036823590782138296,0.00918618094918991,-0.003933436385840682,0.9999432895866577
1740166494.425859,1740166494.41056,1,3,0.003167739763863785,-0.0026502500532185856,-0.00396092398353523,-0.0038323217857136422,0.007175234685110818,-0.002642149113716347,0.9999634235135829
1740166494.4466581,1740166494.4275262,1,3,0.004745138072402543,-0.0048277773958640665,-0.00682356067616467,-0.005226186555903891,0.007727111097558125,-0.0025006583483335593,0.9999533616304281
1740166494.457568,1740166494.4439387,1,3,0.0053243271112626495,-0.005326606213022258,-0.007476969812493983,-0.0054069152300627536,0.009319204150128973,-0.0032266499860369746,0.999936751215581
1740166494.4744732,1740166494.4607513,1,3,0.0044813084612781995,-0.00386318925628083,-0.005551914877808664,-0.004494763731124439,0.010525449151700386,-0.004060572570474965,0.9999262591659228
1740166494.4911435,1740166494.477398,1,3,0.003942056863599952,-0.0032728926425590983,-0.004775232301738425,-0.0043690443465381245,0.011477229733575386,-0.0051801873063718,0.9999111712090288
1740166494.5080898,1740166494.4941652,1,3,0.0032371592086778245,-0.002706614644624971,-0.004032878100102104,-0.004004539234436221,0.009979413432514388,-0.004764738965718631,0.999930833725839
1740166494.525389,1740166494.5110059,1,3,0.002261132334132912,-0.0016108686619428943,-0.0025964867248203446,-0.003190141707580284,0.006783203340053046,-0.0029819144690357165,0.9999674591377623
1740166494.5407836,1740166494.5274067,1,3,0.003369753680916935,-0.003280811823807925,-0.004788508975940501,-0.004331455989019588,0.005779784643707367,-0.001946684899011626,0.9999720211067865
1740166494.5572667,1740166494.5440366,1,3,0.006192862622798241,-0.007122837239300194,-0.009832107150969728,-0.00707164981724308,0.007312222495894825,-0.002319814116905642,0.9999455693353994
1740166494.5748792,1740166494.5611966,1,3,0.006872307296643687,-0.007507638609534436,-0.010334875918437828,-0.0071394336329876846,0.010084501354709768,-0.0033912782028483472,0.9999179119067615
1740166494.5912414,1740166494.577622,1,3,0.005553016000012654,-0.005115619966664462,-0.007187426500533567,-0.005211678834286207,0.011642836242092497,-0.00430618210816416,0.9999093656745193
1740166494.6120937,1740166494.5944483,1,3,0.004923975035883769,-0.004354850160120441,-0.006184607412449708,-0.004879912007153971,0.013363564947807622,-0.005941793644638794,0.9998811412757881
1740166494.6239696,1740166494.6109896,1,3,0.004161366564192233,-0.0038505660299762608,-0.005529222574553435,-0.004905682850166628,0.012486088758453116,-0.006223579000471428,0.9998906434844336
1740166494.641184,1740166494.627678,1,3,0.0024972465026050243,-0.0019700431899252876,-0.0030688177470292225,-0.0036642636039506365,0.00851380184389674,-0.004304717614660148,0.9999477775147368
1740166494.6575968,1740166494.6444516,1,3,0.001984917657469618,-0.0014565225310995047,-0.0023975137013327453,-0.003099689189671819,0.004958067754651524,-0.0019430004095812453,0.9999810169400598
1740166494.6745942,1740166494.6609914,1,3,0.00473615540764548,-0.005399530542716165,-0.007566998312383902,-0.005828919767112099,0.005658560864082796,-0.00177820696545321,0.9999654205837739
1740166494.6920776,1740166494.6779292,1,3,0.006333887389261368,-0.007190409672796059,-0.009916528352210595,-0.00711910715558456,0.008407857517071805,-0.0028909403564744956,0.9999351322506552
1740166494.707676,1740166494.6943932,1,3,0.005764157751113339,-0.005756837895704615,-0.00803272912554336,-0.005855731923453083,0.010228396683810644,-0.0035466119152038947,0.9999242530556213
1740166494.7244847,1740166494.710935,1,3,0.004730434674818417,-0.004072679839371315,-0.0058182474304520745,-0.004476187221768918,0.011673283401748268,-0.004685603512397171,0.9999108676888669
1740166494.742477,1740166494.727876,1,3,0.004260841614329668,-0.003718802268657636,-0.005356802365956335,-0.004496849758728457,0.01212010402825605,-0.00550529189622629,0.999901281718215
1740166494.7580862,1740166494.7443616,1,3,0.0031976878945032686,-0.0026067267470915763,-0.00390510330911586,-0.004028808173713716,0.009753637069753808,-0.004578506316799903,0.9999338340852949
1740166494.774975,1740166494.761215,1,3,0.0024999598819046877,-0.0018304148106829603,-0.002888496242612846,-0.0033611082573087774,0.006865298475811692,-0.0027119130001842353,0.999967107537043
1740166494.7909155,1740166494.7777078,1,3,0.003915011806300078,-0.0038850973753358433,-0.005584487406473685,-0.0045352545580329045,0.0065397385891617,-0.0021940255146467398,0.9999659241880797
1740166494.8072228,1740166494.7942958,1,3,0.005159198045335783,-0.0053983133962308095,-0.007566112633819726,-0.005633367536871491,0.007899708305534383,-0.002584981993519413,0.9999495875527802
1740166494.824256,1740166494.8112478,1,3,0.004418982772928995,-0.00393019605330228,-0.005640221048052646,-0.004699835985644725,0.009605507029845096,-0.003467678579769682,0.9999368084942544
1740166494.8409176,1740166494.827584,1,3,0.003982646275332351,-0.00329843643135562,-0.00481025382353466,-0.004112919461752008,0.010637704624913515,-0.004424185988086228,0.999925172056468
1740166494.8583302,1740166494.8442698,1,3,0.0036345488955609566,-0.0031333357523318016,-0.004592617909076513,-0.0038415326116006078,0.010109406661095064,-0.004599304140092865,0.9999309420782926
1740166494.8756948,1740166494.8610556,1,3,0.0027138306731654105,-0.002101894291913753,-0.003237080478567737,-0.0034159281761360146,0.007856665863390653,-0.0034905406551255327,0.9999572092655472
1740166494.8910167,1740166494.8777325,1,3,0.0031151029088321747,-0.0027896729903752098,-0.004142761343583061,-0.003964219043783804,0.00611604644135506,-0.002093888704876374,0.9999712468733246
1740166494.9126475,1740166494.8945875,1,3,0.005670380452274109,-0.006360516390153316,-0.008829921685739438,-0.006186824436527383,0.007179043853341447,-0.00228585529541793,0.9999524785700127
1740166494.9260623,1740166494.9111185,1,3,0.006824206267609931,-0.007545473991042124,-0.01038150371183215,-0.006718295753400773,0.009468723455468345,-0.0030608052848809754,0.9999279170266734
1740166494.9421453,1740166494.9279125,1,3,0.005557912240182964,-0.005188054451878101,-0.007281697453925253,-0.005219538038231114,0.011415990084865834,-0.004125120375214679,0.9999127036771458
1740166494.9578798,1740166494.9448345,1,3,0.0048660335084907275,-0.004234520341165001,-0.006028125499786798,-0.004676073940967211,0.01300975792972069,-0.005714134283653338,0.9998881083403769
1740166494.9754999,1740166494.9611454,1,3,0.004347924236654228,-0.004030877889996929,-0.005758621715621696,-0.004667194627879143,0.012664279038702458,-0.006303216216670051,0.9998890452425515
1740166494.9919124,1740166494.978079,1,3,0.0028623467402018894,-0.0024243855953951995,-0.0036557821409806887,-0.0037238395809483845,0.009235500704541093,-0.004657486252691998,0.9999395713578485
1740166495.008596,1740166494.9946651,1,3,0.0019416622339500362,-0.001348265168131369,-0.002248226272208379,-0.002982352491108192,0.005406726338157971,-0.002182156171856745,0.999978555309245
1740166495.0257494,1740166495.01112,1,3,0.004204876978203799,-0.00458973715114311,-0.006503104933572008,-0.005032167147388356,0.005339289405665954,-0.0015491686388731376,0.9999718842842391
1740166495.0421097,1740166495.0280454,1,3,0.006775672430995539,-0.007912906044674395,-0.010863987919227441,-0.00738066480475408,0.007911258452901516,-0.0024540716796680245,0.9999384557606145
1740166495.0579202,1740166495.0445123,1,3,0.00656073232828906,-0.006951291874742459,-0.009592770144767435,-0.006569569316042007,0.01037803963179536,-0.003571615377345121,0.9999181869613127
1740166495.0763988,1740166495.0623605,1,3,0.005089119000856353,-0.004455082426019562,-0.006314323525661729,-0.004698378438324619,0.011993705306021892,-0.004643247023744319,0.9999062538709111
1740166495.092059,1740166495.078307,1,3,0.004614296206363566,-0.004025358601133367,-0.005749671911686976,-0.004550355419607197,0.012901112640046546,-0.005806564900867353,0.999889563583027
1740166495.1087952,1740166495.0947065,1,3,0.003722358756998194,-0.00321014400447726,-0.004682345095157534,-0.004171307159698738,0.011097298742060134,-0.0052583238825609484,0.999915896556883
1740166495.1259208,1740166495.1115277,1,3,0.00266841139120852,-0.0019942138139340763,-0.0030878913517325933,-0.0032588013052556324,0.007833664644200291,-0.003326741776437447,0.9999584724884569
1740166495.1427443,1740166495.1281576,1,3,0.0035871412128078146,-0.003397388767137883,-0.00493304137401969,-0.0042281582543249215,0.006659851448393011,-0.0022531754505464817,0.9999663455621147
1740166495.159152,1740166495.144813,1,3,0.005278443284534172,-0.0056353716371583635,-0.00786861321556686,-0.005718426372478817,0.007796476204379678,-0.002554489050313932,0.9999499933218206
1740166495.17476,1740166495.1617703,1,3,0.00522187135810014,-0.005135497376321663,-0.0072107297707271695,-0.005278292204470026,0.009476381640532761,-0.0032713914020640945,0.9999358158505484
1740166495.1924198,1740166495.1783252,1,3,0.004376598691182072,-0.00372305545970208,-0.005355237869234598,-0.004246538329065616,0.010649371113011038,-0.004189070234940234,0.999925501973864
1740166495.2078373,1740166495.1948514,1,3,0.00386423903573876,-0.0031918422198205405,-0.004660408460748435,-0.004015039166428705,0.011248893981612575,-0.005023079738500258,0.9999160517336559
1740166495.2259345,1740166495.211444,1,3,0.0030214254102133827,-0.0023093213010374784,-0.0035038411617129106,-0.003544688566105531,0.009476505478626223,-0.004194146091410158,0.9999400182838203
1740166495.2423518,1740166495.228054,1,3,0.002897420790132605,-0.0023313267698005158,-0.003533363299743726,-0.0035334916610952807,0.007049590367937004,-0.0026946783194219427,0.9999652776077178
1740166495.2590234,1740166495.2449808,1,3,0.004868803175249586,-0.005180442109883492,-0.007269359943851402,-0.005365335480123625,0.006880445920987779,-0.0020469761596284696,0.9999598404574636
1740166495.2760684,1740166495.2615302,1,3,0.006100562025066511,-0.006576356566672165,-0.009102366399709367,-0.006270362835889093,0.009149139672647365,-0.003056483471516466,0.9999338146607228
1740166495.2920644,1740166495.2781818,1,3,0.0057972645671094504,-0.00569455677865414,-0.007940384687256812,-0.005570139933206577,0.010644539973024744,-0.0036714494452968495,0.9999210907710957
1740166495.3083596,1740166495.2949274,1,3,0.004809648517981642,-0.004147019663550047,-0.005905816670099588,-0.004526097165468012,0.012309358766650305,-0.0050819245479338335,0.999901079194383
1740166495.3257632,1740166495.3114102,1,3,0.004318650458357446,-0.0038342330956111117,-0.005498034201971616,-0.004441201906041011,0.012558247001564184,-0.005939313894081302,0.9998936396979157
1740166495.3424907,1740166495.3284554,1,3,0.003216227347579439,-0.0027593569015559745,-0.004087991246420202,-0.003859365681026693,0.010026620473298132,-0.004923559104013429,0.999930162933479
1740166495.3588643,1740166495.3450348,1,3,0.0021900053359477528,-0.0015446462229743874,-0.0025014854962523143,-0.0030391205684343224,0.006380794766642345,-0.0025729787542001087,0.9999717140922773
1740166495.3758671,1740166495.361726,1,3,0.004263987567985648,-0.004590272729371057,-0.006499235165790107,-0.005064683491722373,0.005902882852537489,-0.0018370756251560932,0.999968064544216
1740166495.3924708,1740166495.378326,1,3,0.007077356087632623,-0.008331369162354742,-0.01140750869626281,-0.007626459309143122,0.007854211416344556,-0.0022904551231944527,0.9999374491920792
1740166495.4086673,1740166495.3949473,1,3,0.0070821006798394625,-0.007669280636172435,-0.010535239545316733,-0.007020013129175219,0.010227444518956618,-0.003301131618988724,0.9999176072678749
1740166495.4250178,1740166495.411762,1,3,0.005396090592942218,-0.004783120464545733,-0.006742721114265139,-0.004924209011194701,0.012378556491907392,-0.004629173199541309,0.9999005421842112
1740166495.4424284,1740166495.4284635,1,3,0.004978445998459763,-0.004401347160534222,-0.0062359174354734495,-0.004715949558736141,0.013714166350376436,-0.006086828742366337,0.9998763083386538
1740166495.458332,1740166495.444927,1,3,0.004094563851179391,-0.0036461294502721287,-0.0052493357743998974,-0.004430190098015552,0.01235912027180297,-0.005997029599210571,0.999895825172697
1740166495.4758484,1740166495.4620152,1,3,0.002796791889480822,-0.0021797495699564223,-0.003328069988637395,-0.003466451263095359,0.00861691894738048,-0.003929356942273457,0.9999491449956418
1740166495.4919207,1740166495.4783716,1,3,0.003019232305495197,-0.0026518701853041693,-0.003953684539660421,-0.003695900115302622,0.006246811421535403,-0.002225414498960885,0.9999711821846214
1740166495.5131056,1740166495.4952548,1,3,0.004976398305431796,-0.0053511688717408495,-0.007497359985400172,-0.005519350703497529,0.006744850193517459,-0.0020162889692948486,0.9999599883707703
1740166495.5275736,1740166495.5118077,1,3,0.005529418676229527,-0.005729522081745783,-0.007991049499316042,-0.005713794631358752,0.008821015577214984,-0.003004492493447461,0.999940255845295
1740166495.5419507,1740166495.5283415,1,3,0.0046728223137743,-0.004152106250554913,-0.00591745169906856,-0.004530326691925875,0.010378345352722897,-0.0038117535665155807,0.9999286157634215
1740166495.5582333,1740166495.5452945,1,3,0.004068864283967926,-0.0033471796444174344,-0.004858542391062381,-0.0040428163004068264,0.011329035530039716,-0.004852153936419318,0.9999158790580824
1740166495.5759685,1740166495.5622215,1,3,0.00352615303386253,-0.0028916553539775403,-0.0042625333252697874,-0.00389079487120221,0.010380127776377786,-0.004731453277145539,0.9999273613680658
1740166495.5913756,1740166495.578704,1,3,0.0028938433431540313,-0.0022207069242770328,-0.0033876772118154263,-0.0034500987901056705,0.007905737283559457,-0.0031864794110117237,0.9999577203488681
1740166495.6094692,1740166495.595502,1,3,0.003920250466462961,-0.0037587340949461023,-0.0054068795642758394,-0.004435853797621781,0.007139547284440817,-0.0023642920222485954,0.9999618793678552
1740166495.6255853,1740166495.6120043,1,3,0.005569032211409175,-0.005924214352659792,-0.00824937716710342,-0.005882057857288546,0.008272461063388995,-0.0026309752902908255,0.9999450213648449
1740166495.6416898,1740166495.6288807,1,3,0.005578696745217276,-0.0055243019997839645,-0.007720234113716729,-0.005529603905170864,0.0100036488135441,-0.0035160979879507673,0.99992849121625
1740166495.6591485,1740166495.6453178,1,3,0.0046656977129792675,-0.0040105563353425395,-0.005732643007541092,-0.004445599152382481,0.011386887017368766,-0.004471715261886917,0.9999152860191941
1740166495.675683,1740166495.6620467,1,3,0.004143230976773074,-0.003537813612998319,-0.005107920280437997,-0.00422539099982172,0.012293644483661293,-0.005734483664508415,0.9998990589421062
1740166495.6926498,1740166495.6786644,1,3,0.0032521181575591055,-0.0027475286995972833,-0.004077557906279013,-0.0038790883640516752,0.010468706998988888,-0.0052087485539871765,0.9999241110132981
1740166495.7095711,1740166495.6953363,1,3,0.0021013589664313033,-0.0014060797891902363,-0.002324813834996634,-0.0030531397110330617,0.0068756657291180485,-0.0030586558522496285,0.9999670235478088
1740166495.7262652,1740166495.7122805,1,3,0.0035375441662044943,-0.003603594967503679,-0.005208432144624241,-0.004499806236828892,0.0051690735636354184,-0.0015770267013504868,0.9999752723988269
1740166495.7421618,1740166495.7287755,1,3,0.006135580664763385,-0.0071213687222663824,-0.00981968415892496,-0.006756663840263123,0.006788360275902391,-0.0018908579405922906,0.9999523440218353
1740166495.7588246,1740166495.745513,1,3,0.0068463461597308185,-0.0075916872254188006,-0.010436284552241777,-0.007008387641911516,0.009178511920360167,-0.002903319860619807,0.9999291015643937
1740166495.7761421,1740166495.7624142,1,3,0.005199833081435736,-0.004705997856292713,-0.006644565895346766,-0.0049166701703344156,0.011337731632807596,-0.004166335768441567,0.9999149583050166
1740166495.7927773,1740166495.7790515,1,3,0.004575180122122133,-0.0039221279322959645,-0.005614513294831205,-0.0044491161099739895,0.012823920354168891,-0.005696777768298144,0.9998916437072811
1740166495.809624,1740166495.7956567,1,3,0.003822668736168099,-0.003329712894704767,-0.004840326302119076,-0.004190667523749263,0.012079508002406295,-0.005924507310593864,0.9999007070730833
1740166495.8262136,1740166495.8123114,1,3,0.002550612547556739,-0.0019524664431391742,-0.003034744823184061,-0.0033957088865162965,0.008562454959173233,-0.004140354017382514,0.9999490041971346
1740166495.8427958,1740166495.8288531,1,3,0.002417221967565091,-0.001945664216464402,-0.0030310791844689712,-0.0033697356228987478,0.0056357409073562285,-0.0021090278337091983,0.9999762173711201
1740166495.8597758,1740166495.8457873,1,3,0.0045128423313557185,-0.004898640619044392,-0.0069076487267490366,-0.005285979815024263,0.0059870709326226125,-0.0017799264015257864,0.9999665220701381
1740166495.8760138,1740166495.862095,1,3,0.005865304232555785,-0.0064540993657289355,-0.008947015861839751,-0.006280283820202635,0.007696612457910155,-0.0022911028989256194,0.9999480341694347
1740166495.892401,1740166495.8789017,1,3,0.004951264242347486,-0.004658862035307287,-0.006588250777867239,-0.00498693837179794,0.009719518921707483,-0.00346133767466794,0.9999343381138126
1740166495.9098794,1740166495.8957133,1,3,0.004110478591296818,-0.0033702500161427577,-0.004895845126197702,-0.0041247083472885915,0.011145034225096532,-0.004623209986362254,0.9999186971562204
1740166495.9260292,1740166495.9123151,1,3,0.003594840629934654,-0.002939693391314797,-0.004327932163443113,-0.0039369204755724686,0.01094788555789885,-0.005045448283365928,0.9999195907224742
1740166495.9432564,1740166495.9292948,1,3,0.002797301648437858,-0.0021164549075309074,-0.0032479872898358367,-0.003396141110221321,0.008587223533090825,-0.003804640988943619,0.999950124018442
1740166495.959108,1740166495.9456885,1,3,0.002949258801633546,-0.002478225722988409,-0.003728356735571544,-0.0036522435151138924,0.006638859714962146,-0.0024051781679122635,0.9999684003892183
1740166495.9760163,1740166495.9623282,1,3,0.004421028284626756,-0.00450178472591009,-0.006386529434202342,-0.0049640946221960825,0.006891497401170713,-0.0021766959033554943,0.9999615627728378
1740166495.9932365,1740166495.9792063,1,3,0.004978848677542134,-0.004962939465062462,-0.006994621130917256,-0.005305096482545933,0.008721160024364311,-0.0030440794952021686,0.9999432638400876
1740166496.0092683,1740166495.9958165,1,3,0.00434237582905272,-0.0037749538844751825,-0.005430125251697876,-0.004413704771165337,0.009893347298344457,-0.0037151814569807754,0.9999344170075202
1740166496.0266988,1740166496.0126333,1,3,0.0037083880287599527,-0.002966727376168857,-0.0043649844297674574,-0.0038986539244924056,0.011126897311711835,-0.004931147892484329,0.9999183348825313
1740166496.042771,1740166496.0290449,1,3,0.0030937417127259556,-0.002487925482597997,-0.003738988910637359,-0.0037112676752086376,0.010098818692827942,-0.004907568640310447,0.9999300756169368
1740166496.0641851,1740166496.0457227,1,3,0.0021377120081729237,-0.0014336777212621164,-0.002358084302954367,-0.003058019944637403,0.007240349777606788,-0.003265410801134012,0.9999637808147932
1740166496.0790477,1740166496.0633926,1,3,0.0029886148092538086,-0.0027900724930520647,-0.004141005133758506,-0.003854382624350091,0.005241960017681524,-0.0017401882690540836,0.999977318410046
1740166496.0927527,1740166496.079103,1,3,0.005492849310754707,-0.0062357474585146054,-0.008663228450387852,-0.006222022271290582,0.006532541953576172,-0.0018353316580688186,0.9999576210481048
1740166496.109442,1740166496.0958374,1,3,0.006597906184593361,-0.007327269416720945,-0.010090802028487129,-0.006842271484941437,0.008873784699161544,-0.0027669674234397862,0.9999333893601697
1740166496.1257558,1740166496.112425,1,3,0.005483037697828707,-0.005206020922735165,-0.0073023130882195085,-0.005241980395061357,0.010673447804685019,-0.0037480513165702714,0.9999222726116399
1740166496.1421907,1740166496.129251,1,3,0.004552336793498549,-0.0038537673243441237,-0.005525098514149286,-0.004369817165874289,0.012497705113335452,-0.005380883838767624,0.9998978738621013
1740166496.1603193,1740166496.146055,1,3,0.0039714860549187325,-0.0034852761952613343,-0.005041672295378595,-0.004259105934694194,0.012245106540519371,-0.006015177441679241,0.9998978622953414
1740166496.1760592,1740166496.1623845,1,3,0.0026182733587126264,-0.0020034383398151406,-0.0031041705242745455,-0.0034398878528077827,0.009238318153005975,-0.00459221584474348,0.9999408643529373
1740166496.1931632,1740166496.1790807,1,3,0.002089185521656538,-0.0014879984470386747,-0.002430843793648008,-0.0030506881420545627,0.0056757897766792475,-0.002275933596909818,0.9999766491466354
1740166496.2098703,1740166496.195952,1,3,0.0040882989829023105,-0.004360800760489216,-0.0062017303560498015,-0.004960442705673676,0.005433591439552831,-0.0015596777690837832,0.9999717183488184
1740166496.2263455,1740166496.2125366,1,3,0.0061453028093228015,-0.007016311276696117,-0.009682413039817232,-0.006699566764843732,0.007092969298350474,-0.001990548045173366,0.9999504204260209
1740166496.2449234,1740166496.2294304,1,3,0.005501839644182317,-0.005533096233542942,-0.0077322405759323,-0.005568386562181578,0.009473610606895114,-0.0031391443241843278,0.9999346926405119
1740166496.2620625,1740166496.2460284,1,3,0.004416758970882972,-0.003739982717293126,-0.005377419043555511,-0.004300297539489619,0.01106726818261192,-0.004389571095253174,0.9999198741307453
1740166496.2764843,1740166496.2627397,1,3,0.003875053481075753,-0.003189872961818812,-0.004656414105536104,-0.0040245092584600675,0.0114649389959132,-0.0051777274236718,0.9999127710144393
1740166496.292241,1740166496.2793403,1,3,0.0030840236205143083,-0.0023990704100095425,-0.0036209515862965966,-0.0035976358651889392,0.009585792587432602,-0.00437682864022658,0.999938004562136
1740166496.309331,1740166496.2958593,1,3,0.0027681034913445072,-0.0021388786795080356,-0.0032814437419161494,-0.003386848734708494,0.007138038092642196,-0.0027923911624671313,0.9999648894933422
1740166496.3267705,1740166496.3130167,1,3,0.004264846016790976,-0.004294464316792904,-0.006112115042501413,-0.004835894215872834,0.0070345388830961525,-0.0023068143373774566,0.9999609032344454
1740166496.3429675,1740166496.329392,1,3,0.005567912835273612,-0.005894725512319917,-0.008211124491769185,-0.0059175983528652895,0.008260259565007816,-0.0026000013926345544,0.9999449935543511
1740166496.3599699,1740166496.3461251,1,3,0.005018650360729343,-0.004714927734302767,-0.006660616011980254,-0.004987252283751867,0.009841019808601371,-0.003441631117550679,0.9999332161794785
1740166496.3762517,1740166496.362954,1,3,0.004192370387308071,-0.0034502612172182465,-0.004997873966031495,-0.0041058080210779856,0.011216846033490149,-0.004643391861566872,0.9999178784368118
1740166496.3926961,1740166496.3795316,1,3,0.0036444364105291402,-0.0029587639269180255,-0.004351619467263321,-0.0038910170757796543,0.011210759791006684,-0.005187273119391229,0.9999161320073845
1740166496.4097848,1740166496.3960834,1,3,0.0027934274879316563,-0.0020692610152092845,-0.0031858856317442613,-0.0033976301289202135,0.00905912236390485,-0.004101277317262435,0.9999447824434456
1740166496.42645,1740166496.4127393,1,3,0.002889469694072326,-0.0023770230925997944,-0.0035940103789627587,-0.0035770781093276403,0.006692254255401157,-0.002414821631649912,0.9999682929381651
1740166496.4429424,1740166496.4292846,1,3,0.00527364458185711,-0.00580005933136188,-0.00808360225816542,-0.00579897608261495,0.007108200292344722,-0.002245107651874846,0.9999554014337982
1740166496.460783,1740166496.4462,1,3,0.006507815295227838,-0.0071561265880870075,-0.009863402467105977,-0.006698624569048628,0.008976363331276266,-0.002799988304658056,0.9999333544770479
1740166496.4762716,1740166496.4629252,1,3,0.005896562325273819,-0.005789396319065476,-0.008069724103499962,-0.0056904921793245085,0.010632068186727888,-0.003617248804239081,0.9999207433271489
1740166496.4931653,1740166496.4795225,1,3,0.004823973372187764,-0.00412724493705398,-0.005883727536732537,-0.004538121871538392,0.012544754957408939,-0.005210881506338318,0.999897435383682
1740166496.5095365,1740166496.4960558,1,3,0.0042964832593954064,-0.0037539407268969206,-0.005389385305065443,-0.004345047596112795,0.012779772325635359,-0.006081871543093086,0.9998903984033579
1740166496.5266204,1740166496.512783,1,3,0.003147171627503349,-0.0025641367877276286,-0.003833348702488939,-0.0037406280315899244,0.010276291501966833,-0.004966551459308086,0.9999278668491534
1740166496.5458071,1740166496.529711,1,3,0.0024304368916281374,-0.0017978967766399865,-0.002830909932682666,-0.003209784484950965,0.006750977293454802,-0.0027265335728124816,0.9999683433008366
1740166496.559954,1740166496.546274,1,3,0.004242557851804054,-0.004448150035125945,-0.006310762031174255,-0.004940553937784157,0.006164426614279711,-0.0019130626408268296,0.9999669649356608
1740166496.5771344,1740166496.563223,1,3,0.006592842628898289,-0.007554713856619319,-0.010388571891536738,-0.006970481876562409,0.00788873569630271,-0.0024124655717194144,0.9999416784199905
1740166496.5932946,1740166496.5796955,1,3,0.006299308967125477,-0.006548416784075054,-0.009064774165804184,-0.0062233788092299356,0.010251784316016851,-0.003472282512516448,0.9999220538265411
1740166496.6101432,1740166496.5961342,1,3,0.0051297588910670724,-0.004541723585739446,-0.0064293599661907576,-0.004837151198706692,0.011801806522321113,-0.004537754386003783,0.9999083598591538
1740166496.6272347,1740166496.613191,1,3,0.00456358731004045,-0.0039205948861342176,-0.005607249124254586,-0.004396786536198146,0.012779251264437937,-0.005696211671151335,0.9998924503054681
1740166496.6427956,1740166496.6297162,1,3,0.0037781766308988417,-0.003200305287045791,-0.0046651659920926075,-0.004061825161685357,0.011218405888763843,-0.005260765726530166,0.9999149830308781
1740166496.6595316,1740166496.6464581,1,3,0.002847745721062059,-0.0021392829478915393,-0.003278561843992777,-0.0034008256495615358,0.008288503475785183,-0.003520599205978055,0.999953669164859
1740166496.6765785,1740166496.6631234,1,3,0.0036687481099257967,-0.003410148623128315,-0.00495021549314008,-0.004185014865390904,0.0070012387997905505,-0.002351464748229937,0.9999639688105679
1740166496.6930504,1740166496.6795235,1,3,0.005204866796581595,-0.005452565476812473,-0.007631989928015664,-0.005559583755962518,0.007854660192751864,-0.0024934889898624224,0.9999505877063998
1740166496.7097182,1740166496.6962945,1,3,0.005291147858667109,-0.005219322063032718,-0.007320712223143141,-0.005367153784130756,0.009414235812497472,-0.0032525233918096873,0.9999359914094051
1740166496.7271388,1740166496.7130349,1,3,0.004444207200549674,-0.0038085203756028953,-0.0054651830065553745,-0.004336988822371502,0.010810760278851042,-0.004226109864278802,0.9999232260456614
1740166496.7440329,1740166496.7296927,1,3,0.003913928320015274,-0.003231904885275561,-0.0047091218877150474,-0.003995048670597754,0.011273271149529536,-0.004995161856010242,0.9999159971226288
1740166496.7598693,1740166496.746641,1,3,0.0031179640888910312,-0.002411749947780443,-0.0036354154746866705,-0.0035675994187133447,0.009785556946856651,-0.004461155520326198,0.999935804539997
1740166496.7765198,1740166496.763139,1,3,0.002827535852199442,-0.002203776041109893,-0.0033669756769767983,-0.0034555982934308996,0.0073178930196473166,-0.0028277771321564274,0.9999632548042345
1740166496.7952833,1740166496.779985,1,3,0.004329509679680229,-0.004372149179769304,-0.0062120268244290336,-0.004864190952132874,0.0070490416906310695,-0.0022672171254421,0.9999607544219578
1740166496.8137536,1740166496.7964578,1,3,0.006045722994637419,-0.006574455415204434,-0.009099851319986505,-0.006307620291658737,0.008561219582365873,-0.0027620337161219964,0.9999396434861805
1740166496.827755,1740166496.813157,1,3,0.005859559445733838,-0.005853265438695654,-0.008150086932623748,-0.005727199705607758,0.010208105347316676,-0.003412012617230807,0.999925673207089
1740166496.843054,1740166496.8300424,1,3,0.004748812056848431,-0.004048258588696805,-0.005777684646709879,-0.004493439247865522,0.01193878604519601,-0.004788245432498557,0.9999071692398105
1740166496.8600943,1740166496.8464315,1,3,0.004252679029160965,-0.0036348821488533544,-0.005236586149291547,-0.0042811206421320925,0.012570741620022276,-0.0058463866722918804,0.9998947285709872
1740166496.8775616,1740166496.8631382,1,3,0.0032592995976833015,-0.0026774179937377103,-0.003982992568582288,-0.003820831818954306,0.0107495471325854,-0.005268649076444202,0.9999210417915831
