System Time (s),ROS Header Time (s),Camera Number,Fiducial ID,Position X,Position Y,Position Z,Rotation X,Rotation Y,Rotation Z,Rotation W
1740163410.097527,1740163410.0861359,2,3,0.00011150171873689261,-5.63445299078419e-06,-0.00013066765648494402,8.230308389523431e-05,8.648113889021568e-05,-3.141924848891984e-05,0.9999999923800228
1740163410.115173,1740163410.1031473,2,3,0.0001724911405034105,-9.169198149721333e-06,-0.00020734342673602444,3.692308118156043e-06,3.652662992160097e-05,-5.9228583314350126e-05,0.9999999975720736
1740163410.1309142,1740163410.1195245,2,3,0.0001779011641599775,-5.078636512630556e-06,-0.00020851631234315566,-1.862413909400363e-05,5.042646312272474e-05,-2.917893379665845e-05,0.9999999981294516
1740163410.147589,1740163410.1363308,2,3,0.00011419705941571092,-6.4724168071140595e-06,-0.00014191890268371577,-0.0002741123066083258,-8.74024143595859e-05,-3.676987828026706e-05,0.9999999579356178
1740163410.1643426,1740163410.1531014,2,3,0.00017328445825658668,-8.108664859679799e-06,-0.0002052644477211609,-8.866615955155547e-05,6.351675310178005e-05,-0.00011015481313837745,0.9999999879849256
1740163410.1811054,1740163410.1695051,2,3,0.00013393300208671454,-6.721871306303067e-06,-0.00015895737576791097,2.887515729773513e-05,0.0001027210065980572,-4.8182322216263423e-05,0.999999993146542
1740163410.1980224,1740163410.1865485,2,3,0.00010848393917087459,-9.294684544156031e-06,-0.0001326426574278842,-0.0002611587122485866,-7.447399203083598e-05,-2.940200077842663e-05,0.9999999626926362
1740163410.2142155,1740163410.2030556,2,3,0.0001285899272438819,-9.876172271593124e-06,-0.00015979809822174934,-0.0003004529044029939,-4.92632958953365e-05,-7.422901734033916e-05,0.9999999508956152
1740163410.2306185,1740163410.2197082,2,3,9.236189352307324e-05,-1.0630828140806956e-05,-0.00011398646818205388,-0.0003878616605642102,-8.420912261272331e-05,-6.307267326034321e-05,0.9999999192469936
1740163410.248097,1740163410.2365346,2,3,0.00011853757750490657,-1.0190396707098384e-05,-0.0001463796081062044,-0.00022817820562084776,-8.879393125134653e-05,-2.6217517837857176e-05,0.9999999696814926
1740163410.26435,1740163410.2530787,2,3,0.0001519264213710463,-9.91446667387116e-06,-0.00018202215029715122,-0.00032070240149293,-0.00015976381598307757,-5.207187147480885e-05,0.9999999344570043
1740163410.280731,1740163410.2697055,2,3,9.994610659943606e-05,-1.0391579872457258e-05,-0.00011749775470180033,6.0180416300079725e-05,0.00011663021969275524,-5.942263266222852e-05,0.9999999896223299
1740163410.2984135,1740163410.2867894,2,3,0.00011435250266899907,-1.3501183972516632e-05,-0.00013801830145499522,-0.0002666836870712663,-0.00011890823892755443,-3.170804767640539e-05,0.9999999568676198
1740163410.314364,1740163410.3033376,2,3,0.00015576005883684508,-1.003732470965642e-05,-0.0001819393101514992,4.855021274764249e-05,6.937826521152636e-05,-7.008093762625042e-05,0.9999999939590977
1740163410.3310652,1740163410.319698,2,3,6.186885313175224e-05,-1.3098588608976352e-05,-7.321680842559295e-05,-0.00032144209228939956,-5.378715721131244e-05,-6.243184951024538e-05,0.9999999449420921
1740163410.3490107,1740163410.3371546,2,3,9.463520765421524e-05,-1.3760610156540443e-05,-0.0001104492729123487,7.676498029797605e-05,0.00010555152317591632,-4.710359424425224e-05,0.9999999903736325
1740163410.364603,1740163410.353094,2,3,0.00010041171452474879,-1.5146863352133583e-05,-0.00011836288888233475,-0.0003059836687408379,-0.00012062460583338959,-5.712018706499846e-05,0.99999994428049
1740163410.3813794,1740163410.370042,2,3,0.00013982048156016246,-1.3032847298429589e-05,-0.00018035744105873489,0.00022398759055147175,0.00022768279799861645,-5.472181323162469e-06,0.9999999489800777
1740163410.3972816,1740163410.3863924,2,3,0.00010555089938453967,-1.5810959890408738e-05,-0.00012492317990067344,-0.0003052117213747304,-9.453954995507224e-05,-1.551564219156008e-05,0.9999999488336704
1740163410.4161766,1740163410.4035933,2,3,0.000121024362463379,-1.497635135034704e-05,-0.00014511211901232127,-0.0001972520796576803,-0.0001383706977859504,-6.206584774086305e-05,0.9999999690464982
1740163410.432753,1740163410.4207633,2,3,0.00014777477285501944,-1.5062331258254812e-05,-0.0001660869689307367,-2.3418550416420267e-06,1.422700220827617e-05,-5.424184622131901e-05,0.9999999984249651
1740163410.4497838,1740163410.4371543,2,3,0.00012522183443478146,-1.572614062529716e-05,-0.00014216885008505944,0.00010141887726883801,3.989216265074143e-05,-5.872415367985245e-05,0.9999999923371502
1740163410.4640243,1740163410.4531407,2,3,0.00011410956254112676,-1.609980029945738e-05,-0.0001328523348700609,-0.00025305239323622296,-0.00012773056629079887,1.1785641868222071e-05,0.9999999597552428
1740163410.4814959,1740163410.470081,2,3,0.0001228997572935055,-1.5137787445808374e-05,-0.00015790189489349503,0.00017926376916378015,0.00023881463107809807,-5.253843878342772e-05,0.9999999540358917
1740163410.4976878,1740163410.4866412,2,3,0.00010906339439526805,-1.4766048060608896e-05,-0.00012796627587322704,-0.00028157134759588826,-0.00010069453216717726,-1.666770495885452e-05,0.9999999551501866
1740163410.514813,1740163410.5034046,2,3,0.00013256621877690415,-1.54849033076443e-05,-0.00015653514025504623,-0.0002097351503457177,-0.00015087648961365256,-3.511589199208075e-05,0.9999999660071623
1740163410.531533,1740163410.5200655,2,3,0.0001054896946258478,-1.4318183928905336e-05,-0.00012428210310778067,-0.000198996822789017,-9.661675216510538e-05,-2.4189683239025915e-05,0.9999999752401632
1740163410.5476465,1740163410.536626,2,3,0.00016410681427569948,-1.2347999452816587e-05,-0.0001959415551033908,-0.0001687820984085035,-0.0001690722826883442,-3.665847817267819e-05,0.9999999707916607
1740163410.565069,1740163410.5534587,2,3,0.00011228776210593381,-1.3825201996668385e-05,-0.00012809639863136854,7.444913968094099e-05,8.631211568697023e-05,-1.799910961745966e-05,0.9999999933417881
1740163410.581614,1740163410.5700648,2,3,0.00017074999238209576,-1.2182109122532948e-05,-0.00019824832893119689,9.759925897405532e-05,3.9602875922247946e-05,-5.020459203645635e-05,0.9999999931927479
1740163410.5976934,1740163410.5866501,2,3,0.00013090646113835515,-1.2273103218089284e-05,-0.00015670556621178865,-0.00033948107319003816,-0.00014788934085536724,-4.54112329710405e-05,0.9999999304095795
1740163410.6160243,1740163410.6037982,2,3,0.00017219408750189196,-1.1844987079021146e-05,-0.00019953914896101446,0.0001193313979497049,8.965573060040664e-06,-2.4127841310755363e-05,0.9999999925487415
1740163410.631172,1740163410.62012,2,3,0.00010229370738470682,-1.3380986891839162e-05,-0.00011984508638987074,-6.520074212544634e-07,9.146159939729583e-05,-3.2149881814717295e-05,0.9999999953003679
1740163410.6479483,1740163410.636861,2,3,0.00014120703176558383,-1.2868325261813593e-05,-0.00016240339718771074,0.0001690166209469075,8.618102759927926e-05,-1.8023626454235973e-05,0.9999999818406804
1740163410.6655285,1740163410.6537068,2,3,0.00011070464534867375,-1.2010446257717633e-05,-0.00013603376550211965,-0.00038712516195851197,-9.778341623301296e-05,-8.092213978756525e-05,0.9999999170120565
1740163410.6811125,1740163410.6700876,2,3,0.00013929750814721195,-1.3520418609137045e-05,-0.00015963396966466072,8.392270531893645e-05,4.2977034856718334e-05,-8.7414425949131e-05,0.9999999917343361
1740163410.697793,1740163410.6866956,2,3,0.0001573407689403877,-1.2389059052891337e-05,-0.00018338022512788383,-1.698783466633341e-05,4.392342332301452e-05,-4.590701670937308e-05,0.9999999978373462
1740163410.714427,1740163410.7034442,2,3,0.00012233971409918374,-1.2531789453178836e-05,-0.00014148511353030403,3.899190291692106e-05,9.210351593053786e-05,-7.59611539200395e-05,0.9999999921132384
1740163410.731043,1740163410.7200325,2,3,0.00013784904568933285,-1.4515839276370048e-05,-0.00016683456359939698,-0.0003526701874738821,-8.543601456354239e-05,-4.6097982499431634e-05,0.9999999330996989
1740163410.7489069,1740163410.7371883,2,3,0.00020444656292355643,-1.2363718542007044e-05,-0.00024179064561735062,-0.00027286039479249084,-0.00016142191716785766,-7.297062510179016e-05,0.9999999470827273
1740163410.7647803,1740163410.753571,2,3,0.00012194013213552732,-1.3267496010454357e-05,-0.00014815542076762083,-0.00028958808938188717,-8.678801437042259e-05,-4.069997527382933e-05,0.9999999534750446
1740163410.783921,1740163410.7700791,2,3,0.00016197684568446135,-1.48848029955024e-05,-0.00019381703980218148,-0.000167750924708967,-0.0001352480248969658,-2.78011640237527e-05,0.999999976397347
1740163410.7987237,1740163410.7874274,2,3,0.00011962018914341717,-1.4117525470181233e-05,-0.00014502739750772196,-0.0003040005671412132,-9.011112696849112e-05,-3.318739184819608e-05,0.9999999491811172
1740163410.814694,1740163410.8034694,2,3,0.0001876861907358622,-1.4654430050443733e-05,-0.00022405204038501781,-0.00017021317689094244,-0.00014989530656351807,-4.172555206146964e-05,0.9999999734089247
1740163410.8311672,1740163410.820275,2,3,0.0001252241454481797,-1.529532609302022e-05,-0.0001506309420437914,-0.00034135130161967183,-9.092520364773602e-05,-2.8909662947361826e-05,0.9999999371880618
1740163410.8501449,1740163410.8382325,2,3,0.00012470262004902048,-1.5334248021175906e-05,-0.00014165299542543628,4.300858008254595e-05,8.421640904816965e-05,-8.288673004634078e-05,0.9999999920938242
1740163410.864942,1740163410.8537862,2,3,0.00012209139593214978,-1.6729408235463733e-05,-0.00014696814716517683,-0.00029914673509489606,-8.439574329495581e-05,-3.3315876613655026e-05,0.9999999511393196
1740163410.8818696,1740163410.8703823,2,3,0.00017970700852827683,-1.4602324117110582e-05,-0.00022025659845022774,0.0004914477752029476,0.000430465925927878,-2.1205396319089567e-05,0.9999997863642283
1740163410.8982515,1740163410.8873825,2,3,0.0001295994030462108,-1.621272388084506e-05,-0.00016138875507516298,0.0004954590607175021,0.0004646891569628231,3.2410222173304286e-05,0.9999997687669153
1740163410.9150963,1740163410.903829,2,3,0.00017024910959780284,-1.582906368998583e-05,-0.00021704299118477616,0.00018422256406592396,0.0002616382101031306,-2.714822386976145e-06,0.9999999488000605
1740163410.9320467,1740163410.9205806,2,3,0.00014001382495401268,-1.5459348201626402e-05,-0.00016758988307037013,-0.0003097413485605817,-0.00010245883211228586,-4.814207325847411e-05,0.9999999456224112
1740163410.9481506,1740163410.936982,2,3,0.00014523728256580785,-1.666109837451235e-05,-0.00016684199950865283,0.00011855898041608867,8.235954316692996e-05,-9.104944694404033e-06,0.9999999895388868
1740163410.964945,1740163410.9538672,2,3,0.0001307678025148995,-1.7032961217170314e-05,-0.00016980756743734362,9.900525180095078e-05,0.0002883013044147808,-5.101298586707958e-05,0.9999999522389954
1740163410.9853797,1740163410.9704785,2,3,0.00012659016003424532,-1.7245713245493332e-05,-0.00015163249560777708,-0.00023237456472733237,-6.740824139858949e-05,-2.274439759733668e-05,0.9999999704704411
1740163410.9985485,1740163410.9873176,2,3,0.00014331938593584428,-1.7447074334772042e-05,-0.0001837274929953328,0.00017202195274784463,0.00028161997746903566,-1.3345851355601378e-05,0.9999999454602606
1740163411.0148091,1740163411.0036154,2,3,0.0001435509540631355,-1.669677813046612e-05,-0.0001797580418588128,0.0004415775728447541,0.0004489611041765966,-3.794442344900455e-05,0.9999998010016775
1740163411.0321887,1740163411.0207086,2,3,0.00012114700791053727,-1.6538006768535307e-05,-0.0001434715559403801,-0.0002227068433154178,-5.171248888587254e-05,-9.005692995963075e-06,0.9999999738231886
1740163411.0483167,1740163411.037154,2,3,0.00017605024130033667,-1.57122980225978e-05,-0.00020688622629468894,-0.00027625106543684836,-0.0001281173823521143,-5.6021740785779735e-05,0.9999999520664237
1740163411.0661972,1740163411.0541153,2,3,0.00013982231684776802,-1.5019144401847469e-05,-0.0001565585586319387,9.271861276257541e-05,8.832459529754454e-05,-6.658741250289514e-05,0.9999999895840705
1740163411.0821323,1740163411.071045,2,3,0.00013003643325564765,-1.6489980664361464e-05,-0.00016045403754550163,0.0005048358067155004,0.00047559338032396076,-3.364823596086469e-05,0.9999997589097415
1740163411.098901,1740163411.0873833,2,3,0.00014670828150615097,-1.6862701588481042e-05,-0.00017249741653683643,-0.00031479844288691397,-0.00010671359655494496,-9.443651977517918e-05,0.9999999402979445
1740163411.1161203,1740163411.1041932,2,3,0.000128343579073562,-1.6123748300671157e-05,-0.0001462258171331894,0.00010031917406619345,6.781876744830476e-05,-6.466328365530706e-05,0.9999999905776689
1740163411.1322088,1740163411.1208084,2,3,0.0001583531704087307,-1.566756201064599e-05,-0.00017934323644624222,5.747722851517943e-05,6.152530807870693e-05,-7.274046332927429e-05,0.9999999938099149
1740163411.1484869,1740163411.1372015,2,3,0.00013589366078421646,-1.5564666625825994e-05,-0.00016760587164860218,0.0004514689673951102,0.00046408523384141486,-5.0446839628563966e-05,0.9999997891278695
1740163411.1658113,1740163411.154152,2,3,0.00010802155616669178,-1.4556991659832344e-05,-0.00012585880143895588,-0.00025610283300127665,-7.95949303656567e-05,-7.173613965219135e-05,0.9999999614649554
1740163411.1818347,1740163411.1706936,2,3,0.00013629654858581973,-1.4223824815706721e-05,-0.00015229644332184587,5.813912037839524e-05,5.758541386790313e-05,-8.295552443160767e-05,0.9999999932110719
1740163411.1982992,1740163411.1874154,2,3,0.00012914376293847793,-1.2842260426339537e-05,-0.0001431443143965941,0.00012856535757728557,8.946931931177657e-05,-3.794689190576459e-05,0.9999999870131114
1740163411.2154634,1740163411.2042685,2,3,0.00015169604607308962,-1.1995250246440892e-05,-0.0001688667074126984,6.305857070093577e-05,4.3773945301056225e-05,-6.638205117702856e-05,0.9999999948504409
1740163411.2317076,1740163411.2206924,2,3,0.00011429385166313116,-1.3776467484987478e-05,-0.000128652715557815,-0.00017794281420718895,-0.00010894517458152698,-6.764115022962609e-05,0.999999975945989
1740163411.2484553,1740163411.2372818,2,3,0.00014592546370031681,-1.1353508094442238e-05,-0.0001674259165712265,-0.00014185342934862528,-0.00011883758672088279,-2.8545716262408717e-05,0.9999999824701872
1740163411.2660458,1740163411.2544498,2,3,0.00014060647832898963,-1.1666899902971426e-05,-0.00015079086063806454,4.9604708680817766e-05,8.046057209898147e-05,-6.127576391097193e-05,0.9999999936553751
1740163411.2821975,1740163411.27077,2,3,0.00016373298273833535,-1.214301563575899e-05,-0.00019721670538707783,0.000247746528097036,0.00022690535942691064,-5.122522797613035e-05,0.9999999422557942
1740163411.2996023,1740163411.2876701,2,3,0.000144792033211167,-1.0110296821784887e-05,-0.00015659744297262984,4.4217145747736776e-05,7.0072429503191e-05,-7.127092730796696e-05,0.9999999940275768
1740163411.3152595,1740163411.3043067,2,3,0.00015620774078224132,-9.421243679015507e-06,-0.0001639751918756198,0.00010456051934348566,2.8434234992927863e-05,-0.00010226545401155614,0.9999999889001845
1740163411.3321757,1740163411.3211246,2,3,0.00013480539488401204,-8.969197239622655e-06,-0.0001452092050629364,-0.00021744772787216755,-0.0001310321684507011,-6.801166540192723e-05,0.9999999654607343
1740163411.3522208,1740163411.3385055,2,3,0.0001645806255029824,-8.797995949230446e-06,-0.00017919737661006234,-0.00015839392997955113,-0.0001773236598237936,-8.76539840373886e-05,0.9999999678922303
1740163411.3659124,1740163411.3543468,2,3,0.0001738415089302704,-8.777057411468612e-06,-0.00018375369347395126,0.00010119531740224573,-8.01872764251967e-06,-8.934679513316945e-05,0.9999999908561789
1740163411.3820195,1740163411.3710136,2,3,0.00015014592807821367,-8.460182662876168e-06,-0.00015846369874768327,-0.000111261136619801,-0.00017337290056485493,-7.842747365477335e-05,0.9999999757059639
1740163411.3989604,1740163411.3875806,2,3,0.0001299868801289705,-6.528940674954788e-06,-0.00013192115933983558,1.8641809659385076e-05,2.51377952040696e-05,-9.843379113141094e-05,0.9999999946656815
1740163411.4155195,1740163411.4041696,2,3,0.0001508008912784489,-8.001851735152695e-06,-0.00014907711433890419,0.0002281529807538849,-6.240111691113479e-06,-5.3765458614300125e-05,0.9999999725082765
1740163411.4323947,1740163411.4210255,2,3,0.00010889245512746873,-8.156612007588421e-06,-0.00011383669931924875,-0.0002797593726570107,-0.00012175647753957053,-0.00010392889347725564,0.999999948054418
1740163411.449145,1740163411.4376495,2,3,0.00017954293667107142,-8.300982021330197e-06,-0.00019233687302282443,-0.00021715077697818613,-0.00021117920294858232,-9.223836853516554e-05,0.9999999498704825
1740163411.465127,1740163411.4541223,2,3,0.00015917084053767848,-4.767743489062578e-06,-0.00016254281220879857,0.00017234371232014182,2.555539371443516e-05,-4.9368217282151655e-05,0.9999999836036728
1740163411.4827704,1740163411.4712887,2,3,0.00013033854410484343,-6.129605687341635e-06,-0.00013484926928913337,-0.00012028802326967305,-0.00014866494449502268,-4.868401784572724e-05,0.999999980529696
1740163411.4988167,1740163411.4877439,2,3,0.00018636565992991328,-5.370251476329392e-06,-0.00019815753613892874,0.00010048380627115139,-6.274399732965328e-06,-6.293163080228452e-05,0.9999999929516232
1740163411.515443,1740163411.504342,2,3,0.00018648827496240648,-3.941025386997011e-06,-0.00019300530459526855,0.00020882101444781644,-5.006188478847043e-05,-2.5179906254634596e-05,0.9999999766267816
1740163411.5322063,1740163411.5211442,2,3,0.0001362189058817714,-3.682658619672964e-06,-0.00013844910434863882,0.00017016421211750636,2.388500521010715e-05,-3.679150583856125e-05,0.9999999845600162
1740163411.5489028,1740163411.5378735,2,3,0.00020796252070963295,-4.179649022389304e-06,-0.00021886840058581896,0.0001806071186422304,-4.1504945841796704e-05,-4.945833599685717e-05,0.9999999816061405
1740163411.5658965,1740163411.554562,2,3,0.0001448880316396962,-1.2525917404486473e-06,-0.00015320420724838218,-0.00010247836669661676,-0.0001381900910069248,-8.402681096408605e-06,0.9999999851655389
1740163411.5828018,1740163411.5712163,2,3,0.00015171520547430396,-3.977456567927729e-06,-0.00015191229382416973,0.0001696424865545897,9.377086844495835e-06,-3.696627415955979e-05,0.9999999848834957
1740163411.5988457,1740163411.587678,2,3,0.00018579829173506356,-3.3578365622421283e-06,-0.00019452456975212028,0.000152627626867368,-8.479286421460213e-06,-6.956236703421918e-05,0.999999985896993
1740163411.616008,1740163411.6045039,2,3,0.0001221042758170883,-2.176587388358839e-06,-0.0001168691762309759,0.000187058091651724,3.310187767549482e-05,-4.211666155163837e-05,0.9999999810698613
1740163411.6320949,1740163411.621302,2,3,0.00014666823988767158,-5.912313071628238e-06,-0.00014629634670494887,0.00016623923506878658,-7.486522129022102e-06,-0.00010372134177494432,0.9999999807751758
1740163411.6489255,1740163411.6377485,2,3,0.00020871185414015809,-3.281170445999923e-06,-0.0002170216254897604,0.00025804671216986063,-7.00016454848205e-05,-2.754230766574698e-05,0.9999999638765419
1740163411.6661284,1740163411.6547694,2,3,0.00013990616764623725,-3.498762929408646e-06,-0.00013919060863545256,0.00014425977002046765,2.728429637494141e-05,-7.219573957760418e-05,0.9999999866162305
1740163411.6824434,1740163411.6711955,2,3,0.0001444368517613073,-7.835351387469701e-06,-0.00014796093232852554,-0.0001621239019723871,-0.00018488922537760052,-8.979405948407965e-05,0.9999999657344202
1740163411.6996129,1740163411.6879792,2,3,0.00017070540288026038,-2.103602302811952e-06,-0.00017381032002760055,0.00010207344395102013,-1.783089063262199e-05,-6.944862609963454e-05,0.9999999922199798
1740163411.7164261,1740163411.704734,2,3,0.0001269716368091435,-5.455249241169281e-06,-0.00012456850438066197,-0.0001348792828947226,-0.00018139630501653846,-4.361392137056368e-05,0.9999999735003924
1740163411.732387,1740163411.7211082,2,3,0.00019421865970541778,-4.861485975818073e-06,-0.00020294918839033814,7.007266080429966e-05,-3.151640848821567e-05,-8.889949963015983e-05,0.9999999930967086
1740163411.749531,1740163411.7383726,2,3,0.00017285066796921878,-3.4968697625130654e-06,-0.00017162673406517917,0.0001911480298002494,-2.516328168771923e-05,-2.1513002850411786e-05,0.9999999811832152
1740163411.7663572,1740163411.7547977,2,3,0.0001342321132004248,-5.525769943179438e-06,-0.00013240153748636911,0.00018686660238495238,5.913623665362934e-06,-5.128854642497089e-05,0.9999999812076933
1740163411.7826455,1740163411.7713263,2,3,0.00020756947685773156,-4.444453442273895e-06,-0.00021395671504351705,0.00026992306204370577,-9.213698804141854e-05,-5.3828197430368075e-05,0.9999999578774197
1740163411.8033395,1740163411.787957,2,3,0.00014262194061577697,-3.5208955222627412e-06,-0.0001437391223489764,0.0001257510433741922,3.007220018245906e-05,-5.751384442188537e-05,0.9999999899872477
1740163411.81636,1740163411.8045998,2,3,0.00021051020790418786,-3.304113582343365e-06,-0.0002154239803955907,0.0002071391664038375,-8.91814411922502e-05,-4.724640115883527e-05,0.9999999734539067
1740163411.8324952,1740163411.8213027,2,3,0.00014109703425155626,-1.7744202895075103e-06,-0.00014121123248095208,0.0002492781342141715,2.180737494460871e-05,-1.526905017238773e-05,0.9999999685758526
1740163411.8501809,1740163411.838571,2,3,0.00017847485710067497,-4.994888636950089e-06,-0.0001794567128531971,0.0002492828866381393,-2.4611306931838925e-05,-3.502753979798901e-05,0.9999999680126983
1740163411.8660433,1740163411.8546698,2,3,0.00022017281408857444,-1.3624580426185862e-06,-0.00023020196150505372,0.00018995491330658614,-8.441835232986879e-05,-2.5838867975390928e-05,0.9999999780615126
1740163411.882805,1740163411.8714817,2,3,0.00013606041062872088,-2.7508509126757256e-06,-0.0001260090910275785,0.00026138596706889875,-8.218733072333068e-06,-4.326121845813185e-05,0.9999999648691472
1740163411.8998582,1740163411.8884726,2,3,0.00015985030196347293,-5.098028814856351e-06,-0.00016263065350208652,0.00015122582427511453,-3.168308905593061e-05,-7.438197635613894e-05,0.9999999852971266
1740163411.9158974,1740163411.9046195,2,3,0.00016591926503018226,-1.7900248890736628e-06,-0.00015811511250762755,0.00015707708779526592,-3.891787711167246e-05,-7.191786394825255e-05,0.999999984320004
1740163411.9328315,1740163411.9214177,2,3,0.00011408830431524104,-2.1419180560205355e-06,-0.00010518925031840584,0.00022759377056180276,2.2087248230441174e-05,-6.084918908544151e-05,0.9999999720053023
1740163411.949791,1740163411.9382544,2,3,0.00016521563283945773,-4.966353538788975e-06,-0.00016950734210845634,-0.00010258574043593969,-0.00022374298263416967,-9.095487453952721e-06,0.9999999696662575
1740163411.965775,1740163411.9547293,2,3,0.00017230030572655384,3.308764833901873e-07,-0.0001714729598612528,0.00021927977745603823,-6.149523311544914e-05,-3.626028683124835e-05,0.9999999734099533
1740163411.9829175,1740163411.9715955,2,3,9.459133757845305e-05,-3.670096865767653e-06,-7.716016611053279e-05,0.0002634825387294809,4.8067464020836396e-05,-4.7046092406522406e-05,0.9999999630265674
1740163411.9993398,1740163411.988262,2,3,0.00019122720165466484,-2.1497866005042894e-06,-0.00019496254380290288,0.00020057065918545534,-5.383509167409424e-05,-2.414946443029241e-05,0.9999999781449983
1740163412.0162792,1740163412.0049088,2,3,0.0001301686044135932,-1.931765783428038e-06,-0.00011681492332129239,0.00023873609356280163,-2.9558309446844753e-05,-6.224424861194814e-05,0.9999999691285182
1740163412.0331652,1740163412.021593,2,3,0.00014879537547598007,-8.836639620872217e-07,-0.00014623338346276277,0.0002441578366908016,-9.410790748907407e-06,-4.998855277317297e-05,0.9999999688997656
1740163412.0494742,1740163412.038164,2,3,0.0001215123358891294,-1.6242490524395037e-06,-0.00011562081331510548,-0.0001783384618794636,-0.00018926062918772716,-3.256670500683977e-05,0.9999999656576078
1740163412.0661142,1740163412.054756,2,3,0.00013304256974861736,-6.158314645246107e-07,-0.0001253433216882625,0.00026669161553466447,-2.4550616881818956e-06,-4.528402787086337e-05,0.9999999634094552
1740163412.0829957,1740163412.0717192,2,3,-9.763646999592645e-05,-3.607531910812765e-06,-0.0003484226881046909,0.004904641468676903,-0.6495051051550526,-0.00019893165849661917,0.760341386020637
1740163412.099654,1740163412.0882795,2,3,0.00012782451833699256,-3.4075349301911155e-07,-0.00012473726537421198,-8.125006642271083e-05,-0.00016027518153062222,-1.782701872667749e-05,0.999999983696245
1740163412.1161118,1740163412.1050751,2,3,0.0001321052972608303,-2.374819978035357e-06,-0.00012035632460421568,0.00028110909869964474,-3.865506738299066e-05,-3.84807533988234e-05,0.9999999590013452
1740163412.133216,1740163412.121805,2,3,0.00016248347078246387,-1.1757146939452956e-06,-0.0001591665459987883,0.00019983722020524132,-3.042663761006101e-05,-6.65560108389452e-05,0.999999977354801
1740163412.1495144,1740163412.1381462,2,3,0.0001622721739174291,-1.8094892597565826e-06,-0.00015423650238617368,0.00021991974936440905,-2.4191574184210116e-05,-5.700998809702943e-05,0.9999999738999661
1740163412.166424,1740163412.1549153,2,3,0.0001245890386245364,-6.241602344831086e-07,-0.00011546720104740264,0.00024234238153210302,-6.226028865383989e-06,-2.757009825400946e-05,0.9999999702356477
1740163412.1829495,1740163412.1716835,2,3,0.00018309431990165933,-5.449412479913499e-07,-0.0001787576517297375,0.0002567710853768685,-5.2269704295842564e-05,-3.0485827772257315e-05,0.9999999652035504
1740163412.1988888,1740163412.1883478,2,3,0.00013287470767230414,9.102543508920178e-08,-0.00012418513292716075,0.00022191995232685111,7.099254128611387e-06,-5.682815877245853e-05,0.9999999737358476
1740163412.2162118,1740163412.2049992,2,3,-0.00012878176793911918,-4.221183387884976e-06,-0.0003085457690741356,0.004951542406536818,-0.6495047652301682,-0.000176051233181848,0.7603413780513748
1740163412.2330465,1740163412.2217128,2,3,0.0001793197925527305,-1.2180178229761691e-06,-0.00017987728498851879,0.00025528359837824585,-6.214327606328397e-05,-1.5285018961338894e-05,0.9999999653674323
1740163412.2493596,1740163412.2382708,2,3,0.00012047568103926773,-1.7534798357284706e-06,-0.0001040506370887431,0.00029804026525324104,4.398917860714731e-05,6.853291734089109e-06,0.9999999545949914
1740163412.2674232,1740163412.2552326,2,3,0.00016389767488622203,-1.8767663716058031e-06,-0.00015996759107971695,0.0002403826723867413,-2.4487549482486856e-05,-7.306937486403352e-05,0.9999999681386981
1740163412.2824936,1740163412.2718565,2,3,0.00016805928081108958,-8.787618548649509e-07,-0.0001623923715015594,0.00020911172573021897,-4.45290565608198e-05,-3.872387863927323e-05,0.999999976394955
1740163412.2997613,1740163412.2885108,2,3,0.0001693810200408106,-7.715140007143638e-07,-0.00016502244331359866,0.00023899257976787557,-1.5633094618154963e-05,-6.0269823822183514e-05,0.9999999695028503
1740163412.317063,1740163412.3053012,2,3,0.0001431076073228274,-2.710957724234681e-06,-0.00013694237254623752,0.00022667988162877576,2.8988285285696308e-08,-1.7129870106939798e-05,0.9999999741613986
1740163412.333137,1740163412.321841,2,3,0.00017934647019039726,6.285029951127868e-07,-0.00017899706988344142,0.00020397536715888854,-2.559712782421703e-05,-4.6320210343081816e-05,0.9999999777966372
1740163412.3506598,1740163412.339199,2,3,0.0001438619417092708,-1.5418288677829678e-06,-0.0001324018780326968,0.00016015198481246796,-3.0137154362910454e-05,-6.024079184118625e-05,0.9999999849070703
1740163412.366469,1740163412.3552837,2,3,0.00015794022321306792,-1.79696296960338e-06,-0.0001543468527058524,0.00030753270647621033,2.2161544119940202e-05,-3.27477566475287e-05,0.9999999519300412
1740163412.3831131,1740163412.3719025,2,3,0.0001594085325086395,-7.501895905824236e-07,-0.0001549961746837281,0.00013060729229171896,-2.7630852566442132e-05,-7.013547772937035e-05,0.9999999886296429
1740163412.3998601,1740163412.3886032,2,3,0.00015291097828931712,-1.745347441016784e-06,-0.000147031103278674,0.00033675997887778835,2.174402125511521e-05,5.778744663019246e-07,0.9999999430597886
1740163412.416662,1740163412.4051898,2,3,0.00018773073673856232,-1.21548248164365e-06,-0.0001869319081842834,0.000221124301026774,-5.5526404432819425e-05,-3.099623498629974e-05,0.9999999735300473
1740163412.4328177,1740163412.4219568,2,3,0.0001671127447470941,-1.7363904452375692e-06,-0.00016417933766946308,0.00019786735960706985,2.020559855129297e-05,-3.546369150969851e-05,0.999999979591284
1740163412.4504282,1740163412.4389367,2,3,0.00019692690909751964,-9.535577871221775e-07,-0.00019773177728674556,0.0002011299731951635,-3.1933113798091766e-05,-3.960554897886272e-05,0.9999999784792051
1740163412.4667273,1740163412.4553103,2,3,0.00020082649821899452,-1.853132632367799e-07,-0.00020522279162633273,0.0002657827144874062,-5.08118936738982e-05,-3.577244893029224e-05,0.9999999627490154
1740163412.4833364,1740163412.471891,2,3,0.00017797705738030505,-9.848227875554925e-07,-0.00017729211381911674,0.00018800072860375086,9.455267058268258e-06,-4.873131398147154e-05,0.9999999810957914
1740163412.5023315,1740163412.4896724,2,3,0.00022151261602030341,4.4485936698703643e-07,-0.00022897606197264982,0.00017206389837023988,-5.4834643514596344e-05,-6.383911365621267e-05,0.999999981655872
1740163412.5168467,1740163412.5051513,2,3,0.00016559929861452265,-7.009842331275907e-07,-0.00016380511826584015,0.00020014605751180717,-4.862632894516794e-06,-3.365120931832161e-05,0.9999999793927531
1740163412.5335047,1740163412.5219967,2,3,0.00021218839142767815,-9.858667608689991e-07,-0.00022629095791708057,-0.00013134438053145645,-0.00019342029403065613,-6.768697808750505e-05,0.9999999703778578
1740163412.5510309,1740163412.5389414,2,3,0.00021558291249217088,1.8466211008367234e-07,-0.0002221461057810676,0.0001815988496261602,-3.846316498776432e-05,-2.2208913767678512e-05,0.9999999825246032
1740163412.5663137,1740163412.5553217,2,3,0.00022915248925502136,-9.700504157046762e-07,-0.00024058146739579055,0.00024842704243221617,-5.086874707008504e-05,-7.848474439604928e-05,0.9999999647682595
1740163412.5831144,1740163412.5718677,2,3,0.0002206105058248283,-6.672957193782584e-07,-0.00023096328134383337,4.141438679160916e-05,-2.5116829694943756e-05,-9.120828007540946e-05,0.9999999946675215
1740163412.6003618,1740163412.5888562,2,3,0.0001854044825758721,-1.8087677542656025e-06,-0.00018528534253241182,0.0003004154237690239,-6.754334526960299e-06,-3.2416208241296015e-05,0.9999999543270697
1740163412.6168735,1740163412.6053085,2,3,0.00017622786138712975,-8.507082262586421e-07,-0.00018120481375228362,0.00017991907117155846,1.580889465418367e-05,-1.448665428319392e-05,0.9999999835846717
1740163412.6340678,1740163412.6223235,2,3,0.00020741853815477596,-5.848353284171806e-07,-0.00021208740420638027,0.0002420901189699559,-4.536364946740804e-05,-1.8622755600421816e-05,0.9999999694938528
1740163412.6498327,1740163412.6387331,2,3,0.00019280812779476732,1.2248086542546414e-06,-0.00019888119530274423,0.0001464641250262074,-4.6612621854622285e-06,-3.781386659954372e-05,0.9999999885483221
1740163412.6664464,1740163412.6553557,2,3,0.000202479206912734,-7.76517728479488e-07,-0.00020736074467248212,0.00017365828637523636,-2.2869486159837187e-05,-6.219529929536635e-05,0.9999999827257653
1740163412.6841092,1740163412.672283,2,3,0.0002062213602657943,1.1060119458912507e-06,-0.0002140061825971093,0.0001992079485343882,-1.6875547647962156e-05,-2.701049426591787e-06,0.9999999800120565
1740163412.6999533,1740163412.6889212,2,3,0.0001594306696022536,-1.7423191247328497e-06,-0.00015610056017031508,0.00019649376966544407,2.6469154527465466e-05,-2.2547751740562346e-05,0.9999999800905904
1740163412.7168076,1740163412.7055283,2,3,0.00019473304268137994,-7.185965378903418e-07,-0.00020224339482666006,0.00021638529840220205,1.428931926780863e-05,-3.888496516687042e-05,0.9999999757305885
1740163412.7337995,1740163412.7224596,2,3,0.00017920871461673835,-3.338641486828291e-09,-0.00017681538962889965,0.0002385321371172696,-4.618552494968508e-05,3.0436561786330723e-06,0.9999999704800261
1740163412.7504733,1740163412.7391043,2,3,0.00018454027301789341,3.2683024107300153e-07,-0.00018755292709991486,0.0002126211694015289,-4.7624757989524515e-06,-3.251890950171693e-05,0.9999999768560386
1740163412.7672684,1740163412.7557373,2,3,0.00020121249385380167,-8.209429275967328e-07,-0.00020645309727443067,9.733832764010402e-05,-4.6934518326891636e-05,-0.00010404348813792757,0.9999999887486767
1740163412.7842417,1740163412.7727787,2,3,0.00019862279302275401,1.254046785504446e-06,-0.00020368038491948195,0.00024994186662472467,-5.3575292905338765e-05,-6.364892350235175e-05,0.9999999653037823
1740163412.7999363,1740163412.7890854,2,3,0.0001516565130517215,6.481451927849524e-07,-0.0001489944094708524,0.0001509574547077891,1.5802689178325457e-05,-6.239653866536431e-05,0.9999999865343968
1740163412.8166623,1740163412.8056524,2,3,0.00018141641257650418,1.0547237847814585e-06,-0.00018880985790975657,-0.00014202301537805654,-0.00024193479210975723,-4.5538864648964755e-05,0.9999999596116148
1740163412.8333573,1740163412.8222356,2,3,0.0001348925287327341,7.256712492297389e-07,-0.00013095569257597748,0.00019687627641458682,1.3335841488441738e-05,-3.26924000312433e-05,0.9999999799965468
1740163412.8504448,1740163412.8392959,2,3,0.00017900057619309076,-8.220051342584606e-07,-0.00017702030625430957,0.00021432312226368845,-5.505420034329908e-05,-7.512494969603302e-05,0.9999999726954377
1740163412.8675132,1740163412.8558664,2,3,0.00015936819378822303,1.1002587105090967e-06,-0.00015873121809862427,0.00015999201952031125,-6.957768589531017e-06,-7.409815985304814e-05,0.9999999844318028
1740163412.883319,1740163412.872318,2,3,0.00016570433951217155,-7.429370165927153e-07,-0.00016195425526217236,0.00022638583686969839,-3.137657391484376e-05,-5.121542670331819e-05,0.9999999725709714
1740163412.8999503,1740163412.8890114,2,3,0.000170608699108878,8.389885576186519e-07,-0.0001716064782675098,0.00019578021688279913,-2.6202683053807496e-05,-6.996105404123634e-06,0.9999999804672901
1740163412.9171963,1740163412.9059289,2,3,0.00017227963900264245,1.683162471607974e-06,-0.00017577773664791477,-9.792670294302783e-05,-0.0001982326207706852,-8.215495317696475e-05,0.9999999721823759
1740163412.9331791,1740163412.922274,2,3,0.00011986981797566462,-5.797777047335802e-07,-0.00011315522923587461,0.00025702919814565086,2.0229140136199122e-05,-1.0786754772132115e-05,0.999999966705209
1740163412.9504497,1740163412.9390569,2,3,0.00011113142863592134,7.568123030783598e-08,-9.580911675157673e-05,0.00021585602411495073,1.0637112432096919e-05,-2.542531372734005e-05,0.9999999763232909
1740163412.9672806,1740163412.9561145,2,3,0.00011821026949261646,2.7916669325563994e-07,-0.00010962699317018795,0.00021224483607763944,3.8252994007001755e-05,-3.062610521558198e-05,0.9999999762754396
1740163412.9834158,1740163412.9724667,2,3,0.0001571738855559203,-1.8086594913871147e-07,-0.00014873894967981229,0.00018487990745908985,-4.988306842188049e-05,-0.00011108036493042048,0.9999999754961256
1740163413.000895,1740163412.9892874,2,3,0.00016464665746421123,1.0272594302509662e-06,-0.00016165582228960676,0.00021982630170312012,-3.457524462832249e-05,-6.173477425555996e-05,0.9999999733348832
1740163413.0172522,1740163413.006043,2,3,0.000178059631192605,8.315211426582035e-07,-0.00017407228591137663,0.00022787581689299603,-4.6124285617768336e-05,-6.85198888008075e-05,0.9999999706250932
1740163413.0337584,1740163413.0224478,2,3,0.00014585167733376165,1.0315234596084327e-06,-0.00014125760003333042,0.0002640367305215785,-3.717088696399283e-06,-3.219563264440624e-05,0.9999999646171142
1740163413.0510805,1740163413.0394201,2,3,0.0001963830920151845,1.3086059085073622e-06,-0.00019405145169146783,0.0002057577172515267,-0.00011926994311862456,-4.630300508869112e-05,0.9999999706472367
1740163413.0677645,1740163413.056221,2,3,0.00011381814059765846,5.207542091238017e-07,-0.00010314916990052586,0.0002171325107100123,2.7268353562558503e-05,-2.707334213922741e-05,0.9999999756884717
1740163413.0837843,1740163413.0726936,2,3,0.0001531326821800958,1.095177776914426e-07,-0.00014455484255693665,0.0002618420379367175,-2.6772767694266888e-05,-4.3631433934529696e-05,0.9999999644091314
1740163413.1007514,1740163413.089377,2,3,0.00015938965592549056,2.1933432780489063e-06,-0.00015677367008615033,0.00022165542791038726,-2.5611886545022557e-05,-2.7833881703253966e-05,0.9999999747190884
1740163413.117968,1740163413.1063259,2,3,0.00016411350991778033,1.1252425018998155e-06,-0.00015685642682762108,0.0001557377395526173,-6.093978161186953e-05,-6.837647312916578e-05,0.9999999836783786
1740163413.1341653,1740163413.1226375,2,3,0.0001475850648412604,5.946221466301731e-07,-0.00014290142549627736,0.00014785988786800817,1.6140518323280477e-06,-8.41263541165009e-05,0.9999999855288023
1740163413.1506531,1740163413.1393294,2,3,0.00014855641114009654,2.8633536965698193e-07,-0.00013789834806764972,0.00028941212517160915,-3.433792712061718e-05,-1.9664509469190044e-05,0.999999957337417
1740163413.1671557,1740163413.1558776,2,3,0.00011961918243993802,1.2484028876410142e-07,-0.00011117319970368653,0.0002615435654655379,3.0562887048083854e-05,-9.36158544688107e-06,0.9999999652866164
1740163413.1854856,1740163413.1731017,2,3,0.0001667234624243568,1.6330745900355525e-07,-0.00015959154407461161,0.00018769372225886188,-5.178680806837754e-05,-5.074528458993984e-05,0.9999999797570543
1740163413.200464,1740163413.189557,2,3,0.00013974057197449252,1.7092005131145364e-06,-0.00013562224961501294,0.00028686233120312236,1.6747038211814654e-05,-4.138878261054076e-05,0.9999999578582532
1740163413.2176578,1740163413.2063446,2,3,0.00015085544479953727,-1.2557898441309779e-06,-0.000142268306747327,0.0002473618891228986,-2.689549707663459e-05,-5.619131340350493e-05,0.9999999674656316
1740163413.2349308,1740163413.223246,2,3,0.00017161784067786995,1.427966786778975e-06,-0.00017935081877462687,-0.00015930867990866343,-0.0002132547227735508,-6.437456724846978e-05,0.9999999624995406
1740163413.250921,1740163413.2397997,2,3,0.00014564528048774386,4.0661786543385764e-07,-0.0001345858655930785,0.00014442949146323066,-1.357836078925057e-05,-8.248187794563413e-05,0.9999999860762449
1740163413.2670958,1740163413.25635,2,3,0.00016406367545306107,1.4431284747002554e-06,-0.0001714325049340666,-0.00013052277677225217,-0.00020286183032410316,-5.384905507807752e-05,0.9999999694555805
1740163413.285065,1740163413.2730176,2,3,0.00018625479870969117,1.1519100784410078e-06,-0.00018101966329053007,0.00021671804758401593,-5.129720880064784e-05,-4.694355043312971e-05,0.9999999740990934
1740163413.2999623,1740163413.289257,2,3,0.00014197453861668864,3.550053057988669e-07,-0.00013800549708328067,0.00025553059473426836,-2.946459542803416e-05,-5.453372767866647e-05,0.999999965431012
1740163413.3175986,1740163413.3059492,2,3,0.00015526295156631593,-3.232783963912866e-07,-0.00014682175133601797,0.00023421893950499492,-5.992288907112574e-05,-1.391362589789095e-05,0.9999999706785729
1740163413.3345454,1740163413.3230538,2,3,0.00015960801985935325,8.27838692085496e-07,-0.00015783719507047957,0.0002735894228715906,-2.2058724706221423e-05,-3.978048282440649e-05,0.9999999615398761
1740163413.3515882,1740163413.3401346,2,3,0.00012656871296689,-1.2805935180952955e-06,-0.00011405263274881455,0.00021252553961951268,-9.842799904772802e-06,-4.455455550039714e-05,0.9999999763754527
1740163413.3678958,1740163413.3563983,2,3,0.0002083408688770173,1.4643424032254809e-06,-0.0002152714802575555,0.00021227515551308616,-8.47794334198537e-05,-4.845927846514634e-05,0.9999999727017017
1740163413.3838716,1740163413.372858,2,3,0.0001602264035940278,-1.2007637068557975e-07,-0.00015382487796425747,0.00016566653510360473,-7.296163323983804e-05,-3.733632447802938e-05,0.9999999829185988
1740163413.4004931,1740163413.3894231,2,3,0.00016332307314753368,8.911415222000835e-08,-0.00016444757059560938,0.00026446522579321054,-1.6066586205784074e-05,-2.2758131134178763e-05,0.9999999646410377
1740163413.418391,1740163413.4067423,2,3,0.00013949336555848144,-2.3061044545409484e-07,-0.00012986770187686596,0.00016339623588826832,-2.8932341541491753e-06,-2.0416196450234798e-05,0.999999986438239
1740163413.4341786,1740163413.4229043,2,3,0.00017130299501110207,8.515373034603295e-07,-0.00017108938944771738,0.000272014089047619,2.357459312169951e-06,-5.733540157223879e-05,0.9999999613577141
1740163413.4505053,1740163413.4396012,2,3,0.00015524083054806602,-1.2852404177880455e-06,-0.00015292043124071913,0.00016395493433321682,-1.0034028455375006e-05,-2.346751326720739e-05,0.9999999862336867
1740163413.4681866,1740163413.4565635,2,3,0.0001672372895568082,4.0051223058817525e-07,-0.00016626460631136234,0.0001590918629342209,-1.9792762209970822e-05,-0.0001178909948118632,0.9999999801998692
1740163413.4843063,1740163413.4730146,2,3,0.0001550722279347877,2.0778408697343242e-07,-0.0001511857138166351,0.00014765588886188637,1.4211273677063373e-06,-3.8769657142069236e-05,0.9999999883463162
1740163413.5012076,1740163413.4896803,2,3,0.0001483542648273492,-3.8037856882840094e-07,-0.00014684777205370813,0.00018955402290443183,2.6951908012085456e-05,-8.927765123588684e-05,0.9999999776861839
1740163413.5225108,1740163413.5065315,2,3,0.00018261546707324888,4.1955088272418087e-07,-0.00018321004190380283,0.0001914197226629296,-3.6012959113328594e-05,-3.0341133445367322e-05,0.9999999805704859
1740163413.5379977,1740163413.523038,2,3,0.00016352858262874177,9.166991620588533e-07,-0.00016370346523062262,0.00026198137393611574,2.5689297610186218e-05,-4.061493839218965e-05,0.9999999645281227
1740163413.551029,1740163413.539672,2,3,0.0001642771035567998,-1.0438838739609539e-07,-0.0001626717696916874,0.0002005982494995247,-1.7986949512166033e-06,-7.760938414782572e-06,0.9999999798484371
1740163413.5675972,1740163413.55657,2,3,0.00016843211134321936,4.183915681011405e-07,-0.000166594520260208,0.0002070866165436403,-2.1052437167528514e-05,-4.871028296525063e-05,0.999999977149618
1740163413.583793,1740163413.5728788,2,3,0.00015199689433938938,-4.402839789182745e-07,-0.0001474294197737343,0.00016590128416656556,8.981077796011011e-06,-6.558921447293972e-05,0.9999999840470795
1740163413.6015956,1740163413.5898201,2,3,0.00016558596924204933,1.0810567448777579e-07,-0.0001638221724762529,0.000207944272886793,-2.864879536076602e-06,-8.501929136405896e-05,0.9999999747613456
1740163413.6176276,1740163413.6064906,2,3,0.0001546333360931436,1.541378440831061e-07,-0.00014971995335724767,0.00025007498524957575,-1.596698902230188e-05,-1.556571067110872e-05,0.9999999684826323
1740163413.633186,1740163413.6231036,2,3,0.00016369050870679728,8.403966324223e-07,-0.00016305554000768706,0.0002545532927578034,6.540474957547959e-07,-1.8066756171513263e-05,0.9999999674378923
1740163413.6515799,1740163413.6399217,2,3,0.00018305426012594331,1.0800510820020132e-06,-0.0001828852062250288,0.00016581063243221696,-4.491283456448081e-05,-9.202555698910824e-05,0.999999981010484
1740163413.6672943,1740163413.6563807,2,3,0.0001715954919997877,4.185675020711989e-07,-0.00017173191265760653,0.0003220336587664433,-6.109368325648833e-06,-1.2533163036714488e-05,0.9999999480499577
1740163413.6842809,1740163413.6731791,2,3,0.00015917638551656628,2.545254108477382e-07,-0.00015463008404436424,0.0001819692292839113,-6.577857578015049e-06,-7.76291579784905e-05,0.9999999804088224
1740163413.701608,1740163413.6899524,2,3,0.00020430275753257837,2.341092334441739e-06,-0.00021054834813222275,-0.0004107127895517209,-4.107081007414644e-05,-1.0104430979371735e-05,0.9999999147630432
1740163413.7176096,1740163413.7065585,2,3,0.00017861682035053938,1.251616800334472e-06,-0.00018400240875096063,-0.00013055380013399077,-0.00022114946826840855,-3.692474055600662e-05,0.9999999663425903
1740163413.7343895,1740163413.7232604,2,3,0.00016564887637919476,1.1909421991043957e-06,-0.00016406836785981486,0.00028725282133579494,-6.070329976092806e-06,-2.6022083199215586e-05,0.9999999583859086
1740163413.751486,1740163413.7401454,2,3,0.00018524951482410434,1.4588594376129544e-06,-0.00018433878644500537,0.0002048736888192593,-4.775076262553579e-05,-2.6528135939515877e-05,0.9999999775214469
1740163413.767595,1740163413.7565343,2,3,0.00019904256857274162,1.300938947881289e-06,-0.0002024324942645536,0.00029859194469830636,-5.047275085864524e-05,-4.3641033092156244e-05,0.9999999531954049
1740163413.7839365,1740163413.7731602,2,3,0.00019837789184532815,7.017412719388178e-07,-0.00019988105285502885,0.00016778586794829117,-5.548358761869558e-05,-2.297016723399848e-05,0.9999999841209226
1740163413.8019247,1740163413.790198,2,3,0.00014050247292702895,-4.6021574324815936e-08,-0.00013268068764712984,0.0002118879561867817,2.612911379742854e-05,-0.00011701260413198711,0.9999999703644065
1740163413.8179965,1740163413.8067899,2,3,0.0001886694537066119,1.3876251913521115e-06,-0.00018902331105119673,0.00019849906866236752,-4.130127069201422e-05,-4.898144359820022e-05,0.9999999782465713
1740163413.8345969,1740163413.8232408,2,3,0.00019805875555776312,9.142095506366388e-07,-0.00019517024278727291,0.0002454938191139977,-9.046736130949473e-05,-3.527607051804209e-05,0.9999999651520194
1740163413.8515282,1740163413.8404431,2,3,0.00017944388903598697,9.32290265123418e-07,-0.00017832570864473652,0.00022174401146817793,-3.586657588072366e-05,-3.088867281139882e-05,0.9999999742945356
1740163413.8674886,1740163413.8565588,2,3,0.0001975969178487827,1.0638395487537494e-06,-0.00019888101389113654,0.0002776206069183761,-9.462229053402462e-05,-4.969763419950208e-05,0.9999999557517819
1740163413.8852577,1740163413.8734734,2,3,0.00018183764858594026,8.253390512442033e-07,-0.00017768520868829708,0.00012943355732031442,-5.012424812896224e-05,-7.681638525078795e-05,0.9999999874168785
1740163413.9012525,1740163413.8900483,2,3,0.00018321775640240136,1.375555773329521e-06,-0.00017718123158800804,0.00017143786372039746,-5.660002178137882e-05,-8.793577561134021e-05,0.9999999798363977
1740163413.9179409,1740163413.9067018,2,3,0.00016626454408317582,1.468336807967443e-07,-0.000162968495083564,0.00021987491981788462,-1.6955926748838734e-05,-2.7943035176264692e-05,0.9999999752933513
1740163413.9355621,1740163413.9236205,2,3,0.0001986381013022609,6.38787432325468e-07,-0.00019913325774217392,0.00019463113713611048,-8.539891487693473e-05,-7.382631245174869e-05,0.9999999746877103
1740163413.9515393,1740163413.9401507,2,3,0.0001462054628593971,1.7885148944483336e-06,-0.0001369406032700705,0.00027453324818605795,-1.2996369746652977e-06,-3.456779100747208e-05,0.9999999617174365
1740163413.9681306,1740163413.9567337,2,3,0.00016285041931323813,-5.383075130667369e-07,-0.00015921019816939432,0.00023336143001921286,-4.173623011254188e-05,-5.1933287442277065e-05,0.9999999705517314
1740163413.9855034,1740163413.9735653,2,3,0.000178395191293331,8.538728540926618e-07,-0.00017536717945306984,0.0002087339626350919,-4.4777491073539514e-05,-3.261427450675576e-05,0.9999999766807088
1740163414.001547,1740163413.9901068,2,3,0.00017298972829013197,2.4156344471426915e-06,-0.000165639145368376,0.0002999325625272651,-3.5504997556133276e-05,-5.285352665615066e-05,0.9999999529931778
1740163414.0180948,1740163414.0068152,2,3,0.00018504840254469015,5.354215532860956e-07,-0.00018555711361983797,0.0002032871019592084,-7.32735766352889e-05,-3.0186904565106855e-05,0.9999999761970437
1740163414.0344298,1740163414.0235126,2,3,0.00019364148851511723,7.977722366531716e-07,-0.00019741824585186451,-8.456061231771836e-05,-0.00022408046887629774,-4.148285713080368e-05,0.999999970458309
1740163414.0515006,1740163414.0400934,2,3,0.0001648986859979709,2.816941862902387e-06,-0.00016366545723089788,-0.00014437933908602497,-0.00020532522012472435,-5.30371527833624e-05,0.9999999670916099
1740163414.0683756,1740163414.0569985,2,3,0.00020316644919682762,5.782193361454036e-07,-0.00020195272933111808,0.00023656332080027864,-0.00010475720448183092,-5.3012605362597825e-05,0.9999999651266929
1740163414.0860157,1740163414.0735183,2,3,0.00016765955073876337,7.851940058056978e-07,-0.00016181628968425267,0.00014350205354418078,-5.516759226997907e-05,-7.885753037825829e-05,0.9999999850725936
1740163414.1009266,1740163414.0901794,2,3,0.00017331530686414835,1.7197699955659266e-06,-0.00016538726371001554,0.00017528110110061736,-5.016642269470133e-05,-5.281901314503295e-05,0.9999999819850085
1740163414.1193788,1740163414.1070755,2,3,0.0001889925683261779,1.6308282120043453e-06,-0.00018881229020145142,0.00025656875097817785,-1.186870987602867e-05,-2.84340040171265e-05,0.9999999666115581
1740163414.1343303,1740163414.1237173,2,3,0.0002142485831135756,2.083319588705957e-06,-0.0002144569483007828,0.0002497142662734042,-8.608928918078126e-05,-2.7288764542421126e-05,0.9999999647433708
1740163414.1514375,1740163414.1402452,2,3,0.00015206607516458968,1.9356269676132686e-06,-0.00014651515129041778,0.0002081583974691887,7.165503457398755e-06,-7.196725585444722e-05,0.9999999757197253
1740163414.16845,1740163414.1572392,2,3,0.0002182957407619876,1.7037647473092786e-06,-0.00022757201501041709,-6.807720530249544e-05,-0.0002715226033398751,-6.882741912564995e-05,0.9999999584518773
1740163414.1850533,1740163414.1738968,2,3,0.0001939633876206446,1.8207169144665624e-06,-0.0001948431638669705,0.0002499027533457176,-2.0217969571467973e-05,-4.298382928873455e-05,0.9999999676461185
1740163414.2013156,1740163414.1902595,2,3,0.00018908656553493365,6.729788585873617e-07,-0.0001871048699321695,0.0002936109132485327,-8.501168286459482e-05,1.0899768972763637e-05,0.9999999532234191
1740163414.2187607,1740163414.207231,2,3,0.00021710739759723673,2.0176585391954946e-06,-0.00022937195284271347,-0.00010757203823455939,-0.00023514188292613058,-3.34796684046274e-05,0.9999999660078311
1740163414.2347202,1740163414.2236965,2,3,0.00016548333244069158,1.803645835763268e-06,-0.00015811416853643245,0.0002450870396398362,-6.181507605033799e-05,-3.893272141827246e-05,0.9999999672977407
1740163414.2523324,1740163414.240526,2,3,0.00016460511475437884,1.2186314963525205e-07,-0.00016259724480936278,0.0002557740394681684,-3.7926601779924756e-05,-4.034134333802723e-05,0.9999999657568942
1740163414.2684693,1740163414.257035,2,3,0.0002036565169150708,1.7209341725758848e-06,-0.00020675547967512214,0.00022988170035597818,-6.051248237754179e-05,-5.856710591804244e-05,0.9999999700312683
1740163414.2850208,1740163414.2740123,2,3,0.00021741343330781136,2.9278219545281314e-06,-0.00022386588349546384,-0.000446753917799876,-7.073072396664563e-05,-1.455625020836229e-05,0.9999998975981034
1740163414.3025186,1740163414.2908454,2,3,0.00022839917917832236,5.110620580254494e-07,-0.00024145983588543698,-3.661464813074033e-05,-0.00026849100407473777,-1.6582577520569883e-06,0.9999999632845986
1740163414.3186586,1740163414.3073392,2,3,0.00016370623752382543,1.284885392902431e-06,-0.00016117440564234286,0.00024220879468992047,-1.657757801177079e-05,-3.560582272957434e-05,0.9999999698961541
1740163414.3351374,1740163414.3240497,2,3,0.0001905263201581614,1.2487572186739475e-06,-0.00019208631328429147,0.00019107269956212695,-4.809390002674133e-05,-7.66204958434085e-05,0.9999999776537497
1740163414.3531153,1740163414.3413393,2,3,0.0001799057997316672,1.1034158598935854e-06,-0.00018066382072625878,0.00015277543901519305,-3.4609591952575235e-05,-5.0439066565728586e-05,0.9999999864588708
1740163414.368708,1740163414.3572762,2,3,0.00019287470163373424,1.6241663297282436e-06,-0.00019428381599091864,0.00019637953959864173,-5.507714849616721e-05,-7.35208656314889e-05,0.9999999764981329
1740163414.3854644,1740163414.3739443,2,3,0.0001690214838368446,1.0827900428149996e-06,-0.00017436625789164325,-0.0001818228779521803,-0.00021607288699035753,-7.222539953184831e-05,0.9999999575182192
1740163414.4021153,1740163414.390805,2,3,0.00021218087163321316,2.1398451364801064e-06,-0.00021627246496112922,0.0002045601547814888,-8.127399204786444e-05,-3.1330749878709434e-05,0.9999999752840324
1740163414.4192867,1740163414.4076853,2,3,0.00018149019632778004,7.710545765922648e-07,-0.00018317545465687367,0.0002644484877398998,-3.073904300888687e-05,-1.3206753076977856e-05,0.9999999644738445
1740163414.4356577,1740163414.4242578,2,3,0.00020903279693807142,1.456583834030071e-07,-0.00021566053807860766,0.0002293073793734856,-6.219703734400734e-05,-3.2013636190495656e-05,0.9999999712623904
1740163414.4518292,1740163414.440717,2,3,0.00018816255071822118,2.012311527450179e-06,-0.0001891226954605987,0.0001614294208822949,-2.557260363273823e-05,-7.537306986606016e-05,0.9999999838027421
1740163414.468475,1740163414.4572895,2,3,0.00014534755327438417,1.326832050896458e-06,-0.00013986990501069202,0.0002412466633497916,-3.553699472785288e-05,-7.858260031344422e-06,0.9999999702377081
1740163414.4854896,1740163414.474206,2,3,0.00015845292473684236,9.041908904822805e-07,-0.0001567503109578069,0.00025097328111968323,-3.77942830900479e-05,-3.8487631073354726e-05,0.9999999670513527
1740163414.5019133,1740163414.4905794,2,3,0.00016514886315026253,1.4296945922390267e-06,-0.0001646207162162537,0.0002166308362428003,1.1766503601429606e-05,-5.9804342780269954e-05,0.999999974678035
1740163414.5185876,1740163414.507258,2,3,0.00020260495678666883,2.160925574164142e-06,-0.0002051589074317272,0.0002967226437981006,-6.554730175009973e-05,-3.802731054329608e-06,0.9999999538223805
1740163414.5356817,1740163414.5242968,2,3,0.00017606806603472715,1.776782506767347e-06,-0.00017707924747280195,0.00017566392101439987,-6.478264443907738e-05,-6.372951592260954e-05,0.9999999804419721
1740163414.551785,1740163414.5407422,2,3,0.00014696690143527506,-4.3144236369184005e-07,-0.00013979130709063377,0.0001566224802242001,-3.6435652596655195e-05,-9.356786662303921e-05,0.9999999826934479
1740163414.5688798,1740163414.5573323,2,3,0.0001875480970504705,8.074190412897639e-07,-0.00019687587280081662,-0.00016343195440503378,-0.00022084474154503308,-3.5521990809290707e-05,0.9999999616278916
1740163414.585432,1740163414.5741148,2,3,0.00011768517712343447,1.4305314970793658e-06,-9.971240867455615e-05,0.0002455043086699677,-1.9576439919576746e-06,-6.90102533323754e-05,0.9999999674806929
1740163414.6020749,1740163414.5906706,2,3,0.00011643237421387743,-1.1737114560632943e-06,-0.00010965359199645471,0.00024678744805027537,6.79047177433513e-06,-5.172014780654959e-05,0.9999999681874352
1740163414.6196744,1740163414.6075506,2,3,0.00016943742359783352,-9.293065145105968e-07,-0.00016722052174201452,0.0001781541474355364,-2.7280192164182553e-05,-3.6010890037762406e-05,0.9999999831100531
1740163414.6355836,1740163414.6240973,2,3,0.00017256098791660005,2.3297831764626067e-06,-0.00017445190725661773,-0.00013511193296201964,-0.0002071082339196774,-2.090435382198386e-06,0.9999999694232871
1740163414.651698,1740163414.6406672,2,3,0.00011957374067914633,-8.525813119127116e-07,-0.000105179146629351,0.00024513125102909865,8.628879676947604e-06,-4.6610203739664336e-05,0.99999996883185
1740163414.6691449,1740163414.6576748,2,3,0.0001517343280064627,-2.485370945111432e-06,-0.0001515458293059712,0.00018148567823767924,1.5713473683806155e-05,-7.19118948282348e-05,0.9999999808223572
1740163414.68551,1740163414.6741626,2,3,0.00015262511152772215,2.8294949392761293e-07,-0.00014117718258855157,0.00013930612005497994,-3.5351060292489975e-05,-3.635152417726061e-05,0.999999989011337
1740163414.702079,1740163414.6907456,2,3,0.00015926326837534268,9.306295398585278e-07,-0.00015349941875462554,0.0002616170134588019,-2.385701602473941e-05,-4.0515430081194346e-05,0.99999996467294
1740163414.7197025,1740163414.7080188,2,3,0.00012419184315230755,-4.4341273614841844e-06,-0.00011404406589422472,0.0001849192836865877,2.0206333131363782e-05,-5.229976189429298e-05,0.9999999813306486
1740163414.735797,1740163414.7244062,2,3,0.0001913686149664922,-5.201499852500872e-07,-0.00019092630178205186,0.00018174176253297542,-8.210911732144387e-05,-6.582493699098805e-05,0.9999999779475509
1740163414.7522206,1740163414.7408369,2,3,0.00015931314663716363,-1.1442468421669253e-06,-0.00014900907474814436,0.0002512898246294612,-8.758584145307777e-05,-3.6722530783683036e-05,0.9999999639167994
1740163414.7685225,1740163414.7575905,2,3,0.000166517914308191,-2.0831817385403243e-06,-0.00016409870625970233,0.00018918770665324084,-2.4761630886191127e-05,-5.439864416024899e-05,0.9999999803178302
1740163414.7855875,1740163414.7744253,2,3,0.00019038504335446582,-3.280192110999211e-07,-0.00018540490686443678,0.0001366031547119217,-8.148028205434265e-05,-6.950689741733047e-05,0.9999999849346665
1740163414.8029232,1740163414.7913206,2,3,0.00013326220687744685,-1.8052088207144366e-06,-0.0001228481275517203,0.0001854212860103313,-4.692747647034953e-06,-8.017520606145243e-05,0.9999999795844303
1740163414.819335,1740163414.8077285,2,3,0.0001801161127843063,3.7124600515978075e-08,-0.000176049513666683,8.382582530944603e-05,-3.7199591812248134e-05,-8.728199572801288e-05,0.9999999919856373
1740163414.8362403,1740163414.824488,2,3,0.00013927706610346224,-3.1655885790443987e-07,-0.00012804715026898614,0.00029872432156874255,-1.9663119187960426e-05,-6.373912296915036e-05,0.9999999531572317
1740163414.8528283,1740163414.8416045,2,3,0.00019015901353070793,-1.4304686496544748e-06,-0.00018908398999292235,0.0002085786049653592,-6.484960021131923e-05,-4.450022458846918e-05,0.9999999751546121
1740163414.8691607,1740163414.8576963,2,3,0.00019582529643285613,8.448236953727326e-07,-0.00019518145464006897,0.0001834231484932497,-4.610729475932456e-05,-8.025243977393564e-05,0.9999999788948057
1740163414.8858993,1740163414.8742566,2,3,0.00012677304319101327,-4.6553703007918127e-07,-0.0001140036167028888,0.00017750751818476537,1.9174844918251943e-05,-0.00010075219755037259,0.9999999789862003
1740163414.907113,1740163414.8912024,2,3,0.00017673389558070236,-1.5319215881688713e-06,-0.00017483819664489326,0.00018726258146667664,-2.7607491462847464e-05,-7.664514332950177e-05,0.9999999791480367
1740163414.9229908,1740163414.9076557,2,3,0.0002026066464455572,1.8540380251977446e-06,-0.00020447127631567373,-0.0005150439856951978,-4.9336799106991404e-05,-2.018948545890699e-05,0.9999998659439698
1740163414.9351377,1740163414.9243023,2,3,0.00016590124528750158,1.9286428294289136e-06,-0.0001661865002056879,-0.0001410426294176232,-0.0002091824340360151,-7.26637820357336e-05,0.9999999655348297
1740163414.952849,1740163414.9414413,2,3,0.00014399002749520442,-5.915258044864869e-07,-0.00013725299494382967,8.7724566756572e-05,1.3857932894148287e-05,-9.154453845112156e-05,0.9999999918659778
1740163414.969114,1740163414.9576888,2,3,0.00023012450855188665,3.292940560018353e-06,-0.00024304959890267893,-0.00011276496019793575,-0.00027643890264261934,-4.050776511054504e-05,0.9999999546123578
1740163414.9862914,1740163414.9745526,2,3,0.00016350533065768048,1.6280996391262898e-06,-0.00016569249912317587,-2.8944859027908244e-05,-0.00017434414273818534,-4.272628994204731e-07,0.9999999843830661
1740163415.0021827,1740163414.9911647,2,3,0.00022643425269260726,6.856365599655464e-08,-0.0002336190516425853,0.00023930379204394568,-5.7566256556296936e-05,-1.1844191727142909e-05,0.9999999696397678
1740163415.0189693,1740163415.0076818,2,3,0.00019431064718908802,2.465273486256464e-06,-0.00019739851655935337,0.0002027582782873661,-2.1748085290146774e-05,-1.1025963676157934e-05,0.9999999791472645
1740163415.040038,1740163415.024448,2,3,0.00017939235363710474,-3.655535685445978e-07,-0.0001781126704995943,0.00015667740137086127,-4.528843124029504e-05,-4.5659834864206804e-05,0.9999999856581646
1740163415.053446,1740163415.0411177,2,3,0.00019554559432872196,-2.687235961090465e-07,-0.00020178875316589142,0.00018323602715185334,-3.507167438057524e-05,-3.3071784293065045e-05,0.9999999820503963
1740163415.0692885,1740163415.0578725,2,3,0.0002146965406626968,4.598463704916897e-07,-0.00022136329759246318,0.00020889505041309109,-4.300213426361702e-05,-3.9485392995439724e-05,0.9999999764772888
1740163415.086127,1740163415.0747406,2,3,0.000190273179276891,4.6979017210039433e-07,-0.00019494364844664034,0.0002724865457281969,-4.524615843838029e-05,-1.8289728658051744e-05,0.999999961684676
1740163415.1024907,1740163415.0912,2,3,0.0001754784396386496,-2.1196864015831427e-07,-0.00017729646355361343,0.00016951500102718842,-1.8244701425813537e-05,-7.90915435520564e-05,0.9999999823381613
1740163415.119505,1740163415.1078925,2,3,0.00017584844188960825,7.878053228889371e-07,-0.00017906369982026177,0.0002516403464691952,-2.1906318215479185e-05,3.367106594174461e-05,0.9999999675317538
1740163415.1363513,1740163415.1247132,2,3,0.00020535618058681182,-4.601193168407423e-08,-0.00021250904032528488,0.00017134944640996536,-4.9056024926246836e-05,-6.221776574848512e-05,0.9999999821809115
1740163415.1524103,1740163415.1412144,2,3,0.00022817062431962817,3.1558250282435237e-06,-0.00024145729173361937,0.00021952530762342216,-5.737363208164536e-05,-1.9768148467400847e-05,0.9999999740630627
1740163415.1693285,1740163415.157989,2,3,0.00015638011389549196,-1.065170103352337e-06,-0.0001567024218109124,0.00019438577245803592,5.414503303973312e-06,-7.072639594577095e-05,0.9999999785913155
1740163415.1860993,1740163415.17492,2,3,0.0001728545242942155,8.091433022486046e-07,-0.00017841375291563486,0.00021234073228744424,-2.4826319146322844e-06,-1.0371176542481791e-05,0.999999977398844
1740163415.2021093,1740163415.1912174,2,3,0.00016720609593886429,-3.258648350435203e-07,-0.00016872460700803182,0.00021887701595759654,2.4157106672094846e-05,-3.8029876505316764e-05,0.999999975031507
1740163415.2197478,1740163415.2080023,2,3,0.0001641951193993281,1.000536606969377e-06,-0.0001742671618821066,-0.0001062409675971634,-0.000156040591391373,-2.3733897980196916e-05,0.9999999819004461
1740163415.2360783,1740163415.224753,2,3,0.00019695830247600855,4.593702565882561e-07,-0.00020546336954220255,0.00013310284914957703,-2.6603524382118483e-05,-7.815335950157095e-05,0.9999999877339683
1740163415.2518911,1740163415.2412467,2,3,0.00017132976856981772,1.5781624777586672e-06,-0.0001773982771193511,0.0001974393216116396,-1.7737256715027057e-05,-4.295562831613567e-05,0.9999999794289588
1740163415.269594,1740163415.258267,2,3,0.00016116745103368253,-8.381226444431726e-07,-0.0001632899770089783,0.00017852486493789756,-3.313750546538418e-07,-3.8861553463187796e-05,0.999999983309271
1740163415.2857113,1740163415.2747073,2,3,0.0001497534423623907,-4.2107492721414187e-07,-0.0001514508078026143,-0.0005587218877033228,3.635713661881357e-05,-3.295435538229302e-05,0.9999998427109983
1740163415.3029017,1740163415.291683,2,3,0.00015004256892018684,2.928229754999595e-07,-0.00014977833734293138,0.0002055817257089164,-2.9774659946821254e-05,-5.562345839285345e-05,0.9999999768778269
1740163415.3200135,1740163415.3084245,2,3,0.00018007863309048075,1.176309308203801e-06,-0.0001943482255623658,-0.00017440599141795309,-0.00016451926019934467,-5.2372045621797436e-05,0.9999999698865656
1740163415.3369591,1740163415.324989,2,3,0.00017590982193014179,6.957684668229653e-07,-0.00018009689326006686,0.00015285559929426184,-2.7451457259720958e-05,-5.1146995195060795e-05,0.999999986632784
1740163415.3544548,1740163415.3421826,2,3,0.0001874518369343662,6.213763616603457e-07,-0.00019780209455623623,0.00017319212561002864,-2.350107346734275e-05,-3.541550070198722e-05,0.9999999840989646
1740163415.369151,1740163415.3582084,2,3,0.00015828601919777634,-1.2959480520803919e-06,-0.00016142712224373812,0.0001621669762462067,-9.845073060469529e-06,-1.8814924591212545e-05,0.9999999866254724
1740163415.3859997,1740163415.3747473,2,3,0.00018220853214871046,1.3596512297066303e-06,-0.00019039095170661667,0.000314331207004135,1.3293597857844684e-06,1.8319280197617335e-05,0.9999999504292634
1740163415.4029737,1740163415.391601,2,3,0.00016491708677688672,-3.339749475069924e-07,-0.00017068518941342116,0.00020794399979706145,-5.020937504914147e-07,-2.5398284926426728e-05,0.9999999780569838
1740163415.4241495,1740163415.4085238,2,3,0.00019724488537148816,7.033276732986418e-07,-0.00020939055615308745,0.00013551953611686237,-4.261828528297463e-05,-5.173803442090641e-05,0.9999999885706564
1740163415.4376624,1740163415.4249084,2,3,0.00016735539223119568,-9.690874540410461e-07,-0.00017803597438489314,-0.00011177829565510194,-0.0001706234763366954,-2.541890544926909e-05,0.9999999788735604
1740163415.4530327,1740163415.4416769,2,3,0.0001628980133617997,1.2245926444010818e-07,-0.00016852457724293626,0.00020674481587034172,-1.857345128791071e-05,-1.6700912046726123e-05,0.9999999783163436
1740163415.4693735,1740163415.4581394,2,3,0.00021043694274296422,-7.769907924863492e-07,-0.00022356094623653095,0.00022808322043054973,-3.2830296098135664e-05,-3.237904394187249e-05,0.9999999729259065
1740163415.486032,1740163415.4749937,2,3,0.00019482372837254395,4.2755609801331846e-07,-0.00020692949963461508,0.00015584353871473256,-2.4415388015392524e-05,-6.685627425590883e-05,0.9999999853234592
1740163415.5031703,1740163415.491614,2,3,0.00020956458762938566,-1.8185359105601324e-07,-0.00022155975561550904,0.00015813947240188441,-4.034128079680308e-05,-3.9360625539267536e-05,0.9999999859076146
1740163415.5191386,1740163415.5082927,2,3,0.00021774008747582735,-2.876439765926095e-07,-0.0002326308766177414,0.0001029179505934403,-5.9413575576166564e-05,-5.758560591800252e-05,0.9999999912809101
1740163415.5369751,1740163415.5253513,2,3,0.00019828099461592522,-1.0910119934189188e-07,-0.00020697590660469827,0.0002744015250089477,-4.0477645043562115e-05,-1.0792915211419152e-05,0.9999999614744375
1740163415.5533495,1740163415.5420196,2,3,0.0001997309372871459,-6.051247164469406e-08,-0.00021156947497292765,0.00015243512499835745,-2.6186831450215673e-05,-6.0102560907680486e-05,0.9999999862327322
1740163415.5699422,1740163415.5585802,2,3,0.00021775394379223775,-1.2695543125707915e-06,-0.00022887849572294169,0.00017624849253436236,-7.142331046254993e-05,-6.005069214752931e-05,0.9999999801145467
1740163415.5880406,1740163415.5754952,2,3,0.00021919538716725606,9.895432093350966e-07,-0.0002418957347202255,-0.00015838183309597448,-0.0001978683047364464,-3.419606911286684e-05,0.9999999672969783
1740163415.6037874,1740163415.5919669,2,3,0.0001852017933118515,-4.478622142741758e-07,-0.00019004193651981328,0.00023366905202559056,-5.021708902973557e-05,-2.6439590335051705e-05,0.9999999710889826
1740163415.6197193,1740163415.6083858,2,3,0.00019735637367808613,-1.4826175985439278e-06,-0.00020916287498925186,0.00012535471946850806,-3.8556890100715114e-05,-5.1589398105920785e-05,0.9999999900690472
1740163415.6368935,1740163415.62516,2,3,0.00017248657959599857,-1.8922473198605422e-06,-0.00017650067366921157,0.0001401028334442804,1.6057712744424436e-05,-4.6929632696289976e-05,0.9999999889554777
1740163415.6533647,1740163415.6417327,2,3,0.00017993490202058008,-1.193911615007694e-06,-0.00018750123932164344,0.00022160127533558298,-1.4514000803447803e-05,2.086480415305688e-05,0.9999999751234389
1740163415.670657,1740163415.6587086,2,3,0.00017776463880263082,-2.0150238697035306e-06,-0.00018145082171349214,0.0001943944922064465,-3.527716964186304e-05,-3.367001875076136e-05,0.999999979916316
1740163415.6908045,1740163415.67547,2,3,0.00020266927146423582,-1.1745594747820783e-06,-0.000213823672704131,0.00014266655391806835,-4.421423705539307e-05,-4.338108760849133e-05,0.9999999879047184
1740163415.703789,1740163415.692168,2,3,0.00021495697182172477,-1.6808089866255695e-06,-0.00022478136990859747,0.00014574053043268364,-6.996238786027113e-05,-3.5779668134226084e-05,0.9999999862923885
1740163415.7202911,1740163415.7088394,2,3,0.0001366363618666438,-1.6842259242650645e-06,-0.0001437001716396176,-0.00015194835705043043,-0.00014376671752235995,-4.641047606670967e-05,0.9999999770444474
1740163415.7365038,1740163415.725254,2,3,0.0001570122515049141,-3.4761807195555777e-06,-0.00015621593187466816,3.9287444575140934e-05,-1.1135022444067624e-05,-8.522459870400401e-05,0.9999999955346379
1740163415.7531404,1740163415.7418096,2,3,0.0001929013165393369,-5.52088877004906e-08,-0.00020112381877332273,0.0001420135288197391,-3.429279632300876e-05,-8.722338864656471e-05,0.999999985524121
1740163415.7707117,1740163415.7588105,2,3,0.00014242578923920544,-2.33623768236734e-06,-0.0001387794196181075,0.00012258456832426598,4.903835169067816e-06,-6.376609654345948e-05,0.9999999904414304
1740163415.7861395,1740163415.7752051,2,3,0.0001704208190406283,-3.655759518511346e-06,-0.00017501518413592107,0.00014460632628877769,-1.2110688880284135e-05,-4.6389887644822946e-05,0.9999999883951599
1740163415.8036485,1740163415.7920556,2,3,0.0001780897578276242,-2.441745910882595e-06,-0.0001788999030216389,8.625198298728193e-05,-5.755545990548627e-05,-0.00010606183284789278,0.999999988999426
1740163415.8206074,1740163415.8086648,2,3,0.00011179051699010491,-4.024591608333766e-06,-0.00011032122803021631,-0.00012707551482730146,-0.000154141734493669,-5.3675230927558e-05,0.9999999786055542
1740163415.837705,1740163415.8252335,2,3,0.0001290723372603908,-5.301927402519974e-06,-0.00012266797018456888,7.638535509879818e-05,-9.547615463597782e-06,-0.00010403001684787254,0.999999991625938
1740163415.8536823,1740163415.8423958,2,3,0.00014216020861375307,-3.270207164005137e-06,-0.00014001254836727988,0.00024164040168972827,-2.256059649036297e-05,-4.7436906724708037e-05,0.9999999694253374
1740163415.8701224,1740163415.8588314,2,3,0.00011120513843356952,-4.962220906216136e-06,-0.00010312097382692226,0.00010272299176750233,1.0975174432563102e-05,-6.453704596636718e-05,0.9999999925812512
1740163415.8867426,1740163415.8754225,2,3,0.0001528212367537922,-4.111800108411612e-06,-0.00015311368499063387,0.00014070325631488246,-3.3256723810843546e-06,-5.4037122396752995e-05,0.9999999886357614
1740163415.9035811,1740163415.8920996,2,3,0.00013396259296576522,-3.842336505188577e-06,-0.0001294220367716013,0.00017858647892399668,-2.0461455102900175e-05,-4.783361246411246e-05,0.9999999827000717
1740163415.92006,1740163415.9089417,2,3,0.0001674120062891384,-3.1502563993342537e-06,-0.00017090432784476158,0.0002104064840327195,-1.5141725733267325e-05,-4.784638050874365e-05,0.9999999766052814
1740163415.93597,1740163415.9252696,2,3,0.00011806720593992919,-4.643405789853184e-06,-0.00011087817371630929,0.0001347137425001361,1.259041919688534e-05,-4.3628389709512155e-05,0.9999999898951262
1740163415.9541738,1740163415.942409,2,3,0.00012897035203117727,-3.0259434194649654e-06,-0.00012805412623550044,0.00016793200279722887,3.801594189257645e-05,-6.103883455325461e-05,0.9999999833139455
1740163415.9697673,1740163415.9589703,2,3,0.0001493650847337316,-3.133714628396338e-06,-0.00015074526886292135,0.00013567021955693964,3.899925987114745e-06,-7.38379579264284e-05,0.999999988063169
1740163415.986631,1740163415.9755013,2,3,0.0001397529900180433,-2.2650430187046974e-06,-0.00014637656412068905,-0.00014663284268125906,-0.00015497358654617118,-4.4099007207128834e-05,0.999999976268637
1740163416.0052488,1740163415.992617,2,3,0.0001414940382076372,-3.560070775908528e-06,-0.00014180611741216833,0.0001240490090910117,1.0871042421876077e-05,-6.807840340326722e-05,0.9999999899294972
1740163416.0227911,1740163416.0090408,2,3,0.0001293378905530648,-4.191514047412633e-06,-0.0001270957421231293,0.00020044065964208209,3.784939109590799e-05,-3.045475468591932e-05,0.9999999787317365
1740163416.0368633,1740163416.025558,2,3,0.0001828374621867309,-1.5812820209268758e-06,-0.00019070300248377867,0.00017172831444433738,-4.674452458505922e-05,-3.5325206543773775e-05,0.9999999835382325
1740163416.0544267,1740163416.042464,2,3,0.0001609964688718636,-3.7598803468060847e-06,-0.00016588468966498944,0.00026913946870352017,-1.4748491118447385e-05,-4.550697937159599e-07,0.99999996367311
1740163416.0701375,1740163416.0588791,2,3,0.00015137010711668584,-2.512173327981413e-06,-0.00015350929904313332,0.00012980964246540124,-3.0454656504942734e-06,-4.17040635047046e-05,0.9999999907004764
1740163416.0871801,1740163416.075703,2,3,0.00016946710034550986,-2.848073231498681e-06,-0.00017432461036235677,0.00015515198686565998,-2.0977959563020234e-05,-5.622830610655495e-05,0.9999999861630817
1740163416.107062,1740163416.0922346,2,3,0.00017640268910639302,-2.6324562809570935e-06,-0.00018468493244388354,8.28038569969162e-05,-5.4028079612983325e-05,-9.792839350368839e-05,0.9999999903172587
1740163416.1201634,1740163416.1090727,2,3,0.0001892137537811213,-3.5638856264820537e-06,-0.0001969350392973685,0.00015098571007375453,-2.4728104046861155e-05,-4.543874484825202e-05,0.9999999872635783
1740163416.1368704,1740163416.1257064,2,3,0.0001716824915664804,-3.227693990732399e-06,-0.0001791208434272638,0.00016795042171686533,-1.3385882774054915e-05,-1.246760356956311e-05,0.9999999857290163
1740163416.1531382,1740163416.1422834,2,3,0.00017191009874365006,-2.695370069735014e-06,-0.00017716789090737627,0.00010937901273391701,-6.070117046425579e-06,-8.056511448167216e-05,0.9999999907543237
1740163416.1703823,1740163416.1590226,2,3,0.00020152664543291582,-2.761142976409653e-06,-0.00021416819412829462,7.778648757972973e-05,-5.339985563680921e-05,-8.687899331856968e-05,0.9999999917748791
1740163416.1874416,1740163416.1758997,2,3,0.00015646873349420368,-2.6943908343879504e-06,-0.00016719178475165357,-0.0001802576684319057,-0.0001663191333844349,-2.927291116481948e-05,0.9999999694941073
1740163416.203738,1740163416.192317,2,3,0.0001766702477010656,-3.533331569005466e-06,-0.00018588528395301177,0.0001560268180441009,-4.730385363534594e-05,-2.4780351843706507e-05,0.9999999864019556
1740163416.2205205,1740163416.2089233,2,3,0.00017229590862203646,-2.423012188235453e-06,-0.00018000996988507844,0.00019846528531145826,-2.217177927800808e-05,-5.350854688857681e-05,0.9999999786283889
1740163416.2374706,1740163416.2259068,2,3,0.00019451714639165293,-1.963295316844779e-06,-0.00020693235746590527,0.000190177633934762,-2.4256745805702118e-05,-5.441751509806924e-05,0.9999999801414057
1740163416.2540226,1740163416.2424123,2,3,0.00020513142167332644,-2.6828553335742035e-06,-0.00021815829457000427,0.00023232589792218268,-6.871312276624199e-05,-1.4073352638423254e-05,0.9999999705525618
1740163416.2711933,1740163416.25916,2,3,0.00019330034349528328,-2.900967974532999e-06,-0.0002097659892301344,-9.522068672993933e-05,-0.0002368581058298143,-2.9936789040825796e-05,0.999999966967523
1740163416.2868307,1740163416.2758985,2,3,0.00021007555089628944,-3.191253559951726e-06,-0.00022451735042482973,0.00017737166005534432,-9.552428822660175e-05,-2.4233147921431905e-05,0.9999999794135793
1740163416.3034256,1740163416.2924562,2,3,0.00020570969404304918,-2.659356091433582e-06,-0.00021888279171357252,0.00020649807897805177,-3.961103607500078e-05,-1.887897211725224e-05,0.9999999777165466
1740163416.320575,1740163416.3093092,2,3,0.00020162017359581422,-3.255410399656543e-06,-0.00021459341360537508,0.0002208358026376443,-2.9770940731097667e-05,-9.67475622757562e-06,0.9999999751258188
1740163416.336846,1740163416.325871,2,3,0.00022923925313669783,-3.283676043371362e-06,-0.00024612041827196845,0.00022398051617468492,-9.945455680982653e-05,-2.2545080851888866e-05,0.999999969716619
1740163416.3543754,1740163416.3430877,2,3,0.00019746888119814257,-2.39122935611932e-06,-0.00020884926353387738,0.0001904786907651168,-2.4198093495566274e-05,-2.7887991981037717e-05,0.9999999811772902
1740163416.3710022,1740163416.3594427,2,3,0.0001911460581780573,-3.570259614172316e-06,-0.00020029084316854984,0.00021073203751507328,-2.954493398904357e-05,-5.1632628614136645e-05,0.9999999760265882
1740163416.3869863,1740163416.3758998,2,3,0.00019243002074578993,-4.1640541291601515e-06,-0.0002026456723716226,0.00014311088474636529,-5.622383391390499e-05,-4.7768790071109705e-05,0.9999999870381487
1740163416.4039173,1740163416.3925285,2,3,0.00019983476452467065,-2.6801472167146092e-06,-0.0002095494992336638,0.00025287273695216635,-5.8217298944377955e-05,-3.1753848538901814e-05,0.9999999658289084
1740163416.4216156,1740163416.4096727,2,3,0.00017456320979921622,-4.79805945414402e-06,-0.00018241290260056077,0.00019542094471348544,-1.8793657558695968e-05,-4.843839281897731e-05,0.9999999795555872
1740163416.4379096,1740163416.4265208,2,3,0.00022200146143352422,-2.527065424547443e-06,-0.00023532935748123417,0.0001735368295941118,-7.893035978757134e-05,-2.972475181391243e-05,0.999999981385703
1740163416.4549813,1740163416.442847,2,3,0.00014538218619871787,-3.9407794607332765e-06,-0.00014689675173796014,0.00017312923550755047,1.0155298642297358e-05,-3.379860535361676e-05,0.999999984390396
1740163416.4707851,1740163416.459493,2,3,0.00019732527325518596,-4.519310364189102e-06,-0.00020627980026523808,0.00013042756976086833,-6.958068033163071e-05,-2.641697271236258e-05,0.9999999887246607
1740163416.4871428,1740163416.475985,2,3,0.00017812285540827832,-3.5051367564805722e-06,-0.0001858104214067598,0.0001116801331039335,-6.352007374867877e-06,-4.7370116779873934e-05,0.999999992621636
1740163416.5046198,1740163416.4928987,2,3,0.00017335152824230347,-2.1785782966874755e-06,-0.00017814133181587202,0.00016164960375636772,-2.2804652092077842e-05,-8.167066431907768e-05,0.9999999833396278
1740163416.5204906,1740163416.5092666,2,3,0.0002172534772899062,-2.365817834647109e-06,-0.00023224744751101367,0.0002398505853281162,-4.600771232375222e-05,-2.1789292580481948e-05,0.9999999699401065
1740163416.5374584,1740163416.5260248,2,3,0.00020945511355121543,-1.2574945829120688e-06,-0.0002210106972018689,0.00011943595748057193,-2.6535005633341032e-05,-2.3291516792008277e-05,0.9999999922442253
1740163416.5586452,1740163416.5428286,2,3,0.00015646944752889907,-1.0190498723773305e-06,-0.00015936062559226077,0.00020799579019090738,-6.216454909848265e-06,-2.350764299613727e-05,0.9999999780732487
1740163416.5709445,1740163416.5595193,2,3,0.00015213450353989308,-3.1522589870908687e-06,-0.00015466757589835083,8.49687969034241e-05,3.152160159090422e-05,-8.546807698659606e-05,0.9999999922409499
1740163416.5877311,1740163416.5761628,2,3,0.00017592440807246424,-1.832603949313573e-06,-0.00018205644551403172,0.0001750537896369952,-2.239069339773956e-05,-3.2629973116563826e-05,0.9999999838950562
1740163416.6047134,1740163416.5931609,2,3,0.00014635774473109137,-3.894670264397028e-06,-0.0001450506273488634,0.0001608713351097395,8.469587605459065e-06,-2.3934952649502603e-05,0.9999999867378987
1740163416.6212857,1740163416.609688,2,3,0.00016992144548298512,-3.4043217156352754e-06,-0.00017539146689396,0.0003038460888015627,1.778363605875854e-05,-5.37759408505417e-06,0.999999953666188
1740163416.6380103,1740163416.6262527,2,3,0.00012611543961897072,-3.1097135931623992e-06,-0.00012563087669297026,-0.0001058730206701089,-0.00016795531373163368,3.4510914822188645e-06,0.9999999802850028
1740163416.6547787,1740163416.6430213,2,3,0.00012143430176619353,-3.976364655780853e-06,-0.0001239845205555045,-3.938187330014259e-05,-0.0001269631605856773,-2.3038569419057077e-05,0.999999990899324
1740163416.6709282,1740163416.6596906,2,3,0.00012856376293114797,-3.97174089642739e-06,-0.00012448145809434413,0.00021422827973010633,2.2248172070740836e-05,-1.0964355942065078e-05,0.9999999767455227
1740163416.6882033,1740163416.6765325,2,3,0.0001237394059226617,-3.559673491864844e-06,-0.00011908890537715025,0.0003192396737696576,4.260593277250564e-05,-2.8097643826779903e-05,0.9999999477406424
1740163416.704104,1740163416.6928463,2,3,0.00010549594158346515,-4.335891208649442e-06,-9.72834239132239e-05,0.00023898300547518512,5.1168139451521404e-05,-1.2325655584376028e-07,0.9999999701344643
1740163416.7205737,1740163416.7094972,2,3,0.00013204379068606898,-4.12915084769412e-06,-0.00012993561606020783,0.00025619034127040115,2.3105543060204515e-05,-3.913676473618564e-05,0.9999999661504778
1740163416.7377932,1740163416.7264047,2,3,0.00015003209748404748,-3.5235822610209746e-06,-0.00014790661218398247,0.00015718675397069889,-1.9433240127852135e-06,-4.813818616318598e-05,0.9999999864856313
1740163416.7545488,1740163416.742767,2,3,0.00010432626905896474,-5.5594617661012885e-06,-9.834799590685911e-05,0.0003138656369446748,3.099668530352558e-05,-3.789469780171063e-05,0.9999999495457783
1740163416.7707741,1740163416.7595723,2,3,0.00012619392553844211,-4.566350764314013e-06,-0.00012381561245989803,0.00012054989069344906,3.881837094774182e-06,-7.905396565958289e-05,0.9999999896015628
1740163416.787725,1740163416.7762947,2,3,7.243617413518267e-05,-4.773496472730075e-06,-6.573775725784032e-05,-0.00014549507640971405,-0.0001166148705007063,-5.634463074099397e-05,0.9999999810287186
1740163416.8043945,1740163416.7928224,2,3,0.00010090717102273341,-5.94953470213592e-06,-9.466823892737315e-05,0.00021167007606648868,4.7872143840289714e-05,-3.534666591468209e-05,0.9999999758273247
1740163416.821565,1740163416.8097904,2,3,-8.642874287147822e-05,-6.158654834575906e-06,-0.00037732691816242254,0.005150179029174565,-0.6493716321948765,3.140926240028125e-05,0.7604537842433213
1740163416.8378208,1740163416.8263335,2,3,8.185234436338401e-05,-4.886334841324505e-06,-7.202421235099951e-05,0.0001378999442670059,7.71380947401138e-05,-7.457943467933358e-05,0.9999999847356138
1740163416.8563545,1740163416.8429291,2,3,0.00014999991913271959,-4.288116469239869e-06,-0.00015490246345158297,0.0001572744297052029,3.952086057792628e-06,-6.901088885217802e-05,0.9999999852433159
1740163416.8716857,1740163416.859872,2,3,-4.817539450050972e-05,-4.352955921970549e-06,-0.0004161276527216951,0.0049668525270446795,-0.6494582331087553,-0.00014966514748561066,0.7603810304206516
1740163416.88716,1740163416.876343,2,3,0.00011888220416618033,-3.3470870422435473e-06,-0.00011755869094450102,0.00018335190586411145,4.618069445027515e-05,-4.878852040728777e-05,0.999999980934551
1740163416.9040694,1740163416.8929508,2,3,-7.599196673880951e-05,-5.063114196450932e-06,-0.0003861135218687837,0.004918054148444198,-0.6495067292298269,-0.00017304878683671433,0.76033991838038
1740163416.9212887,1740163416.909884,2,3,0.00014908222143197403,-3.2010869556382676e-06,-0.0001538415420867409,0.00010379139338604884,6.320415278607103e-06,-8.36858507670545e-05,0.9999999910920386
1740163416.9374866,1740163416.9262886,2,3,0.00015724310986386968,-3.629559969669792e-06,-0.0001636222431126125,0.00013138354121403545,-8.867976365466104e-06,-3.687439296728728e-05,0.9999999906500016
1740163416.9545689,1740163416.943034,2,3,0.0001988771282706403,-1.4124790065568917e-06,-0.00021211923483386774,0.00012165515194506444,-5.0212695574085e-05,-5.1281033615719575e-05,0.9999999900244823
1740163416.9713953,1740163416.9599805,2,3,0.0001875250848098257,-2.483452523727911e-06,-0.0001982381267342519,2.952458285822952e-05,-4.372122410266223e-05,-9.250915509935657e-05,0.9999999943294049
1740163416.9873862,1740163416.9764035,2,3,0.00019772056117185678,-1.753683729455546e-06,-0.00021200170142408428,5.9866182098909444e-05,-3.141822117514027e-05,-7.000767333532445e-05,0.9999999952639307
1740163417.0045803,1740163416.9932272,2,3,0.00020895732421001266,-1.5945530990772907e-06,-0.00022383536754831283,0.00013729481595412893,-5.42560577179497e-05,-3.608751931415528e-05,0.9999999884520523
1740163417.021395,1740163417.009943,2,3,0.0002570317282364466,-7.119667678362667e-07,-0.00027995565375726656,0.00011115464198338411,-7.9362059625881e-05,-7.361872302934287e-05,0.9999999879632964
1740163417.0372543,1740163417.0263038,2,3,0.00023785387260631208,-1.4632616341966874e-06,-0.0002578455806840503,7.99027603562401e-05,-8.654874919771869e-05,-3.930996478417422e-05,0.9999999922897947
1740163417.054868,1740163417.0433333,2,3,0.00022338018028310837,-2.517917762187438e-06,-0.00024200216797538957,0.00016193112310343026,-7.182491967570765e-05,-5.9549322298685016e-05,0.9999999825366851
1740163417.0710905,1740163417.0599,2,3,0.0002063859685293426,-3.67410288942659e-06,-0.0002202785076766931,0.0001153879269975123,-4.320660566617733e-05,-4.0146477136999146e-05,0.9999999916035378
1740163417.0874968,1740163417.0764887,2,3,0.00023507392472071274,-4.2668314498302435e-06,-0.0002554695357570053,0.00012776745932026743,-4.441345912746864e-05,-5.503650224849092e-05,0.9999999893369522
1740163417.1049674,1740163417.093391,2,3,0.00024347336176055003,-1.8621567463702092e-06,-0.00026396913813483985,-2.4921252331983136e-05,-6.982595787304555e-05,-9.9556881648615e-05,0.999999992295847
1740163417.1217542,1740163417.1101391,2,3,0.00022074488615452618,-3.1425164949331223e-06,-0.0002375257093553207,0.00016817683200680855,-6.646117573279637e-05,-3.5895286762504694e-05,0.9999999830054966
1740163417.1377547,1740163417.1265666,2,3,0.0002393947592958139,-2.409036976015484e-06,-0.0002642049291093557,-0.00016523609323142651,-0.000205575231362865,-7.2161547001071e-06,0.9999999651918917
1740163417.1571019,1740163417.1434772,2,3,0.0002555514656338351,-3.1525290153359195e-06,-0.00027854463885209214,0.00015208845613231224,-9.12164403032512e-05,-3.50019069160128e-05,0.9999999836617645
1740163417.1711545,1740163417.1598916,2,3,0.00021358195076361534,-3.1474324994316814e-06,-0.00022646594285175947,7.206487418304967e-05,-4.2960587704116034e-05,-4.6313398467117485e-05,0.9999999954080555
1740163417.1883154,1740163417.1765797,2,3,0.00025789933633199916,-2.6496110528523378e-06,-0.0002788289823671373,0.00013197074613290158,-0.00011751928976253146,-5.586109003166241e-05,0.9999999828262385
1740163417.204462,1740163417.193294,2,3,0.00018658130327418065,-2.732337484814918e-06,-0.0001951837198576312,0.00012251384467779753,-2.2497092850209297e-05,-0.00010913966169839062,0.9999999862863863
1740163417.2206726,1740163417.2098382,2,3,0.00022637344452204242,-3.6877361331218016e-06,-0.00024201468917828609,6.86842405330308e-05,-7.475223275669653e-05,-0.00010634040151590272,0.9999999891931489
1740163417.2383285,1740163417.2270176,2,3,0.0002083777182361976,-2.2321546463143776e-06,-0.00021987396476734082,0.00014159546951422497,-3.487268184059518e-05,-3.199486692768115e-05,0.9999999888554738
1740163417.2545483,1740163417.2433581,2,3,0.00025028593343112725,-3.0242227177155505e-06,-0.00026783039160719225,0.0001038413928490074,-0.00012003033792266171,-7.157844275735904e-05,0.9999999848431047
1740163417.271786,1740163417.2599144,2,3,0.0002202895002605887,-3.452519376147507e-06,-0.00023238742757933484,5.0544655482237955e-05,-0.00010520116195164837,-9.746166078576974e-05,0.9999999884395889
1740163417.2888966,1740163417.2769415,2,3,0.0002046696042224607,-1.8571852454996545e-06,-0.00021450176986408413,0.00019141835042528542,-6.401473513343343e-05,-5.2145388336708035e-05,0.9999999782709934
1740163417.304858,1740163417.2933667,2,3,0.00020746223441562686,-3.2201623324104737e-06,-0.00022382010922416206,-0.0001349492438361967,-0.00023222528892312029,7.32476395221139e-06,0.9999999639032316
1740163417.3220708,1740163417.3104217,2,3,0.00018542369991031638,-2.169261252982663e-06,-0.00019292576308544627,0.00016166518528003433,-5.6991888354642564e-05,-6.0108168880040094e-05,0.9999999835016502
1740163417.343015,1740163417.327012,2,3,0.00017726209083162583,-2.3953551518419266e-06,-0.00018141559465422192,6.233303934707245e-05,-3.312229227663359e-05,-4.0931841694609435e-05,0.9999999966710452
1740163417.3555465,1740163417.3436139,2,3,0.00017891687535365468,-1.725030141498956e-06,-0.00018540294098010448,0.00020048122265712236,-2.651496967349237e-05,-6.693205246164298e-05,0.9999999773121677
1740163417.3716607,1740163417.36015,2,3,0.00019991674016551489,-1.1677431151260665e-06,-0.00020986878177963505,0.0001039056596113043,-4.126748678549759e-05,-7.909950790368724e-05,0.9999999906219381
1740163417.388373,1740163417.3770285,2,3,0.00018989015085209353,-2.6886479665083355e-06,-0.00019675931923527013,0.00023423300056263393,-6.627600109505468e-05,-2.127459244097386e-05,0.9999999701448921
1740163417.4057355,1740163417.3938282,2,3,0.00013739845580851363,-2.2958090769197024e-06,-0.00013548612477749163,9.541105287082386e-05,-1.3445509298274199e-05,-5.8056722686569314e-05,0.9999999936726831
1740163417.42652,1740163417.4106374,2,3,0.00023791488160715153,-2.536310374606325e-06,-0.0002512589010403363,0.00018513379050154476,-0.00011411314894982258,-3.48651954219841e-05,0.9999999757440433
1740163417.4416018,1740163417.427173,2,3,0.00018559257109123685,-1.0572237810208239e-06,-0.0001913201046925973,0.00010967262833073312,-5.870571249805241e-05,-8.276935576874477e-05,0.9999999888373938
1740163417.4546702,1740163417.4435363,2,3,0.00021227768051598802,-1.3272436973689112e-06,-0.0002202607073830282,0.00016240305957726997,-6.553421536251572e-05,-5.9096597444071176e-05,0.9999999829190523
1740163417.472046,1740163417.460539,2,3,0.0001820907868686366,-8.970938180345364e-07,-0.00018682745543392945,0.00021117889149283622,-2.238008489195871e-05,-2.893007471253985e-05,0.9999999770328288
1740163417.4887877,1740163417.4770145,2,3,0.00020821661039512607,-5.103094116274214e-07,-0.0002151359897440781,0.00016165754474034618,-8.157001956369319e-05,-6.775157438029777e-05,0.999999981311447
1740163417.5051599,1740163417.4936562,2,3,0.0002061852937275195,-7.66922495473791e-07,-0.00021424652905810605,0.00021229184104664423,-6.153540426785019e-05,-4.523720872968459e-05,0.9999999745495812
1740163417.5236475,1740163417.510803,2,3,0.0001687871234333499,-2.446070275524711e-06,-0.00016891083425321502,0.00016018094310321046,-1.5866582647548735e-05,-7.977382885263843e-05,0.9999999838632265
1740163417.5382981,1740163417.5269768,2,3,0.00017729555947791314,-1.736138824899427e-06,-0.00017992689290842703,0.00014437613449972387,3.374997500358396e-08,-5.913507079842106e-05,0.999999987829287
1740163417.555048,1740163417.5436206,2,3,0.00019685158018172908,-1.6694653687926064e-06,-0.00020152117239255552,0.00010664317491540086,-3.559731091510998e-05,-0.00010228776577531201,0.9999999884486388
1740163417.5718873,1740163417.5604107,2,3,0.00016352260235850068,-1.9416421253906592e-06,-0.00016345305353741737,0.0001956682163794971,2.519244016402662e-06,-4.987717662748212e-05,0.9999999796099346
1740163417.5880294,1740163417.576978,2,3,0.00017274532299912042,-2.2660523201773556e-06,-0.00017349061530268483,0.00024123017671580732,-3.2705555030383185e-05,-4.856318462814721e-05,0.9999999691899822
1740163417.6051931,1740163417.5939183,2,3,0.00021791864456877856,-1.123826657178301e-06,-0.00022696113686488458,0.00012939956748869995,-6.037385600196416e-05,-4.053029676955597e-05,0.9999999889840222
1740163417.6257677,1740163417.6107168,2,3,0.00016110319260529752,-3.0948804891570993e-06,-0.00016115684126518512,0.0001316842150865905,-1.1404575009330392e-05,-5.5085017907241125e-05,0.9999999897474219
1740163417.6384265,1740163417.6272655,2,3,0.00013918431826792833,-4.2050406094108286e-06,-0.00013377802052433357,0.0002398393155451223,-4.088318017701958e-06,-3.6856731439900544e-05,0.9999999705509844
1740163417.6599112,1740163417.6440392,2,3,0.0001633829386968619,-2.6512326021263214e-06,-0.00017143018212230278,-0.00019780686349148943,-0.00016016045657366197,-3.062087158921472e-05,0.999999967141717
1740163417.6740408,1740163417.6605704,2,3,0.00023110542727042616,-2.981555445461919e-06,-0.0002418577922879935,0.00015225543642086707,-8.482254290853232e-05,-4.5332370663022024e-05,0.9999999837841972
1740163417.689786,1740163417.6770875,2,3,0.00017785762641645182,-2.7172845167801516e-06,-0.00018214608328108887,8.855686487910419e-05,-1.8139259027392357e-05,-9.603508659375381e-05,0.9999999913029555
1740163417.7059302,1740163417.6941006,2,3,0.0001731940659728603,-2.8301514946730423e-06,-0.00017595269884296567,0.00011801351819717813,1.1571877404416708e-07,-5.7063365497902234e-05,0.9999999914082841
1740163417.721629,1740163417.7105486,2,3,0.00019969065543411292,-1.9513511232052284e-06,-0.000207786343535698,0.00020746943267594702,-4.769445416796995e-05,-3.158538886201301e-05,0.9999999768420181
1740163417.7387373,1740163417.7271433,2,3,0.00018769388912014324,-1.2824418874975067e-06,-0.00019138282271649267,0.0001695389212431438,-2.782230426007125e-05,-7.112856337113947e-05,0.9999999827116003
1740163417.7567647,1740163417.7441082,2,3,0.00017644251729202298,-8.621798852130046e-07,-0.00018067411198135762,0.00022959298926448197,-1.89452198698649e-05,-5.5659047470964615e-05,0.9999999719151038
1740163417.7718723,1740163417.7606623,2,3,0.0001845116910110518,-1.6553734161338636e-06,-0.00018628005212465435,0.00016244497877929265,-1.9977355357035575e-05,-4.471554181815491e-05,0.9999999856065271
1740163417.7885356,1740163417.7772193,2,3,0.0001867201812108143,-1.2266232397489242e-06,-0.00019098977721102416,0.0002038018239797709,6.063287958662176e-06,-3.4287499291098014e-05,0.99999997862621
1740163417.8053253,1740163417.7942536,2,3,0.00017193264230165093,-2.033450307134293e-06,-0.00017285373943458108,0.00013325739134901175,1.746107589654846e-05,-4.910316894671435e-05,0.9999999897632286
1740163417.8216846,1740163417.810696,2,3,0.0001887410312876066,-1.5229171041208266e-06,-0.00019298910697844424,0.00023591129553216975,-2.236838846198067e-05,-2.5640494986994303e-05,0.9999999715940401
1740163417.8396397,1740163417.827546,2,3,0.00015477584553996422,-2.246760051065818e-06,-0.00015278231598544033,0.00016510155371346418,1.0947772416683348e-05,-4.9513755010078286e-05,0.9999999850850055
1740163417.8548284,1740163417.8440201,2,3,0.00019564782682416498,-2.477519489287141e-06,-0.00020253472914609757,0.0002513914795420472,1.3758445858113595e-05,-1.1077001458805156e-05,0.9999999682451641
1740163417.8717716,1740163417.8606255,2,3,0.00018401617170845513,-1.473558449411347e-06,-0.00018601534416380362,0.0001887816219413541,-1.2619287874094656e-05,-9.992252796779205e-05,0.9999999771088702
1740163417.8892674,1740163417.8776593,2,3,0.00017724240810635945,-2.1494208301576236e-06,-0.0001817266616676329,0.00015100891366612876,5.018033042763323e-06,-8.11311414658989e-05,0.9999999852944325
1740163417.9052114,1740163417.8940837,2,3,0.00019094772962115553,-1.6101274195178036e-06,-0.00019797215877926047,7.924562778800271e-05,2.0051317174313556e-06,-6.943311997133424e-05,0.9999999944475759
1740163417.9224281,1740163417.9106905,2,3,0.00016636368202789607,-1.8298301156215965e-06,-0.00016882784154720348,0.0002636012710416172,8.099187451891129e-07,-4.416105241026863e-05,0.9999999642817571
1740163417.9396744,1740163417.9277067,2,3,0.00018698065994659076,-2.5263890853645157e-06,-0.00019333191246611393,0.0001511489630301923,-2.0762383313276216e-05,-4.9184847874873415e-05,0.9999999871518825
1740163417.9555843,1740163417.9442003,2,3,0.000173617309096497,-1.961675704391282e-06,-0.00017874128216539974,0.00022917890852676518,1.1919204651363495e-05,-4.361079608661029e-05,0.9999999727165291
1740163417.971731,1740163417.9606655,2,3,0.0001944937432331485,-9.032327019452604e-07,-0.00019982470052206094,0.00011285681906654731,-1.9942776795429077e-05,-7.306516421058685e-05,0.9999999907635528
1740163417.9917605,1740163417.9776409,2,3,0.00015881120802050988,-1.3295438693762865e-06,-0.00016217948062872338,0.0002438901323497285,1.8367439263318372e-05,-6.146846988346658e-05,0.9999999682009334
1740163418.0050228,1740163417.9940524,2,3,0.00014741513015697891,-1.2413044558870392e-06,-0.00014580827776955636,0.0001415588157405852,3.0185969930404812e-05,-4.806597361840003e-05,0.9999999883697855
1740163418.0255842,1740163418.010951,2,3,0.00015214503858395744,-1.684980746396778e-06,-0.00015241350571396968,0.00025295932781593046,2.369279198796766e-05,-2.795077063973895e-05,0.9999999673344917
1740163418.0388484,1740163418.0274642,2,3,0.00018853704748915463,-1.0969290790171943e-06,-0.00019363212865310963,8.955075944958375e-05,-3.889277191487449e-05,-8.461232152197985e-05,0.9999999916543842
1740163418.0585423,1740163418.044154,2,3,0.0001749591517029095,-4.4433131341855e-07,-0.0001818554369252417,0.0002678043975152342,2.8909157156975852e-05,-1.898850558134998e-05,0.9999999635422503
1740163418.0724576,1740163418.061053,2,3,0.0001414482267584145,-1.5920086735638743e-06,-0.00013672749915437206,0.00011664271975418197,3.425687266304936e-05,-8.290501366929544e-05,0.9999999891738507
1740163418.0890882,1740163418.0775728,2,3,0.00017588252081139456,-1.4849357550512397e-06,-0.0001813545786008892,0.000266137732699461,1.3734894928640016e-06,-1.4950256301168315e-05,0.9999999644726547
1740163418.1055286,1740163418.0941048,2,3,0.00011381620735573516,-2.544678358699767e-06,-0.00010535482812518222,0.00010350468786889401,5.2838027085067355e-05,-2.387722291524438e-05,0.9999999929624004
1740163418.1226184,1740163418.1111162,2,3,0.0001715912404694109,-1.69911230618269e-06,-0.00018164475192440342,-5.776180234565434e-05,-0.00017823148045735733,-4.826383690610307e-05,0.9999999812838577
1740163418.138916,1740163418.1275208,2,3,0.00010885943030386576,-4.127439449658331e-06,-0.0001019445868341492,0.00013993579508276167,5.102379072182664e-05,-4.4021543634329906e-05,0.9999999879383249
1740163418.1552758,1740163418.1442714,2,3,0.00015874026006173112,-2.480346848152834e-06,-0.00016001432871764164,0.00024505313347300024,1.0027504405134093e-05,-5.8989983389048226e-05,0.9999999681842959
1740163418.1742449,1740163418.1612086,2,3,0.00013454551012014634,-3.2782668767959244e-06,-0.0001288551550071256,0.0001730102874391565,1.1382178461726476e-05,-3.2504575197066686e-05,0.9999999844406694
1740163418.1892884,1740163418.177787,2,3,0.00015764344112075563,-2.353361706725304e-06,-0.00016568292271765186,-9.369031862948808e-05,-0.00015741205588616332,-7.222199101973277e-05,0.9999999806137763
1740163418.2059443,1740163418.1942523,2,3,0.00017142379143676655,-1.2344650464159426e-06,-0.00017260573744974067,0.00011557097959847969,-4.037031634019927e-05,-5.252101892286398e-05,0.9999999911275643
1740163418.2222924,1740163418.2111256,2,3,0.00012669242774706813,-2.054085408925169e-06,-0.00012411902732552854,0.00023954896159971358,1.2097142012160076e-05,-5.8844339946989295e-05,0.9999999695036484
1740163418.2389884,1740163418.2276883,2,3,0.0001200847277067093,-1.8925958440732646e-06,-0.0001132054287414533,0.00012104395052417867,-1.1844369258413396e-05,-5.474161002194793e-05,0.9999999911057145
1740163418.2563062,1740163418.2445235,2,3,0.00018462675669725197,-1.2636143831110776e-06,-0.00018963648755462073,0.00023158444567708845,-7.188386780095466e-05,-6.51542727547791e-05,0.9999999684781369
1740163418.2747276,1740163418.2611408,2,3,0.00014227663029810794,-6.132260595345515e-07,-0.00013835978016153174,0.0001417292533651129,-1.3918021089823723e-05,-5.7881533705587e-05,0.9999999881844177
1740163418.2891147,1740163418.277722,2,3,0.00014577254153760627,-2.335070014559498e-06,-0.0001432407357144995,0.0002606247344285265,-2.401999333499522e-05,-3.1029041960291447e-05,0.9999999652674926
1740163418.3063486,1740163418.2946138,2,3,0.0001465826589785156,-1.4859625042725176e-06,-0.00014330599875356155,0.00010797772359202363,-1.044190906935896e-05,-5.877259808972556e-05,0.9999999923887797
1740163418.3224359,1740163418.3111272,2,3,0.00014018523790113098,-1.8601686535096027e-06,-0.00013528819108949187,0.00024091014346099557,-1.923988359466728e-05,-4.9299838623010055e-05,0.9999999695808274
1740163418.3390572,1740163418.3277252,2,3,0.00015848199509410255,-2.1933422343012273e-06,-0.00015658954926942787,0.00015827235467584232,-5.575626650662286e-05,-6.142860848563792e-05,0.9999999840338132
1740163418.3576798,1740163418.3447223,2,3,0.00018112987020370495,-4.708574647809126e-07,-0.00018202666092891808,0.0001545326840920112,-6.833761997918173e-05,-0.00010973913097938332,0.9999999797034709
1740163418.3723364,1740163418.3612447,2,3,0.0001205653454005617,-2.9557210385601914e-06,-0.0001124973363580748,0.00015614755744844275,7.295527355529181e-06,-3.999853482304311e-05,0.9999999869824162
1740163418.3890114,1740163418.3778098,2,3,0.00010999720466388245,-3.061140329535736e-06,-9.885957651417387e-05,0.00021708307248172206,7.524213287193945e-06,-7.124494989065485e-05,0.9999999738712412
1740163418.4062285,1740163418.394745,2,3,0.00016826257260006024,-1.2892283331988112e-06,-0.00016808012427580468,0.00013940660669681728,-3.3094890389738195e-05,-6.52897151486793e-05,0.9999999876038896
1740163418.4224112,1740163418.4112458,2,3,0.0001449317577997086,-2.449591194300464e-06,-0.000138797391725105,0.0001801787664536672,-3.821704556139241e-05,-9.176243474223332e-05,0.9999999788273624
1740163418.439331,1740163418.4281814,2,3,0.0001464422588509991,-2.1638781127774356e-06,-0.00014358620171132878,9.46312753303124e-05,-4.5905663404062895e-06,-6.727632856781472e-05,0.999999993248872
1740163418.4560866,1740163418.4447095,2,3,0.0001320650209215154,-3.3637174410738466e-06,-0.00012360537803487236,0.00017376690484914212,-2.5663822316466495e-05,-5.7377965648422996e-05,0.9999999829270998
1740163418.472515,1740163418.461237,2,3,0.00016995716074201512,-1.3278982277547867e-06,-0.00017034345401230366,0.00018155431982584862,-6.0816650989368384e-05,-3.96241849809625e-05,0.9999999808846438
1740163418.4904003,1740163418.4783554,2,3,0.00012869282599486001,-2.9028253022440057e-06,-0.000126236646501344,-0.00014275248781246225,-0.00018597236374381237,-4.2105565550196854e-05,0.9999999716315638
1740163418.5065,1740163418.4947903,2,3,0.00011826261216846181,-3.4950867523564908e-06,-0.00010913565560896255,0.0002380062100354106,1.1230431541954991e-07,-1.1082311360522807e-06,0.9999999716759013
1740163418.522172,1740163418.5112743,2,3,0.00015668249878351406,-3.0493797904843903e-06,-0.00015255253858298358,0.0002345838260677678,-6.855271831356034e-05,-2.427018974099201e-05,0.9999999698409552
1740163418.5394871,1740163418.5281737,2,3,0.00014391396569585847,-1.925884986453726e-06,-0.0001383306367988248,0.00026011341838435057,-5.882957638543749e-05,-8.723261728320002e-06,0.999999964401997
1740163418.5563881,1740163418.5446846,2,3,0.00018542913586116526,-3.7952243283713188e-06,-0.00018734886567485455,0.0001449228190187869,-4.994343449832923e-05,-8.442690243523808e-05,0.9999999846875639
1740163418.5726442,1740163418.5612018,2,3,0.0001509865517199814,-1.4882835681592508e-06,-0.00014718687464762697,0.00026217471803577147,-5.684932874312723e-05,-1.9468888590033532e-05,0.999999963826766
1740163418.5899343,1740163418.5782301,2,3,0.00016202504305964322,-4.354567995873601e-06,-0.00015734427495683916,0.00019998685830293765,-9.819837031701586e-05,-8.539195960391622e-05,0.9999999715352745
1740163418.605888,1740163418.5947278,2,3,0.00017004957691230176,-3.031310992771669e-06,-0.0001720379562468199,0.0001820583769147182,-8.642658961837285e-05,-2.3564311664051544e-05,0.9999999794149573
1740163418.6224287,1740163418.6113086,2,3,0.0001834891160767541,-3.1710350862430284e-06,-0.0001851221257112954,0.0002030330441943568,-0.00010154746435869114,-6.136774649228552e-05,0.9999999723498472
1740163418.6395292,1740163418.6282992,2,3,0.00018795183456666326,-2.7124293259235328e-06,-0.0001927314773298107,0.00021368730582843896,-0.00010412524762510683,-3.438008379610125e-05,0.9999999711568386
1740163418.6561904,1740163418.6447704,2,3,0.0002160641721964137,-3.5930293441485665e-06,-0.00022429991772664206,0.00014064230641404896,-0.00015507732336393385,-8.4311910110757e-05,0.9999999745311333
1740163418.6737826,1740163418.661686,2,3,0.00020315854757467093,-1.4231070118683076e-06,-0.00021359746849025895,0.00021570836870995542,-0.00010562871356721688,-4.378836395135353e-05,0.9999999701975264
1740163418.6895957,1740163418.6782217,2,3,0.00021597322030508985,-3.3399322664993403e-06,-0.0002242387014360288,0.00016217014980379535,-0.00014569983219084927,-2.909122075319864e-05,0.9999999758130509
1740163418.7063928,1740163418.6948462,2,3,0.0002330530217924322,-1.3899115981558877e-06,-0.00024805218065394164,0.0001687997366779792,-0.00015529708018946457,-3.125062207864524e-05,0.9999999732064319
1740163418.722763,1740163418.7116802,2,3,0.00022286350790362463,-3.4392343058260675e-06,-0.00023232982237816535,0.00018658629081682183,-0.00012919362275194912,2.0350872909862213e-06,0.9999999742452108
1740163418.7393339,1740163418.7281094,2,3,0.00024039381026106513,-2.8108335361325386e-06,-0.00025841939049235755,0.00011604338266690466,-0.00015152671441161876,-9.361653954965739e-05,0.9999999774047655
1740163418.7566965,1740163418.7449675,2,3,0.0002593276715516733,-2.1091144663326286e-06,-0.0002767875143051219,0.0002460404559718144,-0.0001575126181845594,-2.8896507407045287e-05,0.9999999569094296
1740163418.7730732,1740163418.7617674,2,3,0.00026105386280318054,-6.926645628183346e-07,-0.0002823940348814717,0.0001285014334254445,-0.00017962370353046475,-6.253356597991729e-05,0.9999999736561296
1740163418.789532,1740163418.7782223,2,3,0.00021571136463117635,-2.7100370006885123e-06,-0.00022672170796940656,0.0001325607333378197,-0.00010843302911992687,-9.494517002085547e-05,0.9999999808276723
1740163418.80596,1740163418.7949028,2,3,0.00022409282043055453,-1.9701738107628534e-06,-0.00023963353099642267,0.00017398368177172597,-0.0001214456182589029,-4.631579637468158e-05,0.9999999764177434
1740163418.8230364,1740163418.8116548,2,3,0.00020402721123730165,-3.12900980061396e-06,-0.00021217509766219563,0.00015748218822936758,-0.00014893642716954687,-8.429560142720981e-05,0.9999999729557759
1740163418.8397932,1740163418.828301,2,3,0.0001918979034858975,-2.092143482114523e-06,-0.00020178157106151147,0.0001511914566240773,-0.00010033166512363478,-4.6857680686319534e-05,0.9999999824395289
1740163418.8570127,1740163418.8452609,2,3,0.00020640229543631442,-1.9624770429675613e-06,-0.0002166380689963724,0.0001625152735760762,-0.0001449303023355667,-6.236935800240964e-05,0.9999999743470279
1740163418.873591,1740163418.8619292,2,3,0.0001969246148628675,-2.3163550400884454e-06,-0.0002064596090519909,0.0002157245052027123,-0.00012138723914575666,-4.701466661884625e-05,0.9999999682588481
1740163418.8890011,1740163418.8782222,2,3,0.00021301746951622592,-1.9045909262148373e-06,-0.0002244384835570152,0.0001565313315166508,-0.00010113612776559704,-9.011396762552864e-05,0.9999999785744491
1740163418.907105,1740163418.8952954,2,3,0.00019809290493360838,-3.20111498615569e-07,-0.00020842913315898023,9.527385057681632e-05,-9.247512357589749e-05,-9.533135552085368e-05,0.9999999866415886
1740163418.9233317,1740163418.911677,2,3,0.00019374683191217777,-2.301715207274761e-06,-0.00020108266546287726,0.00020851184263883751,-0.0001189362427031043,-4.746392233229634e-05,0.9999999700620784
1740163418.939757,1740163418.9283006,2,3,0.00014260686002124002,-1.4153250445176634e-06,-0.0001450694781909146,0.00014774705702259253,-4.5585466454448165e-05,-2.6863507987786025e-05,0.9999999876855622
1740163418.9572015,1740163418.9451907,2,3,0.000187159873591866,-3.016844114959372e-06,-0.00019203295189610777,0.00021179590140020974,-9.443204851998066e-05,-3.7883202018308857e-05,0.9999999723949733
1740163418.9732678,1740163418.9618042,2,3,0.00018219546524193196,-1.2381187971916738e-06,-0.0001928942527352294,0.00018670074638735127,-8.761234707542253e-05,-4.3946499735072926e-05,0.9999999777678064
1740163418.9901762,1740163418.9782784,2,3,0.00015908293199571732,-1.1909448278433856e-06,-0.00015922241835656227,0.00017832572213182267,-7.78971496081602e-05,-5.5228201089597814e-05,0.9999999795409081
1740163419.0068011,1740163418.9953775,2,3,0.00018460305259811522,-1.134710566036364e-06,-0.00019394418346171987,0.00012618292222397524,-7.777362867411427e-05,-6.261653839683792e-05,0.9999999870541508
1740163419.0225685,1740163419.0117083,2,3,0.0001552467725166462,-2.450425044614443e-06,-0.0001552209725918548,0.00020005664197878634,-6.686258741251365e-05,-6.8797879389493e-05,0.9999999753867929
1740163419.0405176,1740163419.0284953,2,3,0.00016922510009223315,-7.945541972059344e-07,-0.00017590633350079204,9.600793963468491e-05,-7.12710507750169e-05,-8.950371794968126e-05,0.9999999888459986
1740163419.0565152,1740163419.0452914,2,3,0.00018443801000089243,-2.188973868260856e-06,-0.00018867376128154238,0.0002650897509975587,-7.595825923016204e-05,-3.9643940100817234e-05,0.9999999611930616
1740163419.073454,1740163419.061875,2,3,0.00018414476782867265,-1.4321552009132332e-06,-0.00019401617058666505,0.00016720945214199654,-8.471105167240702e-05,-3.0153543819852066e-05,0.9999999819779001
1740163419.0905802,1740163419.0787818,2,3,0.00015683755744665774,-2.8323610653623034e-06,-0.00015555800504585187,0.00011809057378257354,-8.910721402138498e-05,-6.860880199134194e-05,0.9999999867036764
1740163419.1068554,1740163419.0953705,2,3,0.00021838604121192045,-5.91787287787654e-07,-0.00023334747760132555,0.00015983864533901336,-0.00010046654021151748,-7.274736978680725e-05,0.9999999795329507
1740163419.1228077,1740163419.1118305,2,3,0.00015929448587018817,-2.24678103914583e-06,-0.00015894233763424605,7.94123082665571e-05,-5.3161357439420525e-05,-5.806300734893156e-05,0.9999999937481213
1740163419.140067,1740163419.1287868,2,3,0.00016604685456205015,-1.4053979270432367e-06,-0.00017173116295506857,0.00019356854763244192,-3.443855765319943e-05,-2.2780925875744636e-05,0.9999999804131161
1740163419.1562157,1740163419.1451447,2,3,0.00014002542578492663,-2.507655172911623e-06,-0.00013479777458277125,0.0001562646860892071,-4.844399195306286e-05,-3.372850238970999e-05,0.9999999860484576
1740163419.172831,1740163419.1619668,2,3,0.00018998066131210322,-9.842759594509122e-08,-0.00020467195099322177,-0.0001524475358805224,-0.0002155659693403263,-6.706936820244076e-05,0.99999996289638
1740163419.1898582,1740163419.1788142,2,3,0.00012462540901008273,-1.899208901659808e-06,-0.0001162106264357722,2.9602425646158692e-05,-3.2554293354170896e-06,-9.54515689433309e-05,0.9999999950010483
1740163419.2064102,1740163419.1952815,2,3,0.00016916114501727716,-1.3236452123277922e-06,-0.00017318309598212414,0.000104701862523752,-5.268449515258543e-05,-7.845329623663366e-05,0.9999999900534721
1740163419.2237656,1740163419.212152,2,3,0.0001398383077993513,-1.919052439041579e-06,-0.00013361915287672476,0.00011779067812032811,-2.5616491060995334e-05,-9.370800310701922e-05,0.9999999883439809
1740163419.2432635,1740163419.2287898,2,3,0.00016690900434243624,-1.003539802967517e-07,-0.0001681704626513324,0.00013574472817540122,-6.433011283715074e-05,-0.00010210581739605618,0.9999999835047036
1740163419.2571104,1740163419.2452354,2,3,0.00016349440069790135,-1.3802521230943466e-06,-0.0001680620481705306,-0.00018903224624876295,-0.00022061241795488242,-1.543062782618497e-05,0.9999999576794324
1740163419.273619,1740163419.2622035,2,3,0.00015359741423244967,-8.92895514256746e-07,-0.0001533292934407502,0.00013503068688595479,-1.2894283474941538e-05,-7.600245441800149e-05,0.9999999879120389
1740163419.2898972,1740163419.2786515,2,3,0.00015958507719407327,-2.7334620021488095e-06,-0.00015750243912773435,0.00013006218535376753,-1.4490556428275365e-05,-6.384644542139063e-05,0.9999999893987416
1740163419.3063998,1740163419.295373,2,3,0.00015146769315351572,-9.075663584683801e-07,-0.00015033357378519164,0.0002400678342142265,-3.1654179595340165e-05,-2.396888316962071e-05,0.9999999703954697
1740163419.324702,1740163419.3123355,2,3,0.0001577323665179396,-1.695363610974416e-06,-0.00015327936958096808,0.00017369164072486478,-4.759199729756468e-05,-9.413795972851283e-05,0.9999999793521299
1740163419.3402803,1740163419.3287249,2,3,0.0001763472633694288,-9.67573809658339e-07,-0.0001812325407521836,0.00019600318766412015,-3.678712820528627e-05,-1.7241711132584317e-05,0.9999999799660902
1740163419.3565166,1740163419.34544,2,3,0.00015786332308731445,-1.6187806220699603e-06,-0.00015342771903851903,0.00020054051168711821,-5.1421716036232654e-05,-3.721650972873559e-05,0.9999999778771206
1740163419.3737216,1740163419.3622608,2,3,0.00013783577689739318,-2.2949939272466553e-06,-0.00013384667589618894,0.0002253469567704016,-2.0673890149148866e-05,-5.289527883151673e-05,0.9999999729967141
1740163419.3897994,1740163419.3786876,2,3,0.00015445114259586272,-2.405460233268401e-06,-0.00014969332885266806,0.00020852329497626098,-2.4682754803388942e-05,-1.6613494912013364e-05,0.9999999778163943
1740163419.4072123,1740163419.3957765,2,3,0.00017789854514082184,-6.441363611268042e-07,-0.0001801710391692137,0.00018482337395454154,-5.03153828663672e-05,-5.855946046957941e-05,0.9999999799397359
1740163419.4234736,1740163419.412258,2,3,0.00016394731483047927,-2.0791614761493213e-06,-0.00015973506439367365,0.0002232433087652681,-4.685255584962216e-05,-3.898862532667002e-05,0.9999999732235748
1740163419.4398818,1740163419.4288728,2,3,0.0001978028001258763,-3.5692758367086314e-07,-0.00020405540538849485,0.00019919124140952674,-6.138962649631325e-05,-3.8726412555959875e-05,0.9999999775272137
1740163419.4572828,1740163419.4458277,2,3,0.00017871080282664417,-1.2173203450743985e-06,-0.00017597592655404202,0.00020739284456854922,-6.038963898047723e-05,-8.3573871052346e-05,0.9999999731783535
1740163419.4729505,1740163419.4621634,2,3,0.00020473372250842537,-8.056045058244469e-07,-0.00021269845741117812,0.00020222986642803436,-5.3929880936248006e-05,-7.070975984106285e-05,0.9999999755973893
1740163419.4893053,1740163419.4787724,2,3,0.00017128155821681442,-1.9789582384421177e-06,-0.00017010346743687808,0.0001813808614610099,-4.218367291800452e-05,-0.00010124809367354931,0.9999999775351719
1740163419.506976,1740163419.4956918,2,3,0.00019037895896468755,-2.45329033092811e-06,-0.00019471075773384912,0.00018360805520405626,-5.707605046904044e-05,-8.264302214384153e-05,0.9999999781002685
1740163419.5232205,1740163419.5123675,2,3,0.00018639440218492086,-1.0590294497979935e-06,-0.00018870370070728625,0.00017577649881453538,-6.919215812294961e-05,-4.391337278270285e-05,0.9999999811933415
1740163419.5398438,1740163419.528921,2,3,0.00016652669630258637,-2.286478641741107e-06,-0.00016559827787166956,0.00012023025016727664,-4.7996251205519106e-05,-0.00010704371731114825,0.9999999858913445
1740163419.5569897,1740163419.5459456,2,3,0.00017293399223044698,-1.8007419483987324e-06,-0.00017456968823656416,0.00021001324535103435,-3.248357567367606e-05,-3.798277735259207e-05,0.999999976698281
1740163419.5730696,1740163419.5622537,2,3,0.00017252781648837106,-3.564925461375945e-06,-0.0001727308069458546,0.0002584651975997524,-3.5545431708926805e-05,-1.3171184443192771e-05,0.9999999658793913
1740163419.590328,1740163419.5789354,2,3,0.00019502040828516375,-2.055481185243952e-06,-0.00020125899380234785,0.00021990283045979483,-4.791349358109846e-05,-8.832197402831902e-05,0.9999999707731351
1740163419.6070728,1740163419.595992,2,3,0.00017429801530027605,-1.399157269984234e-06,-0.00017708024667600453,0.00020467664727235905,-8.934889974712496e-06,-4.5242590690201835e-05,0.9999999779903728
1740163419.6235607,1740163419.6124194,2,3,0.00016259089214918377,-2.5021569438345216e-06,-0.00016331773675167004,0.0002094834822530921,-1.1646614544788853e-05,-3.24430868445138e-05,0.9999999774642363
1740163419.6408603,1740163419.629261,2,3,0.00016342859721447245,-2.1939827365998007e-06,-0.00016819485243254535,0.00020829695086254854,-2.5446488246427324e-05,-2.6998239197833546e-05,0.9999999776179754
1740163419.6570253,1740163419.6458251,2,3,0.00013193267572729006,-2.242179885302156e-06,-0.0001279804117445941,0.00018524524976043809,2.069331751919206e-05,-5.944186070921737e-05,0.9999999808613245
1740163419.6738508,1740163419.6623716,2,3,0.00017307498270586097,-2.223031798706153e-06,-0.00017758607564086846,0.0002788708992306066,-2.8997396527130145e-05,-4.6713966131225184e-05,0.9999999596039881
1740163419.6911156,1740163419.6794367,2,3,0.0001555658980537187,-2.6175997790561078e-06,-0.00015634682100379796,0.00015933280664227144,9.211070448605358e-07,-9.275311561803596e-05,0.9999999830045337
1740163419.7066271,1740163419.6959085,2,3,0.00015715141018426696,-2.830586440725677e-06,-0.00015879778526740223,0.00020481856608039675,-3.831449243854927e-05,-3.080621764141905e-05,0.9999999778161656
1740163419.7231414,1740163419.712453,2,3,0.00013022792925264828,-2.791679122804175e-06,-0.00012564591778635497,0.0001820031207596678,-1.620260304316788e-05,-4.537495126534336e-05,0.9999999822767266
1740163419.7412043,1740163419.7294226,2,3,0.00013527745984307437,-2.187511451586305e-06,-0.00013410911420772657,0.0002420479994875371,-3.6995944183053545e-06,-4.1647880469673234e-05,0.999999969832266
1740163419.75699,1740163419.7459018,2,3,0.00014987186668251356,-2.1364522122586014e-06,-0.00014762277274390318,0.00022404102212196994,-3.5707578807206166e-05,-2.5712165848359257e-05,0.9999999739347366
1740163419.773361,1740163419.7625113,2,3,0.0001671572479583813,-1.6028647141671239e-06,-0.00017082261118538244,0.0001795864080479312,-4.908381467647694e-05,-7.648325836406723e-05,0.999999979744906
1740163419.7919946,1740163419.7793677,2,3,0.00015027558414688565,-2.066869029367465e-06,-0.00014900295158140614,0.0001832168676678031,-3.449158881498291e-05,-4.796199043887628e-05,0.9999999814707785
1740163419.807519,1740163419.795904,2,3,0.00014208804370427914,-2.4597477501161436e-06,-0.0001422986479196708,0.00023766728271589646,-1.531980784138907e-05,-9.963538772114622e-06,0.9999999715901468
1740163419.823751,1740163419.812626,2,3,0.00016686531024735432,-2.346184614376546e-06,-0.00016815164256729512,0.00019445183223420484,-3.3180225379939705e-05,-4.844853117095078e-05,0.9999999793701485
1740163419.8409092,1740163419.829529,2,3,0.00016746066524467648,-3.1749930763761165e-06,-0.00017355050767933321,0.00024306117530752765,-3.433692196079217e-05,-1.2156284806136484e-05,0.9999999697972324
1740163419.8570795,1740163419.845887,2,3,0.00014365848362686863,-2.5634271564278297e-06,-0.00014072869785197362,0.000228679849536922,-2.3236372511325635e-05,-4.680634742051541e-06,0.9999999735718442
1740163419.8739362,1740163419.8626466,2,3,0.00012376174212146417,-2.9185456316133528e-06,-0.00012107744035555766,0.00023387996240366798,1.9912297679088836e-05,-3.876639391379969e-05,0.9999999717004148
1740163419.8911462,1740163419.8794467,2,3,0.0001053443389156875,-3.596881953230901e-06,-9.971786273353975e-05,0.0002500775631186576,3.569326281266192e-05,2.0728331652737756e-05,0.9999999678787693
1740163419.9074514,1740163419.89606,2,3,0.00016506754683380534,-2.9372876591871892e-06,-0.00016945159574180673,0.00017769021042048425,-2.846469359166771e-05,-8.822206536184129e-05,0.9999999799164084
1740163419.9247248,1740163419.912835,2,3,0.00013935843936152602,-2.7231767243632152e-06,-0.0001381634991895058,0.00014241154071152504,-1.8255655486468507e-05,-4.689726964773828e-05,0.9999999885931651
1740163419.9407349,1740163419.9293718,2,3,0.00012572290915280676,-2.4929820639775823e-06,-0.00012265793875491468,0.00013296635798849542,8.72803386477613e-06,-5.9937244922244065e-05,0.9999999893256478
1740163419.9577854,1740163419.9460633,2,3,0.00016734568458859393,-1.8953404529735338e-06,-0.00017019066489035132,0.00016109218930829955,-2.9566521267513164e-05,-3.391302726093996e-05,0.9999999860125168
1740163419.9743025,1740163419.9628627,2,3,0.00014093683157321253,-2.2199381139705513e-06,-0.0001408252453491193,0.00016094257919903315,1.898233171941898e-05,-7.227714773506505e-05,0.9999999842565855
1740163419.9913404,1740163419.9795308,2,3,0.00016961262932814166,-2.2563776073015877e-06,-0.00017169763494142472,0.00026842735311521915,-8.82091683151274e-06,-2.5565387965152165e-05,0.9999999636076785
1740163420.0074875,1740163419.9961994,2,3,0.00012925323771971302,-3.3159901478160502e-06,-0.00012588711897550527,0.00012789416699872266,1.2319596241835068e-05,-7.978959522801667e-05,0.999999988562465
1740163420.0245163,1740163420.0130708,2,3,0.00012931052721534912,-2.5314069689355774e-06,-0.00012394067316488368,0.0002024671445187256,1.8543259363231415e-05,-3.897720066290342e-05,0.9999999785719902
1740163420.0679235,1740163420.0295143,2,3,0.00018040331824931494,-3.2252402712329287e-06,-0.00018391160759834317,0.00022912941005604208,-5.620994380644925e-05,-2.69495547078262e-05,0.9999999718069382
1740163420.0687068,1740163420.0462582,2,3,0.0001353502795236635,-3.127543791592069e-06,-0.00013094113801898625,0.0001273967714325998,-1.6822692640666562e-05,-6.133944197137006e-05,0.9999999898622661
1740163420.0746794,1740163420.0629847,2,3,0.0001657781307412378,-2.4441320927782352e-06,-0.00016669116100807572,0.00016948030833000284,-4.337584220191495e-05,-5.797072724713478e-05,0.999999983017178
1740163420.0908976,1740163420.079543,2,3,0.00019812843929244302,-1.5542434320135977e-06,-0.00020561807833984315,0.00019657597395653448,-6.799955910285128e-05,-3.8992910391542455e-05,0.9999999776067494
1740163420.108327,1740163420.0964139,2,3,0.00019002379817805682,-2.14202329033988e-06,-0.00019377152648867278,0.00019808835949385804,-0.00010133353276378913,-3.9813251304973325e-05,0.9999999744537106
1740163420.1240718,1740163420.1130078,2,3,0.00016418740376550515,-2.773564447254704e-06,-0.00016524597955043814,0.0002842880931642604,-4.8237732053412476e-05,-5.07245306045562e-06,0.9999999584138348
1740163420.140994,1740163420.1296532,2,3,0.0001860008813036995,-2.231963024619273e-06,-0.00019033327159227338,0.0002188391467670801,-6.525287027282405e-05,-9.880239289377677e-06,0.9999999738769355
1740163420.1583705,1740163420.1464558,2,3,0.00018897946387625277,-2.2439622566822896e-06,-0.00019319859331461443,0.0001868227545859806,-3.9412659992837835e-05,-4.267866613619462e-05,0.9999999808612159
1740163420.1742887,1740163420.1629932,2,3,0.0001912228815718127,-1.6626739227903589e-06,-0.00019465847284026863,0.0001691329120020604,-8.199080870922499e-05,-3.067426249627446e-05,0.9999999818653272
1740163420.19101,1740163420.1796672,2,3,0.0001821851662616124,-3.2010674138575548e-06,-0.00018666914584201472,0.00013221288738889556,-3.865179375670122e-05,-6.676246870945198e-05,0.9999999882842819
1740163420.208232,1740163420.1966596,2,3,0.00019126205384586593,-2.1047812962927647e-06,-0.00019307538544438525,0.00014356058561909425,-5.558377529729708e-05,-7.294419395710202e-05,0.9999999854899733
1740163420.224071,1740163420.2132185,2,3,0.0002050158845295747,-1.8193768628200224e-06,-0.00021179187406075646,0.00023044171185218975,-6.33967795287545e-05,-1.7641606703150507e-05,0.9999999712831193
1740163420.2410257,1740163420.2297194,2,3,0.00019465219204307908,-3.7820151678881945e-06,-0.0001984554249668656,0.0002016109601784377,-8.923184448853478e-05,-3.0047189033766622e-05,0.9999999752439321
1740163420.2577186,1740163420.2464802,2,3,0.00022956700235759263,-1.7233673760134497e-06,-0.000241285681706351,0.00026991528144861514,-7.223364312450679e-05,3.904714853040498e-06,0.9999999609563966
1740163420.274291,1740163420.263018,2,3,0.0001612709732570068,-2.5669968320203535e-06,-0.00015643245748864833,0.00019128893422487556,-2.652996705803904e-05,-3.048568589571584e-05,0.9999999808876636
1740163420.2914808,1740163420.279842,2,3,0.0001617021887174214,-3.0677894045978128e-06,-0.00016194463536314666,0.00025569122823891746,-2.9290085601973984e-06,-1.9508347855623108e-05,0.9999999671164199
1740163420.3077633,1740163420.296457,2,3,0.00015583619038383545,-3.1278986456038966e-06,-0.00015194205837969674,0.00020126993348953335,-4.536204729219064e-05,-3.6284448186790058e-06,0.9999999787097663
1740163420.3241558,1740163420.3130152,2,3,0.00015587539471182592,-3.5867798325352323e-06,-0.00015271594258785335,0.00024643870550616946,-4.0697713725551906e-05,-2.388128785339508e-05,0.9999999685206717
1740163420.3418024,1740163420.329939,2,3,0.00015928073846430726,-1.9018542561899622e-06,-0.00015741548020443684,0.0002166048637616021,-3.722185757562762e-05,-1.930531669639302e-05,0.9999999756620853
1740163420.3578072,1740163420.3464928,2,3,0.00014062328776577254,-1.969388273489887e-06,-0.00013431076003133212,0.00021870065241019269,-1.55672960384545e-05,-4.71490039617848e-05,0.9999999748523273
1740163420.375103,1740163420.3631597,2,3,0.00015519922792689068,-2.19867804647674e-06,-0.0001527388611386889,0.00020883012861238126,-6.285148025473579e-05,-5.354749195848859e-05,0.9999999747861671
1740163420.3918478,1740163420.3800364,2,3,0.0001367578566036547,-1.204644168109629e-06,-0.00013865249485479976,-4.869595171472624e-05,-0.00020511041731865649,-1.586798521471952e-05,0.9999999776533138
1740163420.4107606,1740163420.3966646,2,3,0.00012442645333383384,-1.8773195524771766e-06,-0.00011712722326856838,0.00023880916713166315,-2.2032829472936536e-05,-3.0391390119619417e-05,0.9999999707805493
1740163420.4260333,1740163420.4135053,2,3,0.00014336461637354958,-1.8352279798970312e-06,-0.00014574652329446658,-4.797860332538925e-05,-0.0002125784471644883,-3.35085792793962e-05,0.9999999756928161
1740163420.4423623,1740163420.4300728,2,3,0.0001550015888815802,-1.0655151566953172e-06,-0.00015537629165433378,0.00020231385455814614,-4.5658159459074826e-05,-5.5843878858167204e-05,0.9999999769329486
1740163420.4585843,1740163420.4465528,2,3,0.000181128292540283,-1.6453197242390015e-06,-0.00018294939372918192,0.0003764662859311935,-7.672560676968083e-05,-1.0783980491841773e-06,0.9999999261925743
1740163420.4752853,1740163420.4634953,2,3,0.00015872342838433388,-1.698438335929023e-06,-0.00015939287292717418,0.00020192265767022847,-2.3587889369438632e-05,-5.1753771698705e-05,0.9999999779961993
1740163420.4909601,1740163420.4802067,2,3,0.0001810390569762421,-2.4145041938635435e-06,-0.00019109930139952764,-0.00010068309125420683,-0.00025411728351406156,-4.790545857826572e-05,0.9999999614961935
1740163420.5083892,1740163420.4967268,2,3,0.00016831171616061476,-2.0430628822244525e-06,-0.00017134636492677918,0.0001418363561297023,-5.821242839092231e-05,-9.151176988607479e-05,0.9999999840596785
1740163420.5263166,1740163420.5137272,2,3,0.00017591855814134272,-1.8060639735853845e-06,-0.0001785366424479298,0.00016762043576974193,-8.261250689821336e-05,-5.1322108522461404e-05,0.999999981222302
1740163420.542571,1740163420.530161,2,3,0.00019638828492352664,-1.7632447919091434e-06,-0.00020464384472119383,0.0002731459661916614,-6.774303520861725e-05,-8.809777441244907e-06,0.9999999603622743
1740163420.558575,1740163420.54682,2,3,-4.2287556864922626e-05,-2.384672660418241e-06,-0.00041776674515948004,0.00496766703403524,-0.6494326362257111,-0.00016741402393009703,0.7604028835174856
1740163420.576089,1740163420.5639338,2,3,0.0001886679944008485,-1.1000812316888413e-06,-0.00019573233750485157,0.00026076629392972453,-6.966035154198875e-05,-2.2160447238687715e-05,0.9999999633286444
1740163420.5947852,1740163420.5800426,2,3,0.00017700070428718913,-1.864144033630203e-06,-0.00018081739999874135,0.0001288060118175312,-4.592336591998694e-05,-8.741234614240273e-05,0.9999999868295686
1740163420.6104352,1740163420.5969374,2,3,0.0001620487431716566,-8.640379377193292e-07,-0.00016450309090439708,0.00022936495701322105,-4.2577852435780914e-05,-4.027797614312679e-05,0.9999999719782635
1740163420.625769,1740163420.6139674,2,3,0.00015237639029989407,-1.461224410636182e-06,-0.00015304220921757297,0.0001471807425861833,-3.933447076337793e-05,-6.236260169038675e-05,0.999999986450767
1740163420.6411355,1740163420.6300185,2,3,0.00018147792960723747,-1.2356187357652332e-06,-0.00018691508050298986,0.00018008680137751915,-4.63080262170122e-05,-3.708301463088766e-05,0.9999999820245802
1740163420.6616893,1740163420.6467588,2,3,0.0001989283385095245,-1.1875525466458672e-06,-0.0002075503379841871,0.00015015236757511235,-5.9239258073180115e-05,-6.599441126885033e-05,0.9999999847948572
1740163420.6757658,1740163420.6636744,2,3,0.00017717706214300075,-1.3684034042477143e-06,-0.00018350230916707518,0.0001744555503334454,-3.4505439608478156e-05,-7.826803871156775e-05,0.9999999811243747
1740163420.6916938,1740163420.680366,2,3,0.0001888896798448929,-1.4133260140022228e-06,-0.00020087262464466992,-6.301121054958136e-05,-0.0002478611425529461,-2.5919501747101373e-05,0.9999999669613099
1740163420.7080798,1740163420.6967676,2,3,0.0001776595383015313,-7.224282601532669e-08,-0.000184113860193323,0.0002583800401852017,-5.8946804500042e-06,-3.3749819432497474e-05,0.999999966032978
1740163420.724969,1740163420.7135522,2,3,0.0001917556349020997,-7.339840094407953e-07,-0.00019960459658193856,0.00010930356608552506,-4.074831745344331e-05,-5.43218404435131e-05,0.9999999917207213
1740163420.7413962,1740163420.7302089,2,3,0.00021210770275600796,3.175988445327083e-07,-0.00022489209734923238,0.00018037813446519424,-4.818004906324913e-05,-5.979664145205259e-05,0.9999999807833865
1740163420.7589507,1740163420.7469707,2,3,0.00012465849200768146,-1.8654399258636514e-06,-0.00012128128792844117,0.0002041777847104261,2.558400449641243e-05,-4.315678255128264e-05,0.9999999778971913
1740163420.7792387,1740163420.7635772,2,3,0.0001855052480681903,-1.5583106210369155e-06,-0.00019528324568094584,0.00022519024169853876,-9.626636980247051e-06,-4.488375870147789e-05,0.9999999735910653
1740163420.791683,1740163420.7802286,2,3,0.00017307719193109954,-1.258443627410333e-06,-0.00017585942227405668,0.000134549186844827,-3.50476895454097e-05,-5.499221128597708e-05,0.9999999888220161
1740163420.8090508,1740163420.7974665,2,3,0.0001717613684406729,-7.00744882735482e-07,-0.00017838717307397349,0.0002601927398850324,2.0554778458328577e-05,-3.868936336581111e-05,0.9999999651901855
1740163420.8248813,1740163420.8137226,2,3,0.00015071745723145013,-3.119315140042717e-06,-0.00014935338997487476,9.604741462074243e-05,-6.364194611661444e-06,-8.410422196646446e-05,0.9999999918304354
1740163420.8418715,1740163420.830458,2,3,0.00015923077573207827,2.7223413519784176e-07,-0.00016210578732724307,0.00020023138897591386,7.2465068570427e-08,-5.969434690815668e-05,0.999999978171985
1740163420.8595994,1740163420.8475814,2,3,9.626769397101916e-05,-4.492368376400356e-06,-8.465163280255965e-05,0.00016105827029534177,6.048314682775118e-05,-4.4086939380894135e-05,0.999999984229182
1740163420.8755517,1740163420.8639042,2,3,0.0001490505784671398,-2.0101612828133572e-06,-0.0001506160160432747,0.0002461625833880641,6.423020781364788e-07,-7.104128369192546e-05,0.9999999671783524
1740163420.892436,1740163420.880722,2,3,0.0001259753304155264,-2.5257321182552704e-06,-0.00011803237797303851,9.081176862712196e-05,-1.0399674515872269e-05,-7.650090751925873e-05,0.9999999928963403
1740163420.9089746,1740163420.897207,2,3,0.00016748410040796878,-3.089663591858628e-06,-0.0001724157181914011,0.0001682417317750606,1.905157102506755e-05,-8.917189091252732e-05,0.9999999816900654
1740163420.9253056,1740163420.9137893,2,3,0.00015716954309562972,-6.965365580157858e-07,-0.000156751402520501,8.328824833441743e-05,-3.2786302947190325e-05,-8.325199256615327e-05,0.9999999925286158
1740163420.9421315,1740163420.930325,2,3,0.0001437494529710199,-3.0305417117986892e-06,-0.00014166112126922837,0.00026073600473213056,-9.10871848259332e-06,-5.447201161164584e-05,0.999999964483283
1740163420.9583142,1740163420.9470844,2,3,0.0001391476309905784,-2.6901194078383497e-06,-0.00013674459375656096,0.00015875977945451896,-1.6361712800540334e-05,-1.6357171088122496e-05,0.9999999871300348
1740163420.9751983,1740163420.963773,2,3,0.0001628870217418554,-1.314683326979295e-06,-0.00016460776470910094,0.0002407210545200347,1.0571780173419413e-05,-2.6904020135621227e-05,0.9999999706088921
1740163420.9927094,1740163420.9805171,2,3,0.00014734494608309524,-2.1751046569563185e-06,-0.00014412664160894616,0.0001784322100326427,-1.72457279394651e-05,-4.4300091431189964e-05,0.9999999829510164
1740163421.0086164,1740163420.9972706,2,3,0.000133110501147468,-2.315081091576616e-06,-0.0001289081714662371,0.00024275011774010027,1.2767853936055946e-05,-4.3227176107727635e-05,0.9999999695203864
1740163421.0248454,1740163421.013779,2,3,0.00014316434132061648,-1.3469864692048684e-06,-0.00013963968241736404,0.00015439611207842478,-6.31786091704141e-06,-1.8981881751942186e-05,0.9999999878808067
1740163421.0459883,1740163421.0307684,2,3,0.00017538982037330775,-1.5555918097040318e-06,-0.00017872491894359034,0.00021217413738584413,-3.787854790080463e-05,-5.200984878030592e-05,0.999999975421163
1740163421.0581462,1740163421.0472946,2,3,0.0001047885780836717,-2.5215538311960467e-06,-9.520788961908762e-05,0.0001380264549652823,1.7827482169024817e-06,-3.896608596711388e-05,0.9999999897135817
1740163421.0750897,1740163421.0638485,2,3,0.00014956281204304116,-2.592856405822748e-06,-0.0001452760773570753,0.00020315911919554244,-3.878048006807674e-05,-6.600415228282457e-05,0.999999976432949
1740163421.0922556,1740163421.0806105,2,3,0.00015900435409674598,-2.238488642523268e-06,-0.00015825387450206299,0.0002000346759081135,-4.644629784269376e-05,-7.965116294754435e-06,0.9999999788827132
1740163421.1082778,1740163421.09708,2,3,0.0001350442677950634,-3.412114220925736e-06,-0.00012921522984126103,0.00025426090043761143,-4.960097900308428e-05,-3.662558546529248e-05,0.9999999657748513
1740163421.125988,1740163421.1141894,2,3,0.00016116660283480513,-2.4572761574389727e-06,-0.00015924453293077984,0.00015803679024359535,-5.401949439417329e-05,-4.806899969687004e-05,0.9999999848978192
1740163421.1421397,1740163421.1307201,2,3,0.00012856254060686438,-4.096189330895855e-06,-0.00012180076728840823,0.00022450141206692274,-3.282785996406263e-05,-6.41297562536675e-05,0.9999999722044105
1740163421.1581717,1740163421.1471868,2,3,0.0001512126448238218,-2.4209901726792905e-06,-0.00014702517007687967,0.00021087702917777342,-3.8191155425341875e-05,-3.2529861362113505e-05,0.9999999765070609
1740163421.1763847,1740163421.164271,2,3,0.00014125123146910523,-2.8358819173706906e-06,-0.0001365987013254464,0.0001993026313416002,-3.146746510453728e-05,-4.669562974826623e-05,0.9999999785538888
1740163421.1964536,1740163421.1808858,2,3,0.00014760864665280755,-2.6503548779752023e-06,-0.0001430278048120716,0.00014669429469411918,-4.2898107097522055e-05,-7.570137118869857e-05,0.9999999854549192
1740163421.2130566,1740163421.197342,2,3,0.00017518218165238442,-3.5984645283854775e-06,-0.00017689637399980333,0.00024342762544240422,-6.053482965792889e-05,-4.967391504293122e-05,0.9999999673055132
1740163421.225769,1740163421.2141948,2,3,0.00011619185626183433,-3.0853763582625905e-06,-0.00011380435020119475,-0.0001739502038053371,-0.0001836039023965546,-5.366540607518137e-05,0.9999999665754784
1740163421.2423704,1740163421.2306957,2,3,0.0001564786830614083,-2.7177880502248895e-06,-0.00015600387676593776,0.00016204453164743367,-3.7109685423927095e-05,-4.35202663663004e-05,0.9999999852352136
1740163421.258646,1740163421.2473834,2,3,0.0001353710149710112,-3.2664544374776827e-06,-0.00013106219401954903,0.00018382827346102485,-9.800355989651041e-06,-5.2045874577168946e-05,0.9999999817011728
1740163421.2761238,1740163421.2641866,2,3,0.00016189818713958408,-3.2405677725906305e-06,-0.0001628527575875769,0.00016117575130402746,-1.84953343702869e-05,-7.429688348279892e-05,0.9999999840801364
1740163421.291871,1740163421.280721,2,3,0.0001379963571584697,-3.5495144336367365e-06,-0.00013570505630121073,0.0001632232415866443,-6.856329759866704e-06,-2.8083224678608694e-05,0.9999999862612482
1740163421.308809,1740163421.2973738,2,3,0.00016111352874780466,-2.954679108380068e-06,-0.0001621418452889238,0.00023633557769687846,-3.233654170197261e-05,-5.676378608374164e-05,0.9999999699388572
1740163421.3258572,1740163421.3146095,2,3,0.00018020101906466137,-2.718519320065464e-06,-0.00018605012328107523,0.0001906382341135495,-3.738230138738023e-05,-8.402759590193396e-06,0.9999999810945103
1740163421.3420055,1740163421.3307216,2,3,-5.304730413868218e-05,-4.975395425204968e-06,-0.0004053127955422941,0.004958247289390043,-0.6494694882828494,-0.0001829015158068448,0.7603714658773476
1740163421.3638012,1740163421.3476696,2,3,0.00019068413332682884,-2.76313992701409e-06,-0.00019809895560959342,0.00014848660857661616,-2.5783009618220625e-05,-5.852630352135347e-05,0.9999999869308175
1740163421.3797085,1740163421.364163,2,3,0.00021660479292658086,-2.6646078006709964e-06,-0.00022859047858424806,0.00021607952157793206,-4.3133525562741305e-05,-4.775574048798874e-05,0.9999999745842639
1740163421.391961,1740163421.3808098,2,3,0.00016498008192159698,-2.298861679369854e-06,-0.0001693089054192316,0.00010586251442934711,1.491226011421962e-05,-7.199495211064989e-05,0.9999999916937397
1740163421.4096363,1740163421.3978024,2,3,0.00023100111644322398,-2.7291244458849816e-06,-0.0002440960654891066,0.000158078464501021,-1.471083373039805e-05,-7.112711754409452e-05,0.9999999848678617
1740163421.4255016,1740163421.414209,2,3,0.00015656628272884722,-3.535879356039767e-06,-0.0001613396626565617,0.00011949437717667031,7.902181791700626e-05,-7.882183775841999e-05,0.9999999866318819
1740163421.4424596,1740163421.4309065,2,3,0.00021015565900025626,-3.5099665900912225e-06,-0.00022541082053409572,-0.00015802797338331615,-0.00017834385771201193,-4.609641640974347e-05,0.9999999705478737
1740163421.4593093,1740163421.4478543,2,3,0.00017344561348310854,-3.25009588568524e-06,-0.00017950623047801646,0.00013022348074119916,4.791018277495904e-05,-4.342133884186471e-05,0.9999999894305234
1740163421.475704,1740163421.4642777,2,3,0.00022358657307263393,-2.5219002804869073e-06,-0.0002366396363133797,0.00019803748294427623,1.6119493775252446e-05,-4.3106687187385626e-05,0.9999999793315651
1740163421.4921381,1740163421.4808958,2,3,0.00018184254905617917,-3.878357976051038e-06,-0.00019072384748872897,0.00014275985545748383,4.501942274626861e-05,-1.143856923474423e-05,0.9999999887310171
1740163421.509058,1740163421.4979267,2,3,0.0002099627044225332,-3.813124106166376e-06,-0.00021899832946508033,0.0002744878333155212,-1.5550446310865506e-07,-2.8798146304259754e-05,0.9999999619135352
1740163421.5253422,1740163421.5142407,2,3,0.00020260604058391362,-3.868862933687e-06,-0.00021533938807665728,0.0001372570274578029,3.168330638635022e-05,-5.417723396033423e-05,0.9999999886107519
1740163421.542805,1740163421.531251,2,3,0.00024126629200449122,-2.821366095584896e-06,-0.00025665620123294764,0.00018913736952478615,-2.3518112035702344e-05,-6.217952198223901e-05,0.9999999799038302
1740163421.5589888,1740163421.5476837,2,3,-1.0651383586975168e-05,-4.428882078006473e-06,-0.00045838002820138484,0.004973210356189832,-0.6495050152165067,-0.0001373599293511385,0.7603410310640931
1740163421.5757935,1740163421.5645227,2,3,0.00020450438097142202,-6.193614946452861e-06,-0.0002157395543812726,0.00024401434516607175,2.5511693913313746e-05,-4.59880587421274e-05,0.9999999688456251
1740163421.5932126,1740163421.5814223,2,3,0.00020837539343707807,-2.397867382233682e-06,-0.00022209680041724677,0.00012677749711989121,2.0600275638087813e-05,-8.76784402257474e-05,0.999999987907793
1740163421.6102993,1740163421.598022,2,3,0.00020482035957048098,-4.520782639530094e-06,-0.0002146753930424078,0.00023025181861322677,-8.074821151087886e-06,-8.625138343293082e-05,0.9999999697397977
1740163421.6261818,1740163421.6146379,2,3,0.0002240301127818185,-9.763259941404278e-07,-0.00024144451901562464,0.0001300861151410128,9.78651885833719e-06,-4.0872662324361044e-05,0.9999999906556261
1740163421.6432638,1740163421.6316671,2,3,0.00019553275065522396,-3.5505900047551664e-06,-0.0002038219005560333,0.00020628262978681305,-9.315091464151152e-06,-9.035154737478122e-05,0.9999999745986514
1740163421.6592503,1740163421.6479619,2,3,0.00014978881888238005,-2.727976820391513e-06,-0.00015430973087920136,0.0001629255577066782,4.48409214278214e-05,-7.06300653685483e-05,0.9999999832279739
1740163421.6758554,1740163421.664633,2,3,0.0001918740308026258,-2.311762423007875e-06,-0.0001992016222717897,0.00020432744412100952,9.87061418386236e-06,-5.6339896740499447e-05,0.999999977489341
1740163421.693338,1740163421.6815174,2,3,0.00014167221050634548,-3.063522813612078e-06,-0.000149183674448022,-0.00018349377068076588,-0.00011474425875651274,-3.98416578386807e-05,0.9999999757882165
1740163421.7087386,1740163421.6979494,2,3,0.00015976214175775506,-3.192546028698149e-06,-0.00016123928101696602,0.00018726376027821494,2.6226962650860053e-05,-5.3357320738406026e-05,0.9999999806987133
1740163421.7258203,1740163421.7147074,2,3,0.0001643457305897731,-2.4295426959844104e-06,-0.00016793362159483647,0.00016136112511212295,3.1595779691610075e-05,-3.516335726421161e-05,0.999999985863916
1740163421.7433302,1740163421.731496,2,3,0.00017656152021604504,-3.4283775800004426e-06,-0.00018026304759798456,0.00017412030960695153,5.551307946537499e-06,-7.612921312363625e-05,0.9999999819278216
1740163421.7589614,1740163421.7477877,2,3,0.00015353892406191872,-1.6446686231442701e-06,-0.00015674572675051506,0.00012155724729244608,7.777210105767488e-07,-6.146405814931619e-05,0.9999999907227001
1740163421.7761993,1740163421.7647843,2,3,0.00016301631350605162,-2.7527040843675406e-06,-0.0001638888109220687,0.00010785216737691173,3.3888401733454234e-06,-9.67850509768095e-05,0.9999999894945397
1740163421.7927299,1740163421.781326,2,3,0.00015455403307766905,-2.8052674137530126e-07,-0.00015840437838037996,0.00014518410738779955,2.768883503215973e-05,-4.129230527621877e-05,0.9999999882249244
1740163421.8088295,1740163421.798133,2,3,0.00016685680505481345,-2.64029523359867e-06,-0.00016792165840767242,0.000183665696351293,-4.2483650948487366e-07,-7.479062884241795e-05,0.9999999803365466
1740163421.829863,1740163421.8150444,2,3,0.0001660852962063049,-1.5442091469219758e-06,-0.0001727256727104382,0.00011095553575542436,2.7099705054588292e-06,-7.802288650837701e-05,0.9999999907969771
1740163421.8432744,1740163421.831737,2,3,0.0001625543497438484,-2.1300039547870127e-06,-0.00016320150861032126,0.00021417868460872505,2.654961122242308e-05,-2.5470288605740948e-05,0.9999999763869366
1740163421.8596299,1740163421.8483708,2,3,0.0001617717132207382,-2.5033516385290235e-06,-0.00016677616636857247,7.221734158910393e-05,-4.060402211398451e-06,-0.0001008633221264485,0.9999999922973793
1740163421.8766866,1740163421.8651037,2,3,0.00019919941125586143,-1.080371471466839e-06,-0.00020632930655274307,0.0001529048154971062,-4.252167930231783e-05,-5.013210114527292e-05,0.9999999861493981
1740163421.8919013,1740163421.881399,2,3,0.0001427491237438223,-1.6009064959693008e-06,-0.00014315234131676631,0.00013447927164918303,1.4953383341743718e-05,-6.572449924519564e-05,0.9999999886860059
1740163421.9095907,1740163421.8980556,2,3,0.0002089585483928592,-2.843053532269411e-06,-0.00021889988744854062,0.0001461826997443613,-4.758066685767836e-05,-8.591771091602806e-05,0.9999999844924226
1740163421.930233,1740163421.915031,2,3,0.0001740691124153358,-2.0472730156760063e-06,-0.00017803145257761174,0.00013027733917380415,-7.3848583613153794e-06,-7.874924671242748e-05,0.9999999883859174
1740163421.9427528,1740163421.9314613,2,3,0.0001944830986019037,-2.7594662769096453e-06,-0.0002010746000769732,0.00014003614821611387,-4.2302221614452385e-05,-7.671486630966738e-05,0.9999999863576141
1740163421.9601817,1740163421.948327,2,3,0.00019752352736572432,-1.285995787560795e-06,-0.00020521219495171842,0.00019989538182693426,-2.5448716447112914e-05,-3.415305607442971e-05,0.9999999791138837
1740163421.9763827,1740163421.9648507,2,3,0.00017958559716266145,-3.1553324597936455e-06,-0.00018143293289533532,0.00020828693382775548,-1.050013225752564e-05,-5.677318298324276e-05,0.9999999766415527
1740163421.9924448,1740163421.9813595,2,3,0.00019947311198021994,-3.1121394853382086e-06,-0.0002130383285294183,-0.00015415411564873114,-0.00018376654298783376,-3.2277854201132234e-05,0.9999999707122528
1740163422.0104985,1740163421.9983366,2,3,0.00017612297836511849,-2.781432305417947e-06,-0.00017739003475647616,0.00017028967872554314,-2.1639707155920193e-05,-3.695991949794602e-05,0.9999999845835562
1740163422.0262508,1740163422.015095,2,3,0.00015455005100038937,-2.660517128891304e-06,-0.0001528120674213435,0.00014502557393539722,2.1600959312323487e-05,-7.257741536386562e-05,0.99999998661675
1740163422.042865,1740163422.031473,2,3,0.00019473552286775945,-3.543522205508921e-06,-0.000199045568851492,0.00016240255477444196,-2.223853996364222e-05,-4.543577360279372e-05,0.9999999855332239
1740163422.059976,1740163422.0483332,2,3,0.0001664444815688658,-2.3598980463251183e-06,-0.00016747134930531423,0.00013957653313716515,-3.029291997381685e-05,-0.00010345163877304685,0.9999999844492443
1740163422.0762074,1740163422.0648878,2,3,0.00015728527722004177,-3.436714287921962e-06,-0.00015384074969765495,0.0001668156445846367,1.0249174694246336e-06,-4.7856265028313075e-05,0.999999984940634
1740163422.0930657,1740163422.0816057,2,3,0.0001794570770571404,-1.9222868947699626e-06,-0.00018248868603611005,0.00014467275670028727,-3.228207648366193e-05,-7.416432262986966e-05,0.9999999862636569
1740163422.1104732,1740163422.0984428,2,3,0.00016538134663086654,-1.7646763593617524e-06,-0.0001673494937104404,7.998938101867379e-05,-1.5301329926064155e-05,-0.00010296235403263813,0.9999999913831609
1740163422.1261778,1740163422.1151829,2,3,0.0001464778312389561,-1.9090716282895837e-06,-0.00014339827398534143,0.00014163662084860608,2.6219207666683834e-05,-6.851259163818716e-05,0.9999999872788228
1740163422.1431243,1740163422.1318274,2,3,0.00013750622965631287,-2.460951597356003e-06,-0.00013361405785474278,0.00010782159722482524,4.827603482148759e-05,-0.00010019864595929334,0.9999999880020795
1740163422.159554,1740163422.148557,2,3,0.00011015454116510413,-2.1612853144226773e-06,-0.00010908889482715027,-0.00021671389323494355,-0.0001365556826422239,-5.6090409809121696e-05,0.9999999656207493
1740163422.176279,1740163422.1651726,2,3,9.227092051752198e-05,-3.5822639267504185e-06,-8.031962437763629e-05,0.00011738530774182653,6.716091070357307e-05,-0.000106019472864412,0.9999999852349863
1740163422.192914,1740163422.1817133,2,3,0.0001371952796418345,-2.614686587356436e-06,-0.00013993164960911497,-0.00014825894179028117,-0.00017327303576299672,-4.777546809016398e-05,0.9999999728566226
1740163422.2095137,1740163422.1984053,2,3,9.943959189008273e-05,-3.2801438668213567e-06,-8.9682721576576e-05,0.00015814080699700362,3.211585948714678e-05,-3.786789703006561e-05,0.9999999862630394
1740163422.2261264,1740163422.2150738,2,3,0.00010539242282952267,-4.454247306614328e-06,-0.0001019234850683436,-0.00016187519890078163,-0.00014385554001786663,-6.453946179959738e-05,0.9999999744683304
1740163422.2436824,1740163422.2319658,2,3,9.221863283434685e-05,-3.40884248788746e-06,-8.153157088306554e-05,0.00017733914299990593,4.061380945249073e-05,-3.768598913355701e-05,0.9999999827405563
1740163422.259812,1740163422.2485654,2,3,9.873100864545871e-05,-2.5515623897491203e-06,-9.306737924818418e-05,-0.00017227778755601823,-0.00014366539107950639,-1.9287355518241254e-05,0.9999999746543082
1740163422.276705,1740163422.2651818,2,3,0.00013490605759594213,-3.3330560124206306e-06,-0.00013150987464459693,0.0001649601776045779,1.4546006275819778e-06,-6.898457231966996e-05,0.9999999840135763
1740163422.2933395,1740163422.2820804,2,3,0.00010831785704471973,-2.6105806261582874e-06,-9.933375951218087e-05,0.00012250488912451412,2.7569583243388674e-05,-4.697743936660211e-05,0.9999999910127951
1740163422.309767,1740163422.2983785,2,3,0.00011633931346918805,-2.879734106528257e-06,-0.00010891787608633942,0.00021766451404780468,1.0402766346875367e-05,-2.921188804448924e-05,0.9999999758303034
1740163422.3265803,1740163422.3152556,2,3,0.00011533021467020096,-3.425534110239873e-06,-0.00010848290665453247,0.00015352354434916907,3.9880473422615114e-05,-4.182269596952596e-05,0.9999999865454655
1740163422.343775,1740163422.332127,2,3,0.00010442101082091989,-2.7158311354940695e-06,-9.730899181289379e-05,0.00021894603987109018,4.763358280631818e-05,-9.520992879980773e-06,0.9999999748515117
1740163422.3594873,1740163422.348475,2,3,7.629402660558092e-05,-4.143609766626632e-06,-6.997730787284244e-05,-0.00013370110306464464,-0.00011826528953203009,-6.571293997224202e-05,0.9999999819095727
1740163422.376762,1740163422.3651893,2,3,0.00010518162557254083,-2.924887505473936e-06,-9.801009759935228e-05,0.00012110396352045129,1.6879766211637898e-05,-2.6488624227760995e-05,0.9999999921736281
1740163422.3936703,1740163422.3822067,2,3,0.00012951675865261107,-3.8828724592775726e-06,-0.00012738925455399664,0.00018704109825906602,4.646023497507591e-05,-2.5993322566790654e-05,0.9999999810907105
1740163422.409769,1740163422.3984401,2,3,0.0001287097685161927,-2.806290721876709e-06,-0.00012608692095515355,0.00022818429242669542,1.0095263449605929e-05,-2.269616722665658e-05,0.9999999736574489
1740163422.4281547,1740163422.4158466,2,3,0.00014368371611597693,-2.1649356699155095e-06,-0.00014214900055537527,0.0001705181030088865,3.6098869374851106e-05,-5.65867771015241e-05,0.9999999832091923
1740163422.4441504,1740163422.4325805,2,3,0.00016543220384268245,-3.871241705727829e-06,-0.0001693775576854302,0.00015300249142147698,-3.5819333519963436e-06,-7.027390531170112e-05,0.9999999858194927
1740163422.4603748,1740163422.448623,2,3,0.00016121883994128647,-2.7512380381025123e-06,-0.00016527580715583075,0.00016187860298536727,-6.151640690112546e-06,-5.3779954988923276e-05,0.9999999854325957
1740163422.476634,1740163422.4652479,2,3,0.00017349111091696524,-2.757772924506561e-06,-0.00017714203426326123,0.00022053733014349458,-3.3642519349241734e-05,-1.9211877531083626e-05,0.999999974931185
1740163422.493899,1740163422.4822526,2,3,0.00017987196060266,-3.501653764967284e-06,-0.0001891215994402689,0.00018134906563353135,-1.3156489820269693e-05,-1.0473660480746065e-05,0.9999999834148627
1740163422.509475,1740163422.49877,2,3,0.00018022949951423974,-3.5758435278483346e-06,-0.00018489490604998654,0.00020343581599732618,-1.0480678094352618e-06,-6.0606192882118753e-05,0.9999999774698296
1740163422.5267038,1740163422.515303,2,3,0.00017221272511454158,-3.1590909627112027e-06,-0.00017857435810507004,0.000246636394068461,5.359071246061031e-06,-1.1017421112192243e-05,0.9999999695101925
1740163422.5441344,1740163422.5325089,2,3,0.00017085640075797365,-2.4486034100629117e-06,-0.00017588755819517477,0.00022741401577899454,-8.25998762481034e-07,-2.3603794578220786e-05,0.9999999738625217
1740163422.560242,1740163422.5486896,2,3,0.00019191315667024738,-3.316457109868204e-06,-0.00020767492324038017,-0.00012574583051320166,-0.00023178834152221868,-4.066875313584697e-05,0.9999999644041011
1740163422.5769954,1740163422.5654888,2,3,0.00020303834220106407,-2.596021267447061e-06,-0.0002129993267507415,0.0002775291407728443,-2.997962015512848e-05,-3.515005005355929e-05,0.9999999604216354
1740163422.5938919,1740163422.5823781,2,3,0.00019319417026602347,-3.946626939392332e-06,-0.0002022677557340096,0.00021670718873847766,-3.197430090371674e-05,-3.3924498000120344e-05,0.9999999754323832
1740163422.6109638,1740163422.5987985,2,3,0.0002170930308036787,-4.031325428928142e-06,-0.0002296175221211821,0.00025805596921772104,-5.0585317896433296e-05,-2.7434147971336493e-05,0.9999999650478044
1740163422.6286697,1740163422.6157873,2,3,0.00019361942262811153,-2.456161354466817e-06,-0.00020343350938148118,0.00019187900353561022,-3.2339836675420044e-05,-3.7530339110836554e-05,0.9999999803640282
1740163422.6438267,1740163422.6321905,2,3,0.00018911245853503277,-4.712956039261783e-06,-0.0001973801150593216,0.0002036334606797225,-3.004040102598853e-05,-4.7299644223765895e-05,0.9999999776968657
1740163422.6597526,1740163422.6487038,2,3,0.00022753321199975836,-2.7905675696867824e-06,-0.00024193924457137887,0.0001627212629529695,-8.666755009711664e-05,-5.3053035305020993e-05,0.9999999815979508
1740163422.6772192,1740163422.6656241,2,3,0.00018211513025411365,-3.1456876873840326e-06,-0.00018934654097704735,0.00017176272005008718,-3.8836033075193164e-05,-5.1278386157512494e-05,0.9999999831799287
1740163422.6933043,1740163422.6820629,2,3,0.00022711412704873893,-3.363095343073226e-06,-0.00024196877325814877,0.00016983917233715084,-7.634206463227351e-05,-6.91674796303975e-05,0.999999980271202
1740163422.7103612,1740163422.6987593,2,3,0.00016717740769345282,-2.9399970361743207e-06,-0.00017097953240523636,0.00016549615908353376,-6.296792010162934e-05,-5.797243237944775e-05,0.9999999826426296
1740163422.7272537,1740163422.7156053,2,3,0.00018389689034723535,-2.8231897488924144e-06,-0.0001911144247302823,0.00022886029917217504,-1.852143241124841e-05,-1.5450083210552553e-05,0.9999999735206072
1740163422.7436943,1740163422.7321732,2,3,0.0001798215137904179,-3.6397113841874724e-06,-0.0001860178772701642,5.456638360757e-05,-4.5622113121808786e-05,-7.880345327765065e-05,0.9999999943655742
1740163422.7619736,1740163422.7489872,2,3,0.0001486082164780269,-2.7873728396583623e-06,-0.0001485656007173136,0.00015406439860870015,9.242125072700705e-08,-4.6911691830653806e-05,0.9999999870317228
1740163422.7767844,1740163422.7657313,2,3,0.00016072287078993676,-3.650373234560187e-06,-0.0001630161723041052,0.00010123517546663794,-2.406650387599633e-05,-7.587741938086527e-05,0.9999999917074299
1740163422.793152,1740163422.7821977,2,3,0.000164262040317313,-2.7209038078458556e-06,-0.00016633058440690542,0.00011837573330082023,-3.7145407871339545e-05,-9.359771790619341e-05,0.9999999879234358
1740163422.810575,1740163422.7992034,2,3,0.00020528407834560414,-2.9412847592645356e-06,-0.00021381348817735876,2.4076123695705183e-05,-0.00011626892285087709,-0.00014170518277449703,0.9999999829107593
1740163422.8271098,1740163422.815721,2,3,0.00013037617451802972,-3.810878502506047e-06,-0.0001265138836184161,0.000209660474856216,1.4007379108503487e-05,-5.928693602020733e-05,0.9999999761656687
1740163422.8436172,1740163422.8322625,2,3,0.0001476907350476783,-4.046921546005117e-06,-0.00014493317351153335,8.603488117628526e-05,-1.3054156976756017e-05,-7.504802888503392e-05,0.9999999933976907
1740163422.861199,1740163422.8493786,2,3,0.00018025784723720294,-2.7044329620854155e-06,-0.0001848291524929689,0.00020188445435331988,-3.402788797457308e-05,-9.366831752761283e-05,0.9999999746555077
1740163422.877396,1740163422.8655999,2,3,0.00016268548431363556,-2.7424132852698977e-06,-0.00016087133297519723,0.00010481936171737083,-2.1495618365041707e-05,-0.00010994417475194599,0.9999999882315591
1740163422.8939772,1740163422.8823695,2,3,0.00017522783547449213,-3.689974000032583e-06,-0.0001772141183578575,0.00015853868490446567,-6.256385128289806e-05,-8.247740254909656e-05,0.9999999820743638
1740163422.9109933,1740163422.8992898,2,3,0.00015322227594755282,-2.708985947404436e-06,-0.000151248074264001,0.00013644363275756396,7.104365495252343e-06,-5.299393386608077e-05,0.999999989262153
1740163422.9272316,1740163422.9157603,2,3,0.00014518464835892026,-3.567784847812789e-06,-0.00014057582537841545,0.00021468557512993968,3.368757256539849e-06,-7.069891309739798e-05,0.9999999744502092
1740163422.943747,1740163422.9323802,2,3,0.00017823772547241395,-2.2626025732900335e-06,-0.00018138933101028725,0.000149380577151156,-4.867213634150465e-05,-8.04328747192557e-05,0.9999999844235093
1740163422.9607303,1740163422.9491925,2,3,0.0001811560485950893,-1.4644272389603234e-06,-0.00018501974032944027,0.00016938620256811787,-7.268069729265831e-05,-6.238779544827601e-05,0.9999999810667967
1740163422.976798,1740163422.9658444,2,3,0.00017121603640259182,-1.1786359053480991e-06,-0.00017371376856983495,0.00012022377837401786,-4.4128855572917284e-05,-9.161410676007926e-05,0.9999999876028712
1740163422.9941201,1740163422.9826496,2,3,0.0001218970041075726,-2.320073860600141e-06,-0.00012211398337460402,-0.00012027224731397583,-0.00014153271677730216,-3.1276888442473605e-05,0.9999999822624163
1740163423.0106997,1740163422.9991724,2,3,0.00014866123881413307,-2.4561487964672078e-06,-0.00014758370755680477,0.0001338209469396824,-1.517749020458958e-05,-7.958390807180797e-05,0.9999999877639998
1740163423.0271387,1740163423.0156982,2,3,0.0001833906287503718,-5.858508011711179e-07,-0.00018691607976798974,0.00023183039940671886,-2.2537550602397214e-05,-2.8010607781322528e-05,0.9999999724810649
1740163423.0447738,1740163423.0328596,2,3,0.00015568279333850286,-1.7825771589654126e-06,-0.00015503092399285997,0.00015347636637155594,-9.23841875632445e-06,-7.432928537960589e-05,0.9999999854174068
1740163423.0604181,1740163423.0491107,2,3,0.00015363183694793218,-2.4010833889057858e-06,-0.00015178988499455403,0.00019037907736442123,-1.4664135408333952e-05,-6.46962447688557e-05,0.9999999796775827
1740163423.0773673,1740163423.0662522,2,3,0.00014140783202481823,-1.6669920798240225e-06,-0.0001384711868966074,0.0001291088759444181,-2.0191509551039516e-05,-8.76730741649902e-05,0.9999999876183165
1740163423.0947266,1740163423.0828621,2,3,0.0001439423190706768,-3.0559784354992627e-06,-0.00014691668456957957,-0.00014382516932569942,-0.00020392910141664677,-5.077116288078331e-05,0.9999999675747652
1740163423.1103578,1740163423.099128,2,3,0.00015336444068783165,-3.0496320493310223e-06,-0.00015293929496249366,0.00011065589880963057,1.0768148305115075e-05,-7.043445746224214e-05,0.9999999913391531
1740163423.1267927,1740163423.1158886,2,3,0.00016095806000818096,-2.2495412277849954e-06,-0.0001669646995654604,-0.00014401980650773663,-0.00019418188810565225,-5.823470774278968e-05,0.9999999690802037
1740163423.144349,1740163423.132784,2,3,0.0001847408520512036,-2.645196174646423e-06,-0.0001882806281261499,0.00017891751692006717,-4.4246097636481565e-05,-3.4502317425615296e-05,0.9999999824201974
1740163423.160419,1740163423.1492286,2,3,0.00017944682011583713,-1.4928215623935734e-06,-0.00018492540666307543,0.0002317609137371319,-3.31782446124039e-05,-6.982236345436622e-05,0.9999999701554598
1740163423.177516,1740163423.1659253,2,3,0.00014505261698050069,-2.7728347246249237e-06,-0.00014282838500080192,0.00020574109744511289,-1.7981266065795666e-05,-3.548571188740711e-05,0.9999999780440194
1740163423.1938772,1740163423.1826391,2,3,0.00019181942418065385,-9.20249880654752e-07,-0.0001991882726798812,0.0002628521892117776,-5.471481730653156e-05,-2.1303521878930576e-05,0.999999963730587
1740163423.2100258,1740163423.1992385,2,3,0.00015016211119560306,-2.2559312040770656e-06,-0.00014856715439944917,0.0001972805222016425,-1.7978872210774254e-05,-3.7500288045506064e-05,0.9999999796754419
1740163423.2276404,1740163423.2161992,2,3,0.00017471546863966663,-2.5633684491341553e-06,-0.00017950114423702045,0.00020708847792079145,-1.889010304606704e-05,-4.3685161681607826e-05,0.9999999774245661
1740163423.243943,1740163423.2326539,2,3,0.0001624893919528738,-2.3160107520134957e-06,-0.000164396064120433,0.00015829708079859867,-1.9485687689238038e-05,-6.888761450381294e-05,0.9999999849084193
1740163423.260397,1740163423.2494657,2,3,0.0001610469671873198,-2.2139167062673697e-06,-0.00016482337975809013,0.0002491345102711488,-3.5230327031791926e-05,-3.650566639252435e-05,0.9999999676790776
1740163423.2778735,1740163423.2662783,2,3,0.00016159628714128947,-3.4585449364413846e-06,-0.00016534620707398285,0.00018331971999724502,2.841773088247109e-06,-4.399871667201398e-05,0.9999999822249586
1740163423.2938132,1740163423.2827165,2,3,0.00017796441749623373,-2.3705763134310057e-06,-0.0001848149872565723,0.0002470494594565471,-2.7063298093111523e-05,-5.953505781368015e-06,0.9999999690993486
1740163423.3107402,1740163423.2994516,2,3,0.00019037850495257698,-1.872100762318341e-06,-0.00019865089596975485,0.00013068812399644403,-7.049956359308944e-05,-7.066225483122812e-05,0.9999999864786356
1740163423.329601,1740163423.3164976,2,3,0.00014291782312765295,-1.9613972730457975e-06,-0.0001438735492847955,0.00017907564572362269,1.7086240246398356e-05,-2.8320886983184424e-05,0.9999999834189504
1740163423.3453128,1740163423.3336856,2,3,0.00017498065450762974,-1.9351795594032916e-06,-0.00017949499049596488,0.00024208277986715392,-1.615007808396806e-05,-2.359040288005446e-05,0.9999999702892973
1740163423.3613544,1740163423.3496087,2,3,0.00016925186601007087,-2.2206910871606827e-06,-0.00017450186992434702,0.00017438905552629344,-1.350067297774185e-05,-3.993460510585286e-05,0.9999999839057082
1740163423.3775864,1740163423.3662572,2,3,0.00016937387769054967,-1.9098959312409587e-06,-0.00017168630221864645,0.00011748281840786329,1.5592793879677697e-05,-8.495226398369562e-05,0.9999999893688825
1740163423.3944387,1740163423.38278,2,3,0.0001750690555487896,-1.8504482203959582e-06,-0.0001797589137606697,0.00021909911700670597,2.9819017026590397e-06,-4.472802761358061e-05,0.9999999749930439
1740163423.4117215,1740163423.3999484,2,3,0.00017078197269682248,-1.741301780952934e-06,-0.00017453623359198404,0.0002169443983500615,3.888601994993591e-06,-3.253924896109488e-05,0.9999999759306017
1740163423.4276114,1740163423.416263,2,3,0.00017011052602232567,-1.783052265292521e-06,-0.00017581153048479184,0.00014862345402502552,-3.708895744532826e-05,-5.2595443249765295e-05,0.9999999868845986
1740163423.4467604,1740163423.4327888,2,3,0.00016286326458878986,-2.3417636355680708e-06,-0.0001645464892346293,0.00014211170967043675,-1.7693011398156048e-05,-4.337442543828419e-05,0.9999999888049392
1740163423.4619265,1740163423.449827,2,3,0.00017823203737160436,-1.4731553818379114e-06,-0.00018546954752128675,0.0001308179466417574,3.3123102579542198e-06,-6.762422723842274e-05,0.9999999891513286
1740163423.4781256,1740163423.4661381,2,3,0.00018220013257465767,-2.18486680233518e-06,-0.00018647675233294264,0.0001851470728431841,-1.3149650859460064e-05,-4.95268842672035e-05,0.9999999815473678
1740163423.4952245,1740163423.4831417,2,3,0.00016481582540317928,-7.208477878867327e-07,-0.00016916453762729367,0.000233072666895062,-1.749868677555886e-05,-4.503774172709477e-05,0.9999999716712645
1740163423.5111792,1740163423.5000608,2,3,0.00012068155613112962,-3.0963894147874345e-06,-0.00011473527121241421,0.0001982985054311762,5.261542355233301e-05,-4.1249898559773725e-05,0.9999999781038827
1740163423.5275679,1740163423.5166676,2,3,0.00016215628334820817,-1.2130979681000578e-06,-0.0001668329994657679,0.00021759821060756305,-2.204576355302112e-05,-4.481535837311168e-05,0.999999975078293
1740163423.5447493,1740163423.533284,2,3,0.00013090312087847675,-1.3413543517538221e-06,-0.00013340730355189672,-0.00019052265495176935,-0.00016585332010350112,-7.034813093633209e-05,0.9999999656224666
1740163423.560719,1740163423.5497227,2,3,0.00019439510131191004,-1.9841788400175335e-06,-0.000203467354264101,0.00022874180327555713,-5.5173500544356196e-05,-6.812031412715787e-05,0.9999999699963471
1740163423.5773432,1740163423.566293,2,3,0.00014391803087157034,-1.2496986735642733e-06,-0.0001418671961021784,0.00023945035560457166,-1.8203119585295522e-05,-1.4992394417096207e-05,0.9999999710537004
1740163423.5953517,1740163423.583187,2,3,0.00017983872578564142,-1.16428852101203e-06,-0.00018567482386906939,0.00024559719698660396,-4.822232316623719e-05,-6.0926974006936214e-05,0.9999999668222636
1740163423.610965,1740163423.5998266,2,3,0.00016259722764711682,-1.9820483377781024e-06,-0.00016399083700744494,0.00013806483830526537,-1.7135188983389353e-05,-7.563731091330021e-05,0.9999999874617415
1740163423.6278963,1740163423.6163833,2,3,0.00017073151270948555,-1.4525121586328483e-07,-0.00017257895565230433,0.000253298157856719,-5.400379078949195e-05,-4.03923488904062e-05,0.9999999656460453
1740163423.6449828,1740163423.633334,2,3,0.00012748937307590366,-2.097553662966903e-06,-0.00012135502738056652,0.00022972245137280783,1.5244414880950487e-05,-3.424313883151516e-05,0.9999999729113049
1740163423.6608055,1740163423.649819,2,3,0.00019752304466224315,-7.299981991196906e-07,-0.0002039269056243508,0.00019911965426466481,-0.00010062230014361897,-6.335100331575622e-05,0.9999999731065827
1740163423.6778257,1740163423.6663618,2,3,0.00014574519503038864,-1.4135895480863017e-06,-0.00014302566396728048,0.00018728417604897042,-1.627529080432672e-05,-3.8421322296810134e-05,0.999999981591777
1740163423.6952727,1740163423.6834474,2,3,0.00015994086951967674,-1.520736172050234e-06,-0.0001597778615294476,0.0002130225943951207,-5.8407234347078945e-05,-4.4871564314950506e-05,0.9999999745982556
1740163423.7107766,1740163423.6998947,2,3,0.00012435333452910625,-3.2134575630825155e-06,-0.00011760574983450952,0.0002063580963134855,-3.655861726610316e-05,-2.8445612645723963e-05,0.999999977635325
1740163423.7275543,1740163423.7164876,2,3,0.00016966012077113205,-1.7369929105309935e-06,-0.00017242031856650185,0.00023311300233991447,-6.851610372808582e-05,-5.945870257360882e-05,0.9999999687142667
1740163423.7446775,1740163423.733423,2,3,0.00016048766611752248,-5.299692467611106e-07,-0.00015949570193672427,0.00019299951716290634,-8.879984113733872e-05,-2.4199534299897803e-05,0.9999999771400783
1740163423.7611654,1740163423.7497983,2,3,0.00014283190906983439,-1.5558715579149547e-06,-0.00013871851804253194,0.00021557776143296873,-6.929370843038674e-05,-5.102445569738164e-05,0.9999999730605574
1740163423.7783213,1740163423.766906,2,3,0.00019845308568589262,-5.202564038945793e-07,-0.0002049498603186973,0.00025982073050285294,-7.946198776923975e-05,-7.334445616259567e-06,0.9999999630625925
1740163423.7940614,1740163423.783379,2,3,0.00015563269436739375,-8.473005201393777e-07,-0.00015553472712626337,0.00019411229395809823,-5.713868464097038e-05,-3.1667811195934e-05,0.9999999790263686
1740163423.810875,1740163423.800047,2,3,0.00015711485167845134,-2.17434234567484e-06,-0.00015502211310454726,0.0001998651294703503,-4.5820357658181214e-05,-2.2528273861828135e-05,0.9999999787234507
1740163423.8281953,1740163423.8169672,2,3,0.00012102031480799169,-9.312584937381973e-07,-0.00011574294057252363,0.00021643939293880432,-1.1959165812062535e-05,-2.9599390443156494e-05,0.9999999760674215
1740163423.8450484,1740163423.8338487,2,3,0.0001568410750615996,-1.8959496240435508e-06,-0.0001541231768178183,0.0001816913072158529,-0.0001061288264734704,-4.663470540142908e-05,0.9999999767750724
1740163423.8612957,1740163423.8500314,2,3,0.0001457838271095323,-4.3049161496868267e-07,-0.00014483639454845778,0.00021143221156287776,-3.019132997205367e-05,-4.3867298711684686e-05,0.9999999762302816
1740163423.8786092,1740163423.8668942,2,3,0.00013520560385215074,-2.5413060530726106e-06,-0.0001279471270720112,0.00017372095370927094,-1.8950856455920107e-05,-5.232019355374887e-05,0.9999999833622463
1740163423.8947444,1740163423.8834,2,3,0.00013582756606063498,-2.537006719993224e-06,-0.0001324898208013079,0.00022778059628811005,-3.161418449003769e-05,-5.8694086951334625e-05,0.9999999718357734
1740163423.9121828,1740163423.9003348,2,3,0.00014395555257807742,-1.930166865340586e-06,-0.0001375514045228393,0.00019898516809272905,-6.647107215550655e-05,-3.312979036803801e-05,0.9999999774444579
1740163423.9278338,1740163423.9168768,2,3,0.00010998895389370964,-3.3038114022735714e-06,-0.00010352204391335768,0.0001944285684532331,1.2387953102460018e-05,-6.433534559685967e-05,0.9999999789525166
1740163423.9446812,1740163423.9334161,2,3,0.00016038164119281794,-1.9984339850723228e-06,-0.00015709662883934154,0.00021645132830918866,-3.495589512999752e-05,-3.0474085618242002e-05,0.9999999754991187
1740163423.9619756,1740163423.9503317,2,3,0.00013554377794703707,-1.7056395465792303e-06,-0.00013171541673027572,0.00018836151065124734,-3.993098853651611e-05,-5.5318841980908804e-05,0.9999999799326413
1740163423.9784636,1740163423.9670012,2,3,0.0001549890293661844,-2.1732666017202815e-06,-0.00015130890017118248,0.00018648217952645937,-6.835899177975416e-05,-5.811842476123411e-05,0.9999999785868466
1740163423.9946043,1740163423.983453,2,3,0.00014942940780048375,-1.308764784946715e-06,-0.0001497025601742648,0.00019558961481786055,-5.602205583415753e-05,-3.8645057217698915e-05,0.9999999785563954
1740163424.0116632,1740163424.0004761,2,3,0.00011972366958508401,-4.174126843425016e-06,-0.00011049969802333252,0.00021034900793194772,-2.604488387661466e-05,-3.532507380250264e-05,0.9999999769135487
1740163424.0279608,1740163424.0168595,2,3,0.0001605930575774706,-2.2813578523189993e-06,-0.00016332101952209018,0.00016213512909817957,-5.264213492995328e-05,-4.580405402027927e-05,0.999999984421497
1740163424.0449035,1740163424.0334592,2,3,0.00016369082789822084,-1.6258511109183153e-06,-0.000161620746396832,0.00014660774371728281,-8.373440897529818e-05,-6.178023346713333e-05,0.9999999838389604
1740163424.0613563,1740163424.0503144,2,3,0.00013759187156836935,-3.2576283432566226e-06,-0.0001374121216650649,0.00026412043389150667,-1.7754873788608583e-05,-4.2459961198399494e-05,0.9999999640611555
1740163424.078106,1740163424.0668485,2,3,0.00013120041379609672,-3.8963409914411725e-06,-0.00012644161003203954,0.00019363314818984244,-2.4659126482571906e-05,-3.1434857017034566e-05,0.9999999804549904
1740163424.1000838,1740163424.083918,2,3,0.00015474731485098011,-9.324006500897317e-07,-0.0001574340961669084,0.0002419654387675258,-3.818836856255921e-05,-2.4428532107073553e-05,0.9999999696988104
1740163424.113154,1740163424.1005213,2,3,0.00015771358633734012,-2.8394114201462705e-06,-0.0001564326712046742,0.00024237574755506093,-4.131347470239524e-05,-1.1085670654398401e-05,0.9999999697121504
1740163424.1282265,1740163424.1169012,2,3,0.00016460947340229913,-1.5199372292904363e-06,-0.0001709108522610748,0.0002157465627630221,-4.9596481794095e-05,-7.46914304359611e-05,0.9999999727073995
1740163424.1453652,1740163424.1339078,2,3,0.00016789427696491818,-2.0537713923581426e-06,-0.00016970662539571042,0.00011464920431910988,-4.4534851252187105e-05,-5.5174086271976586e-05,0.9999999909140135
1740163424.1616619,1740163424.1502595,2,3,0.00013331660547734916,-1.6843799659626364e-06,-0.00013363927339704902,0.00021957219102789602,-6.473619533598894e-06,-6.630847060191574e-05,0.9999999736746656
1740163424.1785154,1740163424.1669602,2,3,0.00013845395357684896,-3.4202620764770267e-06,-0.0001363271719504178,0.0001784881869561015,-2.4395163702280955e-05,-6.195551877465919e-05,0.9999999818541782
1740163424.1952913,1740163424.1838684,2,3,0.00014617024316286977,-1.140891458927704e-06,-0.0001499710098369217,0.00019844740085411578,1.4296452683739552e-05,-8.74083903193276e-05,0.9999999763870067
1740163424.2111516,1740163424.200343,2,3,0.0001628344273132272,-2.854256034366935e-06,-0.00016327552580882107,0.00019045922368708987,-4.85546012623619e-05,-2.75715350368006e-05,0.9999999803037725
1740163424.2281537,1740163424.2169244,2,3,0.00015985305096269053,-1.3697748070999308e-06,-0.0001720842790440713,-1.2557213869265024e-05,-0.0001993076032327906,-8.99001763603778e-06,0.9999999800189874
1740163424.244973,1740163424.2338035,2,3,0.00015075018761668516,-2.047239133980263e-06,-0.00014871376400642775,0.00013783739610743746,-3.680095224414697e-05,-3.475310989089572e-05,0.9999999892193817
1740163424.2615848,1740163424.2504673,2,3,0.00016097449818723605,-2.4173802763700043e-06,-0.00016596070923636396,0.0001675073393621972,-2.222467201708771e-06,-9.946635230926046e-05,0.9999999810213982
1740163424.27834,1740163424.2672412,2,3,0.00012562733277112292,-1.7941135890718946e-06,-0.00012076605841184672,0.0001181691347595416,-3.43192523300785e-05,-3.477770161145543e-05,0.9999999918243779
1740163424.2947388,1740163424.2837799,2,3,0.00017050175854552594,-2.083787694728323e-06,-0.00017604495316570412,0.0002750085202662309,-5.1177504159843466e-05,-2.3568111357618197e-05,0.9999999605978597
1740163424.3114583,1740163424.3003397,2,3,0.00011510233105629659,-3.013395796375159e-06,-0.00010808837481781472,0.00016000773270547554,-2.0663583008999803e-06,1.0217387770951615e-05,0.9999999871444303
1740163424.3288033,1740163424.3173053,2,3,0.00012978368086215405,-2.2382760690772576e-06,-0.0001298142667190433,0.0001939099028985068,2.0937944714475024e-05,-6.989607948400473e-05,0.9999999785375449
1740163424.3458066,1740163424.3344014,2,3,0.00012621975742620057,-3.318318663286705e-06,-0.00012350064870082309,0.00010447086741023246,-1.6211867221178896e-05,-2.220860531639581e-05,0.9999999941648956
1740163424.3615966,1740163424.3503773,2,3,0.0001503925046607357,-2.5723091131457734e-06,-0.00015407216587673693,0.00021098155698986968,2.8642902716191224e-06,-4.848980166497516e-05,0.9999999765636585
1740163424.379144,1740163424.3674376,2,3,0.000105617649848538,-3.674110275376503e-06,-9.89876138116088e-05,0.0001924511453791799,1.2346266739093002e-05,-3.9147308087102674e-05,0.9999999806388071
1740163424.3949873,1740163424.3838487,2,3,0.0001456410942968813,-2.466200513140448e-06,-0.00014699896251541415,0.00029701977529214134,-3.094491859350874e-05,-5.349980538183565e-05,0.999999953979717
1740163424.4121323,1740163424.4006429,2,3,9.315218768494069e-05,-3.878479336289409e-06,-8.971657211096852e-05,-0.00018282079916188097,-0.00014565957091771436,-2.290895307959937e-05,0.9999999724175119
1740163424.428546,1740163424.4172645,2,3,0.00015514819678091226,-2.042266745802961e-06,-0.00015718922941647582,0.00027748863437611945,-1.2048853473218003e-05,-4.358065112996959e-05,0.9999999604778042
1740163424.4451797,1740163424.4340947,2,3,0.00011939969249037331,-2.233588486192275e-06,-0.00011437795633097263,8.656830436464071e-05,1.627991949105256e-05,-5.5647792493717315e-05,0.9999999945721081
1740163424.4626987,1740163424.4509268,2,3,0.00013669690774918336,-2.1917683194583718e-06,-0.0001356727024138849,0.00029369970598692487,5.355344248997219e-06,-2.510204385303565e-05,0.9999999565408443
1740163424.478472,1740163424.4673233,2,3,0.00014462500669873277,-1.9520156618206064e-06,-0.00014286434026732547,8.432913295584069e-05,-1.7848693010507208e-05,-8.339874913816379e-05,0.9999999928073351
1740163424.4948611,1740163424.4838693,2,3,0.00014015775360462724,-2.728519631946239e-06,-0.00013935000761083983,0.00034032893324401693,-2.718568737199006e-05,-2.2283278363995045e-05,0.9999999414703038
1740163424.5122125,1740163424.5008752,2,3,0.00013291746427598373,-2.4255118533015027e-06,-0.00012837234678681917,4.155447004948495e-05,-9.933623918959603e-06,-9.440258237770247e-05,0.9999999946313508
1740163424.528796,1740163424.5172558,2,3,0.00017522376788562893,-3.1116895258734267e-06,-0.00017874957959584692,0.00027553445259650923,-2.75840146202755e-05,-5.8713239220418226e-05,0.9999999599363208
1740163424.5445921,1740163424.534,2,3,0.00012491201945149643,-3.2066431339455416e-06,-0.00012096474269891238,0.0001369891577914663,1.9038276141432925e-05,-6.0823872111803974e-05,0.9999999885859856
1740163424.56282,1740163424.55107,2,3,0.00017199380694482298,-2.9306518214347987e-06,-0.0001742379295996668,0.0002570609181413022,-5.1993820343836374e-05,-7.303550848199983e-05,0.9999999629410702
1740163424.5785308,1740163424.567468,2,3,0.00012767741148371868,-2.9691532260786693e-06,-0.00012196374898875395,0.00012480751247801442,-1.2492856799914234e-06,-9.842403487462857e-05,0.9999999873671167
1740163424.5952396,1740163424.584038,2,3,0.00018462481727492247,-3.334696835065067e-06,-0.00018972997216723303,0.0003102388359762233,-3.995766107644076e-05,-4.624952644242118e-05,0.9999999500081144
1740163424.6122048,1740163424.600937,2,3,0.00012832397904320806,-2.2935058783253213e-06,-0.00012288941459397788,7.824637847597264e-05,7.358871799046248e-06,-6.983991086802741e-05,0.9999999944728691
1740163424.629413,1740163424.617439,2,3,0.00017420747336160272,-2.3084119997543517e-06,-0.00017638466848555106,0.00031780798422965093,-4.409909861551526e-05,-5.274293886754911e-05,0.9999999471357671
1740163424.6454067,1740163424.6340759,2,3,0.00015013323825138763,-2.4344161950238613e-06,-0.00014975033691111476,0.00012407621623683932,-1.1124203712034385e-05,-7.223409541605142e-05,0.9999999896317899
1740163424.6618423,1740163424.6508207,2,3,0.00016392802459509664,-2.8453647782178237e-06,-0.00016407637255877664,0.00030124016901516654,-9.055493445822546e-07,-2.905317521525728e-05,0.9999999542047256
1740163424.6785984,1740163424.6674979,2,3,0.00010290132813698293,-3.7104879186018553e-06,-9.428879367018102e-05,0.00020016237494364976,4.054779327480306e-05,-3.651857831061055e-05,0.9999999784786465
1740163424.6960213,1740163424.6843038,2,3,0.00015926116561725912,-3.2590455625141413e-06,-0.00016129936230364726,0.0002715797600679468,-2.1101986328366753e-05,-2.6477179927531747e-05,0.9999999625490488
1740163424.7125268,1740163424.700879,2,3,0.00015651702231454757,-1.9578878788994425e-06,-0.00015587544764492103,0.00010116397164328957,-3.0053430219917503e-05,-6.849923388335058e-05,0.9999999920852485
1740163424.7289016,1740163424.7175856,2,3,0.00016504144641153653,-2.924638343299751e-06,-0.0001654220601262344,0.00019111226136496337,-1.283988862202493e-05,-7.412291282510415e-05,0.9999999789085171
1740163424.7460287,1740163424.7344024,2,3,0.00018239631118083626,-2.8252609423981367e-06,-0.0001868216998673009,0.00013542337742909066,-4.414179001286879e-05,-4.196867114488622e-05,0.9999999889753209
1740163424.7622163,1740163424.7510242,2,3,0.00015424299460083636,-2.234016118189811e-06,-0.00015148827757802586,0.00024648203079295273,-2.7170879394581036e-05,-4.376410231725328e-05,0.9999999682965272
1740163424.778214,1740163424.7674196,2,3,0.000141450113299582,-3.998847849416201e-06,-0.00013701364830633414,0.00011711043694685731,-1.8277297180033858e-05,-8.53510503982447e-05,0.999999989333142
1740163424.7963436,1740163424.7847424,2,3,0.0001295441527795546,-2.743495820097528e-06,-0.00012474355396262623,0.0002140971153986357,3.25900418975816e-06,-6.769594020165765e-05,0.9999999747845315
1740163424.8118463,1740163424.8009703,2,3,0.00012245742218465396,-2.5528779172635725e-06,-0.00011431492732809015,0.0001336435757134984,1.7904609045928863e-05,-6.470768274671255e-05,0.9999999888158677
1740163424.828588,1740163424.8177004,2,3,0.00011508822621513779,-4.48570195428992e-06,-0.00010664772806755989,0.00019458432824172292,-9.694624267171425e-06,-7.871572067154601e-05,0.9999999779233941
1740163424.8465059,1740163424.8350081,2,3,0.0001285809248873151,-3.918679317100673e-06,-0.00012221124530099723,7.841525863346306e-05,-1.0803202230151322e-05,-8.29030617117166e-05,0.9999999934307102
1740163424.862314,1740163424.8510437,2,3,0.00011059116030120541,-3.2423712113835576e-06,-0.0001017704514528721,0.0002010703149487282,1.8553779871958997e-05,-6.40205526362778e-05,0.999999977563927
1740163424.880107,1740163424.8681908,2,3,0.00011792754365246195,-3.3866827070574883e-06,-0.00011087222819842712,0.00012662597267281016,-1.7104051956547042e-06,-4.603313717264347e-05,0.9999999909219438
1740163424.896141,1740163424.8846004,2,3,0.0001344003562012433,-3.820397461988354e-06,-0.00013051936343166427,0.0001823016845374951,-1.2027862440038944e-05,-6.726599042589356e-05,0.9999999810483563
1740163424.9126554,1740163424.901042,2,3,0.00013793221756518945,-4.096946586967183e-06,-0.00013409580659859492,0.000133921802794397,-6.148653250579626e-06,-2.6172884921086867e-05,0.9999999906710624
1740163424.9293842,1740163424.9178348,2,3,0.00012324553891185998,-3.8128849278255077e-06,-0.00011756368054245587,0.0002804871941826258,1.0175319918345458e-05,-5.8329701224916935e-05,0.9999999589105205
1740163424.9456813,1740163424.9344368,2,3,0.00013124078128709152,-4.960033496486938e-06,-0.00012775897274650827,0.00014891964374353823,-6.088856404875143e-06,-7.210398648277281e-05,0.9999999862934402
1740163424.9624386,1740163424.9511209,2,3,0.0001729273796051747,-3.445622967981107e-06,-0.00017783340426810165,0.00018137984353675454,-2.9505252033022513e-05,-4.179914682385942e-05,0.9999999822418117
1740163424.9795682,1740163424.9680579,2,3,0.00011104072560402093,-4.566227983958606e-06,-0.00010469955471195956,0.00020934788956621382,4.104582187356637e-05,3.822074157751619e-08,0.9999999772443497
1740163424.9956365,1740163424.9844997,2,3,0.0001370512565955328,-5.035851674114279e-06,-0.00013578178354463493,0.00019221421088959993,-9.394296517118186e-06,-8.729953584397128e-05,0.9999999776721175
1740163425.0122178,1740163425.0011666,2,3,0.00012399598680873158,-3.4614608115506676e-06,-0.0001274850001183223,-0.00022033258923245604,-0.00014602395942303763,-6.940276763957544e-05,0.9999999626569038
1740163425.029676,1740163425.0180364,2,3,0.00017448224111535376,-3.6931411289413547e-06,-0.00017700002250282373,0.00020568464438313063,-4.875490456618571e-05,-5.250481425500284e-05,0.9999999762800151
1740163425.0745602,1740163425.0344632,2,3,0.0001401494014240515,-3.2587564885051727e-06,-0.00014078117696031108,7.114156408966331e-05,2.7417413121392325e-05,-9.211850241567727e-05,0.9999999928506724
1740163425.078807,1740163425.051155,2,3,0.00013775570165503096,-4.174819315621643e-06,-0.00013507799900565673,0.00018060465229120633,-9.455131477176084e-06,-6.29184431526693e-05,0.9999999816669146
1740163425.0828516,1740163425.0682063,2,3,0.00016868386152533337,-3.621883084806386e-06,-0.00017247974781763823,9.971119667984274e-05,-9.23313025427476e-07,-5.941060698138145e-05,0.9999999932636022
1740163425.0957773,1740163425.0845842,2,3,0.00015089576224504878,-4.435485477453154e-06,-0.00015106483336969337,0.00020498599843804164,3.024394102974361e-06,-7.975957980917061e-05,0.9999999758050012
1740163425.1126406,1740163425.1011307,2,3,0.00018833248367399993,-2.568196860710584e-06,-0.00019554912188979857,0.0001499386891302787,-2.9588408624951315e-05,-2.6125318402547653e-05,0.9999999879801916
1740163425.1293104,1740163425.1180146,2,3,0.0002066824917459816,-3.6129211636263482e-06,-0.0002168259533141098,0.00019284298640301323,-5.618222620824112e-05,-7.987502266635843e-05,0.9999999766375601
1740163425.1458287,1740163425.1347568,2,3,0.0001760820425765914,-2.323817113288386e-06,-0.00018217455009943793,0.00015618190287532515,8.437824434781859e-06,-7.002423953075883e-05,0.999999985316311
1740163425.1621926,1740163425.1515155,2,3,0.00020766280744127346,-3.7958566697275587e-06,-0.00022553459067527667,-0.00012143769984385665,-0.000246495898746914,-5.744972209958193e-05,0.9999999605960924
1740163425.179252,1740163425.168042,2,3,0.00020249298536546327,-3.1002446132428765e-06,-0.0002146203318503955,0.00010413282286400672,-2.0851233747281582e-05,-0.00010398873569237431,0.999999988953962
1740163425.1959429,1740163425.1846366,2,3,0.0002281831725151257,-3.6762760381637496e-06,-0.00024406072988585612,0.00015262008833103488,-7.24007878757957e-05,-8.432849090484188e-05,0.99999998217697
1740163425.212783,1740163425.2015402,2,3,0.0002124529956759835,-2.6401361517507125e-06,-0.00022596379439075845,0.00015540173847430463,-2.2340098137229316e-05,-2.5840799756140263e-05,0.9999999873417363
1740163425.2291274,1740163425.2181063,2,3,0.00021866646291771635,-3.339771471321173e-06,-0.00023740036669803535,-0.00014733335054628493,-0.0001933403469944422,-1.5899849301479982e-05,0.9999999703297939
1740163425.2457566,1740163425.2347975,2,3,0.00018186149070279254,-3.600030130301377e-06,-0.00018877038116692785,0.00022661159670913226,5.963800150147405e-06,-3.019533713166381e-05,0.9999999738499291
1740163425.2637324,1740163425.251615,2,3,0.00020453875837898302,-4.231814911770654e-06,-0.00021431467808866495,0.00020463664895140911,-3.8741920326039065e-05,-5.053560586096755e-06,0.9999999782986834
1740163425.2791731,1740163425.2681127,2,3,0.0001978806938686821,-4.256531811957253e-06,-0.0002066242649597303,0.0001766360526369348,-1.501300326740241e-05,-5.616708545861183e-05,0.9999999827097864
1740163425.2961752,1740163425.2847283,2,3,0.00018403712467944094,-2.998545916919186e-06,-0.00019054050647573725,0.00019230057406494666,-1.0742875048647238e-05,-9.360427187380628e-06,0.999999981408731
1740163425.3132477,1740163425.3015778,2,3,0.0001738793936537062,-4.446844140405033e-06,-0.00017997388378358984,0.00011510796423073003,-9.960722867700081e-06,-9.183208952863651e-05,0.999999989108904
1740163425.3287518,1740163425.3179867,2,3,0.00017980808885224874,-2.6999166354261004e-06,-0.0001848881826879868,0.00017087151266469443,1.3275598173140258e-05,-6.006155952270575e-05,0.9999999835096468
1740163425.3468595,1740163425.3354385,2,3,0.0001663486267520268,-5.101960560157631e-06,-0.00016917131336623237,0.00022724299150344172,1.8798938293397215e-05,-1.726123841284807e-05,0.9999999738546359
1740163425.363,1740163425.3515325,2,3,0.0001631138188887347,-4.459210913769939e-06,-0.00016714257516526197,0.00022383938917857338,1.952770597326807e-05,-2.839522829782775e-05,0.9999999743541534
1740163425.3811722,1740163425.3681974,2,3,0.00018484724173161522,-1.965143934628647e-06,-0.0001901997981235279,0.00024038811478750124,-1.6276585367612884e-05,-1.9338253528527972e-05,0.999999970787329
1740163425.3968644,1740163425.3850207,2,3,0.00015511220655847307,-3.4451444685299684e-06,-0.00015613048973878963,0.0002849867865080355,-2.4781638918090666e-06,-3.5315895645047836e-05,0.999999958764588
1740163425.4128282,1740163425.4016225,2,3,0.00014431129211755502,-4.8454423832982025e-06,-0.00014306254515152053,0.00021367135556433434,2.650893090068663e-05,-5.800239037868201e-05,0.9999999751387753
1740163425.4295206,1740163425.4183524,2,3,0.00014846132919564374,-3.7419561707075994e-06,-0.00014809905895727066,0.00028067848673043447,-3.702614943053735e-06,1.1333627830269062e-05,0.9999999605387125
1740163425.446729,1740163425.4353187,2,3,0.000154094592778227,-4.382310166492938e-06,-0.00015330003602038311,0.00024980301163542114,3.437712462071731e-05,-3.354506200467471e-05,0.9999999676456982
1740163425.463168,1740163425.4517417,2,3,0.00012591462971916839,-4.4791655756394264e-06,-0.00012292789602710882,0.00021402469899674774,2.9958996042284916e-05,-3.7117270054175376e-05,0.9999999759590973
1740163425.4797773,1740163425.4682558,2,3,0.0001264897291436815,-5.673281995218617e-06,-0.00012197727558729845,0.00021039040506110038,3.355422355302103e-05,-5.855960806654734e-05,0.9999999755903817
1740163425.496792,1740163425.4851086,2,3,0.000154678858152089,-3.341441757099599e-06,-0.00016157188904559637,-4.5592832883051366e-05,-0.0001782842781871772,-7.240554063236152e-06,0.9999999830417919
1740163425.512598,1740163425.5015173,2,3,0.00011016026800715648,-5.027646134227767e-06,-0.00010149855577939986,0.0002582529911359399,6.033947281040118e-06,-3.276617059339224e-05,0.9999999660976806
1740163425.529573,1740163425.5181875,2,3,0.00016689004007880472,-3.2839084474369515e-06,-0.00017157683201293804,0.00021469129361451381,-4.24948958042486e-06,-5.469224820483246e-05,0.9999999754491739
1740163425.546844,1740163425.5352807,2,3,-7.013171141640046e-05,-5.058063919783511e-06,-0.0003855646379562081,0.004896379594015137,-0.6494857111640591,-0.00015969112741124984,0.7603580149898674
1740163425.5625691,1740163425.551622,2,3,0.00010945971861092335,-5.08357352540077e-06,-0.00010239888342936772,0.00023358115423479097,5.183310815611299e-05,-9.309714678234253e-05,0.9999999670430467
1740163425.583277,1740163425.568341,2,3,0.0001243973304468231,-4.853707352979922e-06,-0.00012742424154283565,-0.00017925692648828687,-0.00015552762642254977,-5.153566453819088e-05,0.999999970511093
1740163425.596141,1740163425.585081,2,3,0.00017006444753414192,-4.071121635126665e-06,-0.00017353248138565142,9.380209996475606e-05,-2.239898041262412e-05,-7.090935422017112e-05,0.9999999928356577
1740163425.6132154,1740163425.6017177,2,3,-7.842612992722613e-05,-6.5109852068587516e-06,-0.0003751583043190051,0.004957334631606085,-0.6494959950313126,-0.00016891296403133047,0.7603488335889297
1740163425.6309187,1740163425.6187708,2,3,0.00017121597504955846,-4.401004254349186e-06,-0.00017369944851566973,0.00017333506128626843,-1.0798583242070221e-05,-6.437213784928637e-05,0.9999999828472873
1740163425.6464717,1740163425.6350658,2,3,0.00014519502355490286,-3.999443255650517e-06,-0.00014216008559163467,0.00025227860956944135,1.6700964836004954e-05,-2.5232683955317917e-06,0.9999999680351065
1740163425.6630483,1740163425.6516795,2,3,0.00016163212123619474,-3.635387505798985e-06,-0.00016267252606135668,0.00019614336197733127,1.8628497975652798e-05,-1.5095407318117567e-05,0.9999999804764444
1740163425.680835,1740163425.6686838,2,3,0.00011627575504241919,-4.687843578557658e-06,-0.00010906849631554814,0.00013920870448988297,3.800852718720245e-05,-6.933382326865086e-05,0.9999999871845546
1740163425.6963754,1740163425.6852217,2,3,0.00015829963692212836,-3.2333136935099685e-06,-0.00015810232958195886,0.0002431529279766522,3.528022037578316e-05,-4.822190080832269e-05,0.9999999686533034
1740163425.7136967,1740163425.7019563,2,3,0.00014271145197694438,-4.868277410761972e-06,-0.00014013057792097562,0.00015371187648092108,4.269069029243459e-05,-6.128003010560746e-05,0.9999999853974608
1740163425.7301233,1740163425.7186244,2,3,0.00017987095957401066,-4.407865051081373e-06,-0.00018471322158537118,0.0002718159087257065,-2.401389453702719e-06,-2.9443874949208025e-08,0.9999999630551715
1740163425.746658,1740163425.7352204,2,3,0.00013265758216621514,-4.0607673617095415e-06,-0.00012941112325176018,0.00012049586962144933,3.6267732448141516e-05,-6.167001476575661e-05,0.9999999901811031
1740163425.7627895,1740163425.7520313,2,3,0.00017495664741420095,-3.7886357708017425e-06,-0.00017842254233201927,0.00028639356044249945,-3.0863677176934387e-06,-2.6931011320501303e-05,0.9999999586219609
1740163425.7791684,1740163425.7685559,2,3,0.0001856254256990216,-3.491838057153603e-06,-0.00019363136616860766,0.00016637612167058103,-3.315864634148976e-06,-3.168785211699502e-05,0.9999999856519355
1740163425.7963884,1740163425.7851465,2,3,0.00017619355090586587,-4.195494979237161e-06,-0.00017960684303062327,0.0002716804127926424,5.321510101663166e-06,-2.1844059585107474e-05,0.9999999628421353
1740163425.8147132,1740163425.8021138,2,3,0.000201499906497081,-3.5345778504151994e-06,-0.00021223639482121178,0.00021697280646631952,-1.3218816931173287e-05,1.0653797179382328e-05,0.9999999763172801
1740163425.8288465,1740163425.818591,2,3,0.0002084744507000469,-3.684183490853822e-06,-0.00021827325085925243,0.00025292308792329923,-3.6311469058480986e-05,-2.807830518927004e-05,0.9999999669614982
1740163425.8473768,1740163425.835825,2,3,0.0001996896351343514,-3.150848923561289e-06,-0.00020989136344444815,0.0001936342866220338,-1.3902632148448921e-05,-2.5941503701230022e-05,0.999999980819759
1740163425.8666866,1740163425.8523674,2,3,0.0002174640457791094,-4.04842225508197e-06,-0.00022960184285481178,0.00020489682963477758,-3.647728472523815e-05,-3.5618751923099655e-05,0.9999999777090005
1740163425.8806489,1740163425.8694148,2,3,0.00021567702922711425,-3.0477192928872684e-06,-0.00022914607864559888,0.00015767395006548583,-2.8411658984566367e-05,-2.189871682285929e-05,0.9999999869260745
1740163425.8975968,1740163425.8858,2,3,0.00021276974566336297,-4.281647604902356e-06,-0.00022205662511622025,0.00021121799888625475,-3.287153064434747e-05,-6.511705568092322e-05,0.9999999750330939
1740163425.913425,1740163425.9024494,2,3,0.00016649407852219395,-3.587740253570014e-06,-0.00017353383871679832,0.0002084841759351974,5.178091197064585e-05,-6.36635207187016e-06,0.9999999769062773
1740163425.930291,1740163425.918939,2,3,0.0002018603357451916,-4.3940148898119614e-06,-0.00020909306558712087,0.00029474773992176675,-1.1263892432138841e-05,-2.961622970441724e-05,0.9999999560598858
1740163425.9470828,1740163425.9355268,2,3,0.00020029513041273749,-3.3691676817202726e-06,-0.00021374290968773462,0.00018552288129905668,-1.3879135991042629e-05,-1.7627412190593187e-05,0.9999999825389521
1740163425.9631255,1740163425.9521093,2,3,0.00018697621721496197,-3.7684573149197587e-06,-0.00019233407355982726,0.00023900367033520423,-1.0062854640467025e-05,-2.6507117623920087e-05,0.9999999710366781
1740163425.979896,1740163425.9688551,2,3,0.00021863634742541702,-2.24536003748569e-06,-0.00023615145805432826,0.00017309221771723033,-1.3465450905547665e-05,-4.322106880066718e-05,0.9999999839948525
1740163425.9968514,1740163425.9856107,2,3,0.00020417194795254722,-3.1017556105150835e-06,-0.00021260365176504976,0.00014839716191840737,1.2781540390059673e-06,-7.803847131638795e-05,0.9999999859433227
1740163426.0129356,1740163426.0021632,2,3,0.0001516408429171721,-4.007932417576024e-06,-0.00015696060661447798,0.000190677732010083,3.858699939847709e-05,-3.7631468818248606e-05,0.9999999803684592
1740163426.0304327,1740163426.0189378,2,3,0.00019453149142263868,-3.8034523135083432e-06,-0.00020062602931774338,0.0001428576632337652,-2.28020093206688e-06,-0.00012412598255682932,0.9999999820896144
1740163426.0516706,1740163426.035861,2,3,0.0001830879144634842,-2.6370418920861947e-06,-0.0001946488831859954,0.00016462873970182263,3.877886100820363e-05,-8.730662227793237e-05,0.9999999818855656
1740163426.063793,1740163426.0523474,2,3,0.00017472451685641136,-4.155587007049772e-06,-0.00018031507852421004,0.00016305542574100699,1.2305500610274327e-05,-6.048629084756566e-05,0.9999999848014557
1740163426.0816422,1740163426.0692637,2,3,0.00014781915103412348,-2.773737996224913e-06,-0.00015192784782059522,0.00010691270877428602,4.2975878293003885e-05,-0.00012347246036050757,0.9999999857386489
1740163426.097452,1740163426.085722,2,3,0.0002127362930698962,-3.0441565012969614e-06,-0.00022410326206116738,0.00015595986054041397,-3.0256885470463235e-05,-6.534832122814795e-05,0.9999999852453197
1740163426.113363,1740163426.1022234,2,3,0.0001750530735475594,-2.1810791482855436e-06,-0.00018497627441773853,0.00019617555618800463,2.477112991010776e-05,-4.805483921260928e-05,0.9999999792961372
1740163426.134564,1740163426.119349,2,3,0.0001867234723118319,-3.8082572794435236e-06,-0.00019359823909066573,0.0001439203605208829,1.1802429548276614e-05,-6.478943755048073e-05,0.9999999874749805
1740163426.1470592,1740163426.1356652,2,3,0.00019871709574705018,-1.3249800372121512e-06,-0.00021319714524314885,0.0001092201128058798,-1.1812235451591602e-05,-6.612861700888096e-05,0.9999999917792219
1740163426.162946,1740163426.152191,2,3,0.0001639677085602196,-2.7137478564774114e-06,-0.00016685222938814863,0.00014215099492406364,2.8831964559883854e-05,-6.986881554450331e-05,0.9999999870400804
1740163426.1809793,1740163426.169161,2,3,0.00021717199786922708,-1.6264041265159313e-06,-0.00023213223748961849,0.00011334872818344455,-4.151318719615276e-06,-6.199718870527441e-05,0.9999999916455904
1740163426.1971703,1740163426.1855898,2,3,0.0001416960072504059,-3.2094167153831705e-06,-0.0001409405950758613,0.00013578302915974563,2.2068990781239867e-05,-5.6279695634064506e-05,0.9999999889542622
1740163426.2139332,1740163426.2022667,2,3,0.00018022045519976434,-2.1620514348337623e-06,-0.0001884592689320794,9.553885406236985e-05,5.70121939151823e-06,-0.0001114109880768947,0.9999999892137076
1740163426.2307484,1740163426.2194536,2,3,0.0001646113134909082,-3.782773516148287e-06,-0.0001669401668835738,0.0001268314451481536,4.197213107287232e-05,-7.420633823619761e-05,0.999999988322772
1740163426.2475927,1740163426.2360556,2,3,0.00017710422748321746,-2.244173424086946e-06,-0.00018270660473933015,0.00019842816007982513,1.8387620712305924e-05,-4.4183399844407394e-05,0.9999999791679937
1740163426.2645006,1740163426.2529554,2,3,0.00014329632195518154,-4.586147518060425e-06,-0.00014067125906618336,0.00016878337803148514,4.1341293432141916e-05,-5.9659905306673145e-05,0.9999999831218821
1740163426.2802644,1740163426.2690916,2,3,0.00015575338604883354,-3.1060353620572147e-06,-0.0001649157139319306,-0.00011456614812624555,-0.0001733483893412662,-3.427544224828633e-05,0.9999999778250637
1740163426.2971227,1740163426.2858171,2,3,0.00014910476013536996,-3.67400697782922e-06,-0.00014690510231061714,0.00010182305346787899,5.6142810998246805e-06,-8.444500853204564e-05,0.999999991234793
1740163426.314189,1740163426.3025303,2,3,0.0001558072360886029,-3.070526916965338e-06,-0.00015809632888586265,0.00022060911214338526,5.176300530995282e-06,-5.4861836262784805e-05,0.999999974147502
1740163426.3300426,1740163426.3191788,2,3,0.00017445296261286647,-2.222436170293995e-06,-0.0001770900466460519,9.107579244146174e-05,-2.70484142465077e-05,-9.807227750000657e-05,0.9999999906777057
1740163426.3475401,1740163426.3365014,2,3,0.00015106486304311429,-1.824404686178539e-06,-0.0001528029240494277,0.00021263296790770077,3.86650322082413e-05,-8.501931417230851e-05,0.9999999730319759
1740163426.3644927,1740163426.3527887,2,3,0.0001497215481225483,-2.753014874059977e-06,-0.00014923184771186427,5.939006377465696e-05,1.2339029751178035e-06,-0.00010912126158716523,0.9999999922819239
1740163426.3809762,1740163426.3692517,2,3,0.00016579595072676806,-2.877752508805444e-06,-0.00017092650235817102,0.00015128990375458512,-5.665720541346009e-06,-5.9672772231693834e-05,0.9999999867592123
1740163426.397761,1740163426.3859816,2,3,0.00018563643741113852,-9.812671607411093e-07,-0.00019003956221027058,0.0001246622096535591,-3.497696395351131e-05,-8.037370863451501e-05,0.9999999883880062
1740163426.4146366,1740163426.4031105,2,3,0.00019443772595954814,-1.0087541639690267e-06,-0.0002013049408650101,0.00022618627318587802,-6.779744947278526e-05,-4.293168472866341e-05,0.9999999712000727
1740163426.4316502,1740163426.4198315,2,3,0.00019164120537374757,-1.5606883322970053e-06,-0.000196918995713267,7.842081570820722e-05,-6.478465559513358e-05,-9.706768704586807e-05,0.999999990115494
1740163426.4482455,1740163426.4363518,2,3,0.0002138689854555809,-9.391923330227124e-07,-0.00022440126513841572,0.00023552477133326254,-6.959083990946595e-05,-3.258988116612624e-05,0.999999969311548
1740163426.4661715,1740163426.452874,2,3,0.00020493900172005697,-1.4987549180330962e-06,-0.00021232625414048918,0.00015749132900044746,-6.713806913129081e-05,-4.7602834520445656e-05,0.9999999842114655
1740163426.4802134,1740163426.469295,2,3,0.00019802449168361907,-2.6543715885111355e-06,-0.00020469977751402053,0.0001923422705129656,-5.513598086942843e-05,-4.254886544126333e-05,0.9999999790770341
1740163426.4983683,1740163426.4861772,2,3,0.00020953598816071946,-1.654692895775932e-06,-0.00021714837816475566,0.00010679190798693338,-8.027129085011688e-05,-9.311108506218514e-05,0.999999986741167
1740163426.5135107,1740163426.50277,2,3,0.00020857542908630348,-1.489915062528713e-06,-0.00021594287302025808,0.0001854511811748938,-7.759288333489048e-05,-7.11791221526444e-05,0.9999999772603679
1740163426.5305336,1740163426.519422,2,3,0.0001777520578696452,-3.857951473844932e-06,-0.00018103497694414895,0.00017447386803534341,-2.3932227860636864e-05,-3.5721601881459093e-05,0.9999999838550424
1740163426.5475593,1740163426.536305,2,3,0.00020192931636417037,-2.8780721783553694e-06,-0.0002097265276416186,0.00015221778303361986,-3.6727264279577615e-05,-6.54698492962975e-05,0.9999999855972767
1740163426.5639815,1740163426.552837,2,3,0.00018681582610016137,-1.818730678580893e-06,-0.00019106292315260726,0.0001587767212285338,-3.522747796253377e-05,-5.4425676010075115e-05,0.9999999852934115
1740163426.5804143,1740163426.5695183,2,3,0.00019626157987085593,-2.6974203943264116e-06,-0.00020282640526048457,0.00022827834322872368,-5.65436244700117e-05,-4.337284927407168e-05,0.9999999714053059
1740163426.5998125,1740163426.5863898,2,3,0.0001883163669911291,-2.477510369202021e-06,-0.00019370903260830112,0.00016284366664422658,-3.420740912227632e-05,-7.117195297748496e-05,0.9999999836231731
1740163426.6144636,1740163426.6030595,2,3,0.00020253758300492797,-2.0658238460692535e-06,-0.00021140772318080725,0.00014896050374424931,-6.719622632894697e-05,-8.751529183446713e-05,0.9999999828182544
1740163426.6305823,1740163426.6196072,2,3,0.00018182324003639436,-1.8038912200963597e-06,-0.00018520528562910034,0.00015406787070312966,-5.0177452571666115e-05,-8.229807489881644e-05,0.9999999834861706
1740163426.6503327,1740163426.6362484,2,3,0.00019315831085823593,-2.380201271235204e-06,-0.00020023053230392715,0.00011679529632100209,-7.842311375313727e-05,-8.145002636445263e-05,0.9999999867872835
1740163426.663743,1740163426.6528459,2,3,0.00014146627496861762,-3.2706043145619156e-06,-0.00014397607559297337,-0.00014613631308137986,-0.0001934506549251039,-4.5241973332383776e-05,0.9999999695870926
1740163426.6858146,1740163426.669942,2,3,0.00019794091069764755,-3.8638718944553245e-06,-0.00020554864354743917,0.0002506140924528009,-7.127821759452065e-05,-2.721466360111391e-05,0.9999999656856766
1740163426.6984851,1740163426.686405,2,3,0.00013788253452150898,-3.968858927850194e-06,-0.00013389315056792746,0.00012794884521521988,-7.93690915082891e-06,-5.445463029414638e-05,0.9999999903003958
1740163426.7163665,1740163426.7030776,2,3,0.0001368307349501591,-4.80858968448187e-06,-0.00013299672055726986,0.00018819963424172894,-2.5813398567138574e-05,-3.7569789696687774e-05,0.9999999812515383
1740163426.7314322,1740163426.720031,2,3,0.00016462955320648782,-3.6364519627068658e-06,-0.0001661446941495366,0.0001587377050341854,-3.4485392492093974e-05,-5.892511333237323e-05,0.9999999850704647
1740163426.749643,1740163426.736509,2,3,0.0001711827867502347,-2.3945894183044027e-06,-0.00017329622242491505,0.00021663871073440268,-5.3878930464964674e-05,-2.935091217434621e-05,0.9999999746516266
1740163426.7642477,1740163426.7530036,2,3,0.00015409754618828984,-4.511681242262672e-06,-0.00015402020468766747,0.0001613738988661536,-4.1381502237715015e-05,-1.8272120735944013e-05,0.9999999859560826
1740163426.7812414,1740163426.7699218,2,3,0.0001593778434459929,-3.665927823289647e-06,-0.0001614770289441817,0.00016538070879696146,-3.576954941379067e-05,-3.122817701957543e-05,0.9999999851972806
1740163426.7973757,1740163426.786182,2,3,0.00012465961056575475,-5.0505217527948645e-06,-0.00011858204653402816,0.00015500337096287434,-4.71482826307386e-06,-5.490353201518036e-05,0.9999999864686636
1740163426.814439,1740163426.803574,2,3,0.00014245453614219209,-3.2847505391332045e-06,-0.00014119729161443244,0.00018234896255776834,6.7392001174929885e-06,-3.856344822513682e-05,0.9999999826081496
1740163426.8311808,1740163426.8199878,2,3,0.0001224480117738622,-4.375271494952818e-06,-0.00011776349404487321,0.00013218277505605696,2.3677395055777047e-06,-3.6954712780548206e-05,0.9999999905782284
1740163426.847956,1740163426.8369632,2,3,0.00013114013954708374,-4.468991722487947e-06,-0.0001288033084765431,0.00017752108637558625,2.001788469333244e-05,-7.415392172813354e-05,0.9999999812933719
1740163426.8648756,1740163426.8531728,2,3,0.00011639415511928063,-3.74645982645272e-06,-0.00011010128006685395,9.845623807550542e-05,1.6770398436098073e-05,-9.085565951557973e-05,0.999999990885186
1740163426.884354,1740163426.8698287,2,3,0.00016195883122231857,-3.6854794060053377e-06,-0.0001657808039275412,0.00025394555719561863,-1.9819030426169625e-05,-5.22791902108539e-06,0.9999999675457639
1740163426.8979173,1740163426.886342,2,3,0.0001102423114220386,-3.2905038480554566e-06,-0.00010445893636839959,0.00015729983608578992,4.0465654559438816e-05,-4.318435667070187e-05,0.9999999858772017
1740163426.9154422,1740163426.9034188,2,3,0.00015329821920859407,-1.9469561153093257e-06,-0.00015608587106052369,0.00025173423392369876,1.2201244724593606e-05,-2.329102766187396e-05,0.999999967969266
1740163426.9308593,1740163426.919726,2,3,0.00010280998126302747,-3.5854013191464772e-06,-9.563820449693491e-05,8.036305644154682e-05,7.850050669815264e-05,-7.499203587963355e-05,0.999999990877822
1740163426.9479187,1740163426.9363225,2,3,0.00012358856493110523,-2.6030149905367604e-06,-0.00011989045078539644,0.00026741418138283583,2.1993864870231226e-05,-3.236722464563649e-05,0.9999999634791435
1740163426.9648328,1740163426.953425,2,3,0.00011733683985687002,-1.9778339699754336e-06,-0.00011382382277422013,0.00015417857538787836,3.374273723430368e-05,-5.345694016712736e-05,0.999999986116375
1740163426.9811053,1740163426.9698386,2,3,0.00015294392047886493,-2.411687211684526e-06,-0.00015386121566723855,0.00011816177109386793,3.0703241116406694e-05,-7.6317100036734e-05,0.9999999896354035
1740163426.9973485,1740163426.9862704,2,3,0.00012626938766705022,-1.4616996959786477e-06,-0.0001237246621621335,0.00012775545467482626,3.675778760771928e-05,-7.351286351008289e-05,0.9999999884616338
1740163427.0143747,1740163427.0032985,2,3,0.00015987942381470718,-1.9030893444653937e-06,-0.00016095857287645743,0.00016726996830158602,1.2595492462301453e-05,-4.326149011091878e-05,0.9999999849952773
1740163427.0310838,1740163427.019787,2,3,0.00014522327701988095,-1.7198747826064985e-06,-0.0001442376398429837,0.00015668020373473532,3.947956355236456e-05,-3.47108962874867e-05,0.9999999863439156
1740163427.048344,1740163427.0367236,2,3,0.00015614003692580658,-2.1181144580615817e-06,-0.00015584831529265891,0.00020457242273844395,5.987726670581328e-06,-5.580343371124926e-05,0.9999999775001236
1740163427.0645986,1740163427.053297,2,3,0.00014912893627756443,-5.967327858769232e-07,-0.0001491939358943345,0.00011400073367196997,4.574958550165585e-05,-8.490091638502743e-05,0.9999999888513212
1740163427.0813315,1740163427.069799,2,3,0.00018597480120400024,-2.3348531303102587e-06,-0.0001900529995463864,0.00017103954052878194,-2.3915969896733613e-05,-0.0001267116104493951,0.9999999770588346
1740163427.098358,1740163427.0866835,2,3,0.0001508252154705685,-2.1800222887526716e-06,-0.0001511692298868715,0.00017847368457713859,1.92841919244989e-05,-8.040462505124836e-05,0.9999999806551799
1740163427.1148689,1740163427.1033752,2,3,0.00015558100121721124,-2.8956209054542983e-06,-0.000154420812805425,0.00022986932447914568,1.6584527188754927e-05,-5.060224773722443e-05,0.9999999721622294
1740163427.1312885,1740163427.1198642,2,3,0.00016576877392580582,-3.1760654153412628e-06,-0.00016928503271058224,0.00017573074504260023,1.3482322027597528e-05,-4.4207202539601226e-05,0.9999999834913277
1740163427.148035,1740163427.1367762,2,3,0.00015357455694286134,-2.9539581104694764e-06,-0.00015070651421541031,0.00016681609224239314,-3.123927940079445e-05,-4.415241383157848e-05,0.9999999846235315
1740163427.164653,1740163427.1532402,2,3,0.00013997880118095762,-2.2462957401013015e-06,-0.00013773350947491025,0.0002148555153515354,1.5011665065462821e-05,-5.2209635270413484e-05,0.9999999754429555
1740163427.181303,1740163427.1699247,2,3,0.00015892080657206378,-2.884542558762756e-06,-0.00015859599751912837,0.0002065946353356988,-1.5561870619091e-05,-3.100706766473502e-05,0.9999999780575232
1740163427.1979575,1740163427.1867235,2,3,0.00015346469174908243,-2.3860331208066244e-06,-0.00015465364421371347,0.0002816214535587998,5.72927733150925e-07,-4.002743379667022e-06,0.9999999603365026
1740163427.2143774,1740163427.2033644,2,3,0.00016168165997181954,-1.6471069852688456e-06,-0.0001619447421646351,0.00016982358523437573,-3.8535581673859994e-05,-5.5841713526137246e-05,0.9999999832783307
1740163427.2358038,1740163427.2201135,2,3,0.00015814522591155918,-1.7341547386346744e-06,-0.00015844933952378253,0.00028981888847505477,-2.86812022670434e-05,-1.6610495617784926e-05,0.9999999574532451
1740163427.248452,1740163427.2366874,2,3,0.0001497169287698935,-1.6822486052051662e-06,-0.00014835280212852978,0.00012361339612167004,-1.5067501214144343e-06,-4.737615681587992e-05,0.9999999912364788
1740163427.2644207,1740163427.2532842,2,3,0.00014124987896530292,-3.647395486702252e-06,-0.00013721921308478802,0.00016246409706293158,-3.404327941432478e-05,-6.008938109460365e-05,0.9999999844178692
1740163427.2816489,1740163427.2702773,2,3,0.00014331634360186684,-2.2192755281360918e-06,-0.00014030285828301278,0.0001551062892769479,-2.1460511219437606e-05,-6.860352695825586e-05,0.9999999853875207
1740163427.2983084,1740163427.2868416,2,3,0.0001280958767856292,-3.248877991232725e-06,-0.00012104652175611911,0.00023174569049099874,-2.6771931152438895e-05,-1.0167513331179346e-05,0.9999999727369098
1740163427.3147702,1740163427.3035247,2,3,0.00014242530160789676,-2.0650801951891227e-06,-0.00014012916873988018,0.00015174267981649838,-3.016771908189823e-05,-5.3676432503018994e-05,0.9999999865914541
1740163427.3317475,1740163427.3202834,2,3,0.00012475836521491974,-4.146468085660973e-06,-0.00011511776947937393,0.00020176675735441958,-1.992727501177454e-05,-5.447618758298409e-05,0.999999977962712
1740163427.3484707,1740163427.3374672,2,3,0.0001761262686379265,-1.4226145849526322e-06,-0.00018020400387527326,0.000118701303656743,-5.8301633327461834e-05,-7.72617466055753e-05,0.9999999882707713
1740163427.3650038,1740163427.3534036,2,3,0.00015027839415260053,-1.950216017742245e-06,-0.00014446589836403256,0.00022124556661331203,-6.180436273990417e-05,-3.3213061171132066e-05,0.9999999730637559
1740163427.3809192,1740163427.3701646,2,3,9.514189906839714e-05,-3.4999417487750398e-06,-8.54066772200762e-05,0.00020660680494590368,3.850862201726086e-05,-7.818189734320293e-05,0.9999999748591522
1740163427.3986242,1740163427.3871021,2,3,0.00013278375828917085,-3.0680469464540155e-06,-0.00012635561275767235,0.00020502444207284523,-1.893268025543942e-05,-1.8673003803189594e-05,0.9999999786289252
1740163427.41576,1740163427.4039655,2,3,0.00012119683914167104,-2.084598466460698e-06,-0.00011550213362665467,0.00020980742968191034,1.2896250655634162e-05,-5.764328948877499e-05,0.99999997624589
1740163427.4313927,1740163427.4202464,2,3,0.00013158308125723822,-3.467996116510409e-06,-0.000124427726779657,0.0002142988972075942,-2.1758225900897215e-05,-1.88780423203864e-05,0.9999999766230906
1740163427.4483535,1740163427.4368658,2,3,0.00015568824502150408,-2.650029548799533e-06,-0.0001571377983535311,0.00020174880225782698,-5.630560600387648e-05,-4.339561716962556e-05,0.9999999771219596
1740163427.4658601,1740163427.453953,2,3,0.00013283965248161617,-2.959948868758568e-06,-0.0001260443203916386,0.00019184129783036236,5.665803264351886e-06,-4.67001391068639e-05,0.9999999804919559
1740163427.4814527,1740163427.4702094,2,3,0.00014781290123084314,-1.3305030285941176e-06,-0.00014653641235456343,0.00022411125697139141,-2.3403028401217643e-05,-6.350667782727593e-05,0.999999972596672
1740163427.4982285,1740163427.4869733,2,3,-7.607683461157601e-05,-4.181094639555445e-06,-0.00037976967249770766,0.004916877505319668,-0.6494625016914916,-0.00015690987942464148,0.7603777078475649
1740163427.5153618,1740163427.5038729,2,3,0.0001502439052608373,-1.604064163442822e-06,-0.00014946363881654522,0.00023034379876961394,-1.5184015747754867e-05,-2.24591576175316e-05,0.9999999731033827
1740163427.5317247,1740163427.5203798,2,3,0.00011961570659036033,-3.1348009196961566e-06,-0.00011187193092669447,0.0001371475541122621,4.08681838266668e-06,-2.131784052407588e-05,0.9999999903596979
1740163427.55404,1740163427.5375953,2,3,0.00015027057257809985,-1.2321308334637346e-06,-0.0001535677509444598,0.00015240434499115102,-1.81277280285046e-05,-4.980743804555984e-05,0.99999998698176
1740163427.5650785,1740163427.5539572,2,3,0.0001648940476003935,-1.827683363725364e-06,-0.00016382734812627492,8.172089088173726e-05,-6.965514407332824e-05,-6.545299379405872e-05,0.9999999920928812
1740163427.5814388,1740163427.5703635,2,3,0.0001326005466412754,-2.5672005421526373e-06,-0.0001292983383446795,0.00026874438352595856,2.2343578033423077e-05,-5.4172484209728014e-05,0.9999999621712806
1740163427.5988324,1740163427.587189,2,3,0.00013788039080727917,-3.5943245201210796e-06,-0.00013500449015664304,0.00014806346467553528,-1.4555291142625276e-05,-3.5193340789597496e-05,0.9999999883133913
1740163427.614974,1740163427.60368,2,3,0.00017211803352467812,-1.9904375411104456e-06,-0.00017628135835684444,0.00025994044407750167,-3.12158889385973e-05,-4.162493429350223e-05,0.9999999648619488
1740163427.6316304,1740163427.6203272,2,3,0.00016374525711214716,-1.6952376730189253e-06,-0.0001642546242492395,0.00020542281798097736,-4.237729574209809e-05,-1.609631254861214e-05,0.9999999778732694
1740163427.6486158,1740163427.6372828,2,3,0.00014968318600630724,-2.6332882451610755e-06,-0.00015173097282687888,0.00015616680550404244,-1.1637678859935533e-05,-5.7171973079078915e-05,0.9999999861039293
1740163427.66511,1740163427.653842,2,3,0.00017969235740601848,-2.760983389583367e-06,-0.0001829080973178962,0.00011877776588924047,-2.7254692785378933e-05,-7.912193717747586e-05,0.9999999894443715
1740163427.6811666,1740163427.6704252,2,3,0.00013839834068851096,-2.2867031964097118e-06,-0.00013811050021969563,0.00025309076768115457,1.9730753825427033e-05,-1.7754922869256356e-05,0.9999999676202612
1740163427.6986318,1740163427.6872907,2,3,0.00010579463525822223,-4.222202807339459e-06,-9.855097803571863e-05,8.359335141388729e-05,2.9580409575601653e-05,-7.866202678102643e-05,0.9999999929747183
1740163427.7147436,1740163427.7037954,2,3,0.00017522076632052268,-2.512757642473755e-06,-0.00018315987659414253,0.0002856741497887713,1.1296101217499334e-05,-3.2919655513931914e-05,0.9999999585894864
1740163427.7321262,1740163427.7204869,2,3,0.000143754513163911,-2.6535676250379234e-06,-0.00014178030281696295,0.000224294878788313,1.8570191642364172e-05,7.5351862005215e-06,0.9999999746450878
1740163427.7503023,1740163427.7383647,2,3,0.00017083328199437954,-3.1962518390803166e-06,-0.00017590031290620422,0.0002874634989946762,1.8289107282723714e-05,-2.2614145804194755e-05,0.9999999582594219
1740163427.7652056,1740163427.7540817,2,3,0.00013870944501969703,-2.9974779234513124e-06,-0.00013797853848146734,0.0001794821501724263,3.719103690029006e-05,-2.231824633374839e-05,0.9999999829524401
1740163427.782832,1740163427.7707207,2,3,0.00018302444223513325,-2.395333369149436e-06,-0.00019165599580247598,0.00023178516425845474,-1.4062291177313e-06,-5.382168573351616e-05,0.9999999716884428
1740163427.799038,1740163427.7874281,2,3,0.00018818678030797404,-2.027739308793165e-06,-0.00019743884039995511,9.136750579366657e-05,-2.310560430441879e-05,-8.912783255602614e-05,0.9999999915871696
1740163427.815016,1740163427.8038566,2,3,0.00017018853443522526,-2.9241041830655736e-06,-0.00017455506464769395,0.00023884367341284863,2.4317217022185746e-05,-9.719956252023927e-05,0.9999999664573083
1740163427.8364184,1740163427.820932,2,3,0.00017499076817025115,-3.0451074266934154e-06,-0.00018782911071629822,-0.00019074048781751908,-0.00012813983836180523,-4.920904496908628e-05,0.9999999723883586
1740163427.84935,1740163427.8379724,2,3,0.0001770186298102808,-1.8007543832525037e-06,-0.00018189077706338487,0.0002630040137751159,3.719405187099425e-05,-2.0363350117267248e-05,0.9999999645154121
1740163427.8648596,1740163427.8540041,2,3,0.00012652336590498784,-2.741810961588543e-06,-0.00012421684578530043,0.00016780384541031522,3.954421797470961e-05,-2.879467862602091e-05,0.9999999847244954
1740163427.8823533,1740163427.8708858,2,3,0.00015918310447329226,-2.9556877836263417e-06,-0.0001613495853893622,0.0002357417387479336,4.074338964088417e-05,-2.49781803235002e-05,0.9999999710709492
1740163427.8987057,1740163427.8873765,2,3,0.00016905740711492656,-2.545868781938963e-06,-0.00017507784730422306,0.00012089299413918538,5.587152888047757e-05,-4.374466923720037e-05,0.99999999017483
1740163427.9155262,1740163427.9042852,2,3,0.00015387306567504367,-2.8338639786877193e-06,-0.00015426224647644614,0.00022799009983022104,6.47988599840824e-05,-7.175985406676734e-05,0.9999999693360723
1740163427.9322314,1740163427.9209993,2,3,0.00015338773016545354,-3.91485618097463e-06,-0.00015709201819262436,0.00012973363210141148,6.286852717789686e-05,-6.299134611454992e-05,0.9999999876244116
1740163427.9485986,1740163427.9373803,2,3,0.00015864229441863483,-2.3906953658790727e-06,-0.00016085541796440018,0.00021310004702105383,5.964047520161932e-05,-5.349365899992242e-05,0.9999999740849058
1740163427.9661047,1740163427.9542327,2,3,0.00013849215332401805,-3.894343771047406e-06,-0.00014069536441982877,6.376636507341308e-05,5.4428087319567736e-05,-7.480914888512157e-05,0.9999999936875127
1740163427.9841464,1740163427.9708238,2,3,0.00020600387783962056,-2.8400017208320653e-06,-0.0002223524673668164,-0.00012081284039259535,-0.0001591695432612469,-1.458768182696236e-05,0.9999999799282565
1740163427.9986248,1740163427.9874861,2,3,0.00015916963805242483,-2.725517136817601e-06,-0.00016265087389393066,0.00015243463892231565,3.4224234468987055e-05,-4.386081876460394e-05,0.9999999868343055
1740163428.0154967,1740163428.004355,2,3,0.00016046423282803534,-3.036467626836306e-06,-0.00016179654286213686,0.00012856675798104231,3.930379492228745e-05,-7.55229778049103e-05,0.9999999881110401
1740163428.0316877,1740163428.0208626,2,3,0.000143835246631397,-2.904283605706858e-06,-0.00014463273750186877,0.0001392666096993856,8.895902387963576e-05,-4.794872575636759e-05,0.9999999851960114
1740163428.0480263,1740163428.0373573,2,3,0.00020592520653262795,-2.091386447074006e-06,-0.00022142271525733704,-0.00012628801380424524,-0.00017289094744357878,-2.4390719945318932e-05,0.999999976782575
1740163428.0658612,1740163428.0543454,2,3,0.0001529280971759779,-2.4281097452075635e-06,-0.00015453655880414837,0.00011354090234225273,5.8001353099528934e-05,-7.836933632329518e-05,0.9999999888012768
1740163428.081952,1740163428.0709355,2,3,0.00018595780670403216,-3.033689353022866e-06,-0.0001904345764107906,0.00019963503731185853,1.3939244998169608e-05,-5.011705533133438e-05,0.9999999787199149
1740163428.0992084,1740163428.0876486,2,3,0.00013381698925182077,-3.355611338885578e-06,-0.0001318330951705191,9.663858895308196e-05,6.718169660107242e-05,-9.466483884489673e-05,0.9999999885930855
1740163428.1160154,1740163428.1044965,2,3,0.00016723514085077926,-3.397143924296827e-06,-0.00016981122949279775,0.0002661150208740555,2.2602878011846592e-05,-2.0435826382140513e-05,0.9999999641271407
1740163428.1317296,1740163428.1209192,2,3,0.00011546018860988849,-3.2048402640135933e-06,-0.00011188331012824974,0.00015008425865246694,7.411939566669113e-05,-5.5670485599188085e-05,0.9999999844409136
1740163428.1490414,1740163428.1375732,2,3,0.00014514717316737883,-3.424035205141447e-06,-0.0001404168844286488,0.00026881794390916586,5.418559413689112e-05,-4.130095384541526e-05,0.9999999615475321
1740163428.165619,1740163428.1543143,2,3,0.00012102412819264209,-4.073657868301799e-06,-0.00011766084219747607,0.00017370934071496698,8.931648800340968e-05,-2.6088257339566433e-05,0.9999999805835162
1740163428.1824162,1740163428.1710465,2,3,9.778079680603939e-05,-4.339321484727388e-06,-8.676978025212616e-05,0.00021362171723472584,8.419657625398838e-05,-1.9008974866878414e-05,0.9999999734576784
1740163428.199051,1740163428.1878264,2,3,0.00016232992373164766,-3.120263788627484e-06,-0.0001641565976443646,0.00024175990478411005,1.663957862907602e-05,-1.2349584207095873e-05,0.9999999705613799
1740163428.2155366,1740163428.2042704,2,3,0.0001313647440636342,-2.913517491246031e-06,-0.00012565582541894672,0.00021277097710115152,3.0688804792375206e-05,-9.885211759355205e-06,0.9999999768444953
1740163428.232192,1740163428.22112,2,3,9.798016890398958e-05,-4.2583070288210486e-06,-8.897793093828563e-05,0.0001571850734423352,9.420972176012123e-05,-4.1599099851468374e-05,0.9999999823434478
1740163428.249122,1740163428.2378652,2,3,0.00013003923954385625,-4.821467179683337e-06,-0.0001235937977568176,0.00011686563382818284,4.2454133071589755e-05,-6.857911401085234e-05,0.9999999899184876
1740163428.2653017,1740163428.2542856,2,3,9.346551613707213e-05,-4.095271957246929e-06,-8.294376798425399e-05,0.00015064535865785453,9.707752869848249e-05,-4.666620544274881e-05,0.9999999828520971
1740163428.2820227,1740163428.271082,2,3,0.00013603405544889146,-2.864140319319066e-06,-0.000132157586600852,0.00017249810445490606,6.0037899037557706e-05,-5.359504101300638e-05,0.9999999818837129
1740163428.2996526,1740163428.2881055,2,3,0.00014876465356361305,-2.168517224757129e-06,-0.00014767863774653797,0.00013073949414307693,6.508028255892163e-05,-9.643511072939844e-05,0.9999999846860054
1740163428.315645,1740163428.3044426,2,3,0.00014345053066537543,-2.602201379795941e-06,-0.00014136733976777505,0.00015114263086951505,4.050985575660248e-05,-6.425369849592566e-05,0.9999999856931594
1740163428.3323884,1740163428.321032,2,3,0.00013277474190337673,-3.796479613311438e-06,-0.00012990793469591552,0.00014109457342050726,8.257868743132516e-05,-9.120555962076125e-05,0.9999999824773136
1740163428.3503745,1740163428.338618,2,3,0.00013424254723647436,-2.5494597582357587e-06,-0.0001301713698008319,0.00021462004881929632,9.374497517003229e-05,-4.5081609352203764e-05,0.999999971558881
1740163428.3658767,1740163428.3544016,2,3,0.00010309235729020543,-3.5883518931144516e-06,-9.446482154758958e-05,0.00016503151298007804,8.49166631737889e-05,-6.286761874843249e-05,0.9999999808007112
1740163428.3829112,1740163428.3715549,2,3,0.0001508547473396162,-3.3102081052940383e-06,-0.0001510667564165537,0.00015794713529136378,6.623871371678196e-05,-0.00010080485158154953,0.9999999802517583
1740163428.3995407,1740163428.388082,2,3,0.00011955154502933551,-4.554784707142238e-06,-0.00011310165083766688,0.00017610145291639443,7.288831383664635e-05,-4.435027089456985e-05,0.9999999808543126
1740163428.416354,1740163428.4048185,2,3,0.00016273866014488038,-4.6132425329478196e-06,-0.00016563787172372145,0.00013577481335815602,4.2818177057222374e-05,-6.637711038160199e-05,0.9999999876629415
1740163428.4378343,1740163428.4215236,2,3,0.00012956276910507393,-4.155967695178523e-06,-0.00012538888080079025,0.00013868332758857184,7.128792039312413e-05,-7.49203793380076e-05,0.9999999850359518
1740163428.4507196,1740163428.4382825,2,3,0.00015373875906333576,-4.1479850412209945e-06,-0.0001544940052235389,0.00013991731460345988,4.142602667175351e-05,-0.00011063643196680708,0.9999999832333044
1740163428.4665985,1740163428.4546762,2,3,0.00017076426912982255,-3.053944159290246e-06,-0.0001740308352331381,0.0001576178154313835,2.2852641056968293e-05,-5.461217980206984e-05,0.9999999858259453
1740163428.488057,1740163428.471702,2,3,0.00017925876160188777,-3.8612711238399595e-06,-0.0001843909611779796,0.0001748594215280276,6.053526827880752e-06,-6.996143907500397e-05,0.9999999822464671
1740163428.5014653,1740163428.488082,2,3,0.0001522357148404954,-4.7295834192457654e-06,-0.00015262486416921386,0.00011477690215462142,5.4902690322176555e-05,-7.072809971417048e-05,0.9999999894047465
1740163428.5160837,1740163428.5047376,2,3,0.00017189189976553305,-4.452732431703991e-06,-0.00017491680689247843,0.00022209409532237997,2.8778056178686867e-05,-3.71235672043811e-05,0.9999999742339382
1740163428.5330591,1740163428.5215726,2,3,0.00022325271642039407,-3.229635280711014e-06,-0.00023775217920754416,7.183579353240887e-05,-2.360112308530898e-05,-0.00010550821317802389,0.9999999915753113
1740163428.5498097,1740163428.5382273,2,3,0.00019366287716393772,-3.0852804323741456e-06,-0.00020153741397343271,0.0001659407052354471,3.115981058402063e-06,-7.254050490228602e-05,0.999999983595924
1740163428.5660927,1740163428.5546389,2,3,0.00019251554421673744,-4.220327768859069e-06,-0.0002014270029012491,9.602921177156087e-05,2.1072573874949142e-05,-6.784817235346549e-05,0.9999999928654814
1740163428.5830474,1740163428.571564,2,3,0.0001888329513618431,-3.092150116535259e-06,-0.00020345859042277713,-0.00018996947936104495,-0.00015976086252314384,-2.89560094580877e-05,0.9999999687748061
1740163428.599427,1740163428.5880206,2,3,0.00017740377620626758,-3.028255721696499e-06,-0.00018427542129561322,0.00013620110790212999,1.699565930725857e-05,-2.702631687600598e-05,0.999999990214992
1740163428.615704,1740163428.6046717,2,3,0.0002092177135203078,-3.1998024640962165e-06,-0.00022008100609427524,0.00020451829359806814,2.6121930722349864e-05,-4.1513622245167786e-05,0.9999999778832656
1740163428.633077,1740163428.6216877,2,3,0.0002200211479115174,-3.8855569091453085e-07,-0.00023456248348596088,4.907335706993303e-05,-5.483982997471077e-08,-7.684852789112068e-05,0.9999999958430532
1740163428.6493099,1740163428.6380684,2,3,0.00019852872941823684,-2.6211441459849296e-06,-0.0002063916193190326,0.00012503836431714351,6.600172497611043e-06,-9.519534944927584e-05,0.9999999876298452
1740163428.6677992,1740163428.6554978,2,3,0.0002567107292133593,-2.0190775641409054e-06,-0.0002752658026280676,0.0001976097050679151,-5.55665620569975e-05,-3.192037630210256e-05,0.9999999784219255
1740163428.683111,1740163428.671607,2,3,0.0002360933421579385,-7.876113059568007e-07,-0.00025360818720838633,0.00025253968417804026,-4.109069658838696e-05,-7.861339054853265e-06,0.9999999672367303
1740163428.6992967,1740163428.6882012,2,3,0.00022888626010779216,-2.116862189006694e-06,-0.00024265514786732498,9.70853665041695e-05,-2.1576341007933755e-05,-8.316444940632379e-05,0.9999999915962836
1740163428.7163792,1740163428.7049358,2,3,0.00022302794873518773,-1.1181524178514039e-06,-0.00023694076547926775,0.00024918117387063096,1.1397670995940454e-05,-1.1798368164298926e-06,0.9999999688887213
1740163428.732689,1740163428.7213647,2,3,0.000196162470577407,-1.3800651828254023e-06,-0.0002061869536738576,0.00024887186810540864,1.6554550986154083e-05,-1.194847665844639e-05,0.9999999688229865
1740163428.7499049,1740163428.7385893,2,3,0.0002401824776965641,-1.9874674112151757e-06,-0.00025481716134396804,0.00019573821253517762,-5.883738535326894e-05,-3.975337544819078e-05,0.9999999783221915
1740163428.7668576,1740163428.7550209,2,3,0.00022596634375334195,1.4664192511131743e-07,-0.00024216546436672495,0.00018275416370820913,-1.3433196454719302e-05,-4.2810405538191595e-05,0.9999999822938669
1740163428.7830336,1740163428.7717516,2,3,0.00024921649567268803,-1.7318354911521531e-06,-0.00026568797726159117,0.00016738157283984834,-4.175382504490703e-05,-5.0880400289520606e-05,0.999999983825606
1740163428.7989764,1740163428.7881851,2,3,0.00020608493209137057,-1.2871384569449075e-06,-0.00021792137517269628,0.00026461624083529866,2.3207892287526852e-05,-3.246618332492538e-05,0.9999999641927922
1740163428.8162963,1740163428.8051493,2,3,0.00023657778684889384,-7.223588490197917e-07,-0.0002522097383037352,0.00023617138640509637,-3.856878489447297e-05,-2.4690695863212354e-05,0.9999999710629468
1740163428.8323946,1740163428.8215172,2,3,0.0001886757687024352,-3.678614230066149e-06,-0.00019749214315371435,0.00011313805724584968,3.027200478771342e-05,-5.2959962334135725e-05,0.999999991739314
1740163428.8504128,1740163428.8388996,2,3,0.00020374444696851792,-1.4609039363869168e-06,-0.0002104805853247771,0.0002758073377199289,-1.6475510367293058e-05,-2.5845974401423962e-05,0.9999999614954271
1740163428.8663707,1740163428.8549984,2,3,0.00017968635812537013,-1.8783564683214045e-06,-0.0001887028409292153,0.00019668296776982342,1.771271597039297e-06,-6.220112118055726e-06,0.9999999806369914
1740163428.8829055,1740163428.8717425,2,3,0.00018483982121989573,-1.9517913795036423e-06,-0.00018859245071572024,0.00016135512646821065,-2.4628568153672196e-05,-3.962524692431682e-05,0.9999999858938982
1740163428.9002073,1740163428.88862,2,3,0.00015273994409174238,-6.559058015809474e-07,-0.00015544242069320214,0.0001693516746858411,2.5464693374541365e-05,-7.885772888613551e-05,0.999999982226509
1740163428.9166691,1740163428.905112,2,3,0.0001522720904346609,-3.6110574018852553e-06,-0.0001542204795811757,0.00015936312059470467,8.087128696783295e-06,-8.848752011627242e-05,0.9999999833539763
1740163428.932458,1740163428.9217944,2,3,0.00019424099812595129,-7.936514158487268e-07,-0.00019967353791690344,0.00022076240241421642,-1.8894695409444146e-05,-6.067036500048492e-05,0.9999999736130292
1740163428.9503,1740163428.9387128,2,3,0.00013142174643415909,-1.7283863977398188e-06,-0.00012720920298241298,0.00024304233820063252,3.7209361636260735e-05,-2.8249118413559194e-05,0.9999999693739359
1740163428.966463,1740163428.955191,2,3,0.00015458593722234945,-3.372840365322633e-06,-0.0001567849684021035,0.00016228283026140555,6.836702195062105e-06,-6.185809292392028e-05,0.9999999848955593
1740163428.9832146,1740163428.971904,2,3,0.0002028911423043172,-5.809926781713043e-07,-0.00020593253886213537,0.00021328865047033678,-3.393565169928237e-05,-3.799456149693894e-05,0.9999999759563679
1740163429.0000556,1740163428.9885721,2,3,0.000132322287340373,-1.164376817043813e-06,-0.0001298287904434084,0.00024051803130574798,1.9205937738868568e-05,-3.864352897859968e-05,0.9999999701444428
1740163429.0168023,1740163429.0052369,2,3,0.00015737670879999803,-3.4881824913591987e-06,-0.0001548890482177195,0.0001889682314687204,3.229855845751043e-05,-3.760784080523493e-05,0.9999999809167304
1740163429.0341084,1740163429.0221763,2,3,0.0001604037945166955,-6.22097370676551e-07,-0.00015878051340589727,0.00018659238961387398,5.487514152964965e-07,-5.217029406940739e-05,0.9999999812306195
1740163429.0504751,1740163429.0388014,2,3,0.00012976161280535127,-1.4830280526888857e-06,-0.000124839485829443,0.00022796650572801206,4.8573928846624375e-05,-2.268646687573734e-05,0.9999999725785845
1740163429.0665174,1740163429.0553482,2,3,0.00016630987290789138,-2.3594919035014994e-06,-0.00016791715731756085,0.00023742996416793293,-7.226936122614974e-06,-4.181196790944761e-06,0.9999999717786502
1740163429.0836933,1740163429.0721118,2,3,0.00016775486257663945,5.056877313874779e-07,-0.0001673802648892937,0.0002745285150041252,-4.470640619727833e-07,-3.8315343785168805e-05,0.9999999615829138
1740163429.0999148,1740163429.088505,2,3,0.00012972966413475926,-2.173303104406533e-06,-0.00012558429452552193,0.0002528152537235997,4.7870425727004194e-05,1.0069943324974013e-05,0.9999999668457324
1740163429.1169522,1740163429.1053207,2,3,0.00016402486249370005,-2.700551262925639e-06,-0.00016265146792372886,0.00021063650238775528,-2.9239757208360327e-05,-3.374616991461227e-05,0.9999999768192479
1740163429.1340127,1740163429.1225336,2,3,0.00012398502984459244,-6.198906425532795e-07,-0.00011895434242506466,0.00031562241442665943,4.0129696930084276e-05,2.0746224757371156e-05,0.9999999491708453
1740163429.1500492,1740163429.1388865,2,3,0.0001351799429326977,-3.447164261553877e-06,-0.00013261853112086862,0.0001977011225387876,4.2455190228770974e-05,-6.088288081018587e-05,0.9999999777025487
1740163429.1666245,1740163429.1554146,2,3,0.00018916584358357174,-4.905410865193527e-08,-0.00019369991897035964,0.00023189025545096708,-2.2136117237085484e-05,-1.5369534287698734e-07,0.9999999728684387
1740163429.1861398,1740163429.1719446,2,3,0.00016196253574748924,-1.3025453682986876e-07,-0.0001616500277611239,0.0003108825646583362,-3.148213512316636e-06,6.424095498111417e-06,0.9999999516504242
1740163429.1996737,1740163429.1885943,2,3,0.0001457091311986816,-3.0737349375855385e-06,-0.00015088452821749606,-0.0001824039052193985,-0.00016864123652806978,-2.2357591449218834e-05,0.9999999688945429
1740163429.2169669,1740163429.205587,2,3,0.00019689711150828922,1.0075934761212838e-06,-0.00020713780500347927,-1.8099817038207138e-05,-0.0002343047619991488,5.8194042700533565e-06,0.9999999723699043
1740163429.2330575,1740163429.2220623,2,3,0.00013130007027193586,-1.26601029648444e-06,-0.00012752443899436726,0.0002596169707491922,2.1403997671347623e-05,-1.6203691071687547e-05,0.9999999659391684
1740163429.2496924,1740163429.2385862,2,3,0.0001807921163309086,-2.304789007996582e-06,-0.00018479009670813008,0.00031649677311419895,-3.3587687965848185e-05,-2.5953671577343843e-05,0.9999999490140321
1740163429.2706497,1740163429.2558687,2,3,0.0001626335345881444,1.264658881748616e-06,-0.0001676873059059652,-9.375254700964498e-05,-0.00021078377947961449,-1.8567970132427564e-05,0.9999999732179441
1740163429.2836144,1740163429.272111,2,3,0.00016669118488687296,-1.7141648966130333e-06,-0.00016738821372276502,0.000311688291538067,-4.095171125989503e-05,-7.727213410537262e-06,0.999999950556827
1740163429.2998323,1740163429.2886076,2,3,0.0001583820915657767,-2.581157065784366e-07,-0.00016107220796271867,0.00021355625307854887,-2.2610755988597503e-05,-1.7374123490092355e-05,0.9999999767903098
1740163429.3212004,1740163429.3058696,2,3,0.000170483059366261,4.064739718045703e-07,-0.00017585254735190932,-7.708582162940481e-05,-0.0002352248720620783,-5.4017140710256585e-05,0.9999999679045917
1740163429.3333275,1740163429.3222327,2,3,0.0001595250351006264,-7.424475065666242e-07,-0.00016380890157669678,0.00019829623326406856,-3.417577171648015e-06,-1.5286767363090973e-05,0.9999999802166192
1740163429.3504403,1740163429.3393688,2,3,0.0001784544981381621,-1.9294565320000917e-06,-0.000187082717329844,-6.663854314485783e-05,-0.00022921452569171368,-1.3271078631265848e-05,0.9999999714219417
1740163429.367251,1740163429.355833,2,3,0.00012237996551903055,-1.2183956020768231e-06,-0.00012073628670039548,0.0001845797951598717,-2.0067931254338456e-06,-4.191180723383718e-05,0.999999982084836
1740163429.3837209,1740163429.3721826,2,3,0.0001377137218400345,-2.2302326074314503e-06,-0.0001331208609722937,0.00031913625547769166,-1.6448268392640722e-05,-1.22002733296222e-05,0.9999999488663278
1740163429.4003987,1740163429.389064,2,3,0.00015246202948630767,-5.833396898704253e-07,-0.00015670619480558423,0.00015912752795878483,-2.6473879526202037e-05,-5.7625043422761024e-05,0.9999999853284588
1740163429.4169765,1740163429.405554,2,3,0.00012748141765020073,-1.4936688016046062e-06,-0.00012004713458543938,0.00022003069552200782,-2.6223274546759485e-05,-2.44561256422212e-05,0.9999999751503651
1740163429.4333115,1740163429.4221175,2,3,0.00013095856187988626,-1.8032391808823752e-06,-0.00013280132393750181,0.0001559103515077461,-1.4121465384402768e-06,-4.1387538000546066e-05,0.9999999869885198
1740163429.4542809,1740163429.4392056,2,3,-6.841399514157929e-05,-3.2899109431455868e-06,-0.00038785710210228504,0.0048642830485840964,-0.6494504355410429,-0.00020202801395936322,0.7603883413826481
1740163429.4664505,1740163429.455598,2,3,0.00012220472694052703,-1.2043871107688394e-06,-0.0001233451600425509,0.00028152225191539954,-1.6435252139924795e-05,2.5880803036907078e-05,0.9999999599026433
1740163429.4836106,1740163429.4723585,2,3,0.00017362037555330098,-2.6383869013220002e-06,-0.0001752474391310446,0.0002252878708762101,-5.861502027189045e-05,-5.031390701382974e-05,0.9999999716390824
1740163429.501528,1740163429.4893842,2,3,0.00012251334873576873,-1.290350887712938e-06,-0.00012324826572961606,0.0002532173530065238,3.2173685017299407e-06,-1.6830127339164896e-06,0.9999999679338936
1740163429.5173323,1740163429.5058334,2,3,0.0001645634832935661,-3.417224541161289e-06,-0.00016702033724031544,0.00018506784571545328,-7.239884497198498e-05,-4.327682971591852e-05,0.9999999793177077
1740163429.5337687,1740163429.5223906,2,3,0.00013959989342063857,-3.9558416798692523e-07,-0.0001426992176328538,0.00022007929609327854,-1.892825250385829e-05,-5.485821626793867e-05,0.9999999740987001
1740163429.5505013,1740163429.5391817,2,3,0.00010722567366059799,-3.3766325614044936e-06,-0.00010018017760720324,0.00024234451781775642,1.4855602119494214e-05,-3.367313656433909e-05,0.9999999699572824
1740163429.5665927,1740163429.5557253,2,3,0.00019082078103645135,-1.0060177672864445e-06,-0.00020379332192697758,0.00020084735616625974,-2.9940364858528503e-05,-2.9382553559574424e-05,0.9999999789502896
1740163429.5854692,1740163429.5728223,2,3,0.00010552505713476399,-2.6282218811435058e-06,-9.582188397327102e-05,0.00023738950945363413,-1.841880511942822e-05,-1.9275197930086567e-05,0.9999999714677172
1740163429.6006591,1740163429.5893857,2,3,0.00012652244530025636,-2.632039945317144e-06,-0.00012870011484640264,0.00023846530330508462,2.565400605314174e-05,-1.9640372158451427e-05,0.999999971045213
1740163429.6173847,1740163429.606027,2,3,0.00012254840954975212,-3.3476581561614567e-06,-0.00011925391114706256,0.00024351544642402449,9.452029933526949e-06,2.264277221157977e-06,0.9999999703028792
1740163429.6340234,1740163429.6226604,2,3,0.00012905956552817932,-1.420756498463814e-06,-0.0001294750430062215,0.0002852482390162621,1.551889548077644e-05,-7.435705618674198e-06,0.9999999591686574
1740163429.6504295,1740163429.6392903,2,3,0.0001382570414720821,-3.1637800407934976e-06,-0.00014414345665310588,-0.00014408376569597606,-0.0001898434662161532,-5.732990598738154e-05,0.9999999699563039
1740163429.6667254,1740163429.655779,2,3,0.00015034986144265208,-2.8900282949939582e-06,-0.00015546951371833354,0.00014324593738108824,2.4375265755224067e-05,-9.579684296781545e-05,0.9999999848547063
1740163429.6840348,1740163429.6728184,2,3,0.00012829502890018187,-2.187363545228169e-06,-0.0001256237581809413,9.60542308788266e-05,8.676881649174355e-06,-8.624803454580632e-05,0.9999999916297864
1740163429.7005186,1740163429.6891599,2,3,0.00013599987998829887,-2.4073607108620496e-06,-0.0001401359632288993,0.0002244478033435605,5.2777608353350815e-05,-4.554659739201637e-05,0.9999999723816072
1740163429.7174091,1740163429.7060215,2,3,0.00014260457248565112,-2.1562430702013918e-06,-0.0001428531046887315,0.00015033726553727355,3.0299236893668225e-05,-7.810924282600004e-05,0.9999999851898044
1740163429.7340233,1740163429.7226498,2,3,0.00017193381085646683,-1.1553638836727347e-06,-0.00017936881236372174,0.00021141197516255967,8.993481412238636e-06,-4.834301428008389e-05,0.9999999764435232
1740163429.7501912,1740163429.7391934,2,3,0.0001273698910875418,-4.12404986183249e-06,-0.00012517707518890482,0.00010890039398390609,2.828668390264123e-05,-6.571458312394156e-05,0.9999999915110805
1740163429.7723253,1740163429.7562337,2,3,0.00016812602546207567,-2.269501227591125e-06,-0.00017379828721915928,0.00019277400711252768,1.4216882505549384e-05,-9.622093342289781e-05,0.9999999766887969
1740163429.7850082,1740163429.7727761,2,3,0.0001362428267331608,-2.9064624858236826e-06,-0.0001406557448431171,-0.00016322383433819716,-0.0001503730979850882,-3.973076221318751e-05,0.9999999745836886
1740163429.800943,1740163429.7893283,2,3,0.00019129542722141202,-2.9176584792538955e-06,-0.00020193745245672846,0.0001803226225359387,-2.519371843417686e-05,-4.859673007132706e-05,0.9999999822436929
1740163429.8197503,1740163429.806202,2,3,0.00014590952107531742,-2.8887391333375366e-06,-0.00014607123952954413,0.0001466644998211738,8.5458005328814e-06,-1.2998774450416042e-05,0.9999999891237628
1740163429.8334188,1740163429.8225584,2,3,0.000146072757148349,-3.032790677907849e-06,-0.0001464139847212906,0.0002085779589772224,4.2557962108908736e-05,-8.675276906750414e-05,0.9999999735790057
1740163429.8508737,1740163429.8397894,2,3,0.00015921947572935754,-3.3268356709140994e-06,-0.00016279475620625247,0.00012728576658302025,2.2837784939865762e-05,-8.1207306124243e-05,0.9999999883410713
1740163429.8678985,1740163429.8561218,2,3,0.00017213538486933805,-2.7727237261057707e-06,-0.00017705000187328646,0.00022147543808404005,6.065199581181441e-06,-1.541835021199273e-05,0.9999999753370589
1740163429.8835402,1740163429.8726783,2,3,0.0001464299675863893,-2.483078584274159e-06,-0.00014465676507972029,0.00013871294328021474,1.672830364539259e-05,-3.782932210184967e-05,0.9999999895239127
1740163429.900972,1740163429.8895926,2,3,0.0001527114668843272,-3.516871908761948e-06,-0.00015432878766456735,0.00011838057851816237,3.6947880549156475e-05,-0.00010630877766946656,0.9999999866596682
1740163429.9172528,1740163429.906161,2,3,0.00014103133750105048,-2.8675928966344132e-06,-0.00014009543817751206,0.0001147247736672112,2.236914649259933e-05,-5.861411458376031e-05,0.9999999914511165
1740163429.9337897,1740163429.9227276,2,3,0.00016648498406328087,-2.152286222008153e-06,-0.0001698926528441899,0.00022494839309574965,-1.962725385011375e-05,-3.49863283337414e-05,0.9999999738944738
1740163429.9513505,1740163429.939464,2,3,0.00016173165810678494,-3.050409975615728e-06,-0.0001643118609140671,9.491091146785923e-05,-1.4833586258521282e-05,-8.337721730885662e-05,0.9999999919100615
1740163429.9670067,1740163429.9561722,2,3,0.00015332874955350555,-2.136496103045828e-06,-0.00015424896492511876,0.0002169703233971578,4.3945910763524914e-05,-2.7665362178514803e-05,0.9999999751136314
1740163429.9837828,1740163429.972696,2,3,0.0001618782502637265,-1.6674718689932098e-06,-0.00016503142834892526,0.00020073139016239997,-2.3107801588874824e-05,-1.9626891871744702e-05,0.9999999793938615
1740163430.0016825,1740163429.9897373,2,3,0.00013906719214734734,-1.846137721838301e-06,-0.00013827153316046595,0.0001257391813962342,1.472812583185933e-05,-4.379985384682745e-05,0.9999999910271566
1740163430.0170639,1740163430.006161,2,3,0.00013457130088205573,-1.7425209268808884e-06,-0.00013827695828335992,-0.00017983495834817084,-0.00013401996369553858,-6.189125339940623e-05,0.9999999729337545
1740163430.0338128,1740163430.0228171,2,3,0.00016948218929288114,-7.594613379144042e-08,-0.00017266308196136544,0.00011502713270952831,7.138020807801283e-06,-6.721823955901678e-05,0.9999999910997578
1740163430.050956,1740163430.0395827,2,3,0.00014916934847227553,-1.1677870278627333e-06,-0.00014752528115248703,0.00014958349378827696,7.108662415115589e-06,-5.344153871454339e-05,0.9999999873591235
1740163430.0675955,1740163430.0561905,2,3,0.00014452691143309392,-1.7306228868138458e-06,-0.00014360702417492006,7.916919763235856e-05,-3.432339292809054e-06,-7.757117003781528e-05,0.9999999938515854
1740163430.084744,1740163430.0729687,2,3,0.00013443673415461634,-1.751294516080976e-06,-0.00013021379918168744,0.00011943530865826531,1.5064753639235384e-06,-5.716647781652621e-05,0.9999999912324656
1740163430.1304786,1740163430.0895765,2,3,0.00015974797601502177,-2.3302913802313747e-06,-0.00015912405623973066,0.00013036440757644582,-2.7030088768313105e-05,-7.279832294206666e-05,0.9999999884874499
1740163430.1350029,1740163430.1061227,2,3,0.00013301881043074245,-2.214479206395266e-06,-0.00013534446457618592,-0.00014989719568509792,-0.00016581637727438976,-3.930902843763086e-05,0.9999999742452796
1740163430.1375327,1740163430.123128,2,3,0.00014600200447596217,-2.6107437360257876e-06,-0.00014328975352351277,5.379514895681556e-05,3.19717019889622e-06,-0.00011210656030148624,0.9999999922639895
1740163430.1516762,1740163430.1396973,2,3,0.00014419333124895836,-2.172543342335184e-06,-0.000139809146425143,0.0001198152111270148,-9.654579065775876e-06,-5.8999251785527766e-05,0.9999999910350962
1740163430.1670938,1740163430.1562812,2,3,0.0001359802326588001,-3.723401221532975e-06,-0.0001315150399767441,0.0001184319974723631,3.459879174048753e-06,-6.896966033238108e-05,0.9999999906025385
1740163430.1877744,1740163430.173221,2,3,0.0001581816939233956,-2.0902216390652268e-06,-0.00015751063151701232,0.00010212205001592196,-3.6120243642186e-05,-7.137651415447002e-05,0.9999999915859039
1740163430.2009034,1740163430.1897123,2,3,9.278277429751541e-05,-2.5934943830731407e-06,-7.999025096460248e-05,0.00014536216398161665,1.3874452120147183e-05,-6.867363637831391e-05,0.9999999869806361
1740163430.2173903,1740163430.2062993,2,3,0.0001353493436211916,-3.2821299102391417e-06,-0.00013288624011818014,0.00013669961755740972,8.292053811413571e-06,-8.081601860131067e-05,0.9999999873566138
1740163430.2347097,1740163430.2233236,2,3,0.0001565878827480825,-1.6659241328054956e-06,-0.0001567165745654393,9.22143228478047e-05,-3.822720441391228e-05,-6.502929739352835e-05,0.999999992903195
1740163430.2513258,1740163430.2399633,2,3,9.022162770897708e-05,-2.626945575991802e-06,-7.963272394113179e-05,0.00013555163406686634,2.434996498516428e-05,-8.387509892795343e-05,0.9999999869989006
1740163430.268488,1740163430.2568831,2,3,0.00012014316324901705,-2.5696965848787302e-06,-0.00011419051245015355,7.943530235552836e-05,-1.8493493079110976e-05,-9.165725761651003e-05,0.9999999924734853
1740163430.2858686,1740163430.2730947,2,3,0.00013963358682251594,-2.6917692930171343e-06,-0.00013693712334648633,0.00017768700547318662,-4.260870432598667e-05,-8.024641656740681e-05,0.9999999800861693
1740163430.3003733,1740163430.2897966,2,3,0.0001344359308558364,-1.802643027274751e-06,-0.00013312710462786283,0.00015348376161235336,-2.754764020963144e-06,-4.600066417368746e-05,0.9999999871595425
1740163430.318653,1740163430.3064783,2,3,0.000125834978346327,-2.5542716689516495e-06,-0.00012159819178203952,0.00010185068682310091,-1.885828412354214e-05,-5.3699224901593566e-05,0.999999993193598
1740163430.3341362,1740163430.3230917,2,3,0.00012836475596944748,-1.3155668729167025e-06,-0.00012622905802742453,0.00014441365711936272,-1.1941460203811202e-05,-3.7846018222982995e-05,0.9999999887848879
1740163430.3531806,1740163430.3403625,2,3,0.00014067888060736674,-1.8529208347743245e-06,-0.00013936570476832485,0.00012038824030532959,-6.41572373269393e-06,-5.4884587653971015e-05,0.999999991226596
1740163430.36815,1740163430.3567252,2,3,0.00015001162469292743,-2.495523941984185e-06,-0.0001518593608611775,0.00015766767486558364,-9.322677558472482e-06,-5.8205166910185206e-05,0.9999999858330751
1740163430.3835135,1740163430.3731194,2,3,0.00016443419200147738,-2.4993155777656746e-06,-0.00016558623119454683,0.00018201159496167708,-2.4061072435000366e-05,-4.381195498490086e-05,0.9999999821866782
1740163430.4014559,1740163430.3897657,2,3,0.00013412297811735924,-2.8325917017485307e-06,-0.00013772922656574802,-0.00016391558104452471,-0.00014926360862850392,-5.395871317984319e-05,0.9999999739702571
1740163430.4178343,1740163430.4066563,2,3,0.00015977561479440093,-2.811488569354748e-06,-0.00016007197850011337,0.00019682468554649813,-4.5002466851170766e-05,-3.957149728441156e-05,0.9999999788344587
1740163430.4345222,1740163430.4233155,2,3,0.00017274207169124708,-2.8358085032194028e-06,-0.00017664208318441793,0.00018028956760382945,-4.0744840087880576e-05,-4.661424931221677e-05,0.9999999818313206
1740163430.45569,1740163430.440037,2,3,0.00015677967871631935,-3.1105746914764528e-06,-0.00015937993630258244,0.00017305988695736274,-6.032485653856886e-06,-6.983494940069015e-05,0.999999982568482
1740163430.4715815,1740163430.4566224,2,3,0.00016493822943445424,-3.7917355435141388e-06,-0.00017574233287608192,-0.00017540001033115882,-0.00020262397628881802,-8.388666402601582e-05,0.9999999605706934
1740163430.4888463,1740163430.4732525,2,3,0.0001610711701979661,-2.884445870326674e-06,-0.00016317950119712154,0.00012784682073549547,-2.831814639590409e-05,-8.204846676913861e-05,0.999999988060661
1740163430.5053825,1740163430.4901795,2,3,0.0001677520885817161,-3.0458090077321493e-06,-0.00017185881749069517,0.00018913095638676508,-3.6036464399897984e-05,-5.7202380636781384e-05,0.9999999798293708
1740163430.5177498,1740163430.5066133,2,3,0.0001597893444302591,-4.216195370264598e-06,-0.0001642352680011726,0.00012579622820195932,-9.226598567520523e-06,-6.29794410454976e-05,0.9999999900618843
1740163430.5346992,1740163430.5234013,2,3,0.0001594215510631737,-2.780667359283337e-06,-0.00016229078476630594,0.00011544007992257604,-1.9660308635949546e-05,-6.677319606260226e-05,0.9999999909142001
1740163430.5532038,1740163430.5402424,2,3,0.0001610225253197782,-3.379405072247786e-06,-0.00016523959836288192,0.0001220766738390106,-1.9666526007401665e-05,-4.8709782942733376e-05,0.9999999911689351
1740163430.568281,1740163430.5568278,2,3,0.00014049108729661015,-4.137064537681503e-06,-0.00014030191290902188,0.00013431066993702136,-2.1337303953627413e-05,-7.079050065093138e-05,0.9999999882470342
1740163430.5847092,1740163430.573699,2,3,0.0001751167424344823,-2.6897693931330463e-06,-0.00018162986888067392,0.0001434668337626096,-2.6679079842371053e-05,-5.7909440037618855e-05,0.9999999876759955
1740163430.6014555,1740163430.590271,2,3,0.00013933878730304627,-3.078809083961732e-06,-0.00013891299340773039,9.806034505600946e-05,-1.558124846978003e-05,-6.261770958971678e-05,0.9999999931102079
1740163430.6174166,1740163430.6067717,2,3,0.00016574444957135638,-1.8645425444408475e-06,-0.00016928180152394817,0.00010515639381823999,-3.55236336378519e-05,-5.5838932280147236e-05,0.9999999922811089
1740163430.6351323,1740163430.6236315,2,3,0.0001584445538205244,-1.929162941438903e-06,-0.0001616763883084238,9.854331747449652e-05,-4.7716801918822316e-05,-6.394998235744014e-05,0.9999999919613605
1740163430.6510973,1740163430.6401474,2,3,0.00017013111792385337,-1.5769466338204829e-06,-0.00017441532390090865,0.0001142947516962562,-2.716887144324961e-05,-0.00010511514932196048,0.9999999875746837
1740163430.6681387,1740163430.6568308,2,3,-4.716059266442576e-05,-3.108128325042128e-06,-0.00041486589010237917,0.004981760016397822,-0.6494368670086926,-0.00013493310977030328,0.7603991843960174
1740163430.6853375,1740163430.6738164,2,3,0.000168817835642467,-2.400097725320087e-06,-0.00017055005731811905,3.551077675447368e-05,-3.3563991808642285e-05,-0.00010748712850885099,0.9999999930294802
1740163430.7015276,1740163430.6902175,2,3,0.00012812129696526895,-1.296281227201435e-06,-0.0001239066885523007,0.0001322176851641766,1.7249207920198725e-05,-3.748789181384411e-05,0.9999999904078032
1740163430.718321,1740163430.7069561,2,3,0.00015349004490188058,-3.623583133337737e-06,-0.0001536142869969522,0.00018987884362760458,2.3240902305076953e-05,-3.8398246449712906e-05,0.9999999809657298
1740163430.7350547,1740163430.7237625,2,3,0.00016902641591179032,-3.0584641728978885e-06,-0.00017188077777428417,5.607643812909107e-05,-6.573426239965422e-05,-3.854701665195195e-05,0.9999999955242836
1740163430.751026,1740163430.7402313,2,3,0.00020846216637291623,-2.309339653574528e-06,-0.00021382830424291157,0.0001607191184405367,-0.00010061168152370436,-7.466322842697712e-05,0.9999999792360281
1740163430.7685618,1740163430.7570333,2,3,0.00014204986475827293,-2.263229746738993e-06,-0.0001481748117056212,-0.00017470569200993892,-0.00015028075014233904,-2.4177067019923596e-05,0.999999973154543
1740163430.7853763,1740163430.7738755,2,3,0.00019846838292871978,-2.9798286500678298e-06,-0.000202810253869359,0.00021877577487007006,-3.704434818652083e-05,-3.0328615403942976e-05,0.9999999749225255
1740163430.8021963,1740163430.79041,2,3,0.00020729108181901594,-6.553974288725237e-07,-0.00021615845313381821,0.00015323667543150183,-7.673353287182014e-05,-4.380993791238509e-05,0.9999999843555877
1740163430.81893,1740163430.8072104,2,3,0.00013394563009106023,-3.578957333068886e-06,-0.00013231985556313164,-0.00010268375052151086,-0.00017817801066532968,-4.705155305419657e-05,0.9999999777473975
1740163430.8351047,1740163430.8238046,2,3,0.00018876659411619097,-3.0083337517351587e-06,-0.0001953964480353506,0.00014731971725214158,-6.660323915962572e-05,-3.1201126546684246e-05,0.9999999864436994
1740163430.8517132,1740163430.8407388,2,3,0.00018955038218055923,-2.2047576708970422e-06,-0.00018983962012706745,0.00015794490970539655,-7.101591719757945e-05,-6.082702691107719e-05,0.9999999831551087
1740163430.8733985,1740163430.8571782,2,3,0.00019268413502799626,-2.1510915678379083e-06,-0.00019948532145494494,0.0001121116197392639,-4.7549169871420067e-05,-6.727485608315356e-05,0.9999999903220774
1740163430.8847864,1740163430.8737578,2,3,0.00015885878393819794,-3.154045807092332e-06,-0.00016106249359668142,-9.045926822287186e-05,-0.00018229427822933722,-1.1721915290012493e-05,0.9999999792242565
1740163430.901597,1740163430.890334,2,3,0.0002124025196155668,-4.1943029237317936e-07,-0.00022165667538834414,0.00018753738695852337,-3.797807115394053e-05,-5.883215160104801e-05,0.9999999799630861
1740163430.9187703,1740163430.9073346,2,3,0.00017243209880904667,-2.086981865138314e-06,-0.00016983416792025062,0.0002018684784592918,-8.961382212621376e-06,-7.05651781830962e-05,0.999999977094683
1740163430.9348528,1740163430.9237146,2,3,0.00016638312974036996,-2.4898023668854783e-06,-0.00016667843897296135,0.0002807929494468093,4.1227363938614823e-07,-4.392186687410375e-06,0.9999999605679284
1740163430.951756,1740163430.9403908,2,3,0.00019781251445222597,-1.3996697535719096e-06,-0.0001995521246443207,0.00016841394172813193,-7.914926673585654e-05,-5.614258334203256e-05,0.9999999811100739
1740163430.9684956,1740163430.957121,2,3,0.00014375851817568234,-2.560213055401703e-06,-0.0001410772424226507,0.000266113977051898,4.0278000757093914e-05,-2.040006784511148e-05,0.9999999635724348
1740163430.9848583,1740163430.973752,2,3,0.00017965268101833632,-2.984309371954749e-06,-0.0001770236448650746,0.00016107835842032927,-3.0257117396873854e-05,-9.752410833962422e-05,0.9999999818136586
1740163431.0023541,1740163430.9909327,2,3,0.0001629400005009511,-7.674743000260228e-07,-0.00016251686295850741,0.0002662196156591587,-3.054878357393887e-05,-1.9697110274184415e-05,0.9999999639029552
1740163431.0185494,1740163431.0072653,2,3,0.0001531427845168461,-3.5588187526539585e-06,-0.0001460493144822378,0.00016825899786398154,-2.4511059253339715e-05,-9.112787661276261e-05,0.9999999813919137
1740163431.0350308,1740163431.023864,2,3,0.00014479084085587606,-1.951628069706682e-06,-0.00014159080065419467,0.0002265161101886925,1.5626363516237565e-06,-7.660116185879496e-05,0.9999999714101356
1740163431.0522728,1740163431.0406876,2,3,0.00013513664257452945,-2.343766884069471e-06,-0.00012576440696321662,0.0002104906197888038,-3.198580420858904e-06,-6.552788751384525e-05,0.9999999756947818
1740163431.0689526,1740163431.0575178,2,3,0.00014882826325049675,-1.3955941184824554e-06,-0.00014860618812894102,0.00024831581142713575,-2.506118287626441e-06,-4.335872744770521e-05,0.9999999682264985
1740163431.0855877,1740163431.0740957,2,3,0.0001045509838843109,-3.682336790943727e-06,-9.211409991907077e-05,0.0002259260857422668,-1.2059846669584962e-06,-2.66191899465071e-05,0.9999999741236838
1740163431.1027424,1740163431.0908926,2,3,0.00014611011140840994,-1.1016412945383348e-06,-0.00014696671481640456,0.000252091575226438,7.879016201698563e-06,-2.2487548903388434e-05,0.999999967941034
1740163431.1191437,1740163431.1076057,2,3,0.00011152190067752482,-2.727204970236312e-06,-9.828328709056146e-05,0.00016298847525808392,-2.128620878513052e-07,-4.072822427357823e-05,0.9999999858879616
1740163431.1355464,1740163431.1242025,2,3,0.00013725174114395043,-1.0625904963082061e-06,-0.00014108642319209526,-7.67433711891942e-05,-0.00019833299835583147,-9.273431589272472e-05,0.9999999730874113
1740163431.1521733,1740163431.1406739,2,3,9.786539917496916e-05,-3.5431637056217817e-06,-8.497956032851208e-05,0.00015583648126828414,1.3165686544113969e-05,-4.234908602193801e-05,0.9999999868741052
1740163431.1684895,1740163431.1572797,2,3,0.00015078163271850008,-1.977626153376151e-06,-0.0001508254676819627,0.0002530261685244926,-2.3629013450602753e-05,-4.8241263771946425e-05,0.9999999665461036
1740163431.186268,1740163431.1744082,2,3,9.989903815917854e-05,-2.808161938611954e-06,-8.663277472025773e-05,0.00019578913431255587,6.887778525117209e-06,-4.1360888649420363e-05,0.999999979954225
1740163431.2018883,1740163431.190649,2,3,0.00015629618008504512,-3.252632890947493e-06,-0.00015810781443649204,0.00022381380597857116,-2.8577459028983163e-05,-7.534646242846315e-05,0.9999999717068094
1740163431.2189152,1740163431.2073104,2,3,0.0001565798420961332,-2.7253286472408286e-06,-0.00015403269568927192,0.0001870058913526324,-3.691831260948896e-05,-3.0185798053197694e-05,0.999999981377326
1740163431.2361932,1740163431.2244203,2,3,0.00014674115844037582,-2.622839540466756e-06,-0.0001453182479582987,0.00019214108559410784,-3.178237344239978e-05,-8.641668294691325e-05,0.9999999773019201
1740163431.2527347,1740163431.2408934,2,3,0.00015395765483575144,-3.1274745436122695e-06,-0.00015321746386218372,0.00013297332491283287,-2.9471912792819777e-05,-4.4530696713260254e-05,0.999999989733259
1740163431.2685468,1740163431.2573435,2,3,0.00017299403934293125,-2.2056548360892434e-06,-0.00017356498695110094,0.0002461953860638406,-5.426357758921533e-05,-6.649588280149156e-05,0.9999999660107962
1740163431.2858658,1740163431.2743912,2,3,0.0001508852636560777,-2.645242097233774e-06,-0.00015104807830074713,0.00011084898750377425,-3.0361822205298968e-05,-6.85709108939441e-05,0.9999999910443459
1740163431.30226,1740163431.2909822,2,3,0.00020558553297390933,-3.1500444666055253e-06,-0.00021310557812910533,0.0002487755166284049,-6.820339980649207e-05,-5.580506016468267e-05,0.9999999651724163
1740163431.3185587,1740163431.3074536,2,3,0.00015423477030393343,-3.0049393830945963e-06,-0.00015602923274098997,0.00011903452743721448,-3.800258465631611e-05,-4.5150034722559456e-05,0.9999999911740295
1740163431.335572,1740163431.3242767,2,3,0.0001697806473947207,-3.6722570306616866e-06,-0.00017116291849145906,0.0002882863506749795,-3.5186121194912685e-05,-2.614261569959674e-05,0.9999999574847395
1740163431.3521976,1740163431.3413866,2,3,0.00016741044737450937,-2.920665745518298e-06,-0.00017059555947004836,0.00016993540984759062,-3.43230120879468e-05,-6.213493047556396e-05,0.9999999830415687
1740163431.3689728,1740163431.3575065,2,3,0.00017952570188431888,-3.4948824117456956e-06,-0.00018311019234610993,0.0002430543696095589,-6.258852998484994e-05,-4.859457730592902e-05,0.9999999673229076
1740163431.3850992,1740163431.3742025,2,3,0.0001901478383729409,-3.826109637834383e-06,-0.00019894315786869976,0.0001650216917055888,-8.751708173921271e-05,-3.669188930783244e-05,0.9999999818811532
1740163431.4019523,1740163431.3909159,2,3,0.00018182518421569916,-2.432930287913588e-06,-0.0001866548116719979,0.00024718224967999893,-4.883630731407643e-05,-5.430662066842993e-05,0.9999999667833701
1740163431.4198387,1740163431.4080877,2,3,0.00010786221020731917,-3.780643847338782e-06,-0.00010292642602967363,0.00017750939577021145,3.029247662885048e-05,-4.10710675095067e-05,0.9999999829429737
1740163431.4356391,1740163431.4244082,2,3,0.00020059403183224632,-2.3311673978239657e-06,-0.00021029381104815573,0.0001874345396947669,-7.501585089852415e-05,-7.524352333594897e-05,0.9999999767896636
1740163431.452118,1740163431.4408903,2,3,0.0001356341719289069,-2.1414139591383877e-06,-0.00013347724332490567,0.00024765237328309834,-1.1332458750443863e-05,-2.742966825533869e-05,0.9999999688937448
1740163431.4697104,1740163431.4578884,2,3,0.00016001629200393437,-3.9480483497393785e-06,-0.00016215932520263415,0.00022237681676883544,-3.9647106108520416e-05,-4.958287892866474e-05,0.999999973259098
1740163431.4854894,1740163431.474181,2,3,0.00016333628245575826,-3.015198798624306e-06,-0.00016577520954774838,0.00020066311296091903,-3.2964636169123184e-05,-1.5201896198775936e-05,0.9999999792082749
1740163431.5026388,1740163431.4909399,2,3,0.0001526073576951256,-2.382459833909868e-06,-0.00015005660424214108,0.00028738948264081076,-5.986909037014161e-05,-4.572521622036752e-05,0.9999999558660899
1740163431.5197287,1740163431.508096,2,3,8.576895406399126e-05,-4.191623593778429e-06,-8.252069472444277e-05,-0.00010172928356504608,-0.00014399846613497242,-2.591186737491376e-05,0.9999999841220848
1740163431.5356624,1740163431.5244937,2,3,0.00017619637173002696,-2.0061652077655586e-06,-0.0001803963735722889,0.0002445438694336911,-8.602905324987521e-05,-1.3813726857057878e-05,0.999999966303239
1740163431.552894,1740163431.5411901,2,3,7.509316066068897e-05,-2.6921769050741584e-06,-6.29765600656805e-05,0.00021266913972032642,4.9770491921614255e-05,-5.050508526447149e-05,0.9999999748719853
1740163431.5684707,1740163431.557787,2,3,0.00014269153366334078,-3.168343331208274e-06,-0.00014878887777219674,-0.00011990736711653422,-0.00016996068262074487,-5.357185259406836e-05,0.9999999769328228
1740163431.585084,1740163431.5742347,2,3,0.00014993116499492534,-1.929678714890822e-06,-0.00015014755439988326,0.00012812765710587158,-2.3430427197867275e-05,-6.844089221786459e-05,0.9999999891750814
1740163431.6036725,1740163431.5915208,2,3,0.0001228744831960464,-2.978099986281011e-06,-0.00011796748643758169,0.00022491834806142176,-6.464653066011399e-06,-6.794537872805288e-05,0.9999999723766848
1740163431.6193733,1740163431.607866,2,3,0.00014552158439830372,-2.6513693079467125e-06,-0.0001456409094149125,0.00016717127190855408,-7.993109031416614e-06,-3.87444562513527e-05,0.9999999852443714
1740163431.6369681,1740163431.624917,2,3,0.00017235951349397973,-2.0623670521953464e-06,-0.00017186241953591065,0.00023873075674880364,-4.2579060053248615e-05,-5.4033347361730873e-05,0.9999999691375229
1740163431.6535897,1740163431.641537,2,3,0.0001701071196286168,-3.374359841110442e-06,-0.00017435829186233093,0.00024067705392321576,-5.630115657133506e-05,-3.681053794863276e-05,0.9999999687748594
1740163431.6693704,1740163431.6579697,2,3,0.00017246852340143973,-3.5655938381411404e-06,-0.00017640126053812777,0.000179916214927806,-4.279279943770544e-05,-7.752547058628203e-05,0.9999999798943664
1740163431.6853793,1740163431.674442,2,3,0.0001639770077586626,-1.8669075184002892e-06,-0.00016408090998895313,0.00024203843372757616,-3.1869923039464425e-05,-3.2406896235654275e-05,0.9999999696757484
1740163431.7028956,1740163431.6914423,2,3,0.00014953358723497406,-3.5498266542539403e-06,-0.00014928873852332805,0.00027505535833147437,-9.686244407617802e-06,-2.9173047912848277e-05,0.9999999616998292
1740163431.7187958,1740163431.7077875,2,3,0.000163395479456677,-2.902838456943299e-06,-0.0001660457747054156,0.00014771449546485167,-5.180137414912804e-05,-4.239100000794324e-05,0.9999999868500241
1740163431.7363584,1740163431.7247047,2,3,0.00019929630848558792,-1.2315146819505944e-06,-0.00020428283556350285,0.000264616788081805,-7.336593105906771e-05,-5.8350959517870434e-05,0.9999999605952797
1740163431.7524242,1740163431.7415004,2,3,0.0001503458883789168,-2.4844804606078422e-06,-0.00015251761167470537,0.00017490359164061667,-2.012990466891481e-05,-2.872584631564896e-05,0.9999999840891731
1740163431.7697465,1740163431.7582932,2,3,0.0001923649937141792,-1.9407817409242425e-06,-0.00019813033774840452,0.0002478221747553735,-4.9999830246038444e-05,-2.296721963293578e-05,0.9999999677783463
1740163431.78641,1740163431.7750585,2,3,0.0001377365617181638,-2.5427085680967807e-06,-0.00013386731903453823,0.0001788483674505883,-3.271257603670717e-05,-4.42164420984283e-05,0.9999999824940273
1740163431.802742,1740163431.7915723,2,3,0.00017553853206402488,-2.601178068264937e-06,-0.00018016746265051364,0.00024388644719269188,-3.374921454077444e-05,-3.743537517767647e-05,0.9999999689894915
1740163431.8190455,1740163431.808081,2,3,0.00012029888856515198,-2.9631774961181488e-06,-0.00011376850922059699,0.00015121623160854376,-1.6420074336976098e-05,-3.74629245211986e-05,0.9999999877302809
1740163431.8372145,1740163431.8249323,2,3,0.00016147661818200558,-2.885568522841113e-06,-0.0001621222328537172,0.00019466120671010888,-4.1421822769763265e-05,-7.52396023686424e-05,0.9999999773651245
1740163431.853416,1740163431.8418667,2,3,0.00012123416567974064,-3.608182727908224e-06,-0.00011456686142549645,0.00016758548719192744,-1.4985300743084007e-05,-3.377970919338595e-05,0.9999999852747381
1740163431.8691149,1740163431.8580017,2,3,0.00017512851460716475,-1.4529025165047466e-06,-0.0001765873937465664,0.00022887031503492764,-6.905287978168967e-05,-3.766786862191987e-05,0.9999999707156048
1740163431.8899863,1740163431.8752313,2,3,0.00012302439776985357,-2.5662416116802153e-06,-0.00011713104444784922,9.920641597225322e-05,1.7474380698709725e-05,-7.728329854927432e-05,0.9999999919400123
1740163431.9027758,1740163431.891368,2,3,0.00017597600464247303,-2.9234162421181044e-06,-0.00017912679475963575,0.00024611575692457416,-6.181777422715103e-05,-8.44306759735136e-05,0.9999999642385283
1740163431.9197319,1740163431.9081292,2,3,0.00014934325468371373,-1.705270707348663e-06,-0.0001476450428535508,0.00010775349296543134,-1.3763106971740056e-05,-3.1269724459156315e-05,0.999999993610983
1740163431.9361935,1740163431.9250803,2,3,0.00014891130831351122,-2.748899504792533e-06,-0.0001467004113949307,0.00021296263461107436,-4.879101577514711e-05,-5.739399913670901e-05,0.9999999744861406
1740163431.9522762,1740163431.9413462,2,3,0.00016335576525781047,-1.6093126179274523e-06,-0.0001651089201968636,0.00010622999559958746,-5.3477384870995835e-05,-2.2337860881459177e-05,0.9999999926781887
1740163431.9702833,1740163431.958185,2,3,0.00013276212708620164,-3.6332467883380412e-06,-0.00012610658131069954,0.00022560366462136288,-2.7918325688920497e-05,-5.4168449122522776e-05,0.9999999726946659
1740163431.9858575,1740163431.974784,2,3,0.00012789045018013777,-3.7185782071225895e-06,-0.00012433185558867045,0.000168311197683106,6.646532818958282e-06,-4.569045066263881e-05,0.9999999847697735
1740163432.0032194,1740163431.9917772,2,3,0.00013403140675403416,-3.692893730970867e-06,-0.00013044073509121173,0.00021677317589521245,-3.81663767578817e-06,-3.796298903819198e-05,0.9999999757768172
1740163432.019714,1740163432.008354,2,3,0.00015503924636376925,-2.2473524594186396e-06,-0.0001573176110117938,0.00013180500535955227,-4.611410398914116e-05,-5.6798333356497185e-05,0.9999999886374396
1740163432.0364296,1740163432.025178,2,3,0.00015921400801268315,-2.3241945261180886e-06,-0.00015780020909403426,0.0003015647951661256,-5.7128055987675636e-05,-1.5431623247454322e-05,0.9999999527784612
1740163432.0524933,1740163432.041578,2,3,0.000139079716500442,-1.597317014770546e-06,-0.0001365989225602356,0.00015833405453658124,-4.154439345718728e-06,-3.197127875088491e-05,0.9999999869454524
1740163432.0736818,1740163432.0586033,2,3,0.0001607553448990827,-2.391633335661944e-06,-0.0001615744530434718,0.00027486782700065663,-6.423404795527782e-05,-3.75225742024452e-06,0.9999999601537919
1740163432.0898082,1740163432.075144,2,3,0.0001284795988517479,-2.0919885614208694e-06,-0.0001270961734266527,0.00010786223238967786,3.0785374062071464e-06,-6.352358122358404e-05,0.9999999921605079
1740163432.1038082,1740163432.0919456,2,3,0.00015604712367274927,-2.6291608253035375e-06,-0.00015482081723361112,0.0001877315235773665,-3.89334486459202e-05,-4.595636175701298e-05,0.9999999805645371
1740163432.119793,1740163432.1086218,2,3,0.00015884553068659638,-2.5664492373817818e-06,-0.000161456666144478,0.00017057919306539873,-6.37350405885253e-05,-4.1327302691765274e-05,0.9999999825663186
1740163432.136073,1740163432.124892,2,3,0.00016492479785757308,-2.5092126289306035e-06,-0.0001665560563259913,0.00010647423651611761,-7.952237228697928e-05,-5.2280094452945676e-05,0.9999999898031104
1740163432.154097,1740163432.1420674,2,3,0.00016692911132404142,-2.20895638657483e-06,-0.00017134129184429245,0.00015768859204694693,-5.646306006644982e-05,-7.075663877207404e-05,0.9999999834698643
1740163432.1700726,1740163432.1585016,2,3,0.00016525865646620612,-2.625317433632587e-06,-0.0001684927200593179,0.00018900301410154137,-7.793313016262662e-05,-2.597877599125061e-05,0.9999999787646954
1740163432.1866808,1740163432.175228,2,3,0.0001516838697200627,-1.996457371614093e-06,-0.00015384110861979878,0.00018162754068356166,-5.113767607405525e-05,-1.1346075636060884e-05,0.9999999821338204
1740163432.2065659,1740163432.1919205,2,3,0.00016438977407946231,-2.1990234133933483e-06,-0.00016645250091376501,0.0002493926362775576,-7.907760235259874e-05,-2.3395805021823696e-05,0.9999999655013404
1740163432.2197883,1740163432.208381,2,3,0.00015665564039500906,-3.3007832750976204e-06,-0.00016138332510151797,0.00019337912832273602,-5.057146883247036e-05,-6.511953732094332e-05,0.9999999779032424
1740163432.2358992,1740163432.2251034,2,3,0.00017321003297901855,-1.297440411954639e-06,-0.00017700551598488212,0.00017185912204875498,-5.477184126913785e-05,-6.15255924621039e-05,0.9999999818395443
1740163432.2537363,1740163432.2419577,2,3,0.00015470822529788715,-2.4044147962097424e-06,-0.0001576811142733084,0.0002270696210279036,-2.8490377674340197e-05,1.6880306294367485e-07,0.9999999738138282
1740163432.2697139,1740163432.2582824,2,3,0.00015223090673803733,-2.2324657018209505e-06,-0.00015333494336509446,0.00013549719677767453,-3.626219057326271e-05,-6.112784267974898e-05,0.999999988294475
1740163432.2864537,1740163432.2752662,2,3,0.0001442557129922835,-2.531425915862658e-06,-0.0001463016145471288,0.0001274729178321259,-2.607257340674013e-05,-6.0868830627326144e-05,0.9999999896829307
1740163432.303415,1740163432.2921746,2,3,0.0001431300083350422,-2.156808005207996e-06,-0.00014285048876345208,0.00027541428301851545,-2.824691369099568e-05,-2.363161447064596e-05,0.999999961395315
1740163432.3196986,1740163432.3087833,2,3,0.00016266489245656367,-2.4438397616613895e-06,-0.00016744851351837675,0.00023595576687051152,-1.7506250121540038e-05,-4.247914228339224e-05,0.9999999711069644
1740163432.3384986,1740163432.3255126,2,3,0.00016974948123982684,-1.9024898403445105e-06,-0.00017274974673609536,0.00017997259981503277,-1.9448165628422087e-05,-9.194529299377777e-05,0.9999999793888474
1740163432.354393,1740163432.3428361,2,3,0.0001305813820495429,-1.8862297878204319e-06,-0.00013037665881057126,0.00018163639268127296,2.224867742039931e-05,-4.5123850350686385e-05,0.9999999822385275
1740163432.3695972,1740163432.3586218,2,3,0.00015387426157339985,-2.446417647340232e-06,-0.00015396037912138231,0.00023049633356175028,-6.19077674728327e-05,-2.0178206892564345e-05,0.9999999713158538
1740163432.3871264,1740163432.375671,2,3,0.00016280224155368345,-1.1148675836192384e-06,-0.00016802708989120096,0.00017011776813643012,-2.5725198227254146e-05,-8.050060732663663e-05,0.9999999819589055
1740163432.402429,1740163432.3918762,2,3,0.00018800585697356512,-2.312305898384595e-06,-0.00019489629679834083,0.0001703591883959408,-6.4849363514938e-05,-3.97555275677521e-05,0.9999999825959023
1740163432.424526,1740163432.408756,2,3,0.0001520768838302238,-1.28291307513214e-06,-0.00015380532313445652,0.0002073040501120207,-3.5747196041232965e-05,-1.5029066881317338e-05,0.9999999777606478
1740163432.4398646,1740163432.4254656,2,3,0.0001614706581153269,-2.624779553023531e-06,-0.00016204948417384036,0.00012482103699154161,-1.5809787184648622e-05,-8.242046147651081e-05,0.9999999886883134
1740163432.4530847,1740163432.4419289,2,3,0.00013459657180294973,-2.373892199505805e-06,-0.00013579557935885012,0.00020112786678009017,1.0882233982559895e-05,-5.020606549884894e-05,0.9999999784542544
1740163432.4699113,1740163432.458624,2,3,0.00017001432499410188,-3.3666824309536967e-06,-0.0001712243402344294,0.00019017753366365066,-6.269190429423377e-05,-4.3050296797763466e-05,0.9999999790244511
1740163432.4900932,1740163432.4754698,2,3,0.00015460652488058407,-2.009594019967087e-06,-0.00015857063592946642,0.00018982219424134957,-2.827184565206395e-05,-9.549297941828846e-05,0.9999999770246638
1740163432.5031898,1740163432.4920366,2,3,0.0001378641180456046,-2.3810949921884293e-06,-0.000135272702131957,0.0002035236496547668,-9.806284176738225e-06,-5.393558878588328e-06,0.9999999792264349
1740163432.5197892,1740163432.5087516,2,3,0.00014860876327444554,-2.039636363550828e-06,-0.0001511210910654737,0.0001724946944214637,-2.2099814548827865e-06,-6.851448462662498e-05,0.9999999827732307
1740163432.536791,1740163432.525616,2,3,0.0001744751139116076,-2.1057573234340156e-06,-0.00017837658749028052,0.0001425837954527754,-5.2075415886049196e-05,-6.053112541517774e-05,0.9999999866469975
1740163432.552975,1740163432.5419538,2,3,0.0001271594004270774,-1.6928615617928708e-06,-0.00012420611617988605,0.00019781681284662103,2.3149494134437987e-06,-9.206758850555742e-06,0.9999999803891925
1740163432.5753448,1740163432.5593033,2,3,0.00016694526684512984,-1.7145159639539027e-06,-0.00016841205862910138,0.0002176644622151397,-4.618044402940128e-05,-3.93864535743057e-05,0.9999999744691276
1740163432.5879827,1740163432.5754526,2,3,0.00015029747447215558,-1.5280078990126767e-06,-0.00015324823824177213,0.00013820905694124532,-1.2834010488392365e-05,-4.363473799842045e-05,0.9999999894147772
1740163432.6030421,1740163432.5919669,2,3,0.00013413649705105155,-3.0166451583745433e-06,-0.00012769980731031693,0.00022944807986958825,-1.0059138357908909e-05,-4.075044464814224e-05,0.9999999727958964
1740163432.620346,1740163432.609008,2,3,0.0001567218203204971,-2.3316445237992727e-06,-0.00016050968618560316,0.0001627102861913623,-7.522050224482363e-06,-4.2190896739273536e-05,0.9999999858443548
1740163432.6366825,1740163432.625477,2,3,0.00012329368359858522,-3.015295609036631e-06,-0.00011677605325498383,0.00016450968724550036,-6.54689105906765e-06,-4.082312414868217e-05,0.9999999856135867
1740163432.6534612,1740163432.642114,2,3,0.0001599728338660369,-1.1846756864547743e-06,-0.00016068115636854902,0.00022430378974227822,-2.8407817927371182e-05,-4.8539126717912954e-05,0.9999999732623792
1740163432.6704092,1740163432.6590405,2,3,0.0001360702540546643,-2.777206487604988e-06,-0.00013248324003616212,0.00019385442403002323,-2.373495023334394e-05,-5.395184993350776e-05,0.9999999794731559
1740163432.6865852,1740163432.6754942,2,3,0.00018178647600875577,-2.2156973032495667e-06,-0.0001871544802844441,0.0001462678011738039,-2.6045259890354245e-05,-6.682952922358186e-05,0.9999999867305943
1740163432.7036994,1740163432.692143,2,3,0.00015913042600415597,-1.929794025847815e-06,-0.00015629414535860256,0.00013976375571141496,-5.184743725717422e-05,-2.9949686359398645e-05,0.999999988440476
1740163432.721011,1740163432.7090857,2,3,0.00014071289848997914,-1.8782670591739248e-06,-0.00013898308833290487,0.00017855375352031073,2.5247129378883957e-06,-6.835996792694922e-05,0.9999999817195487
1740163432.73713,1740163432.7254531,2,3,0.000159392459572222,-2.149955460054696e-06,-0.00015863865596140787,0.00017823631136768185,-4.758431412576884e-05,-5.460827821821098e-05,0.999999981492743
1740163432.7539935,1740163432.7424376,2,3,0.0001245939366739278,-2.217911235024229e-06,-0.00011880882126698319,0.00027540606509477794,8.968967781313373e-06,4.775779273113682e-06,0.9999999620241237
1740163432.770257,1740163432.7591505,2,3,0.00015397353774781496,-2.5740405104358358e-06,-0.0001526380755745894,0.00012832931440613448,-4.4521762719314515e-05,-9.278787765631147e-05,0.9999999864699046
1740163432.7866073,1740163432.7755497,2,3,0.0001577764208324952,-2.5173693791769306e-06,-0.00015908658103539416,0.00020865486919413164,3.972077272878509e-06,-3.835954181933343e-05,0.9999999774879565
1740163432.8085363,1740163432.7927978,2,3,0.0001242786762883652,-2.90192773797088e-06,-0.00011722542805473026,0.00017251668228863228,-2.0906728055524315e-05,-5.749560117086862e-05,0.9999999832475792
1740163432.8204057,1740163432.8091836,2,3,0.00011594887724869486,-3.160014127885161e-06,-0.00011123791763181769,0.0001723508720591908,3.0485449714478215e-05,-8.343648576651652e-05,0.9999999812020834
1740163432.8371234,1740163432.8257484,2,3,0.0001348374431359456,-2.9149370499200877e-06,-0.00013087522584696932,0.0001618826490493539,-7.853948571184212e-06,-5.5328534860314834e-05,0.9999999853355381
1740163432.8545382,1740163432.8429184,2,3,0.0001310235992346995,-1.9770489023328946e-06,-0.0001275700073062903,0.00012201108957643826,-3.2845641390685634e-05,-8.474589577753302e-05,0.9999999884262954
1740163432.8700554,1740163432.8589785,2,3,0.00014513031096282733,-2.512685629326818e-06,-0.00014208714479423522,0.00020334218680579378,-1.5940826561248692e-05,-5.80167884633934e-05,0.9999999775159484
1740163432.8871844,1740163432.8758094,2,3,0.00016174917328227792,-1.6539301758029697e-06,-0.00016588113526802285,0.0002057433540599739,-3.651751959377181e-05,-3.3338522814166496e-05,0.9999999776123426
1740163432.9035757,1740163432.8925912,2,3,0.00016083465037714816,-3.6214749883406918e-06,-0.00016001877296386772,0.00015558705686132552,-1.6810466383805324e-05,-7.354444147832952e-05,0.9999999850506455
1740163432.9202743,1740163432.9090981,2,3,0.00015694475357528123,-2.3050948652295286e-06,-0.000157874118998092,0.00020705885172564537,-4.223766086259976e-05,-4.591028791342851e-05,0.9999999766174283
1740163432.9381425,1740163432.9260476,2,3,0.00013540287573806558,-2.3918113546997606e-06,-0.00012859010964415236,0.00015827563550467418,-3.091377344204125e-05,-3.404612587954436e-05,0.9999999864170114
1740163432.953666,1740163432.9427474,2,3,0.00015574775540489909,-3.1413077192844337e-06,-0.00015571743759707176,0.00016105710140572912,-1.5248489830210207e-05,-5.737181321634459e-05,0.9999999852682842
1740163432.9697034,1740163432.959159,2,3,0.00016616428057957976,-3.312723998920583e-06,-0.00016576326450359685,0.00017371719725078915,-6.942783589251066e-05,-6.747818245490548e-05,0.9999999802244027
1740163432.9878292,1740163432.9760532,2,3,0.0001588115950480528,-2.6709478749040564e-06,-0.00016041248738720974,0.00019909961383924517,-4.942987557029356e-05,-2.8368401479948936e-05,0.9999999785556323
1740163433.0056026,1740163432.9928875,2,3,0.0001189897775711519,-3.3465703920225404e-06,-0.0001109877006026322,7.85234029886919e-05,-7.574614980011559e-06,-9.235883492343144e-05,0.999999992623273
1740163433.0204256,1740163433.0091634,2,3,0.00014253354203715927,-2.3563348860960937e-06,-0.00014180194750848603,0.0001494586319332407,-6.8158825377362045e-06,-8.047917135533872e-05,0.9999999855693819
1740163433.0419493,1740163433.0261884,2,3,0.00015292322898618707,-2.878102124330599e-06,-0.0001525575014292847,0.00015257373327278503,-2.2172786036040246e-05,-5.944201720251916e-05,0.9999999863481349
1740163433.0542235,1740163433.042541,2,3,0.0001523588364294091,-1.6821852086123069e-06,-0.0001546630947912473,0.0001953309788550863,-3.625346691075982e-06,-5.7109096258448056e-05,0.9999999792856081
1740163433.0703013,1740163433.0593982,2,3,0.00013018647835572644,-3.0116255407762163e-06,-0.00012667751147264894,0.0001477256960945934,2.232777491026833e-06,-6.467700076173783e-05,0.9999999869945093
1740163433.0875156,1740163433.0761335,2,3,0.0001540367620545042,-2.244797312949671e-06,-0.00015663173596183115,0.0002663132636432111,-6.673420039993531e-06,-5.063221751929131e-05,0.9999999632345442
1740163433.1035054,1740163433.0925403,2,3,0.00015646825406426262,-2.9793655113842113e-06,-0.00015712160241650205,0.00015423019661975744,-1.787888293239627e-05,-4.512835973496088e-05,0.9999999869284114
1740163433.1215167,1740163433.1095867,2,3,0.0001359358038150594,-2.9683354877622396e-06,-0.0001419741436146927,-4.3238667988721684e-05,-0.000191867614875714,-4.0454267167651144e-05,0.9999999798403438
1740163433.1370602,1740163433.1260197,2,3,0.0001671065750615407,-2.4024540296862774e-06,-0.00017138068116513098,0.00016308360039471136,-4.269305116138801e-05,-3.249631753229623e-05,0.9999999852625159
1740163433.1561706,1740163433.1426578,2,3,0.00016758654819079406,-1.2171443959222376e-06,-0.00017130153869158763,0.00031434448251160943,-1.9071311578140266e-05,-1.996519723289659e-05,0.99999995021261
1740163433.1711528,1740163433.1595385,2,3,0.0001329550739768202,-2.2995331592193035e-06,-0.00013118351283727413,7.927593253203482e-05,1.273375067647377e-06,-4.481718636072389e-05,0.9999999958525624
1740163433.1869903,1740163433.1760588,2,3,0.00018847671362038447,-2.2297359881837288e-06,-0.00019549881896924345,0.00019996746591373707,-4.347743198721871e-05,-3.4146167561881106e-05,0.9999999784783822
1740163433.2037976,1740163433.1926208,2,3,0.0001297491210733744,-1.5212361878639675e-06,-0.0001286729075217268,0.000191253386627878,1.5712392865729116e-05,-2.0187762256612117e-05,0.9999999813838584
1740163433.2207618,1740163433.2096467,2,3,0.00017826384753527458,-3.309621747958321e-06,-0.0001825651523195303,0.00022142390444748929,-6.609902349356508e-05,-4.5132981613934336e-05,0.9999999722826933
1740163433.2371485,1740163433.2262528,2,3,0.00013925686455805886,-2.965800170494201e-06,-0.00014145590941168175,0.00019181118462098632,8.401364640983195e-06,-3.647630432811931e-05,0.9999999809036827
1740163433.253638,1740163433.2426324,2,3,0.00017478284193020346,-2.2874867760778915e-06,-0.00017773074834095682,0.00020706764526069304,-7.392383106566475e-05,-4.1977937671252446e-05,0.9999999749480547
1740163433.2710822,1740163433.2596097,2,3,0.00014583695803876948,-2.900747438251931e-06,-0.0001470186171627169,0.00026464635569601604,-1.205915345258247e-05,-2.8355268526802182e-05,0.9999999645064305
1740163433.287259,1740163433.276037,2,3,0.0001605459235477474,-1.8596472385258804e-06,-0.00016218662732695672,0.00018585718804277226,-2.101990683764867e-05,-5.4611494418327686e-05,0.9999999810164267
1740163433.3036957,1740163433.2927215,2,3,0.0001703523598128001,-1.5089935224673825e-06,-0.00017456353408456317,0.000184324480571387,-3.0122096295691043e-05,-4.2640185602878076e-05,0.9999999816494798
1740163433.3213348,1740163433.3097231,2,3,0.00014165981016685546,-3.204982191685924e-06,-0.00014051960160869372,0.00023944002472263862,1.7668860076901383e-05,-4.097938097056931e-05,0.9999999703384876
1740163433.3376074,1740163433.326219,2,3,0.0001825175999473978,-2.524583206349192e-06,-0.00019016315067706414,0.0001585411002072104,-6.584693770571621e-05,-8.275087623908856e-05,0.9999999818405962
1740163433.355281,1740163433.343821,2,3,0.00017628925929057972,-2.45750656378365e-06,-0.00018644402299462787,-0.00011072371838108368,-0.00020175378047125207,-1.986290832798438e-05,0.9999999733205672
1740163433.371113,1740163433.359798,2,3,0.00017473409507384602,-2.2240713511315514e-06,-0.00018114296455288626,0.00018630093628414811,-6.463271018271633e-06,-4.73345819104034e-05,0.9999999815048122
1740163433.3871286,1740163433.376205,2,3,0.0001729594607011874,-2.525795956929543e-06,-0.0001764114354478889,0.00015294091809065554,-4.881906114374689e-05,-8.573532145974064e-05,0.9999999834376146
1740163433.4044487,1740163433.39313,2,3,0.00012885002805404963,-3.2349588036662487e-06,-0.00012688341953569495,0.000247075184006737,2.451763888591197e-05,-7.276452033707762e-05,0.9999999665290312
1740163433.4220555,1740163433.4095488,2,3,0.0001783703784078843,-1.1986153635923843e-06,-0.00018329084088984147,0.00027873776841069807,-4.079629376238277e-05,-2.167539848220011e-05,0.9999999600855473
1740163433.4379168,1740163433.4263031,2,3,0.00015580214742527877,-2.3098802950704154e-06,-0.00015685372390016319,0.0002550184401514974,-2.0353241987028173e-05,-1.2039877159173224e-05,0.9999999672031904
1740163433.465197,1740163433.443164,2,3,0.00017915455570668992,-2.3304163879219437e-06,-0.00018193657068944942,0.00022237550453632537,-7.02474047718707e-05,-1.1833902197954252e-05,0.9999999727371975
1740163433.4715014,1740163433.459931,2,3,0.00016342851592414238,-2.026746829417511e-06,-0.00016652012232726263,0.00016551714819519712,-7.449318430162452e-06,-5.248100866979516e-05,0.9999999848971625
1740163433.4873738,1740163433.476235,2,3,0.00015541410777813729,-2.939843403804015e-06,-0.00015419629496509575,0.00014578661350569648,-1.1598072419964763e-05,-5.2389951287902735e-05,0.9999999879335205
1740163433.5047054,1740163433.4931748,2,3,0.00018355899072845132,-1.7733064760057327e-06,-0.00018748406686874472,0.000197596803152393,-5.057190806548714e-05,-1.7941961344398533e-05,0.9999999790380355
1740163433.5203905,1740163433.5095322,2,3,0.00015194746633758033,-2.7151910598666656e-06,-0.00015003211083543347,0.00018912572909839107,-4.731968149631096e-05,-7.363499309420548e-05,0.9999999782850969
1740163433.5374362,1740163433.5262265,2,3,0.00019129829645506605,-2.153426024451832e-06,-0.00019800275530799255,0.00025544513629699624,-3.979162581414013e-05,-1.551208851193282e-05,0.9999999664618914
1740163433.5538898,1740163433.5432186,2,3,0.00013530170963002369,-2.9656172622717584e-06,-0.00012943734961410588,0.00021856827096634307,-2.994782057327223e-05,-2.068195019809299e-05,0.9999999754516476
1740163433.5705242,1740163433.559571,2,3,0.0001561841976578466,-2.174574576355627e-06,-0.00015851528048571576,0.0002357300992343749,-2.1581678086990646e-05,-6.552384526380653e-05,0.9999999698360882
1740163433.5896604,1740163433.5765114,2,3,0.00017840108102358388,-2.0728950361242596e-06,-0.00018115168165249343,9.264600213714526e-05,-5.679297605008528e-05,-8.026053625520946e-05,0.9999999908747611
1740163433.6043825,1740163433.5930772,2,3,0.0002074464078498781,-5.01156151933475e-08,-0.00021758937840748123,0.00026396265667857227,-6.899815146439152e-05,-3.0024974570420522e-05,0.9999999623307352
1740163433.6209805,1740163433.6097145,2,3,0.0001765229922223386,-1.4218028713814084e-06,-0.00017922394057948135,0.00022031976269631392,-4.720170050213619e-05,-2.1612069305288433e-05,0.9999999743820597
1740163433.6407123,1740163433.6267889,2,3,0.00018626794954609765,-7.951753770010026e-07,-0.00019177104745311948,0.0002850893260361909,-4.307884749613656e-05,-3.248060071380714e-05,0.9999999579066489
1740163433.6543047,1740163433.6431565,2,3,0.0001477259290551896,-3.30216510324307e-06,-0.00014669950861701594,0.00012897070918735498,-3.420383460245293e-06,-3.705197223501646e-05,0.9999999909910041
1740163433.671218,1740163433.6598198,2,3,0.0001551977753523585,-2.446315143235529e-06,-0.0001550739854470238,0.0003300809553767818,-1.5876171048043737e-06,1.4111349769495875e-05,0.9999999454224546
1740163433.6879058,1740163433.6766837,2,3,0.0001424807873023213,-2.004828173376432e-06,-0.00014604922264963656,-0.00020693168452674818,-0.00015307848081089803,-2.6675561040650533e-05,0.999999966517335
1740163433.7044299,1740163433.6931913,2,3,0.00016904785374302896,-1.7042296275793006e-06,-0.00017138752817725812,0.0002618947258473584,-5.099252103842901e-05,-4.4591472293423514e-05,0.9999999634112574
1740163433.7211561,1740163433.7097206,2,3,0.0001402304183078727,-1.901915832122753e-06,-0.00013763724460617594,0.00020053705929144947,-8.681303499882981e-06,-9.57561286069436e-06,0.999999979808915
1740163433.7379384,1740163433.7265441,2,3,0.00017728948678171047,-2.4975483167623302e-06,-0.00017820072076110886,0.00025560331592594304,-3.908360353860147e-05,-5.025349993985292e-05,0.9999999653070006
1740163433.754278,1740163433.743123,2,3,0.00017035280538067838,-2.5200226092066135e-06,-0.00017428258486976584,0.00019180250725567014,-3.496471929485334e-05,-3.5259313855323664e-05,0.9999999803730235
1740163433.7716045,1740163433.76001,2,3,0.00017276768317664782,-2.4114186325276403e-06,-0.00017372441880573748,0.0002468158817992576,-5.366681026970295e-05,-3.0491599916341078e-05,0.9999999676360276
1740163433.7875369,1740163433.7765517,2,3,0.00015081556044335055,-1.7185451924754756e-06,-0.0001506019016428727,0.0001915820982907936,-1.8164460671834353e-05,-6.0450520801765157e-05,0.999999979656043
1740163433.804707,1740163433.793235,2,3,0.00014689399715465807,-2.2049039485616656e-06,-0.0001439062118121761,0.00021587968103418514,-3.9910634749449036e-05,-1.7511621318071728e-05,0.9999999757482236
1740163433.8216598,1740163433.8101428,2,3,0.00013882424275867204,-2.417055031784235e-06,-0.00014255047874395767,-0.0001305322740006687,-0.00018142365284102674,-1.4794416352754463e-05,0.9999999749139541
1740163433.837969,1740163433.8266149,2,3,0.00016340055844022761,-1.623051152986056e-06,-0.0001636936944329932,0.0003085028553436833,-2.5802561469112724e-05,-1.6099722279971123e-05,0.9999999519505063
1740163433.8548317,1740163433.8432453,2,3,0.0001625695520041857,-2.5278416669648585e-06,-0.00016607920813424784,0.00016102958915969142,-3.24874707499814e-05,-6.355970093407106e-05,0.9999999844870999
1740163433.8721159,1740163433.860007,2,3,0.0001538518853052419,-4.505657987933247e-07,-0.00015302922103808646,0.00021327800051539595,-8.418316266223434e-06,-2.9249013490565538e-05,0.9999999767930605
1740163433.8879573,1740163433.8766248,2,3,0.00011632413040709954,-3.022139391339006e-06,-0.00011795320015383154,-0.00012348630615069758,-0.00015654012132525384,-1.49898987304089e-05,0.9999999800108126
1740163433.9047818,1740163433.8932893,2,3,0.0001680799998062785,-2.0043729237832683e-06,-0.00017332647354376785,0.0001757773105107598,-1.6485481604620278e-05,-6.246202612307443e-05,0.9999999824645305
1740163433.9216893,1740163433.9099996,2,3,0.00013753878014518127,-1.4028841264829023e-06,-0.0001424240734958629,-0.00011500555783073621,-0.000150979302972082,-6.800020605857754e-06,0.9999999819663655
1740163433.93786,1740163433.9266634,2,3,0.00014792005048425665,-2.4728112854360124e-06,-0.00014910315478434814,0.00019986504411947652,-9.628797099173425e-06,-9.002900455934861e-05,0.9999999759280142
1740163433.9554431,1740163433.9436665,2,3,0.00016379148367878246,-2.6829720483314624e-06,-0.0001686615234263788,0.00010869701768271954,-1.820205135687476e-05,-5.823005927780476e-05,0.9999999922314519
1740163433.9716406,1740163433.9600823,2,3,0.00016629198640125595,-1.9001930593518259e-06,-0.0001698402227463947,0.0001899430708574513,-1.0053023305916906e-05,-2.404778749165495e-05,0.9999999816211351
1740163433.9878132,1740163433.976588,2,3,0.000125977340650752,-3.6475119724416244e-06,-0.00012291884712112,0.00022155662370013142,-2.516553508437696e-06,-4.852360050829809e-05,0.9999999742758945
1740163434.0051801,1740163433.9934719,2,3,0.0001978236498390641,-1.8062939647005616e-06,-0.0002085993971277749,0.00017279527937291876,-2.817556691087445e-05,-4.220685060166545e-05,0.9999999837832553
1740163434.0214446,1740163434.0101922,2,3,0.00012984866967415503,-2.5017585611410617e-06,-0.0001274119129724541,0.00021988850749687212,2.7334136756635536e-05,-5.922412084128867e-05,0.9999999736971961
1740163434.038391,1740163434.0267472,2,3,0.00017814148809578256,-1.3276751723010753e-06,-0.00018639128219409326,0.00023105017585317353,-3.439641536218014e-05,-6.205888724764742e-05,0.9999999707906982
1740163434.0553083,1740163434.0438058,2,3,0.00014372715049308418,-1.8611202152440806e-06,-0.00014347908019683885,0.00015326738566114135,-2.1219805894124598e-05,-3.234527786700835e-05,0.9999999875063056
1740163434.071423,1740163434.060312,2,3,0.00015880159435540487,-1.067767722978829e-06,-0.0001630883451115338,0.0002554993031139183,8.915791570659077e-07,-3.373295217008546e-05,0.999999966790699
1740163434.088292,1740163434.0769324,2,3,0.00013797194930312184,-2.2533624382074687e-06,-0.00013726037257462788,0.0001826605119333759,-1.93384436770816e-05,-2.0233893738997216e-05,0.9999999829258756
1740163434.1090453,1740163434.0938203,2,3,0.00017260081196521823,-1.680308500636844e-06,-0.00017821086170862098,0.0002900331015246488,-1.2774660965107972e-05,-2.2809827314273398e-05,0.999999957598659
1740163434.1254444,1740163434.1101458,2,3,0.00015312053885213988,-1.53182556124679e-06,-0.0001554500088894259,0.00014842099788134393,-5.125636758838014e-05,-5.482565492840903e-05,0.9999999861690697
1740163434.1418865,1740163434.1271863,2,3,0.000183481240199621,-2.679086964760744e-06,-0.0001896695765218498,0.00022532204993525243,-4.2891190918963717e-05,-4.878128792421194e-05,0.9999999725053523
1740163434.1551504,1740163434.1435988,2,3,0.00016955383269655333,-1.192320423839306e-06,-0.00017542031866097873,0.0001594838683961179,-1.6215846130888732e-05,-3.5860553993669893e-05,0.9999999865079812
1740163434.1718104,1740163434.1602855,2,3,0.00015867919874116386,-3.1120845017301854e-06,-0.00016219718350534476,0.0002529770329605952,-2.2207814769549737e-05,-1.5589977629485198e-05,0.9999999676331927
1740163434.1885264,1740163434.1772354,2,3,0.00020147427116984603,-1.229346866112933e-06,-0.000212181015752176,0.0001837070268777486,-7.529439333432397e-05,-4.634351615949151e-05,0.9999999792173803
1740163434.204783,1740163434.1936834,2,3,0.00015674331678379759,-1.8621426132896514e-06,-0.00015959014371364679,0.00022575520911999634,2.263496494030303e-05,-5.6771932656861804e-05,0.9999999726495954
1740163434.2215412,1740163434.210217,2,3,0.0001445510119578186,-3.0495207646721657e-06,-0.0001457236284881973,0.0001342047220357294,-1.5649786912026936e-05,-8.414788195894222e-05,0.9999999873316553
1740163434.2388217,1740163434.2272177,2,3,0.00013966948005556193,-1.6051140331982138e-06,-0.00014096878257494516,0.0003727600448331231,6.780645858855702e-06,-3.020319421504667e-05,0.9999999300458671
1740163434.2548761,1740163434.2439995,2,3,0.00013311895333800887,-1.8712258243200711e-06,-0.00013174102826554097,0.00018817715323872944,2.2119494287459588e-05,-4.309410166763113e-05,0.9999999811214926
1740163434.2720807,1740163434.2605665,2,3,0.00017432736199088432,-1.7958896391199543e-06,-0.00018075335177679817,0.0002411584842695851,-4.704059794150047e-05,-6.139131985155153e-05,0.9999999679304362
1740163434.2883482,1740163434.27726,2,3,0.00018846226294538514,-7.576292861797108e-07,-0.00019737224355867642,0.0001663122572471174,-4.9004210365472296e-05,-4.755941628518809e-05,0.9999999838384611
1740163434.3047383,1740163434.293696,2,3,0.0001485587592446425,-2.026231347145586e-06,-0.00015118995682484348,0.0002772895035251493,-1.9920812283746348e-05,-2.9386663529100306e-05,0.9999999609250574
1740163434.3219557,1740163434.3108263,2,3,0.00015291710333631056,-2.8420008994516694e-06,-0.0001534079730319572,0.00016933684511845015,-2.849434724196768e-05,-4.74631210618244e-05,0.9999999841301785
1740163434.3391407,1740163434.327573,2,3,0.00016024539633475264,-2.2844305728753857e-06,-0.0001630510449275963,0.0003078224662936125,-3.305558963750956e-05,-9.268370664424721e-06,0.9999999520333761
1740163434.3548827,1740163434.3438742,2,3,0.00017008609763360325,-1.915829563188099e-06,-0.00017368958339357272,0.00011635326578786263,-1.6562947390620007e-05,-3.7303353936734317e-05,0.999999992398023
1740163434.372533,1740163434.3605971,2,3,0.00018943469064189273,-1.2323076386996422e-06,-0.0001981876476666716,0.0002641556164014673,-5.798710423996071e-05,-1.3577608442438946e-05,0.9999999633374766
1740163434.3882327,1740163434.3770163,2,3,0.00013631227703848615,-1.7204076756405692e-06,-0.00013439255303000476,0.00019886013395084277,1.026285711892526e-05,-4.435968172586631e-05,0.9999999791907694
1740163434.4049273,1740163434.3938935,2,3,0.00017665738382019545,-1.637043785627518e-06,-0.0001825349278148641,0.0002740262199992974,-5.052497056195821e-05,-4.4469672529237e-05,0.9999999601896524
1740163434.423224,1740163434.4112558,2,3,0.0001651835223115624,-1.2071437888717691e-06,-0.00016941542977738872,8.596520427930805e-05,-4.29251569736071e-05,-4.565750693248569e-05,0.9999999943414033
1740163434.4451225,1740163434.4281347,2,3,0.00015426588401155867,-1.4797778682645722e-06,-0.00016177271300822112,-0.00010133061449061164,-0.00016638735581480995,-5.080592601639606e-06,0.9999999810107708
1740163434.4609706,1740163434.4444766,2,3,0.00013858885773774385,-2.3222404407723565e-06,-0.00013892107425918845,0.00014723488031830943,-1.2326092690967583e-05,-5.0909985342919335e-05,0.9999999877890654
1740163434.4780471,1740163434.4612024,2,3,0.00017450697484445394,-9.518050709251297e-07,-0.00017998530215982726,0.00021057878346220017,-2.6050462226639068e-05,-6.22271116707036e-05,0.9999999755528677
1740163434.494073,1740163434.477892,2,3,0.00019339175744754558,-9.757973216177741e-07,-0.0002020629050400032,0.00016509552750547724,-5.026907689524233e-05,-5.063628507691749e-05,0.9999999838262266
1740163434.510611,1740163434.494593,2,3,0.0001451977934908429,-2.390240169740567e-06,-0.00014564389973806732,0.0002138804552553814,-2.0021496365748732e-05,-7.392155084759605e-05,0.999999974194947
1740163434.5282805,1740163434.511516,2,3,0.0001805453769907968,-1.3000777246608171e-06,-0.00018686081432297007,0.00015911647216613057,-3.301524594985698e-05,-3.606034104348862e-05,0.9999999861457967
1740163434.5434701,1740163434.5278592,2,3,0.0001603437952097979,-4.950831594289607e-07,-0.00016305892751783074,0.00019750550843768155,-1.8319568098843174e-05,-3.920124863792102e-05,0.9999999795596146
1740163434.5598478,1740163434.5442722,2,3,0.00018194135683479196,-1.8001099811866444e-06,-0.0001858394522983782,0.00019082054690048556,-5.0591512206278826e-05,-3.308886847477745e-05,0.9999999799665721
1740163434.5763156,1740163434.5611067,2,3,0.00019327782440455843,-1.0933036182528222e-06,-0.00020258453090475832,0.00022257492346620993,-8.385873648292431e-05,-2.496885071411456e-06,0.9999999717109402
1740163434.5939536,1740163434.577878,2,3,0.00017329211698626407,-2.0933162081425737e-06,-0.0001738141251240905,0.00024073992141537972,-4.715415221442461e-05,-5.0657698118969e-05,0.9999999686272864
1740163434.610395,1740163434.5944836,2,3,0.0001687028072273951,-1.6133269884658384e-06,-0.0001751623205386577,0.00020273652760816936,-3.405320302216501e-05,-1.920615823127068e-05,0.9999999786847015
1740163434.6268601,1740163434.6111555,2,3,0.0001525969082876118,-2.2444815460696177e-06,-0.00014882920116823583,0.0001360378368838452,-3.2697516750612416e-05,-6.0113936194959675e-05,0.999999988405447
1740163434.6453056,1740163434.6282177,2,3,0.00018315953924114293,-3.610074838311915e-07,-0.00019194191724579215,0.0002466517393159363,-3.540819299621027e-05,-2.7749655433470554e-05,0.9999999685695674
1740163434.664514,1740163434.6449878,2,3,0.00015894075099733286,-2.1651790881566316e-06,-0.00015865866328807293,0.00010974329392939621,-4.397228424677656e-05,-7.711430553195696e-05,0.9999999900381157
1740163434.6743066,1740163434.6617568,2,3,0.00017433958252428407,2.4549420351165254e-07,-0.00018184459490255069,0.00022133743532330697,-1.0862176534325295e-05,-3.596302483568807e-05,0.9999999747992064
1740163434.6905308,1740163434.6779256,2,3,0.00012453013487606534,-2.618740222169587e-06,-0.00011676732518651903,0.00015170809197690807,1.0268602101000502e-05,-4.3061251839028947e-05,0.9999999875124695
1740163434.7104616,1740163434.694742,2,3,0.00019407353851527692,9.111843922143154e-07,-0.0002055515794369013,0.0003234953421184188,-3.691887102322729e-05,1.400630868438755e-05,0.9999999468957905
1740163434.7274826,1740163434.7111578,2,3,0.00012385344824442256,-2.6486308650200425e-06,-0.0001180515889775274,0.00015025513581863018,8.23683766652509e-06,-4.176848162308096e-05,0.9999999878054713
1740163434.7482324,1740163434.7288802,2,3,0.0001408804330117797,6.1292987721039e-07,-0.00015071524411332178,-2.800131752028075e-05,-0.00015269985625892285,-3.688954597438117e-05,0.9999999872689207
1740163434.7566042,1740163434.744448,2,3,0.00016836915529883504,-2.6493747033699508e-06,-0.00017227400437548902,7.226063928981404e-05,-2.3678790283033024e-05,-7.451598910295014e-05,0.9999999943325412
1740163434.7722135,1740163434.7608573,2,3,0.0001683339388362335,1.7680866599601824e-07,-0.00017801660400350793,0.0002264167835357212,-1.29393107310464e-05,-5.608452168894969e-05,0.99999997271127
1740163434.7897744,1740163434.777577,2,3,0.0001577762878157138,-1.4233544591704144e-06,-0.00015918661364048225,0.00016716709185969248,1.5051661066268102e-05,-5.883968664402991e-05,0.999999984183251
1740163434.8059967,1740163434.7943432,2,3,0.0001714160692328921,1.4912661205903849e-06,-0.00018213628622153785,0.00023413329531398312,-1.6761962274963225e-05,-7.088089850672878e-05,0.999999969938267
1740163434.8223028,1740163434.8110232,2,3,0.0001727057933979116,-4.775613140587561e-07,-0.0001764218139351979,0.00015825130628908108,-4.0441867346237083e-05,-2.4402164582545767e-05,0.9999999863627568
1740163434.8431356,1740163434.8277094,2,3,0.00018252242078436944,2.5851755844994644e-07,-0.00019462603299717115,0.00020173590147624124,-1.5617985584639736e-05,-4.901070783882228e-05,0.9999999783283273
1740163434.8590035,1740163434.8444114,2,3,0.00019239188041287635,-1.5689103262426778e-06,-0.00019810117594503782,0.00010130693848813441,-8.001964349805837e-05,-4.681246181233634e-05,0.999999990571177
1740163434.8727415,1740163434.8611357,2,3,0.00014284712872226466,-3.552308303606364e-07,-0.0001480225946057879,0.00023032495380824274,3.2835967028697624e-05,-3.399662647830735e-05,0.9999999723582217
1740163434.8901968,1740163434.8778837,2,3,0.0001689274962405236,-1.5450616324011993e-06,-0.00017079894453964756,0.00010084194493232823,-3.3804649453033165e-05,-8.523795100025973e-05,0.9999999907113197
1740163434.9057636,1740163434.8943262,2,3,0.00015012974450551758,-1.1028716038760185e-06,-0.00015672616894110445,0.00023139922021772746,6.401549011700208e-06,-2.3903056355348148e-05,0.999999972921032
1740163434.9220734,1740163434.9111006,2,3,0.00018563357216689694,-1.5015851600208939e-06,-0.0001890822550346157,0.00013496638750559107,-6.188751644278192e-05,-7.246865274845515e-05,0.9999999863511518
1740163434.9398823,1740163434.928132,2,3,0.00015735305685238532,-1.0758992571182755e-06,-0.00016694191985160614,0.00019480592146320298,-8.420730790478429e-06,-7.925017108413196e-06,0.9999999809584691
1740163434.95569,1740163434.9443483,2,3,0.0001698758306518853,-7.718349723928119e-07,-0.0001774831665870215,-0.00012163338645099038,-0.0002091624084025278,-3.679881061188673e-05,0.9999999700511265
1740163434.972487,1740163434.9611006,2,3,0.00012248643800922047,4.7466607625386303e-07,-0.00013281375574278947,-0.00011422122603816108,-0.0001341780854046095,-2.761791411965776e-05,0.9999999840935018
1740163434.9893286,1740163434.9780111,2,3,0.0001821371546641338,-2.327193207163686e-06,-0.00018689646355677807,0.00016757687957425434,-5.639563399822884e-05,-3.52711119668564e-05,0.9999999837467352
1740163435.0058386,1740163434.9944098,2,3,0.00015959204709082835,8.923758686017462e-07,-0.000174916688647671,-0.00015392725302719893,-0.00019232079346052426,-1.8694099223473104e-05,0.9999999694848215
1740163435.0233908,1740163435.0114024,2,3,0.00015955792511325884,-1.6170254944845417e-06,-0.00016130840387035912,0.00020996619688247852,-2.2077409870651876e-05,-4.894899477396469e-05,0.9999999765153897
1740163435.0392392,1740163435.0279949,2,3,0.00014296263821473782,2.3539280893229175e-07,-0.00014996378326299393,0.0001558523547058777,1.327643408293007e-06,-4.463820097961139e-06,0.9999999878441775
1740163435.0564017,1740163435.044586,2,3,0.00017525438832044802,-1.9295294231042304e-06,-0.0001772800054180411,0.00017252521441058063,-2.5059796304574568e-05,-8.538953289438623e-05,0.9999999811578422
1740163435.0731475,1740163435.0612702,2,3,0.00014162037908952666,-1.1160874931785017e-06,-0.0001490306145774373,0.00012878441625515307,2.0565334439302363e-05,-4.700683370169073e-05,0.9999999903909993
1740163435.0892527,1740163435.0778728,2,3,0.0001480153235259442,-2.890601837570301e-06,-0.00014649555052723948,0.0002532147703063624,-8.767570143582934e-06,-4.0543645155806356e-05,0.9999999670808107
1740163435.106072,1740163435.09449,2,3,0.0001293529690195646,-1.963670565157885e-06,-0.00013184527828947977,0.00016568713973519512,-7.984482987338214e-06,-5.782215551296522e-05,0.9999999845703089
1740163435.1230922,1740163435.111579,2,3,0.00017229466741419165,-2.5008642122292192e-06,-0.00017682341178220292,0.00013978579466726327,-4.856146113720838e-05,-5.237318156298735e-05,0.999999987679383
1740163435.1396897,1740163435.1279922,2,3,0.00013427235098674854,-8.637711248687942e-07,-0.00013694571654804954,9.104416023384162e-05,2.3295627797258454e-05,-6.674392388478283e-05,0.9999999933567616
1740163435.1563134,1740163435.1448178,2,3,0.00016661896703161,-1.3480652350140962e-06,-0.0001683813605355964,0.0002266451094576204,-6.332669452937132e-05,-3.526289180442382e-05,0.9999999716891259
1740163435.1730092,1740163435.161585,2,3,0.0001343213711036573,-1.4102672331394728e-06,-0.0001431900013610648,-0.0002795266255149726,-0.00014315169919056493,-6.117953467398538e-05,0.9999999488147593
1740163435.1898727,1740163435.1783094,2,3,0.00019713359008838083,-2.4669719627226466e-07,-0.0002093654692524033,-1.686399203607995e-05,-0.00024335273953949335,-3.4038577995595635e-05,0.9999999696682121
1740163435.207763,1740163435.1950853,2,3,0.00011931791704435687,-1.6850093953090407e-06,-0.0001173935103875164,0.0001571999728298865,5.592854500418982e-06,1.6637943727362211e-06,0.9999999876270601
1740163435.2230856,1740163435.211562,2,3,0.0001739505547704472,-1.701631935688675e-06,-0.0001784468942799525,0.00029697916723786283,-6.485043780443366e-05,-4.617906439173794e-05,0.9999999527326434
1740163435.2398157,1740163435.2282531,2,3,9.288747014860205e-05,-2.078063317663842e-06,-8.63091559437771e-05,0.00012549093602410067,2.498856812506772e-05,-7.888803228810595e-06,0.9999999917826815
1740163435.2594397,1740163435.244831,2,3,0.00018085559000385147,-2.7832846393272147e-06,-0.00018568155151478348,0.00033115525997233654,-4.629324491231014e-05,-1.1060973978547166e-05,0.9999999440353905
1740163435.2731268,1740163435.2615092,2,3,0.0001243696461390222,-6.90049450284039e-07,-0.0001218721250563281,8.500329687186274e-05,-1.1645513536237312e-05,-4.2246023432000896e-05,0.9999999954270475
1740163435.2890327,1740163435.2780352,2,3,0.00014515565975882697,-1.9755590626270277e-06,-0.00014424926115329698,0.0003451406147539376,-2.980913541502892e-05,-4.013363049444381e-05,0.9999999391893298
1740163435.3085089,1740163435.295044,2,3,0.00012881623104537277,-1.962866520130642e-06,-0.0001288012275325793,0.0001513544617643313,-1.4997100692942878e-05,5.861327287364856e-06,0.9999999884162794
1740163435.3222978,1740163435.3114774,2,3,0.00016664081005346288,-1.3389663818304397e-06,-0.00016856188544440924,0.0002772488659382682,-6.983708302501349e-05,-4.413077322075237e-05,0.9999999581541607
1740163435.3389115,1740163435.3281941,2,3,6.803670959024161e-05,-3.5543710714998604e-06,-5.6014061318238494e-05,8.02080259666604e-05,4.935519840440561e-05,-5.644250515046258e-06,0.9999999955494397
1740163435.3567097,1740163435.344989,2,3,0.00015355768521750727,-2.9256301647318544e-06,-0.0001552886371215254,0.00029192209540577347,-4.738754596356575e-05,-4.8405535459131185e-05,0.9999999550964064
1740163435.372528,1740163435.3615744,2,3,9.553980849612408e-05,-3.1521428105299253e-06,-8.69557992198749e-05,6.339011125688133e-05,2.4200255918474247e-05,-2.966252785786022e-05,0.999999997258088
1740163435.3898058,1740163435.3783135,2,3,8.747586170010961e-05,-5.040373525568404e-06,-8.340051988361848e-05,4.8127077481861444e-05,-0.000144364072652008,5.676697600501529e-06,0.999999988405287
1740163435.409717,1740163435.3949769,2,3,0.00012751914522558835,-3.061235783614045e-06,-0.00012509896660465482,5.8117817733129365e-05,-1.764553522289565e-05,-4.21049809292882e-05,0.9999999972690625
1740163435.4229176,1740163435.4116232,2,3,9.309660289460344e-05,-3.245689652215572e-06,-8.823283269209195e-05,3.66607279567499e-05,-0.00013638291724268816,-1.9887026945059883e-05,0.9999999898300984
1740163435.4406178,1740163435.4285629,2,3,8.491573593666643e-05,-3.960061198739313e-06,-7.443575589224494e-05,0.00012385703461941457,1.6101618685859614e-05,-8.844923195033068e-06,0.99999999216097
1740163435.4565089,1740163435.4450445,2,3,0.00011978586875319043,-3.982202247657174e-06,-0.00011507030720868035,0.00029982662095556024,-8.926412906970504e-06,-4.569431133492064e-05,0.9999999539681722
1740163435.4727442,1740163435.4616013,2,3,9.415599576342471e-05,-3.6603397181684103e-06,-8.426968064962807e-05,9.572882901491312e-05,-4.785819692082164e-06,-4.231237427319931e-05,0.9999999945113751
1740163435.4900086,1740163435.4783945,2,3,-7.977078470992366e-05,-5.147810759324754e-06,-0.00037836268797661625,0.004876452556259152,-0.6494631577502362,-0.00018973185894284844,0.760377400333137
1740163435.5065238,1740163435.494891,2,3,0.0001278027420346935,-2.9393809053326623e-06,-0.00012293591237406368,9.604826086823775e-05,-4.0838949585425324e-05,-6.464119202071646e-05,0.999999992464214
1740163435.523626,1740163435.5117502,2,3,-7.341683185232868e-05,-4.488965263464688e-06,-0.0003848711842102228,0.004905918828678534,-0.6494688172072307,-0.0002224681865056852,0.7603723679512513
1740163435.539768,1740163435.5283737,2,3,0.0001389128692170299,-3.6704076767675846e-06,-0.00014016960850025156,0.000140383215367918,-1.7681681024739317e-05,-7.140388533705545e-05,0.9999999874406981
1740163435.5564988,1740163435.5450203,2,3,0.00015677971721782735,-2.783098396172805e-06,-0.00016047001441169,0.00015345827330635843,-4.911376953874015e-05,-3.431447683619809e-05,0.9999999864304562
1740163435.5735972,1740163435.5618188,2,3,0.00015315065770017382,-2.7901389009650867e-06,-0.000162180114092942,-0.00016312829167936904,-0.00018650440550902408,-3.992623682371124e-05,0.9999999685055808
1740163435.5899134,1740163435.578449,2,3,0.00014488261693779985,-3.869217013246089e-06,-0.00014910138864630804,0.00015971246885532157,6.9840210055836415e-06,-6.718936774938044e-05,0.9999999849643697
1740163435.6063216,1740163435.5949612,2,3,0.00016743324955601356,-3.686024075409641e-06,-0.0001857006935099564,0.00048429412132324184,0.0003749331859811807,-6.343847191639229e-05,0.9999998104299171
1740163435.6232874,1740163435.6118872,2,3,0.0001451442520151506,-2.444571233596111e-06,-0.00014783074098452672,0.00019709746420613433,3.448402637681243e-05,-6.168473180752354e-05,0.9999999780792175
1740163435.64021,1740163435.6287627,2,3,0.0001842821240831566,-2.612044424915534e-06,-0.00019322046807223545,9.325838479665849e-05,-2.582422621496152e-05,-6.686549651288122e-05,0.9999999930824942
1740163435.6564543,1740163435.645103,2,3,0.00016216634351843957,-4.196571293197041e-06,-0.00016902688476873345,0.00018582714517240335,-1.6900081760894422e-05,-4.5999863483706207e-05,0.9999999815333358
1740163435.674559,1740163435.6619465,2,3,0.000206905856385372,-2.8602825867568016e-06,-0.00021890369959651307,0.0001591210101325923,-4.617531154773984e-05,-6.189399243391875e-05,0.9999999843587392
1740163435.689941,1740163435.6785471,2,3,0.0001630576364026238,-5.086641683913146e-06,-0.0001685710674988888,0.00015193546302012982,2.208720378836441e-05,-6.933664858120586e-05,0.9999999858100997
1740163435.7065477,1740163435.6951344,2,3,0.00020017446623565312,-2.804532556416801e-06,-0.00021059508455167005,0.00017430782177140774,-2.710363341525975e-05,-2.8741989246445432e-05,0.9999999840280371
1740163435.7233129,1740163435.7120621,2,3,0.0001814400493181249,-4.7229889053250025e-06,-0.0001900526875548537,0.00011738944428721484,1.2759590980251343e-05,-8.270045213956585e-05,0.9999999896087731
1740163435.739645,1740163435.728555,2,3,0.00022153530711560576,-2.4295759725190627e-06,-0.00023725233873520484,0.00016120984257859207,-1.1674835706029566e-05,-4.332794363752264e-05,0.999999985998887
1740163435.7568226,1740163435.7454503,2,3,0.00020035333342008073,-3.148768814416922e-06,-0.00021046342400128494,0.00015661814480863679,-1.931989508145294e-05,-1.6379485514133095e-05,0.9999999874146054
1740163435.773268,1740163435.7620447,2,3,0.0001952453188157281,-3.802026786247373e-06,-0.00021231003286052434,-0.00014204100994259512,-0.00015022210426280218,-5.7545857745083516e-05,0.9999999769730723
1740163435.7895365,1740163435.7785165,2,3,0.00019518964075494605,-3.3883210450838383e-06,-0.0002069316531071336,0.00017396259728708662,2.1653519624564765e-05,-5.0145258149002956e-05,0.9999999833767964
1740163435.8071043,1740163435.795525,2,3,0.00018440295533952636,-2.7844709877863296e-06,-0.0001938430715540754,0.00020847900890500618,1.4749112348053743e-05,-2.0671083926068873e-05,0.9999999779458362
1740163435.8229496,1740163435.811889,2,3,0.00019745318243100034,-2.893225613500269e-06,-0.00020767749702315963,0.00010018431144194228,-7.74688661410684e-06,-6.921158898538951e-05,0.9999999925564228
1740163435.8401737,1740163435.8286412,2,3,0.0002284562319780934,-2.137420410825683e-06,-0.0002463010150933348,0.00012788326067523703,-6.432144638401634e-05,-4.4763465506076616e-05,0.9999999887524276
1740163435.8573673,1740163435.8455908,2,3,0.0001883072850144729,-2.362401608804731e-06,-0.00019836513070814568,0.00012561648591770296,-1.0785395864758995e-05,-8.767878974429653e-05,0.9999999882083017
1740163435.873687,1740163435.8621204,2,3,0.00020909941505051433,-1.8627082225635945e-06,-0.00022584306720124195,0.00013082125537250302,-6.6895537785904854e-06,-8.309005988902366e-05,0.9999999879685455
1740163435.8940468,1740163435.8788207,2,3,0.00019114521509409942,-2.5633702625470315e-06,-0.00020159612496950738,0.00011800791051140637,-3.398416692755203e-05,-7.009367201789314e-05,0.9999999900030432
1740163435.9068453,1740163435.8955328,2,3,0.00017871866750127088,-1.8285184496603467e-06,-0.0001903185269309251,0.00015978730501780736,-1.727758908448274e-05,-3.635077623538762e-05,0.9999999864240614
1740163435.9235349,1740163435.9120471,2,3,0.0002151846687302089,-1.582360604098686e-06,-0.0002297583219516703,0.00011100609103569094,-7.160142068355816e-05,-7.035468851747635e-05,0.999999988800551
1740163435.9406803,1740163435.9288602,2,3,0.00016518256637310805,-1.8805715817676092e-06,-0.00017260655277358773,0.00013395051106656743,-1.2389422593493259e-05,-6.2462125298377e-05,0.9999999890011229
1740163435.9568262,1740163435.9454982,2,3,0.00017600672336723388,-2.1852680192252788e-06,-0.0001839849802786323,0.00021152929145506024,-3.241759777438606e-05,-3.210503327677627e-05,0.9999999765868622
1740163435.972561,1740163435.9621215,2,3,0.00014985541731018793,-1.8751612725825496e-06,-0.00015581165758615434,0.00011682385929790687,-2.2848706468905297e-06,-7.175743007065317e-05,0.9999999905989182
1740163435.9904504,1740163435.9790204,2,3,0.000164773006083209,-2.5450446095350755e-06,-0.00016761785044151783,0.00020332186411744607,-5.989994710663557e-05,-3.676848643004532e-05,0.9999999768601469
1740163436.0066588,1740163435.995609,2,3,0.00012947446827419405,-3.6974802761303683e-06,-0.00013192523051072538,8.654960746236688e-05,5.908531115144646e-06,-5.0760166073826114e-05,0.9999999949488302
1740163436.023065,1740163436.0120554,2,3,0.00016045853455976637,-2.169832021491174e-06,-0.00016141686171365616,0.00019457547877880713,-4.348669407523551e-05,-6.0976835862238284e-05,0.9999999782655578
1740163436.040437,1740163436.029233,2,3,0.00013535225045223755,-1.1465873304148468e-06,-0.0001365862274341439,0.00016467189170471617,-2.4845799530196227e-05,-5.3872674568020876e-05,0.9999999846817945
1740163436.0569477,1740163436.0455823,2,3,0.00015021237539724982,-2.3757627003454463e-06,-0.00015135793716037697,0.00017379258107470393,-5.292914933351902e-05,-5.9089080970752384e-05,0.999999981751562
1740163436.0733964,1740163436.0620975,2,3,0.00014053624294697612,-8.090900840841859e-07,-0.0001425449572729011,0.00018897452514617197,-4.165640016928323e-05,-3.3741342662898735e-05,0.9999999807074473
1740163436.0902734,1740163436.0792081,2,3,0.00013543372789421107,-1.3768504190865457e-06,-0.00013433269251885072,0.0002296291411052523,-6.202017352229405e-05,-6.454964205788412e-05,0.9999999696286492
1740163436.1068187,1740163436.0956666,2,3,0.00016523126526841192,1.0524175438663615e-08,-0.00017159471400852427,8.793054882826187e-05,-8.450744518762579e-05,-7.020057496231983e-05,0.9999999900992946
1740163436.1231778,1740163436.112169,2,3,0.0001428231589884981,-1.326469703331581e-06,-0.00014287605661788476,0.00017137538227993883,-9.181524856566363e-05,-7.392393969285843e-05,0.9999999783678446
1740163436.1401834,1740163436.1291904,2,3,0.0001210564416353869,-3.716879577293694e-07,-0.00012033932795883481,0.00014869691651354797,-2.4092025486448366e-05,-8.413801092524897e-05,0.999999985114798
1740163436.1564379,1740163436.1455936,2,3,0.00015366124297732807,-1.7221802354345169e-06,-0.0001562514267920286,0.0001257095695191258,-9.070874888094911e-05,-8.786451228603899e-05,0.9999999841244271
1740163436.1741102,1740163436.1625915,2,3,0.0001535815515071809,-5.269744416474836e-07,-0.00015823297559112,0.00014028734877972825,-4.136504226599509e-05,-4.437891794770274e-05,0.9999999883194524
1740163436.190353,1740163436.1791866,2,3,0.00013116842796999587,-2.956352417575456e-06,-0.0001284278014634438,0.00020902096598979835,-3.416843463079803e-05,-2.6432687931152697e-05,0.9999999772220332
1740163436.2068398,1740163436.19572,2,3,0.00017414796481362676,-1.1917043227768785e-06,-0.00018153960245114348,0.00019239048630142133,-9.603858470345325e-05,-4.3440753191894004e-05,0.9999999759376957
1740163436.2241006,1740163436.2126374,2,3,0.00014166437542261466,-2.553288901276374e-06,-0.00014085073908146168,0.0001893502587916692,-6.180156392966277e-05,-6.627920138762798e-05,0.9999999779670566
1740163436.2418828,1740163436.2289982,2,3,0.00016141617841573583,-1.519711129460244e-06,-0.00016544156976547726,0.00017089394614641204,-7.048166627018349e-05,-3.3384720632720825e-05,0.999999982356527
1740163436.2573605,1740163436.245719,2,3,0.0001437572617919541,-2.1583932293932853e-06,-0.0001436932300695625,0.00014892107485431436,-6.428072411157723e-05,-6.455167967646002e-05,0.9999999847617912
1740163436.2754736,1740163436.2625937,2,3,0.00018321362299975226,-2.5031867642776132e-06,-0.00019031277779596234,9.584251472998624e-05,-9.395579914665554e-05,-0.00010335421362478323,0.9999999856522133
1740163436.2908287,1740163436.2791862,2,3,0.0001417927140072096,-3.1170497034392293e-06,-0.0001408050936021915,0.00016836401215301544,-5.0337856972795924e-05,-6.92211200205788e-05,0.9999999821640478
1740163436.307088,1740163436.295729,2,3,0.00015884272605979873,-2.6349444136959206e-06,-0.00016157579878403163,0.0002099882036294053,-6.70012347174079e-05,-5.7444790727243036e-05,0.9999999740579422
1740163436.3250299,1740163436.312525,2,3,0.00017584310313467915,-3.0869218265237605e-06,-0.00018016747990956056,0.00012334472243212235,-0.0001040661368256566,-8.558751461480177e-05,0.9999999833155477
1740163436.3401453,1740163436.3292575,2,3,0.0001566936157594773,-2.4316376596117213e-06,-0.00016415711709888477,-0.0001249335605764346,-0.00019535458802289832,-4.1290260857590214e-05,0.9999999722616519
1740163436.357854,1740163436.3461335,2,3,0.00015445152674372045,-2.773769189480778e-06,-0.00015545309526323405,0.00014742301205630082,-6.103370257796258e-05,-3.8530650927995856e-05,0.9999999865283656
1740163436.3734648,1740163436.3626814,2,3,0.00013224185112127967,-2.7284509764183244e-06,-0.00013036707998886622,0.00022701333450522623,-1.089512164143329e-05,-5.712984496266256e-05,0.9999999725412111
1740163436.3900754,1740163436.3790975,2,3,0.0001505122310370371,-2.803134665359325e-06,-0.00014873288803407236,9.317061619607083e-05,-5.150516982632932e-05,-7.431325513644851e-05,0.9999999915719968
1740163436.4077635,1740163436.3961203,2,3,0.00012428211939424606,-2.309321965222344e-06,-0.00012253798612460668,0.0002224514434330671,-4.3302265187727964e-05,-3.6829861372583906e-05,0.999999973641915
1740163436.4235992,1740163436.4125154,2,3,0.00013682402199101149,-3.295580243920211e-06,-0.00013940472604106164,-0.0002318575209105595,-0.00020336584729264927,-4.2460028759410086e-05,0.9999999515407829
1740163436.4400084,1740163436.4291255,2,3,0.00012023908616176411,-3.906067914512856e-06,-0.00011693726497804226,0.00020172665277311627,2.0719418081929458e-05,-4.830260247373962e-05,0.9999999782719607
1740163436.4600563,1740163436.4462295,2,3,0.0001538177372602737,-2.4706582502884654e-06,-0.0001531579689902461,0.00017805307081440126,-3.2217526557625444e-05,-1.58413620956495e-05,0.999999983504093
1740163436.473732,1740163436.46272,2,3,0.00014625356521540939,-2.867943737967482e-06,-0.0001493158979751467,0.00016421835153938047,8.588375625894528e-06,-8.365718928498485e-05,0.9999999829800236
1740163436.4903698,1740163436.479318,2,3,0.00011212202470659463,-3.036072887358373e-06,-0.00010389043506458356,8.196989165265205e-05,-2.3771473058485294e-05,-7.843010903500462e-05,0.999999993282286
1740163436.5072196,1740163436.496228,2,3,0.00014495419818544834,-3.7923450284040067e-06,-0.00014510856790230894,0.00011983045325739011,-1.3901288863251806e-05,-6.224585077812388e-05,0.9999999907864353
1740163436.5235054,1740163436.5127199,2,3,0.00011402259097656986,-3.0943227776241067e-06,-0.00010834065677687024,0.0001648404583277685,4.472765159445173e-06,-5.654692716088689e-05,0.9999999848050313
1740163436.5413697,1740163436.5295773,2,3,0.00015405861894656012,-2.704071719542882e-06,-0.00015641485075711331,0.00022960522856091287,-2.723681979591274e-05,-6.602524206587884e-05,0.9999999710901306
1740163436.5576327,1740163436.5461035,2,3,0.00012404416454791652,-2.6617478962537443e-06,-0.00012111292797912979,0.00017316243572958827,-2.8881354359406706e-06,-3.816372496500497e-05,0.9999999842749797
1740163436.5745456,1740163436.5629635,2,3,0.00012978205066388923,-2.8667947246778654e-06,-0.00012939907881670675,0.0001757196245467344,5.668927018704798e-06,-4.094218102082375e-05,0.9999999837071072
1740163436.5923245,1740163436.5798726,2,3,7.542408294722758e-05,-2.761432854539044e-06,-6.642778175044409e-05,0.00015493565736089237,6.056076788749958e-05,-7.41407869963771e-05,0.9999999834152395
1740163436.6077504,1740163436.5963943,2,3,0.00012485205006344916,-3.922770085725669e-06,-0.00012130101189118095,0.00017002047513693308,1.4523602075929522e-05,-9.135730124029433e-05,0.9999999812679731
1740163436.6244307,1740163436.6128783,2,3,0.00013891362207405983,-3.008336570695609e-06,-0.00014284555335959334,0.00016244656469328205,2.2682177156361538e-05,-3.354752587017775e-05,0.9999999859855978
1740163436.6414661,1740163436.629659,2,3,0.00014992771839944692,-1.934115896643806e-06,-0.00015052788144888393,-0.000512613141179553,-1.719441309047882e-08,2.5673277909851537e-05,0.9999998682843164
1740163436.6580327,1740163436.646672,2,3,0.00014578653052740417,-2.514230115909206e-06,-0.0001502546446024487,0.00015051908975411725,-3.318379198289442e-06,-3.7624008312857575e-05,0.9999999879587129
1740163436.6737359,1740163436.662868,2,3,0.00014906569772762777,-2.8223143787527704e-06,-0.00015097099182813546,8.891695348652792e-05,2.2610472757271344e-05,-9.226632077070801e-05,0.9999999915347338
1740163436.6909912,1740163436.6798244,2,3,0.0001438003107318587,-3.0215528373726758e-06,-0.00014749441203216758,0.00021099716587371782,2.3971186296485794e-05,-6.47577045553341e-05,0.9999999753560087
1740163436.7069893,1740163436.6961648,2,3,0.00012306243376233037,-3.347781339277308e-06,-0.00012062918743036115,0.00020453808144312255,1.8960950381971283e-05,-3.1341552053452306e-05,0.9999999784111812
1740163436.72473,1740163436.7130423,2,3,0.00017101985303819782,-3.2563427265859467e-06,-0.00017899701572391218,0.00019621378723360698,8.648465053538731e-06,-3.2170448516947986e-05,0.9999999801952077
1740163436.7419047,1740163436.7295845,2,3,0.00018502647054165482,-1.9236380408623113e-06,-0.00019403960983203404,0.00011597181493582782,-2.479319701022525e-05,-5.855840052735273e-05,0.9999999912533746
1740163436.7576418,1740163436.7462695,2,3,0.00014134103393448918,-2.9828713333557123e-06,-0.00015227537272940317,-0.00020960247746780792,-0.0001321850276903092,-7.062266158754285e-05,0.9999999668031792
1740163436.7752962,1740163436.7630496,2,3,0.0001505875710373202,-3.2221498013192e-06,-0.00015459813427362126,0.00010722836326862564,1.8804065630549018e-05,-8.38860808919199e-05,0.9999999905558052
1740163436.7907948,1740163436.7795918,2,3,0.00016582851677820915,-2.9103790837509863e-06,-0.00017281915671927078,0.00017783234002148463,4.65928014160804e-05,-3.488802855793268e-05,0.9999999824937974
1740163436.8079517,1740163436.7962093,2,3,0.0001435088998199597,-3.156889761804948e-06,-0.0001470033031682331,0.0001290759707052534,5.407534371931376e-05,-6.578849231430093e-05,0.9999999880435626
1740163436.824814,1740163436.8131304,2,3,0.00019838254425070466,-1.8234884294439844e-06,-0.00021046158736444812,0.0001830140747786867,-2.1114651116114582e-05,-5.277896341256162e-05,0.9999999816372004
1740163436.841391,1740163436.8296635,2,3,0.0001418807409348111,-1.449909225754863e-06,-0.00014532761737309386,5.9532646260854807e-05,5.8911450760073126e-05,-0.0001056337248810265,0.9999999909134105
1740163436.8576775,1740163436.8462193,2,3,0.00017585276960745648,-1.7799376957143579e-06,-0.00018208777126442387,0.00017793080892717633,-1.386349322638968e-05,-1.6523404638944063e-05,0.9999999839377038
1740163436.878873,1740163436.8631356,2,3,0.00016450154120877772,-9.063560361639296e-07,-0.00017266402445092425,0.0001927367225515206,2.2144260778730594e-05,-5.209424449307705e-05,0.9999999798241883
1740163436.894419,1740163436.8798468,2,3,0.00013330075005935947,-2.1200240732891245e-06,-0.00013774232120039332,-0.00013638343931960268,-0.00020547443343866748,-6.099065303783229e-05,0.999999967729977
1740163436.9083104,1740163436.8965836,2,3,0.00014448293480793018,-1.7799631620628224e-06,-0.0001489297554673531,0.00014276270031533282,-1.089399041881982e-05,-4.110745329291231e-05,0.9999999889051548
1740163436.9243174,1740163436.9131496,2,3,0.0001546932543941842,-2.6714614622448263e-07,-0.00015685701121323793,0.000216340293346907,-4.5515105172154474e-05,-5.40531083232552e-05,0.9999999741017568
1740163436.9411328,1740163436.9298556,2,3,0.00013980911603717378,-3.320812959352742e-06,-0.00014335501749601322,0.00017421091026164059,1.8667034429003752e-05,-4.759126762600084e-05,0.9999999835185858
1740163436.9580023,1740163436.946558,2,3,0.00015491324750065228,-2.88242931571199e-06,-0.00015697966367601328,0.0001851863345882369,-5.019010303516907e-05,-4.699345150798694e-05,0.9999999804892952
1740163436.9746957,1740163436.9631944,2,3,0.00014873858926799067,-1.6716490840437484e-06,-0.0001530263906694493,8.792909733089922e-05,-2.077024234273402e-05,-5.9738776193920115e-05,0.9999999941341748
1740163436.9908605,1740163436.9798646,2,3,0.00011431546296684937,-2.8135396071146083e-06,-0.00010948851734563639,0.0002148026436300294,-1.4903322858205573e-05,-2.717669014955363e-05,0.9999999764495711
1740163437.0081317,1740163436.9967632,2,3,0.00017419831090768033,-1.840419384330164e-06,-0.00018420268596168883,0.00014751327294853378,-4.1616331266803494e-05,-2.6607963764430432e-05,0.9999999878999658
1740163437.024435,1740163437.0132022,2,3,0.0001766815263273352,-1.929691695590815e-06,-0.00018260682109814153,0.00022386671921109568,-7.52677383169618e-05,-3.8072987949556206e-05,0.9999999713844532
1740163437.0414355,1740163437.0300558,2,3,0.00014175130384427832,-2.4901013597342506e-06,-0.00014477455721471677,0.00014728574063594722,-1.7242152470732622e-05,-6.595566941561826e-05,0.9999999868297341
1740163437.057976,1740163437.0466528,2,3,0.0001483536711716088,-3.2197565145464697e-06,-0.0001484491819286137,0.00019606611839737708,-3.5528279486726476e-05,-3.482704896413753e-05,0.9999999795414474
1740163437.074679,1740163437.0633016,2,3,0.0001132815653853711,-2.4826500742365474e-06,-0.00010976105691191856,0.00019263064739458152,1.9854100049784067e-05,-5.2939297732046315e-05,0.9999999798483393
1740163437.0916777,1740163437.0801148,2,3,0.00017872661786626974,-3.0391044159032733e-06,-0.00018448057815004566,0.00023914291121559513,-4.429668246097895e-05,-1.0736645492318227e-05,0.9999999703665977
1740163437.1079655,1740163437.0971272,2,3,0.00011870251365868015,-2.6386952114541324e-06,-0.00011568314881672947,0.00016995790483189128,1.7236617485251735e-05,-5.715100371512414e-05,0.9999999837754862
1740163437.124544,1740163437.1131723,2,3,0.00015167298425110043,-3.3628306247158618e-06,-0.00015141986979906927,0.00022663846646356226,-3.848677936032831e-05,-7.038555523071069e-05,0.999999971099823
1740163437.1423385,1740163437.130205,2,3,0.00013846233350111827,-2.9354432823307943e-06,-0.0001459705342393028,-0.0001701035697528205,-0.0001831563292375428,-3.634908935207475e-05,0.9999999680986387
1740163437.1580703,1740163437.1468043,2,3,0.00018853192345898205,-2.8478975119180688e-06,-0.000191969660094409,0.00020104962738962484,-8.799397116581484e-05,-7.1170949244994e-05,0.9999999733854018
1740163437.1747947,1740163437.1633244,2,3,0.00016528104343143803,-2.8182473458159397e-06,-0.0001731390057266559,0.00021007577566596822,-1.2611477472828545e-05,-1.5188690076020579e-05,0.9999999777392112
1740163437.1926448,1740163437.1802769,2,3,0.00017007091598987429,-1.9611012111541566e-06,-0.00017150700043282036,0.00017308477963818403,-6.135131655144713e-05,-5.2919821666711225e-05,0.9999999817385836
1740163437.2071047,1740163437.196611,2,3,0.00013055945199896512,-1.2563687215630934e-06,-0.00012989964469119675,0.00023282273774705858,1.1028457977911901e-05,-4.4895953561140886e-05,0.9999999718281493
1740163437.2254417,1740163437.2136166,2,3,0.0001742523327687023,-2.378123760702769e-06,-0.0001758181567136015,0.0002429339606552753,-7.958124733393846e-05,-3.1814984534553363e-06,0.9999999673198964
1740163437.241497,1740163437.2300763,2,3,0.00018670587844029328,-2.29442458363938e-06,-0.00019688109128796066,0.00018514125180333108,-2.572890736665174e-05,-2.276950080419222e-05,0.9999999822711448
1740163437.257882,1740163437.2468119,2,3,0.00013235744242580752,-3.067279872347508e-06,-0.00012599976037708179,0.0001540050234794182,-8.676215107952302e-06,-3.370333002290243e-05,0.9999999875356307
1740163437.2755897,1740163437.263636,2,3,0.00016819350075458127,-2.5032002511054096e-06,-0.00017467342061161303,0.0003072381363907684,5.7115714185605985e-06,-5.309084072936066e-06,0.9999999527719585
1740163437.291687,1740163437.2801178,2,3,0.0001798578303864185,-1.5938007084644075e-06,-0.0001830567667426125,0.00019727132405048496,-5.307378831962929e-05,-4.350365858083539e-05,0.9999999781873146
1740163437.3082967,1740163437.2968159,2,3,0.00017639071893659538,-2.5316324557393786e-06,-0.00018249718409367983,0.0002587675670371396,-4.829694542455493e-05,-1.4771547274253345e-05,0.9999999652442757
1740163437.3258464,1740163437.3136387,2,3,0.00013345193158452792,-3.210084713639824e-06,-0.00013120971067629185,0.00014304001773853242,8.222316585719202e-08,-2.748992137706395e-05,0.9999999893919254
1740163437.3418117,1740163437.3301468,2,3,0.00019311291236026517,-2.4683628848777163e-06,-0.00020195761241398154,0.0002182937651370222,-2.769108065480568e-05,-5.2664008635064434e-05,0.9999999744037688
1740163437.3581767,1740163437.3469076,2,3,0.0001504524369617667,-2.027238814103518e-06,-0.00015100269461518345,0.00013165957458960805,-1.4580617921796136e-05,-6.576707351733572e-05,0.9999999890639271
1740163437.375917,1740163437.3636491,2,3,0.0001766442904450697,-3.085283927723869e-06,-0.00018308586095242612,0.00030564729912786986,3.6268265797287775e-06,-6.2463620343786756e-06,0.9999999532637777
1740163437.3912456,1740163437.380426,2,3,0.00014176671838602155,-2.8717881785276315e-06,-0.00014261065613018297,0.00010890856152176101,-1.8710566362537258e-05,-5.572921038448434e-05,0.9999999923415475
1740163437.4091444,1740163437.3971891,2,3,0.00019876361139716062,-1.959532381973409e-06,-0.00020709973842403227,0.0002038913247024817,-4.954808069123553e-05,-0.00010838026974846398,0.9999999721135159
1740163437.4252026,1740163437.4138052,2,3,0.0001917152266494101,-2.3077759178645165e-06,-0.00020137376695034955,0.0001504421363075284,-2.7979593186073e-05,-3.2590880940401415e-05,0.9999999877610702
1740163437.441459,1740163437.4300954,2,3,0.00014984492533390734,-1.431288064892807e-06,-0.0001555961201410309,-0.00017104274615995445,-0.00014733929987634396,-4.6869334941782176e-05,0.9999999734193873
1740163437.4590607,1740163437.44741,2,3,0.00016645904145732798,-2.7528371003799464e-06,-0.00017260933057959666,0.00011647617967417758,1.5838351437829972e-05,-6.112972386031986e-05,0.9999999912228015
1740163437.4782052,1740163437.4636383,2,3,0.00013728740678325187,-1.7790196360691271e-06,-0.00013759505554059972,0.00022277645504497712,8.346857368643728e-05,-3.604663155657805e-05,0.9999999710521439
1740163437.4914076,1740163437.4803758,2,3,0.00018512536335840675,-1.5966260434433436e-06,-0.000193514523732802,0.0001550749667833766,1.666599214975648e-05,-5.997391961054182e-05,0.999999986038564
1740163437.5091064,1740163437.4973018,2,3,0.00013396408309014697,-2.7962154921251486e-06,-0.00013307093998970353,0.0001511285074337681,3.7921891735913984e-05,-6.186028757988282e-05,0.9999999859477045
1740163437.5252733,1740163437.5138037,2,3,0.00016082179044435722,-2.36037765766131e-06,-0.00016518525374651069,0.0001036893897828561,3.5638546244228185e-06,-4.3477339071649844e-05,0.9999999936727653
1740163437.5415092,1740163437.530369,2,3,0.00012424123799567314,-1.987764804886092e-06,-0.00012056033178826206,0.0002329481766929571,1.6366916234990837e-05,-4.773858236306153e-05,0.999999971594149
1740163437.5591612,1740163437.5474834,2,3,0.00013846926431958229,-2.5995139037993594e-06,-0.00013682413254727555,0.00011386154699488594,2.089121795578511e-05,-7.777686701678184e-05,0.999999990274932
1740163437.575458,1740163437.5641222,2,3,0.000116281037219547,-2.955752129713299e-06,-0.00011433175986109066,0.0001394046596706932,3.9821104874163495e-05,-7.611785422913811e-05,0.9999999865933462
1740163437.5933573,1740163437.5811296,2,3,0.0001215674641625352,-1.0141240851008109e-06,-0.00011892687070686421,0.0001608909621007342,2.636981373379488e-05,-4.468940687607539e-05,0.999999985710794
1740163437.608874,1740163437.5972397,2,3,0.0001273843799243734,-1.843973744765022e-06,-0.0001272968111815361,0.00016256526608443537,5.4869242949649106e-05,-6.698374108878285e-05,0.9999999830375392
1740163437.6254427,1740163437.6141028,2,3,9.703273894643749e-05,-1.6184480416586263e-06,-9.204793370978461e-05,0.0001136917831832991,3.916893665826075e-05,-4.155699381683755e-05,0.9999999919064945
1740163437.6426592,1740163437.6310053,2,3,0.00015522431856692574,-1.1994004381707117e-06,-0.00015675139020240216,0.0002451176292388721,1.26896408520053e-06,-1.3296466916129856e-05,0.9999999698694704
1740163437.658838,1740163437.647403,2,3,8.19502526166988e-05,-1.0510953186876694e-06,-7.439526154401048e-05,0.00021736371100106972,7.645077285791917e-05,-1.2802041054545721e-05,0.9999999733722018
1740163437.6755073,1740163437.664122,2,3,0.0001466259196759768,-1.5880580181677067e-06,-0.00014838666821556805,0.0002013685337840015,-2.2063100308260483e-05,-6.67415454297505e-05,0.9999999772547493
1740163437.6924875,1740163437.6808827,2,3,0.00010060258832815096,-1.7514637914066672e-06,-9.6037387608396e-05,0.00023159346424982192,2.5432032071712578e-05,7.0794570748364455e-06,0.9999999728337797
1740163437.7088227,1740163437.6971796,2,3,0.00011887493821791338,-1.188811182353948e-06,-0.00011474685566236838,0.00030231373019702466,9.78963254379841e-06,-8.144622117103118e-06,0.9999999542221173
1740163437.724612,1740163437.7137744,2,3,0.00012990467979563308,-2.6552633672741185e-06,-0.00013199662203224898,0.00016105482439503034,-2.2725523965747057e-06,-5.301107565179085e-05,0.9999999856230023
1740163437.742221,1740163437.730793,2,3,0.00012881485836707,-5.001966962671894e-07,-0.0001259379732481558,0.0002300988330384329,-2.4278530998237497e-05,-6.659094276797045e-05,0.9999999710153626
1740163437.758348,1740163437.7471719,2,3,0.00010569625380576812,-2.415887391509948e-06,-0.00010262962586699316,0.00019164095453226868,1.574410854773727e-05,-2.7998460438620078e-05,0.9999999811209768
1740163437.7757242,1740163437.7638953,2,3,0.00010904796732486493,-2.83614872711293e-06,-0.0001027515843285641,0.00018136501337300692,2.5884863253502845e-05,-5.746857836602062e-05,0.9999999815670341
1740163437.7919936,1740163437.780761,2,3,0.00011936437832600462,-1.2104846754912398e-06,-0.00012192649238052008,-0.0001665304618295871,-0.00016338162564696432,-3.2371236067727614e-05,0.9999999722630759
1740163437.8084526,1740163437.7973514,2,3,7.607741645604964e-05,-2.521072684280719e-06,-6.641131082898188e-05,0.00018326558586744717,3.455896389903149e-05,-6.212061611142175e-05,0.9999999806802159
1740163437.8256435,1740163437.814271,2,3,0.00015762600140326527,-2.5329107833747513e-06,-0.00016096619575762207,0.00021576216489981587,-2.751748362603764e-05,-2.536099050419057e-05,0.9999999760231479
1740163437.842175,1740163437.8307376,2,3,0.00010121793635164293,-2.824737741211227e-06,-9.551429410240482e-05,0.00010279233526921491,2.722295567166824e-06,-8.762504529415522e-05,0.9999999908740881
1740163437.8588498,1740163437.8473964,2,3,0.00014870309347778004,-2.7818115479073936e-06,-0.00015017103375853345,0.0002394710801378008,-2.9834396916457224e-05,-2.586724977370198e-05,0.9999999705471975
1740163437.8761196,1740163437.8642008,2,3,0.00012777498935893724,-2.7828368057261947e-06,-0.00012708204001215503,0.00021265043422635547,1.5137022298167978e-06,-1.8243649636598498e-05,0.999999977222335
1740163437.8917472,1740163437.880629,2,3,0.00011154263964743883,-1.959989982252366e-06,-0.00011085198750543985,-0.00011181064210038748,-0.0001890082124522345,-4.2102309464461914e-05,0.9999999750008354
1740163437.908917,1740163437.8972917,2,3,0.00015239185941258213,-3.370174845179422e-06,-0.00015425494270625972,0.00017223476709076944,-1.781448446949774e-05,-3.84815955925544e-05,0.9999999842684979
1740163437.927808,1740163437.9145148,2,3,0.0001382198930814457,-1.4825864863688677e-06,-0.00013562418629413782,0.00022690584848887588,-1.9385106781621802e-05,-2.8752472879212542e-05,0.9999999736556241
1740163437.9421492,1740163437.930846,2,3,0.00015905060530692152,-1.882504696992443e-06,-0.0001613327727919915,0.00023115995856581943,-3.898579326432924e-05,-3.558316345983782e-05,0.9999999718895096
1740163437.9591362,1740163437.9475105,2,3,0.00016530156390723189,-2.7342590032164363e-06,-0.0001678386174631241,0.000311161538747531,-6.933217114393484e-06,2.9667479247802233e-06,0.9999999515608117
1740163437.978737,1740163437.9642098,2,3,0.00012296774332698057,-1.7729617055507481e-06,-0.00011702536174921028,0.00021807676720137146,1.5318193757785344e-05,-3.059284005202547e-05,0.9999999756359771
1740163437.9918816,1740163437.9807253,2,3,0.00013368098861949883,-3.603463418847697e-06,-0.0001303570302786686,0.00017571859486702115,-4.350387966664298e-06,-6.75770597242285e-05,0.9999999822686951
1740163438.00952,1740163437.9975805,2,3,0.0001658758916890304,-1.5172276420326831e-06,-0.0001677597384114592,0.0002096225002594055,-2.7783932601623664e-05,-1.85573394352807e-05,0.9999999774710425
1740163438.025458,1740163438.0141938,2,3,0.000155318815134567,-2.4590242492908617e-06,-0.00015465079021267675,0.00011036333786771448,-8.258036761930315e-06,-8.823304158318219e-05,0.9999999899833343
1740163438.0421662,1740163438.0307548,2,3,0.00014413567678291794,-2.2032559257130317e-06,-0.00014270054036989377,0.0002997029255020123,-1.3736486374940923e-05,1.608141440817077e-05,0.9999999548654258
1740163438.059748,1740163438.0478363,2,3,0.0001810895514992511,-1.2309983168255827e-06,-0.00018450182897127474,0.00023583506555373957,-2.2148652380512752e-05,-3.877594082601716e-06,0.9999999719381113
1740163438.0760624,1740163438.0641756,2,3,0.00010794401232174692,-3.0079809429797926e-06,-0.00010074425013392862,0.00021461522712085904,3.6587323218193265e-05,-3.8909459456933494e-05,0.9999999755438628
1740163438.0924385,1740163438.0808802,2,3,0.00016194047649507933,-2.5169381164493723e-06,-0.00016144251434250894,0.00019048412396822643,-4.0063148326795114e-05,-4.614152804708871e-05,0.9999999799908508
1740163438.109707,1740163438.09776,2,3,0.00014694410971861506,-2.376951278819333e-06,-0.00014501608740940904,0.00022847464351248944,-2.018670913045165e-05,1.0148425178059988e-06,0.9999999736954017
1740163438.12549,1740163438.114258,2,3,0.0001583621588479582,-2.2123867167618586e-06,-0.00015879730581703057,0.00028766985288549823,-6.405209620642223e-06,-7.302586707833279e-06,0.9999999585758498
1740163438.1428204,1740163438.130853,2,3,0.00016934199896498703,-2.1181489092288484e-06,-0.00017306909757869082,0.00022177422349580768,-3.06392527287039e-05,-1.7407919616431088e-06,0.9999999749371994
1740163438.158674,1740163438.147787,2,3,0.00014671740298974174,-1.7231623504246334e-06,-0.000144486860949878,0.00026307349569897097,-4.062404946536511e-05,-2.987958885519937e-05,0.9999999641246157
1740163438.1752877,1740163438.1642678,2,3,0.00012156652015823004,-3.682886306731085e-06,-0.00011889860987062214,0.00022245062967612638,2.2220581692847974e-05,-1.0020958336338955e-05,0.9999999749607714
1740163438.1929555,1740163438.181258,2,3,0.00014397220446786055,-2.24039624786813e-06,-0.0001430697425317266,0.00022904403463906942,-1.709095584637981e-05,-7.195996748995231e-06,0.9999999735974733
1740163438.2090127,1740163438.197665,2,3,0.00015309421593760294,-2.928840793083751e-06,-0.00015353857742303353,0.00011026158277642366,-3.1302247973293544e-05,-6.318122586644618e-05,0.9999999914353426
1740163438.2257779,1740163438.2144177,2,3,0.00013313891224668697,-3.604551003123839e-06,-0.00013010763109667928,0.0003360975603262749,1.2046210102633155e-05,-8.6723783839605e-06,0.9999999434090527
1740163438.242829,1740163438.2313864,2,3,0.0001543266025065065,-1.0963330521958847e-06,-0.00015663971372821946,0.00016907796661045667,-2.934964623346788e-05,-2.159120600158666e-05,0.9999999850425295
1740163438.2586403,1740163438.247653,2,3,0.00013669440079933489,-3.3147075966570128e-06,-0.00013316723217423636,0.00023173424041643338,-1.4737407385568908e-05,-4.746054504026135e-05,0.9999999719147733
1740163438.277312,1740163438.2643714,2,3,9.784168099955621e-05,-2.0844321656565865e-06,-9.090688319191988e-05,0.00015703366685571572,4.362033518214872e-05,-3.724942778940288e-05,0.9999999860250869
1740163438.2924702,1740163438.2813368,2,3,0.00015840818492099274,-2.9790117126302915e-06,-0.00015964637978813765,0.0002540197661410737,-3.3405240200490306e-05,-3.9720001116545e-06,0.9999999671711352
1740163438.3089836,1740163438.2977161,2,3,0.00010779410300923022,-2.375021524592169e-06,-0.00010202113224848833,0.00018401789215124329,1.7409905437297413e-05,-3.944166377312405e-05,0.9999999821393327
1740163438.3261302,1740163438.3144615,2,3,0.00017550420425106164,-2.2047097479206945e-06,-0.0001798820065345583,0.00017581746504493457,-6.79770845207152e-05,-7.615353267111186e-05,0.999999979333987
1740163438.3426955,1740163438.3315117,2,3,9.093079578192476e-05,-2.9076811481175135e-06,-8.529210819231877e-05,0.00012451485644063892,3.73068639551301e-05,-9.027504021717338e-05,0.9999999874773328
1740163438.3596647,1740163438.3480341,2,3,0.00018000403778374257,-2.2551263584852164e-06,-0.00018443595211709468,0.0001866359521464889,-4.702135381908731e-05,-3.1868031543922585e-05,0.999999980970221
1740163438.37595,1740163438.3647408,2,3,0.00011242128086778502,-3.381260122004845e-06,-0.00011268337065340527,0.00014786456418323083,4.501911377795788e-05,-5.2102254937902125e-05,0.9999999866973525
1740163438.392727,1740163438.3813298,2,3,0.00017437511919487513,-1.3739241910680126e-06,-0.0001775473797705762,0.0001905153648955894,-3.6315872329036668e-06,-8.60630154540779e-05,0.9999999781419322
1740163438.4086905,1740163438.397737,2,3,0.00017089444854689713,-2.506892808664737e-06,-0.00018196688344203994,0.00014726327091031606,-1.3790742180283409e-05,-6.380657774001862e-05,0.9999999870260324
1740163438.4317327,1740163438.4154289,2,3,0.00015287063168864027,-1.766742670547457e-06,-0.00015399397512114998,0.00023821498317000796,-3.503618297159015e-05,-3.944728211238629e-05,0.9999999702349993
1740163438.443723,1740163438.4315014,2,3,0.0001811269132241621,-2.3195740381228645e-06,-0.00019164639511892414,0.00010736659414505042,-4.125528681039713e-05,-6.012181499282182e-05,0.9999999915778914
1740163438.4589162,1740163438.4480069,2,3,0.00015291422123640046,-2.049778924866317e-06,-0.00015457339367525792,0.00028781216176343595,2.114929241158937e-05,-7.827250071319587e-05,0.9999999552951403
1740163438.4764376,1740163438.464936,2,3,0.00020946361186148654,-4.964912505420713e-07,-0.00022603077595417087,0.00010200529537275162,-4.377593677120088e-05,-7.569930979488012e-05,0.9999999909741007
1740163438.4923005,1740163438.4813461,2,3,0.00015258762967317068,-3.6921367000927335e-06,-0.0001544038314505406,0.00022229914202964783,8.980048049602817e-06,-8.516952673736878e-05,0.9999999716243005
1740163438.509491,1740163438.4980125,2,3,0.00019583522876857467,9.135927142187698e-07,-0.00020899180628797227,0.00013412653472492854,-8.69223761238606e-06,-9.557926620869163e-05,0.9999999863995607
1740163438.5263455,1740163438.514974,2,3,0.00015901677022526852,-3.4188632023922166e-06,-0.00016185708460836654,0.00014285538609802703,4.698549287162738e-06,-6.723093600555481e-05,0.9999999875251318
1740163438.5425115,1740163438.5313993,2,3,0.0001247626078986982,-6.495960340325033e-07,-0.00012598398529277844,0.0001683841451472427,5.832785183236891e-05,-6.077064421509129e-05,0.9999999822757849
1740163438.5595717,1740163438.5481393,2,3,0.0002123519438152732,-1.7092935060407154e-06,-0.00022348031218209847,0.00020266345429551804,-5.1221273317970974e-05,-6.665684883644314e-05,0.9999999759303847
1740163438.57668,1740163438.5650008,2,3,0.0001066482155761661,-1.7242007146769707e-06,-0.00010647839079586453,0.00022868250477540617,0.00010007805289331088,-7.393634570435664e-06,0.9999999688170143
1740163438.5930011,1740163438.581407,2,3,0.00019583447987079063,-2.209475118443545e-06,-0.00020357395048814156,0.00028290449277572474,-4.353321419610514e-05,-1.3477618279481754e-05,0.9999999589441297
1740163438.6097727,1740163438.5981877,2,3,0.00013200551635595095,-2.2228343475076166e-06,-0.00013721687819437864,0.00023530342601776945,6.063239513473889e-05,-1.9147861075119673e-05,0.9999999702946845
1740163438.6261158,1740163438.614858,2,3,0.00019364939848978016,-1.0370296073911572e-06,-0.00020532823215649472,-0.00016982020795520253,-0.00023872364648287996,-1.2388014977010848e-05,0.9999999570093263
1740163438.6425602,1740163438.631468,2,3,0.00018969259770083212,-2.327869933213455e-06,-0.0002041296316006524,0.00019513329777416828,-3.884423454572281e-06,-1.4130588366014008e-05,0.9999999808541168
1740163438.659773,1740163438.6485126,2,3,0.00012702789390810497,-1.7015374257275745e-06,-0.00012371137698999565,0.00020124541239145133,4.2240976293096546e-05,-3.727893249411305e-05,0.9999999781631324
1740163438.6764596,1740163438.6649106,2,3,0.00021048590201608962,-1.9723123632933476e-06,-0.00022767394352035789,0.00015098140850708825,-2.2980498783047234e-05,-5.7284955237699774e-05,0.9999999866974724
1740163438.6924596,1740163438.6816535,2,3,0.00014546949366121546,-1.7016880535063198e-06,-0.00014561458245995724,0.00014339015128590977,-5.437804379830019e-06,-9.360081607656929e-05,0.9999999853242909
1740163438.7092454,1740163438.698362,2,3,0.00019092061156944046,-1.285131165167192e-06,-0.00020336181383858752,0.00017732451335417636,-8.25850446592443e-06,-7.106663726903144e-05,0.9999999817186734
1740163438.7262871,1740163438.7148497,2,3,0.00013735866037985176,-2.386943007576632e-06,-0.00013522736881735835,0.00017153219937820273,6.0838317126367846e-05,-4.36257087590614e-05,0.9999999824861004
1740163438.7429335,1740163438.7316642,2,3,0.00018092769590555855,-1.0739560011595304e-07,-0.0001885650015067081,0.0002162893885982208,1.0170829257369111e-05,-7.658141958433908e-05,0.9999999736253701
1740163438.7598088,1740163438.7485125,2,3,0.00015127834722564038,-3.0505958597150715e-06,-0.00015365735018277126,0.00012490185733387784,7.4968734659031e-06,-4.5486051634686406e-05,0.999999991137171
1740163438.7762961,1740163438.764928,2,3,0.000160457467434123,1.966266277371829e-07,-0.00016488527585061707,0.00020379319153551975,1.2213594444313221e-05,-4.324494019914286e-05,0.999999978224519
1740163438.7929366,1740163438.7816513,2,3,0.00015793683665545476,-2.202941632126211e-06,-0.0001595482862739753,0.00010154605986491556,1.5939122420189763e-05,-5.9328636721902306e-05,0.9999999929572275
1740163438.8100138,1740163438.7986414,2,3,0.00013226200831654755,-7.405998875909737e-07,-0.0001319367131078825,0.0002786215005353664,5.3410815397612866e-05,-3.699654640530012e-05,0.9999999590742991
1740163438.8264074,1740163438.815087,2,3,0.00019319377486366824,-1.4318900887985113e-07,-0.00020149190893134996,8.558351928673202e-05,-2.222983585909805e-05,-4.204064641895077e-05,0.9999999952069398
1740163438.8460822,1740163438.8319044,2,3,0.0001595436114914245,-1.2777932661482034e-06,-0.00016393428501858696,0.0001935863191002189,9.299847783640828e-06,-8.550111155514222e-05,0.9999999775637046
1740163438.859763,1740163438.8484476,2,3,0.00017214480322285254,-3.6801945734525854e-07,-0.00017591460158073718,0.0001256499188565628,-2.2868030959280958e-05,-9.342984161032481e-05,0.9999999874800078
1740163438.8763149,1740163438.86499,2,3,0.00016119705179773504,-1.3108263753364217e-06,-0.00016526563531603665,0.00018634123830266436,1.918141093585471e-05,-5.254000117691228e-05,0.9999999810742822
1740163438.894547,1740163438.882188,2,3,0.0001229419648885344,-1.6234331980785775e-06,-0.00011705937870818495,0.00013598340638439624,6.360905196069689e-05,-6.58866860158115e-05,0.999999986560673
1740163438.9093761,1740163438.8983817,2,3,0.00020094918329294779,-3.135139499606547e-07,-0.00021106154351630866,0.00020097566494677542,-2.8653395141974684e-05,-8.897377877161911e-05,0.9999999754357156
1740163438.926759,1740163438.915204,2,3,9.944689258987282e-05,-1.90946234605463e-06,-9.212678579213281e-05,0.0001667736851630233,8.013856492938934e-05,-4.553111168361143e-05,0.9999999818456329
1740163438.944177,1740163438.9321501,2,3,0.00019692571137044915,-3.364042772537167e-07,-0.00020526655733097646,0.00022119193107530036,-2.7816842062392128e-05,-7.563748299366773e-05,0.9999999722896616
1740163438.959717,1740163438.948656,2,3,0.00011040956458080724,-2.5319319766834508e-06,-0.00010453583749974249,0.00013321730427540143,5.834195492409491e-05,-4.675030682321554e-05,0.9999999883318874
1740163438.9768546,1740163438.9652972,2,3,0.00016392819454690756,-9.033347548867384e-07,-0.00016547644277625578,0.0002468875348524807,2.1363403359700508e-05,-7.582892991895386e-05,0.9999999664200612
1740163438.993381,1740163438.982089,2,3,0.0001722341002383955,-1.6900388638837977e-06,-0.00017849664153045996,0.00011207119370593032,2.8123840391357234e-05,-6.749380119533063e-05,0.9999999910468419
1740163439.0099185,1740163438.9988163,2,3,0.00014667485104559395,-1.4777977413118528e-06,-0.00014452406982590603,0.0002596398840153502,4.945206042549264e-05,-4.591212297538806e-05,0.99999996401685
1740163439.0273116,1740163439.0156815,2,3,0.000163062504359033,-1.9011773770004986e-06,-0.0001691415840805313,8.355813124874515e-05,-1.0348666474448985e-05,-4.990550617209533e-05,0.9999999952101921
1740163439.043583,1740163439.0319982,2,3,0.00014083177120998566,-1.2928770895282404e-06,-0.00013751612353653795,0.0002679664784280903,2.742680605882791e-05,-7.43687874142443e-05,0.9999999609555092
1740163439.0595984,1740163439.0485854,2,3,0.00017003827841690893,-2.6328323593154306e-08,-0.00017551827294138886,2.6087806935081366e-05,3.0372260253577806e-05,-9.830259486886991e-05,0.999999994366776
1740163439.0767567,1740163439.0655143,2,3,0.00017271836542125468,-2.2898684172222555e-06,-0.00017542212045138989,0.00022957301100640342,-2.023549701878122e-05,-6.771790472309355e-05,0.999999971150521
1740163439.092753,1740163439.081984,2,3,0.00014685933611359095,-2.471026535870255e-07,-0.00014837225858878897,9.416428896727861e-05,5.133471991034448e-05,-6.114899911339668e-05,0.9999999923793165
1740163439.1102667,1740163439.0986986,2,3,0.00015872427607143875,-2.7946424257108533e-06,-0.00016437981208742238,-0.00012121809167730694,-0.0001628622021633199,-1.8424370313496622e-05,0.9999999792213097
1740163439.1268399,1740163439.1156166,2,3,0.00013894091019589136,-1.1093290400865795e-06,-0.00013983335661745292,0.00016277113725389955,4.780842965583013e-05,-4.9022701490990295e-05,0.9999999844083427
1740163439.1433873,1740163439.1320765,2,3,0.00016793865417173958,-2.4802642341614032e-06,-0.0001687599592452712,0.00023021113246554802,-2.165859224040361e-05,-6.713008796067516e-05,0.9999999710136451
1740163439.1604004,1740163439.149035,2,3,0.00010511538304693297,-3.578768794202517e-06,-9.950653113975406e-05,0.000156232664222531,4.146770128986765e-05,-4.463826766378893e-05,0.9999999859396046
1740163439.1766777,1740163439.1654828,2,3,0.00019420223613264237,-4.0647828162444003e-07,-0.00020028774450311636,0.00024386110897993768,-4.258055736789914e-05,-2.201391653775751e-05,0.999999969117021
1740163439.1929843,1740163439.182089,2,3,0.00012924145654249385,-2.7227334372315486e-06,-0.0001297520814068811,0.00016495656784733134,3.350511684489013e-05,-5.112304089441872e-05,0.9999999845265862
1740163439.2102656,1740163439.198898,2,3,0.00015869785969492968,-2.1474280169282168e-06,-0.00016023244853411616,0.0002716411302412637,1.611569116836389e-05,-4.266281091604057e-05,0.9999999620656319
1740163439.2260642,1740163439.215385,2,3,0.00018460466121121701,-1.0415398526430389e-06,-0.0001949146713131773,0.0001319861296062312,3.543181003913605e-05,-6.899714063156059e-05,0.9999999882818215
1740163439.243469,1740163439.2321856,2,3,0.00017163430778100027,-2.3991770760601598e-06,-0.00017601130070103347,0.00025544281212662825,6.54283609706226e-06,-4.6788953101255023e-05,0.9999999662584769
1740163439.2605045,1740163439.2491353,2,3,0.00017086214066716713,-1.710593454163634e-06,-0.00017787848241534098,0.00011101296089584888,1.336369953498868e-06,-5.100294739791374e-06,0.9999999938241618
1740163439.276754,1740163439.2656384,2,3,0.00017065627584114744,-2.078210946182907e-06,-0.0001746485108977485,0.00023483189416450596,4.152908596790509e-06,-6.0760365386335914e-05,0.9999999705724559
1740163439.293384,1740163439.2820463,2,3,0.0001495553575260767,-1.8147979828501488e-06,-0.00015343154435824396,0.00016971925851989164,2.2350136866579245e-05,-4.6830212505528125e-05,0.9999999842513878
1740163439.3101175,1740163439.2991078,2,3,0.00019817085052025214,-2.5063585511547745e-06,-0.00020828711822379857,0.0001824151081442455,-7.011533961122444e-05,-7.442044809893966e-05,0.999999978135082
1740163439.3266237,1740163439.3155022,2,3,0.0001482862945055122,-1.8367016206805354e-06,-0.0001519330489955522,0.0001931177414934286,1.5768455349384316e-05,-2.6935946842246154e-05,0.9999999808656741
1740163439.344231,1740163439.3325567,2,3,0.000204830193305395,-2.4973620067546784e-07,-0.00021711961961355124,0.00021764449396289272,-4.30206387407724e-05,-6.595236037886467e-05,0.9999999732151922
1740163439.3601108,1740163439.3490133,2,3,0.00011941402852035701,-1.991184241156545e-06,-0.00011895425384007248,8.627693782182364e-05,5.136991192707985e-05,-0.00010811287812513963,0.9999999891145138
1740163439.3767803,1740163439.3657131,2,3,0.00017196379220444573,-1.0743815452670808e-06,-0.0001784561818546445,0.0002224975607688351,-2.8202260249307783e-05,-6.200558817259769e-05,0.9999999729273871
1740163439.3940027,1740163439.3825257,2,3,0.00014312714613096825,-8.439947860497145e-07,-0.00015289506673381404,-0.0001807525690335933,-0.00015554597342588722,-5.0314203072855325e-05,0.9999999703012195
1740163439.410542,1740163439.3990028,2,3,0.0001565646625707425,-1.7770964553621297e-06,-0.00015939865898540498,0.00021918938038111675,-5.395114949301993e-07,-5.5832668200662055e-05,0.9999999744192184
1740163439.426416,1740163439.415577,2,3,0.0001828624743085837,-1.402343605221028e-06,-0.0001939098334691079,0.00013182929375303446,3.940647965222127e-06,-6.61757133775102e-05,0.9999999891131418
1740163439.446446,1740163439.4325254,2,3,0.0001406108978925252,-2.3949464167545594e-06,-0.00014023647783677125,0.00022940196076374908,-2.665608276523086e-06,-4.121005196616231e-05,0.9999999728346828
1740163439.4600503,1740163439.4490364,2,3,0.0001631383106090532,-1.1958497598430661e-06,-0.00017115678497118983,0.00011573399453856475,-9.736550018459862e-06,-8.12572338215151e-05,0.9999999899540519
1740163439.4771159,1740163439.4656262,2,3,0.00018341581723793944,-2.220032389701764e-06,-0.0001901371955835499,0.00018582331718296688,-3.115113284405418e-05,-9.606576041739948e-05,0.9999999776353354
1740163439.4936628,1740163439.4824598,2,3,0.0001539338258715814,-4.072313381854035e-07,-0.0001595916438666277,0.00020190297734545368,1.5323950148216066e-05,-3.154975276842765e-05,0.9999999790024885
1740163439.510647,1740163439.499201,2,3,0.00018767108938158475,-1.1529909972255275e-06,-0.00019551288840445767,0.00014974271700173917,-2.734789959398193e-05,-6.33134074845135e-05,0.9999999864103116
1740163439.5270953,1740163439.5157392,2,3,0.0001608486458674665,-4.539850912230558e-07,-0.00016847898969199089,0.00015943199650458534,2.977175760205016e-06,-6.484009469504014e-05,0.9999999851841683
1740163439.5441828,1740163439.5326228,2,3,0.0001676330215892163,-1.7231322537092025e-06,-0.00017147594317471312,0.00017990073406526393,-2.266692229222802e-05,-6.603692960128157e-05,0.9999999813805301
1740163439.5604446,1740163439.54906,2,3,0.00014108271502365007,-1.929395562088588e-06,-0.00014464971939767465,0.0001707178964374547,1.4625641927054279e-05,-4.9448811485631267e-05,0.9999999840981527
1740163439.577496,1740163439.566072,2,3,0.00016953841560363305,-1.1363469197966115e-06,-0.00017389792151855247,0.00019349297520595787,-2.8644847314235975e-05,-8.224968691633338e-05,0.9999999774874648
1740163439.5937293,1740163439.5824475,2,3,0.00013723259868925972,-1.976512619419032e-06,-0.0001395711777643564,0.00015546085005434213,-1.434159517890789e-05,-6.036526483229035e-05,0.9999999859911386
1740163439.6105275,1740163439.5991914,2,3,0.00015570979831810183,-1.5781701712275333e-06,-0.00015651732201288682,0.00022746212861065996,9.525870564157212e-06,-2.4831402847835917e-05,0.9999999737768193
1740163439.6276264,1740163439.6161616,2,3,0.00015991515120466446,-1.3758092046280283e-06,-0.0001678188404818311,0.0001119137675643943,-1.5195828217116546e-05,-9.338535309099556e-05,0.9999999892617856
1740163439.643897,1740163439.632566,2,3,0.00017151512911212094,-9.861654772151805e-07,-0.00017554677955170883,0.00018010562470977885,-3.5105603009111404e-05,-0.00010177225231517318,0.9999999779859845
1740163439.660218,1740163439.649267,2,3,0.0001592959647769565,-6.705313640562703e-07,-0.00016634421767714304,0.00020417883011554226,-8.566567902463173e-06,-2.6230760116379847e-05,0.9999999787747831
1740163439.6777,1740163439.6660323,2,3,0.0001604588878111379,-2.4111759750248076e-06,-0.0001613793001918655,0.00023131614333352356,-5.5124607072417e-05,-3.9253724744551216e-05,0.9999999709566318
1740163439.69329,1740163439.6824336,2,3,0.0001447286973741796,-7.528402525048922e-07,-0.00014724602756279197,0.00019076118961522677,1.8425698297668896e-05,-5.025758062593418e-05,0.9999999803724188
1740163439.7120981,1740163439.6991167,2,3,0.00014925911828576028,-1.682034812472709e-06,-0.00015407832201531677,-0.0001002649407380775,-0.00024165630374331726,-2.239363996725491e-05,0.9999999655238481
1740163439.7317502,1740163439.7167745,2,3,0.00016986401074816664,-1.4929940877985615e-06,-0.00017910628742472001,0.00024129088550277285,-1.5204153653250092e-05,-2.2635021294205886e-05,0.9999999705175986
1740163439.7500224,1740163439.733227,2,3,0.0001749102659801958,-1.6255472076408685e-06,-0.00017690983767857952,0.00022231951582083706,-3.271020731956525e-05,-5.2139153152470384e-05,0.9999999733927917
1740163439.7658815,1740163439.7502646,2,3,0.0001361527665986066,-2.089571695686424e-06,-0.00013769337185895456,0.00017276540934970592,1.944235182651079e-05,-6.531728886373585e-05,0.9999999827538798
1740163439.7794094,1740163439.766575,2,3,0.00014669128856235962,-2.0715146059536464e-06,-0.00014633769530744356,0.0001881416325925027,-1.9700582385032565e-05,-6.947898363128808e-05,0.9999999796936417
1740163439.798374,1740163439.7840436,2,3,0.00014790671846755658,-9.926275430198046e-07,-0.00015147513952806546,0.0001996580300811866,-3.250990234927978e-05,-5.507262869450994e-05,0.9999999780233912
1740163439.8109572,1740163439.7994986,2,3,0.00015137182223732952,-2.2726933763873642e-06,-0.00015110250821919724,0.0002728285173402314,-5.289189426450912e-05,-2.2333154392763685e-05,0.9999999611341381
1740163439.8284004,1740163439.8162048,2,3,0.0001616727302670163,-1.8793756547487108e-06,-0.00016697367192066567,0.00010887877365504702,-2.1998722514234634e-05,-5.291662288468351e-05,0.9999999924306499
1740163439.8438613,1740163439.8326857,2,3,0.00013497328416160964,-2.1571483816363175e-06,-0.0001313426969601876,0.0002292610796872197,-4.2655961622522e-05,-5.517943863388987e-05,0.9999999712875275
1740163439.860726,1740163439.8494678,2,3,0.00013507647765539747,-1.9056657694506965e-06,-0.00013608552709968734,0.00022220475352679688,8.453192069335795e-06,-4.358346697840701e-05,0.9999999743270358
1740163439.8781826,1740163439.866175,2,3,0.00013949515433611057,-2.9320933916695953e-06,-0.00013776307374638734,0.00010979008875484675,-3.147864780630865e-05,-8.217396039563893e-05,0.9999999901013356
1740163439.8943048,1740163439.8828297,2,3,0.0001456255177238128,-2.116182779442071e-06,-0.00014585955661787744,0.00015938033424157047,-9.867283200358607e-07,-5.454677627472113e-05,0.9999999858107922
1740163439.9106462,1740163439.8993535,2,3,0.00017216623780447836,-2.001314354621518e-06,-0.00017592628578663356,0.0001925237073053742,-6.856590702110394e-05,-3.5826960982765076e-05,0.9999999784748835
1740163439.929483,1740163439.916127,2,3,0.00016847501730552186,-2.442249990322087e-06,-0.00017117821082309427,0.00023574244021639997,-3.566729029864372e-05,-4.2761990230838156e-05,0.9999999706623788
1740163439.943762,1740163439.9328933,2,3,0.00017196973964059316,-1.7857248709135904e-06,-0.0001764920155870369,0.00017217668768657016,-6.448304489069862e-05,-2.470559772192023e-05,0.9999999827933791
1740163439.9607399,1740163439.9494352,2,3,0.00014749707532156066,-2.522625406863461e-06,-0.00014805269683542283,0.0002167679425221482,-5.3663406621725e-05,-4.9220996010196275e-05,0.9999999738545954
1740163439.9779477,1740163439.9664457,2,3,0.00013621865838941603,-1.8113105398672306e-06,-0.00013288585942425286,0.00015213362874797641,-4.34140031267057e-05,-3.604861995896331e-05,0.99999998683554
1740163439.9940054,1740163439.9827487,2,3,0.0002013440844375133,-1.6085094259366358e-06,-0.0002088055965668316,0.00019787960944005529,-7.980750956365482e-05,-6.812102001811363e-05,0.9999999749169737
1740163440.0108492,1740163439.9994452,2,3,0.0001462753253480743,-2.815523160980469e-06,-0.0001469855179679058,0.00012497906716673338,-4.8683320150908023e-05,-7.675875896341563e-05,0.99999998805913
1740163440.0279162,1740163440.0162027,2,3,0.00018134920404551237,-2.4363202140644267e-06,-0.00018525439725627455,0.00019880642877671286,-5.659525313260185e-05,-6.240502500653984e-05,0.9999999766892967
1740163440.0444927,1740163440.0328505,2,3,0.00016044625595815977,-1.2846476153207138e-06,-0.00016447047829408433,0.00013004245674043665,-7.01709576713708e-05,-7.286957003638032e-05,0.9999999864275108
1740163440.0612123,1740163440.0494626,2,3,0.00015886642560735705,-2.2311822257970175e-06,-0.00016039429633465146,0.00028848465786771455,-3.894322822923573e-05,-1.3020750009935592e-05,0.9999999575452427
1740163440.07762,1740163440.0661976,2,3,0.00017007613894033703,-1.6558146523255062e-06,-0.00017773593076776526,0.00014198543535319817,-4.205580531875774e-05,-6.283048876909939e-05,0.9999999870618874
1740163440.094496,1740163440.082933,2,3,0.000171324844964476,-2.8106010985868958e-06,-0.00017518379241652468,0.0002589001438014939,-4.1696913077340416e-05,-2.356781053584973e-05,0.99999996533832
1740163440.1113849,1740163440.0996456,2,3,0.00016084476876323246,-6.224559482169133e-07,-0.00016635118330968557,0.0001665025327499339,-3.592499866235334e-05,-4.755841698566854e-05,0.9999999843622489
1740163440.1275764,1740163440.1161005,2,3,0.00014945685021629815,-2.501542646210815e-06,-0.0001512830666092737,7.871522774864321e-05,-2.610470402121026e-05,-9.688921138728131e-05,0.999999991867469
1740163440.1440272,1740163440.1328247,2,3,0.00016849291292120845,-1.1960461172205085e-06,-0.00017415533892153673,0.00015398987603715524,-3.4530419332115895e-05,-7.02902072555173e-05,0.9999999850770274
1740163440.1613693,1740163440.1497924,2,3,0.0001669185721069844,-6.888122179892763e-07,-0.0001699456065042958,0.0002047103859120857,-4.0922150345788925e-05,-4.922931665172088e-05,0.9999999769977547
1740163440.177539,1740163440.1661286,2,3,0.0001707513721471551,-1.7421136750788752e-06,-0.000178626108722141,0.00018690864686570407,-8.251278249943151e-05,-5.604010908772663e-05,0.9999999775581521
1740163440.1945457,1740163440.182899,2,3,0.00013357505608507426,-3.0639808157022244e-06,-0.00013122223157645136,0.00010788255242158375,-1.3964161667659529e-05,-6.175258364801954e-05,0.9999999921764877
1740163440.2122371,1740163440.199919,2,3,0.0001594579602484326,-2.2511842432278945e-06,-0.00016373432520043945,0.0001205395512826347,-4.7048332408483166e-05,-6.638592388628256e-05,0.9999999894247901
1740163440.2637434,1740163440.2161992,2,3,0.00014536268091880678,-3.3444748058469575e-06,-0.00014598105862940103,0.00014148015144691155,-1.2085043002402958e-05,-7.370031262975507e-05,0.9999999872027912
1740163440.2646313,1740163440.2331507,2,3,0.0001732588149521726,-1.6930827958340014e-06,-0.00018095102342654732,0.00021870260538799994,-5.2040510691893643e-05,-4.5249988119517317e-07,0.999999974730375
1740163440.2653909,1740163440.249746,2,3,0.0001246493855409028,-2.2807660409156713e-06,-0.00012184428464976996,0.00020199387038615204,-1.859703628758385e-05,-5.134501171363278e-05,0.999999978108158
1740163440.2775605,1740163440.2663426,2,3,0.00016715909829934328,-1.8549464495627012e-06,-0.00017311416068560725,0.00016720134109877733,-6.047479160213083e-05,-8.982270730069637e-05,0.9999999801591959
1740163440.2955346,1740163440.2832577,2,3,0.00016405996266399603,-2.2210487169867422e-06,-0.00016871730530809925,0.0002455560283105422,-4.701795121805886e-05,-2.636647119936897e-05,0.9999999683981787
