Time (s),Fiducial ID,Position X,Position Y,Position Z,Rotation X,Rotation Y,Rotation Z,Rotation W
1741341842.1903763,2,0.004469015859401851,-0.00033484041431064415,-0.003899161777295129,-0.004165674388462127,-0.005526534019156954,0.0003470152503806248,0.9999759917913232
1741341842.2071953,2,0.004007281155456574,-0.00031300810277392016,-0.0035885128758018662,-0.0042781061463422225,-0.005626931337996843,0.0003181016642316882,0.9999749668180946
1741341842.2239635,2,0.0036032237258949093,-0.0002877541925331635,-0.0031910857213434825,-0.0043199255595193,-0.005501055197609484,0.00026831731560679283,0.9999755020202701
1741341842.2404554,2,0.003113170924644999,-0.00026755277912925103,-0.002894129109302923,-0.004192217982252118,-0.005065245337250251,0.0002752708592483429,0.9999783461775643
1741341842.2570214,2,0.002740194313952772,-0.00024030686669768413,-0.0025031197796669385,-0.0039025797370814607,-0.004495883548638523,0.0002880516270723418,0.9999822368066209
1741341842.2743053,2,0.002397576729651818,-0.00020758629259321206,-0.002106691563603591,-0.004082742467941282,-0.004312697506847769,0.0002058177415804378,0.9999823445907494
1741341842.2906091,2,0.0018919003459825813,-0.00019433257731626925,-0.0018987453225475237,-0.004011402850378781,-0.004058609177777915,0.0002644938884899164,0.9999836830577272
1741341842.3075469,2,0.0014586749239501068,-0.00017094491742058706,-0.0015689510549418068,-0.004352883706890305,-0.004278390541855359,0.00026921369172609294,0.9999813374767521
1741341842.3242862,2,0.0009380899068622655,-0.0001503910856570245,-0.0012896194023758812,-0.00454997873616005,-0.004260670803727717,0.000224207680125694,0.9999805468651473
1741341842.3407135,2,0.0006787971465781044,-0.00010316673285545885,-0.0006749276755561168,-0.00442065177702317,-0.0042116356509961685,0.0001253532510343642,0.9999813519509112
1741341842.3575525,2,0.00019024042661954307,-8.381678341882134e-05,-0.00032487402706531733,-0.004414831000153111,-0.003702693547509652,8.702875413313625e-05,0.999983395739014
1741341842.3738623,2,-0.00031971223451710055,-6.364669277191703e-05,-3.7286768828675456e-05,-0.004188083698610367,-0.003290613777998518,0.00021435528081333415,0.9999857928329338
1741341842.3906426,2,-0.0007234830845086051,-3.411516356486243e-05,0.00033249619439346194,-0.004105438057545785,-0.0027552278159138003,0.0002931114963622763,0.9999877340166172
1741341842.407232,2,-0.001137861217296026,-1.184630195425684e-05,0.000657776695195412,-0.003949337195980693,-0.002456781065007038,-3.817916827238426e-05,0.9999891826939241
1741341842.4239428,2,-0.0016369140283227501,5.825326247251619e-06,0.0008834543893968333,-0.0041616605249605206,-0.0022834373760962988,0.000206694512583046,0.9999887118226899
1741341842.4410062,2,-0.0018864740618549035,4.663330229840793e-05,0.0014004310673693871,-0.004096154896124408,-0.0022545473094113247,7.549926342108984e-05,0.9999890663559066
1741341842.4574041,2,-0.002314385877793524,6.551165352539857e-05,0.0017230073507323931,-0.003838862643338522,-0.0020848296764305785,6.472684329206678e-05,0.9999904561690885
1741341842.473959,2,-0.002736234998235372,9.271627173875499e-05,0.0020495680797333877,-0.004064229906618081,-0.0017474631061457158,0.00013040067463553545,0.9999902056538468
1741341842.4907618,2,-0.002975747501019686,0.0001260150786561044,0.0025555866726541415,-0.0037995147883506646,-0.0014191112242914919,0.00011836020220959274,0.9999917678669004
1741341842.5074134,2,-0.0034319611426096817,0.00014138426142169542,0.002770383967145525,-0.003528356371488657,-0.000948084023477525,2.0377436508541953e-05,0.9999933256891069
1741341842.5242393,2,-0.003712753584537806,0.00016731276663534898,0.0031362768054155883,-0.003341300275925333,-0.0005387192832842654,3.0947471746442264e-05,0.9999942722517234
1741341842.5406382,2,-0.00404399868776085,0.000185588936287958,0.003396786328495412,-0.0030699052158123766,-7.62312194455539e-05,0.00012674270615344206,0.999995276892373
1741341842.5575747,2,-0.004314562366518895,0.00020725990539147756,0.0036856705820494003,-0.0031062347632343987,0.00025753968339555774,0.00011510006656523605,0.9999951358536109
1741341842.574206,2,-0.004465692102621479,0.0002336323328225955,0.00407001055812456,-0.0025693668898428964,0.0005114619092656026,-0.00012296167752530842,0.9999965608145494
1741341842.5908961,2,-0.004703355000789289,0.00025317175798319786,0.004328033854083187,-0.0026887416067860504,0.0007666545220835877,7.879357544529732e-05,0.9999960883428435
1741341842.607818,2,-0.0049587289610358316,0.0002698490379045742,0.004534380921441656,-0.002497343845513896,0.0009835894034580346,4.220280063567238e-05,0.9999963970157724
1741341842.624659,2,-0.005176209993527564,0.00028202837341877304,0.004725915868154075,-0.0019245287837605155,0.0013705077145085224,4.174482937125055e-05,0.9999972080735696
1741341842.6408167,2,-0.005380707213899743,0.00029323834775968224,0.004889374293907065,-0.002239056982298872,0.001818653906509299,6.145810503432319e-06,0.9999958395333589
1741341842.6578882,2,-0.005448927520051814,0.00030862404821471127,0.0051219416528104165,-0.0019090539929427813,0.0020588703706358596,-9.598619272929222e-06,0.999996058228989
1741341842.6741211,2,-0.005566386714719442,0.0003183049112172042,0.005227436941702729,-0.0015190040070841607,0.00209961290209947,-3.0610966516736016e-05,0.999996641652089
1741341842.690905,2,-0.005585191038559921,0.0003265632929155801,0.005383004140845195,-0.0009519061701103654,0.0024622317430532223,-2.8043345590323857e-05,0.9999965152454571
1741341842.7078047,2,-0.005445936863926582,0.0003412655806801789,0.005637758243548119,-0.00047979190761482377,0.0026390962484711855,-9.380501936691401e-05,0.9999963980791806
1741341842.7241166,2,-0.005486823125552685,0.0003422303120095609,0.005615020862537276,0.00015953090087204996,0.0027602706900547217,-7.627968828941292e-05,0.9999961748111932
1741341842.7412415,2,-0.005349113056629254,0.0003507710761850456,0.005722528453692149,0.0002795229179116731,0.002645078718540354,-0.00011093421218537766,0.9999964565532777
1741341842.757482,2,-0.005273046856578145,0.00034982529304875313,0.005714184539545874,0.0006228757069163186,0.0024926854892718528,-2.2159197734756644e-05,0.9999966990214894
1741341842.7744055,2,-0.005168842925532123,0.0003445898591199752,0.005676822080840454,0.0011167083663133637,0.0022976284752453616,4.756203309969733e-05,0.9999967357965062
1741341842.7912004,2,-0.005057882519046517,0.0003388422039615834,0.005564198212928486,0.0014745059276149747,0.0021165794880040807,-2.896088370778703e-06,0.9999966729520419
1741341842.8074977,2,-0.004850246271867261,0.00032924048770870845,0.005461464633853562,0.0017642344009661914,0.00164239548241738,0.00013225476742354935,0.9999970862571222
1741341842.8244627,2,-0.004593875068534014,0.0003160865340041109,0.005308987388013804,0.0021943651744087186,0.0010536806210787873,0.00013527452883591788,0.9999970281052999
1741341842.8409486,2,-0.004291043118356159,0.000305481516885058,0.005114084726936021,0.0025954624924529103,0.0004949812284275881,0.00025669114695902527,0.9999964763326363
1741341842.8576212,2,-0.003905336124966496,0.0002949503545548841,0.00494457119925404,0.002993657471312281,-6.636201585973127e-05,0.00016668206588120777,0.9999955029039462
1741341842.8747497,2,-0.0035748172728274725,0.0002719828082539854,0.004659838088245897,0.0032306770193460286,-0.00037045174069282776,0.0001714579157275552,0.9999946980327884
1741341842.8912067,2,-0.0032864642763313395,0.0002482777134278928,0.004294356854366091,0.0033092351893876213,-0.000651623973184572,0.00024308768378674994,0.9999942826121743
1741341842.9079425,2,-0.002795354575001072,0.00023784462584238724,0.004115785593204858,0.0038683970208880825,-0.0012313480699124612,0.00024678383862560634,0.9999917291578748
1741341842.9243407,2,-0.0023749434428402254,0.00021393489029416726,0.0037696199852679836,0.004199534248558996,-0.0018887616272170388,0.0004128253731324057,0.9999893129763048
1741341842.9411383,2,-0.0019235279647235965,0.00018747365731421555,0.003360082744866313,0.00453640949257736,-0.0027135322995754793,0.000460073122801953,0.9999859229329663
1741341842.9578946,2,-0.0013116481187897845,0.000168078730107615,0.0030344924366684767,0.004902700288875613,-0.0036373918090818356,0.0004829429660868661,0.9999812496626106
1741341842.9749289,2,-0.0007562354216464667,0.0001383453717019302,0.0025723431176714966,0.00512864375595563,-0.004223456574127844,0.0006236934213418551,0.9999777349692878
1741341842.9913201,2,-1.4943084441863599e-05,0.00011770398051668391,0.0022879728063539533,0.005522342707128339,-0.004853100381356458,0.0005371583269736887,0.9999728309352436
1741341843.007967,2,0.0004323276602846561,7.114195169953418e-05,0.001667529810728343,0.0052211765794847025,-0.00497310235548493,0.0005253231728031794,0.9999738654603187
1741341843.024565,2,0.0009588354692853368,3.387581364266073e-05,0.0011343800333895235,0.005407757454319849,-0.005385083350837534,0.0005070249103863554,0.9999707495533857
1741341843.041393,2,0.001534398543150859,-8.155040632000456e-07,0.0006409196095973364,0.005414410751452436,-0.00593810432861296,0.000606317845174374,0.9999675271986924
1741341843.0579033,2,0.002186944603770796,-3.6325644811831834e-05,0.00018857501117159614,0.005690324022805232,-0.006641235965990726,0.0007019990638635561,0.9999615099565952
1741341843.0744083,2,0.0028704484761730253,-6.644470751600897e-05,-0.00029357835848210144,0.006049120859527853,-0.007502370315348514,0.0005835489628580219,0.9999533899372941
1741341843.0920632,2,0.0035064133499456552,-0.00010752732945276244,-0.0008629938617061883,0.0063255677382378596,-0.00809104644643611,0.0006725103529181616,0.9999470335422851
1741341843.1078348,2,0.0043102988578757415,-0.00013762747802130177,-0.0012601712092320755,0.006175737098295155,-0.008430628094368172,0.0007306814113085154,0.9999451239372601
1741341843.1248236,2,0.0049535663287481255,-0.00017829630112390347,-0.001803710397160165,0.006122734950184519,-0.008285196633172972,0.000534872705188487,0.999946789356648
1741341843.1413653,2,0.005374824059685578,-0.00023474783952396607,-0.002531878282203615,0.005728079944693315,-0.00795688029899908,0.0005012962617315321,0.9999518117680034
1741341843.1580873,2,0.005938021993850506,-0.0002713576663964099,-0.0030374394973460275,0.005475327139654925,-0.007820700293131215,0.000474654042669933,0.9999543150280309
1741341843.1748555,2,0.0065807806826783145,-0.0003018824915894926,-0.003406246669050309,0.005310510428139846,-0.007898032945277206,0.0005009325329016441,0.9999545832792535
1741341843.1912398,2,0.0071237048720064955,-0.0003379806761528492,-0.0038700082409384748,0.005328663109981847,-0.00806038163795567,0.0004782236499650139,0.9999532023547159
1741341843.2087026,2,0.007602170253508761,-0.00037709543500032605,-0.0043839462588569885,0.005038314511575604,-0.008117541246567843,0.0005221073015464427,0.9999542231097174
1741341843.2248788,2,0.008052265168346024,-0.00041740487638513267,-0.004886611437094597,0.005005980591326655,-0.007826434208464664,0.0003811585995633881,0.999956769967593
1741341843.241395,2,0.008434444398433867,-0.0004580893882861403,-0.005382684068930866,0.004421562136111877,-0.007257652906803997,0.0003466902290003758,0.9999638273799938
1741341843.2582314,2,0.008832510225372726,-0.00048502655522819486,-0.005748674671321515,0.0035849981461686135,-0.006797934039564684,0.00039490472114226256,0.9999703895272835
1741341843.2746766,2,0.009299007943969848,-0.0005038705914765344,-0.00590522177792516,0.003008827428765956,-0.006430209199848234,0.00027804859712401406,0.999974760709553
1741341843.2914186,2,0.00942315993940455,-0.0005388224293062253,-0.006334544018887539,0.002515990524095823,-0.005928838812878185,0.00023944460290726603,0.9999792304484607
1741341843.3081293,2,0.009585187153481894,-0.0005609845846900277,-0.00660793248312146,0.0021957240705340088,-0.005551515690704104,6.208974827005092e-05,0.9999821776482843
1741341843.325253,2,0.009643940041801347,-0.0005841724688143287,-0.0069094104469026784,0.0018362344966669636,-0.005212222253942743,3.4224521927285932e-06,0.999984730368587
1741341843.3415217,2,0.009742291250292372,-0.0005967116800418602,-0.007063072176194601,0.0011087194175746114,-0.004964703088290852,-9.591816588158827e-09,0.9999870611485421
1741341843.3581696,2,0.009740015404983766,-0.0006090654424692836,-0.007210408425682767,0.0005702261736912197,-0.0047752871943244546,6.407855432956689e-05,0.9999884336172402
1741341843.3748846,2,0.009608753610069534,-0.0006180192280254356,-0.007364879025459919,-0.0005531081393093384,-0.004589059804692296,3.6362857281122205e-05,0.9999893165825512
1741341843.3919592,2,0.009407334206775267,-0.0006236600323407909,-0.007450076184897836,-0.0010580530784813312,-0.005350407959897738,3.677170930690009e-05,0.9999851260424764
1741341843.408228,2,0.0091553509691257,-0.0006214953957505317,-0.007440997344548462,-0.0017453218652590495,-0.005323717342464847,1.0035461254640577e-07,0.9999843058194634
1741341843.425044,2,0.00894735351184397,-0.0006054096238973048,-0.007234612414861244,-0.002535759600603034,-0.005943391627947079,6.141916542718293e-05,0.9999791209054771
1741341843.4419887,2,0.008453667733889888,-0.0006029905861193211,-0.007228969641033748,-0.0035191586389722515,-0.0063669897700571005,0.00020223528342684617,0.9999735176816593
1741341843.45893,2,0.008134258754959035,-0.0005761402871715248,-0.006905670174812741,-0.003975403275005502,-0.006917716843846545,0.00014562570216708403,0.9999681595709057
1741341843.4753132,2,0.007570675046379057,-0.0005595946741299232,-0.006751776359433151,-0.004410472160212764,-0.007305586814357831,0.0001822967903369261,0.9999635707887073
1741341843.4914832,2,0.0070059196634771545,-0.0005409093237040564,-0.006488040800995784,-0.005240240076832563,-0.007762432213848645,0.0003464154721750605,0.9999560812987655
1741341843.5082643,2,0.006573549913496293,-0.000505232139041108,-0.005968951432019707,-0.005609806548197447,-0.008305319929256382,0.00021175237492610769,0.9999497521837266
1741341843.524941,2,0.005711289623018587,-0.00048764031865636184,-0.005839804217076764,-0.006588118591652306,-0.008742340128133658,0.0002987500683098653,0.9999400376677109
1741341843.541527,2,0.005307130745103155,-0.00042913443366588414,-0.005103688803092189,-0.006727510621034113,-0.009252649084430516,0.0004244494001797042,0.9999344723172968
1741341843.559231,2,0.004548844537137911,-0.00039528254038400816,-0.004693240831830642,-0.00726286777022667,-0.009481009076447078,0.00032631480995761136,0.9999286248214366
1741341843.5749679,2,0.003836221677394112,-0.0003565047921852104,-0.004170853303689202,-0.007559384301873246,-0.009660098785316323,0.00042201950749524335,0.9999246772132238
1741341843.5915878,2,0.0031594188187075187,-0.0003120669478858954,-0.003562276217469807,-0.007896368188633087,-0.009590536132329824,0.00046045024520045434,0.9999227255001737
1741341843.6085596,2,0.0023619919676014,-0.00027642884473088854,-0.0030647574751221387,-0.008021469384532446,-0.009315317958933516,0.0005250827791098952,0.9999242997188897
1741341843.6254091,2,0.0016130853459150338,-0.00023672340573749307,-0.002507508407171026,-0.007724921806454379,-0.008770743925727454,0.0005040520092019664,0.9999315704415205
1741341843.6421218,2,0.0009210048511188328,-0.00019028163688223105,-0.0019103998954427155,-0.007849144708794166,-0.008059882668847699,0.0005546728527956517,0.9999365587659705
1741341843.6586742,2,0.00035520898037729907,-0.00013955497804677333,-0.0012117418809116712,-0.007581059737339122,-0.007370923074951141,0.0005844412021556975,0.9999439261552436
1741341843.67565,2,-0.0002494974660812099,-9.614649822191931e-05,-0.0006055187404649416,-0.007387742966359784,-0.006611547166006423,0.0005446737743335052,0.9999507047991987
1741341843.6921482,2,-0.0008364685355964203,-5.9893323277696934e-05,-1.407323351917752e-05,-0.007141095568515581,-0.00606511203871451,0.000757807693867293,0.9999558214728981
1741341843.7088242,2,-0.001457991715963764,-2.7920035042437095e-05,0.000489566554055968,-0.006639898191156799,-0.0050752344869548745,0.0006311066198822448,0.9999648771088652
1741341843.7255127,2,-0.002030273736611736,4.721137028237238e-06,0.0009706542525429909,-0.005965004706057008,-0.004087257920200207,0.0006178323346694632,0.9999736653156206
1741341843.7418923,2,-0.002246192258770857,5.4102847588316175e-05,0.001758408889540481,-0.005332327043908586,-0.003068870165709725,0.0006898306655385679,0.9999808360452993
1741341843.7585933,2,-0.002593466358912797,8.272503147849615e-05,0.002242206166615186,-0.004520545092091894,-0.0018189105155352041,0.0005942321756946816,0.9999879514897808
1741341843.775274,2,-0.002882251748963419,0.00010219214466482309,0.002627714571639773,-0.0034655157010376873,-0.0007870740480837076,0.0005376824570344284,0.9999935407856114
1741341843.7920833,2,-0.0030565408235610865,0.0001238368962907919,0.002986293600106962,-0.002322774257057848,0.00014529156740575595,0.0004725627691133145,0.9999971801432944
1741341843.8089235,2,-0.0031771000552372934,0.00013567145942397328,0.0032543030775431673,-0.0016071400505644278,0.0006271572129923671,0.00048379319083098203,0.99999839485813
1741341843.8253253,2,-0.003228084589205774,0.00014912677037071218,0.0034507266826233596,-0.0010673316068428305,0.001338051486434807,0.0005322542115096131,0.9999983935621672
1741341843.8418999,2,-0.0031088078172206136,0.00016105444656792868,0.003684766130169279,0.00012163041120603599,0.001610174706925665,0.000398187128196792,0.9999986169942773
1741341843.8589451,2,-0.002963881591088687,0.00016777189211035254,0.0038011061320965393,0.0008422850995502225,0.001420842869554489,0.00046344949502657393,0.9999985284868756
1741341843.8752291,2,-0.002828833179717508,0.00016244016425682784,0.003730269535228212,0.0017011757044643634,0.0008956975168965234,0.00045242501757957235,0.9999980495174899
1741341843.8920436,2,-0.002596371955908529,0.00015874485484236012,0.0035804279011846713,0.002565428370984921,-5.6437724902802094e-05,0.0006043670962756121,0.9999965250601971
1741341843.9089289,2,-0.0021550437110001205,0.00016059203525548441,0.0034588722207443876,0.0037852764498985227,-0.0012304151138850027,0.0005808910714656716,0.9999919101304813
1741341843.9253411,2,-0.0016066452654000568,0.0001499571826236613,0.003264124452207246,0.0043872226296385285,-0.002473009892752847,0.0007288575886339612,0.9999870525493237
1741341843.9421785,2,-0.0010628783552092164,0.00013000141877251415,0.0029138697483289695,0.00526778055607293,-0.003493966052404563,0.0007321150325666297,0.9999797531434408
1741341843.9594705,2,-0.000539306474689583,0.00010433852106454954,0.0024430869775726003,0.005580454502354021,-0.004260562022348856,0.0008582052378303915,0.9999749844983976
1741341843.9756627,2,1.4596361955950584e-05,7.889902319961036e-05,0.001924647796518733,0.005797559537645596,-0.005180506505188579,0.000812434252909031,0.9999694448363619
1741341843.9923382,2,0.0007878240604182028,6.0633787124683094e-05,0.0015584859362349536,0.006268879336296414,-0.006543322186865195,0.0008432568999332765,0.9999585866446803
1741341844.0088956,2,0.0014828921757162094,2.213906127823006e-05,0.0009739842674556629,0.006514431268858103,-0.007958719443624342,0.0009649182605659931,0.9999466435279492
1741341844.0262527,2,0.0024209411902464044,-7.324848893971216e-06,0.0005571405888518633,0.0073454300546664944,-0.009344644963892557,0.0008756255734929815,0.9999289752515754
1741341844.0421388,2,0.0033710999108191976,-4.161153004207663e-05,8.538514386937949e-05,0.007886004758208106,-0.010199433499893829,0.0008697058572291991,0.9999165095631518
1741341844.0590994,2,0.00405480373919805,-9.84983105898586e-05,-0.0006949977065177136,0.0074835783230034454,-0.010538406765163592,0.0008624519318500727,0.9999160935873572
1741341844.0756228,2,0.004930811318361561,-0.00013938466784173492,-0.0012426794059008804,0.007881220669674352,-0.010968523930585736,0.0008975697642528078,0.9999083819090918
1741341844.0922742,2,0.005507316574483633,-0.0002103408833355084,-0.002099337495790436,0.007091986656554605,-0.010868465889564569,0.0007582079848011817,0.9999154990773582
1741341844.1089554,2,0.006288315837837646,-0.0002594362925707486,-0.0026597491744966436,0.006958859287302495,-0.010417944908573357,0.0006249879395772128,0.9999213219505707
1741341844.1255715,2,0.006964576277391292,-0.00031190985169016563,-0.0032646441936425093,0.006597848641031375,-0.010094618709072536,0.000487086254004484,0.9999271622540361
1741341844.1429596,2,0.0075882869140493575,-0.0003644760364621034,-0.0038524854098931595,0.006305340165161665,-0.009690204871790713,0.00043795803583469194,0.999933073164251
1741341844.1591756,2,0.008122551911106127,-0.00041629245811168874,-0.004451004972839266,0.005649025355961938,-0.008980716804746044,0.0003503362984612163,0.9999436546639409
1741341844.1755085,2,0.008645428008768694,-0.0004660357536774262,-0.004951795462898476,0.005062953733748681,-0.008347960798609907,0.0004116886658139207,0.9999522531413374
1741341844.1922278,2,0.009025773956463475,-0.0005177363972455328,-0.005474376651482336,0.004409138189753354,-0.007498277796506479,0.00017078025453635105,0.9999621523660857
1741341844.2089572,2,0.009205635282797926,-0.0005625156592060225,-0.006016209949925719,0.003317047011556467,-0.006249290969313855,-5.6546306519708836e-05,0.9999749698687559
1741341844.2255356,2,0.00927089106708608,-0.0005951611182368302,-0.006470281079064169,0.0020949537509264695,-0.005445115642635959,-0.00010908733052874621,0.9999829748472592
1741341844.2426326,2,0.009300969893519098,-0.0006154428308043614,-0.00675709797184697,0.0010471643429020108,-0.004832615222344302,-0.00011162858022786355,0.9999877683331991
1741341844.2592726,2,0.009344679710984407,-0.0006247804865337401,-0.00686211350397772,0.0009960856770304346,-0.004647895966719954,-0.0003030215636935467,0.9999886564628313
1741341844.2759235,2,0.009169626202549228,-0.0006396479663938392,-0.007031258157896559,-0.0004192294519726787,-0.004291973531531466,-0.00015444977633629004,0.9999906896342275
1741341844.2927926,2,0.008882937467196457,-0.0006401418369992974,-0.007119536314551744,-0.0013100693643828647,-0.005165631867672373,-0.00022007084017420156,0.9999857756660808
1741341844.3091447,2,0.00846496089382966,-0.0006314568898235356,-0.00717225814075596,-0.0027064699265756326,-0.00582729778164853,-7.775580160405697e-05,0.9999793555744718
1741341844.3264525,2,0.008096765374736031,-0.0006067943231705763,-0.006966995053330177,-0.003923735612650089,-0.006705304524140862,0.00010197333314897396,0.9999698159402213
1741341844.342499,2,0.0074750025806054,-0.000590273464201647,-0.0068870911563869925,-0.0048346069585449465,-0.0073265645479129735,0.00020593472057389193,0.9999614520662147
1741341844.3593116,2,0.006982983827769794,-0.0005552400774192593,-0.006506260487426137,-0.005749863706221217,-0.008105914913232362,0.00032932750179675944,0.9999505611549883
1741341844.3762932,2,0.006412497406514683,-0.0005196597079704088,-0.006084566171101159,-0.006271508926138713,-0.008786325008409925,0.0002528396410378401,0.99994170067097
1741341844.3928401,2,0.005583771776655568,-0.0004906675672742521,-0.005840956442609794,-0.006784252478634377,-0.009297669420002697,0.00027468780554657266,0.9999337237078626
1741341844.4097025,2,0.004967688115270893,-0.0004454236719213265,-0.005278242587004228,-0.007321002803711285,-0.009469929529172694,0.0005715160929408619,0.9999281957830853
1741341844.4259822,2,0.004313720081454281,-0.000396801431698324,-0.004725551370676688,-0.007645507855776045,-0.009297202405879506,0.0004853011263832537,0.9999274337270021
1741341844.4427311,2,0.0035776451287721496,-0.00035902472392869287,-0.004247282009009939,-0.007437018398512274,-0.009016525328599059,0.0006147415346395834,0.9999315052148244
1741341844.4602637,2,0.0030613145015637704,-0.0003048070402442581,-0.0035085404908404075,-0.007472146878292327,-0.008661058092042291,0.0008019699133626716,0.9999342528076601
1741341844.475933,2,0.0025177238118729945,-0.0002616105548263094,-0.00283862569681789,-0.00705930169221406,-0.00781223136194848,0.0008010153994114737,0.9999442452832537
1741341844.4929147,2,0.0018499770068059257,-0.00022940277173946104,-0.0023774663643689443,-0.0065962493069096646,-0.006837981705461414,0.0007269337852092411,0.9999546005037172
1741341844.5094554,2,0.0014306656995766286,-0.0001916048065624524,-0.0017386140705360445,-0.005702275653257039,-0.005722556043511886,0.0007156683024153594,0.9999671115709676
1741341844.5260437,2,0.0010306333779042298,-0.00016110550471279173,-0.0012015468448407357,-0.004994145185901407,-0.00445185109288812,0.0006294448321503168,0.9999774214125597
1741341844.5427635,2,0.0006491884817771557,-0.000135353090653548,-0.0007625042039819294,-0.004387613692297479,-0.0033952482144053416,0.0006258985097959388,0.9999844145718998
1741341844.5595806,2,0.00036596205055851896,-0.00011131336812586525,-0.0003384092226950112,-0.003716487861418708,-0.002518758084301108,0.0007659105760964434,0.9999896284245542
1741341844.5762556,2,0.00010380152520239888,-9.940866409512983e-05,-5.125078623425943e-05,-0.0028769613713544384,-0.0016204443958729607,0.0006585842441632297,0.999994331743946
1741341844.5928423,2,8.419088595495781e-05,-7.727330690025661e-05,0.00031076590293295845,-0.0014412441822799662,-0.00019926310619587241,0.000670397743095531,0.9999987168373206
1741341844.609427,2,0.00014516668381822162,-6.512477447059526e-05,0.0005289836434712117,-0.00019923022675106156,0.00012873854422360735,0.0006410202418044192,0.9999997664133495
1741341844.6265361,2,0.0002606338552498224,-5.6587961440532784e-05,0.0006189715923026795,0.0005643906965455711,-4.578252157996713e-05,0.000637178737473305,0.9999996366851134
1741341844.6429706,2,0.0003564175963870489,-5.286152563764841e-05,0.0005115011908783674,0.0014138196572703497,-0.0004343873834020409,0.0007059287836984121,0.9999986570421633
1741341844.659437,2,0.0006256204750679646,-5.040589498737311e-05,0.000445708151350058,0.002200643153201439,-0.0011799804215050687,0.0006707625933742315,0.9999966574411439
1741341844.6764934,2,0.0010824381381725732,-4.0955222962712044e-05,0.00044855793177795013,0.0029072316005288616,-0.0021647619455294276,0.0007217656267194226,0.9999931704089384
1741341844.6928532,2,0.00140360945402761,-5.540450209142394e-05,0.00015297232252029855,0.003792484304505603,-0.002942513322559791,0.0006761280853888894,0.9999882506954564
1741341844.709453,2,0.0019092293767048966,-6.63004415947538e-05,-8.321365432207122e-05,0.004448440121257363,-0.003996151180390988,0.00047111545866853775,0.9999820099414066
1741341844.7263377,2,0.002380209833941817,-8.54284298903151e-05,-0.0004751736644416912,0.005054893410009789,-0.004886672069766151,0.0005584881900977187,0.99997512798051
1741341844.7429867,2,0.0029996711958611847,-0.00010121146191663171,-0.0007942912570883138,0.005418108536141432,-0.005705477490040241,0.0006509980812218278,0.9999688334283221
1741341844.7598891,2,0.0036014687168152643,-0.00012704235332835687,-0.001176794655706079,0.005424981620412226,-0.006226732781387401,0.0006231041505057136,0.9999657039691436
1741341844.776151,2,0.004229032567315051,-0.00015454227590979731,-0.0015301252720709233,0.005417009966179413,-0.006501801496729608,0.0005360979837537075,0.9999640469433265
1741341844.793498,2,0.004785078906789934,-0.00018947659353486682,-0.0019364934915591394,0.00502928478137667,-0.006409474569749003,0.00043559400249017026,0.9999667170402184
1741341844.8098304,2,0.005099769321279402,-0.00024116592167831727,-0.002553815878416133,0.004806173528840508,-0.006066973691763569,0.00020305932300335497,0.9999700251973282
1741341844.8263037,2,0.005617721334117046,-0.0002678664556684411,-0.0028719677137709412,0.0045212441537191604,-0.006072626953306914,0.00019674261114017955,0.9999713210115244
1741341844.8430903,2,0.006033600843488585,-0.0003021603395178471,-0.0032388332494530706,0.004128839196730099,-0.00578878501567518,9.13557603309711e-05,0.9999747168349081
1741341844.859547,2,0.006491636702704999,-0.00032878928364728883,-0.003471026736962553,0.0035972105437396314,-0.005523896918800756,9.69047007949507e-05,0.9999782683881752
1741341844.8762457,2,0.006556257527265054,-0.0003731521290216066,-0.004041225091452692,0.0028766604296677606,-0.00488683928128374,2.2627789206593986e-05,0.999983921428037
1741341844.8930404,2,0.006557182314708618,-0.00041429889329821774,-0.004526628625508978,0.002131206765885979,-0.004137192039003743,-9.674568969750907e-05,0.9999891660613254
1741341844.9098067,2,0.0067049907966352735,-0.00042511849157382325,-0.004658586618546867,0.0010853909589599554,-0.003719540851387961,-5.079721091732588e-06,0.9999924934300845
1741341844.9265282,2,0.006636026252965809,-0.0004386715341204892,-0.004860909022933818,0.0007009833932690401,-0.003274873190134054,-0.00018645181564950193,0.9999943745159727
1741341844.94337,2,0.006417083950039705,-0.0004472360518738836,-0.00507911603187353,-0.0004622318403925344,-0.003747313822191055,-2.7130629998328803e-05,0.9999928715969792
1741341844.9604917,2,0.006297064704697986,-0.00044180976885774704,-0.005050764906643074,-0.0012637602020478488,-0.0034971985638120513,-2.1160555638329066e-05,0.9999930860083922
1741341844.976757,2,0.006062675718836397,-0.0004356922202134267,-0.005026438380232128,-0.001915314627385926,-0.0038908770642495207,7.168228425176868e-05,0.9999905937093604
1741341844.9932735,2,0.005821743161701599,-0.00042332186159453345,-0.004908711795820585,-0.0023199750424285842,-0.004126764083859906,9.949293879101814e-05,0.9999887887547309
1741341845.0098107,2,0.005611143330009633,-0.00040184865468313497,-0.004663416718744837,-0.002543719015272565,-0.004561275589699321,0.00015966830389594022,0.9999863492891284
1741341845.026658,2,0.005160370333614495,-0.00039221670662736754,-0.004593158277125854,-0.0034149406895684353,-0.004883079036063509,0.0003226847102041254,0.9999821946383806
1741341845.0432143,2,0.0049110105547278725,-0.0003617667023112689,-0.004231953411507207,-0.0035243371117690534,-0.004926154054663944,0.00023768041236905195,0.9999816276123146
1741341845.0599825,2,0.004533248434316081,-0.0003415215149514706,-0.003974242168559422,-0.003630137553064687,-0.004929765160182834,0.0004446447757387967,0.9999811607264583
1741341845.076823,2,0.004154743439104046,-0.0003253797742092352,-0.0037266288464400765,-0.0034486702418349774,-0.0045227876881477605,0.00037748311551440806,0.9999837541538305
1741341845.0933254,2,0.0038659427901126357,-0.00030597216734830134,-0.0034236408556557758,-0.0031881666971212697,-0.004032605464468223,0.00036155202220961057,0.9999867213950465
1741341845.1101573,2,0.003738756065662429,-0.0002768898360546797,-0.003025037355945234,-0.0027089904716404486,-0.0032473457101457773,0.000510552613938193,0.9999909276850923
1741341845.1267009,2,0.0035242290678537624,-0.0002637654799805452,-0.0027893553688849606,-0.0020396180355642174,-0.003251748861506776,0.0004023793253198398,0.9999925520615087
1741341845.1436422,2,0.0033522703775832243,-0.00025104202584054974,-0.0026184186040149834,-0.0020534406621984295,-0.002727482498983166,0.0005090992304262053,0.9999940425015731
1741341845.159934,2,0.0033879167672421157,-0.00023339973275255586,-0.0023157969430426936,-0.0006872136884503175,-0.0019273777655615897,0.0005206440954422594,0.9999977709385263
1741341845.1766255,2,0.0033779291720070284,-0.0002250300129210184,-0.0021692757102049686,-0.0001463375074021036,-0.0018983702822072239,0.0004950163560157888,0.999998064865334
1741341845.1934776,2,0.0034125036844752567,-0.00022128201545124158,-0.0020958397018029217,0.0004810344825723527,-0.0016894938421236887,0.0005786395426389691,0.9999982896948694
1741341845.2100084,2,0.0034970445723155824,-0.0002209086362214776,-0.002114692414157159,0.0009752735031329136,-0.0019778675920661677,0.0004681231667378474,0.9999974588678129
1741341845.2267065,2,0.0036594431540632193,-0.0002195273901057821,-0.00217657324974259,0.0015291007267621984,-0.0022934727330519863,0.00047859602409670735,0.9999960863821598
1741341845.2433164,2,0.0039298983593099085,-0.00021659278969308918,-0.002228688934964814,0.002130330424328067,-0.002808242131257408,0.0004907420248420436,0.9999936673002887
1741341845.2602117,2,0.004224396732860121,-0.00021986836412870583,-0.0023343536079641885,0.0025181845238570933,-0.003271405632047454,0.0004644008444872029,0.9999913704546405
1741341845.2768707,2,0.004460723626940165,-0.00023215392486497434,-0.0025651445439989796,0.0026326387501450993,-0.003684099991862438,0.0004804514022994163,0.9999896328397165
1741341845.293527,2,0.004804275305578369,-0.00024207144512873813,-0.0027201743505633727,0.002752603662541062,-0.003974047188076112,0.00043766063182355466,0.9999882192182041
1741341845.310239,2,0.005142952928423884,-0.0002560775824122772,-0.002912009017304685,0.0029560203659953293,-0.004274876023352855,0.00035216986688980164,0.9999864315854319
1741341845.3266952,2,0.00550137533192751,-0.0002700846620796321,-0.00309054889034863,0.0029682792708400707,-0.004425323170967742,0.00027361180644485723,0.9999857653834788
1741341845.3434203,2,0.005813944283053575,-0.00028965778108794093,-0.003298084054903836,0.0027823243068463024,-0.004376702869071728,0.00018032214409149707,0.9999865352230358
1741341845.3602026,2,0.005934831321450642,-0.0003180699443167557,-0.0036624324861090803,0.0020910070978230207,-0.004171810103794747,0.00024553789526164416,0.9999890816408531
1741341845.3774657,2,0.006085622900207142,-0.00033993161364867996,-0.00391221546584617,0.0017690390900773627,-0.003804960344412033,0.0002382423281631104,0.9999911679700318
1741341845.393406,2,0.006232862563275927,-0.0003555924788702095,-0.0040635683485213065,0.0013032102732145712,-0.0035726302621316565,0.0001538822122885642,0.9999927571118996
1741341845.4102042,2,0.006265914824243382,-0.00036863939556947814,-0.0042401491053500225,0.0008262740710325322,-0.0033293454878428304,9.030552935867141e-05,0.999994112270014
1741341845.4268992,2,0.0062145789123601225,-0.0003791769820898717,-0.004405199137051893,0.00043795862341614684,-0.0031932615600753825,-3.859562326961347e-05,0.9999948048781208
1741341845.443782,2,0.006172010107332139,-0.00038224919365019677,-0.004446801562213856,-9.062624979694704e-05,-0.003254948597353823,-1.9338451917666493e-06,0.9999946985323331
1741341845.4608862,2,0.0059481974949881404,-0.00038993212625658684,-0.00458168726061199,-0.0014089259959592143,-0.003533271253120519,0.00017215335784474028,0.9999927506162288
1741341845.4768674,2,0.005789538997242301,-0.00038394814904138644,-0.0045376363090325,-0.0017715671204839671,-0.0036845887822682566,0.00026073696662773236,0.9999916086506313
1741341845.4941525,2,0.005635833369461752,-0.00036873326016700854,-0.004342962579990608,-0.0018221070599380557,-0.0038273780103403638,0.00025005268988797136,0.9999909842478983
1741341845.5102065,2,0.005286492847600978,-0.00036564774066097426,-0.004304626527708616,-0.002305729775487557,-0.004129748956741646,0.00026049957077837256,0.9999887803989255
1741341845.5270348,2,0.005106412225543881,-0.0003418608481768581,-0.004010547896006276,-0.0022961748403146887,-0.004228331791602561,0.00025241844247206097,0.999988392470779
1741341845.5436263,2,0.004725147113302032,-0.0003351289471319765,-0.003935690785967952,-0.002636626873377571,-0.003998017800097988,0.0003447681059416927,0.9999884725272357
1741341845.560275,2,0.004586056071119159,-0.0003069427155831474,-0.0035841471562344865,-0.002255477440570619,-0.003756207710483566,0.00031674280328412234,0.9999903516530283
1741341845.5770848,2,0.004432330928232649,-0.0002926046115078253,-0.0032931894861484715,-0.002208816483217264,-0.0036469780142761956,0.0004014080882995335,0.9999908297342799
1741341845.5935445,2,0.00409265678204525,-0.0002921595507694688,-0.0032506187903111753,-0.0020259885083925943,-0.0034820180348920237,0.0005035687305922196,0.9999917586357909
1741341845.6110196,2,0.0040587168805643285,-0.00027041912827817187,-0.0029260999991255715,-0.0015102422060919443,-0.0029923169440986106,0.00047430787662187626,0.9999942701034957
1741341845.627063,2,0.003865055700607056,-0.00026752260692201825,-0.0028398760823241487,-0.00108208934176784,-0.002339581868927952,0.00040508593166145536,0.9999965956665667
1741341845.6436574,2,0.0038557355305482884,-0.0002574980626951226,-0.0026661565659613627,-0.0005304879120901383,-0.002134326575855266,0.00049496885989651,0.9999974591160072
1741341845.660773,2,0.0039481803705865015,-0.00024587385636478146,-0.002495213555528737,0.00024163245936108512,-0.0019335209372907584,0.0003691214385984853,0.999998033428018
1741341845.6770856,2,0.004073059378532094,-0.0002459359900674521,-0.00244741925179697,0.0008047566439275362,-0.0021632279492026707,0.0004582483555352375,0.9999972314061817
1741341845.6938431,2,0.0042472136747477894,-0.00024489208905277365,-0.002484010626729534,0.001512525874008788,-0.0026738967322772118,0.00053532930269049,0.999995137970322
1741341845.7105181,2,0.004400607041690658,-0.00024931370022642467,-0.002657734335695967,0.0021393502776713867,-0.0029907316667691294,0.0004767897300993252,0.9999931256643917
1741341845.7280197,2,0.004757913232540534,-0.0002473683239103302,-0.0026870534202719713,0.00232513198873006,-0.0035015025802333463,0.0004658127766355409,0.9999910580897076
1741341845.7440565,2,0.0049814883022411575,-0.0002603052727327382,-0.002926521888869117,0.0024854545492889097,-0.0038599967007519583,0.0004449185508275403,0.9999893624377395
1741341845.7604058,2,0.005352488178060172,-0.0002652176670149049,-0.003035936108145965,0.0027720997454541304,-0.004194198658198147,0.00042871176101939124,0.9999872701023963
1741341845.7773092,2,0.005708357285572656,-0.00027714060513079925,-0.0031902875889877635,0.00283251482744717,-0.004540811641162176,0.00035219307509495515,0.9999856168212768
1741341845.7943954,2,0.005865548137104159,-0.00030804247441129363,-0.003584509030784442,0.0027885308987879785,-0.004534427705843212,0.00036359013345450033,0.999985765330198
1741341845.810564,2,0.006156671527266515,-0.0003263827781358452,-0.0038171114576077705,0.0024457361571637326,-0.0045869363955055,0.00046581316529251034,0.9999863806108802
1741341845.8273609,2,0.006546462588571601,-0.0003349718628613545,-0.003896215959398489,0.002517765684011786,-0.004496176378854474,0.00022876407207360287,0.9999866963719717
1741341845.844482,2,0.006683284199652799,-0.0003599120330448903,-0.004175661692779139,0.001903980770440216,-0.004075361904459753,6.307156699032872e-05,0.9999898811010794
1741341845.860885,2,0.006695773369842324,-0.00038484827426741284,-0.0044697927659519575,0.001207798445116137,-0.003660815236299906,0.00015771126716548493,0.9999925573632426
1741341845.8774521,2,0.006701385588537424,-0.0003993663409596241,-0.004636963804132736,0.0007290668923163352,-0.0034081281441742653,5.5035813480675065e-05,0.9999939250290868
1741341845.8942683,2,0.006734197815115943,-0.00039920803426573735,-0.004644662621097648,0.0003070843876762094,-0.003358962209842729,0.00017665469372749108,0.9999942959163172
1741341845.9107742,2,0.006439747434012598,-0.00041483194399811356,-0.004922882551498516,-0.000528356471484055,-0.003293899444532085,9.016802524350123e-05,0.9999944314523034
1741341845.927691,2,0.006349449565109544,-0.00040799935142283423,-0.004867368974467256,-0.0010820322789871803,-0.003979125341171963,0.00015474319720269004,0.9999914858748595
1741341845.9439669,2,0.0062435871623978565,-0.00039807193541502295,-0.0047365852815789205,-0.0014440151887613185,-0.003912299295957713,0.0001866541299243485,0.9999912869093357
1741341845.9615057,2,0.005964713135795582,-0.0003920341581652828,-0.004711718999786318,-0.0020201404483096365,-0.0043357389533531035,0.0002990404275236944,0.9999885154216124
1741341845.9776073,2,0.0057432875894352356,-0.00037607371809279767,-0.0045175184237196886,-0.0025226713836355146,-0.004220169302832245,0.00028615979164675544,0.9999878721328171
1741341845.9944465,2,0.005402326144048089,-0.00037098343562585404,-0.004426303128104437,-0.0027802578991534556,-0.00421676096213331,0.0004438525990104742,0.9999871459613232
1741341846.0109699,2,0.005243425673655633,-0.00035199759686046367,-0.004131031584279973,-0.0018629739913001027,-0.004123605257179479,0.0004179190377227548,0.9999896752223337
1741341846.0273397,2,0.005062327363972301,-0.0003319012780601254,-0.0038889914598841326,-0.00224016777697039,-0.003822161992658341,0.00035936979285643134,0.9999901217409024
1741341846.0444312,2,0.004955265202169399,-0.0003142883536991228,-0.0036200355739742216,-0.0016013759490928288,-0.003624893338927835,0.0005054351000276468,0.999992020107516
1741341846.0609124,2,0.004732998934880391,-0.0003154481011814087,-0.00360148850908723,-0.0015491603604974027,-0.00318865611138411,0.0004257882548885223,0.999993625619055
1741341846.077822,2,0.0047287043837830195,-0.0003021454430478738,-0.0034057881743424457,-0.0003784162060446237,-0.0026025487545480157,0.0005273663929657612,0.9999964027064511
1741341846.094385,2,0.004760916599189758,-0.00029882060901723865,-0.0032796539557685793,-5.645736040191899e-07,-0.0024487798676349247,0.000453989868811091,0.9999968986802109
1741341846.1108232,2,0.004866532663477411,-0.00029189321864325925,-0.0031858441655800403,0.0004990490917044863,-0.0025402562094927936,0.0004310476506204012,0.9999965561172284
1741341846.127475,2,0.004900380885454288,-0.0002989868207730219,-0.0032827970547393993,0.0010640878450665244,-0.0026961259363838127,0.00046550669812434194,0.9999956909534695
1741341846.1442604,2,0.005113238606011608,-0.0002931176500307672,-0.003295195119341325,0.0013800337050140343,-0.0031362556742564017,0.0005588277225608311,0.9999939735412886
1741341846.1609614,2,0.005439577061601335,-0.0002890735620960242,-0.0032881711082560104,0.0020175677373177616,-0.0036740278419287965,0.0005061784952093027,0.9999910873218687
1741341846.1779428,2,0.005799913206619731,-0.0002898990632176721,-0.0033350137540346706,0.002531590780317689,-0.00406772293286649,0.000513597925883563,0.9999883903803248
1741341846.1945422,2,0.0059347989606589446,-0.00031198887780316525,-0.0036902984868560015,0.0024631953053520423,-0.004273608679657144,0.0004391604191619174,0.9999877379627549
1741341846.2112453,2,0.0062434818424328955,-0.0003229547295183744,-0.003849064467874523,0.002437381978897105,-0.004485541842291084,0.0004289555681107131,0.9999868774541947
1741341846.2275581,2,0.00656620508326487,-0.00033358741832965205,-0.003969712278701099,0.0021915011329930096,-0.004438846707497251,0.00038745925102004643,0.9999876718430184
1741341846.2442534,2,0.006768393582055624,-0.0003504089290079219,-0.004180372639474227,0.001956208472078413,-0.004289620912876898,0.0002746897646532819,0.9999888484110063
1741341846.2614202,2,0.006851713352915146,-0.00037557920615520685,-0.004464017813685591,0.0016361802664421991,-0.004063510043259333,0.00022562132188700052,0.9999903799013684
1741341846.2779887,2,0.006896109417109062,-0.0003962364595506508,-0.004711439420757456,0.0011320578058962275,-0.003767821571672131,0.0002825583984678501,0.9999922210329836
1741341846.2946026,2,0.00692946430130996,-0.00040905783508961464,-0.004857389825546721,0.0006015186821793427,-0.003611246836298332,0.00018549334626287168,0.9999932813093201
1741341846.3115873,2,0.006861235497752523,-0.00041896717002934674,-0.004991772261151737,-5.142617631647269e-05,-0.0035209004021033137,0.00021029113091205754,0.999993778177318
1741341846.3277256,2,0.0068560081423300525,-0.00041434488617480896,-0.004928844083940186,-0.0004452780856642397,-0.003931881690232094,0.00016199593984314928,0.9999921578648083
1741341846.3446965,2,0.006563835819371258,-0.0004217148966349102,-0.0050588459714879614,-0.0014842432674378816,-0.0035398188843346356,0.00014872937648381803,0.9999926222646653
1741341846.3612368,2,0.006352928192578136,-0.00041461323707911685,-0.005001329056636114,-0.0014850486863279134,-0.0040216414863411,0.00021374610626523558,0.9999907876289444
1741341846.3776498,2,0.0061300096446588355,-0.0004029353311837008,-0.004894178842184723,-0.0020671081788530042,-0.004058705057506349,0.0002631291910681503,0.9999895923158709
1741341846.3949456,2,0.0059579799146699305,-0.0003875159735114785,-0.00467328677181971,-0.002184554438465412,-0.0044420338570292026,0.000404360388108851,0.9999876661988362
1741341846.4114046,2,0.005779778326530199,-0.00037336551444593205,-0.004458188953356142,-0.0023081071407749145,-0.004067558802084541,0.00040544607425395884,0.9999889815494465
1741341846.4286258,2,0.005452094084407904,-0.00037139288066284333,-0.00440336197070061,-0.0019881481060726623,-0.0036574831492242315,0.00047445831180211205,0.9999912224481933
1741341846.444492,2,0.005301296179877578,-0.00035865601415982886,-0.004204130430038253,-0.0017483506227960438,-0.0030630148234061564,0.0004665036660291246,0.9999936717722873
1741341846.4618676,2,0.005255822880953443,-0.00033809929191508495,-0.003928495536696517,-0.0012349651509541639,-0.0032857301661889816,0.0004395026877351791,0.999993742818293
1741341846.478074,2,0.005189369245338024,-0.00033065904428872,-0.0037954028972500046,-0.0006652038011336046,-0.002885488075005864,0.00047581296058852327,0.9999955025221356
1741341846.4946902,2,0.005184929934972103,-0.0003259583249609232,-0.0037063430856825105,-0.00011052417378863713,-0.00263696576541632,0.0005544912462510094,0.9999963633610959
1741341846.511572,2,0.0053658558201734674,-0.0003154705646025359,-0.003550644880592676,0.000629456914531255,-0.002847530233998732,0.0005428281364201566,0.9999956003369082
1741341846.5281792,2,0.005520816356043363,-0.00031214645068829773,-0.0035557851493547795,0.00115368904165947,-0.003124559671548751,0.0004890605218861239,0.9999943334580752
1741341846.5447152,2,0.005635156557621305,-0.000320658062004754,-0.003725770806433449,0.0017099320304467703,-0.0034962914876978473,0.0005021108413020731,0.9999922999518482
1741341846.5616663,2,0.005839840064542457,-0.0003262133665958582,-0.003875292558987502,0.0018566138246053627,-0.0038837883901578587,0.0005470154761458244,0.9999905849291361
1741341846.5783367,2,0.006245670700920276,-0.0003221649408293596,-0.003840537711909535,0.002206957875439941,-0.004242682556897959,0.0004817111393251797,0.9999884484012981
1741341846.5946867,2,0.006448697665626205,-0.00034077123516628143,-0.004076159586541357,0.0022602434115430157,-0.004422322523589877,0.00042724699599970176,0.9999875758344313
1741341846.6123443,2,0.0067157516174246035,-0.0003577283945756122,-0.00426033780839915,0.0023480575971780476,-0.004545646824684281,0.000351414404852767,0.9999868500277299
1741341846.6282628,2,0.006877812267050485,-0.000378840930705685,-0.004554145284826856,0.0018965964349590926,-0.004563803283554514,0.0004471773867016756,0.9999876872511665
1741341846.644582,2,0.007175935099190188,-0.0003861824982908104,-0.004643468101631329,0.0018125054690561766,-0.004412240647231623,0.0002661254837349688,0.9999885880016943
1741341846.6617072,2,0.007318493631486049,-0.00040406987358839407,-0.004809047755370154,0.0012379807270266072,-0.004010167070771996,0.00023344831732000963,0.9999911656938111
1741341846.6781645,2,0.007364024535889972,-0.00041625778298329155,-0.004949337397757092,0.0004956666595120796,-0.0036840738833130056,0.00017845409185454758,0.9999930750101832
1741341846.6951172,2,0.007259153551857168,-0.00042966052740988096,-0.005117461167899606,0.00033357572739821747,-0.0036713722778341177,0.00011265170188699879,0.9999931985080827
1741341846.711537,2,0.00713686003862417,-0.0004347613112344308,-0.005161459465309619,-0.0004635165509568235,-0.003473379305676496,0.0001377631643909739,0.9999938508860524
1741341846.7284777,2,0.0069467322092010165,-0.00043679670311685124,-0.005220840210040531,-0.0008739828886208495,-0.0036079027656312945,0.00020816543435386888,0.9999930879054596
1741341846.7449043,2,0.00677678533787331,-0.00042572819629753096,-0.005119162224498039,-0.0013936155820461163,-0.004089717833468759,0.0002962790807517685,0.9999906220872066
1741341846.7615416,2,0.006534346913869372,-0.00041764389782301123,-0.005063483532519811,-0.0017797404825720842,-0.004453119483088419,0.00037660316815732036,0.9999884301434381
1741341846.7786252,2,0.006346969011728389,-0.0004087558731454195,-0.00489195926217205,-0.001561022423705083,-0.004262344816089931,0.0003522664991406836,0.9999896357132784
1741341846.7949502,2,0.006039355496696736,-0.0003989294733545552,-0.004809047451291649,-0.001792771006431395,-0.004442404502878753,0.00036030235668701305,0.9999884605317019
1741341846.812136,2,0.005845486658130841,-0.0003864702146949948,-0.0046235584822075845,-0.0021366477243404828,-0.0040133131149869,0.0004834816850556132,0.99998954709527
1741341846.8287497,2,0.005707464727016865,-0.0003718395174478685,-0.00441903742369992,-0.00160346010856563,-0.0035766894503747185,0.0005156486815506127,0.9999921851268103
1741341846.845032,2,0.005619714701779462,-0.0003600964136027859,-0.004236218592850088,-0.0007196018838512601,-0.0030774987160004917,0.0005622370914909209,0.9999948475188433
1741341846.8622346,2,0.00562095916004368,-0.0003536231400084638,-0.004100040208473443,-0.0002470397133259121,-0.002895644584126485,0.0005517449281417267,0.9999956248861076
1741341846.8785026,2,0.005691705506854097,-0.0003483141027010021,-0.00402739505046595,0.000479825127101943,-0.0029327630621785172,0.0005972502351612305,0.99999540596986
1741341846.8951788,2,0.005674358594694096,-0.0003568695690193196,-0.004192462480763844,0.0008583937417719223,-0.0031202202307649097,0.0005776956305779866,0.9999945968122298
1741341846.912086,2,0.005997401179243376,-0.00034493406493389645,-0.004088736551048449,0.0015639255468853643,-0.0036592358425099536,0.00048352262103278304,0.9999919651356244
1741341846.928585,2,0.006242703164928464,-0.000345308956535721,-0.0041637595244366,0.0018522590841569654,-0.003969488789616335,0.0005770889077554978,0.9999902395840806
1741341846.9453123,2,0.006491989235219376,-0.0003514609137832093,-0.004293407970615705,0.0019721951025278854,-0.004352387548417366,0.0005273032813143491,0.9999884444934128
1741341846.9626677,2,0.006708747438130221,-0.0003641021008733155,-0.004493796582098387,0.0021357324213133137,-0.00443938201740475,0.0004963841895923531,0.9999877419934029
1741341846.9783862,2,0.006966013558751778,-0.00037853034873074954,-0.004671411132876197,0.002056528300353989,-0.004652968479048002,0.0004944306219320127,0.9999869379717131
1741341846.9953213,2,0.007244667080242567,-0.00039541375426447646,-0.004805966424228544,0.001838579028704602,-0.00461565542388514,0.0004535757769672663,0.9999875547331465
1741341847.0121818,2,0.007428861448699949,-0.0004157642049047698,-0.004993713226380058,0.001628099070318982,-0.004401141820556263,0.00025564023452199206,0.9999889568851064
1741341847.0286634,2,0.007500563958323802,-0.0004270662953083027,-0.005202226761493128,0.0009617320457086292,-0.004003382157524378,0.00020133463589685287,0.9999915036974752
1741341847.045305,2,0.0076745858733762275,-0.0004265735431936695,-0.005159262948579236,0.000728053188922031,-0.003900966343863393,8.013393840679633e-05,0.9999921229583211
1741341847.0618272,2,0.007624110424913487,-0.00044692235685247963,-0.005221480728221748,0.0003009901259156233,-0.003836967533133591,0.0003470287579358418,0.9999925333001917
1741341847.0788054,2,0.007484098856120572,-0.00045804290764216984,-0.005263336239390665,-0.000729881611020968,-0.004166327672530192,0.000270257925034995,0.9999910179332676
1741341847.0953193,2,0.007104485376286491,-0.00046355189847097956,-0.005461006075260233,-0.0012131299290152214,-0.004149007905132308,0.00026955855081695345,0.999990620649697
1741341847.1119087,2,0.0070331275024530645,-0.0004369095256548908,-0.005222977959425713,-0.001235649656585742,-0.004243381522248427,0.00027946654064065515,0.9999901943427423
1741341847.1291053,2,0.006715003981480704,-0.00042622024732125684,-0.00521768894700587,-0.002208984634082065,-0.004113672316009507,0.00038682476288553775,0.9999890241665483
1741341847.1454196,2,0.006402610041892209,-0.00041851290283015017,-0.005155580541485756,-0.002139197221993791,-0.004183511035535744,0.000460415959876538,0.9999888549817967
1741341847.1621974,2,0.006364368545922301,-0.00039919760461744444,-0.00477495355293373,-0.0013906713842744246,-0.004348007797336026,0.0005175479804404651,0.9999894464470029
1741341847.1786861,2,0.006168167932281356,-0.0003972699559966367,-0.0046313918216813466,-0.0010609655120091782,-0.0036331837625898523,0.00039274530645376016,0.9999927600133183
1741341847.1959116,2,0.005997376824993877,-0.000391279991080567,-0.0045392328442266355,-0.0005888095485079434,-0.0036699870596702214,0.0004282404605260069,0.9999930005297064
1741341847.2121153,2,0.005876632810728252,-0.00037856738101052273,-0.004519403244736058,-0.00048714739973882847,-0.003152035180396143,0.0005875481621425583,0.9999947410605666
1741341847.2286682,2,0.005930961883887942,-0.00036841879986678703,-0.004471141830108729,0.0003907736229033652,-0.0030896095979801442,0.0005690444665300997,0.9999949888858958
1741341847.2453403,2,0.006131348726067735,-0.00036264752253255977,-0.004396328880410127,0.0009201575929872247,-0.0034535185191433213,0.0006111887471876667,0.9999934264624729
1741341847.2620244,2,0.006368252796929718,-0.00036196852640286254,-0.004389469630201245,0.0012630144505346962,-0.0038089087153145317,0.0004854741918388796,0.9999918306284833
1741341847.2786057,2,0.0065219468695986455,-0.000372573122319243,-0.004562033107302184,0.001751824316429439,-0.004184871354801978,0.0005612060992366027,0.999989551450925
1741341847.2953959,2,0.006753188041845508,-0.0003784987500868272,-0.004720111014612474,0.00193611150850642,-0.004551756827918065,0.0005424977476254743,0.9999876192624587
1741341847.3125873,2,0.007116356760177666,-0.0003775739890836242,-0.0047844076596945265,0.0021638592647084736,-0.004887831011880997,0.0005069552775617592,0.9999855848048153
1741341847.3287654,2,0.007452087811194889,-0.0003881578814130723,-0.004901338896980321,0.002014247709749676,-0.004959513716876902,0.0004478707523720562,0.9999855726167478
1741341847.3455136,2,0.007746697628862065,-0.00040796517812685196,-0.005004005125660006,0.0016220512197099486,-0.004694810130321054,0.00035847011130299997,0.9999875995265441
1741341847.3620865,2,0.007944856551698258,-0.00043150760535171464,-0.005104438704639173,0.001188727416226799,-0.004342085288736235,0.00021658343238056718,0.9999898431054648
1741341847.3790255,2,0.007794870250204143,-0.0004645597050997087,-0.005478450586826118,0.0005595718137481004,-0.0038868396397299244,0.0002894682222132451,0.9999922477525256
1741341847.3954854,2,0.007829873372563505,-0.00047099098419943746,-0.005511234861748666,0.0002583218712871894,-0.0038485245017215192,0.0001860687711522003,0.9999925437258935
1741341847.412174,2,0.0077090104294639675,-0.00047897728644462584,-0.0056054377642078745,-0.0006586442371887945,-0.003948877047587624,0.0002786470872796344,0.9999919474243942
1741341847.4291558,2,0.007544060553490159,-0.0004743381581322234,-0.005601884945075618,-0.0011790317198482878,-0.004559767615936609,0.0003089853213019331,0.9999888614037475
1741341847.4454126,2,0.007385811519848445,-0.00046147135780474913,-0.00546903110041263,-0.0019204943095048848,-0.004658212708949199,0.0002760441988602168,0.9999872681967334
1741341847.4628758,2,0.00723312638715491,-0.00044236131922903324,-0.005250146793154312,-0.0016234996664455466,-0.004813688277485503,0.0003730839005761511,0.9999870266470477
1741341847.4788873,2,0.006929474916376955,-0.00043669828777141066,-0.005189484327111096,-0.001968356934195945,-0.004328245813920996,0.0003768974617843054,0.9999886248390315
1741341847.4955347,2,0.006674897096988436,-0.00043016896225369456,-0.005088070471105071,-0.0018045868459773205,-0.004146467273967598,0.0004129485914519824,0.9999896898213112
1741341847.5126848,2,0.006406531500937692,-0.000426133547834991,-0.005031010808740064,-0.0018575160369205506,-0.003934310068510345,0.000491957842523985,0.999990414362027
1741341847.528902,2,0.006182069920308045,-0.00041783205560236574,-0.005001699170627974,-0.0014634105432932926,-0.0038421555650803426,0.0005833634856883508,0.9999913779414497
1741341847.5460293,2,0.006144094382951983,-0.00040148016757183473,-0.004842882865553822,-0.0007273482725460473,-0.0032790417667247196,0.0006311431761013062,0.9999941602368855
1741341847.5625803,2,0.00623670572597331,-0.00038929817850277815,-0.004721739367614383,0.0003223677971572504,-0.003261976509289897,0.0005494710205147544,0.9999944768196742
1741341847.579159,2,0.006337970665018515,-0.0003879230496067773,-0.004775202928581874,0.0012368012961693025,-0.003625405121900579,0.00046884828893643365,0.9999925534430433
1741341847.5962663,2,0.00652824760115976,-0.0003898240393935575,-0.004893439685988368,0.001488486800612806,-0.004192956327489738,0.0005736516676072001,0.999989937173392
1741341847.6127155,2,0.0068414311889376704,-0.0003878204560382537,-0.004955548692653109,0.001895584275887645,-0.0044847596569968515,0.0005186336753043164,0.9999880122832386
1741341847.6292934,2,0.0070711422057534844,-0.0003932418044533142,-0.00513951016645744,0.0018496292679573624,-0.004618900250716679,0.0005507340910505211,0.9999874705835098
1741341847.6457975,2,0.007498977716030647,-0.00039156250509283597,-0.005099989383650411,0.001994463241527569,-0.004882798167806545,0.0004530525448943894,0.9999859874727356
1741341847.66286,2,0.007816080370953306,-0.00041357956223915407,-0.005172648037201455,0.001941307862401114,-0.004860087879271915,0.00037656572173777906,0.9999862344391779
1741341847.6793182,2,0.008014520162444713,-0.00043814263501352026,-0.005338482363720858,0.0012966778031544405,-0.0046675955621616,0.00040971916797372636,0.9999881820844415
1741341847.695958,2,0.008086459141438527,-0.00046285005485873333,-0.00555382744978264,0.0010848217259952398,-0.004261417996338772,0.00027280923519019577,0.9999902944797038
1741341847.71241,2,0.008197383777160132,-0.0004718952323570279,-0.005577711008787035,0.0004871225198247293,-0.004097217780661255,0.00031278188965959685,0.999991438806152
1741341847.7293172,2,0.008056584431626605,-0.0004950267527392184,-0.005738790550307198,-0.000425798023292243,-0.003948537074909689,0.0003589886254912015,0.9999920494074832
1741341847.7459161,2,0.008033065440160818,-0.0004906835344588122,-0.005624146068110413,-0.0006311308795202773,-0.004628945968087243,0.0003459079487706296,0.999989027380165
1741341847.7626696,2,0.007767590544839344,-0.0004925997097783567,-0.005633001549227116,-0.0011840423307435681,-0.004882367278803199,0.0003837011968031558,0.9999873065728911
1741341847.7793765,2,0.007561633930637064,-0.00047751519122296007,-0.005494194279361422,-0.0015041706583297525,-0.005009633476529602,0.00046320654545782493,0.9999862131463403
1741341847.796395,2,0.00713064136483105,-0.0004672758434423009,-0.005550547435515226,-0.0017519990572957141,-0.005046331369008691,0.0003970853525592957,0.9999856535782102
1741341847.812869,2,0.007028704258475927,-0.000440972880231589,-0.0052384255418426295,-0.0020663651927959295,-0.004465121683471719,0.0004067484539082704,0.9999878136152145
1741341847.8293443,2,0.00693396152653912,-0.0004269105594814261,-0.004982717752636029,-0.0012946035788510152,-0.004406332477604667,0.000504420972520135,0.9999893268406183
1741341847.8459435,2,0.006552055422420389,-0.00043808806328784285,-0.0051548710857998985,-0.0009899653995976774,-0.003917019684976569,0.00041047379509635227,0.9999917541842825
1741341847.862704,2,0.006433982176303312,-0.0004325150017348375,-0.005130889645306136,-0.00020539163169951268,-0.0032703914665951146,0.000519036673224739,0.9999944964622879
1741341847.8792949,2,0.006373586686770298,-0.0004227250243162661,-0.005191709818710102,0.0002535975618970923,-0.003282217478485353,0.0005579241143088446,0.9999944257131552
1741341847.8966246,2,0.00639902701477022,-0.00041504411731720016,-0.005303459259153044,0.0008593369330792656,-0.0036156703863406054,0.0005857022262741326,0.9999929226852533
1741341847.9126368,2,0.006778734914128483,-0.0003915207264549239,-0.005159428367629119,0.0014664536008443458,-0.0043068190902268355,0.0005478103645483942,0.9999895003083609
1741341847.9294012,2,0.007042275483056195,-0.0003976685929795604,-0.005280694543751251,0.001863232166784539,-0.004879335922615144,0.0005950729870856914,0.9999861830720397
1741341847.9461763,2,0.00732636162702179,-0.000408180337468475,-0.005457504096986968,0.002167853057264903,-0.005194872954347275,0.0004973705059208665,0.9999840330378732
1741341847.9632344,2,0.007570010000498607,-0.00042187034645627304,-0.005685412291353699,0.0020760236720664474,-0.005114943391432569,0.0004560790536386022,0.9999846596181925
1741341847.9795926,2,0.007891783886992779,-0.0004363443357103258,-0.00576748240736748,0.001675127456086977,-0.004911786980076348,0.00041110669929503703,0.9999864495521676
1741341847.996044,2,0.008136709642561123,-0.00045848348280041486,-0.005839218404009986,0.0010869698170402574,-0.004574766868887732,0.00047202954820068987,0.999988833534064
1741341848.0131588,2,0.00838794345663738,-0.00047860696584264134,-0.005765440606874446,0.0005720471068353727,-0.004373559913772481,0.000356826656633898,0.9999902086573275
1741341848.0297327,2,0.00839278076169547,-0.0005008835632823082,-0.005825333679387939,-8.910700850013687e-05,-0.0041884272142388235,0.0003918384874045345,0.9999911477608249
1741341848.0461168,2,0.008231241869727051,-0.0005219496974555794,-0.005927793523675435,-0.0011229986744411427,-0.004203581418666612,0.0002445192580869915,0.9999905044487004
1741341848.062766,2,0.00812984693649081,-0.0005139462333400245,-0.005824115962059332,-0.0008237860936102426,-0.004407839374646997,0.0002895442532358326,0.9999899041953597
1741341848.0794632,2,0.007991499291814648,-0.0004937889272300356,-0.005664289168941444,-0.0010119312395032293,-0.004612450834029656,0.00037093975909268935,0.9999887817851585
1741341848.0961685,2,0.007653419652213047,-0.0004844373870753969,-0.0056283774646064275,-0.0017291858095027932,-0.004512927779088267,0.00040255900783719593,0.9999882406036295
1741341848.1129904,2,0.007466345011024842,-0.0004690933983206861,-0.005418327828575681,-0.001717067862446383,-0.004428013898260054,0.00040285024222413247,0.9999886409767637
1741341848.1298003,2,0.0072860756370172275,-0.00045791093435308076,-0.00520820986542293,-0.0014973820844181526,-0.004779848886089032,0.0005028301117343217,0.9999873289464213
1741341848.1462333,2,0.00702875999378538,-0.00045409693293119115,-0.005168210028514127,-0.0011326777569038954,-0.004131725613515219,0.00045540703399240574,0.9999907192014269
1741341848.1632044,2,0.006836094188128462,-0.00044916448804931586,-0.005193085391713209,-0.00037422251092726855,-0.0034203169511245112,0.00045173827653374434,0.9999939786428694
1741341848.1795626,2,0.0067791866183743,-0.0004374069952603987,-0.005245717547893586,0.0002484456559736539,-0.0034584784247349647,0.0005333519951256567,0.9999938463497619
1741341848.196785,2,0.006829288086940946,-0.00042788515498288343,-0.005341810239878721,0.0009427566248901035,-0.00383038070454252,0.0005067868308847754,0.9999920912490822
1741341848.2132275,2,0.006973589798755466,-0.0004181163907518246,-0.005464436215374465,0.001341679126159873,-0.004259580431900874,0.0006384594927681398,0.9999898240687964
1741341848.2295494,2,0.0071765125350902684,-0.0004131078266405399,-0.005625339457303795,0.0018244793461976343,-0.004706155033794474,0.0005342120277761506,0.9999871189157501
1741341848.2467291,2,0.007405539257523947,-0.0004181013614361124,-0.005830715433444909,0.001865970649582547,-0.00507844585400937,0.0005419367425623511,0.9999852168136335
1741341848.2630658,2,0.007733524893646856,-0.0004244976216755459,-0.005947912267326423,0.0018639168256543391,-0.005201319039289328,0.0005129947405794724,0.9999846043468442
1741341848.2797644,2,0.008034168720340486,-0.0004379382988603961,-0.00606017806943412,0.001542406774923134,-0.005132474475390904,0.00040769548932939945,0.9999855561314315
1741341848.296308,2,0.008346365804980223,-0.0004556823179252987,-0.006063590943019845,0.0011845879848209103,-0.004723815873479124,0.00042739746117548716,0.9999880497517507
1741341848.3131936,2,0.008475146145475962,-0.00048606693460236485,-0.006123430277295322,0.00043528810647379277,-0.004369219004678567,0.00040798555860281416,0.9999902769513999
1741341848.329999,2,0.008547015112447468,-0.0005081607633382637,-0.0060691371623157065,-0.00044668639448246244,-0.004320525742875066,0.0003309573010505066,0.999990511952906
1741341848.3464239,2,0.008415418919239593,-0.0005267360901878182,-0.006083224156299845,-0.0005147927090126941,-0.004832390423150403,0.00036513078023690527,0.9999881247648786
1741341848.363549,2,0.00826950286134493,-0.0005198495842595318,-0.005975088742116127,-0.0012628245340854912,-0.004802215385887332,0.00040159098029745314,0.999987591286146
1741341848.3798623,2,0.008028443368146962,-0.000502409813388181,-0.005847792233936628,-0.0016390606508704388,-0.004747600237226867,0.0005012461340157776,0.9999872611811029
1741341848.396518,2,0.00802096530982608,-0.0004747807003969728,-0.005427384883696125,-0.0012526508218759435,-0.004818771883060157,0.0003883337795358898,0.9999875296724121
1741341848.4132607,2,0.007834528069122151,-0.0004623407113285254,-0.005201986542389287,-0.0010042852601936068,-0.004610044098379262,0.00046093370721493116,0.9999887631591892
1741341848.4298267,2,0.007677730493577448,-0.00045452879506405186,-0.0050195551708546145,-0.0009926978486956262,-0.004196818326624031,0.0005000491979317921,0.9999905755644471
1741341848.446435,2,0.007497414144529706,-0.00045781022252150254,-0.004968948833332182,-0.0003652731863319423,-0.0038621897974399225,0.00045698052706445025,0.9999923705880289
1741341848.4641416,2,0.007305822190819989,-0.00046078663252482877,-0.005076380426671336,0.0001837159403075592,-0.003479662686520564,0.00047900343526765827,0.9999938143567441
1741341848.480166,2,0.0071879180235665755,-0.00045616948950208804,-0.005262265784344308,0.0006725086880790832,-0.0036440028391062956,0.0004887870248199418,0.9999930150069137
1741341848.4967618,2,0.007288677898221438,-0.0004419756473797255,-0.005359069892895595,0.0012071108258917462,-0.0041391101850833155,0.0005994630957777059,0.9999905256022812
1741341848.5134628,2,0.007391545037512424,-0.00043870306700822994,-0.005608067549237036,0.0017865634401005935,-0.0046765898732614416,0.0005375430870035638,0.9999873242924939
1741341848.529938,2,0.007428558569018412,-0.00044459878109904226,-0.006039811437142281,0.0019153842874607516,-0.00504569633197066,0.0005528730697696502,0.9999852831831704
1741341848.5469344,2,0.007754319984020351,-0.0004397532963056268,-0.006185341266113171,0.001891659691582664,-0.00528698976491064,0.0005510679017587626,0.9999840827168224
1741341848.5635836,2,0.007912060409190187,-0.0004493638855203007,-0.006484973097584338,0.0017891810660892796,-0.005013343872305531,0.0004582316524747691,0.9999857275171898
1741341848.580046,2,0.008302675428997196,-0.00045564373185312936,-0.006412524682476864,0.0013475581694787364,-0.004787498466089571,0.0004161731345755016,0.9999875452951097
1741341848.5968606,2,0.008340519856977379,-0.00048554695837222403,-0.0065831970896180056,0.0006839858245492727,-0.004344078810231686,0.00032168189222659234,0.9999902787844702
1741341848.613442,2,0.008353402003072464,-0.0005077603586537486,-0.006611667197411974,0.0002861528134536543,-0.004238079425293183,0.00031318450187889997,0.9999909293162714
1741341848.6304846,2,0.008327719351675764,-0.0005235704449462998,-0.006524725282901832,-0.0006748911680343446,-0.004552152137276939,0.0003316407082469487,0.9999893561669899
1741341848.647012,2,0.00810114553304828,-0.0005352293334473658,-0.00652561045799848,-0.0012553741879643247,-0.00468840770087963,0.00044598315503287293,0.9999881219134076
1741341848.6634471,2,0.008083157878601175,-0.0005138399052373507,-0.006194633097091665,-0.001385605649387901,-0.004633682856060012,0.0005188568402983927,0.9999881698639005
1741341848.6800146,2,0.008033130209926954,-0.0004889683821757295,-0.005821201722865788,-0.001441357039324017,-0.00511917577017378,0.00046863702135435735,0.9999857483527761
1741341848.6968458,2,0.007860824470176251,-0.0004802214591910803,-0.005540671256991787,-0.0017365098124021443,-0.0051903916347736875,0.0005237990575874119,0.9999848848872148
1741341848.71395,2,0.00786997880888029,-0.0004623643425335053,-0.005122914369901706,-0.0012699304367900283,-0.0043057346085964895,0.0005332150367077139,0.999989781751739
1741341848.7301137,2,0.007756100637894966,-0.0004650489369803667,-0.004983926430483833,-0.0009297826277977994,-0.003941648563685631,0.00044275403266499203,0.9999917014054326
1741341848.7468019,2,0.007740373759876744,-0.00046630171161695993,-0.004902838851274127,0.00023730124037802853,-0.0036592228609305714,0.0003711255037184296,0.9999932079979522
1741341848.7637599,2,0.00776413008393617,-0.00046257864062892854,-0.00497607240577951,0.0008414023967603249,-0.003918750277280846,0.0005122109625099067,0.9999918365057792
1741341848.780355,2,0.007687629229107492,-0.0004688668744596043,-0.005347825466365893,0.0016100512597711965,-0.0043378331926215465,0.00044462628853775944,0.9999891965644416
1741341848.797105,2,0.007786970982150999,-0.00046278288146741925,-0.005646496665584403,0.0018090286418053652,-0.004814755744688242,0.0005606032501225758,0.9999866155436722
1741341848.8134243,2,0.008039079069874609,-0.0004547991403240834,-0.005850280395866221,0.0018252662191873463,-0.00512289075804618,0.0006109718098755653,0.9999850254413603
1741341848.83044,2,0.008166182724858237,-0.00046632185590596645,-0.006207619180658745,0.0018506065908000975,-0.005194732268789112,0.0005065070965035732,0.9999846666136751
1741341848.8470864,2,0.008289621293263928,-0.00047905511048085216,-0.006511851482581463,0.001447136987244997,-0.0050629221436992,0.0006150716963803827,0.9999859470516149
1741341848.8637888,2,0.00830198945680822,-0.0004998465077308153,-0.006824453856598858,0.0008433296299921551,-0.004586738837261727,0.0004923477764970432,0.999989004047365
1741341848.8809521,2,0.008342296438505557,-0.0005173695557170008,-0.0069583243133938474,0.00041651240059567606,-0.004415102339955197,0.00042491066512740256,0.999990076370598
1741341848.8971453,2,0.008336949178973352,-0.0005252062018598817,-0.006974374037134693,-0.00014621235821742269,-0.004250380058544381,0.0002971611606039834,0.9999909122519809
1741341848.913758,2,0.00819524319975247,-0.0005322674690327787,-0.006982359494476344,-0.0011422248915901314,-0.004863824389234753,0.0004903704276142238,0.9999873989563326
1741341848.930716,2,0.00814945523628003,-0.000517368036443717,-0.006712023901364093,-0.000834360057190376,-0.0051756098550046654,0.000442496058349031,0.9999861604558146
1741341848.9474082,2,0.007889166182366757,-0.0005155532200145008,-0.00661431123915505,-0.0014376900296208413,-0.005198535620529213,0.0005017931459409091,0.9999853281315779
1741341848.9641182,2,0.007933490481493752,-0.00048283428529056376,-0.0061057325628765015,-0.0013198034992046555,-0.00528047578972278,0.0004759602771670622,0.9999850739665929
1741341848.9806259,2,0.007901308501290378,-0.00047440389778144205,-0.005700161456553606,-0.001808060637280157,-0.004592908063860553,0.0005066902283515514,0.9999876896128578
1741341848.997126,2,0.00789464692977007,-0.0004815141931730299,-0.005378391902517875,-0.0010551260606535455,-0.004514241753335051,0.0005847538383301669,0.9999890831370797
1741341849.0140738,2,0.007970685933519158,-0.0004756663769971835,-0.005119993971838154,-0.00024028925680090455,-0.003955112051002662,0.0005416334945412747,0.999992002959471
1741341849.0304415,2,0.007968204790012428,-0.00048300591556724897,-0.005138766663498365,0.0003505326010398669,-0.0038913758826179057,0.0005391560593469947,0.9999922217854395
1741341849.0471718,2,0.008041218786551205,-0.0004790653381734159,-0.005246822870117804,0.0012770635084023237,-0.004246709172275868,0.00041295209252079887,0.9999900819711017
1741341849.0643072,2,0.008193753243142457,-0.00046911313146850715,-0.005433277035781372,0.0016616822474239106,-0.004770741628259887,0.0005336206187604012,0.9999870969594858
1741341849.080826,2,0.00844010697824455,-0.000466037288461841,-0.005616226795988907,0.001937981744759188,-0.005292371796256416,0.000535880546490048,0.9999839738013641
1741341849.0971646,2,0.008551629796019925,-0.0004881735485781646,-0.0060002800241014086,0.001859394805793717,-0.005367660007001411,0.0005575565632832607,0.9999837098711579
1741341849.1138651,2,0.008894251779905256,-0.0004934826804482452,-0.006080212639149433,0.0016357084221455679,-0.005394402091602524,0.000546197337692785,0.9999839631476598
1741341849.1310158,2,0.008923939724800885,-0.0005227172389386048,-0.006414696273637064,0.0013076942043373685,-0.004918270564811412,0.0005352727493082774,0.9999869069310874
1741341849.147366,2,0.008728860521124954,-0.000557599118993876,-0.006852231741327067,0.0004666087477197947,-0.004380321588851218,0.0004518237670536565,0.9999901954091042
1741341849.164135,2,0.0085654957941517,-0.0005621962409277502,-0.007057957251729988,-0.0003906332198276184,-0.004378105913274564,0.0005433135562474603,0.9999901921542428
1741341849.1806586,2,0.008337580629171974,-0.0005557388077083899,-0.007154801909672164,-0.001335745131747263,-0.00496008115816806,0.00043581056367915003,0.9999867116362097
1741341849.1972952,2,0.008161226595799029,-0.000536673634506654,-0.007042448401255603,-0.00193385001337107,-0.005098301835950651,0.0005875602478599336,0.9999849610446501
1741341849.213952,2,0.008116575160981179,-0.0005068919055796536,-0.0066913832045605096,-0.0007243043814140616,-0.005216783196495764,0.0005289559398084909,0.9999859902827927
1741341849.230747,2,0.007969425544159565,-0.0004982488249600405,-0.006442963647186866,-0.0015868177293938415,-0.004796176741135475,0.0005395588546433578,0.9999870937039156
1741341849.247445,2,0.007936985206889915,-0.0004905562959570013,-0.006092576362830167,-0.0010499470035151264,-0.005018642547726998,0.0005158703941226989,0.9999867222698532
1741341849.2640343,2,0.00789679836864907,-0.0004930727116605761,-0.005842529789798953,-0.0010079883850465667,-0.004680315769208685,0.0006004505386410983,0.9999883589636765
1741341849.2808197,2,0.007984625619524626,-0.0004936612019447312,-0.005545613957864636,-0.00015271516037812473,-0.003986964732283253,0.0004697736306961711,0.9999919300189574
1741341849.297415,2,0.007849402143057526,-0.0005092452553658557,-0.005670304215599201,0.0004497548380760509,-0.0038655181497105093,0.0005023995537715524,0.9999923015127208
1741341849.3143294,2,0.00793926447999779,-0.0004988899761121237,-0.005721499994411004,0.0008866666793464053,-0.004224957402905384,0.0006114841234591553,0.9999904947769804
1741341849.3306892,2,0.008330574428856263,-0.000473685729163833,-0.005597845548169379,0.0016728968664021643,-0.004892975206965295,0.0005390805320351315,0.9999864847096076
1741341849.3477502,2,0.008478095092948189,-0.00047811203613855747,-0.005888255502070595,0.0017981971484681658,-0.0053029133793148575,0.00070581509637418,0.9999840735840528
1741341849.3647215,2,0.008954720890892567,-0.00047377694964535516,-0.005837793555622216,0.0017315742404417896,-0.0055469965891849875,0.0005825954715483999,0.99998294638559
1741341849.3808243,2,0.00905289187065019,-0.000515951401554582,-0.006171114968350114,0.0017470672237152463,-0.005185956681091406,0.0005331171168785786,0.9999848845835408
1741341849.3980992,2,0.009107521884860225,-0.0005456181899858173,-0.006415786427379247,0.0009942925071788646,-0.004700944439599805,0.0004715778184414929,0.999988344991154
1741341849.4142764,2,0.008948197476507472,-0.0005796171209877937,-0.006731339490263319,3.848283725835401e-05,-0.004408126623937191,0.0005399652657828984,0.9999901376394921
1741341849.4310253,2,0.00880705031148069,-0.0005817503697676577,-0.006835895845929796,1.1741535963791558e-05,-0.004477403513907376,0.0004045185172491685,0.9999898944912788
1741341849.4476907,2,0.008471414434811055,-0.0005702019719182935,-0.007004729789559901,-0.00072424566780211,-0.004358124231051398,0.0005270053531438022,0.9999901021943953
1741341849.4647968,2,0.008383162017898016,-0.0005421968029099482,-0.006829163137158821,-0.001072923078315255,-0.0049332402183324174,0.0005202175827736165,0.9999871205924019
1741341849.4813564,2,0.008368574734286208,-0.0005074184104974464,-0.006472006887417909,-0.0010170975791176323,-0.004457424608706143,0.00043430981573804457,0.9999894540710699
1741341849.497838,2,0.008175885823711702,-0.0005090036160274955,-0.0063688362046228405,-0.001445977073968842,-0.005021618613342439,0.0005755976399808887,0.9999861804965909
1741341849.5142817,2,0.008256279782448011,-0.0004960532834219204,-0.005959844077419683,-0.0006500518684531194,-0.004419004371326896,0.0005294184258952592,0.999989884723373
1741341849.5311623,2,0.008106263870505908,-0.0005095984856647479,-0.005914429952474572,-0.0002091155552727997,-0.004195813398718897,0.00046416683159139835,0.9999910679449892
1741341849.5476854,2,0.007999406564628246,-0.0005193020454605574,-0.005922826770577707,-1.6389625512193323e-05,-0.0040602874852664434,0.0006236009595061823,0.9999915624237838
1741341849.564272,2,0.007869933385439202,-0.0005172818933717482,-0.0060985755050444145,0.0005130868870171538,-0.0039543496212976394,0.0005854803076963171,0.9999918785038848
1741341849.5811687,2,0.008045920511736117,-0.0004986785228031538,-0.006083640820517686,0.001076363668924099,-0.004294308072497574,0.0005700819360000305,0.9999900376333841
1741341849.5982113,2,0.008331826216240597,-0.00047759709765435787,-0.006081569025737217,0.0016060351710429298,-0.004970499474605336,0.0005570913093523558,0.999986202122447
1741341849.614505,2,0.008524664812919283,-0.00048085782485254565,-0.006281364460507102,0.0016079477756490248,-0.005133591210145648,0.0006227038051490724,0.9999853363850937
1741341849.6313047,2,0.008944060060319543,-0.0004901044862547547,-0.006206622033775882,0.0014193392535174361,-0.00519183767068606,0.0005873865054452628,0.9999853425299682
1741341849.648134,2,0.009001694207291872,-0.0005288865576334339,-0.006457291504042541,0.001055281341962967,-0.004814935681582306,0.0004995104819337026,0.9999877265571563
1741341849.6646712,2,0.009004529391516398,-0.0005565784743138386,-0.006620218531177642,0.0004053647075275185,-0.004516298594011911,0.000586482646214156,0.9999895473276554
1741341849.6813812,2,0.00888453880483754,-0.0005701762230287858,-0.006758899118320003,-0.00029237943942631706,-0.004406398984969543,0.0005470719297659461,0.999990099388265
1741341849.6980665,2,0.00869794522159801,-0.0005681898005692629,-0.00683713406695387,-0.0007548826440095389,-0.004472808630446043,0.0004827800405374743,0.9999895954751636
1741341849.715034,2,0.00872004335292472,-0.0005375599714625783,-0.006583066891740184,-0.0009795871802397492,-0.0048998120982384165,0.0005358887492289987,0.9999873724570758
1741341849.7311103,2,0.00855505937489537,-0.0005260732612026685,-0.00650252337335684,-0.0013087176873033614,-0.0048657868283352775,0.0005085931741858651,0.9999871762725456
1741341849.7480097,2,0.008582764512379475,-0.0005069987483952458,-0.006186115323590675,-0.00047569924933807796,-0.004414083910178013,0.0003953708249392468,0.9999900665783481
1741341849.7645466,2,0.008608099529485182,-0.0005045209629135185,-0.005945287111814365,-0.00028116811637930007,-0.0048094317035924684,0.0004272530283312915,0.9999883038146139
1741341849.7813323,2,0.008426752868298077,-0.0005219438150568027,-0.005988089722722793,-0.0003470824021470417,-0.004207688332851782,0.0005150530516375941,0.9999909547656187
1741341849.7979941,2,0.008401615338487963,-0.0005208008656677192,-0.005947844958808283,0.00031016559493886916,-0.004108514679697805,0.00048370643697516887,0.9999913949292331
1741341849.814528,2,0.008207154298671353,-0.000525345350654016,-0.006208832314310854,0.0005008946303448255,-0.004081828803820176,0.0005421587222008019,0.999991396884046
1741341849.831987,2,0.008321696048438328,-0.0005042978669615442,-0.006214355597312279,0.0009964821260661958,-0.004231264525188753,0.0005508213120329821,0.9999903999638059
1741341849.847949,2,0.00843769355459924,-0.0004881333529628716,-0.006305690218297439,0.0010157550746015614,-0.004450306496874602,0.0005877603894374459,0.9999894087196308
1741341849.8647275,2,0.008629279613132037,-0.0004904847928986457,-0.006365871822399794,0.0012636436865271828,-0.0047632048944380055,0.0005878027836761626,0.9999876847099942
1741341849.8814697,2,0.008825373666349692,-0.0005022554007633348,-0.006433543165158434,0.0011367919114372881,-0.004827026967617942,0.0005792687769436404,0.9999875359035671
1741341849.8979146,2,0.008854461822136606,-0.0005312620788235509,-0.006645429301110599,0.0006169007515091295,-0.004648518261421595,0.0005582896862908525,0.9999888494498638
1741341849.9149504,2,0.00886292371588139,-0.0005465366900371501,-0.006783083284848002,0.0004750796076187009,-0.004415694101463154,0.0005217562396206548,0.9999900018077157
1741341849.9313552,2,0.008636804050922027,-0.0005634008510814721,-0.007072381352106303,-0.0001570440069498622,-0.004371563997375535,0.0005146950303400678,0.9999902998801652
1741341849.948278,2,0.008683427785067482,-0.0005455914608175135,-0.006928663176371783,-0.0006838856313307166,-0.004489259190189629,0.0005089995589145876,0.9999895598314092
1741341849.965286,2,0.00877986772307683,-0.0005210468232746839,-0.006648989278838504,-0.0003014147419681048,-0.004974634645399498,0.0005163992679736066,0.9999874476667665
1741341849.9813242,2,0.008750503404741426,-0.0005152500980800365,-0.006460625140103792,-0.00044168178274262503,-0.004527952204744538,0.00041826751276567687,0.9999895637547035
1741341849.9980664,2,0.008784779711819322,-0.000512654178634701,-0.006236855274854296,-0.0004103004333434821,-0.004625725328821086,0.00048259219144494817,0.9999891006523589
1741341850.014765,2,0.008741480657325017,-0.0005203982066413489,-0.0061381715584510185,-0.0004863285485469073,-0.004179411493552409,0.00042907977909068396,0.9999910559073285
1741341850.0313296,2,0.008748253789675886,-0.0005249881193926444,-0.006071252941883815,9.18145566188516e-05,-0.004322547013723903,0.0004835046789583396,0.9999905366455359
1741341850.0484612,2,0.008650565123191796,-0.0005276855162776916,-0.006207947178066289,0.00021932086362053417,-0.004144808230128664,0.00045021051745793613,0.9999912848488152
1741341850.0649962,2,0.008766961973232665,-0.0005126364968726993,-0.0061620898013533595,0.0007873838749413398,-0.004340119788335121,0.0004901310906803701,0.999990151530689
1741341850.0815375,2,0.008788509040867483,-0.000508589904855551,-0.006273060579903761,0.0005866328898364739,-0.0043902604536609395,0.0005074502558578668,0.9999900619352372
1741341850.0983558,2,0.008761629598089746,-0.0005175972502569233,-0.006460892944997737,0.000703955545295239,-0.004341736066043754,0.000486346946716044,0.9999902085726492
1741341850.1147757,2,0.008912970300411183,-0.0005172575502421021,-0.006439896830443968,0.0006974225233284473,-0.004452569003345134,0.0005527765229166798,0.9999896912814703
1741341850.131873,2,0.009087599997866683,-0.0005182159026676894,-0.006385070401856082,0.0006271026531436252,-0.004572401078344926,0.0005143764799941172,0.9999892175956089
1741341850.1482604,2,0.00891259404040324,-0.0005455085441440194,-0.006715256936105828,0.0004812200656365697,-0.004401228544826863,0.0006544748893577037,0.9999899845884277
1741341850.1650984,2,0.00881829136885534,-0.0005504993921268432,-0.006904853133569031,0.0001549015353723825,-0.004412123697008646,0.000594751967731294,0.9999900776708205
1741341850.1818206,2,0.008694803751703327,-0.0005522842279847452,-0.00706518388653046,1.576019993031832e-06,-0.004245986332057048,0.000491288514855196,0.9999908650748663
1741341850.1981723,2,0.008858998627522555,-0.000527242905114696,-0.006826637584423666,-0.00019345906144353143,-0.004404489981608191,0.0003878433411028715,0.9999902062616095
1741341850.2152476,2,0.008755854913685933,-0.0005240081305664447,-0.006843902312533961,-0.0005851743776571436,-0.004406895585261408,0.00041291421789390795,0.9999900331223792
1741341850.2317066,2,0.008963479182096723,-0.0005075746937142346,-0.006480775741011389,-7.266071642874813e-05,-0.0047036744319879425,0.00047757682236229074,0.9999888209813331
1741341850.2482853,2,0.008891589803809581,-0.0005191412059984976,-0.006442569297489828,2.855359109251298e-05,-0.004500092072239278,0.0005191477769963561,0.9999897393681695
1741341850.2651129,2,0.00876268106079344,-0.0005318774018454359,-0.0065126695796776995,-8.975556119793496e-05,-0.00434112174644317,0.00048504946889829946,0.9999904556209197
1741341850.281893,2,0.00879650047413383,-0.0005242458947898771,-0.006457988266409451,0.00029285955378034935,-0.004233577065054418,0.0004787622368901022,0.999990880881039
1741341850.2990234,2,0.008759520029831264,-0.0005255466910476476,-0.006553694100242856,0.00047375386899467227,-0.004160378329071021,0.000558145524689659,0.9999910776016973
1741341850.3151474,2,0.008914700521783996,-0.0005199287137564072,-0.0064830612756604546,0.0004888717534667578,-0.004393821192001707,0.0005721673798710998,0.9999900639327527
1741341850.331764,2,0.009143627926031107,-0.0005093057151470412,-0.006335866974569827,0.0006742823350386026,-0.004477547228710966,0.00046995782328933505,0.99998963797321
1741341850.3485215,2,0.00892172742521172,-0.0005430593351290574,-0.006687990331444045,0.000287499998111264,-0.00433032483112164,0.0006322099262300561,0.9999903829243646
1741341850.365112,2,0.008973982058822029,-0.0005483001193331602,-0.006682040997517764,0.00017162328663819238,-0.004417209860432762,0.0005930860547363456,0.9999900534762474
1741341850.3819704,2,0.009076807783340045,-0.0005416238155684549,-0.006593153041563154,0.0003112088936598898,-0.00440087120728005,0.0004777623440100466,0.9999901535639159
1741341850.3987653,2,0.00894298237275372,-0.000546933311117133,-0.00677570224984825,2.827870050897796e-05,-0.004318408526546047,0.0005282145286267398,0.999990535723976
1741341850.4153244,2,0.008940434769657857,-0.0005388946915179408,-0.006813932455368766,5.428846465502088e-05,-0.004300761814563504,0.0005536806289171813,0.9999905969249602
1741341850.4320972,2,0.008967189467227904,-0.0005371270346682018,-0.0068092663225596305,0.00045888373818326,-0.004367158847047265,0.0005199005228922432,0.9999902234785928
1741341850.4485073,2,0.009027909794115527,-0.0005303929784239838,-0.006748422706147105,4.787766706994493e-05,-0.004394905804940372,0.0005177532975786577,0.999990207173159
1741341850.4657724,2,0.009067854860697012,-0.0005327376104641121,-0.006690721878656015,0.0006009622656462726,-0.0043958617170391,0.0004385107340373149,0.9999900614268404
1741341850.482296,2,0.00901635332834799,-0.0005330635625522057,-0.006722750683570307,-0.00029067601969014656,-0.004435291235439253,0.0005676513834626909,0.9999899606851138
1741341850.4984863,2,0.008861186921342749,-0.0005401300365417642,-0.006870318989916196,-0.000249034949769552,-0.004323464626872359,0.0005705354421394246,0.999990460016756
1741341850.515257,2,0.009027817943814914,-0.0005235135129735436,-0.006649769300208695,7.283074455291157e-05,-0.004466844182971351,0.0005411520117619541,0.9999898745253514
1741341850.532175,2,0.008965109971987394,-0.0005193749201968091,-0.0067106149598540055,5.983991907737613e-05,-0.00440778035429212,0.0005505707406200166,0.9999901323330105
1741341850.5487292,2,0.009041459095613177,-0.0005182315335577574,-0.006640450209722555,0.0004636629205700582,-0.004519816250634137,0.0004668141624528911,0.9999895691267456
1741341850.5657299,2,0.009128988629546005,-0.0005235514147406199,-0.0065860498253712,0.0005222619339982201,-0.004518452410594417,0.0005149042648432303,0.9999895227970559
1741341850.582206,2,0.009016019087609817,-0.0005424288695290957,-0.00678542929625894,0.00038431575740738733,-0.0044082016379645515,0.0006034888261385326,0.9999900278807556
1741341850.5987134,2,0.009072147091361274,-0.0005452548592665388,-0.006765995500974517,0.00023467852504546464,-0.0044454933250641085,0.0006570501440780346,0.9999898753488432
1741341850.6153414,2,0.009116579795003604,-0.0005389029977291578,-0.006746059790845061,2.197950442305915e-05,-0.0045145553402641085,0.0005480907673839796,0.9999896588982767
1741341850.6319392,2,0.009195878251396162,-0.0005287644149451763,-0.006656421462180426,0.0003507183403088207,-0.004436455585149947,0.0005122784882322052,0.9999899661642796
1741341850.649073,2,0.009198951710774226,-0.0005285541480758423,-0.006662058197358908,-1.7219426416037834e-05,-0.004499672653271081,0.0005380586672575598,0.9999897315184668
1741341850.6657012,2,0.00921129189996714,-0.0005291822339325491,-0.006672685183253866,0.00022991736747461324,-0.004554763765611934,0.00044771717355069637,0.9999895003520668
1741341850.6821742,2,0.009222377678617078,-0.0005361326435469594,-0.006706429593836225,0.00038460533841286,-0.004396786604197679,0.0005030521602521246,0.9999901335937343
1741341850.6991057,2,0.00921688382358997,-0.0005377456317373448,-0.00676551180057409,0.0004897286842131214,-0.004483316366286366,0.00038308126769420167,0.9999897565919953
1741341850.7157304,2,0.009233548075110128,-0.000536824848752459,-0.006787138437029432,0.00022500406225748213,-0.004442136168590032,0.000563605648753313,0.9999899495235461
1741341850.7325082,2,0.009246902595281947,-0.0005341572365360356,-0.006792456139902274,0.0003122677872966827,-0.004424491348483773,0.0005152580231516903,0.9999900303874564
1741341850.749079,2,0.009142082511186051,-0.00054324687309693,-0.006915151519126024,0.0003483648142411597,-0.004355663262455121,0.0004863765723342121,0.9999903350919598
1741341850.7659345,2,0.009114322244698471,-0.00054519230152609,-0.006930785592188162,-3.6071126165966306e-05,-0.0044237689756685605,0.0005793587508490367,0.9999900466056457
1741341850.7824583,2,0.009133463433061597,-0.0005418324493630511,-0.0068840953505830416,0.0001146265174708106,-0.004526048666859421,0.0005184710368814203,0.9999896164120959
1741341850.798869,2,0.009157644458085937,-0.0005434052447479412,-0.006841278203116472,0.0001787994907275808,-0.00439317402222156,0.0004444086766049016,0.9999902352291651
1741341850.8155112,2,0.00914081942564098,-0.0005435200849184158,-0.006863906302473634,0.0003338412811537626,-0.0044281505113923396,0.0005136877994528397,0.9999900080290264
1741341850.8323839,2,0.009089203548818684,-0.0005468781553628319,-0.006949665254234985,0.0002564935608778384,-0.004425957677255699,0.0005700724566788272,0.9999900100136433
1741341850.8488312,2,0.009159155225103117,-0.0005419146889271767,-0.00691216048001652,0.00027679814832472997,-0.004479117204947582,0.000556415829644568,0.9999897755943677
1741341850.8659294,2,0.009206076292517788,-0.000536943159546882,-0.00691336408084008,0.0004662050840344395,-0.004475836572384404,0.00044546846227314383,0.9999897754965528
1741341850.88286,2,0.009353160906380007,-0.0005329448946509843,-0.006799910677161363,0.00045942894947211796,-0.004586165928270472,0.0005131728273987364,0.9999892462725627
1741341850.8990176,2,0.009342801691792425,-0.0005398268245136129,-0.006849283780975172,0.0001900023370441843,-0.004583248084254153,0.000516601646106791,0.9999893453726642
1741341850.9159913,2,0.009306505631448966,-0.00054829663990806,-0.006917982215449879,0.00031512543136135563,-0.004469567647950373,0.00046022229504672445,0.9999898558767694
1741341850.9324403,2,0.009287242097777867,-0.0005493874033780816,-0.006943792019382123,0.00021931550365388052,-0.00443224480733166,0.0004960493355337769,0.9999900304711715
1741341850.9493332,2,0.009241264655510117,-0.0005505520231325359,-0.006991029099745556,0.0001132566767077909,-0.0044569286399128,0.0005337163610027711,0.9999899190026217
1741341850.9662766,2,0.009358234028045379,-0.0005428115149392143,-0.0068458175054100946,-0.00011132745168350085,-0.004555069481135964,0.0005624937576002224,0.9999894612189636
1741341850.9824908,2,0.009316488996261724,-0.0005490396591139366,-0.006895231339701336,9.494955490150345e-05,-0.004485795975560139,0.0005505445506687266,0.9999897827076762
1741341850.9993505,2,0.009401743466324624,-0.0005522078746885893,-0.006808161335751412,0.00018385398756291154,-0.004565219751399303,0.0005411984282706543,0.9999894159792861
1741341851.015789,2,0.009391984621597897,-0.0005512014557423449,-0.006829019723328177,0.000356170945417646,-0.0045122264378691795,0.00047390020654604966,0.9999896441330905
1741341851.0324478,2,0.009367105114769953,-0.0005502861318719894,-0.006872182380261603,0.0005768767425813684,-0.004584432606437573,0.0004629605115588347,0.9999892178711056
1741341851.049174,2,0.009219602753305958,-0.0005586010599410083,-0.007063240579307339,-3.508487883563331e-05,-0.0044580657647458515,0.0006460654240773659,0.999989853457602
1741341851.0659883,2,0.00930001083463601,-0.0005495841694685171,-0.007003515900405937,0.00017107694689338584,-0.004547194593601232,0.0004597561621162993,0.9999895411344449
1741341851.0825758,2,0.009377512446062136,-0.0005444273086059635,-0.006963650706529153,0.0003635692609557624,-0.004570353043840548,0.0004839728430240277,0.9999893726738971
1741341851.0994616,2,0.00947171936296927,-0.0005424132014989449,-0.0069079147339924036,0.00036592953295994975,-0.004588724494839273,0.0005973115078144598,0.9999892264029898
1741341851.115977,2,0.00945376381710602,-0.0005466205013102467,-0.006982826244083754,0.0004128650546557136,-0.0045439095794308874,0.0005141835420561619,0.9999894589661762
1741341851.1324368,2,0.009391561430828942,-0.0005527766713207471,-0.00709220045231861,0.0004218519190980607,-0.004541152664333628,0.000415847672604054,0.9999895134670918
1741341851.1491723,2,0.009352109162269221,-0.0005531220681800006,-0.0071313405483624664,0.0002459632526023123,-0.004469750967485772,0.0004821401553104425,0.9999898641332509
1741341851.16595,2,0.009461423201367569,-0.0005442423878730003,-0.006965554788607966,0.00010616811062166216,-0.0046245075199488365,0.0004641937055119608,0.9999891935329771
1741341851.1826808,2,0.009308203951884714,-0.0005528923454678157,-0.007064664229596028,-0.00020381490156931806,-0.004505355750786694,0.0005679931642678839,0.9999896687530377
1741341851.1991107,2,0.00943756498698734,-0.0005427478632152747,-0.006845019822941006,-1.0099481107148237e-06,-0.004658644415944995,0.0005723915200179675,0.9999889846388977
1741341851.216273,2,0.009400538877179215,-0.0005509687725596966,-0.006850836428395193,-9.310054930042496e-05,-0.004631286612472563,0.0006062712111912775,0.9999890874163674
1741341851.2327192,2,0.009402749826172231,-0.0005568356883378798,-0.006863074902519682,0.00026805707979272276,-0.0045764088872052265,0.0005430871352374187,0.9999893447849645
1741341851.2495668,2,0.009437318580508244,-0.0005517709098219477,-0.006901624320077629,0.0005206454477369663,-0.004569167873468564,0.0004075918867264717,0.9999893426942688
1741341851.2660205,2,0.009566768227230895,-0.000545811521163206,-0.006865183575738768,0.0006263888407560242,-0.004654485232556068,0.0005734812229659487,0.9999888071991241
1741341851.2825644,2,0.00959948471220336,-0.0005459795887308634,-0.006947885168228901,0.0006377613010435018,-0.004603660015419789,0.0004486871472555077,0.9999890990679995
1741341851.2996154,2,0.00965749730286101,-0.0005490417424563979,-0.006981011519078722,0.0006524511617753239,-0.004708744919744052,0.000509832195744201,0.999988570984636
1741341851.316269,2,0.009605986062205763,-0.0005592878796849955,-0.007087952383739879,5.783178648644596e-05,-0.0046887289030465495,0.000534826872156845,0.999988863156473
1741341851.33267,2,0.00949814875561107,-0.000570261666495422,-0.007213592618252759,-0.00039798263516943854,-0.0046420142687363265,0.0006059351128687302,0.9999889630170875
1741341851.3495286,2,0.009582558799990168,-0.0005535403451591345,-0.007068240631131703,0.0001224724675455777,-0.0045997630866839645,0.0005085977221501466,0.9999892841967848
1741341851.366095,2,0.009507135549286512,-0.0005527129377724605,-0.007087360671995421,-3.211910216630465e-05,-0.004586718061604502,0.00040085006033178277,0.9999894000963289
1741341851.3828003,2,0.009526168311361083,-0.0005501391023858207,-0.007001611047208089,-0.0002674521166844616,-0.004670692740155111,0.0005932940427319403,0.9999888804886138
1741341851.3993988,2,0.009395973065383593,-0.0005618256633898223,-0.007087521603922084,0.00010936801224291273,-0.004590770953898745,0.0005863079936569219,0.9999892844944007
1741341851.4161909,2,0.009462604486058764,-0.0005608021469240286,-0.0069755555448947305,0.00019825439461448573,-0.00465956264223966,0.000542070733339411,0.9999889776045024
1741341851.4330406,2,0.009405116679111904,-0.0005639847209501191,-0.007035916475710308,0.0003786505764716379,-0.0045812216049227064,0.0005299308705939488,0.9999892940455013
1741341851.449488,2,0.009417327053179141,-0.0005610822218573098,-0.007060521812745057,0.000549778344630018,-0.00457739625438295,0.00047426391846665293,0.9999892600728458
1741341851.4671586,2,0.009524360321213945,-0.0005497283492090412,-0.00702911114550532,0.0005321650739299939,-0.004663036060867516,0.0005631287328247531,0.999988827828121
1741341851.483096,2,0.00957818015188921,-0.0005551597450283608,-0.0070982618913126546,0.0007443902482943508,-0.004733434091815653,0.0005572817323707557,0.9999883648932758
1741341851.4994988,2,0.009681276978882252,-0.0005549319784507871,-0.0071229606273809296,0.0008963690762199202,-0.00471276669415297,0.0004458976646058753,0.9999883936965661
1741341851.5163407,2,0.009751350959211086,-0.0005599863008742358,-0.007145713612344073,0.0005396645637940303,-0.004680036123604019,0.0004934044128781824,0.9999887812251325
1741341851.5332294,2,0.009689834248325695,-0.0005677848850710619,-0.00726040810892787,0.0002610940807469576,-0.004700853041294922,0.0005373267926534848,0.9999887724822129
1741341851.5501237,2,0.009738868881904164,-0.0005612667980534131,-0.007169604350224627,-0.00019176251936274918,-0.00477501359300254,0.0005041302510436975,0.9999884540958524
1741341851.5665576,2,0.009614616576224623,-0.000563943604869505,-0.007207208200955185,6.834117047699671e-05,-0.004715070066196561,0.00048203861034003725,0.9999887654781594
1741341851.5830314,2,0.009543283480683892,-0.0005664918415282821,-0.0071581137016321315,-0.0007649345307792827,-0.004605004223934815,0.0006034585901343251,0.9999889222631374
1741341851.5997047,2,0.009447881389557822,-0.0005729040298071067,-0.007148649575458716,-0.0004855716443553783,-0.004618035329204966,0.0004754862122110902,0.9999891058820283
1741341851.6162417,2,0.009545854595460493,-0.0005647891422649254,-0.006966765767016418,0.00022644883197102544,-0.004640111834973315,0.0005035094090625153,0.9999890822210813
1741341851.6329827,2,0.009516452404280038,-0.0005670633599409392,-0.007015988461916286,0.0004289583163756008,-0.00462419485459657,0.00047549455787325185,0.9999891033014485
1741341851.6499681,2,0.009491615575640487,-0.0005693497469093967,-0.007148751183840964,0.000907346720073233,-0.004679081816221826,0.0005263927231619935,0.9999885028469017
1741341851.6663506,2,0.009758894181426652,-0.0005509469405390019,-0.007008259430411786,0.0009625940840305236,-0.004877040495327595,0.00044726671220875566,0.9999875438429843
1741341851.683473,2,0.009771294785008919,-0.0005541346978916913,-0.00717511162287066,0.0008431816353777753,-0.004828204579183337,0.0004440931119379147,0.9999878900599642
1741341851.6996417,2,0.009899402385814413,-0.0005576141076038532,-0.007172008714875095,0.0005884427803241727,-0.0047811223584096375,0.0004847668560310265,0.9999882797339094
1741341851.7164273,2,0.009853464854780983,-0.0005675916786215293,-0.007299911646953386,0.00019905801581302318,-0.004712646748478784,0.0005403594529524395,0.999988729610585
1741341851.7330713,2,0.009764884316507438,-0.0005760443378954521,-0.007388454312541247,0.00021057391098803528,-0.004711298939767149,0.00047586764268716156,0.9999887663723602
1741341851.7496266,2,0.00967900641005747,-0.0005751440894469695,-0.00739094066209989,-0.000936386228862534,-0.004712914140520914,0.0005410499510140879,0.9999883093747072
1741341851.7667193,2,0.009589701372532245,-0.0005709424266034994,-0.007338715336065389,-0.00035238975254280974,-0.004732762388409621,0.0005317951008077961,0.9999885969227889
1741341851.7831028,2,0.009582491969783363,-0.0005658106534742932,-0.007188434434708465,-0.00024953938623295535,-0.00478356083296543,0.0004941465062238593,0.9999884054803247
1741341851.80008,2,0.009632105459948822,-0.0005613610721449891,-0.0070111687726763326,8.265772028940247e-05,-0.0046498501367175345,0.00043797401827579206,0.9999890900605699
1741341851.816643,2,0.009578980661877713,-0.0005707612419627315,-0.0070304424717174095,0.000375387871214897,-0.004630773259388307,0.000510340006842559,0.9999890772283684
1741341851.8332148,2,0.009605623523619006,-0.0005698415385493749,-0.007065469708655782,0.0007735152994416662,-0.004655558867409479,0.000456796439363637,0.9999887593281869
1741341851.8500414,2,0.009654838794108623,-0.000566243742065355,-0.007159718439273411,0.0012480625527924753,-0.004758034113033059,0.0003653584594731131,0.9999878349082251
1741341851.8665814,2,0.009846215923953964,-0.0005609031683483765,-0.007134405655457298,0.001114301892427104,-0.0049385847264170404,0.000527340443335113,0.9999870452282117
1741341851.8838966,2,0.009953601289041929,-0.0005623189129437048,-0.007206470301242174,0.0010155265248816235,-0.004901069454859087,0.0005112324373394138,0.9999873433526401
1741341851.900376,2,0.010043446996858382,-0.0005684109538349445,-0.007244792446409844,0.000776061608713135,-0.004931587112434254,0.000482249476553233,0.999987422227087
1741341851.9165123,2,0.010013664164303649,-0.0005748377563581456,-0.007338362066457033,0.00022185391093628798,-0.004890842146831049,0.00047136429814448224,0.9999879040566617
1741341851.9333394,2,0.009815703277401335,-0.0005847942021371098,-0.007509067482887362,-0.00016799946467293766,-0.004822453266373344,0.0005111735503436375,0.9999882271418373
1741341851.949812,2,0.00973580620195352,-0.0005761438856568319,-0.00746451537568441,-0.0006815259592698611,-0.004865266352386704,0.0005760173015617099,0.9999877663800469
1741341851.9671297,2,0.009653960678206244,-0.0005695875471386295,-0.007367317164285199,-0.0009902082212104274,-0.004821715515819083,0.0005588075179772245,0.9999877290653725
1741341851.9834883,2,0.009732195518438527,-0.0005682766814963748,-0.007094144117070317,-0.0004340498876073773,-0.005192540337989898,0.00047691697278752265,0.9999863107441693
1741341852.0006075,2,0.009665774525665914,-0.0005714083898855153,-0.007039648909506959,0.00021135102046804125,-0.00478880196573325,0.0005446882610821686,0.9999883629428781
1741341852.0167015,2,0.009462689982733623,-0.0005839588749080838,-0.007254349063395343,0.0002751386039902984,-0.004569719433112189,0.0005613095608974468,0.9999893633907453
1741341852.0338564,2,0.009709298667428519,-0.0005653359211725253,-0.007078457718943923,0.0010326385913550923,-0.004799974917944027,0.00041547013358078535,0.9999878605677646
1741341852.0502923,2,0.009791440775660425,-0.000563117007982132,-0.007202937891507628,0.0013918921368402065,-0.005060599855640405,0.0004926217733020254,0.9999861050480496
1741341852.067063,2,0.010007089703150913,-0.0005604103364103646,-0.007226254713908289,0.0014517952735755171,-0.005236552306314896,0.0005423165149526349,0.9999850882404319
1741341852.0834014,2,0.0101185951371709,-0.0005688868612774555,-0.007338866105624314,0.0010611143311268392,-0.005055360754796831,0.00047966730702130565,0.9999865435511068
1741341852.099987,2,0.010008628217155856,-0.0005878061152557368,-0.007585454827066745,0.00018998682570250903,-0.004790021926127241,0.0007458649553304607,0.999988231570963
1741341852.1177406,2,0.010028378088885124,-0.0005850047135940214,-0.007531224666487496,-0.000201854902069109,-0.004973753274232998,0.0006127825074324548,0.9999874226861877
1741341852.133687,2,0.00990769838751054,-0.0005829616570047752,-0.0074910479545093524,-0.0009117163462022808,-0.005359920310319516,0.0005905302719598038,0.9999850455389666
1741341852.1502726,2,0.009657918774801766,-0.0005868828036681543,-0.0075205866250356475,-0.001593167624592917,-0.005206301886827049,0.0005885041661222981,0.9999850048377873
1741341852.1670318,2,0.0097138256894847,-0.000573693243263904,-0.007195972879778114,-0.0010272068426889925,-0.00509760625875115,0.0005140146511676504,0.9999863474295394
1741341852.1836069,2,0.009551596948188407,-0.0005879899133353477,-0.007212949996683859,-0.0005211041973735763,-0.004684611192866897,0.0005098913313030238,0.9999887613764554
1741341852.2005084,2,0.009645407287453148,-0.000581773207010092,-0.007085381348089938,0.00029874467537375696,-0.004702691711457148,0.0006071458106506616,0.9999887133444311
1741341852.2168314,2,0.009749616635301312,-0.0005730179881636397,-0.007099815942552596,0.001252785356119763,-0.004892745669154992,0.0005255252930434625,0.9999871076128106
1741341852.2339509,2,0.009902488708324756,-0.0005687932319759384,-0.007186416978655293,0.0015191673723889037,-0.005222220329464879,0.0006120651271304953,0.9999850228486452
1741341852.250328,2,0.010122391613155722,-0.0005639075918602314,-0.007248962566173883,0.0017314341799275527,-0.005306744873564497,0.0005006069258328239,0.9999842948702911
1741341852.2673318,2,0.01013035952747017,-0.0005771157660891858,-0.007498716023077163,0.0008685737050482159,-0.005035611316280759,0.0006606117099647058,0.9999867258071774
1741341852.283698,2,0.010190616814396834,-0.0005828273324854324,-0.007562784508299038,0.000556712704116633,-0.0048616797450076335,0.000544497573360407,0.9999878787582451
1741341852.3001912,2,0.01002522152757844,-0.0005989467566850433,-0.007727374669668897,-0.00030165038081100414,-0.004906798779635583,0.0005756831503108449,0.9999877503858206
1741341852.317093,2,0.009859489468054164,-0.0005963634886451943,-0.0077340646240956455,-0.0011000075138798528,-0.005306925755273712,0.000607918632379178,0.9999851283681342
1741341852.3338315,2,0.00979374696456016,-0.0005823136507106198,-0.007524524419706177,-0.0011953234408985168,-0.005255619652762903,0.0005758045861152392,0.9999853089485943
1741341852.3506193,2,0.00974702939909874,-0.0005791901110216962,-0.007293561147770103,-0.000935761182469353,-0.0057040682097584785,0.000613155423526737,0.9999831058559411
1741341852.3672717,2,0.009607032000193812,-0.0005853633918327264,-0.007241285409250016,-0.00047096717268705745,-0.004972308383305927,0.0004881830676525996,0.9999874079289979
1741341852.3839793,2,0.009546919881953914,-0.0005852048757636767,-0.0072282604363830185,0.0001915828482427134,-0.004629937151034711,0.0005279626231848127,0.999989124057586
1741341852.4005144,2,0.009737210764741011,-0.0005723644549068627,-0.007107356076311708,0.0010686308166163235,-0.004842151409009429,0.0005626418343790563,0.9999875474385049
1741341852.417401,2,0.00997007439873274,-0.0005623848166292376,-0.0071092974051868065,0.0016943102151344453,-0.00533951480955544,0.0005596373153776476,0.9999841527247163
1741341852.4340708,2,0.010082732683292161,-0.0005725583718469523,-0.007338574185928735,0.0019891404503324757,-0.0055064677788848925,0.0005230262763828952,0.9999827241389639
1741341852.4506242,2,0.010438604433106761,-0.0005686395195353545,-0.007276337583103537,0.0014927267872329414,-0.005402481548644113,0.000603708652323113,0.999984110121615
1741341852.4683418,2,0.010405506747301719,-0.0005896285180939123,-0.007532732727891218,0.0011804742382347843,-0.005048366808578734,0.0005467976623331698,0.9999864106503925
1741341852.4838068,2,0.010173286122663558,-0.0006067424998985688,-0.007814532770466263,-0.000482341092178103,-0.004896263214378793,0.0006677130552979591,0.9999876739804756
1741341852.5007575,2,0.009992924401353338,-0.0006011846318593121,-0.007813145166763392,-0.0016711293795075052,-0.0054378174901011855,0.000541351124357293,0.9999836720699501
1741341852.517199,2,0.009863448383945518,-0.0005967179592106839,-0.007619844995656468,-0.0017905369416148188,-0.005821643892427976,0.0005612791972248749,0.9999812935277906
1741341852.5340378,2,0.009783770196401495,-0.0005898400214735739,-0.00732224655443405,-0.0011943589677064588,-0.00569035545762275,0.0005140258888827588,0.9999829644242985
1741341852.550659,2,0.009612450635118872,-0.000592684887201272,-0.007228138923302609,-0.0006645122409373298,-0.004973711670835424,0.0004773968703541051,0.9999872962732702
1741341852.5672119,2,0.009563698162016281,-0.0005961823072459791,-0.007201353380667337,0.00028823094179762735,-0.0046238849677919126,0.0005472791168520249,0.9999891184889449
1741341852.5843494,2,0.009753113445180487,-0.0005779306285338916,-0.007141177445821028,0.0015585658995133477,-0.005034999878931249,0.0005116718134194852,0.9999859788219589
1741341852.600687,2,0.009947704001480467,-0.000571181704218054,-0.007273531099519685,0.0020691074181846646,-0.005608809159314072,0.0006436717628647668,0.9999819227070899
1741341852.6172783,2,0.010298132989353465,-0.0005701466066058903,-0.00730990395391639,0.00217330298320925,-0.0059166432540709996,0.0006788378814557649,0.999979904431023
1741341852.6340306,2,0.010556498879117415,-0.0005810153643608159,-0.0074083389631683615,0.0016788618105125876,-0.0055684245751771964,0.0005961412236133224,0.9999829091971588
1741341852.650976,2,0.010404075917383784,-0.0006099916881086308,-0.00779617624178436,0.0006043412070571538,-0.005012322798467027,0.000671173345718361,0.999987030374999
1741341852.6677463,2,0.010066104430667862,-0.0006254990969027078,-0.00814459866311118,-0.0011587873563268425,-0.005100242406491313,0.0006631372687912556,0.9999861023975386
1741341852.6840873,2,0.009989254072409502,-0.000607101849338461,-0.007925075755757327,-0.0015385597303570282,-0.005600563783694191,0.0006336712745986147,0.9999829323443359
1741341852.7010703,2,0.009750507932139605,-0.0005985795327420766,-0.007754583310556376,-0.002347891988306215,-0.006019659057843732,0.0006568145786022317,0.9999789096289221
1741341852.7175543,2,0.009784010938205766,-0.0005835245638621151,-0.00725863871903999,-0.0015688747584945287,-0.00578747930268067,0.0006234866833218131,0.9999818273247114
1741341852.734109,2,0.009634841725564846,-0.000599822321825537,-0.00714532199998164,-0.0003506575614442491,-0.004965153720928526,0.0004534196799894357,0.9999875092711887
1741341852.7510026,2,0.009697722500730144,-0.0005941462977899904,-0.007038316830980211,0.0008470282102403335,-0.004782681904919266,0.00044720934137479145,0.9999881041796509
1741341852.767343,2,0.009749394647313323,-0.0005893798217951137,-0.0072284486744749535,0.0018777988903948034,-0.005378584298725383,0.0005508673641730727,0.9999836204895637
1741341852.7842367,2,0.010212939408626744,-0.0005652748845492021,-0.007146976980931322,0.002650816035742395,-0.00620621720728039,0.0005904284115931752,0.9999770534550338
1741341852.8010767,2,0.010530552577355037,-0.0005704416336272985,-0.007300550083789255,0.0025587073463180913,-0.0062112581801016566,0.0006005928264626742,0.9999772560297523
1741341852.8181055,2,0.010645602298446211,-0.0005980680828429239,-0.007580818933208419,0.0015260434620325753,-0.005535519344224185,0.0006537967478747488,0.9999833007439445
1741341852.8344276,2,0.010627416343824317,-0.0006153344493117633,-0.007768657740792276,0.00023009650134256062,-0.005004474245048233,0.0006342598992448485,0.9999872499224731
1741341852.8509667,2,0.0101304424317047,-0.0006418417373633405,-0.00821385216464157,-0.0011458724000771338,-0.0051158672925027205,0.0006840980346437431,0.9999860233464102
1741341852.8677363,2,0.009992197736485173,-0.0006128379016224088,-0.007950819304703028,-0.0017452549210579013,-0.006271946315287824,0.0005710013808671004,0.9999786451380358
1741341852.8846095,2,0.009697183558118992,-0.0006063936017569902,-0.0077609101047041145,-0.0029526396707272628,-0.006352580447984203,0.0005878012022598116,0.9999752902599011
1741341852.9009311,2,0.009751726738334066,-0.0005950262769048373,-0.007215202786860829,-0.0013786040488359811,-0.005861979435938932,0.000508381423195026,0.9999817389314156
1741341852.9178076,2,0.009560209379928708,-0.0006138507273937845,-0.0071762782970855084,-0.0001323028281636802,-0.004871945829616825,0.000490805610541863,0.9999880028028574
1741341852.9349637,2,0.00948944446902291,-0.0006098087509167053,-0.007309896640730631,0.001336847339950232,-0.004756633574111046,0.0004928649831821231,0.9999876721041814
1741341852.9509504,2,0.00986402202064446,-0.0005842225171977706,-0.007227373436810017,0.002451798788546968,-0.005861904075893121,0.00046720322817141125,0.9999797040362615
1741341852.9683864,2,0.010261898576022692,-0.0005746308240431602,-0.007318995902948479,0.002855185349860701,-0.006528915684333299,0.0007889466434562362,0.9999742990396295
1741341852.9843876,2,0.010644074780993724,-0.0005830499349438958,-0.007442565939898202,0.0026864925234899653,-0.006331105619434846,0.0006390412147309737,0.9999761454584218
1741341853.0011435,2,0.010811400867759004,-0.0006073153301547392,-0.007643295366319213,0.001403111662609216,-0.005568362202107538,0.0007102519029758324,0.9999832599410265
1741341853.0182614,2,0.010278804950643912,-0.0006538940373668007,-0.008342083605717672,-0.00039015736946186054,-0.004954111568370727,0.000703655460740517,0.9999874046330722
1741341853.034512,2,0.010019536968233286,-0.0006396568221594868,-0.008372409565154771,-0.002217826305435176,-0.006001147425761782,0.0006052253016095465,0.9999793503759902
1741341853.0520363,2,0.00979896642493634,-0.0006131421938535512,-0.008074360369440947,-0.003250637500550173,-0.006894624572727318,0.0007727523627114374,0.999970649750095
1741341853.0680943,2,0.009707651547443118,-0.0006040626126896216,-0.007542629982564641,-0.003185173964942557,-0.00674816210689519,0.0005997946542529414,0.9999719782180724
1741341853.0846364,2,0.00963068515014904,-0.0006110610280774343,-0.007135909218484037,-0.0017841658449451769,-0.005587592638297474,0.0005362518740879881,0.9999826538468923
1741341853.101255,2,0.009461774370242499,-0.0006231943913713051,-0.007149495828309344,0.0005247388834801488,-0.00454742715485753,0.00037327582508284493,0.9999894530546479
1741341853.1178255,2,0.009509195615998148,-0.0006123567649860902,-0.007303138415360837,0.002049815242212394,-0.005315503702162616,0.0005278749685433518,0.9999836323789918
1741341853.134411,2,0.010038730068909141,-0.0005773104691360928,-0.00723892320855329,0.0032961571776255246,-0.0066477952744455945,0.0006165516197321427,0.999972280630793
1741341853.1512628,2,0.010638628846214235,-0.0005680146783334898,-0.007240737388331786,0.0034975338375025852,-0.007134850830396539,0.0007419620027526206,0.9999681548194772
1741341853.167952,2,0.010938084055581596,-0.0005945815344571818,-0.007499265414067326,0.0024692887821935808,-0.0063658361744637175,0.0007323457451057026,0.9999764209282235
1741341853.1851442,2,0.01077751082515216,-0.000641482055715912,-0.007985168754708036,0.0004426745508910783,-0.005171561120983054,0.0006729254652494615,0.9999863029892619
1741341853.20145,2,0.01024533236877106,-0.0006631693415796408,-0.008481017350281048,-0.001589686788870543,-0.005683164169628114,0.0007181310934576203,0.999982329258206
1741341853.2179918,2,0.009842157346558416,-0.0006408558074770638,-0.00843012545041519,-0.003356721739735641,-0.006911825741856075,0.0007451153010259934,0.999970201499657
1741341853.2348475,2,0.009649239312162786,-0.0006114216191647198,-0.00792048800703224,-0.0036874414598950136,-0.007492703237095356,0.0006597322776261224,0.9999649128479472
1741341853.2513103,2,0.009659577423903148,-0.0006012914815624713,-0.007221333156298185,-0.002845844184941977,-0.006578413836635621,0.000591174522859459,0.9999741377430481
1741341853.268119,2,0.009499954279486501,-0.0006260609896592246,-0.007031187367331709,-0.0007526089473806221,-0.004993565324735518,0.00040236208577234037,0.9999871679126047
1741341853.2851503,2,0.009391566708342576,-0.0006302494723383488,-0.007218015856362474,0.0015275835098919367,-0.004983346808932625,0.0004512706923937347,0.999986314455335
1741341853.3013365,2,0.009709504661706994,-0.0005986576744896425,-0.0073328057021662335,0.0033790803579798463,-0.00651438100006259,0.0005717766240150952,0.9999729084968315
1741341853.3182921,2,0.010408011822318446,-0.0005688219292770565,-0.007266615613565052,0.0039353787766946485,-0.007635115160155472,0.0007656479866875064,0.9999628151054095
1741341853.3346193,2,0.010936688175327194,-0.0005830641989352541,-0.0074027993167989446,0.0033027811916603957,-0.007163860182709387,0.0008601125828653402,0.9999685149793605
1741341853.351816,2,0.010980701908140603,-0.0006347889849082456,-0.00782221329303262,0.0012660531832236316,-0.0055928220502218864,0.0008147184171562322,0.9999832267017046
1741341853.3683126,2,0.010490176282947404,-0.0006729535174223091,-0.008429263563537926,-0.0010013001749061415,-0.005331528418661873,0.0007417640250620607,0.9999850108820691
1741341853.3849921,2,0.009922248242743948,-0.0006664036984090897,-0.008665430235566821,-0.0029349948230962333,-0.006780754387156603,0.000693400712895804,0.9999724628062419
1741341853.4015903,2,0.009769936912312571,-0.0006188315298255532,-0.008093782227483439,-0.004332038988831117,-0.00796766704298795,0.0007016860552086014,0.9999586278225571
1741341853.4181812,2,0.009505320663379075,-0.0006145003370052587,-0.007604933644990614,-0.0037302011291628742,-0.007280637611287055,0.0006802138697501505,0.9999663070446926
1741341853.4347763,2,0.00945251818310637,-0.0006270697192372529,-0.007107386402294069,-0.0019080576246774963,-0.0050644424407791195,0.0003966085024802626,0.9999852766118913
1741341853.4514637,2,0.009417393162046594,-0.0006337451309476681,-0.007055588876117729,0.0010335948895911372,-0.004779250783125265,0.00037953115527101383,0.9999879731275064
1741341853.4684677,2,0.009497106003349267,-0.0006215362145910222,-0.007348700539467076,0.0032190611679283245,-0.006074902558029155,0.0005202931643556299,0.9999762309670819
1741341853.4849412,2,0.010302446868022685,-0.0005727267719496024,-0.007162031298902272,0.004069033029496708,-0.007825322874292728,0.0008194422623161578,0.9999607671336395
1741341853.5017378,2,0.01087507356208384,-0.0005757216893351662,-0.007352745594231428,0.004247527472658527,-0.007818702406325895,0.0007505549477976945,0.9999601307403815
1741341853.5184033,2,0.01123519140584644,-0.0006109127974605435,-0.007576508450619172,0.0023357753588115256,-0.006387376238318726,0.000872576347650967,0.9999764918180731
1741341853.5350864,2,0.01081769426921364,-0.0006645521447902466,-0.008260708146419089,-0.0002446331456294633,-0.00523128204119218,0.0008165526811091681,0.9999859534436214
1741341853.551527,2,0.010158000734554683,-0.0006756883637270098,-0.008708154682842898,-0.0028929744269317673,-0.0066007910858269445,0.0008353567396852396,0.9999736808712136
1741341853.568586,2,0.00974359305948708,-0.000638580568957348,-0.00844968825822083,-0.0042688399714560675,-0.008133876838352322,0.000783808698123577,0.9999575004452945
1741341853.5849397,2,0.00963798498794856,-0.0006096237210659187,-0.007698098335731692,-0.0041415104154085705,-0.008048035996740258,0.000618914457769826,0.9999588461296637
1741341853.601532,2,0.009595981367977778,-0.0006184807292384292,-0.00706897112021053,-0.0024127256831989346,-0.0061336877875055465,0.0004879324711570648,0.9999781590368895
1741341853.6184514,2,0.009361028928250158,-0.0006434031497073714,-0.007114867957134217,0.0003561356809472545,-0.004574198918018406,0.0005039382037301993,0.9999893479022274
1741341853.6350088,2,0.00939707400885487,-0.0006297547151744746,-0.0073772603637495045,0.0027764762927525092,-0.005880026220285022,0.0006009336544276142,0.9999786774475682
1741341853.6518793,2,0.01022096070114977,-0.0005712581212693562,-0.0071465790006952,0.0044767079642317725,-0.00789093978063832,0.0007391877371134082,0.9999585720201966
1741341853.6685214,2,0.010865667018170712,-0.0005713970026870565,-0.007297508932506998,0.004426791280048014,-0.008156546125378326,0.0007816984161334398,0.9999566306704775
1741341853.6848667,2,0.011210288719869585,-0.0006118373325729251,-0.007624051799190665,0.0026542598298948685,-0.006706157975185378,0.0008721789845117732,0.9999736104786897
1741341853.7021306,2,0.011018427971117021,-0.0006641482404892882,-0.008147315323846313,0.00041101180139547486,-0.005308348582238534,0.0007997176385971369,0.999985506373131
1741341853.7183585,2,0.010240300801777878,-0.0006911328939953719,-0.008820312148261088,-0.0021508774671038385,-0.006249497409229263,0.0007457951849759078,0.9999778804042596
1741341853.7353122,2,0.009900707017445788,-0.000640828584792591,-0.008512325381912236,-0.004318676969502231,-0.008083911639928134,0.0008284224423921698,0.9999576556625225
1741341853.7522426,2,0.009789965020761538,-0.0006062923175137065,-0.00775039450418763,-0.004200311076348997,-0.00837067323082967,0.0006281021485430981,0.9999559463817472
1741341853.7687173,2,0.009705173660853914,-0.0006105151665123083,-0.007102438245952329,-0.0027227432106610326,-0.006556873464399193,0.0005520602181455336,0.9999746443331932
1741341853.7857327,2,0.009450044683262541,-0.0006431531900003133,-0.0070907688006099185,-7.570950416040859e-05,-0.00469987914858364,0.0005075866513263972,0.999988823817472
1741341853.8019028,2,0.009390729116182482,-0.0006395424321926389,-0.007403318644946942,0.0024912670793481102,-0.005729475596770924,0.0006031755110249998,0.9999803012444937
1741341853.819081,2,0.010129157324291784,-0.0005853747676813824,-0.007245715077740569,0.0045134102485583335,-0.007786497673494527,0.0007481124251754637,0.9999592191233142
1741341853.8355343,2,0.010962327892787057,-0.0005662891079125786,-0.007197435312046914,0.004613305625765755,-0.008380657119162443,0.0007694049885735386,0.9999539439461288
1741341853.8519254,2,0.011339196591417657,-0.0006027474560256187,-0.007528104322668869,0.0029429685865429932,-0.007001859242930924,0.0008609164697062195,0.9999707854361912
1741341853.868727,2,0.010950622704446761,-0.0006712669378096293,-0.008319311895183241,0.0004942035971798784,-0.005150126846982759,0.0007524050526637021,0.9999863328280548
1741341853.885241,2,0.01035740576207459,-0.0006910118974906189,-0.008797680505919616,-0.0023473377240608275,-0.005969780941515097,0.0007609956358502645,0.9999791360857294
1741341853.9019094,2,0.009856268418798282,-0.0006596912844794486,-0.008713130696567945,-0.0043789671294358545,-0.008078185227142863,0.0008959357150053739,0.9999573815265878
1741341853.9189727,2,0.009706976488486596,-0.0006195390621039539,-0.008005555604460835,-0.004606942166786887,-0.008150254104031897,0.0008202071614519943,0.9999558373758933
1741341853.9360757,2,0.009721322669418855,-0.0006091330408361362,-0.007251392140616504,-0.0027895146636783396,-0.0065988243786654814,0.000540190810812001,0.9999741908262675
1741341853.951942,2,0.00955570664708834,-0.0006340942526778332,-0.0071425739671685685,-0.000168499565437642,-0.004754349795605102,0.00047700139240226667,0.9999885700524727
1741341853.9686818,2,0.009547011750998922,-0.0006343430526115941,-0.007395039880660793,0.002468214614905453,-0.005745036624726089,0.0006060635043581354,0.999980267384224
1741341853.9855003,2,0.01020047704481501,-0.0005888546402054797,-0.0073202937814144334,0.004262643753796652,-0.007655451434431056,0.0007188161274157386,0.9999613528706689
1741341854.0021672,2,0.010859739286379474,-0.0005784567891441503,-0.007426260998854081,0.004138925996475021,-0.0080216099192884,0.0008940599103469486,0.9999588610151795
1741341854.0186784,2,0.011239317634612618,-0.0006075340367017654,-0.007692039528654966,0.002682479460376769,-0.006671488900336562,0.0008087627409527905,0.9999738203786268
1741341854.0352738,2,0.010943393953371685,-0.0006625072833446936,-0.008309277778749832,-3.783378499423318e-05,-0.005243209402022982,0.0007923698973444242,0.9999859396380116
1741341854.052586,2,0.010310950300618385,-0.0006899974060748455,-0.008815028919489687,-0.0026656683652273258,-0.006240322920130532,0.0008378372050761215,0.9999766250322238
1741341854.0687878,2,0.009905219134366709,-0.0006586795216028677,-0.00864652084815423,-0.003924024329495444,-0.007626166476007586,0.0007871426723607375,0.9999629113243926
1741341854.085354,2,0.009843730636366904,-0.0006148393067206319,-0.007940786323639733,-0.003946213819593754,-0.007487512067097327,0.0007551852938327007,0.9999638964756213
1741341854.1021495,2,0.00978882314638205,-0.0006043920207474186,-0.007394558383947438,-0.002202417716618724,-0.0061048220858413195,0.0005198819798427759,0.999978804888498
1741341854.118791,2,0.00979060115885324,-0.000615391782241813,-0.007197277405112057,0.00020664146702679032,-0.00485262322567979,0.0005963593888729628,0.9999880267796275
1741341854.1356819,2,0.009869306796581554,-0.0006171625186513569,-0.007372415959701923,0.0025550030918883217,-0.005789955646561624,0.0005886391622744524,0.9999798007343688
1741341854.1519804,2,0.0102970466327056,-0.0005995925443786386,-0.007492651554128462,0.0037372410891800627,-0.007152642180107447,0.000768448271734511,0.9999671405731981
1741341854.1694388,2,0.010904905666531097,-0.0005904699933974494,-0.007515315522296815,0.0036166161203654104,-0.0072289512239096165,0.0008414171482739219,0.9999669766393403
1741341854.185768,2,0.011012012743696738,-0.0006199712555956454,-0.007941038898432139,0.0021178677608668342,-0.006007498854379332,0.0007540976441257198,0.9999794277535939
1741341854.2022195,2,0.010849604432359897,-0.0006467780761221789,-0.008302265973023745,0.000160017698624358,-0.005208161757589504,0.0006760023412289397,0.9999861961378655
1741341854.2190661,2,0.010394061846380948,-0.0006569482116244193,-0.008588487447628745,-0.0018433042999317151,-0.006156732876780783,0.0007963865416455771,0.9999790310991615
1741341854.2356436,2,0.01012757510025132,-0.0006321767076751107,-0.00832792845397456,-0.00317817599829764,-0.007107075532590498,0.0007017314810169868,0.9999694476570904
1741341854.252185,2,0.009899778701019277,-0.0006239691901075555,-0.007976762520665806,-0.0029320581292321016,-0.006506948280631794,0.0005699296805547391,0.999974368591195
1741341854.2691274,2,0.009928550080753338,-0.0006085065461258737,-0.007519426006958446,-0.0013111085706111658,-0.005202063803215861,0.00048163405715152607,0.9999854936723523
1741341854.2858002,2,0.009906924584667152,-0.0006143388150543493,-0.007484696252470428,0.0007516275781366204,-0.004927684300987493,0.000452122854220451,0.9999874742057214
1741341854.3023875,2,0.010196024199226147,-0.00060167812992454,-0.007450472432722807,0.0022501334442027376,-0.005844628617749784,0.0006812651014948654,0.9999801563499474
1741341854.3189025,2,0.010717440157069191,-0.0005835639461336248,-0.0073635694861898275,0.0029461942145511365,-0.006648465170432716,0.000681546326636872,0.9999733263168235
1741341854.3359509,2,0.010939577681726261,-0.0006053721952765517,-0.007633879467760774,0.0025208576437646467,-0.006225476960813992,0.0007409598830362493,0.999977169585287
1741341854.352792,2,0.01092757538440525,-0.0006243025018586312,-0.007971164153839168,0.0009956312788138065,-0.005301825862949367,0.0007134716265222849,0.9999851950499635
1741341854.3690536,2,0.010608343497391226,-0.000647915788771228,-0.008358539941297798,-0.0006742395020306888,-0.005184551650980969,0.0007454810540190995,0.999986054944403
1741341854.3857362,2,0.010396019127974152,-0.0006389039793355493,-0.008346380148108956,-0.0019066013551498455,-0.0058561242996109176,0.0006818278717565597,0.9999808027108388
1741341854.4029968,2,0.010141816226074487,-0.0006274861085388869,-0.00821501609377089,-0.0017932244019022083,-0.005997824249348177,0.0006756276224382272,0.9999801767924373
1741341854.4191716,2,0.010170907606102375,-0.0006082200363895843,-0.007785631695537859,-0.0010280311139238896,-0.005298467525406471,0.0004666149415290841,0.9999853257245366
1741341854.4363751,2,0.010154621954056581,-0.0006066769797680639,-0.007635342501270133,1.3364334286405387e-05,-0.004923155221263059,0.00059857282611848,0.999987701961696
1741341854.452652,2,0.010328588002520326,-0.0006009222672095202,-0.007527247296192117,0.0012716041315259006,-0.005118794189928768,0.0005703885653487265,0.9999859277139145
1741341854.4693902,2,0.010486746722980613,-0.0006041641592164393,-0.007649921851871271,0.0018433262601369703,-0.0056162178989090875,0.0006428890891238784,0.9999823233129822
1741341854.486271,2,0.010710121358167063,-0.0006066934256722723,-0.007743369554328239,0.0017029947790846486,-0.005646345913509991,0.0006553481748882011,0.9999823943977099
1741341854.5026662,2,0.010730051933789456,-0.0006171997019709857,-0.007966271591954984,0.000990409665054835,-0.005231447168539525,0.0005813698948661534,0.9999856564262627
1741341854.519938,2,0.010642616829407063,-0.0006225702331968417,-0.008111797785007426,-0.00025399495315091904,-0.005096400419593774,0.0005696791149708512,0.9999868187406438
1741341854.5357966,2,0.010505774870792265,-0.0006262823672852836,-0.008137196040185724,-0.000480508332851963,-0.00564465959342374,0.0006936869956280248,0.9999837127314466
1741341854.552643,2,0.010380795263603524,-0.000626965891151874,-0.008049537976574046,-0.0008226450586200562,-0.0054389688305325305,0.000547449749796871,0.9999847204692377
1741341854.5693676,2,0.010342273036557097,-0.0006162256864628592,-0.007894829328728951,-0.0005595191211969467,-0.005191735208676751,0.0004979562574398669,0.9999862423370842
1741341854.586095,2,0.01029377763318034,-0.0006103098955518389,-0.007887063503119175,0.0002484485724616134,-0.004925707865702635,0.0005788533978104117,0.9999876702260246
1741341854.6027064,2,0.010512200434883887,-0.0006009430756918601,-0.007726005476084025,0.0010266684245492336,-0.005080371983114857,0.0005785871155864021,0.99998640041223
1741341854.6197488,2,0.010596078618509636,-0.0006062389626828326,-0.007815917920014296,0.0010870036389042886,-0.005270339397942948,0.0006154274541915477,0.9999853314898014
1741341854.6366158,2,0.01077834804489338,-0.0006113225722985864,-0.007792161051110591,0.0010342903021668404,-0.0052613330540207705,0.0005625395557343045,0.999985465978038
1741341854.6528304,2,0.01069891971397168,-0.0006244682954370584,-0.007955653483307722,3.601307771320087e-05,-0.005067083605679584,0.0005859300192538632,0.9999869899417712
1741341854.6692603,2,0.010424932440686733,-0.0006380112188367473,-0.008211537536970213,-0.0006022188665382831,-0.005155693696778099,0.0006596978021030948,0.999986310383173
1741341854.6860304,2,0.01032500664727308,-0.0006307853944696716,-0.008144953353291544,-0.001095689333743802,-0.005225418970829179,0.0005947888736007269,0.9999855702397205
1741341854.7032864,2,0.010309026776345884,-0.0006180365444542775,-0.007986471266759264,-0.0009502323337813512,-0.00502075054371549,0.0005628242350583166,0.9999867860883813
1741341854.719324,2,0.010384287141803929,-0.0006112070932083028,-0.00783508341954555,0.00019369316712507394,-0.005030229558451387,0.0006131289845317482,0.9999871415905279
1741341854.7363505,2,0.010497202109715302,-0.0006110525671031801,-0.007806160472329108,0.0011701240485790488,-0.005156675774255476,0.0005138741448556611,0.9999858876194371
1741341854.7529044,2,0.010608198469797023,-0.0006172551602698647,-0.00792274508492625,0.001679677955907206,-0.005403797121690306,0.0006434782233173708,0.9999837816656869
1741341854.7693615,2,0.010749191629364696,-0.0006204575934252583,-0.008029262883144974,0.0013396793707265704,-0.005377595621836103,0.0006607673071970541,0.9999844249342474
1741341854.786531,2,0.010781054537236089,-0.0006269632212874988,-0.008152498217475808,0.0007121513584824637,-0.005054394637899426,0.0004902465391141192,0.9999868527103833
1741341854.802829,2,0.010703029094775711,-0.0006324342054318529,-0.008198217488876178,-0.0003708306518040445,-0.005278534059146537,0.000577622079436039,0.9999858328574198
1741341854.819542,2,0.01043112820033761,-0.0006402701061654287,-0.008265992769900027,-0.0017923682724511035,-0.005977502659761918,0.0006112391277070505,0.9999803414390991
1741341854.8365798,2,0.010272310950312198,-0.000635957332927789,-0.008111546858046844,-0.0017543108888162366,-0.005557214953420935,0.0006477461061367559,0.9999828099423754
1741341854.8529313,2,0.010255678260565506,-0.0006196096365481114,-0.007846369515448174,-0.0004966732206952816,-0.005045373374816537,0.0005701945619845524,0.9999869861160103
1741341854.8699994,2,0.01030778121299584,-0.0006111534668689761,-0.007738568815127094,0.0006148898563539149,-0.004962684290333412,0.0005456640701372402,0.9999873478828728
1741341854.886288,2,0.010626342103708174,-0.0005985196415137612,-0.0076046305921548185,0.0017922316987999754,-0.005737963566661243,0.0006612727547347493,0.9999817130317882
1741341854.9030972,2,0.010800982207742794,-0.0006062605174440326,-0.007828901363807804,0.002454501025955581,-0.006187085472749573,0.0006961816196761269,0.9999776051138439
1741341854.9197233,2,0.01102276325686186,-0.0006197616174259174,-0.008011932682305342,0.0019210354963927938,-0.00590784785975825,0.0007368033056483469,0.9999804318471319
1741341854.9365988,2,0.011020119409502628,-0.0006376177396428852,-0.00824847832493702,0.0005033012196829366,-0.005219633090912442,0.0006946617112308217,0.9999860096838282
1741341854.953162,2,0.010747050442630511,-0.0006513439279719677,-0.0084905166750772,-0.0009380719924115339,-0.005916661935590219,0.00076621352030093,0.9999817628583626
1741341854.9695287,2,0.010517973744942925,-0.0006462009853539514,-0.008370930050470675,-0.001723431297637769,-0.006342996045764741,0.0006604250187542297,0.999978179774199
1741341854.9869258,2,0.010306810935989284,-0.000631142725895841,-0.008102498441571024,-0.0017231520330774194,-0.006318531950818285,0.0005688205253799043,0.9999783914386686
1741341855.0034904,2,0.010255396598600336,-0.0006169260923030212,-0.007764171302604803,-0.00043257635621068817,-0.005480465773572317,0.0006054964687455027,0.999984705256349
1741341855.0200214,2,0.01027846707547221,-0.0006113088892093629,-0.007636632951579955,0.0007113329518015721,-0.004977211519875874,0.000533628606748967,0.9999872182240273
1741341855.0364046,2,0.010505658720787016,-0.0006077638863562323,-0.007645515062786698,0.0022587516153643058,-0.005962367900070417,0.0006822314533038476,0.9999794411738715
1741341855.0530753,2,0.010905495068456937,-0.0006038376411915527,-0.007722632741970248,0.002926190657023781,-0.006711338513372388,0.0007648896468494932,0.9999729047766373
1741341855.0698197,2,0.011204637221139058,-0.0006144608727161335,-0.00794124145258668,0.002473583787458172,-0.006409096630118993,0.0007848289190140481,0.9999760941678556
1741341855.0865176,2,0.011115521508440206,-0.0006419450775802864,-0.008368521386894359,0.0009054125337135518,-0.005281954512791787,0.0006621608894889812,0.9999854212575426
1741341855.1031914,2,0.010839786716373766,-0.0006579631013284292,-0.008630740000672798,-0.0007773214647945083,-0.005218740636921699,0.0006218538789461921,0.9999858868080379
1741341855.1198769,2,0.010609632631349382,-0.0006457751112368249,-0.008470465169708247,-0.002454268160116953,-0.006756859354159981,0.0007681427907413984,0.9999738653465496
1741341855.1366274,2,0.010292761972937619,-0.0006380137263227873,-0.008237724513613324,-0.0028287346217431906,-0.00679344815423879,0.0006971735379365656,0.9999726802626526
1741341855.1531723,2,0.010141784660808551,-0.0006288569183210688,-0.007944777312191172,-0.0011422347829793485,-0.005557216822366587,0.000593350474187588,0.9999837301556984
1741341855.1702557,2,0.010241819524107095,-0.0006141955111502304,-0.00770206864719616,0.0005182188725838454,-0.004883712708787637,0.0005969315051278125,0.9999877621611959
1741341855.1866167,2,0.010407239311980955,-0.0006153836569071441,-0.007786637194575424,0.0023480570870055488,-0.0059629814256999085,0.0006157241778704574,0.9999792749673214
1741341855.2033112,2,0.010979031444123549,-0.0005990300607920238,-0.007669209593091633,0.00290231544876487,-0.006901314665395516,0.0007440772338256866,0.9999716969844673
1741341855.2201767,2,0.011197647676049288,-0.0006210733304845914,-0.007987392848665283,0.0022691830104441257,-0.006499283385621727,0.0008373713597405693,0.9999759541774714
1741341855.2368674,2,0.01116152145786949,-0.0006441132782316004,-0.008352282372615658,0.000795231545209182,-0.005279782843125461,0.0006992167331184184,0.9999855011928318
1741341855.2540069,2,0.010938420398576008,-0.0006531298294284782,-0.008555106466187718,-0.001263951294947929,-0.005587566418760144,0.0007048411257632853,0.9999833422250729
1741341855.2699447,2,0.010590853598022174,-0.0006532323303354588,-0.00855600167771866,-0.0023284848811593755,-0.006577293076566299,0.0007489015851586413,0.9999753779570569
1741341855.2865252,2,0.010349772157636286,-0.0006400455612877868,-0.00829318886541944,-0.002207161515280984,-0.006275556488443081,0.0006028589947827926,0.9999776909460723
1741341855.3032615,2,0.010325277423516467,-0.0006255422917350022,-0.007902694015028354,-0.000829210680816723,-0.0058095860132854425,0.0006228888587598394,0.9999825864131189
1741341855.3201537,2,0.010298158588666765,-0.0006238863626047643,-0.007839165357140646,0.0006545402759119088,-0.004962673218450672,0.0005960831984100705,0.999987293987466
1741341855.3374193,2,0.01065340860318197,-0.0006127717246660666,-0.007716137604943678,0.002124931960807186,-0.005971605572123022,0.0006501296810559035,0.9999797007551956
1741341855.3535173,2,0.01100767373670396,-0.0006104582919533524,-0.007826734530960605,0.0027283429466433127,-0.0065979250441431355,0.0007100130413981631,0.9999742593743893
1741341855.3700902,2,0.011254170636334377,-0.0006233330104747122,-0.008025671104867453,0.0018972635015228113,-0.006057789941389569,0.000669400110084017,0.9999796275303434
1741341855.3868184,2,0.011139414902303258,-0.0006424412776933744,-0.008362240780243235,0.0001026581274069921,-0.005233837183683822,0.0006508492302642794,0.999986086305666
1741341855.4034488,2,0.01075853602940005,-0.0006586751364039989,-0.00864158528640111,-0.0017227612983818563,-0.005985125818860454,0.0007028169191182738,0.9999803580125058
1741341855.4203436,2,0.010493696090766589,-0.0006548857823531089,-0.008531154844776439,-0.002191298096587607,-0.00633875168496563,0.0006826942315540514,0.9999772759259655
1741341855.437088,2,0.01048974723633184,-0.0006325155649601462,-0.008081336034836907,-0.0013808574997734746,-0.0059096546299253925,0.0006226129803061986,0.9999813906107439
1741341855.4534652,2,0.01037202640856523,-0.0006300527215466844,-0.007964838939190715,-0.000441815721065565,-0.005012414564521373,0.0005529080047744802,0.9999871873138377
1741341855.4703965,2,0.01053340486674269,-0.0006193310763187906,-0.00786610018928699,0.0014176580758467842,-0.0053318107195360785,0.0007028141863389627,0.9999845339265255
1741341855.486788,2,0.010917452343869673,-0.000607612124274677,-0.007806889466362429,0.002259356847582023,-0.006232832915670528,0.000780046754249644,0.9999777190655509
1741341855.5035086,2,0.011241353386371947,-0.0006154234282827936,-0.007911199166867723,0.0022408372165233924,-0.0062489893547912085,0.0007249330699127352,0.9999777013777141
1741341855.5206778,2,0.011230408446809588,-0.0006410658703237916,-0.008239394720309955,0.0008474553213089413,-0.005361654249058561,0.000627744024138903,0.9999850700988652
1741341855.5368915,2,0.01092424768220767,-0.0006599156243369377,-0.008580598020622813,-0.0010835163211861,-0.005448559871291586,0.0007708626343812978,0.9999842723555754
1741341855.5538328,2,0.010499484788632283,-0.0006694637469663783,-0.008730633484022513,-0.002232049673296485,-0.006484898747150211,0.0007427576792611216,0.9999762058936829
1741341855.5706294,2,0.010481352216517569,-0.0006374308912001327,-0.008275160457977491,-0.0020903597140537527,-0.00617871110790841,0.0006155007339987348,0.9999785373117552
1741341855.587182,2,0.010426147533271306,-0.0006287831297589467,-0.00797845412427038,-0.0007588162147764911,-0.005201524565533919,0.0007200862816551387,0.9999859248088911
1741341855.604137,2,0.010592546179301372,-0.0006218991981030008,-0.007772170625309081,0.0012310141240592907,-0.0052197642638245,0.0006062687648445747,0.9999854354456575
1741341855.6204245,2,0.010856307164966323,-0.0006184538255724618,-0.0078207280716431,0.0024175214157859453,-0.006247892417709376,0.0006559375042107187,0.9999773443316261
1741341855.6379564,2,0.01112038915052741,-0.0006280181768799199,-0.008058402538230073,0.002356676387899247,-0.006617308474995271,0.0008095855672932694,0.999975000625595
1741341855.6536386,2,0.011280191215280412,-0.0006430696686007107,-0.008318553972214328,0.0014725255344156544,-0.005765805631516798,0.0007781309016719334,0.999981990670967
1741341855.6703713,2,0.011143602405485753,-0.0006555847502204203,-0.008578344409356953,-0.0003393764944738247,-0.005269956049883947,0.000664766769652418,0.999985835135663
1741341855.6875708,2,0.010822377356496585,-0.0006607416863312152,-0.008644840189630468,-0.001598479793361812,-0.00646522047558283,0.0006803939519977425,0.9999775911742336
1741341855.703827,2,0.010462175516307147,-0.0006561041840100668,-0.008482884618708634,-0.002931804274604041,-0.007099645059780596,0.0007646456539382144,0.9999702069965607
1741341855.7205455,2,0.010329328727145138,-0.0006351652061362397,-0.008103804126871455,-0.0016959789148661918,-0.005907185086194973,0.0006917178674363083,0.9999808749902519
1741341855.7371485,2,0.010337684834351499,-0.0006291188729567986,-0.00789145913401556,0.00018641820021047403,-0.004990532256914206,0.0005675750081315701,0.9999873687675547
1741341855.7537942,2,0.010701251443803312,-0.0006118116312644436,-0.0077270758835227904,0.0021791958918239546,-0.006215072216501504,0.0006952556598779725,0.999978070060627
1741341855.7710786,2,0.010947229336240627,-0.0006256468839683857,-0.00804996942443072,0.0030825477610886038,-0.007230756303754213,0.0007649593252916381,0.999968813963619
1741341855.787119,2,0.011412177756869285,-0.0006308008044508665,-0.008161201506424428,0.002291991224149325,-0.006763027472954572,0.0008795765541639658,0.999974116955391
1741341855.8039942,2,0.011451346739020343,-0.0006485680533451976,-0.008449334410172182,0.0005048807006064547,-0.0054595959968876,0.0006742376862538592,0.9999847415388754
1741341855.8210375,2,0.01105852417423814,-0.0006685158307350492,-0.008745756202960277,-0.00099347164054659,-0.006013851000349393,0.0007244980460521564,0.9999811606789532
1741341855.8374174,2,0.010470900296854874,-0.000672097542465724,-0.008853607655711245,-0.0031388447629204664,-0.007530100818392362,0.0007431422430755085,0.9999664459244749
1741341855.8538713,2,0.010272920191867839,-0.0006464875347008707,-0.008364262504973932,-0.003146348833533429,-0.007179605489953456,0.0007665426013133864,0.9999689826021938
1741341855.8714101,2,0.010308856119704201,-0.00062777915999761,-0.00784282125004676,-0.0008407892905482957,-0.005419804440039839,0.000530035451681812,0.9999848188125761
1741341855.8871987,2,0.010489089972226747,-0.0006162090664742,-0.007648769089258013,0.001481986980626193,-0.005444857181639454,0.0006498129682731847,0.9999838673638526
1741341855.90388,2,0.010897867870366236,-0.0006084685952693395,-0.007692743683804952,0.0031583083617907895,-0.007383522737332785,0.0007264454122452793,0.9999674899502193
1741341855.9205513,2,0.011366462521808873,-0.000620012364322118,-0.007919705687425987,0.0032418427660721445,-0.007775839425977037,0.0008379721114050269,0.9999641616475273
1741341855.9375591,2,0.011624206896474774,-0.0006380158740421388,-0.00822877684220151,0.0019505030151795095,-0.006302015635882074,0.0007390638533357699,0.999977966718034
1741341855.9539459,2,0.01121354473446888,-0.0006754771776597418,-0.008835432781444764,-0.0005065422273268903,-0.005499774845930011,0.000767336976156115,0.9999844534219424
1741341855.9704697,2,0.010846316791010982,-0.0006729848862559124,-0.008851014110314092,-0.002964791936579522,-0.007346908420074844,0.0008703841978814376,0.9999682371839557
1741341855.9877348,2,0.010468090050687906,-0.0006512807814981759,-0.008518671664885864,-0.0034813615660366235,-0.007984151120768971,0.000788112734685108,0.9999617554340989
1741341856.004014,2,0.01028964355680199,-0.0006321164951020436,-0.00802368526455123,-0.0021352899249294575,-0.006674323948578941,0.000648390917238211,0.9999752364563755
1741341856.0208547,2,0.010356970414664459,-0.0006230858139610365,-0.007694325748682843,0.00019117537271432316,-0.004981528549341792,0.0005363543631009885,0.9999874299956405
1741341856.0374897,2,0.010615798124926993,-0.0006156984590324149,-0.007710888327198969,0.0025925324399418822,-0.006487583631741525,0.0006827763545914733,0.9999753616217845
1741341856.054146,2,0.011147775098961202,-0.0006141798488081126,-0.007838738377357246,0.003430687743838841,-0.008011450840992966,0.0008888726754742223,0.9999616277349813
1741341856.0707633,2,0.011618508524939529,-0.0006262472578874146,-0.008054514956927578,0.0026109919620872822,-0.007121603771628431,0.0008171785765465492,0.9999708984264832
1741341856.0872314,2,0.011469691899201257,-0.0006656926152611821,-0.008587706425347024,0.00042676482625353575,-0.0053672879384312035,0.0008157957252865429,0.9999851721747197
1741341856.1046162,2,0.010878088178578578,-0.0006928618428062294,-0.009057104791194143,-0.0025388515397010915,-0.006300314564628668,0.0007974547325190168,0.9999766118940961
1741341856.1208744,2,0.010512752244345697,-0.00067114115684934,-0.00879423675345911,-0.0037399081751943336,-0.008086935730669128,0.0008152478874154137,0.9999599741630718
1741341856.137336,2,0.010321346981373847,-0.0006442684977206947,-0.008224184460355256,-0.0028561831250820185,-0.00740490356736197,0.0006847257333293855,0.999968269882492
1741341856.1544085,2,0.010286358916084593,-0.0006338612274156588,-0.007827329162977705,-0.0005925911891799079,-0.005247865441427721,0.0005549466376803,0.9999859002897092
1741341856.170893,2,0.010567868760998243,-0.0006177388033043349,-0.0076484570382113265,0.0020046261430576055,-0.0060543711416335905,0.0006270167178453063,0.9999794662462532
1741341856.187767,2,0.011019025431359963,-0.0006115911657731542,-0.007804774018295647,0.003345021521410484,-0.008014832015247043,0.0009346216738839618,0.9999618491628145
1741341856.20439,2,0.011546470872569907,-0.0006258670241968762,-0.008036725532720846,0.003047996573299115,-0.00783386244159736,0.0009522135595442734,0.9999642161624946
1741341856.2214265,2,0.011574122176042697,-0.0006648813587952464,-0.008526769021462127,0.0012924311449480075,-0.005696204159051771,0.00069307576286611,0.9999827011133247
1741341856.2380688,2,0.011085896346392959,-0.0006948502620763094,-0.009003791230487347,-0.0012239671723749785,-0.006009440705608282,0.0007135709559753028,0.9999809394899772
1741341856.2542074,2,0.010457317084860052,-0.0006903806458731636,-0.009100563869572864,-0.003455097429318124,-0.008149033105289732,0.0008526169779429572,0.9999604635211792
1741341856.2709448,2,0.01029930887383979,-0.000650380892000231,-0.008415481085561692,-0.0033496119829117712,-0.007959695747672874,0.0007231301472797357,0.9999624495079595
1741341856.2879188,2,0.010367148809331303,-0.0006270586705077469,-0.0077420850352522145,-0.0006294985626394423,-0.005515446647158424,0.0005971094907600951,0.999984413398578
1741341856.30428,2,0.010435356765132384,-0.0006297648699974883,-0.0077001775286276,0.001468863904991903,-0.005664020605047092,0.0007431961780678456,0.9999826043331229
1741341856.3209503,2,0.010854158998241586,-0.0006195045148703449,-0.007867176159575657,0.0035624545485846166,-0.008207505030592059,0.0010200774940033028,0.9999594517882554
1741341856.3379035,2,0.011571363517257538,-0.0006168475684288961,-0.007979124379474775,0.003304568060150707,-0.008581760655499475,0.0010814509133318052,0.9999571309200758
1741341856.3544567,2,0.011831970164320976,-0.0006515371110704367,-0.008367155412010647,0.0016779556414575321,-0.006379696092167426,0.0008641748701884982,0.9999778683273098
1741341856.371158,2,0.011328459939842427,-0.000701400250674892,-0.009008649362228642,-0.0012757007086100609,-0.005890363943024975,0.0006945279743478962,0.999981596746267
1741341856.3875651,2,0.0106831105692969,-0.0006946025734967571,-0.009099839853598609,-0.0035355497417931983,-0.008685873469709532,0.0007784279156930827,0.9999557237898444
1741341856.4044187,2,0.01020778948363791,-0.0006615208736349534,-0.008643509048532564,-0.004039749257274441,-0.008931786165293167,0.0007853867870649349,0.9999516422254782
1741341856.421321,2,0.010318719221354135,-0.0006265086333202631,-0.007747500208604622,-0.0018763404225602678,-0.006269155444731231,0.0007068178288358742,0.999978338487982
1741341856.4378936,2,0.01032035939035363,-0.0006304127816541836,-0.007621267405540509,0.0010806174633210752,-0.005420925641396854,0.0006183964152177893,0.9999845315888451
1741341856.4551728,2,0.010697581619172131,-0.0006239319316314251,-0.007807151785883185,0.003574605332701508,-0.008438176676495168,0.0008307715835122017,0.9999576636986527
1741341856.4714568,2,0.011467116447387762,-0.0006178095906205903,-0.007976004411131924,0.004021124120793513,-0.009652124684543935,0.0010755246958777539,0.9999447536221727
1741341856.4878957,2,0.01191478849209928,-0.0006494081759704815,-0.008344717199755982,0.00254473767253365,-0.007240799000990932,0.0008114819316457211,0.9999702178750525
1741341856.504874,2,0.0115371163260347,-0.0006996979930447868,-0.008995343461363641,-0.00044757094174730996,-0.005686149613389715,0.0006493486150198995,0.9999835227288509
1741341856.521695,2,0.010631848318335156,-0.0007225382146741756,-0.009482119770672988,-0.003934428351987222,-0.008754567962100229,0.0009934220981116986,0.9999534443792246
1741341856.538112,2,0.010293736027434134,-0.0006700108154286438,-0.008780552724418201,-0.0048410687015507875,-0.010344751205627929,0.0009605375618090374,0.9999343116144744
1741341856.554488,2,0.010043952581619733,-0.0006515975711302484,-0.00808286434738866,-0.003001670258538449,-0.007478668215943992,0.0007460209624189653,0.9999672509387988
1741341856.5714788,2,0.010173580917704986,-0.0006393811819202739,-0.007623255318951642,0.00046519372001375644,-0.00505359166292413,0.0006252087677602634,0.9999869268745987
1741341856.5882006,2,0.010505028033347455,-0.0006260963137765499,-0.00775915138358632,0.003433671211956859,-0.00824267403421106,0.0008369779147992212,0.9999597830386701
1741341856.6046827,2,0.011295877679627895,-0.0006150755832031391,-0.007955636372519774,0.004273092827144519,-0.010563049172336091,0.0011120759640211677,0.9999344608307704
1741341856.6215484,2,0.011846812792895334,-0.000652633026854211,-0.008393860831627348,0.0030741722308179477,-0.008149498858235764,0.000892713667683407,0.9999616683632241
1741341856.6382627,2,0.011561854146028899,-0.0007141032821366422,-0.009120801644373922,0.0003733376613222073,-0.005513081092597571,0.0006596923788568292,0.9999845155610272
1741341856.654817,2,0.010811389727839968,-0.0007263520714842795,-0.009536792623347199,-0.0038702323100197333,-0.008584615778180808,0.0009169045150386395,0.9999552414782962
1741341856.6715732,2,0.010391967590548688,-0.0006718213135286205,-0.008903802439703847,-0.005074352189886621,-0.010987076456309712,0.001039157384418255,0.999926224904981
1741341856.688811,2,0.010189276485242092,-0.0006458020735107438,-0.008020590183331695,-0.0033967934441360955,-0.008335619188134937,0.0007534747381284327,0.9999592049293148
1741341856.7051187,2,0.01013789150997917,-0.0006477507649604226,-0.0076077507201313,5.418358420839177e-05,-0.004971007415729366,0.0005029850911553584,0.9999875164997861
1741341856.7213824,2,0.010340582632654917,-0.0006364866433023639,-0.0077782762917845295,0.003310731003874908,-0.00773687140555949,0.0006791813585283896,0.9999643586617255
1741341856.7380219,2,0.011189248922371029,-0.0006144388173182564,-0.007887561129250563,0.0042709103409371675,-0.010773888723980695,0.0011534221969022192,0.9999321738317348
1741341856.755412,2,0.01201080771974703,-0.0006316811929321553,-0.008101060572346271,0.00355972080135635,-0.0090634656480532,0.0008809801173380434,0.9999522017838132
1741341856.7713988,2,0.011817738168434266,-0.0007025383752611156,-0.008864506179814621,0.0006276598387473855,-0.005640960688141842,0.000646084552636149,0.9999836839570896
1741341856.7881444,2,0.010907806868720574,-0.0007327977905514055,-0.009570966027523015,-0.003472800212595357,-0.008153589486841164,0.000941014935692815,0.9999602857754173
1741341856.8055143,2,0.010383923463296729,-0.0006814677656641375,-0.009068440276357666,-0.005230500933885302,-0.011264776692782608,0.0010483689083504986,0.9999223207773064
1741341856.8217974,2,0.010027565164760598,-0.0006607441613384581,-0.008289310169683086,-0.003969113896427921,-0.008972897293431484,0.0009114613971883556,0.999951450065032
1741341856.8383157,2,0.010137313460088249,-0.0006502942215519689,-0.007581529196523357,-0.0003766291930082116,-0.005203498024408919,0.0006677940502181426,0.999986167809269
1741341856.8547957,2,0.01027091777544954,-0.0006443424453436594,-0.007758877822526481,0.002888301219957403,-0.007513952051266287,0.000877848781493409,0.9999672132735906
1741341856.8715622,2,0.011074023519985383,-0.0006165250950884593,-0.007937615833678491,0.0045470145288902305,-0.011279727473141179,0.001138501672776234,0.9999253953275449
1741341856.8883517,2,0.01205665157113616,-0.0006269934464332402,-0.008035507529562688,0.004003358814036801,-0.009694621514013131,0.0008914092929997361,0.9999445948758253
1741341856.9049246,2,0.011829674741302495,-0.0007056924390083368,-0.008910634882483297,0.0004320259641293205,-0.005728423816582398,0.0007735201019375106,0.9999831999492771
1741341856.9219542,2,0.010955749419094033,-0.0007418497284657642,-0.009615734819951278,-0.0028213516366060727,-0.008098215165808257,0.0007286036639208344,0.9999629633255283
1741341856.9386563,2,0.010435107834833693,-0.0006862836460421795,-0.009103976243603826,-0.005122563291822717,-0.011704506771939408,0.0009730958909346811,0.9999179051056811
1741341856.955054,2,0.010088291028298802,-0.0006550887115999688,-0.008234088153809015,-0.004190901224659073,-0.009624115992613274,0.0008958048600055646,0.9999445035960439
1741341856.9717643,2,0.010069920821303249,-0.0006544609836839797,-0.0076108117606461505,-0.00017863358148865807,-0.005215561359166595,0.0005845024145733582,0.9999862120882866
1741341856.9883003,2,0.010198225041143956,-0.0006459022152639036,-0.0077651903128072896,0.002942396095066867,-0.007438287804635447,0.0007549332619307786,0.9999677216068152
1741341857.0050194,2,0.011174603852538167,-0.0006032427062828473,-0.007756068926669177,0.004708907855801743,-0.01154338689399496,0.0011201073333339208,0.9999216578139425
1741341857.0216966,2,0.011933858118881006,-0.0006336038589271457,-0.008171966786212282,0.003807606192212485,-0.010038012531772245,0.001032387275883156,0.9999418356164571
1741341857.0386803,2,0.012048066174705859,-0.0006970794921430613,-0.008728651587293496,0.0007650859257397231,-0.005991259592747246,0.0007060207506521086,0.999981510322425
1741341857.0552373,2,0.011082826252487894,-0.0007437701643883461,-0.009587068079171729,-0.0028873819576623982,-0.00799401759163743,0.0008873092966547201,0.9999634850285221
1741341857.0717201,2,0.010395966109475884,-0.0006950043516243748,-0.0092554196225145,-0.005343406063088148,-0.01209424370254884,0.000995246579435364,0.9999120895184508
1741341857.088435,2,0.010191861045479098,-0.0006476507891237342,-0.00817470885057154,-0.004101140869562035,-0.010097388575366588,0.0009200414599597156,0.9999401866668016
1741341857.1051686,2,0.010074217574079558,-0.0006503558227457337,-0.007594461999961249,-0.0006824015682299369,-0.005333189961561505,0.000598992350181283,0.999985366203475
1741341857.121768,2,0.010163326503889238,-0.0006453739718872011,-0.007742110047251881,0.0028967173573070807,-0.007237478578035629,0.0006874593125141258,0.999969377197161
1741341857.1386034,2,0.011041972619171354,-0.0006136514322587312,-0.007827315188606946,0.004438896355719932,-0.011647344327554494,0.0012414762936516837,0.9999215440752693
1741341857.1552901,2,0.011928115679510454,-0.0006320811576636654,-0.008135063749972547,0.00391981677244264,-0.010514307963098995,0.0010830089075553136,0.9999364537090514
1741341857.1719935,2,0.012064923328484346,-0.0006943871354102877,-0.008724867711408194,0.0011379330993503574,-0.006138368978660437,0.0007087236217827412,0.9999802614278799
1741341857.188551,2,0.011029252582713337,-0.0007480553682625232,-0.009709498583107136,-0.0028186714867713646,-0.007709411599656141,0.0006841915883262076,0.9999660753974143
1741341857.205131,2,0.010526613117235042,-0.0006938428475767304,-0.009207547992237134,-0.005111202483829432,-0.011894797035813708,0.001031493333587001,0.9999156591603858
1741341857.2221627,2,0.010189918263064401,-0.0006569294080112187,-0.008291177207245719,-0.004515422796199284,-0.01017709449753913,0.0010231203998435846,0.999937493511073
1741341857.2388506,2,0.009907280608792432,-0.000667061589138998,-0.007864136052726418,-0.0012825664729137149,-0.005128813568983935,0.0006532038492092457,0.9999858117090205
1741341857.2555804,2,0.010150430918768617,-0.0006492283041842283,-0.007790597040437247,0.002591074332241558,-0.00699956911946896,0.0007806567670596654,0.9999718410740168
1741341857.2721763,2,0.011010500801211449,-0.0006109479140490429,-0.007838403843669052,0.004421419515637851,-0.011192327951534681,0.001113118080536272,0.9999269692395694
1741341857.2887485,2,0.011946400598165152,-0.0006238960010452952,-0.008037818604111556,0.003720095673394128,-0.010315465269015224,0.001087225157402055,0.9999392831596934
1741341857.3057811,2,0.01198423742048108,-0.0006917555162643007,-0.008728188124529579,0.0011535402380889557,-0.006073198324906568,0.0007569541953532347,0.9999806061256247
1741341857.322027,2,0.011193168726476563,-0.000732235212321762,-0.009466772492337433,-0.0022272228463638927,-0.007314534213379514,0.0007691282956244402,0.9999704723187074
1741341857.338808,2,0.010529794419297267,-0.0007028523255942276,-0.009242121983152505,-0.004839790442438413,-0.01097360919271085,0.0010937462837455575,0.9999274773946487
1741341857.3557374,2,0.010357199849047443,-0.0006526216923642011,-0.00823004135552852,-0.0037468665871363068,-0.009616972807208002,0.0008891623165984808,0.9999463406679272
1741341857.3719535,2,0.010146551018413578,-0.0006503642699201314,-0.007780769279722623,-0.0008706471752169158,-0.005290851454456889,0.0006223358023336751,0.9999854306751336
1741341857.3888097,2,0.010304323172131204,-0.0006382623693577161,-0.0077790272502530795,0.0024307936462271006,-0.00667428825600947,0.0007030920137324389,0.9999745250655865
1741341857.4055574,2,0.011014216850068193,-0.0006144586057626933,-0.007897170041453192,0.003995209253529138,-0.010118590078610467,0.001028974165642332,0.9999402950426631
1741341857.4220634,2,0.011775052304868893,-0.0006339044575848985,-0.008160764656361693,0.00344723224136623,-0.009328296133020076,0.0009903939754850372,0.999950058053352
1741341857.4388454,2,0.011768686990712065,-0.0006959263693097225,-0.00882648945782024,0.0012012650952962379,-0.005908349855429556,0.0005901376024795136,0.99998164988252
1741341857.455297,2,0.011114581909133538,-0.0007271998262855175,-0.009426296796544881,-0.0023786929408311334,-0.006952052023105928,0.0007158164865997445,0.9999727488283462
1741341857.472375,2,0.010606362097864244,-0.0006910821081168105,-0.009140371328419822,-0.004199226539419952,-0.009822476144589067,0.000912388312970338,0.9999425248515167
1741341857.4892423,2,0.010225944580662834,-0.0006678123208291076,-0.008528120568109747,-0.0035010565442345444,-0.008577850618209879,0.0008482059682939426,0.9999567208776993
1741341857.5056376,2,0.01020651352065449,-0.0006514254287393212,-0.007937766070345107,-0.0010309712158089442,-0.005341248023738266,0.0006216053118955883,0.9999850107750302
1741341857.5221808,2,0.010407776645548756,-0.0006391239148061678,-0.007853580439754367,0.0019634795045394594,-0.006286249812894406,0.0007897044988876827,0.9999780018472054
1741341857.5392225,2,0.010976874273799675,-0.00062614032577845,-0.008001483533463482,0.003381425326169133,-0.009002738416316707,0.001045743110891967,0.9999532104479274
1741341857.5554864,2,0.011735921271262491,-0.0006253545360768828,-0.008102030412050263,0.0029150767317466537,-0.008486949315989747,0.0009215327497047286,0.9999593115703994
1741341857.573125,2,0.011663382078970587,-0.0006792136301692893,-0.008762491980781875,0.0010224507046350281,-0.005817383454863533,0.0007910900556824596,0.9999822432527586
1741341857.5892603,2,0.011355591561853465,-0.0006943070748211236,-0.008998439319273554,-0.0016131899672823997,-0.006794830361766901,0.0007495274946001005,0.9999753327492729
1741341857.605591,2,0.01075332689633408,-0.0006821506698412779,-0.00897751416151396,-0.003491897605915684,-0.008616585964064429,0.0008429276363199507,0.9999564243357976
1741341857.6225646,2,0.010399547596149762,-0.0006643678698013676,-0.008508830696692057,-0.002711683802243047,-0.007699782415731155,0.0007511724834311145,0.999966397366235
1741341857.6391704,2,0.010412875089358732,-0.000640007819616163,-0.007962370691877127,-0.0005337867581036647,-0.0054340187184072075,0.0005597787331367873,0.9999849364665623
1741341857.6558542,2,0.01058779645980109,-0.0006315609027781536,-0.007842545523887572,0.0016502001177644352,-0.005850195369923151,0.0007326476914300151,0.9999812574648913
1741341857.67243,2,0.010990862653733799,-0.0006275801609783998,-0.007999429989067365,0.0029429213825492052,-0.007740958739502736,0.0008423289846086155,0.9999653530264992
1741341857.6894095,2,0.01143256426207352,-0.0006354084171639573,-0.008270106316009105,0.0024400553163643284,-0.007505729878341096,0.0009008151984157077,0.9999684488427747
1741341857.7059712,2,0.011569908412602855,-0.0006620510250174146,-0.008612227221994168,0.0011667574498920405,-0.0057719923173548725,0.000714668641199703,0.9999824058604606
1741341857.7226639,2,0.011296343168855352,-0.0006902787931828407,-0.008907546458508192,-0.0005928419035565307,-0.005821397396868431,0.000673865483186737,0.9999826527376041
1741341857.7392092,2,0.010868727712174843,-0.0006853629703110331,-0.00892593461381781,-0.002219922658188017,-0.007239867226972092,0.000852220119359738,0.9999709645718698
1741341857.755796,2,0.010563449147979529,-0.0006636169068072039,-0.008616935057395393,-0.0022451021062806207,-0.007072225816155684,0.000783639151014143,0.9999721641366917
1741341857.7724977,2,0.01059041749223528,-0.0006372250465906495,-0.008108358947219528,-0.0009552099613352794,-0.005317920079303756,0.0006373151543443889,0.9999852004551636
1741341857.7898893,2,0.010633990453165366,-0.000638056786454326,-0.008009877298108769,0.0005858787468549406,-0.005250741738899147,0.0006226834330529159,0.9999858492611922
1741341857.805828,2,0.010953282697012278,-0.0006301372463283561,-0.007997618911101633,0.0019782908504028577,-0.0064321005429644135,0.0008264139112093207,0.9999770154798377
1741341857.8224173,2,0.011228860510836847,-0.0006392921340596211,-0.008247708894446532,0.0023373402575534268,-0.006762695028948967,0.000714341158467715,0.999974145922371
1741341857.8391333,2,0.011575350285848647,-0.000644352912277779,-0.008322621302844124,0.0012120388648337416,-0.0060805081014810225,0.0007951792735690581,0.9999804628456201
1741341857.855805,2,0.01142639839588209,-0.0006698430361901694,-0.008662934966444326,4.0750992296364714e-05,-0.005452637612335617,0.0007400722393375595,0.9999848595731367
1741341857.8725967,2,0.011140015095388946,-0.0006728327258457488,-0.008791354456049194,-0.00086126765021258,-0.006099818428634036,0.0006733497786085765,0.9999807983322719
1741341857.8892498,2,0.010977124229187117,-0.0006506375591894597,-0.008528490420146372,-0.001227823262873636,-0.00672715098665391,0.0007414601538461842,0.9999763437834308
1741341857.9058645,2,0.01073777209360165,-0.0006475469243415502,-0.008324208583635282,-0.001409607331843496,-0.005846787893943927,0.0005915227040180282,0.9999817389229585
1741341857.9233344,2,0.010665469155627072,-0.0006509861762691417,-0.008142235959484045,-0.0005348857720239297,-0.005219279643301309,0.0006941995789241346,0.9999859954540166
1741341857.9392247,2,0.010766289740115783,-0.0006443175302327116,-0.008098132262644019,0.001246631763276311,-0.0053579142460451,0.0005822266923899735,0.9999846997210795
1741341857.9560065,2,0.011009744645958705,-0.0006385715615956039,-0.008200803724337808,0.0019011787022706955,-0.006283836567909286,0.000660236229051294,0.9999782312658869
1741341857.9728382,2,0.011388350712103326,-0.0006389163623321555,-0.008274966632257439,0.0016496970382967014,-0.00649993731307192,0.0008405711756113678,0.999977161116546
1741341857.989294,2,0.011487096891724308,-0.0006626558725860873,-0.0085464153238788,0.0008618956104197423,-0.0057208574292444535,0.0007937130764918204,0.9999829493275288
1741341858.0063136,2,0.011296236337094425,-0.000679520332695306,-0.008828825683289406,-0.00020571436112320308,-0.005376160371504859,0.0007187839779345616,0.9999852688569241
1741341858.022645,2,0.011082847186864338,-0.0006680683250038899,-0.008755152379563464,-0.0013547739096675094,-0.0066688088096552665,0.0008332660406851463,0.9999764983460459
1741341858.039646,2,0.010788320050038044,-0.0006590600923288987,-0.008542972863361297,-0.002368581675062427,-0.007088492342738343,0.0007031208043593541,0.9999718239622004
1741341858.0559666,2,0.010620507864143322,-0.0006526481155773655,-0.008238033417138245,-0.001283359637926262,-0.005633114145029332,0.0005532276313472946,0.9999831573342907
1741341858.0729308,2,0.01064073463338692,-0.0006475984068029672,-0.008076182707008668,0.0003634116757719382,-0.005145111385418446,0.0006964480454716333,0.999986455268723
1741341858.089587,2,0.010956407287735946,-0.0006297542610764427,-0.008005952929070815,0.0019817468878714243,-0.006396011630486473,0.0007979286100504499,0.9999772632537344
1741341858.1063957,2,0.011455300792457119,-0.0006273957347583067,-0.008052324258179502,0.002582311514026155,-0.007506184107529452,0.0008372618112565369,0.9999681434226031
1741341858.1227815,2,0.011738882190183222,-0.000650789654026439,-0.008345702627050672,0.00183409387661694,-0.0066395577595650575,0.0008504259285657107,0.9999759142840137
1741341858.1395025,2,0.011569441858122694,-0.0006773041715607071,-0.008785606991795793,5.802385851053351e-05,-0.0054917590843055995,0.0006765759321733442,0.9999846896129959
1741341858.1565702,2,0.011031029311670533,-0.0006915910163282995,-0.009124945048620613,-0.002796301983718025,-0.006886503972526726,0.0008853251526051134,0.9999719860864236
1741341858.1729975,2,0.010648321861424854,-0.0006798584716047561,-0.008870205561090645,-0.0033928196619384923,-0.008023390930553336,0.0010203022926545105,0.9999615357382247
1741341858.1894677,2,0.010595421007740288,-0.0006539142855241204,-0.008196478837315353,-0.0022570511631104665,-0.006935114538686751,0.0008275258966144706,0.9999730621908137
1741341858.2066648,2,0.010458799426538268,-0.0006536191687676316,-0.008066949521502212,0.0002349158370630316,-0.005022805267989899,0.0005765859228080121,0.9999871918132066
1741341858.2231822,2,0.010828371045347913,-0.0006272748391324982,-0.007967668374085525,0.0024993622246485226,-0.006871620338673156,0.0008169664977787329,0.9999729329277531
1741341858.2395473,2,0.011397010321460316,-0.000627542444457058,-0.008127755500407025,0.003315453284588689,-0.008658309227644129,0.0009795146970631538,0.9999565400565138
1741341858.2561965,2,0.011996918584108335,-0.0006444212601492705,-0.008251777631485933,0.002436881436452885,-0.007571891767570095,0.0007194339737400859,0.999968104730687
1741341858.273307,2,0.011603191671751143,-0.0006957759393908283,-0.009012197636617989,-0.00013112285909472893,-0.005552884819355177,0.0007844497763744712,0.9999842663339895
1741341858.289549,2,0.011112298690245668,-0.0006966025907346795,-0.009192038255600048,-0.0025754479888982196,-0.007741724096070752,0.0006242473669038515,0.9999665209850287
1741341858.306638,2,0.010816520697041263,-0.0006651663688824325,-0.008628658734072512,-0.0038256953507166615,-0.009370302633271188,0.0008181138098555421,0.9999484447577478
1741341858.3232174,2,0.010436075950654053,-0.0006586663410640896,-0.008218542442288755,-0.0017921579776315373,-0.007108246722611827,0.0006818131354208238,0.9999728976973137
1741341858.3398416,2,0.010395295106573171,-0.0006455078736420368,-0.007989629146454388,0.0007044268664011748,-0.0050134061052442,0.0006791164392799037,0.99998695408634
1741341858.3566446,2,0.01084413038551577,-0.0006241751438403182,-0.007939447472867829,0.002989095201361844,-0.007802358909567052,0.0008100503959238677,0.9999647655411062
1741341858.372894,2,0.011566044842523486,-0.0006244517025756618,-0.008069111884817702,0.003736117783478998,-0.00940296588294471,0.0009847450437535565,0.999948326631787
1741341858.3902094,2,0.011942461088863331,-0.0006585157215203979,-0.008497578535602422,0.00221655964877329,-0.007345203194963201,0.0008505670515294717,0.9999702052506559
1741341858.406474,2,0.011546739963872586,-0.0007021457419824422,-0.009187393186378144,-0.0006038453995649321,-0.005651656463117588,0.0006960576017802179,0.9999836046924826
1741341858.4229534,2,0.011034672698101435,-0.0006993629663898909,-0.009250479552510302,-0.0035448487090519306,-0.008552626424036935,0.0009418446452196108,0.9999566988412774
1741341858.4399393,2,0.010557184441750222,-0.0006795230348599587,-0.00881140474161508,-0.004394462639849045,-0.009450984219989404,0.001024654021485434,0.9999451573358994
1741341858.4562757,2,0.010287428189193457,-0.000657979396683032,-0.00830807587567253,-0.0024286502820477394,-0.0065586731983116025,0.0006330540849007109,0.9999753420490982
1741341858.4733868,2,0.010536470838641647,-0.0006292270396617269,-0.007868324006479422,0.001178494662509826,-0.0054438924258400365,0.0006603156057075407,0.9999842694607187
1741341858.4897628,2,0.011131000363829774,-0.0006109152977102238,-0.007776502503479354,0.003146578686747649,-0.008526048830647948,0.0010833169465967324,0.9999581151019771
1741341858.5067036,2,0.011681457964086052,-0.0006296139693701963,-0.008128024911798913,0.003557996354300948,-0.009028628161105329,0.000877821708709045,0.9999525258553623
1741341858.523346,2,0.011875879699448439,-0.0006665686436168748,-0.008639969753002068,0.001732395899868765,-0.006542127464222204,0.000720115336487093,0.9999768401351053
1741341858.5398192,2,0.011533958996677527,-0.000695297402707734,-0.009082272010160113,-0.0007832164855955149,-0.006129024587880297,0.0006174583345658517,0.9999807200015124
1741341858.5565577,2,0.01088914635223043,-0.0006984633847291555,-0.009205489478271099,-0.0036240417254412437,-0.008568681062303931,0.000984714862320476,0.9999562362238983
1741341858.573425,2,0.010540468113742676,-0.0006727174656518748,-0.008702847348079381,-0.0032515809116826487,-0.008280481524323091,0.0008809934295040579,0.9999600415505998
1741341858.5898223,2,0.010474218993167968,-0.0006442284468502379,-0.008181996393906907,-0.0012249706431593814,-0.005557741532088554,0.0005366319697302274,0.9999836613575818
1741341858.60675,2,0.0107682052707465,-0.0006246896281909293,-0.007884108519515744,0.0015580157570879245,-0.005847342936996099,0.000659212346910021,0.9999814731316573
1741341858.6234496,2,0.011167178393493534,-0.0006283512385675962,-0.008039897739862205,0.00292127959626497,-0.007792156670884574,0.0008442057094959432,0.9999650172564322
1741341858.6399279,2,0.01151694549995376,-0.0006489631442883252,-0.008418378386446417,0.002651319783878183,-0.007449516501632141,0.0008008011866244637,0.9999684164636177
1741341858.6566288,2,0.01170285514934828,-0.0006660338104310169,-0.00865166382221821,0.0009404504613438847,-0.0056760895122946985,0.000616217064455886,0.9999832587785196
1741341858.67327,2,0.01141813456786069,-0.0006808063590839074,-0.008893501212606241,-0.0015579651134575042,-0.006192068987816492,0.0007433228326906524,0.9999793390353232
1741341858.6902437,2,0.010923982229485004,-0.0006853208839232344,-0.008917634797633012,-0.002468669326768945,-0.007353573162815827,0.0008162775681271507,0.9999695816995765
1741341858.7066948,2,0.010664149255081508,-0.0006650060849566198,-0.008606522023717575,-0.0014272823835068816,-0.00645908490953347,0.0006671970950405363,0.9999778987233496
1741341858.723418,2,0.010798891713938085,-0.0006327068933180558,-0.008138012076542897,-0.00015153186186089032,-0.0051877914116924845,0.0007077345265417625,0.9999862813910017
1741341858.740439,2,0.011039380689550404,-0.0006314034667675558,-0.007987380053762103,0.00132365554619678,-0.005790239586744566,0.0007009541479064265,0.9999821147024608
1741341858.7568047,2,0.011145808538370178,-0.0006571344340426648,-0.008298353210973466,0.002099828780702542,-0.0064036889259913654,0.0007620507921650419,0.9999770011184362
1741341858.7741094,2,0.011296217780611812,-0.0006642087902023206,-0.00856502526672895,0.001343686985810816,-0.005868548569321232,0.0007469330775973854,0.9999815981976624
1741341858.7903616,2,0.011314947348606214,-0.0006707998499273834,-0.008741023583314779,0.0001610637782850956,-0.0053003255907146125,0.0007354074059437527,0.999985669788842
1741341858.80684,2,0.011254621255561486,-0.000673698224819333,-0.008719819510353635,-0.0007457209699253419,-0.005447226937349145,0.0007297396085322182,0.999984619431235
1741341858.8236163,2,0.011079564590776678,-0.0006705250729294515,-0.008680768638686042,-0.0008210383307445466,-0.005903839938041156,0.0007200074986457036,0.9999819759171898
1741341858.8400078,2,0.010949347527395988,-0.000660132856351811,-0.008579322851564968,-0.0003902868397223149,-0.005423743225112463,0.0007254581512243144,0.9999849520848209
1741341858.8570201,2,0.011070173140907254,-0.000643814059095712,-0.008313724290174079,0.00016411437968751505,-0.005318913878051675,0.000558658723550268,0.9999856849585692
1741341858.8739216,2,0.01112155362061036,-0.0006564709396446551,-0.00825371677885543,0.00045128466634706524,-0.005282736393272648,0.0006502520215031589,0.9999857330035552
1741341858.8902564,2,0.011006026111455904,-0.0006730418989953773,-0.008447445930817778,0.00047392721081445163,-0.005185989811961109,0.0007091507733561728,0.9999861889085518
1741341858.9070947,2,0.010908501837960355,-0.0006712683181261398,-0.00865122653836872,0.0007786713417930919,-0.005071652241436453,0.0006258150828721478,0.9999866400957392
1741341858.9237523,2,0.011206657984553368,-0.0006500014993530073,-0.008430989946209496,0.0008831066935353889,-0.005327082333269307,0.000754666267831184,0.9999851362871384
1741341858.9403183,2,0.011427628562715049,-0.0006511472947123239,-0.008344754804441846,0.00093434714567006,-0.0055218849603534,0.0006956557019289171,0.9999840757957301
1741341858.9569683,2,0.011244781622404998,-0.0006740013970867264,-0.008708458971358714,0.0003212604876605298,-0.0053248102926953395,0.0007467486253946449,0.9999854926715369
1741341858.974023,2,0.011306828339726125,-0.0006610938243269781,-0.008655688878270604,-0.0003210809679001745,-0.0053109406278170745,0.0006033413062169954,0.9999856632951934
1741341858.990836,2,0.011231069844822637,-0.0006608481993040647,-0.008559250577006572,-0.0013832329771624133,-0.005900956233293405,0.0007255613167897745,0.9999813692978681
1741341859.0073383,2,0.011000302128849273,-0.0006743303329071782,-0.008462961692913228,-0.0014288131152031059,-0.006230578365613533,0.0007273497586704985,0.9999793044601675
1741341859.023503,2,0.01063202116662082,-0.0006784711618183303,-0.008584699584818173,-0.0008652158107492193,-0.005562172308855939,0.0006896947400908015,0.9999839188516848
1741341859.0404046,2,0.01083904758621283,-0.0006431004540794824,-0.008272434000245634,0.0007855547838481023,-0.005247961585425342,0.0006191612410585845,0.9999857291192895
1741341859.0574176,2,0.011370538945519558,-0.0006226650653272313,-0.0079695803650073,0.0022228427478696478,-0.006523815585633151,0.0007053500631348541,0.9999760003528142
1741341859.073928,2,0.011529313792765934,-0.0006522295250308617,-0.008348723041782403,0.002376328044642448,-0.006923811353008792,0.0008103143953115169,0.9999728782781825
1741341859.0907016,2,0.011472250001209234,-0.0006796825222903738,-0.008874295657451117,0.0012811210430756792,-0.005743558229085504,0.0006211249575874547,0.999982492082501
1741341859.1071992,2,0.011461560291476207,-0.0006807083732930378,-0.008923386565125644,-0.0009244196790053197,-0.005660309487168844,0.0006594875330497861,0.9999833355716284
1741341859.1238198,2,0.011111044980998531,-0.0006887188600603895,-0.008858953841981305,-0.0028979173954148123,-0.0075909729507460345,0.0008831988551292967,0.9999665990242937
1741341859.140381,2,0.010614799430361305,-0.0006857396799715647,-0.008708410568147437,-0.002531276832596284,-0.0075227536193446555,0.0007737442250137792,0.9999682005621248
1741341859.157193,2,0.010606786463111374,-0.0006451922998775681,-0.00821641059069861,-5.094626002840414e-05,-0.005580497891296248,0.0005999420251986375,0.9999842476345966
1741341859.1739454,2,0.010897152123699091,-0.0006241671113872879,-0.007933268046127652,0.001745515597055149,-0.005942422104816658,0.0006970097366898562,0.9999805772975071
1741341859.1905043,2,0.01153013190441513,-0.0006154552747512465,-0.007843475055645028,0.0034499380323110814,-0.008225204376793827,0.000835196936976854,0.9999598723881923
1741341859.207464,2,0.011733600647273272,-0.0006531670124146644,-0.008453783616615954,0.002941596973977798,-0.007781019365123883,0.0009820765456587885,0.9999649185199153
1741341859.2239835,2,0.011855365951130443,-0.00067342306694368,-0.008787653005884789,0.0008825299629363457,-0.005671254324668979,0.0005852283295488855,0.9999833576230416
1741341859.2406895,2,0.011332047594393135,-0.0007027672744143115,-0.009205641453944322,-0.0022756271450869226,-0.007255965943296374,0.0007355219118928237,0.9999708153175488
1741341859.2572806,2,0.010707375107969345,-0.0007005570424929268,-0.009127026434982175,-0.0042580400844066685,-0.008981190040343232,0.0009361639659466078,0.9999501642167611
1741341859.2741227,2,0.010399274870916719,-0.0006675085661914607,-0.0086107992051461,-0.003104004174109693,-0.007297299774034409,0.0007556242573168303,0.9999682712996832
1741341859.2908134,2,0.010601970939490522,-0.0006307506062327475,-0.007995034237390015,0.000348822194369661,-0.0051041818465806365,0.0005411254734185315,0.9999867663294228
1741341859.3073015,2,0.011043834128885698,-0.0006169216419945032,-0.007848137845943607,0.0029518075813104432,-0.00742883429677776,0.000821911774008573,0.9999677113357359
1741341859.3242288,2,0.011715906505233903,-0.0006184360030781947,-0.007961109497712126,0.004315826499770918,-0.009062373001770804,0.0008809549467906031,0.9999492341892073
1741341859.3408337,2,0.011965388949382314,-0.000655510018785916,-0.00850022658907015,0.002347911810014148,-0.00716783535365511,0.0008832246797582343,0.9999711642645703
1741341859.3573902,2,0.01161490863580336,-0.000697196667498665,-0.00912115597219784,-0.000507106103729408,-0.005699998447648497,0.0005844523823710256,0.9999834555013943
1741341859.3739643,2,0.010930425917872062,-0.0007141873203474775,-0.00941007280249753,-0.003740331691046153,-0.008103198574094089,0.000964321976292919,0.9999597082757063
1741341859.3908033,2,0.010597391520536355,-0.0006806231051728165,-0.008890106732595104,-0.0038123214173120274,-0.00867515813446877,0.0007635242157037202,0.9999548114127583
1741341859.4073555,2,0.01046337466651909,-0.000649712165827582,-0.008358233305897616,-0.0015650533524591507,-0.005873910524189771,0.0005625008531726894,0.999981365514352
1741341859.424264,2,0.010883717496855959,-0.0006135138449477157,-0.007816967628409359,0.0017025729656486427,-0.005755214484275453,0.0005915889968530538,0.9999818142216365
1741341859.4408543,2,0.011300925125957567,-0.0006220165139694202,-0.007937942683753595,0.0036331070938847303,-0.008028124153827778,0.000811777777091929,0.9999608446195559
1741341859.4574401,2,0.01172855227654155,-0.0006487045225971727,-0.008289237339133376,0.0033519020032322057,-0.007914194861582458,0.0009677255487461699,0.9999625961904355
1741341859.474175,2,0.011668670662802675,-0.0006848102310770994,-0.008871017021227017,0.0010079512750709922,-0.005695961908482293,0.0007212859260085497,0.9999830097550544
1741341859.4907963,2,0.011260446858952725,-0.0007051272239258782,-0.00925902849587358,-0.0022627752072671772,-0.006561623585682637,0.0007995239654822202,0.9999755925549932
1741341859.5080426,2,0.010850399551587817,-0.0006952709014404058,-0.009111095461831595,-0.0035413354480804834,-0.007726718093036202,0.0008702593259234371,0.9999634990435704
1741341859.5243301,2,0.010637841562156235,-0.0006651648045731412,-0.00866199012871094,-0.0022775198404388197,-0.006856074974358543,0.0007200386587606704,0.9999736439945066
1741341859.5412173,2,0.010751288001955748,-0.000639251862170915,-0.008210277127658672,-0.00010252084643716405,-0.005113942633150135,0.0007569301447327469,0.9999866319791365
1741341859.55832,2,0.011083505222925694,-0.0006356985861397588,-0.008027801867313925,0.002109171792419487,-0.006174786031423472,0.0007078965896459219,0.9999784609151512
1741341859.5742834,2,0.011395609856974315,-0.000652709289638153,-0.00822232366998215,0.0027082418420617173,-0.006908524444170044,0.0008248492922201762,0.9999721282814708
1741341859.5912118,2,0.01131224140512783,-0.0006835288285489576,-0.008825289004648487,0.0015889740465348079,-0.0058417947145488515,0.0007061869773702,0.9999814247754533
1741341859.6075354,2,0.011421906159217902,-0.0006736891897284634,-0.008849497659897398,-1.836794813013104e-05,-0.005316966208179255,0.0006526757101338371,0.9999856516707513
1741341859.6243534,2,0.01121532588898385,-0.0006765123311078457,-0.00886214754580003,-0.0019744918040125637,-0.00606196383644989,0.0007978669637259145,0.9999793584793986
1741341859.6411963,2,0.01098955854338278,-0.0006730949292009019,-0.008722246717364763,-0.0016084845222961999,-0.006050061961419605,0.0006712662179198864,0.9999801792683038
1741341859.6575453,2,0.010859204849217017,-0.0006628810499874236,-0.008601962883214853,-0.0007304414964942847,-0.005360731762803741,0.0006537544684085035,0.9999851506973904
1741341859.674454,2,0.011161626522522276,-0.0006455652821183964,-0.00821371919234581,0.0007343354365296629,-0.005313429238315912,0.0006973573849742953,0.9999853708499309
1741341859.6918194,2,0.011274132690598642,-0.0006575678055120292,-0.008269005884956604,0.0013076249301350051,-0.0055199529194651115,0.0006511695259605152,0.9999836979746507
1741341859.708129,2,0.011168978155953026,-0.0006735946614124441,-0.008611534159219888,0.0008358578367777526,-0.005282936129257121,0.0006552027669664368,0.999985481213035
1741341859.7245603,2,0.011229366185866995,-0.0006607146408549889,-0.008642986596938499,0.00047442948833945476,-0.005260376771359783,0.0005430093053034772,0.9999859041475426
1741341859.7412515,2,0.011306430098599536,-0.0006511548018876651,-0.008527675954463437,-9.207491989447811e-05,-0.005328942740095989,0.0007148657470945996,0.9999855413246961
1741341859.7577538,2,0.011313763528343904,-0.0006603743877654439,-0.008462775969500734,-9.043739992528338e-05,-0.0053680239455033895,0.0007076572242736004,0.9999853375731316
1741341859.7746007,2,0.011269358055517075,-0.0006610811911574566,-0.00850245917647007,0.00046650922268275135,-0.005303621685870271,0.0006480296003451782,0.9999856169084611
1741341859.791268,2,0.011299784887097028,-0.0006574593075728036,-0.00851749370349109,0.0004988036355166025,-0.00528351770026942,0.0006982515293931908,0.9999856739376048
1741341859.808233,2,0.011316312562185129,-0.0006625568886271659,-0.008514352703092221,-9.465441411998142e-06,-0.005316580450437102,0.0006582085871107886,0.9999856502191296
1741341859.8247406,2,0.011014509084307386,-0.0006844543025361775,-0.008773716660276263,-0.0005095011736444383,-0.005319202129889666,0.0006603676530546728,0.9999855051008582
1741341859.8411143,2,0.010819593387131236,-0.000679861563980779,-0.008822136698033722,-0.0011834501347926646,-0.005289406758923632,0.0006444666940921779,0.9999851030313388
1741341859.858292,2,0.010952243528756525,-0.000655423955523978,-0.00853235900236348,-8.444670040127785e-05,-0.005166482676400599,0.0005756463223374333,0.9999864843870746
1741341859.8745005,2,0.011145729619343427,-0.0006492569243256318,-0.008368085744781891,0.0008945735405995597,-0.005390600277476258,0.0006980679868264412,0.9999848268188447
1741341859.8913932,2,0.011377184543062812,-0.0006496695100779843,-0.00837186983554862,0.0017737909479581834,-0.005942748382289081,0.00065036364216643,0.9999805570282208
1741341859.9079437,2,0.011358038441440944,-0.0006703038385162257,-0.008727548063320285,0.0013302641970724788,-0.005618022081418396,0.0008022634148999369,0.9999830121549425
1741341859.9245784,2,0.01141287211416142,-0.0006747941611220166,-0.00880738994255138,1.5781420467591317e-05,-0.005300698884929876,0.0006037310909958559,0.9999857688242608
1741341859.9414225,2,0.011162326778426601,-0.0006850672201902268,-0.008918039014344908,-0.0014967571834880837,-0.006498778252535611,0.0008667408723736798,0.9999773869240336
1741341859.9578876,2,0.010882923400683574,-0.0006772156779785044,-0.008804474189474987,-0.002199910745707921,-0.006529759689834869,0.0007743981037874443,0.9999759611804079
1741341859.9752882,2,0.010676305853354266,-0.0006667650397771123,-0.008621673391173092,-0.0014808088637865934,-0.005974838634897796,0.000679487075967519,0.9999808232189803
1741341859.991588,2,0.010899017945081756,-0.0006460073221884844,-0.00826367398911836,0.0006504561280376546,-0.005150697551493025,0.0006296123867108278,0.999986325311402
1741341860.0080674,2,0.011332305108242624,-0.0006272749922772036,-0.008078100424862924,0.0023051296828684566,-0.006479806872395057,0.000778790869388843,0.9999760456955074
1741341860.024956,2,0.011587089153411253,-0.0006441256685413125,-0.008349578049752341,0.0027116217993865734,-0.0069676612194037365,0.0008499687961894016,0.9999716877779061
1741341860.0413287,2,0.01169877383266194,-0.0006630692960904276,-0.008664483860716936,0.0013284148530185115,-0.005846378914836367,0.0006974848705376237,0.9999817841753008
1741341860.0580354,2,0.011468205275933938,-0.0006822418631790817,-0.008944210952923519,-0.0008060798807200578,-0.005944057836098303,0.0007523247949075546,0.9999817260425662
1741341860.074689,2,0.010958512946326267,-0.0006935056342182126,-0.009095385357348731,-0.0029590066655058055,-0.007148549998161972,0.0008092143951023115,0.9999697433845386
1741341860.091497,2,0.010680739234926505,-0.0006752643540015092,-0.008762853960708562,-0.0031864333614471914,-0.007087994331209347,0.0008570877017829885,0.9999694357226451
1741341860.1081955,2,0.01062596184507611,-0.0006540821924152363,-0.008406250342638297,-0.0009593984068078936,-0.005332132269534362,0.0006830466539851742,0.9999850905725672
1741341860.1246352,2,0.010965796358627196,-0.0006340849939061811,-0.008103269465933673,0.0019258751840224725,-0.005876683441029469,0.0007301084513760716,0.9999806110811142
1741341860.141389,2,0.011457695920425058,-0.0006303634740143723,-0.008113937661850696,0.0034132169178074517,-0.007548388397651592,0.0008680240637718979,0.9999653085567994
1741341860.1581032,2,0.011837738366740937,-0.0006455459150501953,-0.00837624962820941,0.002954376711424185,-0.007170875636552384,0.0008108345402867885,0.9999695959118959
1741341860.1749527,2,0.011671782802062679,-0.000680368701445594,-0.008919676063651114,0.00039742460603354177,-0.005511386118127482,0.0006650722827711767,0.9999845120578609
1741341860.1918201,2,0.011190743914585514,-0.0007013259792217059,-0.009268447693997066,-0.0022290038283935953,-0.006635659440169593,0.00079155870722812,0.9999751861924076
1741341860.208504,2,0.010805935862325871,-0.0006866102098518777,-0.009050318735709705,-0.0038149894628155866,-0.007887147606187365,0.000946468220797295,0.9999611707241156
1741341860.2252674,2,0.010601571465349326,-0.0006668802097181622,-0.008615731912277753,-0.002449276732897499,-0.006246023328969481,0.000638441594604856,0.9999772900563242
1741341860.2419257,2,0.010796977368728313,-0.0006399256765272786,-0.008147584978422488,0.0005413319200020264,-0.005145212597460706,0.0005971898674377055,0.9999864384637132
1741341860.258177,2,0.011045379105651374,-0.0006390490480706638,-0.008207213173638178,0.0029832643203152325,-0.006789128037687489,0.0007489965555081493,0.999972223053542
1741341860.2749512,2,0.011812165831469424,-0.0006197932035120121,-0.008032925173653225,0.0037242959139087684,-0.007888909912523966,0.0008005845505053136,0.9999616261560816
1741341860.2914126,2,0.011768393455380633,-0.0006655890204762694,-0.008690538363032527,0.0019930377567037843,-0.006212679473647567,0.0007386491995387305,0.9999784421734391
1741341860.3081908,2,0.0113996425020343,-0.0007023589356342681,-0.009220811206091717,-0.0005689089608538418,-0.0056750303551651605,0.0007092354345701349,0.9999834835426836
1741341860.3256178,2,0.011071042806968539,-0.0006965925271153596,-0.009165156413041982,-0.0031081178246063234,-0.007358018762577739,0.0008303031533099744,0.9999677543601851
1741341860.3415616,2,0.010796252987154756,-0.0006767290054290161,-0.008796476656937228,-0.003344590614485121,-0.007350223040730063,0.0008179982034822383,0.9999670588643468
1741341860.3582873,2,0.010695871561646367,-0.0006562104389038733,-0.008436807092536497,-0.0011280073324638222,-0.0051839082222431675,0.0006470063574725488,0.9999857179368987
1741341860.3749747,2,0.010991543841617222,-0.0006341246540051685,-0.00814106507200773,0.0016176577180237028,-0.005740057771235644,0.0007403842629297894,0.999981943212693
1741341860.391564,2,0.011521940028598068,-0.0006253491568623602,-0.008016962912602224,0.002891870323106676,-0.007057347249281254,0.0008620151721105462,0.9999705434989975
1741341860.4083602,2,0.011664205465692312,-0.0006580486039505044,-0.008453441573120455,0.0024740597823332323,-0.006707325020430235,0.000767123655248552,0.999974150836191
1741341860.4249575,2,0.011667699890765685,-0.0006751744536855803,-0.008752024163163735,0.0008723616179547814,-0.0054410493057197515,0.0006125903579081667,0.9999846292322266
1741341860.4421105,2,0.011356777167771134,-0.0006848812830941452,-0.008965689017482398,-0.0006768239723826045,-0.0060917415683522085,0.0006974980027851442,0.9999809728642396
1741341860.459175,2,0.010958282877543126,-0.0006844313933674279,-0.008965508691537767,-0.002524549829466984,-0.006614444685647272,0.0007977375559276354,0.9999746193701372
1741341860.4750376,2,0.010868501990032725,-0.0006635672275637528,-0.008620116584454779,-0.0017716304409351696,-0.005911945734751247,0.0006205942785028942,0.9999807623579324
1741341860.492065,2,0.010926982506248325,-0.0006489056949188336,-0.008402978443394948,0.0003108140961546258,-0.005144565745602884,0.0006185604735817707,0.9999865270196531
1741341860.5084796,2,0.011326603508192073,-0.0006346396876384756,-0.008157528560075594,0.0017298665553519717,-0.005887620501574721,0.0007572120122761958,0.9999808848755554
1741341860.5252948,2,0.011500173421910065,-0.000657605817433085,-0.008346940613129988,0.00198454455816771,-0.006079217445311972,0.0007483998189944147,0.9999792720831068
1741341860.5419006,2,0.011481762792735967,-0.0006728681758983719,-0.008647357525833859,0.0010002344597700658,-0.005456398291171457,0.0006853859107730177,0.9999843786254198
1741341860.558955,2,0.01124051407856767,-0.0006823797653318408,-0.008937358396563804,-0.00042424917845361774,-0.005374407064706495,0.0006834542635547606,0.9999852342167893
1741341860.5753462,2,0.011254646480568783,-0.0006696571858767745,-0.008703756990969359,-0.0010980307336829211,-0.005231542102288672,0.0007856091342746459,0.9999854039504916
1741341860.5920594,2,0.01102262766278915,-0.0006741965619072835,-0.008738062167520691,-0.0004887865929437662,-0.0054136314880311315,0.0006207531484303897,0.999985034061664
1741341860.6088114,2,0.011082982223407334,-0.0006590444990121945,-0.00857576492132969,0.00017981385056952182,-0.005079590313854938,0.0007351083074542121,0.9999868124355434
1741341860.6255274,2,0.011355031949251623,-0.0006474029427549488,-0.008348276882046554,0.000864671051768146,-0.005446853127299936,0.0006211645652617309,0.9999845990261873
1741341860.6420984,2,0.011395004736259796,-0.000664167292751184,-0.008458062201975675,0.0008487884492590785,-0.0054097898833749755,0.000623091479432145,0.999984812628969
1741341860.658655,2,0.01127757811327007,-0.0006745674217418182,-0.008664360623542462,1.5256642551397343e-05,-0.005291046707435262,0.000666712756059672,0.9999857799419328
1741341860.675795,2,0.011174919134347495,-0.0006673349773665902,-0.008734085683195239,-0.0003153698128892426,-0.0054279918618589254,0.0006408249494040558,0.9999850132825057
1741341860.6921322,2,0.011150433554149897,-0.0006646367833866155,-0.008657671336612402,-0.000287542787145711,-0.005277580994870382,0.0007111780872705183,0.9999857792407432
1741341860.7088518,2,0.011365097061701952,-0.0006525857330628629,-0.008384996927414677,0.0006815410115593633,-0.005348063180399627,0.0005503642381161851,0.9999853153028165
1741341860.725296,2,0.011303322051418771,-0.0006648169972992839,-0.008569492776866597,0.0010597279731849438,-0.005408337755031871,0.0007185262124046245,0.9999845551704448
1741341860.7420838,2,0.011417440240115756,-0.0006634325969578637,-0.008597623516696743,0.0009552513721443926,-0.005427434596371337,0.0007467805416225,0.9999845362641068
1741341860.7588148,2,0.011431864371530615,-0.0006687618605674622,-0.008638989849430323,-0.0002177847392649509,-0.005417162488933026,0.0007382743736101305,0.9999850308236244
1741341860.7754228,2,0.011159794834591922,-0.0006819320118042786,-0.008821732386482272,-0.0011758941914666347,-0.005240456341254656,0.000717026263410019,0.9999853202740145
1741341860.7926939,2,0.010980580488008427,-0.000674341032804995,-0.008777872910356942,-0.0013110174203390806,-0.005651655161809209,0.0005984424492175829,0.9999829908022889
1741341860.8088331,2,0.010980946793654016,-0.0006582143000913799,-0.00857827157725353,-0.0005790021420289153,-0.005231783070729278,0.0006207721743553419,0.9999859538235165
1741341860.8254197,2,0.011220028438064383,-0.0006467261016637815,-0.008335418011794077,0.0008766740792700653,-0.005433777629283989,0.0006906973110341029,0.9999846141018665
1741341860.8422487,2,0.011426140504783607,-0.000648568048867402,-0.008383493098430447,0.0019243038048909098,-0.005992450215083347,0.0007107092569108524,0.9999799410426382
1741341860.8588178,2,0.01170440440558464,-0.0006493905788055679,-0.008423457302502928,0.0018286647643520305,-0.005972122033227976,0.0006234679123439614,0.9999803003216423
1741341860.8755233,2,0.011610704420204137,-0.0006665762212025455,-0.008709056037163111,0.00023375732178218235,-0.0054406425601537045,0.0006112190618689399,0.9999849854759348
1741341860.8921409,2,0.011172781438796851,-0.0006958768461477866,-0.009067712009858484,-0.0016475465106135041,-0.005788851009958834,0.0006913172452666631,0.9999816482690801
1741341860.9094317,2,0.010985107305693667,-0.0006803095296628995,-0.008850707534118806,-0.002318340505898158,-0.00651819155598383,0.0007486286731576286,0.9999757887225309
1741341860.9257143,2,0.01078424981685279,-0.0006706060907869269,-0.00866170556628624,-0.001792201357655329,-0.0057819551665905565,0.0006982142119080438,0.9999814345804923
1741341860.94222,2,0.010954896574992823,-0.0006504671689755898,-0.008344073916268482,0.000580493001942693,-0.005227565007056858,0.0006939700790422544,0.9999859268997245
1741341860.9594343,2,0.011367182300685922,-0.0006340439719356902,-0.008159330189297029,0.002548592332593328,-0.006368782381544966,0.0007876504893971001,0.9999761611632575
1741341860.9757247,2,0.011714740432894747,-0.00063830431578322,-0.008289914909215686,0.0026613452997523578,-0.006898390918558406,0.0008087318881809696,0.9999723373157196
1741341860.9923434,2,0.011744041675301239,-0.0006653826427062081,-0.00866818460951389,0.0014493296033902012,-0.0057628816313810526,0.0007401269085191331,0.9999820702648438
1741341861.009473,2,0.01149676731902874,-0.0006831188194718538,-0.008951953216477394,-0.0004682789237423199,-0.005861769497270867,0.0006805469335896226,0.9999824784610387
1741341861.025947,2,0.011146548581955216,-0.000686617538142618,-0.008953708781628562,-0.0029388911519276357,-0.006985920346534967,0.0007945646733701163,0.9999709638297949
1741341861.042409,2,0.010734526142476409,-0.0006820002175621396,-0.00884796879031783,-0.0027968695733492036,-0.00668856730003572,0.0007171523428573604,0.9999734627881781
1741341861.0590432,2,0.010924692522555136,-0.0006467400927442946,-0.008269149257087806,-5.82649148819577e-05,-0.005240905259591855,0.0005640481374870977,0.9999861055869519
1741341861.0755913,2,0.011142022526210516,-0.0006342045882609658,-0.008130296407780927,0.002048411952462665,-0.005893111740373594,0.0006326947702211931,0.9999803372765967
1741341861.0928686,2,0.0115787572423254,-0.0006314012562004628,-0.008141337468459837,0.0032875669396492404,-0.0071461287218748705,0.0007596519735252624,0.9999687733508416
1741341861.1091492,2,0.011811199781758461,-0.0006521210986696957,-0.008452893729164494,0.002427442942934691,-0.00660056314943946,0.0008161902471155199,0.9999749366460888
1741341861.1259499,2,0.011680033583429617,-0.0006779110176092496,-0.008863215053062323,0.0001344529652926733,-0.005473865170717457,0.0007257176250313761,0.9999847459118673
1741341861.1430073,2,0.011380626896678094,-0.0006860385553002183,-0.008977479923689075,-0.0020844755762328645,-0.006282420605935679,0.0007574418489684986,0.9999778059710864
1741341861.1592185,2,0.010934715790685008,-0.0006824328011603187,-0.008935844928383266,-0.0031571607806123313,-0.0072298645378732936,0.0007925080420599748,0.9999685661687435
1741341861.1758924,2,0.010792306477120683,-0.0006596294353996579,-0.008567253268024742,-0.0020290615887268333,-0.0062622520793972,0.0007499433075501339,0.9999780521056443
1741341861.1926484,2,0.010978936778058711,-0.0006408065182627889,-0.008218446247374361,0.0007033751144952563,-0.005257913769698397,0.000599182187997282,0.9999857501919437
1741341861.209248,2,0.011400050417841501,-0.0006311755434512007,-0.008072363860330773,0.0025285631913955246,-0.006629936555348573,0.000831360225078719,0.9999744792491634
1741341861.2260559,2,0.011709914822277671,-0.0006487764914493063,-0.008297912725032785,0.002844983482699836,-0.0070085834567271766,0.0008716947239947468,0.999971012567475
1741341861.2425563,2,0.011793221185743124,-0.0006687899628226511,-0.008621806118777395,0.001137250008183362,-0.0058348963371287425,0.0007722618255291635,0.9999820319679882
1741341861.2594123,2,0.011345399637354956,-0.0006948780942986335,-0.009122706831984951,-0.0007629220242151989,-0.005891332700854346,0.0006641747035949278,0.9999821343508872
1741341861.2762032,2,0.011080653463711692,-0.0006840172465919233,-0.00903631436834424,-0.0025950125087561525,-0.006777849559982495,0.0008356031713576649,0.9999733138603059
1741341861.2925098,2,0.010842617138373669,-0.0006706703461574408,-0.008780706114741807,-0.0027077570497897278,-0.006638890023335021,0.0008587091095974945,0.9999739275649553
1741341861.3093765,2,0.01097336704144741,-0.0006499566383929481,-0.008366481258030994,-0.00034912204972258417,-0.005271221130975337,0.0007055556724466812,0.9999857971655276
1741341861.326093,2,0.011203758873293227,-0.0006451527802034538,-0.008234110190629725,0.0017219321521004121,-0.005835346138623669,0.00069165600474934,0.9999812524728037
1741341861.3426895,2,0.011623990050917112,-0.0006417544579636024,-0.008168317572131416,0.0026362257531138346,-0.006587785197735921,0.0007325088615875015,0.9999745570916966
1741341861.359525,2,0.011633128927564506,-0.0006652072693090267,-0.00856437804620031,0.0017682945708117775,-0.0059261315594211095,0.0006536605044094858,0.9999806632265428
1741341861.3760235,2,0.011521391557325022,-0.0006696814714600678,-0.008815899065643024,-9.404299069130282e-05,-0.005418823501915945,0.0007008332198119737,0.999985068058803
1741341861.3927665,2,0.011280896201554537,-0.0006753003950063281,-0.00888889700114425,-0.0015613772754640258,-0.005983137480795562,0.0007302154404040328,0.9999806152882665
1741341861.4095309,2,0.01120225906580916,-0.0006647882593736945,-0.008603479476381256,-0.001642852654293189,-0.006002805399122866,0.0006851919715979421,0.9999803987451247
1741341861.4259276,2,0.011081097054854267,-0.0006609686181887754,-0.00850921923875607,-0.0003507870192863201,-0.005479193768342207,0.0007491051389162471,0.999984646994946
1741341861.4431317,2,0.011252688427072255,-0.000646434769736233,-0.008319519933238458,0.0011036344216305636,-0.005422588565236286,0.0007158183007795449,0.9999844324430636
1741341861.4602425,2,0.011502400452877924,-0.0006445179195658512,-0.008261762888578352,0.001840276868888466,-0.005794890096028133,0.0005962071567210621,0.999981338409296
1741341861.4762955,2,0.011477497680421715,-0.0006642340019402433,-0.0085446757528791,0.0008906452858034085,-0.005572198445910447,0.0007963059078521196,0.9999837614943331
1741341861.4937124,2,0.01135025058908988,-0.0006751752309663927,-0.008779898672598528,0.0001770604862313086,-0.005245029686310333,0.000696415006725906,0.999985986561468
1741341861.5096648,2,0.011219744879431722,-0.0006778734804062467,-0.008819536460728725,-0.001326360368523169,-0.005404323494188758,0.0006665921294198395,0.9999842947320102
1741341861.5263405,2,0.011241499003715901,-0.0006682254170891162,-0.008614330815588713,-0.0007695603262582094,-0.00569340042601138,0.0006677645188884581,0.9999832733896306
1741341861.5428624,2,0.011179395820503786,-0.0006628958902403643,-0.00857558364494096,3.742568540774488e-05,-0.005202514633325671,0.0006098743719085268,0.9999862801529121
1741341861.5595279,2,0.011291063789726245,-0.0006518173879445894,-0.00850096579232937,0.000744824540162023,-0.005367852451679722,0.0006636752242379865,0.9999850953547549
1741341861.5763903,2,0.01153126930442585,-0.0006398844981658288,-0.008366417391285854,0.0008994211209806944,-0.005492872260805366,0.0006479125437259635,0.9999842996794047
1741341861.5929592,2,0.011503698719446757,-0.0006526104632621726,-0.008495093661311385,0.0004065718241921475,-0.005353196888037221,0.0006733282782837186,0.999985362198597
1741341861.6101398,2,0.011324979093320555,-0.0006691635268674341,-0.008651206779042561,-0.0001440563775297245,-0.005317515134391788,0.0007332470824829629,0.9999855827107068
1741341861.6265137,2,0.01122241497353197,-0.000667100940361863,-0.008617542650019629,-0.00048046540034071177,-0.005570335461257998,0.0006797398022124628,0.9999841391090407
1741341861.6431813,2,0.01115449922815768,-0.0006633066974991471,-0.00856469698921364,-0.0003387334814703647,-0.005272411378480072,0.0006022697222722183,0.9999858620045917
1741341861.6600177,2,0.011224899701788605,-0.0006546790472258,-0.008508000899343036,0.0006834574059032531,-0.005284438213365649,0.0006463618133980736,0.99998559480382
1741341861.6767154,2,0.011392636307037464,-0.0006505071823962514,-0.008497593115179839,0.0011064841796012885,-0.00557737638034573,0.0007225186254791252,0.999983573131233
1741341861.6934297,2,0.011481279220964646,-0.000661279155160462,-0.008607974420137639,0.0007605842924219289,-0.005473011346130488,0.0007480208455869079,0.9999844539407369
1741341861.7096517,2,0.011544702451747402,-0.0006651257280638772,-0.00860132162985714,0.00011205250987455159,-0.005385738856870074,0.000606880391118825,0.9999853063707443
1741341861.726647,2,0.011206922828338,-0.0006848129570036992,-0.008828448018877076,-0.0014384401972558259,-0.005495824483207316,0.0005930837749062771,0.9999836873942918
1741341861.743408,2,0.01101864256816439,-0.0006803520672610665,-0.008760361248499392,-0.0009051644195262137,-0.005605723171724376,0.0006768094605755735,0.9999836491033489
1741341861.7601206,2,0.010935087412115916,-0.0006648423298469173,-0.00863139229061696,-0.000919299518673052,-0.005262700171728821,0.0006399512878855271,0.9999855245640541
1741341861.7763884,2,0.011268877248030705,-0.0006399975086137115,-0.008272127727038142,0.0008825723503086455,-0.0054229498614134205,0.0007484625344111064,0.9999846261241628
1741341861.7935097,2,0.011467673887517732,-0.0006444353086413866,-0.008330788774600495,0.002054434640598636,-0.00602631780553896,0.0007293341748366702,0.9999794652209992
1741341861.8099802,2,0.011733185833069565,-0.0006505339186674169,-0.008393300948238503,0.0019289200467579718,-0.006068683903266411,0.0006851324216097354,0.9999794902580255
1741341861.8264596,2,0.011654241786964883,-0.0006706272373852886,-0.008665722967584558,0.00015829379011767883,-0.005453906327717344,0.0006672491909363432,0.999984892199558
1741341861.8432388,2,0.011261456298344746,-0.0006925893508231461,-0.008975244215482884,-0.0012924483659841448,-0.006317860571609944,0.0006632508480339685,0.9999789869358913
1741341861.859851,2,0.01087220940404774,-0.0006893810726796874,-0.009023670942091515,-0.0022697846171607036,-0.006264779462353187,0.0006774290299676962,0.9999775706014556
1741341861.876582,2,0.01092611341660263,-0.0006563540653239434,-0.008561671598106438,-0.0014294113509862674,-0.005950173164409553,0.0005975008850317558,0.9999810974289443
1741341861.8931115,2,0.011051861997606173,-0.0006402246329888281,-0.008314508568228386,0.0007593128970500471,-0.005275664830060728,0.0006123315574637013,0.999985607823727
1741341861.9098544,2,0.01148260553705815,-0.0006288380228237508,-0.00809559542161906,0.0023074939408371745,-0.006293384718920146,0.0007737709482239018,0.9999772347703784
1741341861.92654,2,0.01168856424664698,-0.0006459236707275908,-0.008342320167392779,0.0025292735580292576,-0.0065234668967714075,0.0008308934955596352,0.9999751780773933
1741341861.9431567,2,0.011716724447880716,-0.0006671813805045301,-0.008663781000330394,0.0012803607821889275,-0.005637344461575789,0.0005216806062735427,0.9999831542946281
1741341861.9608827,2,0.011472459553614015,-0.0006829052800749252,-0.00892730776629943,-0.0008709302460775555,-0.005295551205772524,0.0006742796247718257,0.9999853718754695
1741341861.9767165,2,0.011074545570200909,-0.0006845034067729206,-0.008983852024057264,-0.0022560168790256786,-0.0067002479595426965,0.0007486378462986425,0.9999747279839113
1741341861.993755,2,0.010838130835601806,-0.0006679424019609522,-0.008746203873507408,-0.0024344497799424075,-0.006383191622633373,0.0007192465200935197,0.9999764052233538
1741341862.0102937,2,0.010939775092014109,-0.0006504028074211223,-0.008366284499401527,-0.0002348579555837135,-0.00525716322513305,0.0006315650252898782,0.9999859540024468
1741341862.027093,2,0.011233023158891435,-0.0006390034156067175,-0.008184228824863438,0.001928486888341414,-0.005936252405117932,0.0007148674476843899,0.9999802652103873
1741341862.043634,2,0.011622970693628809,-0.0006371414054469234,-0.008203664872861624,0.00270108066551201,-0.006758972362033722,0.0007395665575756638,0.9999732363904319
1741341862.0600913,2,0.01168577543874057,-0.0006588417973422248,-0.008593602254309555,0.001933215893279604,-0.006068393380325902,0.0006203368166639182,0.9999795260205708
1741341862.076819,2,0.011506667327336184,-0.0006771359592967096,-0.008933476992121719,-0.00048421678482661785,-0.005396859090659741,0.0006379992572210452,0.9999851160907389
1741341862.0935912,2,0.011184329092662261,-0.0006872903619609717,-0.009044722002941945,-0.0018080497465355603,-0.006425273814096234,0.000728589415983638,0.9999774577309185
1741341862.1102204,2,0.010991702246898676,-0.0006741281026672019,-0.008782117966875062,-0.002327076727437082,-0.006508016022557769,0.0007335016449056407,0.9999758459166359
1741341862.127053,2,0.010982135580889554,-0.0006590227160182966,-0.0084311148839143,-0.000773601274258625,-0.005471533321577964,0.000686781526771765,0.9999844959774695
1741341862.1442504,2,0.011133093783294684,-0.0006446591132728035,-0.008242374584233596,0.001092377893191354,-0.005376241052934649,0.0005945481630047203,0.9999847745116729
1741341862.160392,2,0.01137095528327539,-0.0006435936203759704,-0.008299236871414832,0.0022246761014488416,-0.006268098327258969,0.0007729649841246683,0.9999775818910825
1741341862.1770256,2,0.011542131071740389,-0.0006536250545159402,-0.008544345840105718,0.0019502062963769671,-0.0061819954370409685,0.0007237412419060654,0.9999787276869607
1741341862.1935232,2,0.0117302827154769,-0.0006552752816220271,-0.008573222317987919,0.0006432267116487612,-0.0055234897927567556,0.0006028056514110539,0.9999843568502725
1741341862.2100754,2,0.011362020152047072,-0.0006843049697070899,-0.008915451833023547,-0.0008764990462886048,-0.006157824664890793,0.0006631912654708965,0.999980436369714
1741341862.2273216,2,0.01120884366171125,-0.0006772897241003715,-0.008746377122112282,-0.0015881322922588765,-0.006171709560397552,0.0007569513298093423,0.999979407218773
1741341862.243626,2,0.010960850079817118,-0.0006667448386355776,-0.00865821512373603,-0.0008343328447810765,-0.005342282108291506,0.0006659866709283022,0.9999851600760551
1741341862.2609522,2,0.011022664495521412,-0.00065190571103716,-0.00846377493262242,0.0003399224692385999,-0.005265819946737612,0.0006752149381152172,0.9999858497387804
1741341862.2767901,2,0.011356753207738336,-0.0006361384660421504,-0.008260083677429784,0.0015693741206125645,-0.00582345136718133,0.0007302475924137231,0.9999815454384633
1741341862.293467,2,0.011585445050220298,-0.0006470675297608674,-0.008336228333854051,0.0016379463600727743,-0.006044795451356413,0.0007333557841444497,0.9999801196868698
1741341862.3102858,2,0.011558703333436844,-0.0006695791210044303,-0.008608155323727409,0.0008111430377883917,-0.005425010951995426,0.0006041351363813573,0.99998477304601
1741341862.3275154,2,0.011282185524718194,-0.0006870110170709623,-0.00891604163357524,-0.0004622437486164809,-0.0054576914317534175,0.000614978636361796,0.9999848107527581
1741341862.3434346,2,0.011153999688892694,-0.0006755133686006842,-0.008833242083135897,-0.0014071590112436656,-0.005432665997255933,0.0007203957370394199,0.9999839934087252
1741341862.360204,2,0.011105650293167051,-0.0006609709670312353,-0.00863483331294778,-0.0007707604644332426,-0.0054709299359810785,0.0006859109281960675,0.9999845020699774
1741341862.3772004,2,0.011142990836783806,-0.0006535580718735649,-0.0084895991418058,0.0003072629305326935,-0.005181963650990525,0.0005789968417877535,0.9999863587093919
1741341862.39401,2,0.011381206969251245,-0.0006441825629797964,-0.008330711584623758,0.0012036722797653331,-0.005579891845402143,0.0006474362936809114,0.9999834982669875
1741341862.4102032,2,0.011479184256007975,-0.0006570030938612544,-0.008435900714355963,0.00123528978201221,-0.005631470299994971,0.0007141218052999856,0.9999831251733511
1741341862.4273014,2,0.011412005032058662,-0.000674134003261922,-0.008651216517906193,0.0005175678564007767,-0.005283595327402342,0.000675097208559778,0.9999856798913118
1741341862.443966,2,0.011276717002532955,-0.0006762018541609688,-0.008778310805111815,-0.00011955790695005287,-0.005311630641052671,0.0007848695584910028,0.9999855780288114
1741341862.461633,2,0.011300509501843517,-0.0006546698179171903,-0.008588817092247958,-0.0005519400524438058,-0.005768730480044163,0.0006145654742055135,0.999983019565885
1741341862.4773948,2,0.011120337365705802,-0.0006627565037788628,-0.008638230613104834,-0.000317266514882389,-0.005244251278782569,0.0006273243190775085,0.9999860017193652
1741341862.4945445,2,0.01124455732471987,-0.0006575796300006797,-0.008481957396724688,0.0005743505564918701,-0.005281953716601576,0.0005520165045826699,0.9999857330803038
1741341862.5106194,2,0.01141821373412875,-0.0006537471865521623,-0.008425162243216756,0.0010957347532659562,-0.005534008550654069,0.0007727678767464467,0.9999837883408513
1741341862.5272462,2,0.01138285473444266,-0.000668854119722309,-0.008647976577113942,0.0007101738045561011,-0.005444299705517771,0.0007609943163018462,0.999984637952771
1741341862.544066,2,0.011345710553276067,-0.0006733869587748707,-0.008755695505656112,-6.709872080827158e-05,-0.005363774662374052,0.0007413869497564638,0.9999853377747715
1741341862.5608094,2,0.011325630960317322,-0.0006609973567402707,-0.00864686560028018,-0.0005141727338248726,-0.005747926546606156,0.0007048474677804976,0.9999830999356247
1741341862.577264,2,0.011086815875434522,-0.0006650068578024793,-0.008708831669084576,-0.0007236102524165089,-0.005421431541910583,0.0006498289618767277,0.99998483098023
1741341862.5938876,2,0.01120199290234377,-0.0006524277195685456,-0.008429557379613718,-0.0002362825807081844,-0.005292602971680222,0.0006923610711665141,0.9999857264783699
1741341862.6113632,2,0.011152380311200865,-0.0006646925339232038,-0.008554243323998534,0.0009274854694983368,-0.005430371015404116,0.000688801826896446,0.9999845880779274
1741341862.6274269,2,0.011381474972856033,-0.0006600924495299334,-0.008536342978704895,0.0017290640952071703,-0.005689536884273381,0.0006633568824424761,0.9999820995723091
1741341862.6439092,2,0.011438995895855468,-0.0006679201499932237,-0.008714908712067588,0.0008306254019710616,-0.005507643842986084,0.0007292554142620817,0.9999842219291668
1741341862.6610956,2,0.011304313612959157,-0.0006801976905948591,-0.008924058200006779,-0.00027663196031370844,-0.005388029781176664,0.0006881811091428021,0.9999852093989173
1741341862.6774795,2,0.011201732200377231,-0.0006741388702174435,-0.008837069494532338,-0.0011299944211787523,-0.005477654040418039,0.0006711710620898589,0.9999841338482461
1741341862.6940644,2,0.01105011857952846,-0.0006707943445504746,-0.008699098487856124,-0.0015947569105666335,-0.0056478111182907105,0.0007078399635142251,0.9999825288186561
1741341862.710601,2,0.010996421567686173,-0.0006651734627049412,-0.00853537074602079,-0.0002673596275294778,-0.005255935731715083,0.0006747186256691957,0.9999859241075296
1741341862.7276216,2,0.01116827582971127,-0.0006557540626167188,-0.00840191622229024,0.0010217637564719716,-0.00546721076180779,0.0006513778224436091,0.9999843205331994
1741341862.744334,2,0.011438120260937087,-0.0006479671356434611,-0.008397851221543276,0.0017417404422405821,-0.006064540419191239,0.000782100514628089,0.999979787799994
1741341862.760736,2,0.011626808845325765,-0.000651354967552756,-0.008530021442493886,0.001470295761833942,-0.005890815511593198,0.0007343459096482673,0.9999812984546592
1741341862.7779796,2,0.011544048008272934,-0.0006721308833442192,-0.00876679889115483,-5.526096074578417e-05,-0.005387202507959259,0.0006562777149670332,0.9999852720390063
1741341862.7942526,2,0.011192929237622266,-0.0006940386203500666,-0.009001857123283151,-0.0015534577436008814,-0.005822731660506532,0.0007925706750603158,0.9999815270277616
1741341862.8109484,2,0.010932127937470677,-0.0006846712351001521,-0.008914421682165902,-0.0016517161828177808,-0.005807666758346167,0.00078980682522528,0.9999814593509492
1741341862.8277473,2,0.010988813365144906,-0.0006550642480529646,-0.008512323402260541,-0.0007637584572194011,-0.005965850181303372,0.0006387454696699004,0.9999817084871394
1741341862.844634,2,0.011150878844982372,-0.0006356999180103317,-0.008274607766161408,0.0008497671205954463,-0.005367263417615481,0.0006515751988208039,0.9999850228023452
1741341862.861184,2,0.011360707362192047,-0.0006434594916467025,-0.008324382466748347,0.0019311946798569292,-0.0061262839746812625,0.0007818099115237002,0.9999790637333525
1741341862.877779,2,0.01166056132485008,-0.0006529925058531193,-0.008407604308321668,0.0017761996670599602,-0.006263849662697452,0.0007520001175159582,0.9999785216683251
1741341862.8943005,2,0.011648418587241286,-0.0006741240864231483,-0.008675031933902207,0.0005481837301201604,-0.005537865906014793,0.0007226642173261059,0.999984254522157
1741341862.9113882,2,0.011354898746150161,-0.0006910391625760949,-0.008946381678196797,-0.0007615723880824949,-0.006097313085940685,0.0007319119409002486,0.9999808533594733
1741341862.9279456,2,0.011059386470901194,-0.0006813416461700032,-0.008902868275068294,-0.0017952271811854526,-0.006048417977142969,0.0007963579209845099,0.9999797796022694
1741341862.9442787,2,0.010914362245997192,-0.0006622493278334742,-0.008678643174109511,-0.0017258679085437312,-0.00568516099147665,0.0007076436361401775,0.9999820996222619
1741341862.961579,2,0.01108977474148062,-0.0006423834429056453,-0.008304729560125344,0.00025486499525634825,-0.005231819570357415,0.0006837181295999659,0.9999860477213354
1741341862.9776273,2,0.01134136709518348,-0.0006394640550127928,-0.008201719796743532,0.001730792781871543,-0.005884676888112259,0.000625486358740069,0.9999809916698835
1741341862.99436,2,0.011492882174042433,-0.0006553647646249788,-0.008430142228148276,0.0020224945466370096,-0.006331665546501269,0.000756124727661323,0.9999776236509555
1741341863.01088,2,0.011485656567038996,-0.0006745322732342855,-0.008775598566501366,0.0011843500748641193,-0.005606111441700268,0.0006563630714846272,0.9999833688701636
1741341863.0275512,2,0.011443712350882741,-0.0006758114521060448,-0.008874573655923168,-0.0001638854235490623,-0.00547826270074843,0.0007120803761346956,0.9999847272438152
1741341863.0444016,2,0.011174858098907118,-0.0006799955146416982,-0.008914303632400086,-0.0017364766879732472,-0.006104201898448323,0.0006949971899361307,0.9999796199657277
1741341863.0609221,2,0.011067398914792212,-0.0006645057692487729,-0.008653027132316632,-0.0015227885759081803,-0.005979096301846145,0.0006846511643546715,0.9999807312019315
1741341863.078011,2,0.011025951275000813,-0.0006604524960924655,-0.008459817213854201,-0.000433802143464596,-0.005276237242233725,0.0006193858303150093,0.9999857946478325
1741341863.0944102,2,0.011142261863070711,-0.0006529660748944803,-0.008385848632058069,0.0010370235069602116,-0.00550438459310345,0.0007581654140389044,0.9999840256312609
1741341863.111361,2,0.011357095637648256,-0.0006497207207047785,-0.008451306885966707,0.0017729064106937896,-0.006019229978201285,0.000715760033738505,0.9999800564815793
1741341863.1279836,2,0.011516362761404471,-0.0006599057733653547,-0.008604592506890827,0.0013573458047382728,-0.005682608241746258,0.0006683875672157979,0.9999827092675139
1741341863.1444674,2,0.011419943653736546,-0.0006720282491204275,-0.00884456028026773,0.0001588266530803412,-0.005324319212610638,0.0006956896981845528,0.9999855711033337
1741341863.1613078,2,0.011334474158109755,-0.0006762616658732656,-0.008793027526702111,-0.0009205300321457485,-0.006178249132828163,0.0007345310014793657,0.9999802209675551
1741341863.1778026,2,0.011079624927581373,-0.0006721134392756285,-0.00876826062354145,-0.0017926989692420025,-0.005831743318280664,0.0006501297151890992,0.9999811769886615
1741341863.1948447,2,0.01111849662325026,-0.00065635457211932,-0.008477994615415345,-0.0008161863610159244,-0.00536430291854279,0.0007142984051971895,0.9999850238237623
1741341863.2112777,2,0.011093569012035715,-0.0006577770135318553,-0.008512336780634448,0.0008656769118395606,-0.005304156816134574,0.0007875096401297592,0.9999852480674507
1741341863.2278817,2,0.011450536158311696,-0.0006415840138624989,-0.00832396615606765,0.0013730064235606835,-0.005848341107399274,0.000687116253829888,0.9999817196483675
1741341863.2443795,2,0.011505486817868466,-0.0006627684078191173,-0.008530197709314648,0.0009205289069466215,-0.0056526368232047205,0.0007647970756371018,0.9999833075651361
1741341863.2613368,2,0.011380518936358282,-0.00067762697196888,-0.008781597412745236,0.00031868723530451525,-0.0053273328590223885,0.0005585973335466265,0.9999856028623983
1741341863.2778964,2,0.011250779857262814,-0.0006786737015004389,-0.008827872513487083,-0.00040046202892218206,-0.00574391937831453,0.000811384959908197,0.9999830941944896
1741341863.2950845,2,0.011233093115075973,-0.0006613453739742285,-0.008615347154975127,-0.00042824148942007857,-0.005800474689497097,0.000566506623516388,0.9999829249406456
1741341863.311568,2,0.01109245702551537,-0.0006601403668074393,-0.008610664807667432,-9.629265612257868e-05,-0.005246790228053452,0.0006008955555375752,0.9999860503249824
1741341863.3285463,2,0.011234802764530311,-0.0006537243532440797,-0.008471721695590316,0.0007652049420851068,-0.005382372147706503,0.0007141964025080241,0.9999849671144856
1741341863.3447807,2,0.011382565113777736,-0.0006556391987403037,-0.008476813375139601,0.0010658173104878311,-0.0055509852548444325,0.0007450050366105323,0.9999837476497588
1741341863.361439,2,0.01138074259686335,-0.0006743081788194437,-0.008657827590900844,0.0005758429131641692,-0.005399325739846632,0.0006554803910983185,0.9999850429041183
1741341863.3782718,2,0.011332887117553682,-0.0006783454226032427,-0.008753513488703138,-0.00021452633996699914,-0.005295831945048256,0.0005944387536711542,0.9999857772913711
1741341863.3950868,2,0.011144862244837345,-0.0006777572589791061,-0.008842719489666948,-0.0009292959763803928,-0.005308564670312616,0.0006913283344062256,0.9999852386986837
1741341863.4114873,2,0.011099783442675249,-0.0006673433807090847,-0.008715047116657229,-0.0005182972817427797,-0.005523572900922738,0.0007662572520540765,0.9999843170571024
1741341863.4286108,2,0.011181717812380955,-0.0006538001920575142,-0.008514358240157208,0.0001988050649532736,-0.005250647369579232,0.0006691820866074338,0.9999859715886426
1741341863.4451396,2,0.011266218989816213,-0.0006560236826702318,-0.008491847123856422,0.0008876983427131837,-0.005407317038907522,0.0006325719243387481,0.999984786267698
1741341863.4620595,2,0.011387989902029483,-0.000659364072260112,-0.008544341792308577,0.0009532989000446412,-0.005510078926919595,0.0007398026292145253,0.9999840913452054
1741341863.4783115,2,0.01139575188859762,-0.0006701079841289714,-0.008701926364825543,0.0005292506316738356,-0.0053210100547827835,0.0006968108036487529,0.9999854604945362
1741341863.4947443,2,0.011389443761081489,-0.0006716125867490749,-0.008712007168800297,0.00017814326125814675,-0.005415340514018097,0.0007078021310352923,0.9999850705726756
1741341863.5116513,2,0.011252870729378611,-0.0006663500832849021,-0.00869915991080146,-0.0005720427159250758,-0.0058456936783343886,0.0007093536454405347,0.999982498571828
1741341863.5281336,2,0.011186877867728517,-0.0006572223191362676,-0.008536668045403163,-0.00040120720908505395,-0.005426478868492472,0.000651427721214167,0.9999849838881528
1741341863.5450108,2,0.01106311327681695,-0.0006595601491923002,-0.0085666405647316,0.0001990702195308603,-0.005217908413436245,0.0006617459019202391,0.999986147851658
1741341863.561905,2,0.011281129750214908,-0.0006541441362772168,-0.008419833616348248,0.00111856836248173,-0.005441649077464756,0.0005926188426337982,0.9999843929097312
1741341863.5781837,2,0.011445411583978894,-0.0006561721002591772,-0.00849526701752436,0.0012149667359720668,-0.005825129098071349,0.0007445343021401603,0.9999820185360806
1741341863.5948102,2,0.011520242098548919,-0.0006651770171898196,-0.008643452929670977,0.0006513338732140164,-0.005481254820656005,0.0007922940537268069,0.9999844518190815
1741341863.6118174,2,0.011293510823652403,-0.0006861507194317804,-0.008935610496205863,-0.00029355928552448853,-0.005377586463241357,0.0006389168723677623,0.9999852934778624
1741341863.6285183,2,0.01128892862387177,-0.0006670168744516473,-0.0087188216346441,-0.0009172898936191022,-0.006231125510070632,0.0007849630965428862,0.9999798575406735
1741341863.6453953,2,0.010981180239152238,-0.0006709350290474425,-0.008746170819943635,-0.0012817336069563836,-0.006033940092997179,0.0007628398216972295,0.9999806832140916
1741341863.6616497,2,0.011136903826316715,-0.0006504795578490957,-0.008366265023813192,1.544114285091692e-05,-0.0052660728566237556,0.0006474995085776873,0.9999859243922518
1741341863.6783857,2,0.011236211831294612,-0.0006492785413278131,-0.00834868175576316,0.0010744960789016514,-0.005527851230632577,0.0006972044098158519,0.9999839009828905
1741341863.6954038,2,0.011511988951744268,-0.0006469416762028855,-0.008353045938014017,0.0015118359113212166,-0.006168384645962202,0.0007731020819906176,0.9999795336386679
1741341863.711997,2,0.01160367860387461,-0.0006609428880706438,-0.00857046139743257,0.001179218926599869,-0.005726221145072724,0.0005992593784868847,0.9999827302120363
1741341863.7290635,2,0.011375755061494594,-0.0006816386837760821,-0.008924362496806573,-0.0002049093780178976,-0.005352031029797811,0.000694834132671838,0.99998541538441
1741341863.745238,2,0.011364956065411996,-0.0006654196547990399,-0.008722637609287149,-0.001111342328947076,-0.005860884771776292,0.0006994940200611253,0.9999819626653452
1741341863.7617214,2,0.011036905442215838,-0.0006720848578186184,-0.00872871181609404,-0.0015038055172389346,-0.005927070253021073,0.0007045810887670597,0.9999810558068944
1741341863.778927,2,0.010936626291669506,-0.0006651174887865208,-0.008580055234331434,-0.0004715088510007333,-0.005244837277835685,0.0006931558854075376,0.9999858943486408
1741341863.7953455,2,0.01119731804222596,-0.0006440697357196289,-0.008306549640348706,0.0008360323928999267,-0.0054357401029413695,0.0007011072522446925,0.999984630995893
1741341863.8121874,2,0.011449088815513292,-0.0006446149663915942,-0.008317191957526459,0.0018148418785119455,-0.006032204034121137,0.0007345381122031202,0.9999798894563873
1741341863.8285067,2,0.011507530569354952,-0.0006612323254547143,-0.008609817187651452,0.0013344351815691496,-0.005783241067334734,0.000754004522307425,0.9999821022811777
1741341863.8453789,2,0.011536137859071207,-0.0006708773487288886,-0.008739015144005916,0.0005698743684825899,-0.005408614357402344,0.0005892542838426093,0.9999850373447225
1741341863.8620267,2,0.01131121362966269,-0.0006842568913908315,-0.00887496928808766,-0.00037415171985869715,-0.005958464047262009,0.0007072568929803459,0.9999819280888906
1741341863.878462,2,0.011086706777543462,-0.0006771734637176618,-0.008788121299921297,-0.0011658745384693077,-0.00614483602846673,0.0007230396795358603,0.9999801792737523
1741341863.8955631,2,0.010958044049754305,-0.0006673046926199899,-0.008637142613603006,-0.000255237172736298,-0.005530875255585673,0.0007300807772912626,0.9999844055058816
1741341863.911933,2,0.011123491997386492,-0.000642487313910969,-0.008374616153937305,0.00025569913214669595,-0.005227484532853302,0.0006396376746692661,0.9999860993469147
1741341863.9284558,2,0.0113060009886047,-0.000643954001312709,-0.008372858630773543,0.00126982255918311,-0.005780235399459081,0.0007032272306085848,0.9999822407927338
1741341863.945368,2,0.011542617577176641,-0.000649608372306685,-0.008434757946932787,0.0015048861349638474,-0.005921245245686876,0.000707521012100806,0.9999810866143812
1741341863.9623575,2,0.011475973071370634,-0.0006762897867852425,-0.008750275047306745,0.0008085096398682947,-0.0053697684204775335,0.0006405585339482215,0.9999850506802777
1741341863.9785454,2,0.011326005426030569,-0.0006841650058243925,-0.008894860196501816,-0.00034581967783448134,-0.0054032083369061545,0.0007395802487291039,0.9999850692732738
1741341863.9953027,2,0.011207508372569255,-0.0006698938188757551,-0.008775173839596239,-0.0009834615385576446,-0.005820910323881562,0.0007338516575434207,0.9999823054775261
1741341864.0119576,2,0.011085308870657524,-0.000659836680999671,-0.008603490725659252,-0.0010987250056099462,-0.0057463705299882544,0.0006923677959773,0.999982646177387
1741341864.028795,2,0.011049833159440251,-0.0006535254394402844,-0.008504340773607896,7.96162339808947e-05,-0.005147334183613688,0.000554245477974506,0.9999865956221651
1741341864.045207,2,0.011328222676658483,-0.0006416337967215876,-0.008302000843019956,0.0011265632528811732,-0.005580729439260581,0.000685327074318692,0.9999835581853155
1741341864.0619533,2,0.011444711016687434,-0.0006580019499904232,-0.00846567746765298,0.0016164411476185178,-0.0058309555262347915,0.0006327664318780599,0.9999814931699036
1741341864.0794551,2,0.011407672994649107,-0.0006755188368778569,-0.008750879721829948,0.0006302934238626333,-0.0053578569332547055,0.0006329542460895851,0.9999852476252862
1741341864.0952384,2,0.011396238433203249,-0.0006713509155327133,-0.008778847044305399,3.7065804011226566e-05,-0.0053401497199258635,0.0005417829844268175,0.9999855938453777
1741341864.1121383,2,0.011324913800733477,-0.0006587112887715949,-0.008657128398067914,-0.0007443453508544918,-0.006009921809211417,0.0007595084209741394,0.999981374794953
1741341864.1288207,2,0.011087106294423669,-0.0006661535909895511,-0.008681297924958063,-0.0007804371629093692,-0.005784371118267357,0.0007221741597617252,0.9999827050669845
1741341864.1456764,2,0.011167199210045895,-0.0006558633287415114,-0.00845395986662629,0.0003056875880956178,-0.005317242619158743,0.0005888723913457889,0.999985643254609
1741341864.162154,2,0.011346971332926389,-0.0006484431088327612,-0.008336746456337618,0.0007558231708476572,-0.0054847246520332545,0.0007246833633919323,0.999984410558909
1741341864.1787195,2,0.011386978055079714,-0.0006579615451363462,-0.00852191498840285,0.0009670570973979167,-0.005568179251759249,0.0007207378320659664,0.9999837702269814
1741341864.1960077,2,0.011436703838208792,-0.0006646989291447533,-0.00864375193641267,0.0005045235155310289,-0.005455825122720434,0.0007165895510938694,0.999984732847291
1741341864.2122588,2,0.011351689882982565,-0.0006672114268549373,-0.008740438181213596,-0.00024256361015917517,-0.005416188102473322,0.0007589908263839577,0.9999850148888527
1741341864.228879,2,0.011295198485274084,-0.000662462122326858,-0.00864913555249434,-0.0005353913474087588,-0.0057338255301624,0.0007499345940981223,0.9999831369573186
1741341864.2460089,2,0.011125491717007507,-0.0006665236525444793,-0.00864763145375607,-0.0006644628156870408,-0.005375343769655929,0.0005773658510016121,0.9999851652985651
1741341864.2623425,2,0.011172926705543472,-0.0006611080602186158,-0.008515320179103772,0.00011412066129361397,-0.005236262389223471,0.0006548020505890318,0.9999860697864448
1741341864.2789288,2,0.011200621924119313,-0.0006629632897822076,-0.008575886880421843,0.0009042992367140358,-0.005317149712442071,0.0005682920258812091,0.999985293494859
1741341864.2953596,2,0.0115488588441653,-0.0006437122204954716,-0.008365127019094434,0.0009486634820637289,-0.005677581956553077,0.0006568397730799383,0.9999832166902788
1741341864.3124495,2,0.011444354169123946,-0.0006672795533200889,-0.008630543990360562,0.0004015911189357633,-0.00533354741489408,0.0007095726882958139,0.9999854441456367
1741341864.3296077,2,0.01128292928233769,-0.0006809734309500513,-0.008801138449570853,-0.00047549428409122507,-0.005477544189818939,0.0006998151824530386,0.999984640218811
1741341864.3457758,2,0.011086386311066287,-0.0006824216522368408,-0.00885062570126767,-0.0011729951843807527,-0.005557390180907895,0.000624730598748851,0.9999836744709153
1741341864.362611,2,0.011064737078163968,-0.000669772178319289,-0.008680358165255411,-0.0005528749034753924,-0.0053881849275481605,0.0007916465568002168,0.9999850174318897
1741341864.379464,2,0.011086504514038219,-0.000662410487174385,-0.008589467826532632,7.374160122414059e-05,-0.0052535462087389155,0.0007261650936588134,0.9999859336504018
1741341864.3958132,2,0.011317556917327366,-0.000651448237020156,-0.008456267595307359,0.0011315742803205602,-0.00554496015262993,0.0006173405317565213,0.9999837957923227
1741341864.4123552,2,0.011495216443440119,-0.0006522128854935264,-0.008485670487523947,0.001040093485661783,-0.00560716479654977,0.0007132856846354005,0.9999834844296267
1741341864.428979,2,0.01147756762318175,-0.0006693349562467103,-0.008654920295690297,0.0005179583138023561,-0.005403177308898215,0.0006207481768713284,0.9999850759215633
1741341864.445991,2,0.011300868295726997,-0.0006790956520403214,-0.00879484334751829,-0.0006059005749841309,-0.0055209561648467635,0.0006942496020213784,0.9999843348498061
1741341864.4632478,2,0.01119175940780142,-0.0006701139696301715,-0.008689642103875588,-0.001106924868941006,-0.005712956813864004,0.0006855008889704681,0.9999828333178069
1741341864.4789767,2,0.010952978471384772,-0.0006700502521502004,-0.008732330693845228,-0.0009945952644968739,-0.005387037245555877,0.0007054883249403662,0.9999847463317618
1741341864.4958217,2,0.0111363684522801,-0.0006547849383049083,-0.008457821216027315,0.00035386337369866245,-0.00520648116015359,0.0007332038755539368,0.9999861147769595
1741341864.512488,2,0.011316497928214642,-0.0006517270853021885,-0.008421782534080817,0.0011693387320905846,-0.005672805296715228,0.000625901994967084,0.9999830299428525
1741341864.5290496,2,0.011445720810723668,-0.0006584963918418787,-0.00854932739220929,0.0011334422272106805,-0.005684865698653826,0.0007595031108309496,0.9999829102368352
1741341864.546372,2,0.011381787811134865,-0.0006775646605465083,-0.008802020206623195,0.0003651560551772457,-0.005283009571745676,0.0007080523041935571,0.9999857274645747
1741341864.5627239,2,0.01128775704849015,-0.0006817931835341438,-0.008869045768742968,-0.0006049617179581,-0.005413643740612751,0.000709170064032003,0.9999849116664661
1741341864.5792663,2,0.011221881258843762,-0.0006694744824510431,-0.00869868441199331,-0.0008681825421175236,-0.005738060439203804,0.0006694827796013952,0.9999829362115523
1741341864.59608,2,0.011024852353287951,-0.0006652597119034323,-0.008653527467839572,-0.0007178205611255562,-0.0053379552993385645,0.0006630413648829487,0.9999852755631019
1741341864.6124358,2,0.011095623930020308,-0.0006544583989232094,-0.008460340210558838,5.1564258832556736e-05,-0.005235416755356499,0.0007480393633970562,0.9999860139970137
1741341864.6290905,2,0.011184094049765348,-0.0006576249631968682,-0.008481432597579589,0.0009748117408193527,-0.005505597837164067,0.000644830433144007,0.9999841610386826
1741341864.6459424,2,0.011465774862048873,-0.0006515656104742024,-0.008445436814749754,0.0012967434582729317,-0.005834608459067041,0.0007643222989648907,0.9999818456411877
1741341864.6626205,2,0.011504400505019984,-0.000668831989574007,-0.008657755191192558,0.0008793304944728612,-0.005555924102219242,0.0006931781690344293,0.999983938865659
1741341864.6793272,2,0.011433031121101979,-0.0006751117971146666,-0.008783171397058965,7.36054180684972e-05,-0.005478599144598808,0.0006936122354982181,0.999984749101566
1741341864.6962783,2,0.011305664980811524,-0.0006657400645678846,-0.008719136329795634,-0.0007215414817449846,-0.005513749547703109,0.0006838856470273441,0.999984304998952
1741341864.7125592,2,0.011130420322193036,-0.0006586750135149121,-0.008588387566150421,-0.0007985187534062936,-0.005616393572207652,0.0007584629534785678,0.9999836214783673
1741341864.729587,2,0.011043901379987847,-0.0006551009809299353,-0.00847111965343335,-0.00030148155305271163,-0.00518967768009401,0.0007170965185364663,0.9999862309687234
1741341864.7461078,2,0.0111748758500036,-0.0006494801881433107,-0.00838981097421952,0.0006857585407291047,-0.0054399435465521655,0.0007680456180500649,0.9999846733102277
1741341864.7627838,2,0.011391832468091886,-0.000653392464042475,-0.008441412401786141,0.001502316130923841,-0.0059016616038684334,0.0007041696692352469,0.9999812086142584
1741341864.7793355,2,0.0115541050429216,-0.0006605557860861391,-0.00856406913680248,0.001054581597034176,-0.005639718029315831,0.0007109232340605613,0.9999832878735326
1741341864.7960508,2,0.01142959033739803,-0.0006748696331289488,-0.008802283403091521,-5.019988459840752e-05,-0.0053016858783453,0.0007148180187317458,0.9999856892186102
1741341864.8127682,2,0.011290754605187317,-0.0006725204434525324,-0.00877684616050526,-0.001446346889819748,-0.005854779448091785,0.0007913842393571847,0.9999815015035399
1741341864.8293252,2,0.011024368977723032,-0.0006715620695721509,-0.008763450717760114,-0.0015204183428872415,-0.005702578950063288,0.0007661983891871959,0.9999822907738963
1741341864.8462462,2,0.011012478674313233,-0.0006610102398800565,-0.00855456296025541,-0.00028561840446405693,-0.005171559355872078,0.0006731398843415906,0.9999863600463018
1741341864.8630674,2,0.011098742606205095,-0.0006565199877296238,-0.008482727815020423,0.0005845119127746222,-0.0052668867774047015,0.0007193978806805799,0.9999857002558522
1741341864.8792896,2,0.011352039215542117,-0.000649114342673233,-0.00842529116251807,0.0011723040546270612,-0.005694878748372301,0.0006688507364526828,0.999982873202305
1741341864.896905,2,0.011431609566105434,-0.0006610708545609308,-0.00860386685789487,0.0007631558220948588,-0.005587751249702831,0.0007521406542997744,0.9999838143258114
1741341864.9127984,2,0.01150608796433908,-0.0006632521245450249,-0.008640409865969213,0.0002219143711362693,-0.005346556578567049,0.0006032299162025122,0.9999855004950984
1741341864.9294922,2,0.01126007038171901,-0.0006792047131370002,-0.008835364078135578,-0.0012191542703455967,-0.005498191664839923,0.0007445542345537816,0.999983864464959
1741341864.9464025,2,0.011119326121823215,-0.0006704750585895282,-0.008747471997089048,-0.0010753457840039324,-0.005546121744938327,0.0006874253038735151,0.9999838056746153
1741341864.9633431,2,0.011064079981901913,-0.0006620882676865843,-0.008599870974417756,-0.0009872473966721067,-0.005453003494708418,0.0007377987640462524,0.9999843727521187
1741341864.9796498,2,0.011194408388005403,-0.0006494140156924692,-0.008399517321963703,0.0004651257681189111,-0.005284830432569526,0.0006971441937004574,0.9999856840051721
1741341864.996135,2,0.011371882523878342,-0.0006460442547091405,-0.008345710338199338,0.000990412872054511,-0.0056803383914984795,0.000689243112033573,0.9999831387488658
1741341865.013106,2,0.01151596667134831,-0.0006518123650406989,-0.00841866335063959,0.0011000872430132448,-0.005626899063250522,0.0006039089244504671,0.9999833814164117
1741341865.0300794,2,0.01140658439856205,-0.000672566149525047,-0.008703807390881413,0.00030706582754977694,-0.005276151645651091,0.0007300320661014564,0.9999857673925026
1741341865.046286,2,0.011282519185165216,-0.0006773860372483057,-0.008802862300029218,-0.0006394493896896883,-0.005443372102072797,0.0007583179068055009,0.9999846927621385
1741341865.0632508,2,0.011238499374038516,-0.0006607145119352703,-0.008625966208037308,-0.0005972084609199362,-0.0055311998980790795,0.0005858072912432992,0.9999843528773633
1741341865.0796783,2,0.011114616542098115,-0.0006588864683270649,-0.008562174088139026,-0.00022770582908387323,-0.0051762042914935535,0.000666552261718384,0.9999863552905462
1741341865.0963125,2,0.011090350156944153,-0.0006617095755884267,-0.008545971979333485,0.0003014544053139508,-0.005188111029271264,0.0006448119017380566,0.9999862883293954
1741341865.11324,2,0.011384021943861608,-0.0006489202232388032,-0.00835825396523862,0.0012662084190796868,-0.005563917584919982,0.0005024513793213895,0.9999835934053913
1741341865.1303883,2,0.011427031029271754,-0.0006615463268903252,-0.00852761334215673,0.0009397233374112052,-0.005530341610716161,0.0007377981263272066,0.9999839938197224
1741341865.146715,2,0.011384885580168968,-0.0006692341081020923,-0.008684382738559917,0.00015932203207745727,-0.005235302840692453,0.0007832799158426928,0.9999859762482821
1741341865.1634064,2,0.011352729069271636,-0.0006627961066410548,-0.008646320469825304,-0.0003580785898665356,-0.005505265569045665,0.000616283346306374,0.9999845918940825
1741341865.1797078,2,0.011193586495894421,-0.0006621128329856887,-0.008632287154861041,-0.0005484601109161387,-0.005493664163475969,0.0006337507209187756,0.9999845584835746
1741341865.1966763,2,0.011089958472822731,-0.0006637194652680685,-0.008599831672400235,-0.0004000078922097774,-0.005362561496136504,0.0007153255470753935,0.9999852855103658
1741341865.2131908,2,0.011145187259947717,-0.0006615290201647454,-0.008531717857576093,0.00032210889090948723,-0.005308896219821612,0.0007096281802129596,0.999985604043696
1741341865.2299147,2,0.011345876109573954,-0.0006551888244962975,-0.00844550337535554,0.000964422084812768,-0.0054815373842023035,0.0006515708378796417,0.9999842989234337
1741341865.2467914,2,0.011416621770247335,-0.0006582936571461578,-0.008550797557302996,0.0005990807059343121,-0.005498319202739291,0.0007488286874800684,0.9999844243006235
1741341865.2632792,2,0.011325809962922586,-0.0006743826449373887,-0.00873523638036101,-1.6283048650498906e-05,-0.0053505924153824744,0.0008320016406551363,0.9999853392269992
1741341865.2800584,2,0.011320944389403124,-0.0006648458955237128,-0.008655295180178645,0.00013256639883796548,-0.005507581624485496,0.0006985026847590263,0.9999845804135176
1741341865.29659,2,0.011189380374326081,-0.0006608217724004918,-0.00862674103600165,-0.0007611431717676803,-0.0058754639310742455,0.0007990620939788897,0.9999821303825567
1741341865.3133457,2,0.011077266284524061,-0.0006605057790603889,-0.008578056256592626,-0.0005319758262255345,-0.005256088916533425,0.0007045837433556838,0.9999857969455218
1741341865.330141,2,0.011186948058333979,-0.0006528414276260748,-0.008437277988094198,0.0005229908413807566,-0.0052426884896775924,0.0006928452833410953,0.9999858802320127
1741341865.3467872,2,0.011407607032949938,-0.0006465573855585884,-0.008348877771849863,0.0012895654894747527,-0.005597044407954804,0.0005502030771596313,0.9999833535571068
1741341865.3639748,2,0.01142789773155423,-0.0006609985770269877,-0.00855683869919271,0.0009198695025802952,-0.005546447732216431,0.0006651102870772002,0.9999839740645637
1741341865.3802497,2,0.011426288443043794,-0.0006699141879754699,-0.008671898397358553,8.541292711934865e-05,-0.005402708253875528,0.0006701771241766557,0.9999851770455288
1741341865.3969328,2,0.011169122786726627,-0.0006830836118501325,-0.008872578852526148,-0.0011269075530844113,-0.005560305338330573,0.0006823660566932729,0.9999836735969623
1741341865.4134812,2,0.011096407525510712,-0.0006691612110502716,-0.008704600815228798,-0.000884693609236387,-0.005775717376976228,0.0006134980780035759,0.9999827408641149
1741341865.4300551,2,0.011139118274251972,-0.0006503958196221531,-0.008435243773272112,1.3771837911571854e-05,-0.005549709728657117,0.0007319594953100583,0.9999843322610417
1741341865.4466608,2,0.011016485631703127,-0.0006615534372544457,-0.008565700294734208,0.00021399946938429378,-0.005222225179341521,0.0007867877854120794,0.9999860316691349
1741341865.4640207,2,0.011286794572068342,-0.0006503901371051581,-0.008457215558907707,0.001287731611379178,-0.005657996586228396,0.0006418746512046135,0.9999829582642193
1741341865.480212,2,0.011471609686803441,-0.0006564007197727225,-0.008511744661627917,0.001255397609100699,-0.005668592980265691,0.0006504470604800905,0.9999829338289172
1741341865.4971962,2,0.011315765949832824,-0.0006784320161238399,-0.008827650529228272,0.00022868419204040118,-0.005281679154496245,0.0006659237054281333,0.9999858039564701
1741341865.5133653,2,0.011349632246004335,-0.000669834164594105,-0.008687310449816767,3.643466181405376e-05,-0.005614244038659425,0.0006891289175340135,0.9999840018908926
1741341865.5300944,2,0.01112558613501301,-0.0006692649250013244,-0.008692421312829364,-0.0008848266325917846,-0.0056127554170009985,0.0007148723784771751,0.9999836013735133
1741341865.5469937,2,0.01097729463029326,-0.0006670792248513344,-0.008636095971740651,-0.0010478897326357953,-0.005353634939062146,0.0007646276906466331,0.9999848278171736
1741341865.5637486,2,0.011126160873555991,-0.0006514334622415137,-0.008400023546331993,0.0006535426350643636,-0.005123443347586681,0.0005999960967444086,0.9999864815161115
1741341865.5803094,2,0.011245790756786162,-0.0006527303107554663,-0.008428973024913865,0.00089091724635214,-0.005612232430492865,0.000745902027457822,0.9999835762370158
1741341865.597442,2,0.011375603463505527,-0.0006601282263248777,-0.008546305485001057,0.001110804154523185,-0.005641046589261325,0.000747231281169745,0.9999831930352232
1741341865.6140482,2,0.011412858003511406,-0.0006684843653373296,-0.008696397879791007,0.00030320098680399415,-0.0053362450718761854,0.0007916925972290092,0.9999854027837236
1741341865.6307154,2,0.01145225376295708,-0.000660475020339899,-0.008624338100589308,-0.000155540115236747,-0.005519560311141005,0.0007536038988578569,0.9999844710506297
1741341865.6470737,2,0.011194237834980381,-0.0006687507726201886,-0.00870112041318499,-0.0009291272624760695,-0.0060010811544193195,0.0006753772740949195,0.9999813336323062
1741341865.663659,2,0.011047340345769867,-0.000662019242586498,-0.008583802674442401,-0.00026194330980880306,-0.005672450656287811,0.0006716445699198029,0.9999836516577788
1741341865.6802053,2,0.01105355274498378,-0.0006496710199993822,-0.008445791325796124,-5.316734003998438e-05,-0.005273816446976141,0.0007135175671058503,0.9999858373627093
1741341865.6969087,2,0.01132880653977955,-0.0006384961424980674,-0.00824051917248835,0.0011173309669379138,-0.00557363901841553,0.0007626125016321268,0.9999835521356214
1741341865.713886,2,0.011447538383494979,-0.0006486560268150011,-0.008380663507932472,0.0012341252624974534,-0.005845220255913008,0.0007955104046512722,0.9999818385841777
1741341865.7303317,2,0.011534875950964557,-0.0006599882356832999,-0.008510647512439651,0.0008646137389447068,-0.005529725556692703,0.0007559414723150758,0.9999840514382419
1741341865.746993,2,0.01144798959537118,-0.0006658451894025717,-0.008636275222682585,0.00029411153238500577,-0.0055815929551205025,0.0007018389128220353,0.9999841332444381
1741341865.76383,2,0.011185222083896329,-0.000673170133589556,-0.00874092717670168,-0.0009252515440819665,-0.005681757734330974,0.0006476381299311298,0.9999832209109717
1741341865.7804513,2,0.011051547271791036,-0.0006615772267867395,-0.00862543154561732,-0.0009168840064451844,-0.0054592170524354255,0.0006486322749874332,0.9999844676539056
1741341865.7972355,2,0.011019091715394676,-0.0006561900455244061,-0.008518417671731199,0.00012045251443424869,-0.005087965184803817,0.000615196906010526,0.999986859730785
1741341865.8136055,2,0.011230488833560592,-0.0006476614497253799,-0.008344183203073653,0.000850254898483247,-0.005416213034303887,0.0007201796441303992,0.9999847114052568
1741341865.8305469,2,0.011442964204490633,-0.0006482374685080787,-0.00832911443649107,0.0012116493650395777,-0.005682102575194385,0.0005643971326435609,0.9999829633908859
1741341865.847468,2,0.011366634617170922,-0.0006673596524299228,-0.008630690977795568,0.000664627356809559,-0.005364534123734364,0.0007205806753306916,0.9999851302932471
1741341865.8638265,2,0.011318582353573754,-0.0006715198260765803,-0.008740743063275226,0.00015981311285303407,-0.005323025798872769,0.0006809533138267451,0.9999855879754957
1741341865.8804386,2,0.011260402664822084,-0.0006629809835472845,-0.008669643505013465,-0.0005928685919782326,-0.005633431664895964,0.0008576371245883675,0.9999835885718685
1741341865.897051,2,0.01105284989468045,-0.0006669547113514478,-0.00867844311324186,-0.0011512546010072604,-0.005496487991942109,0.0006855469938213734,0.9999839965009026
1741341865.913972,2,0.01109621057509411,-0.0006557958178080518,-0.008473442792401052,0.00010643256277959516,-0.005333028321790623,0.0007553950480602221,0.9999854883243806
1741341865.9306552,2,0.011223779017425427,-0.0006442417848023543,-0.008349420725691736,0.0006570668583291726,-0.005308148745440609,0.0007179957388092518,0.9999854380450544
1741341865.9472811,2,0.011275518678915956,-0.0006531649979733305,-0.008481028568458619,0.001038666405931413,-0.005563106825960242,0.0006192282984995778,0.9999837946541206
1741341865.9643025,2,0.011419788152674613,-0.0006546585161900801,-0.008514485287769142,0.0006948629808564597,-0.00545210662650416,0.0006837370207692373,0.9999846619836014
1741341865.9805593,2,0.01146329580494037,-0.0006575716459139724,-0.008525718529102154,0.0001696610082552114,-0.00536492168907313,0.000704071706270799,0.9999853464493591
1741341865.997114,2,0.011170359235667079,-0.000671947185148929,-0.008751474357312687,-0.0008600812214939915,-0.005468393597916439,0.0006691471631250924,0.9999844544660806
1741341866.0142748,2,0.011016958227913501,-0.0006698110254691317,-0.008717076163623569,-0.000852909388606093,-0.0054730856066785094,0.0006283002804437986,0.9999844614384138
1741341866.0306094,2,0.011084417877776516,-0.0006556876313925568,-0.008504593450954844,-0.0002499747344870698,-0.005243618914767385,0.0007488426003235356,0.9999859405051996
1741341866.0474577,2,0.011150667550825506,-0.0006522516597927755,-0.008464694112930984,0.0004690913800010116,-0.005253149774344125,0.0007197239906093631,0.9999858330837006
1741341866.0643144,2,0.011331013041076286,-0.0006508349551760857,-0.008429274964143094,0.0011504463092236743,-0.005477646400533882,0.0005075773183682849,0.9999842069895235
1741341866.0806057,2,0.011368116261863149,-0.0006597145412083193,-0.008568735836787552,0.0005613101580000023,-0.0053249704758003115,0.0006883353991190481,0.9999854278011838
1741341866.0976377,2,0.011296677337885565,-0.0006670276939624791,-0.008694425234163838,-1.8670513758567348e-05,-0.005337930226243429,0.0006618470716643611,0.9999855339507494
1741341866.11404,2,0.011233574153261696,-0.0006617166623591449,-0.008637768607131585,-0.000519462339066547,-0.005343940735629151,0.000676523048483444,0.999985357279224
1741341866.1307373,2,0.011165387514754991,-0.0006571254563782922,-0.008533202982221873,-8.960442008568132e-05,-0.0055999819974199,0.0006911490385070178,0.9999840771160725
1741341866.1478062,2,0.011109807101104194,-0.0006577319840412716,-0.008460889035225136,0.0003718260767312623,-0.005331088631853607,0.0006752867150491996,0.9999854925083766
1741341866.1640556,2,0.01118046547394408,-0.0006546276938755641,-0.00843223291696473,0.0005170919828068357,-0.005359069179640812,0.0007032568017924172,0.9999852591029929
1741341866.1808589,2,0.011288492025755078,-0.0006541661532005763,-0.00848820958047399,0.0012141052096245083,-0.005479448232450077,0.0005910985351971459,0.9999840759722776
1741341866.1974807,2,0.011359309376103806,-0.0006584818694147469,-0.008587968167959908,0.0007288104853787806,-0.00535514116065375,0.0006966315460010046,0.9999851528912391
1741341866.2141104,2,0.011360441256755829,-0.0006646641308177561,-0.008620594129568148,0.00033247697007901175,-0.005408099482123423,0.0007510847996971587,0.9999850387834208
1741341866.2310853,2,0.011222399249726353,-0.0006646359164995485,-0.00863820294069404,-0.0008700296386771728,-0.005374318136905982,0.0006233613108273287,0.9999849854741156
1741341866.247833,2,0.011030493309430579,-0.0006674808243214003,-0.00864858388099145,-0.0007844544318683091,-0.005372075066850584,0.0007021524097639654,0.9999850160990983
1741341866.2645395,2,0.010988161890735072,-0.0006605346930306379,-0.008570400206886817,5.326156021781696e-06,-0.005093433330603262,0.0006252602907521742,0.9999868328923674
1741341866.2809823,2,0.011204095053481626,-0.0006451524974670334,-0.008380175908106259,0.0008168931854354397,-0.00534044822501041,0.0007918903159619837,0.9999850924928866
1741341866.297467,2,0.01124780708176918,-0.0006555377414136508,-0.008532454095549988,0.0011257575987331282,-0.00546650048897113,0.0007129286900820886,0.9999841707621755
1741341866.3144445,2,0.011372179885896064,-0.0006597986560529167,-0.008588770784901403,0.0007840530091242388,-0.005478644652887709,0.0006942657693784625,0.9999844437333452
1741341866.3307405,2,0.011253734484190708,-0.0006759097116806447,-0.008774411888008538,-0.00012050316483845743,-0.005246922088146481,0.0007504661199894381,0.9999859459453373
1741341866.3475006,2,0.011152002727207693,-0.000672953205765912,-0.008754012136087373,-0.0006754232931886391,-0.005621578511794218,0.0006633284349468003,0.9999837506948791
1741341866.3645427,2,0.011020814358522386,-0.0006657270144988212,-0.0086730189585037,-0.0007809929853153296,-0.005531989756670121,0.000735009302299689,0.9999841233242729
1741341866.3810422,2,0.010972618764941426,-0.0006601838999175346,-0.008564146608008983,-0.00018124428139905703,-0.005181412482453751,0.0006489383797594392,0.9999863494039188
1741341866.3981998,2,0.011090829737430816,-0.0006520840344338737,-0.008456077089497768,0.0008180874313353239,-0.005309806786869274,0.0006992459478711733,0.9999853237622767
1741341866.4142725,2,0.011222623143159388,-0.0006537314929337892,-0.00851091739982996,0.0011707607998443458,-0.005620306006238052,0.0006903221894247963,0.9999832823276701
1741341866.4310045,2,0.011465780111784838,-0.0006471989171453853,-0.00846202664613102,0.00095882243954539,-0.00560312194456629,0.0007138978385699564,0.999983587882261
1741341866.4479983,2,0.011273579487473628,-0.0006740227090482994,-0.00878229353632136,0.000180213139313959,-0.00523911120666041,0.0006719048814520071,0.999986033792882
1741341866.4650228,2,0.01116065406509006,-0.0006771453688385739,-0.008790119467410592,-0.0006360509891360332,-0.0056887004970620205,0.0008210399771429068,0.9999832798697936
1741341866.4810848,2,0.01101317164673018,-0.0006732774954828759,-0.008719707514013712,-0.0006892930312058195,-0.0059111210489183,0.0007292486433081699,0.9999820256982014
1741341866.497668,2,0.011004555433430629,-0.0006560443265098776,-0.008512421466302334,-0.0002778973511611003,-0.00531120513305211,0.0006927777944175443,0.9999856168625749
1741341866.5145395,2,0.011043587250248019,-0.0006493939279925576,-0.008460052120267476,0.0007490677732710763,-0.005245263451760763,0.0005442618237950571,0.9999858148433205
1741341866.5315561,2,0.011177961222936067,-0.0006553627760189875,-0.008506835554894562,0.0012625314873275023,-0.005588922524131153,0.0007248356038891411,0.9999833221472297
1741341866.5478325,2,0.011385375349500656,-0.000656895996530233,-0.008513710241445323,0.0009114502682838606,-0.005509755082138295,0.0007001995418099995,0.9999841606635302
1741341866.5645804,2,0.011249956488366495,-0.0006752010942726628,-0.008801953277845768,0.00017266823447282395,-0.005287461593675077,0.0006772975621550681,0.9999857770006474
1741341866.5811636,2,0.01109687463226406,-0.0006763280047280439,-0.008897363302024952,-0.0011549129809437335,-0.005390226979245038,0.0007438440919650272,0.9999845290428675
1741341866.5978022,2,0.010959885634408986,-0.000672029587776632,-0.008834702322948652,-0.0010925822245587467,-0.005849713167978979,0.00079232912670574,0.9999819795048759
1741341866.614563,2,0.010970954545924089,-0.0006608915263573306,-0.008599741830386491,-0.00035071899353355884,-0.005210512991832685,0.0006067085086592595,0.9999861796321663
1741341866.6311593,2,0.011121929505323097,-0.0006471460536854361,-0.00837337487913135,0.00013905135233101466,-0.005291712868264279,0.0006523982910103254,0.9999857763068988
1741341866.6480947,2,0.011233242990806868,-0.0006500436395029996,-0.00839141101567749,0.001182877159744402,-0.0054586400242150794,0.0006710960082838613,0.9999841767152411
1741341866.6647263,2,0.011310195665842349,-0.0006560108322731328,-0.008534688429419518,0.0011063529976659196,-0.005577527004405301,0.0006521368336890635,0.9999836208124161
1741341866.6813595,2,0.011341063108171862,-0.0006632171720720057,-0.008656242616030848,0.0004077281150253195,-0.005341322004139548,0.0006816914875100176,0.9999854195605795
1741341866.6981397,2,0.011272081454748012,-0.0006683565601933195,-0.008709400940670504,-0.00041209666663334464,-0.005329438469112576,0.0007531333628624597,0.9999854299198959
1741341866.7149212,2,0.011078162872158641,-0.0006719802410353911,-0.008744033148196622,-0.0005776671522833513,-0.005855214074236924,0.0006654437795119975,0.9999824698230376
1741341866.731218,2,0.010976909265928996,-0.0006634013004157796,-0.008628365113180235,-0.0007250561238227906,-0.005367841077589286,0.0007341010979283276,0.9999850607240895
1741341866.7481844,2,0.011068054407567994,-0.0006486701998847235,-0.008437692172037504,4.999194345513453e-05,-0.0052179952495524365,0.0006533983908000203,0.9999861714528477
1741341866.764714,2,0.011238999558642276,-0.0006445455552473649,-0.008352887896300678,0.0008529685376269011,-0.005486345210018783,0.0007899198996260315,0.9999842741200796
1741341866.7813754,2,0.011392955820134693,-0.0006524631901299626,-0.0083971392553272,0.0010770226402040742,-0.005584652823368262,0.0006913285750749928,0.9999835867352405
1741341866.7980764,2,0.01130039367117752,-0.0006692218360529618,-0.008666859034199982,0.0007615117806105325,-0.005314508534489424,0.0005776725649069864,0.9999854210903539
1741341866.8146615,2,0.011205563631355256,-0.0006707295424986916,-0.008759281848958222,-0.0006285609403020216,-0.005403942489574358,0.0006930687796568212,0.9999849608731025
1741341866.832162,2,0.011156163613059926,-0.0006578199508528787,-0.008657152056196323,-0.0006657481386904201,-0.005838606485632243,0.0007324124320458649,0.9999824653591438
1741341866.8479557,2,0.011040444644608486,-0.0006581358974661383,-0.008579141310210368,-0.0004690449592438624,-0.005172509886091532,0.0007398077042939635,0.9999862388167475
1741341866.8649192,2,0.010993760823242467,-0.0006612618627295172,-0.008563918328715114,0.0001492522761870676,-0.00512698768946805,0.00062885895651464,0.999986648039564
1741341866.8815167,2,0.01118468604196021,-0.0006540964770594566,-0.008434592188183621,0.0006405055667216073,-0.005370777554776553,0.0006656207014544176,0.9999851506148267
1741341866.8981745,2,0.011285187109755587,-0.0006551747862876339,-0.008505998881597716,0.0011180009224599568,-0.005429803121896426,0.000634371838731375,0.9999844323210062
1741341866.914861,2,0.011318627111483352,-0.0006586745582176089,-0.008611545900266592,0.0002551757418757764,-0.005287325591145445,0.000636639632307996,0.9999857867806984
1741341866.9314618,2,0.0112252045021934,-0.000670360738437183,-0.00871272215795444,-0.00042947301051211064,-0.005354178694109527,0.0007245034777458454,0.9999853116012032
1741341866.9484262,2,0.011151219198632528,-0.0006667277722949661,-0.008655507257685005,-0.000576443184322966,-0.00571164626546886,0.00069950242169832,0.9999832776134586
1741341866.9655206,2,0.01105389363669918,-0.0006634376666367734,-0.008575117283012952,0.00012449616467723526,-0.005272898801308414,0.0006265354632382351,0.9999858941466372
1741341866.981496,2,0.01100114861868846,-0.0006591573193674521,-0.008566197736693149,0.0001698334577766844,-0.005111000357379219,0.0006157060498489536,0.9999867347810188
1741341866.9984884,2,0.011205603795522441,-0.0006484360159258914,-0.008421536764502245,0.0008272020253955437,-0.005278094886103459,0.0007046254878257958,0.9999854803716424
1741341867.0150063,2,0.01138389940146835,-0.0006475981501742663,-0.008396893849176534,0.0009661167607154452,-0.005535665740445299,0.000598071938002246,0.999984032539106
1741341867.031573,2,0.01131861108168382,-0.0006637896780315198,-0.008611691532487321,0.00034091920872277574,-0.005313194933708839,0.0006064743631584224,0.9999856428582043
1741341867.048346,2,0.011153126506311754,-0.0006716654330512157,-0.008791652165654194,-0.0002767271515606474,-0.0053004431659488494,0.0007061611925764082,0.999985664927602
1741341867.065521,2,0.01109772222621483,-0.000666702603428452,-0.008699287789619542,-0.0005674759506388581,-0.005393991355675874,0.0007386051062915803,0.9999850185331765
1741341867.0817778,2,0.011057992998296877,-0.0006616293421251914,-0.008559839762707947,-0.00022767153607823238,-0.005152448509103289,0.000641893846036545,0.999986494114957
1741341867.0985603,2,0.011061092023804552,-0.000660001741615117,-0.00848944260562636,0.00011150522575367869,-0.005088651139096972,0.0006755707212351381,0.9999868183133065
1741341867.1149597,2,0.011110111121413215,-0.0006557183861866713,-0.00853220321164966,0.0008486841540214843,-0.005308630966398161,0.0007425895673409866,0.9999852732581633
1741341867.1318905,2,0.01134417204491935,-0.0006496971966096372,-0.008454128579369247,0.0009426809393969685,-0.005490857930084628,0.0006877742307494464,0.9999842442751014
1741341867.1485682,2,0.011399758929571858,-0.0006538615127654376,-0.008534412659712918,0.0005800574638455683,-0.005332647239278764,0.0006672293919612319,0.9999853904991305
1741341867.1650426,2,0.011241707653697315,-0.0006712262631747756,-0.008703086806120312,-0.0005518113753561519,-0.005405843447670759,0.0008119942546023985,0.9999849063991695
1741341867.182366,2,0.011057703088318277,-0.0006766803508941275,-0.008751546341322749,-0.000700374393176778,-0.005470613040463586,0.0006737646662374648,0.999984563835785
1741341867.198499,2,0.010887963074552028,-0.0006714225055179227,-0.00874636406912048,-0.0011966420023829798,-0.005282672049547677,0.0006595502204064261,0.999985113097911
1741341867.2156806,2,0.011113641482551439,-0.0006425753924437903,-0.008399341805052701,0.00022925697873176724,-0.005178278884047019,0.000614718789416391,0.9999863774021357
1741341867.2320898,2,0.011306713828651355,-0.000634765393731174,-0.008286877166579084,0.0008198975268629918,-0.005460075431344663,0.0007609955948731772,0.9999844679943954
1741341867.2486367,2,0.01142784197399146,-0.0006465428811698911,-0.008353878778267267,0.0011316791994447591,-0.005605326691640875,0.0006292947053434912,0.999983451664598
1741341867.2656794,2,0.011348451706233833,-0.0006673734912178947,-0.008601702870164783,0.0007026185206325691,-0.005321246318054481,0.0007391650260577274,0.9999853220422295
1741341867.2818432,2,0.011205683917023975,-0.000677155919301361,-0.008762766930671259,-0.0005587992109398622,-0.005347985104241762,0.0006744595112548171,0.999985315843755
1741341867.2988,2,0.011037525809731573,-0.0006734869996703526,-0.008797557011760914,-0.001228504234331508,-0.00561425906292605,0.000735058493814415,0.9999832151398999
1741341867.3152611,2,0.011124019553689427,-0.0006500571922619815,-0.00848298055940986,-0.00014903054581363631,-0.005260891801060292,0.0006437242890952228,0.9999859431143987
1741341867.331869,2,0.011166039951883573,-0.0006421384014736524,-0.00833384754887738,0.00018100554079648063,-0.005284805077317811,0.0006487934328871441,0.9999858084689853
1741341867.3488219,2,0.011169762246664059,-0.0006528513580735746,-0.008407274860713985,0.0009052802341768411,-0.005292059573663755,0.0007226115769002339,0.9999853260951759
1741341867.3654323,2,0.011372519305444254,-0.0006507354732725723,-0.008370479064137007,0.0013355753592311532,-0.005585671995693065,0.0006277570218486932,0.9999833110747088
1741341867.3820052,2,0.011393241846081216,-0.0006606357616058758,-0.008532630164026446,0.0006886848479037839,-0.005403027314288168,0.0007531594834275986,0.9999848827656416
1741341867.3987417,2,0.01134048798491801,-0.0006668105893650056,-0.008642569157718182,0.00019212304452150767,-0.005385667363178206,0.0007017143506117705,0.9999852325273405
1741341867.4156885,2,0.011176632414837781,-0.0006662300542707456,-0.008689520424522769,-0.0009267433444937948,-0.005280155613388066,0.0006074156865022373,0.9999854459689179
1741341867.4322178,2,0.010993644732625428,-0.0006664673231775626,-0.008679828534899642,-0.0010125829755571972,-0.005151976388004355,0.0007051452779160547,0.9999859671941163
1741341867.4487407,2,0.011086687114930136,-0.0006479780641054159,-0.008421340823067298,-0.0003598715674278232,-0.005254932798733873,0.0006912035126157116,0.9999858891061614
1741341867.4659545,2,0.01115663839608035,-0.0006493737508836414,-0.008370861090993139,0.0010057997927581017,-0.005315240422530191,0.000711510301196106,0.9999851150587787
1741341867.4824975,2,0.011315348749510122,-0.0006502866238205771,-0.008388701884528227,0.001314049175946902,-0.005628954976435034,0.0007019562499315038,0.9999830475553372
1741341867.4990408,2,0.011334752495232714,-0.0006615174458704507,-0.008587571701476207,0.0010041326158444059,-0.005397578322570601,0.0006907115197539519,0.9999846902745751
1741341867.515433,2,0.011322667128381909,-0.0006625726278641976,-0.008675249752732705,0.00014317675018012731,-0.005374348722948776,0.0007521939314804935,0.9999852649316948
1741341867.5322359,2,0.011228519239008961,-0.0006606862277313465,-0.008674403781442654,-0.0007661257113913979,-0.005787814782223577,0.00065797818912731,0.9999827405091267
1741341867.5488586,2,0.011038280021277347,-0.0006640823111487752,-0.00865200138040153,-0.0010873411055252334,-0.005558739445554932,0.0007170996566769446,0.9999837018037739
1741341867.5655744,2,0.01111616606779522,-0.0006552929155095061,-0.008393544051640374,-7.827992204001392e-05,-0.00532248881580361,0.0006645445830168631,0.999985611579265
1741341867.5821042,2,0.011035168811145624,-0.0006601327275931037,-0.008510858552171695,0.0006527460602501038,-0.005246973777716012,0.0007214492813998848,0.9999857612484745
1741341867.5988302,2,0.011223676823382978,-0.0006522808796919057,-0.008476728900954038,0.001021330438233482,-0.005493319908085221,0.0007616516678461069,0.9999840999772247
1741341867.6157284,2,0.011336632397168154,-0.0006535651609486505,-0.008550150697784151,0.0008283431520297992,-0.005529454401017078,0.0006775646937534653,0.9999841398180951
1741341867.632117,2,0.01131758775328153,-0.0006591021535642756,-0.008652128944490672,-1.751509570542558e-05,-0.0052456433878586796,0.0006995342663080687,0.9999859966871931
1741341867.649751,2,0.011323986676936092,-0.0006558533026362879,-0.008547358265044084,-0.00048393062471066594,-0.005533657177974809,0.0006933669062803828,0.9999843317231129
1741341867.6655831,2,0.010993816995200318,-0.0006724443021305922,-0.008736780045262129,-0.0012101159136713357,-0.005476955146422784,0.0007359759634987305,0.9999839983325636
1741341867.6824427,2,0.010981006387472793,-0.0006615249107005693,-0.008595305656662229,-0.00028880707320058977,-0.005189904025021218,0.0007266809088045199,0.9999862266159181
1741341867.699021,2,0.011129389750785083,-0.0006507597124876709,-0.00842348998200668,0.000532382469491411,-0.0053041109471045665,0.00062740839250407,0.9999855945635797
1741341867.7156386,2,0.011326053973494716,-0.000646130710759977,-0.008336021179498873,0.000928525204980388,-0.005479684659247463,0.0007087408839697564,0.9999843041684895
1741341867.7322476,2,0.011343754650671483,-0.0006557367585967335,-0.008497253586474442,0.0008571144842590717,-0.00538703642604227,0.000739431703722613,0.9999848491022556
1741341867.7489262,2,0.011260200124671108,-0.0006687183342055693,-0.008682449892831123,-2.9142691081997482e-05,-0.005270669509879559,0.0007236622326547359,0.9999858476531527
1741341867.7659934,2,0.011295159240978061,-0.0006629306322874268,-0.008575429169528411,-0.0003550449246896595,-0.005421386594471814,0.0006082428996533804,0.9999850561638758
1741341867.7824457,2,0.011045275947941241,-0.0006698114783486764,-0.008695705211478933,-0.0006907773271413061,-0.005298228434853273,0.0006837425283634667,0.9999854919439037
1741341867.7990646,2,0.011069443044513173,-0.0006572178618668554,-0.00851967241478728,-0.0003805584787521421,-0.005398142284457731,0.0007118894625827198,0.9999851041133134
1741341867.8156924,2,0.011084484385202308,-0.0006532845192642006,-0.008481559692593699,0.0002856876349663828,-0.005220794661401125,0.0006823446970983029,0.999986097949063
1741341867.8323948,2,0.011240480820238777,-0.0006520253110183592,-0.0084292907847016,0.0007642344460332292,-0.0054102965797860674,0.000749416597234078,0.999984791390046
1741341867.849021,2,0.011357226325948447,-0.0006524885791070385,-0.008468005683075453,0.0009539090155927421,-0.005432469912274422,0.0007151855926838896,0.9999845332992957
1741341867.8660934,2,0.011306282086407401,-0.0006684847401750908,-0.008623197196785599,-3.1018203196084e-05,-0.005286545786620396,0.0007165996650030303,0.9999857688769561
1741341867.8826365,2,0.011186536783041013,-0.0006706533636434338,-0.00869225597885446,-0.00047079431119655775,-0.005239488563375699,0.0007020803362136075,0.9999859164985837
1741341867.8990898,2,0.0109994112307594,-0.0006705379352737343,-0.00874359151956263,-0.0010354768180378465,-0.0052907977375019006,0.0006368419708618473,0.999985264731118
1741341867.9167717,2,0.011107943868409787,-0.000650674540934344,-0.008473583575329173,-0.0003949920754725638,-0.005384246256592764,0.0007902353126055401,0.999985114590042
1741341867.9324553,2,0.011138663472410718,-0.0006536285509064699,-0.008423385625232578,0.00040200918427107387,-0.005283143244153352,0.000691347683221628,0.9999857243103316
1741341867.949117,2,0.01126972848636174,-0.0006507921509690052,-0.008401280968372095,0.0007828896958925276,-0.005461408977790083,0.0007981167089425943,0.9999844614319866
1741341867.9665139,2,0.011307873101240864,-0.000659550660800586,-0.008531976288352613,0.0009714678074557853,-0.005402489043779809,0.0006861398336928393,0.999984699170222
1741341867.9827895,2,0.011331914297221793,-0.0006592683314762117,-0.008590866083424463,-6.491964405403339e-05,-0.005264748658071998,0.0006795762173539037,0.999985908092295
1741341867.9996274,2,0.011160825542772873,-0.0006692487793837458,-0.008726874154476314,-0.0007480071256611886,-0.005366574252517793,0.0006399600327505747,0.9999851152978672
1741341868.0159528,2,0.011044694720177958,-0.0006686174007339495,-0.008685197778236462,-0.0011867031902613077,-0.0053682446469594195,0.0005780240974865473,0.9999847196698015
1741341868.0325408,2,0.011099077696486048,-0.0006582520159937996,-0.008475255989801412,-2.5003313650897163e-05,-0.005275703876407933,0.0007321612579257048,0.9999858150310609
1741341868.049414,2,0.011118714436564758,-0.0006520580995035708,-0.008435876402588928,0.0004444258557877851,-0.005221247685758666,0.0007183946980896313,0.9999860123858335
1741341868.0659819,2,0.011250985785231406,-0.0006491316712788222,-0.008417928045397654,0.0009619880534401508,-0.005432959154844805,0.0007520303109716237,0.9999844958719202
1741341868.0828023,2,0.011376575100982946,-0.000652689987856372,-0.00845274294728522,0.0008849270363391768,-0.005421373224871002,0.0007070288326654386,0.9999846627457477
1741341868.099307,2,0.011382082875944244,-0.0006615141114413696,-0.008547220091428226,0.00020280808861589624,-0.005340037155100267,0.0007048940228749578,0.9999854728927204
1741341868.116107,2,0.01121987307987915,-0.000667497792809898,-0.00868202033084719,-0.00043095908037686046,-0.005544074091735896,0.0006430342443702372,0.9999843318891036
1741341868.1328077,2,0.011040086028294002,-0.000663280588780318,-0.00869987660688529,-0.0009337092042282727,-0.0052859706875088095,0.0006903724350946996,0.9999853549362179
1741341868.149356,2,0.011131540237403292,-0.0006477747331717534,-0.008430047452210014,-2.6992331103803976e-05,-0.00535154780803374,0.0007361259411594447,0.9999854090565877
1741341868.1661403,2,0.01116829998100219,-0.0006488666705169879,-0.008354421729198269,0.0006730094856378002,-0.005174519460805165,0.0006236256695506435,0.999986191153461
1741341868.1826074,2,0.011252758909428177,-0.0006530945939309927,-0.008390585592355004,0.0010587657734926592,-0.005415451612766845,0.000707458670342703,0.9999845255808193
1741341868.199649,2,0.011388864477458086,-0.0006513488947298533,-0.00842838989077384,0.0010989910870249449,-0.005487351657887616,0.0007058269919771231,0.9999840913727731
1741341868.2161443,2,0.011410708709670848,-0.0006559851756844915,-0.00852431186635281,0.00042272253096565,-0.005299496806305417,0.0007456911081593861,0.9999855901881951
1741341868.232827,2,0.011239150921875878,-0.0006680791316238753,-0.008684557424462077,-0.0005920989235155625,-0.005370651591260374,0.0007529655055441204,0.9999851191709291
1741341868.2496178,2,0.011076817510979992,-0.0006731409830690773,-0.008695553880990642,-0.0010765621033426208,-0.005735034650185008,0.0005666907989780385,0.9999828144788976
1741341868.2660801,2,0.010994869994289936,-0.0006618765080853557,-0.008603990288653558,-0.0002616849971336904,-0.005332247465552688,0.0007333406440874987,0.9999854803293037
1741341868.2827215,2,0.011112632032489774,-0.0006465399024445288,-0.008405433225022099,0.00032688131368648705,-0.005199474144756613,0.0007061313355545737,0.9999861799023833
1741341868.2999825,2,0.011304046215336785,-0.0006421210489722736,-0.008301490834927264,0.0009731396208378282,-0.005401414182623853,0.0006855419002068842,0.9999847037612171
1741341868.316376,2,0.011441116316058495,-0.0006512557423632092,-0.008340685001837081,0.0010955991179249698,-0.0055560785961501335,0.000724319274375206,0.9999837023745911
1741341868.3328962,2,0.011251223825874304,-0.0006766021997005156,-0.008707766138923885,0.0004917327414269081,-0.005216336266587602,0.0006272520191693845,0.9999860771979625
1741341868.3499942,2,0.011281168486812133,-0.0006637335104779654,-0.008651072849294153,-0.00019219773415846153,-0.00535769588295675,0.0007668220483624074,0.9999853349618698
1741341868.3662233,2,0.011181069431953074,-0.0006612352733046062,-0.00860374542109864,-0.0006590545963968185,-0.005475377328721834,0.0006957507932823357,0.9999845507911513
1741341868.3832169,2,0.01099585497880925,-0.0006642737743011261,-0.0086233895813645,-0.0012624332210613486,-0.005378019221946332,0.0007199074393804362,0.9999844823320457
1741341868.3996968,2,0.011089067933031795,-0.0006542419923447844,-0.008432920153620812,0.00025254380088390074,-0.005178008261176894,0.000624898199813858,0.9999863668842269
1741341868.416668,2,0.011243104548883335,-0.0006464208907989119,-0.008342320208181804,0.0009060770693414349,-0.0053612579890602525,0.0007550168244816322,0.9999849328298471
1741341868.4333966,2,0.011280583910600136,-0.0006540002578669488,-0.008492887714595259,0.0012611774762848497,-0.005484757819355544,0.0006253817595530013,0.9999839677518291
1741341868.4497492,2,0.011507143924477745,-0.0006469672139885527,-0.008386493875213676,0.0005839055093357533,-0.005390100805281725,0.0006145804400003047,0.9999851139684769
1741341868.4676034,2,0.011338407357872761,-0.0006596157190662567,-0.008587966437235266,-4.580039685780508e-05,-0.0053936808945975094,0.0006760846464215288,0.9999852243999816
1741341868.4835997,2,0.011122751770867113,-0.0006690610396256882,-0.008701107014048347,-0.0012542963846675157,-0.005471425513087733,0.0006446740284507634,0.9999840371920099
1741341868.499586,2,0.01113897502592598,-0.0006554654345334495,-0.008490047174766497,-0.00016660005837353377,-0.005413488524208576,0.0007275563964949703,0.9999850684125782
1741341868.5165305,2,0.011103114831068081,-0.0006532796165837734,-0.008425896525859126,0.00022468425761674234,-0.005147402519831588,0.000625287198402952,0.9999865312993984
1741341868.5330977,2,0.011216781631005288,-0.0006504122072878964,-0.008357619503763652,0.001127341943674644,-0.005348940089446773,0.0007093401381864612,0.9999848072729055
1741341868.5498595,2,0.011412965522409493,-0.0006471902967489461,-0.00830721650316453,0.0010637385999674716,-0.005562767430764237,0.0007576665743467091,0.9999836748767773
1741341868.5667589,2,0.011446937837526611,-0.0006502434378661992,-0.008432321211861514,0.000600941432898762,-0.005451050881382675,0.0007521092946336119,0.999984679505287
1741341868.5831382,2,0.011367901776339126,-0.0006558504829551759,-0.008551095692321906,-0.00022747444873507595,-0.005337799971876084,0.0006423385359608054,0.9999855216692093
1741341868.5999677,2,0.011223863578342208,-0.000662585254850535,-0.008587287202132815,-0.0005425855770813693,-0.005291433320755276,0.0005935978665397228,0.9999856768853624
1741341868.6165075,2,0.011086845337949085,-0.0006652959811734604,-0.008576930806872414,-0.0008414306840994824,-0.005660393520833513,0.0006742606809403079,0.999983398518259
1741341868.6331477,2,0.011053070527206629,-0.0006589147124830577,-0.008504512809769313,-5.53145809225178e-05,-0.005157127818060103,0.0006057592181901825,0.9999865169234707
1741341868.6500463,2,0.01124818427972202,-0.0006434609483060157,-0.008328875328356418,0.0007968260956388479,-0.0053045909454993495,0.0007506096024262564,0.9999853313765652
1741341868.6665578,2,0.011449452347583764,-0.0006376149559949559,-0.008258479055006538,0.0011319763059606193,-0.0055508961973905705,0.0006234575606885176,0.9999837586089679
1741341868.6833165,2,0.011429283731834923,-0.000653339576723463,-0.008436064550968571,0.0007094762347451623,-0.005379537392301239,0.0007047315002464406,0.999985030175167
1741341868.6998558,2,0.011271685624011936,-0.0006687200117479773,-0.008648543034377532,-0.00022418362577892817,-0.005336629362174645,0.000794513968280817,0.9999854193318556
1741341868.7166262,2,0.011085498316971299,-0.000671473973658758,-0.008745989134255448,-0.0009491200468456465,-0.005358990851235548,0.0006190407819761316,0.9999849984758288
1741341868.7336407,2,0.01105007791960421,-0.0006617979630611276,-0.008622676360452648,-0.001119441395672871,-0.005372438695437986,0.0006863630611299761,0.9999847062126369
1741341868.749893,2,0.011130608401684398,-0.0006510118415934526,-0.008431820864446288,0.000502566754798636,-0.005261752788919056,0.0007086670057801943,0.9999857794865485
1741341868.766972,2,0.011200509561044675,-0.0006497237813623171,-0.008394952207408636,0.0006902406475585209,-0.005332299306371264,0.0007284259877522632,0.9999852796654239
1741341868.7833407,2,0.011378814544201603,-0.0006454025345397367,-0.008331387115252354,0.0011361809903364611,-0.005520422962153678,0.000579211826371525,0.9999839491395531
1741341868.800017,2,0.01127713355372004,-0.0006597821605984072,-0.008589851000289006,0.0006385955397548377,-0.005269708341156846,0.0007108729043616222,0.9999856584118842
1741341868.8169148,2,0.011358581146407925,-0.0006603708329157887,-0.008534346986381666,0.00011106154063123908,-0.005313682612593372,0.0006640954369032958,0.999985655606958
1741341868.833576,2,0.011239559781406262,-0.0006665854839334937,-0.00857163150968968,-0.0007998185352573355,-0.005377914009406869,0.0006397756715281487,0.99998501439687
1741341868.8499687,2,0.01110085553169775,-0.0006630215853008466,-0.008566242378623109,-0.0005853079939879225,-0.00520766098023544,0.0006670339024301946,0.9999860462763669
1741341868.8670557,2,0.011120916872598436,-0.0006484082562121182,-0.008442591760948557,9.337226555455449e-07,-0.005334474230611958,0.0007753758604572529,0.9999854709824968
1741341868.8835053,2,0.011272827874450506,-0.0006387172101702732,-0.008298631970882967,0.0007259533012926286,-0.005309631347660899,0.0007819516355964846,0.9999853345716606
1741341868.900248,2,0.011371806609029216,-0.0006457754796371735,-0.008335949231339566,0.001064605520496098,-0.005523083882676667,0.0006245605598652003,0.9999839859135833
1741341868.916676,2,0.011365910556129045,-0.0006599001190884202,-0.008498999475774678,0.0009394250656606396,-0.005387935463055057,0.0006571397951948516,0.9999848277845427
1741341868.933295,2,0.01121231807854068,-0.000670748035967129,-0.008721281499173575,-0.00015137091867102582,-0.0052640943149358434,0.0007113279847701173,0.9999858801055076
1741341868.950408,2,0.01125988757144343,-0.0006563591370037289,-0.008558964549167561,-0.00014162705741914983,-0.005309742508562183,0.0005677993889030591,0.9999857319882737
1741341868.967241,2,0.011129381775150132,-0.0006568676369226499,-0.008530485887236988,-0.0007119613729701697,-0.00527373899814132,0.0006366350297434727,0.9999856376387721
1741341868.9834697,2,0.01107735298911666,-0.0006571221132890611,-0.008483438829418455,-9.418951601255043e-05,-0.005197452936179702,0.0006805920739314612,0.9999862571084366
1741341869.0005224,2,0.011232307289378279,-0.000646967780998598,-0.008333884230333757,0.0007016413816087313,-0.005307110297800681,0.0006477153639334245,0.9999854612665455
1741341869.0170228,2,0.011260547735184001,-0.0006533827282932745,-0.008455813500230318,0.0012133731113969102,-0.00543319514456317,0.0005808230989314298,0.9999843352576786
1741341869.0337303,2,0.011379072322032821,-0.000654451715883952,-0.008480961271308892,0.0009612897534657538,-0.005358822300527496,0.0006711795513888865,0.9999849541185962
1741341869.050778,2,0.011300169306836154,-0.0006645153201937395,-0.008625710765684592,-0.00017091812206535312,-0.005309723666559545,0.0006311798556642442,0.99998568951439
1741341869.066965,2,0.01126808240887777,-0.0006611623688354525,-0.008562689567200538,-0.00011676022226282905,-0.005610366258094434,0.0006587573848655435,0.999984037970711
1741341869.0836337,2,0.011135159353500587,-0.0006569785510100086,-0.008539057469719264,-0.0006299373931735195,-0.005364882875686,0.0006935162358402405,0.9999851700129565
1741341869.1002855,2,0.01112003506601145,-0.0006502970098079346,-0.008435659546689688,-5.528896903999642e-05,-0.0052482266151595135,0.0006999806222758204,0.9999859814455672
1741341869.1174269,2,0.01118438946414161,-0.0006496080739984481,-0.008373028359549319,0.00037186113277265043,-0.0052926891519666525,0.0007093984278760708,0.999985672854721
1741341869.1339178,2,0.011330019464114176,-0.0006496120699483848,-0.008355108285417467,0.0010423940115808043,-0.005502766640305483,0.0006621450574159306,0.9999840971425245
1741341869.1506245,2,0.011282964569071291,-0.0006612498810670402,-0.008581717715151432,0.0008379516663851981,-0.0053527542851625615,0.0006888667943947993,0.9999850855493331
1741341869.1672127,2,0.011388876045797304,-0.0006535197846973212,-0.008528350553175797,-0.00010192904401911693,-0.005328418354708326,0.0007048937010472168,0.9999855502421909
1741341869.1838346,2,0.011236530417226508,-0.0006627152470479556,-0.008627134356555443,-0.0008840616015336547,-0.005483185453953884,0.0006917145311009153,0.9999843371990232
1741341869.2004383,2,0.011189640024748116,-0.0006580850411955043,-0.008509142775869364,-0.0005343374548427403,-0.005840710920777732,0.0006313728217828392,0.9999826008225263
1741341869.2170475,2,0.011055668733294902,-0.000657806147845086,-0.00851005199084794,1.8562554701958516e-05,-0.005237644558670053,0.0006866061786746371,0.9999860475560967
1741341869.2342215,2,0.011075170309812584,-0.0006515305649864003,-0.008489493309484798,0.00029814516648377846,-0.0052276308155548125,0.000713389838810314,0.9999860369327432
1741341869.2506745,2,0.011241928981728573,-0.0006500796236450188,-0.008435680330640946,0.0007883432926108689,-0.0054044984389883515,0.0007554153692323673,0.9999847995140206
1741341869.26716,2,0.011392064427770432,-0.0006522342132197607,-0.008442162800332022,0.0008053197405896623,-0.005414698525984196,0.0007869942681323296,0.9999847064530588
1741341869.2837036,2,0.011302536083780002,-0.000668846739654024,-0.00863361463108763,-0.00010366737676947351,-0.00529065121543809,0.0007432076958470425,0.9999857228506378
1741341869.3003778,2,0.011257099743048317,-0.0006623757249796106,-0.008618593945380807,-0.00026107700313810167,-0.005382309156319326,0.0006485155139191888,0.999985270898813
1741341869.3172758,2,0.01106907042572186,-0.0006654667929338671,-0.00866338194325712,-0.0007524311954842127,-0.005244404044883679,0.0006077298095859137,0.9999857802678939
1741341869.334049,2,0.011187033390771838,-0.0006483477946365216,-0.008383962924962293,-0.0002144665723744634,-0.005463574792289809,0.0007339318480546267,0.9999847822335202
1741341869.3506536,2,0.011101192210738646,-0.00065368798321412,-0.008459757340240685,0.00022197058755018794,-0.005262547221552282,0.0007170858963067324,0.9999858709569933
1741341869.3673089,2,0.011214039310326952,-0.0006507309705676657,-0.008442773537907547,0.0008111725984085382,-0.0053700659492726295,0.0007316449682031814,0.9999849844304446
1741341869.3839917,2,0.011426524374475276,-0.0006469431689169302,-0.008369513109320452,0.000835534451301394,-0.0054768792741177325,0.0007117082497495468,0.9999843994517938
1741341869.4006271,2,0.011334244923619974,-0.0006621176888352573,-0.008579558811433602,0.00015101579085415083,-0.005364918533308472,0.0006983792559459041,0.9999853534476276
1741341869.417728,2,0.011298420481489628,-0.0006628255530461161,-0.00858112309646366,-0.00021015531067693005,-0.005464727994743499,0.0006665261060373844,0.9999848240476646
1741341869.433951,2,0.01107813206614931,-0.0006692397559760639,-0.008687945157463886,-0.0005627780932858784,-0.00555720235328368,0.0007342018308321633,0.9999841307393302
1741341869.450971,2,0.011069614863820038,-0.0006551466670858316,-0.008540663710663251,-0.0005452996334046993,-0.005324475411298169,0.0006093618693139167,0.999985490538746
1741341869.4684644,2,0.011134440239294689,-0.0006513575711700319,-0.008421356939163464,0.00025591335653436423,-0.0052648771856992505,0.0006347722944438494,0.9999859062210366
1741341869.4840522,2,0.011223506448779117,-0.0006553382862170571,-0.008416929959041194,0.0010033100149302392,-0.005330371217972128,0.0007069365579041987,0.999985040264301
1741341869.5007572,2,0.011350328266910143,-0.0006541260050013635,-0.00843055235175974,0.00108978042509576,-0.0054161249849846715,0.0006299683787551127,0.9999845404348079
1741341869.5174706,2,0.011324987627400302,-0.0006612861363200051,-0.008574464322379361,0.000261982850151736,-0.005317836178627164,0.0007185511106948751,0.9999855677296873
1741341869.5340147,2,0.011236183250455683,-0.0006617394572838865,-0.008653312290965198,-0.00017960431957728503,-0.005390765594697166,0.0006151236022568737,0.9999852643972037
1741341869.5507648,2,0.01111430630432993,-0.0006660984957177752,-0.00865839514000935,-0.000974523814708693,-0.005407880570802674,0.0006664912422245106,0.9999846803428992
1741341869.5676568,2,0.011129242141555959,-0.0006567695022464102,-0.008480303901068242,0.000138416076568919,-0.0052312155702985644,0.0006349105071968697,0.9999861059601252
1741341869.5843894,2,0.011033404741376415,-0.0006591900891487405,-0.00854366191174539,7.521186497290375e-05,-0.005205638689610401,0.0007554165069909083,0.9999861624117155
1741341869.6010826,2,0.011271817123083606,-0.0006451425840582687,-0.008349764534531337,0.0009556493609723839,-0.005351284849737464,0.000667876930129098,0.9999850021001125
1741341869.6173687,2,0.011362936541598439,-0.000653071291897716,-0.0084084579581384,0.0011378248594846264,-0.005503344789872625,0.0005771353206685726,0.9999840426054482
1741341869.6343973,2,0.011308662418437079,-0.0006652055288084076,-0.008586513713504653,0.00017734573657356568,-0.005347192760696599,0.0007095144208406307,0.9999854362276265
1741341869.6508033,2,0.01131341999804079,-0.0006579412222522997,-0.008563012938312995,-9.285827804128571e-05,-0.005458151919915812,0.0005902905866622344,0.9999849256423732
1741341869.667622,2,0.011099938677248504,-0.000665461519854186,-0.008672828793377624,-0.0007374432656376745,-0.005404881685926521,0.0006030935941515378,0.9999849397413483
1741341869.6842384,2,0.011099680882783854,-0.000655588363826407,-0.008523243649983175,-0.0001160510608553356,-0.005305025696941488,0.0006410618800542264,0.9999857160350701
1741341869.7011263,2,0.011074397529767311,-0.0006599430905250319,-0.008499384412635487,7.786384683207968e-05,-0.005257520110226348,0.0007454195850265624,0.9999858982851478
1741341869.7177184,2,0.011186813066085368,-0.0006548837081779779,-0.00845400103742514,0.0010472464474382348,-0.005277111869007535,0.0007191600352425944,0.9999852689785206
1741341869.734372,2,0.011251424350025211,-0.0006554603011307635,-0.008536240966397194,0.0010511600041582885,-0.0054167864887451995,0.0006350089794896259,0.9999845750062233
1741341869.7508888,2,0.011493505486337395,-0.0006449732774034303,-0.008361751272107767,0.00029031655819455426,-0.005439145999685287,0.0007535516890834347,0.999984881669189
1741341869.7677972,2,0.011290910802375733,-0.000664223785819185,-0.00858498198632935,-0.0001233105716757049,-0.00547564653056549,0.0006020504016825034,0.9999848196972237
1741341869.7842693,2,0.011135058421284623,-0.0006676898753230553,-0.008633496521093405,-0.0006274293145799508,-0.005409694758288055,0.0005677658830404943,0.9999850094761318
1741341869.801269,2,0.01111845138666582,-0.0006551358397474767,-0.008504689989100511,6.054229584407194e-05,-0.005301125324152863,0.0006714123271583749,0.9999857217032726
1741341869.8181665,2,0.011044207079443527,-0.0006580283458470632,-0.008536374383186865,4.557335990451974e-05,-0.005195556591634083,0.0007374765202043422,0.9999862300267709
1741341869.8348293,2,0.011197359789361499,-0.000653526560704181,-0.008432550551785942,0.0007934686560821691,-0.005331299802968372,0.0007049791654602184,0.9999852252179924
1741341869.851137,2,0.011324448755412445,-0.0006524985855582724,-0.008438441894952466,0.0010936199202501,-0.0054189253530668655,0.0005738204134317722,0.9999845548675346
1741341869.8677025,2,0.011378197533555715,-0.0006536910331691707,-0.008493699289218193,0.0006191122643804023,-0.005347121843701651,0.0006656410882860073,0.9999852908467876
1741341869.8844984,2,0.01137561943840863,-0.0006539966192495026,-0.00849271050416706,-0.00014162924943714682,-0.005430194009044623,0.0005853990178464196,0.9999850750097071
1741341869.9012346,2,0.011135072482430982,-0.0006700733453117258,-0.00864463426510733,-0.0005834129162322455,-0.005370427038144033,0.0006179397050005828,0.9999852180374058
1741341869.9177828,2,0.011124739266076142,-0.0006597536583360198,-0.008503650708759117,0.00023050128071133385,-0.005361131390644929,0.0006263333675301498,0.9999854063164544
1741341869.934821,2,0.010945456877959803,-0.0006634659877126033,-0.008642239388447872,0.0001303991231205888,-0.005187648217190153,0.0006828770866771501,0.9999863023966516
1741341869.9515865,2,0.011250148237449267,-0.0006419763520479554,-0.008356327074681598,0.0005240235718368038,-0.005327842943307124,0.000757070467822289,0.9999853830597597
1741341869.9685514,2,0.011364195674806427,-0.000647088341014244,-0.00838442540619402,0.0009857411519330118,-0.005470797118386157,0.0005381263451104205,0.9999844044350429
1741341869.984994,2,0.011377905139714553,-0.0006566947770591115,-0.008499526066151614,0.00043450672820694524,-0.005368663096010269,0.0007299031573731575,0.9999852278418144
1741341870.0013788,2,0.011213116986033184,-0.0006667808075981304,-0.008696442986179114,0.00011919966599383764,-0.005250657089426056,0.0006574414921826177,0.9999859919830143
1741341870.0180879,2,0.0111414380170022,-0.0006614514388059875,-0.008659369591320746,-0.000351300787530424,-0.005564334082072455,0.0006326656777030021,0.9999842571301409
1741341870.034562,2,0.011148281848102255,-0.0006546787413295334,-0.008492936735410626,-0.0002583955103479827,-0.005485732202011918,0.0006836898701062565,0.9999846861538079
1741341870.0513873,2,0.011140427776393779,-0.0006521192584678969,-0.008412899228917633,-6.734632278436104e-06,-0.0053057142588567524,0.0007377603954562457,0.999985652427297
1741341870.068122,2,0.011151013792655165,-0.0006584794960472533,-0.008460803440868067,0.0006967860677272844,-0.005350879943974219,0.0006558167854491764,0.9999852261295388
1741341870.0851464,2,0.011347920587989,-0.000646835113159314,-0.008382257606723247,0.000931492128420368,-0.005429125583006113,0.0006772230539338334,0.9999845990247819
1741341870.1012971,2,0.011340760050730717,-0.0006559924820089668,-0.008529100012998345,0.0006071459240955939,-0.005309812008251508,0.0006083534233563789,0.999985533483548
1741341870.1180205,2,0.011303942601386965,-0.00066353434364746,-0.00859717162531039,4.860789022690381e-06,-0.005349856805312471,0.0007358959813882744,0.9999854186265117
1741341870.1346946,2,0.011208903201288192,-0.0006594792921268729,-0.008601642666534744,-0.0007663674772533776,-0.00543376849786544,0.0007209325730775167,0.9999846834312147
1741341870.1517737,2,0.01102317766626016,-0.000663454595250935,-0.008652884937814397,-0.001030673683062237,-0.005334461949854127,0.000714607967673067,0.999984985168736
1741341870.1682062,2,0.011020675766018354,-0.0006589707761287172,-0.0085570839896827,-8.518194654944841e-05,-0.005200745327596733,0.0006974238619873129,0.9999862292011977
1741341870.184953,2,0.011312849921750542,-0.0006391650154775453,-0.008247430228699181,0.0007603915813696076,-0.005376630817417908,0.0006857173202453302,0.9999850216065502
1741341870.201627,2,0.011301335003954804,-0.000650597025251154,-0.008409679458393349,0.0009456866777390734,-0.005428952157071873,0.0006502672426528198,0.9999846045353383
1741341870.2182698,2,0.011325003159275027,-0.000654809432854419,-0.008534867935759395,0.0008050146258681607,-0.005359872495916546,0.0005844229974541414,0.9999851409736245
1741341870.2353435,2,0.011325237906012257,-0.0006589269001844595,-0.00858346815016538,9.179623472984883e-05,-0.005345541291960199,0.0007027908241057485,0.9999854613177158
1741341870.251442,2,0.01117218946688385,-0.0006676137745357849,-0.00866238302299911,-0.0003400363193590571,-0.0053226342265180115,0.0005978024393989654,0.9999855981825116
1741341870.26831,2,0.011130620292940626,-0.0006611119010502236,-0.008537189582244533,-0.0004695076415230652,-0.005279004966652204,0.0006539505486544845,0.9999857419072617
1741341870.285241,2,0.011066803957284271,-0.0006549479469224473,-0.008502668612226452,0.0002421018216601768,-0.005235599201937809,0.0007759851116527509,0.9999859637688977
1741341870.3015919,2,0.01128597294171286,-0.000636927352372663,-0.008274802692797257,0.0006332867580702219,-0.005321879530316984,0.0006854955088822598,0.999985403214494
1741341870.318354,2,0.01136941414527059,-0.0006437296638176371,-0.008318831973672922,0.0009621583161845306,-0.005430344059575498,0.0006119373044258625,0.9999846054552564
1741341870.3351674,2,0.01132927386697022,-0.0006589165798839504,-0.008515493546526823,0.0007143167878727642,-0.005403301718860209,0.0006453189431723356,0.9999849387093404
1741341870.3517659,2,0.011302364424214525,-0.0006615427069646056,-0.008596697282633193,0.00034416592371405366,-0.005298390494237296,0.0006755047540074058,0.9999856760480695
1741341870.368609,2,0.011151101795216552,-0.0006658204232537256,-0.00868962200911696,-0.00038415345382307334,-0.005388595141625315,0.0005975839194964672,0.9999852290719011
1741341870.384812,2,0.011132502876675306,-0.0006610184739363274,-0.008561136732769802,-0.00039279554774818035,-0.005365700380205243,0.0007125155603541686,0.9999852735378976
1741341870.4019446,2,0.011064904658053537,-0.0006611470049372821,-0.008529670531904992,-0.00019239164660622148,-0.005236205804259925,0.000664405721548213,0.9999860517523567
1741341870.4185455,2,0.011175674283582371,-0.0006516172270114665,-0.008410613824607976,0.00039994298626928887,-0.005235095967351533,0.0007985234291338867,0.9999858979886435
1741341870.4350193,2,0.01122786412369291,-0.0006517536028878598,-0.008470596529251216,0.0008659161381381299,-0.005364633630284791,0.0006676074410355022,0.9999850124854668
1741341870.45215,2,0.011453550890364957,-0.0006429279390640508,-0.00834572807640172,0.0006723786519252373,-0.005477484600864677,0.0006621844363089866,0.9999845531712818
1741341870.4686499,2,0.011335434793950107,-0.0006607136259628491,-0.00854945063189397,8.669233613784669e-05,-0.005395579020277009,0.0007467780197246209,0.9999851611569364
1741341870.4849777,2,0.011229439929814213,-0.0006648064225712236,-0.008609775866106874,-7.793893215135624e-05,-0.005359725325123082,0.0006513024344128893,0.9999854214312832
1741341870.501917,2,0.01109519968510155,-0.0006593268303111536,-0.008621788630650627,-0.0008865812972699274,-0.005405039880507243,0.0006584977145250406,0.9999847828333456
1741341870.5186603,2,0.01104504477564159,-0.0006589268008099635,-0.008563907192891478,-0.00022144911001161746,-0.005161270272703262,0.0006784795875036787,0.9999864258653279
1741341870.5352204,2,0.011220249835187088,-0.000647461276584014,-0.008353260036368477,0.00040669186616319443,-0.005308758539588486,0.0007157440774416428,0.9999855695933366
1741341870.5517237,2,0.011208308936520375,-0.0006561303616467057,-0.008482200135536746,0.0005140682780317257,-0.005421274803281283,0.0007424550937730891,0.9999848970228233
1741341870.56831,2,0.011283794814483713,-0.0006564056018625184,-0.008539059889883457,0.0005522470307179721,-0.005338995873174461,0.0007240036561893798,0.9999853328749323
1741341870.5854201,2,0.01127448513758063,-0.0006610760564849903,-0.008618290065714393,-3.170058669021751e-05,-0.00528011658147064,0.000716161905560111,0.9999858031372665
1741341870.6018524,2,0.01117086719071406,-0.000669125718837771,-0.008675240626274382,6.897607695582616e-06,-0.005333761493581976,0.0005438686706291858,0.999985627470526
1741341870.6186237,2,0.011034077523997616,-0.0006675916771876458,-0.008692306015239867,-0.0008473792243771577,-0.005363325038319128,0.0007079428871961339,0.9999850076425406
1741341870.6354098,2,0.011149930839547531,-0.0006486980949813805,-0.008439514283566384,-0.0002620408256463744,-0.005234241197120696,0.0006709590262722009,0.9999860418364254
1741341870.6519692,2,0.011231695068284406,-0.000645127023158999,-0.008340860608018948,0.0003043165010211507,-0.005240106784672434,0.0007507031443298371,0.9999859424597635
1741341870.6687431,2,0.011228360819453272,-0.0006569876200898455,-0.008458451556793114,0.0006122802461602347,-0.005375957856905797,0.0006435347176355338,0.9999851549163559
1741341870.6851141,2,0.011297170503496469,-0.0006622567628767286,-0.008522236176017266,0.0007053641915184888,-0.005324994518829961,0.0006195842463038815,0.999985381398195
1741341870.7021234,2,0.011260085472815025,-0.0006597910541088527,-0.008633077125112467,0.00021071664792811305,-0.005233702748304462,0.0007132682815025154,0.9999860275035823
1741341870.7186835,2,0.011181252589188277,-0.0006664607699595346,-0.008667315736853021,-4.8568281571082395e-05,-0.005320367783647594,0.0006284702764215491,0.9999856480734514
1741341870.7352126,2,0.011090402351752737,-0.0006658810533732437,-0.008637638005320296,-0.0005979232806224526,-0.005340028770565324,0.000643453264387542,0.9999853561669674
1741341870.752208,2,0.011087019241629073,-0.0006575511930600711,-0.008520767426909725,-0.0003869954988116324,-0.005230856518662152,0.00066389530364705,0.9999860237111271
1741341870.768686,2,0.011082547361916972,-0.000654627103437301,-0.008509014294818458,0.0004481587944262096,-0.005171010307965812,0.0007094038120958843,0.9999862781820166
1741341870.785354,2,0.011171378146309434,-0.0006535616221212236,-0.008511324121868254,0.0005238742505178609,-0.0053084773297624,0.0007408423809605629,0.9999854982832379
1741341870.8020668,2,0.011265517421067718,-0.0006589440582149126,-0.008544903235695707,0.0006810515986510627,-0.005324350762248279,0.0006629091210287755,0.9999853738976274
1741341870.818792,2,0.011249345197381706,-0.0006686313329009126,-0.008645683310408206,3.034506169567786e-05,-0.005265700515569513,0.0007069937034879591,0.9999858857189738
1741341870.8354757,2,0.011248827205462131,-0.0006604646362394824,-0.008599061655277478,-1.0038131910872012e-05,-0.005362182869607622,0.0006419841107701455,0.9999854172689272
1741341870.8519597,2,0.011114994339105155,-0.0006605124647740343,-0.00861889715966212,-0.0005391194190492052,-0.005415259664544645,0.0006559991501015753,0.9999849768762192
1741341870.8687813,2,0.011091957677520723,-0.0006555520747810793,-0.008514461292161705,-0.0003561977535230693,-0.005212093409472486,0.000678167690785687,0.9999861235507393
1741341870.885803,2,0.011074169398526639,-0.0006580855170890797,-0.00850469777949047,0.000281827924409273,-0.005191045199244222,0.0006855436647186077,0.9999862517318147
1741341870.9021888,2,0.01122950730138822,-0.0006505523219016453,-0.008420542280723512,0.0007557893749394836,-0.0052951039175482386,0.0006977914783128649,0.9999854517661624
1741341870.9190671,2,0.011257453168862942,-0.000654529728023078,-0.008542208825209993,0.0007050762778928263,-0.005402221256328169,0.000621759223327786,0.999984966031194
1741341870.9361691,2,0.011367975233956646,-0.0006557872086237629,-0.008504971921629375,7.644813964584256e-05,-0.005320337228168271,0.0007319431997252712,0.9999855761092822
1741341870.9521255,2,0.011196026326228358,-0.0006719145559180703,-0.008671838404604998,-0.0002735704980759272,-0.005256528901438102,0.0006771956090455076,0.9999859176354424
1741341870.9692514,2,0.01115331647654612,-0.0006603075730745217,-0.008584942599421263,-0.00019495538167727005,-0.00538111464126681,0.0006631685589014528,0.9999852827942415
1741341870.9854708,2,0.011132570240207296,-0.0006493770832219063,-0.008470149435728895,-0.0003268218212493413,-0.005251349254713769,0.0006100069819527016,0.9999859721066011
1741341871.0021698,2,0.01111075186058656,-0.0006552335411494062,-0.008456103608299282,0.0001243848136472022,-0.005253096884468372,0.0007158087596357009,0.9999859384608166
1741341871.0192337,2,0.01114260252507932,-0.0006603194613517821,-0.008505947132037724,0.0006929054658448003,-0.005277190258663478,0.0007119516795213652,0.9999855820309588
1741341871.0357547,2,0.011328529471966027,-0.0006511974992176391,-0.00844049611942445,0.0009731962253399446,-0.005375941716412463,0.0005205264891199395,0.9999849404825769
1741341871.0525267,2,0.011205678590867177,-0.0006628975250374143,-0.00868627058351778,0.0003761288745324108,-0.005227468761726368,0.0006175622392853168,0.9999860752601987
1741341871.0689876,2,0.011285584610525458,-0.0006611668082681483,-0.008574149762282185,-0.0002978285399017316,-0.005378604389698421,0.0006693566681156926,0.9999852668287822
1741341871.0856378,2,0.011201220021190868,-0.0006585711090327128,-0.00854968379812073,-0.0002824707157831353,-0.005361587451397498,0.0004995077721227431,0.9999854619354631
1741341871.102455,2,0.011121083466689271,-0.0006553512904760899,-0.008498644375277902,-3.131361986908502e-05,-0.0053151169858383284,0.0006607074761286991,0.9999856559053809
1741341871.1190555,2,0.011048461882549673,-0.0006585332988352386,-0.008530755682402445,-1.4727886469832195e-05,-0.0052035359652329366,0.0007237910959108514,0.9999861994662713
1741341871.135672,2,0.01119155070070018,-0.0006508954281535864,-0.008430446525413908,0.0005143705188146489,-0.00531997179794434,0.0006511983140026263,0.9999855045268378
1741341871.15235,2,0.011392334378177148,-0.0006475510447519228,-0.00834571882536072,0.0009429773506761476,-0.0053830951920064716,0.0005607127347417632,0.9999849092266838
1741341871.1694894,2,0.011268181173238325,-0.0006629760276632131,-0.00860518062723894,0.000515883548679106,-0.005210867870474765,0.0007106472258122001,0.9999860377528883
1741341871.1858392,2,0.011239474126062592,-0.0006610146622382929,-0.008637869315269409,-0.00012021292662386147,-0.005319854484653014,0.0006018899007189723,0.9999856611100291
1741341871.2023306,2,0.011214879855432801,-0.0006577704786619924,-0.008554571646650081,-0.000348814550210935,-0.005461292760030658,0.0006078813365901345,0.9999848414301487
1741341871.219013,2,0.011072359114124313,-0.0006609041981934773,-0.008572736616618412,-0.000293958673548965,-0.005360987328856793,0.0006655659506109027,0.9999853651054716
1741341871.235946,2,0.011043666793616713,-0.0006573840018580478,-0.008537203565688448,4.663039767219624e-05,-0.005252909117018049,0.0007443648061664775,0.9999859252471756
1741341871.2523408,2,0.01118232665618549,-0.0006479766852423178,-0.008433416606865238,0.0005178258667677001,-0.005305020669589244,0.0006191682667775815,0.9999856025177184
1741341871.2692227,2,0.011329228437500768,-0.0006507169106621185,-0.00840995082574689,0.0007420577752692404,-0.005402934945182874,0.0006087097854819712,0.9999849434449667
1741341871.286133,2,0.0113214948230567,-0.0006632554189193647,-0.008533176811506093,0.0005340021923688943,-0.005370575266043645,0.000653918337956035,0.9999852219676938
1741341871.302487,2,0.011215642687018934,-0.0006700648938606364,-0.008665357906258822,-0.0001713661592724596,-0.005334443527693022,0.0006963052724439002,0.9999855146475156
1741341871.3194714,2,0.01118296829822895,-0.0006601911910857714,-0.008597414614487878,-0.0004335204248548722,-0.005414221980873817,0.0005814277487184745,0.9999850799897747
1741341871.3358927,2,0.011166354514534262,-0.000653520908439923,-0.008476061112413903,-0.0006763656945194922,-0.005411753768302071,0.0007053448833002653,0.9999848788552727
1741341871.3524704,2,0.011143425613775421,-0.0006530835332123553,-0.008434963070277881,-0.00011732301276630321,-0.005215537246637636,0.0007180812995360089,0.9999861342867644
1741341871.3691278,2,0.011132527054755705,-0.0006564445092156946,-0.008496916683953953,0.00042808270122765313,-0.005273294499261836,0.0006925409545646226,0.999985764647353
1741341871.3859773,2,0.011261407736932615,-0.0006543249086338237,-0.008472718352979646,0.0006020756096898618,-0.00534650796369118,0.0006282994601619662,0.9999853286910477
1741341871.4030993,2,0.011400852699971336,-0.0006540012247486904,-0.008419510139018326,0.00043142783067645586,-0.005340690144988342,0.0006425599356296994,0.9999854389017528
1741341871.4192538,2,0.011265477191464878,-0.0006655563300931322,-0.008597870879964208,0.00010293480260773089,-0.005262336428087527,0.0006121896597181559,0.9999859611232373
1741341871.4358912,2,0.011226396777541059,-0.0006593522822363351,-0.008558522604397144,8.678219943134292e-05,-0.0053796468053825255,0.0006194314298246171,0.9999853339793554
1741341871.4529247,2,0.01112005983676073,-0.0006605310897720737,-0.008550717527740493,-0.0004985976294115148,-0.005245950590710751,0.0006938600514042167,0.999985874880757
1741341871.4693031,2,0.011157849922982663,-0.0006526466282701639,-0.00842401476963257,-9.10427107872964e-05,-0.005222511196886137,0.0007525465139880201,0.9999860752839349
1741341871.4862385,2,0.011182144648804756,-0.0006575649542477185,-0.008429828832327095,0.0005753507661547748,-0.005294818099018799,0.0006407813083455677,0.9999856115325406
1741341871.5025551,2,0.011208219720581778,-0.0006604356236966846,-0.008519032027972674,0.0006737055438289454,-0.00530227061536859,0.0006122312362216283,0.9999855285053255
1741341871.5197897,2,0.011305255219720542,-0.0006578864134231246,-0.008528715656430024,0.00039090927563489766,-0.00525458394809455,0.0006908477254957581,0.9999858795337515
1741341871.5361917,2,0.011381104424367143,-0.0006503334009237945,-0.008475735885966671,-0.00011776786754281474,-0.005362848663588803,0.0006876665787436033,0.9999853764428844
1741341871.5526588,2,0.011201662096322637,-0.0006632389933715378,-0.008602345722304857,-2.301605705838363e-05,-0.005476793019873848,0.0006323675279079732,0.9999848020444051
1741341871.5693662,2,0.011196138322105052,-0.0006557348564194312,-0.00846236794001366,-0.00010071857542559569,-0.00518009362264236,0.0007103652028602177,0.9999863258400625
1741341871.5864708,2,0.01117498497881344,-0.0006491255178253973,-0.008396374392857935,-9.932499328209682e-05,-0.005208414307120185,0.0007277438408714727,0.999986166376242
1741341871.6027935,2,0.011189629079242258,-0.0006550382777953847,-0.008417958763123913,0.0006839911791948426,-0.005322437077378553,0.0006274721422576398,0.9999854049426595
1741341871.619682,2,0.011313398423569416,-0.0006510841050181957,-0.008401727973854951,0.0006819055239341677,-0.005413502084073463,0.0006342897480053947,0.9999849132244735
1741341871.6362667,2,0.011339148697705265,-0.0006559741101888763,-0.00850014565111489,0.0006602716036665141,-0.0053545500154702,0.0006190715154231431,0.9999852546842879
1741341871.6529872,2,0.011271913882352007,-0.0006616165753716402,-0.008608056899807384,-0.00011281011744509914,-0.005309506956135248,0.0006469363017780509,0.9999856888391861
1741341871.6698933,2,0.01128451730717237,-0.0006547352685675005,-0.008502398781674119,-0.0002170218495388064,-0.005517159051888,0.000741721012958088,0.9999844817333177
1741341871.6862223,2,0.011150175457790703,-0.0006607453210542975,-0.008516525837883844,-0.00011755832925316822,-0.005138046611202151,0.0006906023803564168,0.9999865547723192
1741341871.7030468,2,0.011110756064330143,-0.0006589884753270804,-0.008482233976099554,8.910071064550286e-06,-0.005204674551769518,0.000706399366431498,0.9999862060465414
1741341871.7195745,2,0.011113744470043117,-0.0006549593493452033,-0.008508486990004482,0.00038044379336601416,-0.005283454061772876,0.0006963016431465646,0.9999857276680097
1741341871.7361982,2,0.011306180442348338,-0.0006478035607978835,-0.00840038135080984,0.0008056188781645226,-0.005380323853631298,0.0006254240854584311,0.999985005856671
1741341871.7532146,2,0.011326614827327951,-0.0006563309169131028,-0.008494853478149851,0.00044217077471225445,-0.005323922245531893,0.0006816337952324548,0.9999854977509918
1741341871.7699046,2,0.011304949560125357,-0.0006607608212941586,-0.008561923326144699,0.00016382562231182136,-0.005327008868103298,0.0006691003995985162,0.999985574117117
1741341871.786248,2,0.011157845850191582,-0.0006668477596279812,-0.008658962934013343,-0.0003493681587653427,-0.005346020624491953,0.0007007460071880544,0.9999854033736721
1741341871.802948,2,0.011155551504576552,-0.0006606731789589027,-0.008529298078515874,-0.00026664823502964237,-0.005429241035905961,0.0006628545432631955,0.9999850063197684
1741341871.8196268,2,0.011118744340805809,-0.0006570698870772533,-0.008477858730674135,-0.0001628139472401787,-0.0051397377663551895,0.000781229213415518,0.9999864730426247
1741341871.8369644,2,0.011124595715894862,-0.0006528481419521867,-0.008481282348178772,0.0004248232441539099,-0.005225103878713725,0.0007091573879018543,0.9999860073573366
1741341871.8529992,2,0.011299696214786886,-0.0006457140606595306,-0.008383873982037928,0.0005870906259778558,-0.00537311768684154,0.0007128713385051564,0.9999851382622519
1741341871.8701549,2,0.011355760933090984,-0.0006543122062148737,-0.00844778316995182,0.0007079412565765798,-0.005379904589068124,0.000691860179903845,0.999985038275714
1741341871.886636,2,0.011266569937306648,-0.0006669626945148249,-0.008611925859836715,7.841661678267386e-05,-0.005273999269976535,0.0007058431911799816,0.9999858401837118
1741341871.9030666,2,0.01121270007357261,-0.0006639435710478595,-0.008614407546422865,-0.0001414250502926103,-0.005386841478977346,0.0006063816344745458,0.9999852970114855
1741341871.9199936,2,0.011069749959678245,-0.0006639097915712171,-0.008646188196943778,-0.0004983879325136064,-0.005431482863943282,0.000702280797167125,0.9999848785881962
1741341871.9367497,2,0.011147084500815549,-0.0006519684321955811,-0.008446897302254636,-0.0003929659178031563,-0.005256971896689919,0.0007337905485056809,0.9999858355875325
1741341871.9533877,2,0.011160197012278373,-0.0006531057930715332,-0.008429337218386516,0.0003202975315287126,-0.005183673662150335,0.0007480276926589513,0.9999862336009565
1741341871.9702165,2,0.011139727931196086,-0.0006622317599023399,-0.00855781546352808,0.0004604892701195826,-0.00529788890254972,0.0007385695151337403,0.999985587315077
1741341871.9870658,2,0.011281345312249271,-0.0006581436949021261,-0.008524314193061606,0.0006132578435490586,-0.005280476816811009,0.0007072961548391819,0.9999856200023847
1741341872.0031652,2,0.011276650301438615,-0.0006608265863886388,-0.008595039483342401,8.732261491004186e-05,-0.005233777199115909,0.0007261684585992719,0.9999860362176867
1741341872.0199742,2,0.011200642133476314,-0.0006634785100736875,-0.008632598083075526,-1.744426111448342e-05,-0.0053569384828581045,0.0005610417683572253,0.9999854939637488
1741341872.0367305,2,0.011067636562205012,-0.0006635563934325582,-0.008659884902101038,-0.0008305258111377782,-0.005318040007666334,0.0006716508065994889,0.9999852886730624
1741341872.053555,2,0.011187338954944216,-0.000651407973899756,-0.00840781146361746,-0.000208715447320573,-0.005230591887633584,0.0006509774248286389,0.9999860866905896
1741341872.070226,2,0.011200115700914842,-0.0006523645800899537,-0.00837639748565397,0.0003012604879864595,-0.005263580356480253,0.0007237489596390419,0.9999858399754432
1741341872.0865633,2,0.01121512532277021,-0.0006564499923436068,-0.00845579250720119,0.0004195294228297657,-0.005348831409876391,0.0007258563664706093,0.9999853434576665
1741341872.103383,2,0.011276401503424615,-0.000657787936660687,-0.008518162818927378,0.0007073609160048556,-0.00534654251352697,0.0006464052151786416,0.9999852480331815
1741341872.12022,2,0.011316722605551182,-0.0006562493116624247,-0.008544652722544989,0.000412888717156829,-0.005325189825447177,0.0005707107650801271,0.9999855729786569
1741341872.1371095,2,0.011151869350219024,-0.0006675723287067755,-0.008696867097186142,-0.00014337095056703817,-0.005298225923858485,0.0006599561978148714,0.9999857362505963
1741341872.1534042,2,0.011108359925384743,-0.000662351261448389,-0.008625679378393536,-0.00043865139680947484,-0.005318736376920237,0.0006896340668337788,0.9999855214117646
1741341872.1700802,2,0.011125445379043966,-0.0006555135971509823,-0.00848899668320483,-2.374382387214335e-05,-0.005302054915984764,0.0006619284849233154,0.999985724648397
1741341872.1868727,2,0.01114994576206068,-0.0006505954665737526,-0.008435224371761538,0.000142556844428369,-0.00519555339820341,0.0008032793682457731,0.9999861702267132
1741341872.2034671,2,0.011262613577846194,-0.0006482451907799134,-0.00838957454326655,0.0005313842160804755,-0.005328382916198429,0.0006964293332552987,0.9999854203699656
1741341872.2205448,2,0.011348136593750507,-0.0006508685702260056,-0.008425166426761117,0.0008066969066617869,-0.005436015043469279,0.0005992364811304345,0.9999847198313521
1741341872.2367043,2,0.011315141856858316,-0.0006560276517575182,-0.008542828936457992,0.000524407406799949,-0.00532969446926355,0.0006052812995130695,0.9999854763886746
1741341872.2535002,2,0.011219382333726383,-0.0006640414176855951,-0.008623006548444237,-1.9219529244967865e-05,-0.0052434069732001974,0.0006881046106112595,0.9999860163152122
1741341872.2703063,2,0.011200282785544743,-0.0006563628344706666,-0.00852798868413147,-0.0003965566174566511,-0.005471949174693046,0.0006489973506065604,0.9999847395423179
1741341872.286851,2,0.011118004126684448,-0.0006556198920346926,-0.008507175019292414,0.00018115889012474293,-0.005227417038463139,0.0006055699320679877,0.9999861371927213
1741341872.3035026,2,0.011202949846695844,-0.0006457407092868285,-0.008382548003871216,0.0003269543572252141,-0.005202401306939937,0.0007593244085450517,0.9999861256777178
1741341872.3202882,2,0.011211180683305474,-0.0006525596844730317,-0.00845011849459745,0.00035840499654573454,-0.005265943861173246,0.000776340352264742,0.9999857692371262
1741341872.3370707,2,0.011322157568900384,-0.0006547989165497102,-0.008443157357028483,0.0008307943093196514,-0.005355438598754283,0.0005394861288747936,0.9999851688964929
1741341872.3538463,2,0.01138845054255871,-0.0006542223480557479,-0.008447228559067899,0.0005714547719210223,-0.005373952077712742,0.0005358807969304016,0.9999852533464089
1741341872.370199,2,0.011207312513912392,-0.0006657678881260848,-0.00863454418509504,5.779892411745773e-05,-0.0052443848298183915,0.0005659212307931544,0.9999860863133054
1741341872.3868718,2,0.011201514347410471,-0.0006577249049325264,-0.008536120246571495,-8.627689731820376e-05,-0.00540101165416789,0.0006659315449579165,0.9999851889726098
1741341872.4038875,2,0.011158139222603449,-0.0006553938090188898,-0.008473413295821332,-0.00010200546495229941,-0.00527006618076089,0.0006446672490562825,0.9999859001013331
1741341872.4202492,2,0.011187102158660443,-0.0006492972965179262,-0.008403155989298706,0.00039400750239873886,-0.005232341979843369,0.0006521749002420883,0.9999860209139894
1741341872.4371722,2,0.011276125173027634,-0.000649181396959674,-0.008362288024613055,0.0007979217940537491,-0.005366813784571992,0.000643178587703122,0.9999850733645561
1741341872.453757,2,0.011237287766374773,-0.0006588068586242254,-0.008526631522786125,0.0006542123741606935,-0.005266319879465223,0.0006024896875884841,0.9999857373419249
1741341872.4703813,2,0.01132114183776695,-0.0006576504229908241,-0.008517343231120347,0.0003143074578406842,-0.005289358443926824,0.0006411261110942124,0.9999857563262505
1741341872.4871845,2,0.011281542066258247,-0.0006592084686236314,-0.008557387204488842,5.1865104873137984e-05,-0.005318630115839521,0.0006382895875762069,0.9999856509321042
1741341872.5035832,2,0.011205599966171969,-0.0006590024022595659,-0.008543219229570973,-0.00025372753040474614,-0.005310036454780806,0.0006204380800193066,0.9999856769933148
1741341872.5203984,2,0.011180591566719402,-0.000653019532836843,-0.008452678023218098,-0.00037508966687061716,-0.005296759199812016,0.0006814484156566603,0.9999856695362078
1741341872.537068,2,0.011181297567321072,-0.0006526737407713745,-0.008400926027186005,0.00021097983739829714,-0.005230181487380595,0.0006787734996831451,0.9999860698808025
1741341872.5537062,2,0.011228560487331155,-0.0006507992812944945,-0.008404359159831946,0.0007064951545282164,-0.005281485381583898,0.0007004272147636011,0.9999855579849528
1741341872.57086,2,0.011320334628709112,-0.0006498981948503145,-0.008424808417725527,0.0009019740415542014,-0.0053366758384861745,0.0005988309586194529,0.9999851737577444
1741341872.587156,2,0.011369825381833487,-0.0006521254623091363,-0.008462332088664619,0.00029294860893918067,-0.005360907396903488,0.0006640900054429335,0.9999853668116644
1741341872.6037314,2,0.011311026392353771,-0.000654912117133621,-0.008524830994167135,0.0001295352353506717,-0.005262431609023953,0.0005671052820051549,0.9999859841146685
1741341872.6204002,2,0.011169034289927346,-0.0006564036260827851,-0.008592740188434925,-0.0003811324326308346,-0.005323211807748378,0.0005813212969434739,0.9999855900060103
1741341872.637188,2,0.011113915704374956,-0.0006564511651075088,-0.008534261303627472,-0.00039014504022128144,-0.005384049039539789,0.000694264273857171,0.9999851887902668
1741341872.6539876,2,0.011183013976548405,-0.0006471810364585415,-0.008394805101803952,0.00010231123958851522,-0.005187138354628892,0.0007310270746257916,0.9999862742695604
1741341872.6705,2,0.011236456155798172,-0.0006493754561474087,-0.00839077372927185,0.0006236804960232487,-0.005225097728211736,0.0006465725810074841,0.9999859455613699
1741341872.6871655,2,0.011347729674315939,-0.0006475912729773153,-0.008387918061393926,0.0008196893573041501,-0.005370777264875977,0.0006245707316187421,0.9999850462743579
1741341872.7040777,2,0.011444211953228875,-0.0006458758227793572,-0.008369924726551263,0.0002917044406279798,-0.005356429886941585,0.0006975471806713488,0.9999853683906162
1741341872.720698,2,0.011343248291682534,-0.0006594164929052882,-0.008485474426973132,-3.37503310199888e-05,-0.005282430189960123,0.0007189264605962976,0.9999857888674956
1741341872.7373848,2,0.011182136540092882,-0.0006605869992054909,-0.008578809811226292,-0.0003756025541271854,-0.005309900776119196,0.0005664882901863146,0.9999856713810884
1741341872.753967,2,0.011074084519252594,-0.0006608509207308874,-0.008589818228047798,-0.0007099552342176076,-0.005315433408754706,0.000708514303425609,0.9999853699623431
1741341872.7706294,2,0.011177221545753799,-0.0006492576639425295,-0.008409055977337305,9.596064941770868e-05,-0.005216612413045432,0.0007091708376276462,0.9999861373155173
1741341872.7874851,2,0.011206093568412885,-0.0006502792023513565,-0.008419171542461782,0.000579369646544014,-0.00528009214566961,0.0006331784772448013,0.9999856919190204
1741341872.8038847,2,0.011252838220887731,-0.0006548458636188945,-0.008483236857637634,0.0006359020167015252,-0.005332300227206417,0.0005829340575757353,0.9999854110889802
1741341872.8207958,2,0.01128296619627989,-0.0006592211210756526,-0.008548946522463978,0.0003251615514020897,-0.005267633465058877,0.0007011055483473588,0.9999858272788937
1741341872.8372908,2,0.011319535993111885,-0.0006587855447662023,-0.008517603561861032,0.00020105624235918152,-0.005282721274797514,0.0005711189088996642,0.999985863027829
1741341872.8539793,2,0.01120577734868959,-0.0006632415091077218,-0.008573390214291128,-0.00025329454500233335,-0.0054130641797198375,0.0005946592150993024,0.9999851403688346
1741341872.8718228,2,0.01107514907513409,-0.0006629051612572189,-0.008603527514673736,-0.00048065656941228435,-0.005187777635103358,0.0007393525970134866,0.9999861545492559
1741341872.887561,2,0.011092366367879228,-0.0006579122531650153,-0.00851167844262266,-4.8832476301136454e-05,-0.005073024085280435,0.0006942399158109601,0.9999868899505426
1741341872.9045117,2,0.011163018365711173,-0.0006555602121841918,-0.00845292658186526,0.0004465144883453513,-0.005285763944679222,0.0006532450934544756,0.9999857171955912
1741341872.9207673,2,0.011317777869934865,-0.0006499607839114903,-0.00838829485296283,0.0008895435379805508,-0.005401285695493997,0.0005618878038347295,0.9999848594389945
1741341872.937569,2,0.01135448725366436,-0.0006548949682308469,-0.008458852390386183,0.00043630525493998037,-0.005349302773585518,0.0006955912205418112,0.9999853552679734
1741341872.9544091,2,0.01134494433459563,-0.00065732655836983,-0.008500033422757612,0.00023397239507758264,-0.005362661822005917,0.0005963492086221894,0.9999854156350093
1741341872.9708333,2,0.011319723771605634,-0.0006525841259911246,-0.008451576892969005,5.069575792593525e-05,-0.0054958907214782745,0.0006728304741589902,0.9999846698396285
1741341872.9874506,2,0.011132414403956696,-0.0006585450338451065,-0.008543703513643362,2.03490414762312e-05,-0.0052076389598252025,0.0006549479962467983,0.9999862254678825
1741341873.0043633,2,0.011114284291086724,-0.0006538320972382822,-0.008485093518014521,-4.3180224486621495e-05,-0.005149429296215854,0.0006550741778529514,0.9999865261048335
1741341873.0213888,2,0.011154844840801535,-0.0006547812565234086,-0.008459989571032956,0.0004353552390630671,-0.005291807188091686,0.0006254341063561484,0.9999857079352077
1741341873.0378792,2,0.011320945970187532,-0.0006518672454635749,-0.008379992636583546,0.0007681735265599158,-0.005397761467376402,0.0006088633600214525,0.9999849515697639
1741341873.0545409,2,0.0112770924756837,-0.000659714325771945,-0.00854392846853812,0.00046873366572912513,-0.005311269692388795,0.0007465434302804262,0.9999855065829264
1741341873.0711994,2,0.011335917718163996,-0.0006548256901343091,-0.008506079420618672,0.0003220296890168968,-0.005324904033565432,0.0005508149887682033,0.9999856190449744
1741341873.087515,2,0.01125221282038911,-0.000657326587024302,-0.008537842959873757,-9.71740166890742e-05,-0.0055156847280887385,0.0007309358722617304,0.9999845166361034
1741341873.104312,2,0.011118904911364946,-0.0006593165318363425,-0.008573377987754795,-1.996922252810614e-05,-0.005420188908289235,0.000697956814777778,0.9999850668933579
1741341873.1209064,2,0.011170699487636876,-0.0006490145832380823,-0.008433277158068226,7.95468930549231e-05,-0.0052417931288449605,0.0006776468309208319,0.9999860289383341
1741341873.1377363,2,0.011145750284058323,-0.0006538936102956732,-0.008473625748428512,0.0003006781849849553,-0.005224036353121322,0.0006684314644128604,0.9999860860212945
1741341873.1542888,2,0.011272879572203144,-0.0006524153509043483,-0.008422060219882036,0.000724187133675927,-0.005351635991332237,0.0006794579494843609,0.9999851868313383
1741341873.1712294,2,0.011279708153312362,-0.0006592157256062497,-0.008520460570316895,0.0006170199163590041,-0.005244347454739811,0.0006086087515252669,0.9999858727510026
1741341873.1877973,2,0.01132182302770492,-0.000657791016107259,-0.008512980485579634,0.00023722860465719473,-0.005284573473578246,0.0006574194651794526,0.9999857923017899
1741341873.2043304,2,0.011218473813434462,-0.0006620179832697771,-0.008583515256381806,-0.00018267851977249891,-0.005346046642547091,0.0007008931872586491,0.9999854474754092
1741341873.221637,2,0.011126103545716415,-0.0006605171253619232,-0.008579398458205278,-0.0004960668788600243,-0.0053439613550603365,0.0007149900581044932,0.9999853422845278
1741341873.2377162,2,0.011147382107156965,-0.0006525875972610587,-0.00846372590904451,0.00011151172303625916,-0.005295168613207314,0.0006444440181948941,0.9999857666219059
1741341873.2544422,2,0.011159926888785537,-0.0006507752380796199,-0.008447612096131993,0.00048292224108703764,-0.005292776005668417,0.0006544380048570447,0.9999856624067971
1741341873.2711565,2,0.011269214152630581,-0.0006506058869468308,-0.008411078627002926,0.0005643336580602969,-0.005351016064133988,0.0006834414115486004,0.9999852904230345
1741341873.2878687,2,0.011287402364352925,-0.0006574609054219035,-0.008504487213391101,0.0006004795375035636,-0.005429736807322619,0.0006649463756032782,0.9999848574997752
1741341873.304869,2,0.011326550185795588,-0.0006586987486642431,-0.008511428431928801,0.0003408167560166884,-0.005247352897794901,0.0005095973906656432,0.9999860446236258
1741341873.3210683,2,0.011180246058572717,-0.0006643515494004372,-0.008634774393181242,-0.00032162901738581363,-0.005246360716961107,0.0006827629622305688,0.9999859529457102
1741341873.337831,2,0.011183219012173921,-0.0006585404800396188,-0.008511902834919286,-0.0004525586148406674,-0.005386949689156798,0.0006081515187161688,0.9999852029482621
1741341873.3545856,2,0.0111174916644193,-0.0006573525537217118,-0.008493266241714615,-2.134337018831146e-05,-0.005167153691184371,0.0006641232688113114,0.9999864294116576
1741341873.3711615,2,0.011167772244153554,-0.0006520235143034297,-0.008436827927890996,0.00048340656507801007,-0.005252905357906243,0.0006517654578313566,0.999985874152821
1741341873.3880496,2,0.011246784601205572,-0.0006496456294472498,-0.008434475974563649,0.0005635411526872433,-0.00536589687207552,0.0006917518833016794,0.9999852054162899
1741341873.404685,2,0.011359479574228734,-0.0006474009841935187,-0.008420004430481794,0.0006938943946384072,-0.005416150735089535,0.0005493681211598172,0.9999849408948374
1741341873.421442,2,0.011335641415196666,-0.0006565158663296185,-0.008493942974746382,0.0002815597777264583,-0.005273630462368619,0.0005736198374625413,0.9999858901535161
1741341873.4380333,2,0.011176649840078084,-0.0006626258801729018,-0.00863526506798313,-0.00028728429343099154,-0.005335298026884908,0.0007194622232642099,0.9999854671128017
1741341873.454794,2,0.011103385875120548,-0.0006628573232933191,-0.008609125266721961,-0.0006560809186868496,-0.005352678173832517,0.000652052715193412,0.9999852465018932
1741341873.4714882,2,0.011073702835956744,-0.0006605286452738304,-0.008553692501724485,0.0001542054149797804,-0.005224081724819245,0.0006200889130182083,0.9999861502443733
1741341873.487962,2,0.011122543046954286,-0.0006551182288370858,-0.008489616523114588,0.00037247030905597067,-0.005264870910919411,0.0007094357679160151,0.9999858194499817
1741341873.5046954,2,0.011170306051554096,-0.000655078075719718,-0.008519782717994157,0.0005003331833319298,-0.00526341197657662,0.0007040914593824039,0.9999857751069698
1741341873.5214627,2,0.011279831243009665,-0.0006515952294301882,-0.008499901671328788,0.0006237087111958507,-0.0053315497275289395,0.0006280968266631315,0.9999853954230146
1741341873.537996,2,0.011291965259658017,-0.0006565052161808712,-0.008539980133743406,0.00022628728903465695,-0.005291352131941737,0.000583879967675947,0.9999858046346768
1741341873.5546339,2,0.011185397634127051,-0.0006624547579418623,-0.008631801125754835,-0.00011887595572929395,-0.0053103014491350286,0.0006868996997343351,0.9999856572650575
1741341873.571958,2,0.011110083627489522,-0.0006608921556604919,-0.008617397985173901,-0.0005903963720012254,-0.005240391867623263,0.0006512958107436288,0.9999858826698328
1741341873.5881095,2,0.011112587372208858,-0.0006564772651388124,-0.008514931224447096,0.0002735708492314652,-0.005261995712035554,0.0006166594689467782,0.9999859280465982
1741341873.6050441,2,0.011113769424921342,-0.0006563410383324568,-0.008497733251661026,0.0004214862816144359,-0.005216054999211516,0.0006181955134361354,0.9999861163805559
1741341873.621448,2,0.011195884721352647,-0.0006525847491378271,-0.008478405193306735,0.0004564515572846588,-0.005278560650902324,0.0007348144509556315,0.9999856941462479
1741341873.63834,2,0.011369317964804235,-0.0006483357993829332,-0.00838751370022025,0.0007725781768260777,-0.005424667019392765,0.0005460650791740239,0.999984838846879
1741341873.6550963,2,0.011376417005636963,-0.0006533903797487572,-0.008446948154159356,0.00017179330862830257,-0.005342392568244305,0.0006053140030369098,0.999985531357161
1741341873.6717582,2,0.01115268738321492,-0.0006670821513316388,-0.008683293055496352,-0.00013940159065326476,-0.005273764217826216,0.0005789724941723577,0.9999859162853356
1741341873.6889303,2,0.01109880663883762,-0.0006633534797601171,-0.008642676548956006,-0.000453211620568615,-0.00534464070542989,0.0006433175785664951,0.999985407672257
1741341873.7050507,2,0.011142443379778662,-0.0006525216960331874,-0.008485784352965322,0.00022854035588160398,-0.005253570199015021,0.0006160045052166534,0.9999859840557362
1741341873.7218754,2,0.011103773972090586,-0.000657294551005526,-0.008506279753787333,0.00024066897053437604,-0.005222199525687771,0.0006761116163976801,0.9999861066953093
1741341873.7383695,2,0.011214623640217187,-0.0006535495181781334,-0.008450489582395379,0.0004112373984834222,-0.0053247195073446,0.0007114972807166437,0.9999854859034654
1741341873.754924,2,0.011266076536246162,-0.000655780574497815,-0.008504059469154494,0.0007559756611635579,-0.005301827421969576,0.0006059647650410221,0.9999854758612702
1741341873.7718036,2,0.011329628779046386,-0.0006566927989603709,-0.00850361955825082,0.00027937973697155687,-0.0053110157912599695,0.0006338532940380149,0.9999856565412473
1741341873.7883341,2,0.011208258797647412,-0.000665075050206983,-0.008624723224276008,-0.00010504642752911409,-0.005325021008724158,0.0006349044186152303,0.9999856149029764
1741341873.8051155,2,0.011177943067269712,-0.0006603008056215258,-0.008563013887938516,-4.716522224849634e-05,-0.005377031428478303,0.0006379507623193345,0.9999853390561703
1741341873.821706,2,0.011095661724734165,-0.0006599554266776551,-0.008554337461180988,-0.00040863822479704,-0.005265091343902279,0.0006950708220662577,0.9999858142516291
1741341873.838386,2,0.01112145823980683,-0.0006571944559780285,-0.008488599811993177,0.0003493000213257993,-0.00526732909155875,0.0006003032940873927,0.9999858863352479
1741341873.8552544,2,0.011194663249330822,-0.0006569000919582619,-0.008461359609221848,0.0006518617612410386,-0.0053050446580179735,0.0007594827135325277,0.9999854272755321
1741341873.8716764,2,0.011340387651191481,-0.0006497625440901832,-0.008405386833138665,0.0008984002182963108,-0.0053361129662844575,0.000580509347764728,0.9999851907825216
1741341873.8888037,2,0.01131157661500297,-0.0006567994794596967,-0.008519238864842705,0.0003419226872820122,-0.005247916464263911,0.0006779146715207807,0.9999859413478562
1741341873.9051344,2,0.011262950838176009,-0.0006626348624718247,-0.008568144122625477,9.118303013575871e-05,-0.005324844239983275,0.0005502430531820575,0.9999856673733165
1741341873.922337,2,0.011137651000805073,-0.0006662768258476521,-0.008623248369899531,-0.00026832413664691195,-0.005279302094683448,0.0006206372536428703,0.9999858357901626
1741341873.9386115,2,0.011047937126855605,-0.0006637319959292597,-0.008623641612942897,-0.0007212975717102352,-0.005243857693393999,0.0006853253035463497,0.9999857559063192
1741341873.9551117,2,0.011085572745345162,-0.000663354970128019,-0.008530057433916891,0.00028095812041807004,-0.00523671298989853,0.0006773360205000532,0.9999860194600279
1741341873.9718394,2,0.011214016223421058,-0.0006531617823623323,-0.008426823172784233,0.0007420446181296079,-0.005189195888582747,0.000774903330572665,0.9999859604717674
1741341873.988903,2,0.011277988692622235,-0.0006529642581182191,-0.008464915160673379,0.0009265266659996098,-0.005327258116006363,0.0005652602589476212,0.9999852210658627
1741341874.0051923,2,0.01137380786856233,-0.0006520245675367899,-0.008442702295276123,0.0004484445437420292,-0.005337230491889585,0.0006929284256537971,0.9999854162528395
1741341874.0221255,2,0.011237509856895433,-0.0006637012615281298,-0.008599625949198464,5.737536283893466e-05,-0.00525504432482387,0.0005969837619077504,0.9999860123159723
1741341874.039227,2,0.011127604078921386,-0.0006633699331650918,-0.00864006402804074,-0.00037937115936627043,-0.005308295896994356,0.0006341243438850777,0.9999856378761197
1741341874.0555387,2,0.011044662103402896,-0.0006634794867072549,-0.008632842612801048,-0.0006308092343217866,-0.005224471033775383,0.0006832083406370251,0.999985920005122
1741341874.0722995,2,0.011145646820991114,-0.0006538625824346428,-0.008463583574086888,0.0001284411166500526,-0.005266527553889386,0.0006301771178177165,0.9999859249345483
1741341874.0885847,2,0.011230815154296414,-0.000651546304070349,-0.00840116892936179,0.0006904346784917801,-0.005215705759846386,0.0007111715916654228,0.9999859068748663
1741341874.1052094,2,0.01122210340050932,-0.0006561429049787866,-0.00851858169236276,0.0005740833127120386,-0.005323511691809787,0.0006536772772141675,0.9999854515729889
1741341874.1221366,2,0.011297827608530984,-0.0006558722955629598,-0.00852061278262311,0.0005469365144114664,-0.005244071949333881,0.0007032178877325646,0.999985852927151
1741341874.1386256,2,0.011275500649351382,-0.0006585456520524273,-0.00855004054640574,3.366923557793927e-05,-0.005294417966892661,0.0005727491094960712,0.999985819881078
1741341874.155575,2,0.011112285737152287,-0.000663887254072694,-0.008659395552725655,-0.000332360068908178,-0.00529277284134262,0.0005883823900922386,0.999985764847979
1741341874.1719406,2,0.011029134943076002,-0.0006645190352678389,-0.008657325944337744,-0.00047301498056837,-0.005180194214835114,0.0006757151255909656,0.9999862425322629
1741341874.1889215,2,0.011142061638023835,-0.0006525887599811087,-0.00847087281637895,0.00023306439583193982,-0.005210394158416746,0.0005937842751604774,0.9999862223520561
1741341874.2057436,2,0.011217885511855364,-0.000650244600998147,-0.008409009762500336,0.0005421254906632207,-0.00521783909587015,0.000695316904035079,0.9999859982967385
1741341874.222161,2,0.01116356718930021,-0.0006596499225668352,-0.008569785351437495,0.0005334459439923193,-0.005243604763432098,0.0007090521392771418,0.9999858585447964
1741341874.2387617,2,0.011239250658975438,-0.0006575672156486062,-0.0085748385456258,0.0007329631367198021,-0.005265816670222984,0.000575283138958942,0.9999857013923478
1741341874.2554536,2,0.011176648590295383,-0.0006671798932708826,-0.00866453349005182,0.00015350048965602126,-0.005209814482935839,0.0006033177545693932,0.9999862350444331
1741341874.27209,2,0.01122022207826933,-0.0006590496115484374,-0.008540278497701006,-0.00012127633241188646,-0.005309948905498417,0.000507587492804847,0.9999857659435004
1741341874.289043,2,0.011011860396869617,-0.0006662829082947964,-0.008678616210575852,-0.0005897396682102648,-0.005154246873217476,0.0007384585193834422,0.999986270218401
1741341874.3056083,2,0.011122071883809958,-0.0006512570579140994,-0.008489518066351814,0.00018197279411384255,-0.005205191418626148,0.0006586938447091334,0.9999862194003558
1741341874.3220963,2,0.011247320611269459,-0.0006458859338204362,-0.008363651170133839,0.0005911417015075143,-0.00529972011031107,0.0006389837732283393,0.9999855775049851
1741341874.3391404,2,0.01123748401785222,-0.0006552435264310702,-0.008475325337183526,0.0009126410503892478,-0.005307623861552171,0.000608258397970857,0.9999853130106355
1741341874.355801,2,0.011271857685666806,-0.0006565903589333021,-0.008533658015642225,0.0006409794733918129,-0.005284469811164195,0.0006082052882276949,0.9999856467022198
1741341874.3724728,2,0.011239250376786074,-0.0006619149435138234,-0.008589770274794776,8.402757703894653e-05,-0.005273124907488721,0.0006926780419270603,0.9999858535450422
1741341874.3889544,2,0.01125967929345902,-0.0006559968959423447,-0.008496354701538042,-0.00027801965103768325,-0.005284887869044968,0.0005476966846018682,0.9999858462466491
1741341874.4054987,2,0.01104193829468998,-0.0006672443728533163,-0.008643967562474576,-0.0005474458936395639,-0.005226795996226871,0.0006957984398166932,0.999985948286844
1741341874.422469,2,0.011101506698973765,-0.0006563678299527713,-0.00851291734461071,0.00014790297733658213,-0.005183891313134426,0.0006691090376185428,0.9999863287508779
1741341874.4389346,2,0.011180079210161259,-0.0006526091006076774,-0.00844141590519219,0.0003662589565439646,-0.005211174296011799,0.0006923618098698701,0.9999861149795819
1741341874.4556017,2,0.011276384332325294,-0.0006533010227958831,-0.008419388056343954,0.0008378581618617847,-0.005367070192258988,0.0006542888060712615,0.9999850321166863
1741341874.472414,2,0.011239086173126496,-0.0006567086292834195,-0.0085588705813592,0.0005541434348059226,-0.005311079030399094,0.0006635866570116837,0.9999855224038672
1741341874.4889708,2,0.011296677041879963,-0.00065280187707358,-0.008520846716019968,0.0002230560696441454,-0.005316124031865022,0.0006540119791577162,0.9999856305665591
1741341874.506248,2,0.011172540113871672,-0.0006624826672445845,-0.008607721910197099,-0.00025141176530062316,-0.005352272858822555,0.0006089074483597213,0.999985459493831
1741341874.5223694,2,0.01114683278837325,-0.0006610475451884623,-0.008534417025534221,-0.00014519834050427213,-0.005226328778611594,0.0007583580514087109,0.9999860445516255
1741341874.5390155,2,0.011054079872344984,-0.0006602360023018242,-0.008569256407899777,0.00010705818982738076,-0.005155995569615033,0.0006520999223244785,0.9999864894156928
1741341874.5557904,2,0.01118485801201149,-0.0006492904379491947,-0.008428066860619749,0.0004606645387646683,-0.0052703903006240315,0.0006050147775380572,0.9999858222651863
1741341874.5726166,2,0.011206200244019832,-0.0006570534402532967,-0.008490108926127794,0.0005746098055918927,-0.005211118710324364,0.0007179298608568034,0.9999859992230257
1741341874.5890648,2,0.011290936626667674,-0.0006558934077681722,-0.008490001451408147,0.0008797760139763665,-0.005324448767907416,0.000523183031876696,0.999985301151471
1741341874.6058397,2,0.011176798065266799,-0.0006658015426869105,-0.008666983952253751,0.00021794486881236667,-0.00520455221639525,0.000653678180467148,0.9999862188255884
1741341874.6225848,2,0.011163931600275494,-0.0006622418170114315,-0.008626443518263716,-0.00034580059769075925,-0.0053516474496426115,0.0006031411663222246,0.9999854381501037
1741341874.639342,2,0.01114777855305808,-0.0006594845936509902,-0.008538118125733003,0.0002407610864480153,-0.005299090764117495,0.0006778536145598894,0.9999857009905943
1741341874.6557708,2,0.011057373718220213,-0.0006573907942254711,-0.008561432958542222,-0.00013760716950216674,-0.0051695081737502735,0.0007231452831976657,0.9999863670622754
1741341874.6725783,2,0.01117794139196867,-0.000646819777140205,-0.008432658846142223,0.0003970613213697486,-0.005336278638456993,0.0007392575898144242,0.9999854098789721
1741341874.6891608,2,0.011300402583090063,-0.0006512961222176823,-0.00837724112332943,0.00040374298621420444,-0.005351257104391587,0.0007304651676699028,0.99998533362227
1741341874.7058606,2,0.01124257807725252,-0.000662542764686567,-0.008538080828015165,0.0006841095397180946,-0.005272991718899617,0.0005660399202792066,0.999985703473444
1741341874.7226777,2,0.011161960242481745,-0.0006655015591812817,-0.008677946473259458,8.251602792881668e-05,-0.005215139617295189,0.000743010381057456,0.9999861216264208
1741341874.7392757,2,0.011181126357559336,-0.0006592768988332192,-0.008611836384761292,-0.0002912321157802491,-0.005330472488624462,0.0006908555129954417,0.9999855118778287
1741341874.7558448,2,0.011175915410180438,-0.0006586178308495508,-0.00851669723456532,-0.0001805275355039863,-0.005477581170243378,0.0006636822384247253,0.9999847614040019
1741341874.7726083,2,0.011078671182687773,-0.0006596276554144394,-0.00855046614521251,8.812174153770166e-05,-0.0052419013461390785,0.0006012940978793101,0.9999860764781897
1741341874.7891388,2,0.011158430919761623,-0.0006516288541838558,-0.008456980511537048,0.00045591842673234806,-0.005248816234515342,0.0006083448256423257,0.9999859358926493
1741341874.8063135,2,0.011265327776444806,-0.0006495353739650997,-0.008409940290055791,0.000451557185402813,-0.0052903289225752605,0.0006989176619758942,0.9999856599122315
1741341874.8226402,2,0.011282990325769978,-0.000655366209267973,-0.008481122984195316,0.000739385929660173,-0.005255850063431026,0.0005248651721522287,0.9999857768314052
1741341874.839475,2,0.011272720890073458,-0.0006571864400148734,-0.008552017142018678,0.0002453968596965347,-0.005261767724907243,0.0006951435339541141,0.9999858850785134
1741341874.8561532,2,0.011244624331787197,-0.0006581908358211093,-0.008553729666870813,-0.00018873154641522845,-0.005356106359468496,0.0006514133399685288,0.9999854259766638
1741341874.8728616,2,0.011092533374677907,-0.0006685250104442209,-0.008625693949849689,-0.000857950395422515,-0.005318234807218019,0.0007231418530160022,0.9999852285736599
1741341874.8894856,2,0.011077702266770042,-0.0006619631612793217,-0.0085519414168625,0.0003704201803094301,-0.005180592417993009,0.000666679061974656,0.9999862898010737
1741341874.9059458,2,0.01108157054005711,-0.0006569497608929173,-0.008541230163462444,0.0004389493060547587,-0.005253608065336127,0.0006553345598459093,0.9999858886316433
1741341874.9232607,2,0.011175229019806972,-0.0006558216947943081,-0.008509116802065196,0.0005767599865832822,-0.005264689046098346,0.0006519210649037004,0.9999857625966937
1741341874.9395497,2,0.01134058704923847,-0.0006515580757355196,-0.008413232452693062,0.0008997691883277214,-0.005283596746820077,0.0005594200167569866,0.9999854804296259
1741341874.9560187,2,0.011259888102876522,-0.0006594989559398008,-0.008567698158869947,0.0004117875792795075,-0.005277114651524725,0.0006083171581555801,0.9999858061203566
1741341874.9728112,2,0.011216370103305322,-0.0006602349244770853,-0.008583916594578021,-0.00022136287847913052,-0.00529380116533664,0.0007475323222315825,0.9999856838290863
1741341874.989609,2,0.011102429219430481,-0.0006672369782000544,-0.008616197871231511,-0.0008539171024446545,-0.005331297537933186,0.0006390193843571585,0.9999852197639576
1741341875.0060258,2,0.011126132982117558,-0.000660435813652625,-0.008500860799597342,0.0003726236222741048,-0.0053116749828970395,0.0006196444383225172,0.9999856315474149
1741341875.0228093,2,0.01116694322193942,-0.0006529841156287958,-0.008451000677803808,0.000269342248497509,-0.0052214711464732165,0.0006874591378494352,0.9999860954502086
1741341875.0397825,2,0.011204866395162418,-0.0006546628347835967,-0.008475733113057625,0.00033902922258702907,-0.005267266443184842,0.0007455038610272342,0.9999857924927713
1741341875.0560782,2,0.011330820036563641,-0.0006547906703770682,-0.008415347501382817,0.0006372195324849462,-0.005325248490452288,0.0006083622769299554,0.9999854326814578
1741341875.0729206,2,0.011266940927304446,-0.0006586217637761536,-0.00854524908394533,0.00047390567609454466,-0.005302343959557473,0.0006523770605921679,0.999985617379628
1741341875.0894876,2,0.0111295003573566,-0.0006649764713807826,-0.00868637021417412,-0.0002496755794689329,-0.005234702648389834,0.0006842560824730861,0.9999860335744202
1741341875.1066124,2,0.011182021237929041,-0.0006583517034906808,-0.008543382180991906,-0.00043177071502805006,-0.00537308045788006,0.0006833135243690456,0.9999852382225801
1741341875.1231625,2,0.011055065088944823,-0.0006638640287654199,-0.008601865075475442,-0.00040401498203959977,-0.0052086430117617285,0.0007018764161913325,0.9999861069931756
1741341875.1394393,2,0.011120690559614467,-0.0006521030185185386,-0.008502823307752276,0.00038778067797160925,-0.005254612268687263,0.0006626036756341637,0.9999858997168013
1741341875.156918,2,0.01121492680875336,-0.0006518741141206121,-0.008447632982289718,0.00033901856149713314,-0.005300835169737775,0.0007086821610922241,0.9999856418881786
1741341875.1730847,2,0.011369206494661114,-0.0006491924586158095,-0.008355486193413435,0.0007790412280782036,-0.00538354698501336,0.0005808523692589432,0.9999850364516212
1741341875.1899438,2,0.011333529910876869,-0.0006587835064389581,-0.00846590588026327,0.0005275623435195566,-0.005350461221326284,0.0007015877793423076,0.9999853009006087
1741341875.2064934,2,0.011177542265539322,-0.0006642108752109665,-0.008644425655895948,-6.412774728985936e-05,-0.005280344778468553,0.0006857653573059605,0.9999858216857512
1741341875.2231297,2,0.011157595599611686,-0.0006607423215647221,-0.008578020930051807,-0.0001423151286746911,-0.005298094874513908,0.0006192741463400727,0.9999857631169737
1741341875.23983,2,0.01107817881633206,-0.0006609887389029477,-0.008571556392239476,-0.0004416463188657785,-0.005220161668251375,0.0006848074166104412,0.9999860428523433
1741341875.2564108,2,0.011132756439900604,-0.0006531801563049794,-0.008480070414872363,0.00032853259720809074,-0.005255871108082103,0.0006394187693803025,0.999985929415442
1741341875.273125,2,0.011257995823758119,-0.0006477431434270428,-0.008393206121447965,0.0005320927940798033,-0.005372792915083162,0.0006847402965034153,0.9999851904424767
1741341875.2899024,2,0.011279769457748563,-0.0006571178171754264,-0.008459924790812307,0.0007084493499269054,-0.005324454155809549,0.0005851295297131345,0.999985402848909
1741341875.306482,2,0.011271631136099714,-0.000659341195951556,-0.008538885470139493,0.0006110514372553367,-0.005270980356842877,0.0006327893560130227,0.9999857213779854
1741341875.323153,2,0.011262984310778597,-0.0006536088970986735,-0.008539020874373795,-1.1945915425761409e-05,-0.005303494426882067,0.0006691582909195756,0.9999857124136028
1741341875.3401465,2,0.011234572569319997,-0.0006517602511641014,-0.00848294967466373,-0.00017543536366365948,-0.005306006009208372,0.000667066533986279,0.9999856851699942
1741341875.356827,2,0.011041286241277107,-0.0006683613771155855,-0.008617790296248463,-0.0003512722060612927,-0.005150118921806034,0.0006654400459004392,0.9999864549445026
1741341875.373355,2,0.011100202320699056,-0.0006588238207491139,-0.008519476577231606,0.0002481663226813081,-0.005237958919253093,0.0006837629330660473,0.9999860172362851
1741341875.3901622,2,0.011217722030647765,-0.0006482532531013858,-0.008434330002062795,0.0006943064989565448,-0.005247855091134722,0.0006662831063644483,0.9999857669098347
1741341875.4071226,2,0.011180655746022568,-0.0006580539247291483,-0.008562948380457666,0.0005556305190015765,-0.005221056370442675,0.000559904521862239,0.9999860590788401
1741341875.423281,2,0.01119075660832199,-0.0006647936119872467,-0.008623583142269523,0.00040132251860370237,-0.005220979626512403,0.0006936232711084743,0.9999860495020584
1741341875.4398425,2,0.0112555381928687,-0.0006540320873923677,-0.008546840210886338,4.41389087738879e-05,-0.0053583714705389566,0.0006666076270703161,0.9999854206643275
1741341875.4568014,2,0.011205637444093931,-0.000657562552620451,-0.00853000651078417,6.751325872086861e-05,-0.005351722100715678,0.000639575706941404,0.9999854726221935
1741341875.473507,2,0.011014043934872323,-0.0006694784623410043,-0.008656362907040614,-0.0007305036610859973,-0.005235806040395985,0.0006821783431925221,0.9999857935651969
1741341875.489864,2,0.01106743568872996,-0.0006591194373695641,-0.00855525060316215,0.00021788352730483398,-0.005211302293445047,0.0006733498437837837,0.9999861706319556
1741341875.5067554,2,0.011261343561509367,-0.0006444869317586403,-0.008373544100466828,0.000737551413525959,-0.005267970228881616,0.0006658218785246704,0.9999856304911616
1741341875.5233097,2,0.01123354619973051,-0.0006550588956959852,-0.00849442360128931,0.0005242934673981937,-0.005268646312513792,0.0005995516320990744,0.9999858034093454
1741341875.5403128,2,0.011211314789315934,-0.0006663254829723376,-0.00859830166371873,0.0004915142901792739,-0.005321917372659281,0.0005900686059236689,0.9999855436096171
1741341875.556857,2,0.011184626978732952,-0.0006632948636743093,-0.008634831496050642,3.785691595659112e-05,-0.005288032614657764,0.0006848235581026193,0.9999857830462464
1741341875.573438,2,0.011161132392177432,-0.0006594175085092867,-0.008587441768135152,-0.0002940698011268271,-0.005230786200176711,0.000693355106397478,0.9999860357311879
1741341875.5904584,2,0.01109609751768423,-0.0006601313803795918,-0.008566826613080005,-0.0005967153405481837,-0.005261064203509245,0.000697184134318121,0.9999857394325841
1741341875.606749,2,0.011103452125849464,-0.0006537034294158207,-0.008513743990391206,0.00018016588581561886,-0.005232670406638508,0.0006981158710297305,0.9999860495701426
1741341875.6239543,2,0.011236166040928471,-0.0006453185731180875,-0.008398180173239171,0.0006113151539692755,-0.0051446569483273325,0.0007352417824322067,0.9999863090153723
1741341875.640202,2,0.011258189189968413,-0.0006564369448994284,-0.008456452914526036,0.0005105942983220076,-0.005300382474477242,0.00063628734549957,0.9999856200853594
1741341875.6568043,2,0.01119293653520834,-0.0006681693827090694,-0.008607613801820586,0.0005402226120142269,-0.005233954099992519,0.000585592612485242,0.9999859853844457
1741341875.673723,2,0.0111270743234887,-0.0006662028428327526,-0.008699653380211973,-1.1099093498164807e-05,-0.005237750921550682,0.0007293545179098089,0.9999860168442763
1741341875.6903925,2,0.011137513535646267,-0.0006602651575782283,-0.008625037032753285,-0.00039689071503786307,-0.005275970512373679,0.0006954927373550447,0.9999857613500129
1741341875.707153,2,0.011055388835268994,-0.0006648517567559345,-0.008625561266088714,-0.0006041214141507775,-0.005196677460840142,0.0006980063176398674,0.9999860710869255
1741341875.723569,2,0.011108084235307032,-0.0006547289355118511,-0.008511098779002097,0.00011119456176604073,-0.005234144543245608,0.0006737081254442886,0.9999860686449745
1741341875.7405965,2,0.011130743527584634,-0.000651111141576998,-0.008509467750424013,0.0005632244370196078,-0.005128614365943762,0.000805560646688156,0.9999863654895318
1741341875.757169,2,0.011302047416388038,-0.000650380128529574,-0.008390788785525682,0.0006353479322772469,-0.005390939504797767,0.0007511195328393225,0.9999849848491266
1741341875.7738447,2,0.011294370432449997,-0.0006584007852036232,-0.008477209157383567,0.0006999236735095314,-0.005350593364367209,0.0005576007385803962,0.9999852850611937
1741341875.790271,2,0.011169588181180443,-0.0006652866276382882,-0.008656625809682293,0.0002275577238267106,-0.0052671900805088675,0.0006762066739662665,0.9999858737355604
1741341875.8075082,2,0.011100047258145996,-0.0006645871746682133,-0.008680775068574053,-0.0003379632796004501,-0.005294168184224721,0.0006678853519772506,0.9999857056444434
1741341875.8239713,2,0.01107368865344989,-0.0006655704730961573,-0.008604839173821804,-0.00018645699811482673,-0.0050791084423619905,0.000701227671580081,0.9999868379988665
1741341875.8405604,2,0.01107853175052469,-0.0006589551082995969,-0.008544764980958495,0.00024687644650247615,-0.0051638441228979955,0.0006126016337725934,0.9999864491507536
1741341875.8574593,2,0.011134694207718206,-0.000651706041377069,-0.008499175231216379,0.0004050206114782261,-0.0052186563127007216,0.0006944824144198282,0.999986059542217
1741341875.8736763,2,0.011317776526502428,-0.0006477551351350277,-0.008367859017014858,0.0007286444523685415,-0.005391274520760989,0.0006501544859897376,0.9999849901550764
1741341875.8905406,2,0.011256935243799912,-0.0006603886384152072,-0.008518752933088649,0.000630748639534171,-0.005297535021367612,0.0005918579073149652,0.9999855938877663
1741341875.906978,2,0.011114746439598651,-0.000666409332129923,-0.008720332812497213,0.00029230854364676483,-0.0052305971841462365,0.0007334303968768962,0.9999860086464537
1741341875.9239364,2,0.011135141102356298,-0.000659995348127257,-0.008644663171738691,-0.00037423234929652086,-0.005356524035739544,0.000633674612106108,0.9999853829216151
1741341875.9404106,2,0.011177192399640925,-0.0006567555321203095,-0.00849193884547662,-2.7136970783910516e-05,-0.00520593312107145,0.0006695562843674845,0.9999862245142709
1741341875.9570444,2,0.011050381804968793,-0.0006642164282614042,-0.008579977518104034,0.0002474075569779147,-0.005203251881323608,0.0006075638385566113,0.9999862478182099
1741341875.9740877,2,0.011147149812557886,-0.0006516862597604828,-0.008488531270290329,0.0005939920941076159,-0.005160001547183282,0.0006590116030160933,0.9999862935366326
1741341875.9905765,2,0.011241217850211623,-0.0006512004050659515,-0.008451989495037017,0.0005407585612523648,-0.005281213130978706,0.0006978853783395078,0.9999856645592687
1741341876.007329,2,0.011256780794300465,-0.0006578504758823153,-0.00851445475110167,0.0006706786647992928,-0.0052630790119091615,0.0005889357019924423,0.9999857515705821
1741341876.0238955,2,0.011124068252178695,-0.0006635710097350364,-0.008707240196144949,0.00029871434966773113,-0.005223347812466451,0.0006950178917568188,0.9999860720817552
1741341876.0408247,2,0.01117768667545732,-0.0006586182525045698,-0.008603055438814506,-0.00041614974335539334,-0.005338050396262629,0.0007484826915105514,0.9999853857987219
1741341876.0573044,2,0.011178131312584962,-0.0006601597538868674,-0.008498269724356949,-0.00013376274019494171,-0.005349281501988792,0.0006390890089997587,0.9999854793246652
1741341876.073904,2,0.010975705914529843,-0.0006673429136028763,-0.008671422773092286,0.0001110022950666614,-0.00516818542607816,0.0007122382834347564,0.9999863850345763
1741341876.0908086,2,0.011089089361893059,-0.0006523106477923364,-0.008552326720894909,0.00045898490264330554,-0.005203069701009822,0.0006769770891395572,0.9999861294540872
1741341876.107378,2,0.011263239562411629,-0.0006487388321805092,-0.008417949737791612,0.0003086561038127029,-0.0053028613360830935,0.0007377581107213838,0.9999856199496221
1741341876.1240335,2,0.011290689224196087,-0.0006576851386748037,-0.008467254318732102,0.0007311348058372203,-0.0052692656094914985,0.0005271732288231871,0.999985711083023
1741341876.1409168,2,0.01118037363376159,-0.000663832698460735,-0.008637985948606203,0.0003859167888564302,-0.005284073144963416,0.0006778617366767216,0.9999857349696027
1741341876.1572962,2,0.0111755895127412,-0.0006591963101147759,-0.008605790568025002,-0.0002763581704733957,-0.005341336949527142,0.0006004948640583573,0.9999855164709495
1741341876.174037,2,0.011228421069616345,-0.0006552552099090967,-0.008448445146574808,4.453843987392574e-05,-0.005579747983287001,0.000554495726040477,0.999984278358045
1741341876.1910415,2,0.011014821267916768,-0.0006636878678715012,-0.0086296576947517,0.0001358023978877222,-0.005197014831268138,0.0006885120190389394,0.9999862491783335
1741341876.208375,2,0.011140830106395107,-0.0006506431157458948,-0.008491640545065458,0.0004773910655836417,-0.005147682344127061,0.0006541801538608803,0.9999864226641183
1741341876.2247102,2,0.011216677103385232,-0.0006542635527905688,-0.008466321407599424,0.0004004017385705453,-0.005244613071012001,0.0006689599496240148,0.9999859430035848
1741341876.2412758,2,0.011247774836122432,-0.0006603595574863534,-0.008507058975175926,0.0006064833225864835,-0.0052525116226520814,0.0006945819845031464,0.9999857803266504
1741341876.257359,2,0.011190642502259384,-0.0006624805193775184,-0.008624811333982511,0.00039938342304176043,-0.005225263768475224,0.0006165987583494852,0.9999860783617953
1741341876.27436,2,0.011208034303562252,-0.0006575187864353144,-0.008575723420115105,-0.0002522928692191129,-0.005376524601613456,0.0006518459256505794,0.9999853021061887
1741341876.2906878,2,0.011189307780274368,-0.0006595693061429301,-0.008495893120359546,-0.00021123293328264816,-0.005356661017721903,0.0006442270892856075,0.9999854231611811
1741341876.3073773,2,0.011037311914338335,-0.0006639258775108296,-0.008607238137896423,0.00016089756936607568,-0.005173985836198051,0.000597107669510654,0.9999864236303261
1741341876.3242557,2,0.01112927996117637,-0.0006521719988063585,-0.008500021911914016,0.0003488542174838103,-0.005216651600992284,0.0006486817761004974,0.9999861219330808
1741341876.3409386,2,0.011178950628118346,-0.000655200315958322,-0.008499086732794486,0.00019955436094550553,-0.005282684618349117,0.0007151517249301016,0.9999857708884115
1741341876.3575952,2,0.011296354961887325,-0.000657346577144908,-0.008442003283683955,0.0006891441774322292,-0.005322731492036002,0.0006538549863697608,0.9999853829348823
1741341876.3741221,2,0.011138647988585194,-0.0006648981828288095,-0.008688289335259653,0.0004988653363719018,-0.005170068806196916,0.0005989798323877748,0.999986331279121
1741341876.3911035,2,0.011259629088136913,-0.0006526372373321596,-0.008520735487450158,2.0763365765835592e-05,-0.005320023087312027,0.0007376190634937197,0.9999855763166537
1741341876.4077055,2,0.01118121642851067,-0.0006620951563211437,-0.008512999442809428,-0.000413405078697465,-0.005434792950970295,0.0006718007209976692,0.9999849202891073
1741341876.42427,2,0.011071862159067778,-0.0006629301233858747,-0.008565201724406585,0.0005283868839496448,-0.0052419335611391185,0.0006886145568332956,0.9999858842752899
1741341876.4410484,2,0.011138146801570754,-0.0006502347775719312,-0.008484134109050228,0.0003792566638489795,-0.00526068415134408,0.0006457246384500079,0.9999858821035095
1741341876.4575028,2,0.01126243612756829,-0.0006498475599100411,-0.008392101796938837,0.0004174149106491632,-0.005428128190242976,0.0007470454267949279,0.9999849014421532
1741341876.4743752,2,0.011296852280034592,-0.0006550121697063917,-0.00843358964592542,0.0006013814815595112,-0.0052770229265836415,0.0006095308996817574,0.9999857098186095
1741341876.4910274,2,0.011139027724449836,-0.0006628970823971467,-0.008683825501279411,0.00035213531411749455,-0.005231222416195409,0.0006968181897603014,0.9999860122807536
1741341876.507791,2,0.011298427193660929,-0.0006494954570105115,-0.008475894561336642,1.4807341078766275e-05,-0.0053969513181003305,0.0007063340849013675,0.999985186784971
1741341876.5245752,2,0.011105324088382983,-0.000667781484609796,-0.0086018905966122,-0.0006149450001097131,-0.005390394000498178,0.000725110449921432,0.9999850197427967
1741341876.541234,2,0.011125303745646329,-0.000658195778044632,-0.008505325585511593,0.0002082750156451438,-0.005209006191072014,0.0006885753773463891,0.9999861742744092
1741341876.5578387,2,0.011145009412876845,-0.0006505693129190762,-0.008477020975781034,0.0003004043217324172,-0.005263426212075671,0.0006895222700204186,0.9999858652305005
1741341876.5744965,2,0.01128679119291543,-0.0006488152388145618,-0.008353033715407234,0.0004155347860160634,-0.005329126298824733,0.0006978720511663553,0.9999854702536097
1741341876.59133,2,0.011226480805937246,-0.0006590875435072073,-0.008504590673371008,0.00043121296443228066,-0.005258046593910078,0.0005964106217184798,0.9999859055485562
1741341876.6077764,2,0.011219207984073488,-0.0006594034328462439,-0.008583605861208347,0.00024246823897547553,-0.005239724495297515,0.0005844847564019825,0.9999860723399782
1741341876.6245356,2,0.01127974493537115,-0.000651782201574915,-0.008495148281073582,-0.0002475667678456133,-0.005380303599180571,0.0007006651029531661,0.9999852499473627
1741341876.6410782,2,0.011175694411487596,-0.0006597664808654576,-0.008529922030624583,-0.0005459358840911065,-0.005328652825740761,0.0005687234897689315,0.9999854918780898
1741341876.6578953,2,0.011023674062759932,-0.0006672912401741482,-0.008635342399954905,-0.00013049076502659286,-0.005115227173341919,0.0006528264079427055,0.9999866955318988
1741341876.6744769,2,0.011184677867578612,-0.0006467820946777066,-0.008430996546682803,0.00031466905557489143,-0.005278750044669392,0.0006911577526460419,0.9999857789400368
1741341876.6911902,2,0.011276607174147862,-0.0006482999211583611,-0.008352030525884527,0.0005540714535389555,-0.005175007454702633,0.00070795044566165,0.9999862054592726
1741341876.7077942,2,0.011334240177322076,-0.0006518943785807104,-0.00836858231933869,0.0005753025370726912,-0.005348094749995006,0.0006581851133950484,0.9999853167431473
1741341876.724422,2,0.011239176846388907,-0.0006552818256387501,-0.008560040484145838,0.0003564119478313898,-0.005293352039414611,0.0006147498020375607,0.9999857376369882
1741341876.7416172,2,0.011312019462164102,-0.0006494929773672865,-0.0084630199571449,-3.2462251249327985e-05,-0.005432413020376889,0.0006752129293589344,0.9999850158489768
1741341876.757879,2,0.011130739473023173,-0.0006659354722857215,-0.008589028693676759,-0.0008210543291089774,-0.005277388305776011,0.0007528382079387056,0.9999854540327531
1741341876.7745044,2,0.011007554045319268,-0.0006677967196485452,-0.008658968223489969,-0.00027807050818913536,-0.005108775071733638,0.0006603851028849888,0.9999866934042547
1741341876.791556,2,0.011205362758547114,-0.0006425048306940976,-0.008403874258280273,0.0002398377460522028,-0.005289049448715615,0.0006639462528386121,0.9999857637032429
1741341876.8080366,2,0.011294528316428102,-0.0006458317053793807,-0.008328123498234247,0.0006554490227958646,-0.005213500244860687,0.0006513660432076441,0.9999859826637837
1741341876.824618,2,0.011201719075218271,-0.0006612890893377462,-0.008523768674233986,0.0005689269592340572,-0.00526842600410937,0.0006273615568118814,0.9999857631121711
1741341876.8411915,2,0.0112281952357315,-0.0006565516955110855,-0.008572574082181076,0.00037012003795773156,-0.005286155648895189,0.0006224295651560198,0.9999857659742211
1741341876.8581274,2,0.01134235480709336,-0.0006494512653901922,-0.008428241397645343,-8.802966175978355e-05,-0.005354047097866728,0.0006796899840868608,0.9999854321198774
1741341876.8749633,2,0.011169957323051878,-0.0006626421577968077,-0.008546692767005537,-0.00037860921399680885,-0.005267339241548891,0.0006752735115220231,0.9999858277986053
1741341876.8914924,2,0.01106126655740359,-0.000661539474210215,-0.008607684844073153,-0.0003527411485242296,-0.005149405735401057,0.0007114416474682996,0.9999864264303974
1741341876.9083018,2,0.01123787570038298,-0.0006429553356746894,-0.008371322874793795,0.0003628508386359236,-0.005323204463023469,0.0006671736660154252,0.9999855432519077
1741341876.9247508,2,0.011340797435113265,-0.0006452972717578073,-0.008273301714717856,0.0003984511715470855,-0.005270676218161574,0.0006940424510357283,0.9999857896560047
1741341876.941485,2,0.011237365059968786,-0.0006593857193474772,-0.008476029163507287,0.0008263562877480017,-0.005300973412890623,0.0006204343856766334,0.9999854158323183
1741341876.9587908,2,0.011203301640812272,-0.0006560687126960523,-0.008590898003986347,0.00027239689271604746,-0.005239566486489649,0.0006091292176564852,0.9999860507549906
1741341876.9746797,2,0.011308805773331172,-0.0006510401863614422,-0.00846595635720087,-0.00011370115567796085,-0.00538178258923908,0.0006290183818768408,0.9999853138042001
1741341876.9913676,2,0.0112098010549532,-0.000662743223219946,-0.008515429909588762,-0.000328929905852833,-0.0053313577818400555,0.0007934432442268138,0.9999854193322707
1741341877.0083618,2,0.011040034947359787,-0.0006656243621345091,-0.008646507965687994,-0.0003948899608990754,-0.005171071115487691,0.0007213865788194998,0.9999862917494626
1741341877.0246582,2,0.011155046302838536,-0.0006476904158672972,-0.00846708471332638,0.0003309406406319609,-0.005261173501509991,0.0006735493316017204,0.9999858783317779
1741341877.0414865,2,0.011268377521767136,-0.0006490234492252272,-0.008346999547615955,0.0004667371485730194,-0.0052150982317002055,0.000639084835221611,0.9999860881419508
1741341877.0581017,2,0.01125705719226061,-0.0006560525213713207,-0.008446541176880476,0.0008446187511479421,-0.005276864694178099,0.0005649119122241564,0.9999855609921056
1741341877.0747855,2,0.011194078732195634,-0.000658843507081442,-0.008604186065406553,0.00033848558891597346,-0.005210263111648207,0.0006170533072531736,0.9999861788200023
1741341877.092,2,0.011365390223708902,-0.0006490894508338651,-0.008409300037172728,-4.203682991949812e-05,-0.005314129686126758,0.0007017389078140696,0.9999856328073365
1741341877.1087217,2,0.011242901757653164,-0.0006597155931150758,-0.008487368876753375,0.0002881073600891154,-0.005230399656874926,0.0005659270746251627,0.9999861197237312
1741341877.124947,2,0.011049162725571974,-0.0006661734995639037,-0.008642442748773753,-0.00019903366492312762,-0.0051907063385698005,0.0007026335705268732,0.9999862615353134
1741341877.14212,2,0.011226994948830962,-0.0006436839178279533,-0.008380899627353177,0.0006457980777918652,-0.005312304077204565,0.0006064265306306227,0.9999854972033829
1741341877.1582377,2,0.011207455642574086,-0.0006555530620109599,-0.008418763699067744,0.00048564399384892293,-0.0051698812717873984,0.0007242205244752151,0.9999862558966393
1741341877.1752827,2,0.011264668599791609,-0.000655342884741392,-0.008441319599311404,0.0007260787802653774,-0.005365863913454675,0.0006325388847063645,0.9999851399939033
1741341877.1918936,2,0.011178553218026478,-0.0006602192358893643,-0.008625231808924008,0.00022550096202005664,-0.0052136651251338964,0.0006432348821618332,0.9999861764515375
1741341877.2088761,2,0.011322820205047058,-0.000650979680985001,-0.008457398042357307,-7.331391566359176e-05,-0.005317102771353468,0.0007021204128645046,0.9999856149315922
1741341877.2253838,2,0.011226007884027573,-0.0006568857718010317,-0.008508517130155263,8.590011478992208e-05,-0.005186140115944812,0.0005673613884365275,0.999986387243808
1741341877.241818,2,0.011214085506674874,-0.0006556242722101926,-0.008460944496846697,-0.0001646649073272336,-0.005388770843904662,0.0006329035056988551,0.9999852666251701
1741341877.2586262,2,0.011157258065110944,-0.000653040687575458,-0.008470598413530985,-5.68411506510869e-05,-0.005181499848797167,0.0006522601206972525,0.9999863615995647
1741341877.274924,2,0.011195221629031743,-0.0006501350636804092,-0.008427845143492263,0.0005496287859177803,-0.005198520319794813,0.0006390697057240257,0.9999861323461409
1741341877.291602,2,0.011295064416115734,-0.0006470308651606978,-0.008393625752952358,0.0006067180300383795,-0.0053953979090441235,0.0006574671913023149,0.999985044543931
1741341877.3086448,2,0.011363692928470009,-0.0006454244026795787,-0.008399969914192553,0.00037839835462555793,-0.005360145344823546,0.0005858489004618444,0.9999853911121069
1741341877.3253179,2,0.011275569643318597,-0.0006563335822980676,-0.008514218663622357,5.711999905687073e-05,-0.005272930934509205,0.0006239153305994362,0.9999859017337823
1741341877.3421261,2,0.011258957240928798,-0.0006596051591587393,-0.008482907868381333,1.3504320152771848e-05,-0.005265329901594119,0.0005480785709278313,0.999985987766099
1741341877.3587294,2,0.011181996048371057,-0.0006586919517429105,-0.008503160683377779,-6.118669583055983e-05,-0.00533704421274692,0.0006797129639584323,0.9999855249980102
1741341877.3758175,2,0.011100534273332971,-0.000653061867270088,-0.008533222686654037,0.00020696031965522144,-0.005191473721941662,0.0006576628782668026,0.99998628652975
1741341877.392441,2,0.011243465004717507,-0.0006447993042896859,-0.008369505410183052,0.0005235768953347597,-0.005238711751913944,0.0006306373290766766,0.9999859419326725
1741341877.408743,2,0.011266367054178434,-0.0006539149128554149,-0.008429984626961795,0.0005891707916054903,-0.005335042837917481,0.0006915230963958779,0.9999853558885266
1741341877.4251852,2,0.01129902978859341,-0.0006539244266878423,-0.00847004834653336,0.0007020513105795903,-0.00533349148386921,0.0004689759909215925,0.9999854204207523
1741341877.4422724,2,0.01132312888146507,-0.0006521630410496558,-0.008453699219533737,-5.497931777179164e-05,-0.005358190264050298,0.0006313986534474462,0.9999854439491153
1741341877.4592278,2,0.011183704584180217,-0.0006629541863784024,-0.00856504424759306,-0.00010815813953126523,-0.0052200709266757095,0.0005690044940580135,0.9999862076024963
1741341877.4754412,2,0.011125539689661726,-0.0006596675251142229,-0.008570586093623635,4.308190673377579e-05,-0.00537106512160326,0.0007432647879176981,0.9999852985723658
1741341877.492044,2,0.011170227052921438,-0.000648629243136677,-0.008462392149816117,2.8532179511538024e-05,-0.005182938511884486,0.0006848923197884525,0.9999863335350174
1741341877.5087311,2,0.01125162382489461,-0.0006514031190142027,-0.008370431934628688,0.0004565316364110611,-0.005193477054915851,0.0006513317560997082,0.9999861974756894
1741341877.5255277,2,0.011196827701414584,-0.0006630255183558613,-0.008494083503834354,0.0004829925889081546,-0.005272766030821982,0.0006268957777755987,0.9999857857280908
1741341877.5420337,2,0.01118292946515001,-0.0006567305891479295,-0.008581204612147293,0.00031200457326104996,-0.0052235786120966,0.0007144456144233521,0.9999860531262891
1741341877.5591571,2,0.011310818433180247,-0.0006494648028393627,-0.00845830004973273,0.00012133482225330388,-0.005289023277824371,0.0006481756189954934,0.9999857955886147
1741341877.5754828,2,0.011217955519812894,-0.0006607061869211176,-0.008542714173734648,0.0001392403700731982,-0.0052390546020527565,0.0005039498086668283,0.9999861393807348
1741341877.5921628,2,0.011066892883306107,-0.000661597629793426,-0.008654308313170486,-0.00017225059603612073,-0.005215303421854634,0.0006644006269145769,0.9999861646601702
1741341877.6091366,2,0.011191975627927545,-0.0006480963098646337,-0.008437378690449755,-7.746342880715183e-05,-0.005217700099179488,0.0006248611376498091,0.9999861894814602
1741341877.625811,2,0.011230432461761893,-0.0006518692116470148,-0.008375952887708399,0.0004840528227825942,-0.005322166650325438,0.000555034806633079,0.9999855659815167
1741341877.6424155,2,0.011087057041617786,-0.0006669094143589851,-0.00860010795210311,0.0003124038881651452,-0.005231061198464486,0.000738821160027261,0.9999859961748674
1741341877.6588104,2,0.011327122944193913,-0.0006445822174756332,-0.008410570626258116,0.0005150805085050746,-0.005365336986080873,0.0006412206438693872,0.9999852682350783
1741341877.6756508,2,0.011342888976696856,-0.0006533401118132059,-0.008435520182622235,0.0001740093139735327,-0.005287122921400473,0.0006837194595966341,0.9999857741886498
1741341877.692268,2,0.011195463366074613,-0.0006624564185525089,-0.008568889242371513,-0.00018575844618039982,-0.0052666167082259735,0.0005760008646844474,0.9999859481338986
1741341877.7088425,2,0.011126699861390126,-0.0006562839173690019,-0.008567340467133056,-0.00018471821635534843,-0.005330825263560057,0.000660656251371266,0.9999855557529357
1741341877.725545,2,0.01123891613267898,-0.0006428321647293869,-0.008366334944844586,0.00043089152489285995,-0.005395379160360836,0.0006106638198918621,0.9999851655429238
1741341877.7421994,2,0.0112268748270469,-0.0006507692525602483,-0.00837742688304669,0.00016971575558949852,-0.005290992230359363,0.0006909202303455451,0.9999857495119697
1741341877.7588413,2,0.011161022957985801,-0.0006565861119375826,-0.008524931933421612,0.0003876246304146757,-0.00519128765501737,0.0006497424683315798,0.9999862389624937
1741341877.7755644,2,0.011341360172112357,-0.0006443766998950369,-0.008397640214445936,0.0006612351605312428,-0.0052821426083476605,0.0005859710787733295,0.9999856590848804
1741341877.7929955,2,0.011315334207552392,-0.0006529172989104793,-0.008455563079681771,0.00013487016336761532,-0.005281711065983984,0.0006136745147183086,0.9999858542708715
1741341877.8088632,2,0.011210753568653349,-0.0006604148756920548,-0.008532412175416781,-0.00018043837170341612,-0.005233834442020269,0.0005807077017030005,0.9999861185024483
1741341877.8256576,2,0.011240660421359834,-0.0006514217655166563,-0.00843489302927287,-3.4777351233585344e-05,-0.00536087581461964,0.0006749398013247111,0.9999854020220998
1741341877.842526,2,0.011215753557166992,-0.0006525222815394984,-0.008414049097569272,-0.00014559460331485278,-0.0052840799699620635,0.0007015470038007261,0.9999857824653728
1741341877.8591728,2,0.011118116490691929,-0.0006596791629785983,-0.008512408438950783,0.00042409615415808956,-0.005241435815757137,0.0006129949895074151,0.9999859857668928
1741341877.8755207,2,0.011260782500952946,-0.0006458108369471876,-0.008392061088883828,0.00026228710287547907,-0.005351824016719989,0.0007671804277141662,0.9999853502023722
1741341877.892417,2,0.011292924619921494,-0.0006454885582933386,-0.008430189100188541,0.0002422199151848788,-0.00526998960899128,0.0006908214413702159,0.9999858455522108
1741341877.9097137,2,0.01133863344477208,-0.0006509183684586608,-0.00841978844655007,0.00035460203732337104,-0.005327689895653828,0.0006054561401815419,0.9999855615960829
1741341877.9261508,2,0.011222020279266411,-0.0006595695703202959,-0.008532843684536563,0.00010034863051438629,-0.005190844195417128,0.0005575771205395615,0.9999863669942936
1741341877.9424071,2,0.011091893431784296,-0.000662949362195153,-0.008632984619473146,-0.0004303174573916144,-0.005205544556869319,0.0006784422518974664,0.9999861283282199
1741341877.9596965,2,0.011059639967757658,-0.0006592641729166384,-0.008598626103537677,-0.0003130116617884925,-0.005177854468713895,0.0006938213735123984,0.9999863051355764
1741341877.9758542,2,0.011202171380281331,-0.0006460210464143959,-0.008400461557201505,0.0002159446131213721,-0.005280872554730845,0.00067166354416522,0.9999858072098164
1741341877.9927754,2,0.011243693647478452,-0.0006488183207470752,-0.008403636463041183,0.00030106054804770517,-0.005284522820900394,0.0007468175479773156,0.9999857126202613
1741341878.0093012,2,0.01125386411580959,-0.0006547148759958309,-0.008477689839687283,0.0003686076631891573,-0.005263684677558629,0.0006090427375189141,0.9999858933099754
1741341878.0262043,2,0.011307842848783034,-0.00065437918799217,-0.008462524609759338,0.00044789775472975433,-0.005327836604946261,0.0004737818601408439,0.9999855944339705
1741341878.043062,2,0.011222281589729873,-0.0006602578287629378,-0.008538767108649311,0.00023270256387575362,-0.005296409645803015,0.0005421491582452926,0.9999857998835138
1741341878.0596364,2,0.011128346666194657,-0.0006583587343149956,-0.008588761382029955,-0.0004115246560067876,-0.005236790355984544,0.0006698995191348361,0.9999859788561334
1741341878.0760593,2,0.011115455288162997,-0.0006523349676503868,-0.008533006108443241,-0.0003026537933497737,-0.0051929650408110315,0.0006749829488563384,0.9999862428617631
1741341878.0925984,2,0.011294515128178823,-0.0006424177089504982,-0.008299282660254889,0.000406832823578589,-0.005333475095461463,0.0006346724906318408,0.9999854927554147
1741341878.109436,2,0.011221694752654193,-0.0006584647550514566,-0.00843665993278265,0.0004066442149156088,-0.005343172443260771,0.0006892549414506268,0.9999854049316668
1741341878.1261091,2,0.011239008760664951,-0.0006527084520999604,-0.00849207261968767,0.0003323402695012211,-0.005187850743114741,0.0006179880883516826,0.999986296828779
1741341878.1430159,2,0.011265843598289024,-0.000653874556635229,-0.008501346832966928,0.00042315086456459983,-0.005259512960130232,0.0006349915203412847,0.9999858775265464
1741341878.1593304,2,0.011316493782493749,-0.0006539569223134566,-0.008432309216368235,0.0002872273030341447,-0.0053368222209889075,0.0006241888138755646,0.9999855230038995
1741341878.1760366,2,0.01111130985100318,-0.0006619428626772047,-0.008625121947123341,-0.0001916389661245786,-0.0052557404957777045,0.000673999054959512,0.999985942997011
1741341878.1926775,2,0.011098586864395073,-0.0006559569899397514,-0.008567502481141766,-0.00042698187172188857,-0.005211745176806612,0.000728614339380884,0.9999860621627872
1741341878.2094293,2,0.01128097177963006,-0.0006445688626161033,-0.008317287752493317,0.00030099187919416427,-0.00534887264414138,0.0006483505300342978,0.9999854391974494
1741341878.2261918,2,0.011206504383864595,-0.0006551207414092788,-0.008445931775006703,0.0003206227119636049,-0.005291041270813421,0.0007229660257534535,0.9999856895993426
1741341878.2429507,2,0.011249480580340645,-0.0006512002833741468,-0.008474370649252917,0.0003435858101954981,-0.005255425909831276,0.0006654394513180084,0.999985909719549
1741341878.2596202,2,0.011327193083188344,-0.000652223652647485,-0.008435726798626897,0.0003179268397413524,-0.005327164348875525,0.0005245379658623607,0.9999856224478665
1741341878.2760117,2,0.011241480223713126,-0.0006640542425118271,-0.008543192533499555,0.00018226872828200333,-0.005258616495892107,0.0006022145459809283,0.9999859754358059
1741341878.2930245,2,0.011260232779755037,-0.000650394424605568,-0.008462497482371762,-9.581387899322478e-05,-0.005329598482615099,0.0006686035866711967,0.9999855694803593
1741341878.309341,2,0.01110707237431197,-0.0006589020507859786,-0.00856107312998084,-0.00036242488020961594,-0.0051906657786107355,0.0006853683005518798,0.9999862278588009
1741341878.3264046,2,0.011153339273149009,-0.0006595123710189343,-0.00846894072059688,0.0003638964836941301,-0.005269317291954735,0.000668497154265507,0.999985827392659
1741341878.3429894,2,0.011153294619382442,-0.000659025065294762,-0.008512359351969267,0.0004058649889655807,-0.005205047451228562,0.0007807720558928205,0.9999860664777475
1741341878.359692,2,0.011287833038142231,-0.0006453440193098289,-0.008429303566865777,0.0005272717560522205,-0.005326687329779793,0.0006240488053528677,0.999985479369413
1741341878.3767133,2,0.011294097442248806,-0.0006559755658832833,-0.008479660470467068,0.0004679275255113469,-0.00528603998021083,0.0005686831715055764,0.9999857576108817
1741341878.3928566,2,0.01120799850586525,-0.0006624609558434911,-0.008580365461834655,0.00010721736608950695,-0.005179457055985497,0.000582948449832799,0.9999864108577408
1741341878.4097707,2,0.011220530563375863,-0.0006516629911994268,-0.00850771807269904,1.4178820679189659e-05,-0.005268330178574893,0.000657331205145347,0.9999859061065697
1741341878.4263031,2,0.011161506687700353,-0.0006577229401970906,-0.008506916127666764,-0.00030787830186169496,-0.0051785118900085384,0.0007030221133254377,0.9999862968988447
1741341878.4429574,2,0.011167320002364613,-0.0006593824043300947,-0.008457175161954324,0.00022491719870837944,-0.0052176479639077095,0.0006387804490627492,0.999986158664967
1741341878.460151,2,0.01103991478044776,-0.0006638419766716555,-0.008639007887966585,0.00013362103987212914,-0.005069262614609108,0.0007634725491868967,0.9999868508293639
1741341878.4762893,2,0.011313908458990619,-0.000643675616669269,-0.008387756193466765,0.0005532867454843454,-0.005372585679193781,0.0006931029778026556,0.9999851742926787
1741341878.4935362,2,0.011274251944738412,-0.0006567510655981026,-0.008490643850248043,0.0005577200419913367,-0.005345585027004971,0.0005751918638751856,0.9999853913049899
1741341878.5097206,2,0.011199537898852719,-0.0006605302827782436,-0.008586527595666525,9.332679605982191e-05,-0.005267546422831064,0.0006091800305479712,0.99998593647335
1741341878.5263526,2,0.01125182620253643,-0.0006485398578514932,-0.008476439761568777,0.00025406062257695203,-0.005300698360311873,0.0006507850240361929,0.9999857071623302
1741341878.5429783,2,0.011219408283405263,-0.000652537131148461,-0.008446394454523526,-0.00024768531832336044,-0.005404710564492969,0.0007166868391427257,0.9999851069469344
1741341878.5596611,2,0.011136625330574168,-0.0006561426417415845,-0.008491466531408627,0.00030202767046531143,-0.005203817201712759,0.0006363756847125632,0.9999862119508476
1741341878.5762093,2,0.01118433702674855,-0.0006498867873488226,-0.008459474503602732,0.0003620315042546319,-0.005156025290575606,0.0006885617615447855,0.9999864050171349
1741341878.5930972,2,0.011263672776972768,-0.0006516947125478508,-0.008435519706963466,0.0004751881498388666,-0.005364375721045571,0.000677531924414601,0.9999852692014204
1741341878.6101353,2,0.011296519820590198,-0.000655758870742187,-0.008454871243567974,0.0005578827164314616,-0.005259035877245122,0.0005728411404574657,0.9999858514806819
1741341878.626892,2,0.011235753127722323,-0.0006557991111898442,-0.008538329971733078,2.293323435162641e-05,-0.005254270116030515,0.0006583850941775674,0.9999859792260501
1741341878.6433342,2,0.011201972786958836,-0.0006548512901071676,-0.008536627428821334,6.272557203908265e-05,-0.005157879635566781,0.0006525201307126645,0.9999864831889712
1741341878.6599195,2,0.011128943166881466,-0.0006590923135510365,-0.008552841610038893,6.718158843779601e-05,-0.00525233359179242,0.0007072614592087324,0.9999859540312069
1741341878.676768,2,0.011122379047711281,-0.0006545415318509473,-0.00850540311547712,0.00021507886188243768,-0.005232599212645865,0.000719269288366659,0.9999860280515191
1741341878.6931849,2,0.011208855140343331,-0.0006477489308850307,-0.00841801010119261,0.0004592092920157264,-0.005153020353734384,0.0006770366293303327,0.9999863884720945
1741341878.7097964,2,0.011188002098016264,-0.0006584010102872848,-0.008515302330905949,0.0004264565055716502,-0.005295436087184599,0.0006658950191157063,0.9999856664349339
1741341878.7267442,2,0.011259368371768733,-0.0006564710430594941,-0.00849401489913455,0.0005345445398684274,-0.005268616850692363,0.0006093283485318025,0.9999857922278592
1741341878.7433755,2,0.011169342145832045,-0.0006635705555581188,-0.008617722970546233,0.00011646123638004155,-0.005219135140443519,0.0006205364854523414,0.9999861809043346
1741341878.7600398,2,0.01120481236859832,-0.0006582172931953699,-0.008535870318911508,9.935669788019735e-05,-0.0052212375686521715,0.0005997535354346532,0.9999861844556628
1741341878.7765598,2,0.01105431343141462,-0.0006652850574835418,-0.008643074544113737,-0.00029229850932040624,-0.0053203862513855745,0.0007431395929903298,0.9999855277929091
1741341878.7933278,2,0.011118508949675978,-0.000655932462436229,-0.008509156267557489,0.0002507439989243709,-0.005232718978519907,0.0006446159605815259,0.9999860700278791
1741341878.8102503,2,0.011172557903339046,-0.0006554765929016466,-0.008461615909867631,0.0003782981729737826,-0.0051768359395498115,0.0007143954581206392,0.999986273355428
1741341878.826761,2,0.011136336250694507,-0.0006623346038745852,-0.008571299202896702,0.0002319317788847707,-0.005226894753416349,0.0007564517727556221,0.9999860266821743
1741341878.843745,2,0.011222590185645297,-0.0006561619872544226,-0.008529158669981642,0.0003275288626480841,-0.005180224578133889,0.0006641787558999048,0.9999863083386414
1741341878.860067,2,0.011230185924091078,-0.0006587089846092589,-0.008543205628980888,0.0003480656371004688,-0.005306379975110798,0.0005733847312447572,0.9999856961036103
1741341878.876724,2,0.011175022660433348,-0.0006612158675469177,-0.00857221236840911,-3.319176243309301e-06,-0.0051685490173421465,0.0005910276736607595,0.9999864682966102
1741341878.8934336,2,0.011134857165755718,-0.0006582538668016438,-0.008549623370400336,-7.834150279091788e-05,-0.005270988948953033,0.0007436554747099674,0.9999858286569085
1741341878.9098938,2,0.01118355998570039,-0.0006543428978011018,-0.00843662651710355,0.00033775359651083567,-0.005292607326318595,0.0006549085835494585,0.9999857225605497
1741341878.9266999,2,0.011069060622608139,-0.000665543613227459,-0.008583206230269837,0.000293895329287444,-0.0051142043857057475,0.0007585927904298419,0.9999865914481129
1741341878.944005,2,0.011145771122560764,-0.0006548223672056935,-0.008551772588867761,0.00021898256357885627,-0.005205030903571974,0.0006749535012713437,0.9999862019736577
1741341878.9606695,2,0.011253589762882979,-0.000651100290909148,-0.008486351388718949,0.0003665101584702436,-0.00526796323543162,0.0006473942185451852,0.9999858474570427
1741341878.976969,2,0.011217654908621954,-0.0006620309281858759,-0.008562194120789585,0.00037159002180417065,-0.005282689974239146,0.0005786024983251868,0.9999858100626431
1741341878.9937313,2,0.011076414620362412,-0.000667222095959707,-0.008696572483901812,-0.00010780750471851008,-0.0051391735470055645,0.0006689942823353726,0.9999865647694702
1741341879.0100696,2,0.011207399581879616,-0.0006535634369527461,-0.008471980626566011,-2.3069795682425785e-06,-0.005458529598530824,0.0007547921309990351,0.9999848172538115
1741341879.0274708,2,0.01111350897720848,-0.0006630349317085155,-0.008522085422775308,5.927483765285258e-05,-0.005127944166370844,0.0006796807682972452,0.9999866192650646
1741341879.0438623,2,0.011041270623210652,-0.0006647147683922766,-0.008610497978242485,0.0003304321615736907,-0.005048773036599328,0.0005844762346664643,0.9999870294623538
1741341879.0601177,2,0.011123963022138939,-0.0006554813172950816,-0.00857090003021213,0.0003257676449402566,-0.005168766116064618,0.000705291129476085,0.9999863400550538
1741341879.0771737,2,0.011298366186079347,-0.000650756685649495,-0.008437640381546443,0.00036280550132609187,-0.0052582201377914875,0.0006126446832046542,0.9999859219807262
1741341879.0934157,2,0.011205992261676016,-0.0006616737276635269,-0.008576213421401661,8.17762578561423e-05,-0.005261687396701751,0.000653687319364648,0.9999859402267972
1741341879.1102428,2,0.011088569445818123,-0.0006638993953499093,-0.0086770894180679,1.798472143975975e-05,-0.005121704137108663,0.000609206230098037,0.9999866982570573
1741341879.1268017,2,0.011244150154168282,-0.0006507216312350608,-0.008429841755431725,-0.0002723770019127813,-0.005369640315273498,0.0007492770578856883,0.9999852655702202
1741341879.1435447,2,0.01110045322600614,-0.0006607348120549769,-0.008547790928439327,-3.264598637526081e-05,-0.005146188124348023,0.0006733753824851593,0.9999865310331048
1741341879.1601927,2,0.011085068370103,-0.0006545904302274889,-0.008564864750022654,0.0003189619829536044,-0.0050686894607121,0.0006528431990127956,0.9999868901371466
1741341879.1770291,2,0.01119153114992284,-0.000650356065722353,-0.008492216959214123,0.00035336949287192597,-0.00518560947201198,0.0007434116471154673,0.999986215866763
1741341879.193916,2,0.011261864166100402,-0.0006574866002913931,-0.008470847457590126,0.0001860518053100267,-0.005261890395438367,0.0006379860065732557,0.9999859353351164
1741341879.2105792,2,0.011224910897370979,-0.0006641041704465905,-0.00854681604530032,0.00040887227064352415,-0.0052947603434391815,0.0006051643939863702,0.999985715954197
1741341879.2270381,2,0.011126169130394414,-0.0006637185416168643,-0.008639027570459253,3.0535326233755184e-05,-0.005144025058418398,0.0005788473458207488,0.9999866014150102
1741341879.243727,2,0.011178083751983222,-0.0006591854581246326,-0.008526760718997533,-3.0294582387698798e-05,-0.005204686413818066,0.0005973459763026104,0.9999862766555133
1741341879.2604237,2,0.011048439174374942,-0.000664288514172588,-0.008618861939300932,-0.00021821667513261951,-0.005146581688321718,0.0007369472213030442,0.999986460901947
1741341879.2774525,2,0.011078600275586764,-0.000656752365447757,-0.00856697971068291,0.00015230587249381668,-0.005095947940591649,0.0006984481022848481,0.9999867600562302
1741341879.2940497,2,0.01120503562916536,-0.0006530380469067776,-0.008470816864471077,0.00023757830683563135,-0.005200722221835762,0.0006792092950347291,0.9999862172648446
1741341879.310815,2,0.011293870281335628,-0.000654395692152453,-0.008425590146020312,0.00037940761414704963,-0.005291012152670156,0.0005600234826573558,0.999985773705787
1741341879.3274214,2,0.011255828116901052,-0.0006565564434357237,-0.008510293045398172,0.0005693947797970934,-0.005303985208824606,0.0005275193182619625,0.999985632523717
1741341879.3438423,2,0.011214656349198803,-0.0006581233588392206,-0.00855007772376929,0.0002577310183578997,-0.005226501382883632,0.0005634560154634732,0.9999861497917537
1741341879.3604362,2,0.011162549781757515,-0.000657917181423305,-0.008553711554296177,-0.00039509444308245644,-0.005216708873965903,0.0006407557791058831,0.999986109543996
1741341879.3774374,2,0.011125597631435362,-0.0006568868464255366,-0.008528143729616912,-0.00017308591939783322,-0.005156389169253683,0.0007102701924062776,0.9999864385121697
1741341879.393977,2,0.011187846511543227,-0.000651444162601187,-0.008434641137260541,0.000402808672905208,-0.0051912195658938365,0.0006335741156246561,0.9999862436895979
1741341879.4109375,2,0.011133394564263157,-0.00066282073645302,-0.008547032743576218,0.0001109314823501553,-0.005261458527081904,0.0006890945171260413,0.9999859148493646
1741341879.4272504,2,0.011189640726218045,-0.0006587213820227247,-0.008543814500366061,0.00027185096044601495,-0.005237231237728917,0.0006392631892311949,0.9999860443269161
1741341879.4440134,2,0.011257844194526098,-0.0006544632325743255,-0.00851061904611664,0.00037001392949299574,-0.00529219272545125,0.0006214657777126334,0.9999857346813182
1741341879.4613535,2,0.011154237192246624,-0.0006643500426233548,-0.008628519884524287,0.0002275856221831402,-0.005303498449747397,0.0005542146739236814,0.9999857568761032
1741341879.4771955,2,0.01113283513668271,-0.0006625250276847911,-0.008592320514720253,-0.00023969653350911424,-0.005297707609893557,0.0006731566545912181,0.9999857117478081
1741341879.494713,2,0.011146994658401967,-0.0006583977399565975,-0.008501719079601818,-0.00018699226853584688,-0.005205851089682856,0.0007021392496213833,0.9999861854789783
1741341879.5105999,2,0.011139717542082109,-0.0006612573458126295,-0.008491413003471204,0.00024459427135894903,-0.005222977499771749,0.0006040804914168086,0.9999861477872776
1741341879.527316,2,0.011123272779129268,-0.0006590397489668908,-0.00855462087721722,0.0002479654495738153,-0.0053145942314824085,0.0007481870410017303,0.9999855668045625
1741341879.544535,2,0.011229653296361976,-0.0006537769889330472,-0.008493736607568329,0.0002908562512282045,-0.0052268899321275455,0.0006475926979456604,0.9999860877272124
1741341879.5612457,2,0.011291044176439504,-0.000657069995136477,-0.008472973823653675,0.00041435921559273317,-0.0053258947849600105,0.0006141628814743351,0.9999855428730633
1741341879.5774276,2,0.011206674496172131,-0.0006628905209761112,-0.008563233682195174,0.0002737431606501304,-0.0053124305509786585,0.0005287010607572373,0.9999857117086781
1741341879.5940733,2,0.011055511401642485,-0.0006661571494140831,-0.008673810667854318,-0.00046637821086024147,-0.0052063367928756165,0.0006691374984071309,0.9999861143053795
1741341879.611255,2,0.011198527077470353,-0.000654963474152278,-0.008445036087872365,-8.514979435442727e-05,-0.005217848317260154,0.0007145400166170985,0.9999861280242918
1741341879.6277225,2,0.01110124916165983,-0.0006607399903956779,-0.008541039707839287,5.4281535373557326e-05,-0.0051321741650840165,0.0007353489346131969,0.9999865584615618
1741341879.6440856,2,0.011133851845226415,-0.0006577154657952407,-0.008547736172231384,0.00017554053328110676,-0.005290233078963339,0.0007525084972083123,0.999985708073097
1741341879.6609344,2,0.011276276071884719,-0.0006533952854171879,-0.008438955556004943,0.0006587467838938531,-0.005373390632486168,0.0005233509857391838,0.9999852093053833
1741341879.6773398,2,0.011224872897967544,-0.00066366402394576,-0.008536974475026616,0.00048186853749061835,-0.005293991152533779,0.0006468236248320632,0.9999856614369967
1741341879.6941833,2,0.01114464665950747,-0.0006640302328396525,-0.008622003111136641,0.00015204429621375984,-0.00512772247100095,0.0005532780830770098,0.9999866885254799
1741341879.7110572,2,0.011196273277497566,-0.0006565496559392607,-0.008516170959484926,-0.000259620855884352,-0.005266293089635048,0.0006867432076470544,0.9999858634690153
1741341879.7282279,2,0.011120191814889793,-0.0006620917252662695,-0.008552892261131293,-0.00024063114543553457,-0.005191663952651326,0.0007280133097710889,0.9999862292645211
1741341879.7445824,2,0.011065863073197627,-0.0006600536702907579,-0.00858630050004234,0.000164460474164838,-0.005037931497849411,0.000714513831312743,0.9999870407505091
1741341879.7610447,2,0.011194133045699783,-0.000649992414589565,-0.008458861029092974,0.00027939246579040066,-0.005262921094774253,0.0006808998974003375,0.9999858798886763
1741341879.7775416,2,0.011227145354326623,-0.0006548478583363372,-0.008477183478214908,0.00044527033121674614,-0.00527758635293863,0.0006189040764912122,0.9999857827861172
1741341879.7945065,2,0.011204686215000242,-0.0006605520129004522,-0.008554165479015533,0.00033558163553675636,-0.005251173127952047,0.0006415734846962009,0.999985950375909
1741341879.8111954,2,0.01124335822143883,-0.0006568251266143455,-0.008520737876373904,0.00027270220655500486,-0.005300465230114093,0.0005825845417660307,0.9999857455469565
1741341879.8275764,2,0.011232626594910351,-0.0006567156873700282,-0.008491378692391239,5.126529651059418e-05,-0.005312080648781357,0.0005727422007624771,0.9999857254668296
1741341879.8446994,2,0.011039583212153063,-0.0006673884896867901,-0.008647133341226283,-0.00042389650369625034,-0.005177785018300814,0.0007142397593415859,0.9999862502632847
1741341879.8610146,2,0.011164928802430496,-0.0006511258713497613,-0.008454827201664671,0.00035345810930042436,-0.0052758229996311586,0.0006293076559586499,0.9999858222649537
1741341879.8775532,2,0.011232017957445455,-0.0006504837663514751,-0.008404562671089064,0.0003334277195836564,-0.005236374670955389,0.0007440383770526381,0.9999859577079844
1741341879.8943892,2,0.011297302347246903,-0.0006552347517466479,-0.008393845736731314,0.0006083742364773708,-0.005352446463202507,0.0006348851636869623,0.9999852889510304
1741341879.9110153,2,0.0112403295441148,-0.0006596147605239071,-0.008520499684421293,0.0005043345261576598,-0.005203709667582228,0.0006592690438528943,0.9999861161119733
1741341879.9278076,2,0.011239499444405996,-0.0006608727830951927,-0.00853207123072101,0.0002991377948370883,-0.005311273760422016,0.0005577097768890131,0.9999856948213942
1741341879.9445684,2,0.011186709269591305,-0.0006583078524736066,-0.008540325226103795,-0.00018743202355580134,-0.0053555553438651825,0.0006486296239809402,0.999985430981775
1741341879.9614756,2,0.011088494982031757,-0.0006641598613600542,-0.008586791189764718,-0.0003370597524204357,-0.005155902379761135,0.0007145541591814927,0.9999863961443313
1741341879.978123,2,0.011108003978779231,-0.000662867428567982,-0.008529596092179173,0.00020802132960246839,-0.005144781248061943,0.0005847070128380419,0.9999865729452297
1741341879.9944503,2,0.011145450215293043,-0.0006597955286736937,-0.008515022899573867,0.000383419486252399,-0.005129166356427561,0.0007519238633605584,0.9999864895349784
1741341880.0110824,2,0.011195465341646295,-0.0006577034769397616,-0.008507042422470423,0.00036249750444563596,-0.005264323720598156,0.0006582226911909999,0.9999858610171509
1741341880.0280623,2,0.011206208941920218,-0.0006582391080271762,-0.008550302025050388,0.0004629301735792351,-0.005183459645273512,0.0005819554871343604,0.9999862892907939
1741341880.0444903,2,0.0112677065412401,-0.0006549460140015137,-0.008492190936870515,0.0004392937508495931,-0.005320544926417452,0.0005087076393981257,0.9999856199162186
1741341880.0610585,2,0.011217284123310503,-0.0006565351185246367,-0.008509529059624887,-4.916651451861375e-05,-0.0053269570303031396,0.000609285967819121,0.9999856248377077
1741341880.0785017,2,0.011178086518484169,-0.0006590328107779383,-0.008494966103503445,2.341657910257542e-05,-0.005351222330202736,0.000669509967029628,0.9999854577080811
1741341880.0946472,2,0.011075643970645133,-0.0006629370958124106,-0.00857351259052439,-0.00010965853057047995,-0.005134840072199372,0.0007006138441389598,0.9999865651760932
1741341880.11112,2,0.011170076582193947,-0.0006523014903266873,-0.008472985995983376,0.00034189796616949204,-0.005203461130026726,0.0007369518789572078,0.9999861319038266
1741341880.1279645,2,0.01118379251313157,-0.0006563681882395001,-0.008512429544934435,0.0003058042331700276,-0.005206409651613509,0.0006453010860388598,0.9999861915890733
1741341880.1449022,2,0.011194590458585795,-0.0006614865965208389,-0.008562462811083115,0.0003284900834392141,-0.005157197172908886,0.0006436746142842336,0.9999864404553572
1741341880.1613388,2,0.011267505098500524,-0.0006578908469819281,-0.00849656188268717,0.00036662786719276314,-0.005315723650566919,0.0005840889899861944,0.9999856336498688
1741341880.1781569,2,0.011186640701583934,-0.0006624817421341028,-0.00855279602115965,0.00025704472357266636,-0.005272806051723261,0.0005954370773026016,0.9999858883499496
1741341880.1948,2,0.011085854352732013,-0.0006655265442628633,-0.008606625734424994,-0.00017223702148648742,-0.005252759965989658,0.0007031722131445556,0.999985942099181
1741341880.2113006,2,0.01113941551492293,-0.0006536517510108818,-0.008495162777179054,8.36838959526704e-05,-0.005167111144023943,0.000600524220892932,0.9999864665734687
1741341880.228198,2,0.011212368588489466,-0.0006512413324436685,-0.00842660272532277,0.00036461731643380377,-0.005183322596356532,0.0007132480647063321,0.9999862456545454
1741341880.2447722,2,0.01123935993215464,-0.0006546268394313794,-0.008453098748114818,0.0004774301996886488,-0.005286999805848613,0.0005888793184278196,0.9999857363555771
1741341880.2613623,2,0.011261498701984837,-0.0006562028733253142,-0.008483051877054136,0.00033400359722753753,-0.005256605226926085,0.0006008193164409863,0.9999859476808832
1741341880.278191,2,0.011238313696288067,-0.0006616458231065463,-0.008526366553315064,0.00040691576874735764,-0.005327601465440751,0.0005888026590742608,0.9999855520924347
1741341880.2949586,2,0.011122583917298593,-0.0006678420961474527,-0.008625977498030667,-0.00010504323833576039,-0.005279253799692753,0.0007097432516803994,0.9999858072541596
1741341880.3128557,2,0.011212112535140983,-0.000655786085380515,-0.008463257662950472,0.00015910308074670187,-0.0053468097056519935,0.0006885025258828304,0.999985456032463
1741341880.3285134,2,0.01109221632791842,-0.0006639968599451072,-0.008565994925353449,9.068751468438659e-05,-0.005146938492671949,0.0007118128093422981,0.99998649697006
1741341880.3447883,2,0.011161041533120836,-0.0006583884453397661,-0.008492766825688324,0.0002506712952953945,-0.005110019341268378,0.0007611346506810273,0.9999866226806623
1741341880.3614907,2,0.011131686441443729,-0.000660580811932192,-0.008565748196511,0.0003655893270893509,-0.005212923396133376,0.0007306932816720182,0.9999860788338196
1741341880.3781724,2,0.011215407613821721,-0.0006567094811163753,-0.008524817190129921,0.0003842014099879841,-0.005206988133305119,0.0005477440244178452,0.999986219725222
1741341880.3949568,2,0.011287207174088138,-0.0006563903773151046,-0.008470531588580509,0.00042101712619730563,-0.005322166468686159,0.0005775636123556383,0.9999855817505233
1741341880.4115667,2,0.011148002156035893,-0.0006638294198575063,-0.008603394305937128,-7.845412096641972e-05,-0.005178532995161712,0.0005564271864253943,0.9999864334228515
1741341880.428471,2,0.011205303093840168,-0.0006551450791194297,-0.008481264588958887,7.9059549658806e-05,-0.005282749395940437,0.0006777644519464381,0.9999858133712473
1741341880.4450097,2,0.011094878726832104,-0.0006629204456259174,-0.008565508686926676,6.420728800049237e-06,-0.005153739506447939,0.0007109164346150037,0.999986466671273
1741341880.462101,2,0.011125991705038304,-0.0006590448157116131,-0.008518189624844607,0.00026473523526622956,-0.005121951779802399,0.000685391337497547,0.9999866127923589
1741341880.4785516,2,0.011171435476260283,-0.0006589817824207851,-0.008511280724962553,0.0003191068895545189,-0.005267482485132672,0.000642788394510151,0.9999858692112313
1741341880.4948585,2,0.011172456013507805,-0.0006617409716331114,-0.008572712188948069,0.0003948456636924344,-0.005207962664086515,0.0005231838149730478,0.9999862236553497
1741341880.511647,2,0.011239492305514014,-0.0006575497924556606,-0.008529790704266571,0.00035572174061311725,-0.0052572940047810445,0.0006497970544898935,0.999985905943468
1741341880.528394,2,0.011132532377568477,-0.0006613886589331053,-0.008625898770894721,-4.9177449591251246e-05,-0.005149649622521615,0.0006005042584438669,0.9999865589521587
1741341880.5452518,2,0.011075392547673082,-0.0006684480500189653,-0.008631994870332255,-0.00013779281138181506,-0.005274102304298442,0.0006473191886720055,0.9999858728181579
1741341880.5617118,2,0.011165557487539734,-0.0006554466358929869,-0.008473658564384194,-7.266006867173503e-05,-0.005175683623887929,0.0006998886118308188,0.9999863584946901
1741341880.5783057,2,0.011161593671187794,-0.000655209119337871,-0.00847576574946747,0.00030878974804784205,-0.00508766475547272,0.000688658546567156,0.9999867729453393
1741341880.5950217,2,0.011124930063683458,-0.0006638851373669859,-0.008572232366447736,0.0002685553719696367,-0.005244814524718059,0.0006224195226033599,0.999986016098501
1741341880.6120422,2,0.011226528745219394,-0.0006562970411006514,-0.008510794199818657,0.0003177678842475321,-0.0052313199977886225,0.0005906764212330246,0.9999860916112873
1741341880.6284137,2,0.01121122930297915,-0.0006599595728025725,-0.00855661354310833,0.00036215182895847403,-0.00526367134407986,0.0005930901713216707,0.9999859053277117
1741341880.6451027,2,0.011155834728363512,-0.0006648352373247266,-0.008593525853516148,-9.376546335756679e-05,-0.005150420479013371,0.0006189139258129596,0.9999865405706618
1741341880.6621492,2,0.011105731697112887,-0.0006633766943074695,-0.008595935104469678,-7.491447768624426e-05,-0.005261451976291488,0.000618969649287303,0.9999859640952444
1741341880.678411,2,0.011074476358420475,-0.0006598084809783457,-0.008586056921909394,2.3574849860496898e-06,-0.005142796792328234,0.000721123369264835,0.9999865157174277
1741341880.6954505,2,0.011198626493462663,-0.0006513717693584743,-0.008436455142881612,0.0003276729253719734,-0.005144364640338898,0.0006926711809698308,0.9999864740832929
1741341880.7119539,2,0.011108181909444672,-0.0006619607597504491,-0.008584777921018411,0.00011891080064436229,-0.005202822235165338,0.0006983448666994525,0.9999862143127063
1741341880.7286537,2,0.011248836913900424,-0.0006545718609506008,-0.008472707864997289,0.00033783722578328395,-0.005218517577097583,0.0006802025104165139,0.9999860950357516
1741341880.7453303,2,0.011247542142694527,-0.00065804298544815,-0.008506917765355707,0.0003822908917692022,-0.005190934678816866,0.0005368319603406463,0.9999863098374301
1741341880.7618568,2,0.011160446579118277,-0.000665439544099671,-0.008590338808124586,7.238084565017838e-05,-0.005163175102159987,0.0005474488541010888,0.9999865182509361
1741341880.7792804,2,0.011030575206901776,-0.0006715177633337952,-0.008690628436006983,-0.0003084276411962937,-0.005220377063285774,0.0007489677423026615,0.9999860456941527
1741341880.7952702,2,0.011095957058007862,-0.0006623382904427055,-0.008571662650536174,-0.00014771548342546552,-0.005160962200339507,0.0006264102711565423,0.9999864750382751
1741341880.8118153,2,0.01118364462889548,-0.0006509257427228934,-0.008452272477746945,0.0002863914624163368,-0.0051846608749510905,0.0006563416555930889,0.9999863031497846
1741341880.8287542,2,0.011187966626980902,-0.0006535685847000588,-0.008484247527508166,0.0002381352501282663,-0.005307480579119596,0.0007276003073752124,0.9999856221662877
1741341880.8452628,2,0.01119381608101994,-0.0006611950832758871,-0.00853573088155205,0.0005977176733516653,-0.005255304059951254,0.0006001388270811128,0.9999858320727392
1741341880.8618526,2,0.011295862171431784,-0.0006539633382974892,-0.008450558883477934,0.00045155900639544584,-0.005253677044746159,0.0005752014975053762,0.9999859319586504
1741341880.8786101,2,0.011126212932924295,-0.0006664642208916336,-0.008636941475458607,-8.317902606257301e-05,-0.005148117511072963,0.0006376878872552038,0.9999865415701854
1741341880.8957655,2,0.011122018565736955,-0.0006646596163929285,-0.008593943377732425,-0.00021120602820976894,-0.005228509494878111,0.0006579108252669638,0.9999860925202019
1741341880.9124453,2,0.011028041350818288,-0.0006683002041529306,-0.008652297743231478,-0.0003746025530209197,-0.00512661877133955,0.000760212850758019,0.9999864996735317
1741341880.9289458,2,0.011167420540791699,-0.0006538279016815994,-0.008464504202937833,0.00013510796978526458,-0.00521468973419824,0.0007132929152462369,0.9999861398889636
1741341880.9454072,2,0.011194298428674773,-0.0006595485515126748,-0.008473195992007078,0.0003876750831304075,-0.0053486839409952365,0.0006568428420876639,0.9999854048162954
1741341880.9625854,2,0.01115903325358473,-0.0006650895469899382,-0.008572572357606837,0.000670214957714905,-0.005234509766793855,0.0005755189746367269,0.9999859096493918
1741341880.9790175,2,0.011248178999202624,-0.000655499590092642,-0.008503073103843815,0.0003492218508279195,-0.0052528046906361,0.0006402794832563238,0.9999859379657117
1741341880.9956496,2,0.011142664790462862,-0.0006635894056498188,-0.008616916721417027,0.00016630994651701273,-0.005145022734776128,0.0006165493566073689,0.9999865603841639
1741341881.0123425,2,0.011041629394136367,-0.0006666407350342761,-0.008690152629834335,-0.00038548383233597504,-0.00521740192835171,0.000650787429638524,0.9999861032009667
1741341881.0288067,2,0.01106340715383642,-0.0006609364181193283,-0.008614710417641449,-0.0003608745855416857,-0.005168882360746501,0.0007852670911126923,0.9999862677958482
1741341881.0455132,2,0.011164056535772461,-0.0006580207252037473,-0.008475216980806622,0.0003466797700095303,-0.005134480901590431,0.000639084282946763,0.9999865541547485
1741341881.0620327,2,0.01122265361279227,-0.0006573607618343793,-0.008437969959601962,0.0003020815998117326,-0.005337904262427105,0.0006484890185032121,0.9999854973882296
1741341881.078914,2,0.011217678376999789,-0.0006594050785497394,-0.008495139408992299,0.000656814310315217,-0.005311334357771662,0.0005560570550138823,0.9999855244566559
1741341881.0954483,2,0.011132133599552207,-0.0006679660384983294,-0.00864006871533362,0.00039960820270413855,-0.005185796045419814,0.0006594972781414112,0.999986256353556
1741341881.1123025,2,0.011192370371338986,-0.0006613812395430636,-0.008565923277137342,0.00022951466012195073,-0.005217815709621987,0.0005391575879385178,0.9999862154206609
1741341881.1293557,2,0.01110206598644805,-0.0006634437549838016,-0.008629014324815217,-0.0002283608058268296,-0.005272952036248008,0.0005990354372413232,0.9999858923928431
1741341881.1456854,2,0.011116472265044305,-0.0006612551963054953,-0.00856047282106881,-0.0002062524089120932,-0.005214415664338405,0.000762515512345343,0.999986092852954
1741341881.1622934,2,0.011034865949879563,-0.0006678075063826311,-0.008625212633581639,0.0001535995134036281,-0.0050952550864365185,0.0007498197142675602,0.9999867261884978
1741341881.1789296,2,0.011197508730583922,-0.0006554146120877202,-0.008457795743035495,0.0002864182133796593,-0.005329817664113403,0.0007515575076881258,0.9999854729792763
1741341881.1955628,2,0.0112929677634387,-0.0006502851950253197,-0.00840387180338315,0.000717870540019147,-0.005392660527360101,0.0006329799316928135,0.9999850014928877
1741341881.2125802,2,0.011243101165258647,-0.0006576486219860183,-0.008511572502319223,0.0005254839358863998,-0.005273755245640462,0.0005609347704766608,0.999985798261368
1741341881.229325,2,0.011191578380057316,-0.0006626143111104118,-0.008570205378761785,9.570652244883325e-05,-0.005200710443557144,0.0006435994364922309,0.9999862645211228
1741341881.2463095,2,0.011122854895547466,-0.0006671140261248305,-0.008601962499771394,-0.0002455706348981293,-0.0053018706746617884,0.0006526753339326836,0.9999857018364418
1741341881.262624,2,0.011107040810307882,-0.0006636249810526791,-0.008566142907353929,-0.0002575533381054314,-0.005227217305192339,0.0007108751942162921,0.9999860521637192
1741341881.2790384,2,0.011111911730408602,-0.0006588986173076319,-0.008528275948182505,7.154984616599525e-05,-0.0051697845794360245,0.0006810934131559578,0.9999864020674403
1741341881.2957435,2,0.011236119151970788,-0.0006560591336095299,-0.008415655945170084,0.0005318282636232903,-0.005324571499750446,0.0005579478989653326,0.9999855272908623
1741341881.3129427,2,0.011168289110976783,-0.0006616665295287281,-0.008551484510854416,0.0004597518601851303,-0.005289046038253763,0.0006742500156770438,0.9999856799010417
1741341881.3293378,2,0.011135520956099761,-0.0006656134869249113,-0.008627112100497325,0.0003114240688849141,-0.005164367194303514,0.0005745254358361422,0.9999864510317404
1741341881.345932,2,0.01118172677894703,-0.0006656507622261577,-0.00857276631221057,-3.1750898559098567e-05,-0.005188950316552909,0.0006346678346283535,0.9999863353982557
1741341881.363019,2,0.01116139741412678,-0.0006594863046530451,-0.008558910289071511,-0.00024631405779620063,-0.005292191423233081,0.0006597225368523066,0.999985748301194
1741341881.3791256,2,0.011092316332525496,-0.0006612321052741954,-0.00859592740102961,-2.566831518698313e-06,-0.005227366859313072,0.0007241435315422611,0.9999860750256853
1741341881.395683,2,0.011165958739632957,-0.0006576400350653543,-0.008483612266525773,6.60624846402523e-05,-0.005152825120495,0.0007174115322286047,0.9999864645832558
1741341881.412327,2,0.011134422330319152,-0.000663289265420254,-0.008537604621707509,0.000347036820840707,-0.0052785247589622036,0.0006900213754531703,0.9999857702049142
1741341881.4299257,2,0.011152358289641782,-0.000660866495291578,-0.008553945961730957,0.00039131766184817346,-0.005208990819036448,0.0006497665647834111,0.9999861454482988
1741341881.4458382,2,0.011292612329505364,-0.0006538795838994037,-0.008435428467774692,0.00036764772797512704,-0.005307655206339061,0.000543419563784075,0.9999856990610099
1741341881.4632652,2,0.011119157389819419,-0.0006681369443542062,-0.008651540895548733,0.0002783116717791882,-0.005094135770670723,0.0006031510582961021,0.9999868041790172
1741341881.4793422,2,0.011134154000358294,-0.0006635481976297543,-0.008605696908636482,-4.382044148861282e-05,-0.005277009803642864,0.0006347206846888225,0.9999858740887061
1741341881.4959204,2,0.011240461642602602,-0.000651577809137909,-0.008428419005162033,0.00011137481490746942,-0.005416474557362716,0.0007037187285400979,0.9999850769781373
1741341881.5128632,2,0.011127048187695552,-0.0006595479514392749,-0.008520400865196837,-8.120307775868725e-05,-0.0051756333174452695,0.0007270380933383757,0.999986338727402
1741341881.5292435,2,0.011158643074959673,-0.0006559248142990532,-0.008486768606411215,0.00027837315776633266,-0.005148393359643555,0.0007586544629301727,0.9999864204065999
1741341881.5460215,2,0.011113645324710176,-0.000665101481068622,-0.008590198080830879,0.0004030461434473654,-0.005182744509306189,0.0006814716659700889,0.999986256060315
1741341881.5627859,2,0.011260677803080823,-0.0006571602034101115,-0.008476709610916178,0.0002996933107144515,-0.005282837802179832,0.0005923847712427326,0.9999858253440187
1741341881.57931,2,0.0111148260648644,-0.0006648082702095684,-0.008657886859115447,0.000144782069008053,-0.005166248381944618,0.0006360454632415021,0.99998644208908
1741341881.5962288,2,0.011212282205941603,-0.0006574442494607491,-0.008512385357952668,-0.00011909048671901561,-0.005258132067435583,0.0006710981492640262,0.9999859436471551
1741341881.6126478,2,0.011049512328356707,-0.0006662202226346872,-0.008646403461544418,-0.00021730114741243215,-0.005142473999929204,0.0007134132547424105,0.9999864993003152
1741341881.6293857,2,0.011128291396873964,-0.0006577068460966345,-0.008506949629722054,-3.539079574747017e-05,-0.005170325429661428,0.000735568834043171,0.9999863626174775
1741341881.646098,2,0.011163348619993374,-0.0006586999167606119,-0.008485225910282328,0.00039841075180767176,-0.005176589579682837,0.0007170169253395008,0.9999862649436367
1741341881.663108,2,0.011137486997419888,-0.0006631208818527606,-0.008568657277864215,0.0005551528816931235,-0.005200081819169337,0.0005603054154660788,0.9999861684104403
1741341881.6793456,2,0.011250646396289683,-0.0006551561572978826,-0.00848349557420605,0.0003224885440384116,-0.005235635123930777,0.000566350338051258,0.9999860815897802
1741341881.6961946,2,0.011202729464701,-0.0006601567587778747,-0.008549228717518988,8.156616677265828e-05,-0.005225554280320433,0.0006245630220773038,0.9999861483292933
1741341881.7128155,2,0.01113546237046614,-0.0006641539748007319,-0.008601109005101007,-5.7256715429202936e-05,-0.0052795563561507134,0.0006344360767125178,0.9999858601486399
1741341881.7295687,2,0.01110805266423003,-0.0006637236752544485,-0.00858327746562929,-2.4679544766752987e-06,-0.00529776594158295,0.0006456337833702476,0.9999857583120648
1741341881.7460768,2,0.011186069588096845,-0.0006573471463002374,-0.008456667505667046,0.00021992911827814677,-0.0052270040926641805,0.0006089062857898605,0.999986129550072
1741341881.7628372,2,0.01107280880152739,-0.0006651037843823844,-0.008595208264142958,0.00026644952792051176,-0.005073590547442834,0.0007095891344452405,0.9999868419968666
1741341881.780294,2,0.011120063033174574,-0.0006591818686259879,-0.00858245680243629,0.0003871362536372189,-0.005161275279706388,0.0006723245232046369,0.9999863795786139
1741341881.7962883,2,0.011198980413961356,-0.0006601741715862601,-0.008538014306903083,0.0001650944057058172,-0.0052042261467851025,0.0006464672847471308,0.9999862353323169
1741341881.8132634,2,0.01120082518968184,-0.0006623290597724967,-0.008556899527491876,0.00036839750906437915,-0.005138945846495007,0.000516272481768268,0.9999865944009383
1741341881.8296604,2,0.011261781615338775,-0.0006573251307405159,-0.008461598770549824,1.5539201454253447e-05,-0.005346838992799588,0.000656014790737835,0.9999854902526899
1741341881.8469644,2,0.011201128090257915,-0.0006594146908525166,-0.00848059762769172,0.00021166240797891638,-0.0053338964304704235,0.0005331811244872951,0.9999856101293572
1741341881.862987,2,0.011118316254591198,-0.0006596589328064341,-0.008534114421700918,-3.3868880975360474e-05,-0.005164662588130918,0.0007174038571889447,0.9999864051300674
1741341881.8795626,2,0.011205029740101742,-0.0006497416195324782,-0.008432679766709679,0.0003217404259612606,-0.005146516518419496,0.0006907425142730616,0.9999864662712205
1741341881.89654,2,0.011052046343763567,-0.0006684731984398094,-0.008660568129166407,0.0001609587671165009,-0.0051175883744911345,0.0006976221966734844,0.9999866487632599
1741341881.9133177,2,0.011212242593872577,-0.000658478224934621,-0.008521441000561283,0.0002103472829690261,-0.0051798148224563075,0.0006401330086397667,0.9999863576580217
1741341881.9296796,2,0.011208827948821077,-0.0006590705595616572,-0.008541018658803636,5.398177704110732e-05,-0.00521081929479691,0.0006032988124963886,0.9999862401447269
1741341881.9465802,2,0.011193751702893842,-0.000662026004791824,-0.008538558512666517,-7.226026672733541e-06,-0.005278359025869554,0.0006417492283980346,0.9999858634159317
1741341881.9635694,2,0.011122141769156208,-0.000660912686594837,-0.008573984676939633,-3.678843149437365e-05,-0.005365531870931451,0.0007175430342450264,0.9999853473158231
1741341881.9796977,2,0.01117684464629593,-0.000651783134270548,-0.008468750852556039,2.61518934014489e-05,-0.005164538620369718,0.0006827086475968474,0.9999864302908413
1741341881.996389,2,0.011196921121766205,-0.0006560271483325167,-0.008446167666151656,0.00015512612010901147,-0.005200365742559837,0.0007367439686262983,0.9999861945748827
1741341882.0136495,2,0.011145365598594201,-0.0006618148264593949,-0.008546176533009686,0.0002942128486208392,-0.005189542098441067,0.0006028860624269235,0.9999863092162833
1741341882.0299106,2,0.011289410096988532,-0.0006521829757510761,-0.008424241190183356,0.0005292791381442179,-0.005341846244448217,0.0006150294000672091,0.99998540303403
1741341882.0464969,2,0.01123802660458303,-0.0006623803341921823,-0.008503314677028568,0.00022181009533298973,-0.0051983991471297895,0.0006086565460559653,0.9999862783977577
1741341882.0633664,2,0.011207440011337987,-0.0006599020051944159,-0.008530355135777625,9.34664620042952e-05,-0.005189234216136762,0.0006438926524582963,0.999986324163747
1741341882.0798235,2,0.011114560582591785,-0.0006590121088200173,-0.008594300484428118,-0.00014695886614223444,-0.005199613898322141,0.0006609189283798165,0.9999862527077911
1741341882.0967526,2,0.01112513756324041,-0.000660848988606493,-0.00854338207572514,-0.0002483174478830004,-0.005159486577773593,0.000727482612398354,0.9999863943103163
1741341882.1133714,2,0.011176684532784505,-0.0006570584531065645,-0.008469961988430868,0.00028417015363686493,-0.005132433841983531,0.0006660106178979629,0.9999865668097938
1741341882.1301656,2,0.011180520646903959,-0.0006586922620820598,-0.00849746102963681,0.0001082521511310675,-0.005289001450008182,0.0006822947231922197,0.9999857745083399
1741341882.1466243,2,0.011369863680267205,-0.0006498734572211487,-0.00833158103720039,0.0006429334900587937,-0.005386419520505004,0.0005349578820164996,0.9999851433603105
1741341882.1636016,2,0.011163220375502792,-0.0006661097694273208,-0.00860547110285608,0.0002994272814980883,-0.00523419048128845,0.0005632995640129821,0.9999860980468228
1741341882.1801565,2,0.011187609552125149,-0.0006600160516548416,-0.008561264003563475,4.0323119918827845e-05,-0.005213664921805766,0.0006168135692589344,0.9999862177115991
1741341882.1970544,2,0.011115820942468406,-0.0006643628126905968,-0.00860084843997289,-0.00015494851687802654,-0.005176545733604145,0.0006111303402675713,0.9999864028500249
1741341882.213501,2,0.011085265647173364,-0.0006632090991559473,-0.008587131248196505,-0.0002470001094806941,-0.005141933476967736,0.0007270213812659224,0.9999864853841653
1741341882.2301056,2,0.01117267768454643,-0.0006547607218049575,-0.008464319568366274,0.0002944022211313154,-0.005127219690841145,0.0007418262156075017,0.9999865372290968
1741341882.2470922,2,0.011177196016580692,-0.0006587380857122017,-0.008500248362198499,0.00026710451366507613,-0.005255792658170495,0.0006792271244150492,0.9999859218755165
1741341882.2635756,2,0.01121400142431554,-0.0006574539624209338,-0.008514992291742074,0.0003898699711498138,-0.005311174485576654,0.0006938634521037333,0.9999855788862653
1741341882.2801366,2,0.011290510669111239,-0.0006518110991664294,-0.008454871839486983,0.0003920948568555037,-0.005226304476500387,0.0005753877319175588,0.9999861003694502
1741341882.2967231,2,0.011255969149400578,-0.0006594802522333454,-0.008476887250658115,-2.147151521435096e-06,-0.005251515345678038,0.0006186038223913278,0.9999860193579082
1741341882.313359,2,0.01117019305155808,-0.0006597231825421274,-0.008528760554485232,9.746063159983633e-06,-0.005225644545596866,0.0006142335304647091,0.9999861575348268
1741341882.3304987,2,0.011105713376200225,-0.0006623828902622082,-0.008559971810729441,-0.00023805131783640772,-0.005183516329881232,0.0007138637539806412,0.9999862823501974
1741341882.346714,2,0.01118452956502805,-0.0006580342048625718,-0.008458485630304474,0.00028126482856884725,-0.005156485615019785,0.0006410774556552114,0.9999864601912838
1741341882.3635972,2,0.011157411828464933,-0.0006570158143770294,-0.00852710114078776,0.0002793253793861601,-0.005238611215636523,0.000683394989212366,0.9999860058526582
1741341882.3803613,2,0.01130902870681974,-0.0006505709975082383,-0.008399764425326814,0.0006334152796177075,-0.0053348062158132415,0.000562138456949601,0.9999854112076229
1741341882.397047,2,0.01118444629866283,-0.0006639800161443075,-0.008568671112014783,0.0002441535624062753,-0.0051806163366128226,0.0005545303317680302,0.9999863969572396
1741341882.413797,2,0.011233923207791423,-0.0006557569030418034,-0.008501267804646153,4.7044280893579845e-05,-0.00524364419711417,0.0005724963907577286,0.9999860870183407
1741341882.4302373,2,0.011233944435204188,-0.0006555846474707916,-0.008460514127762738,-7.144995398101426e-05,-0.005296384578371225,0.0006844977757923388,0.9999857372323353
1741341882.4469726,2,0.011146602899630556,-0.000662156773240192,-0.008525129792447048,-0.00014469358985218046,-0.005242170520277336,0.0007253450074829581,0.9999859861951175
1741341882.4642937,2,0.011078965870777517,-0.0006617258170136878,-0.008584210542090322,1.6592230124512317e-05,-0.005130730255476084,0.0007256988385340625,0.9999865742563443
1741341882.480656,2,0.011208070533264896,-0.000655181242629985,-0.008458471148289739,0.00010819658982310678,-0.005287305378533787,0.0007336682729738001,0.9999857471115262
1741341882.4971604,2,0.01120250954665183,-0.000660970563085375,-0.0085106990263777,0.0005329790310599898,-0.005333605515856674,0.0006809700310696601,0.9999854023261392
1741341882.51377,2,0.011168226171558696,-0.0006609788802528914,-0.008583257592965557,0.0002086237571304034,-0.005221960697924564,0.0005422963959424812,0.999986196663342
1741341882.5303931,2,0.011290581700433238,-0.0006540012135738895,-0.008440374728270987,9.50580931364686e-05,-0.005256032799038636,0.000510779715680846,0.9999860519963547
1741341882.547097,2,0.011143706843452528,-0.000661872765667421,-0.008574023848035295,-0.0003256998488232332,-0.005288246093762835,0.0006812440379422416,0.9999857320379232
1741341882.5636253,2,0.011125350418941068,-0.0006568095423107005,-0.008545295340845001,-0.00032915512849974993,-0.005170482105828297,0.0007369338741786267,0.9999863072563342
1741341882.5804837,2,0.011192107071922414,-0.0006529635858579135,-0.008446486130701014,0.00020039575988252094,-0.005208095137302567,0.0006841760434036416,0.9999861836494152
1741341882.5972953,2,0.01117278400662459,-0.0006581727430115225,-0.008494978465606007,0.00010780936496213393,-0.005278754939366765,0.0007732249471767151,0.9999857625219531
1741341882.613701,2,0.01125283041323711,-0.000651232608332261,-0.008448570195016042,0.00048436875039279385,-0.005281627373864919,0.0007199795478770152,0.99998567561173
1741341882.6305473,2,0.011279284735047386,-0.0006551834524544963,-0.00845424037994182,0.00032177299101197903,-0.005296178100763362,0.0005013562797075458,0.9999857976999214
1741341882.6470165,2,0.011212512838055832,-0.0006621730575864127,-0.00852976199525964,0.00013623910448709237,-0.005165089587578339,0.0006139477413168487,0.9999864630866909
1741341882.6637459,2,0.011144545702939376,-0.000659485860150158,-0.008573088569654538,-0.00040802153164257464,-0.005228882566416125,0.0006371959993542739,0.9999860430459991
1741341882.680431,2,0.011117510548157584,-0.000661742129140966,-0.00855920301984698,-0.00019646776974703423,-0.00521578068920097,0.0007686390012199433,0.9999860830163105
1741341882.6972253,2,0.011094844162001469,-0.0006602340930921659,-0.008563995433729007,0.00017872986328501498,-0.005113825778715073,0.0007205669802265994,0.9999866487232556
1741341882.7142568,2,0.011207381691900591,-0.0006486626185375424,-0.008452498134288802,2.997674092330723e-05,-0.005310934850349832,0.0007571997347928087,0.9999856097569464
1741341882.73043,2,0.011285655280046976,-0.0006510726959582217,-0.008406010541174206,0.0004895495194522781,-0.005278051129049399,0.0006442533578360556,0.9999857436259569
1741341882.747221,2,0.011301352398375524,-0.0006510499982559157,-0.008422897389291962,0.0001767404382378071,-0.005262903680400531,0.0005940539146451095,0.9999859587552291
1741341882.7641237,2,0.011216859320405845,-0.0006578166085836161,-0.008522936297144124,-5.893093064311984e-05,-0.005179036957510481,0.0006214747848935422,0.9999863938436513
1741341882.7806017,2,0.011200487523122759,-0.0006573453437770243,-0.0085131314593792,-0.0001839934878312252,-0.005349749492978671,0.0006844460597449712,0.9999854388241611
1741341882.7972586,2,0.011119735360944535,-0.0006607329060213773,-0.008562102633676412,-0.0001437790985139052,-0.005220319561149959,0.0007215633371084634,0.9999861033722423
1741341882.8139093,2,0.01115934975286658,-0.0006544273304695866,-0.008489418659153496,-2.1192600739103607e-05,-0.005102186750242584,0.0007949322359676496,0.999986667573113
1741341882.8308353,2,0.011251915338199529,-0.0006522263866252307,-0.008396935754192316,0.00019268012820628395,-0.005253670187685728,0.0007308663557737654,0.9999859137299371
1741341882.8473644,2,0.011156697939777364,-0.0006597563559394286,-0.008545030052642176,0.00012116401774055388,-0.0052103393778990415,0.000763715463705384,0.9999861271145408
1741341882.863914,2,0.011324900788301747,-0.0006471266484666628,-0.008386895730031605,0.0002783943761356383,-0.005261817470637717,0.000613748696421195,0.9999859294440171
1741341882.8805804,2,0.011217140393575594,-0.0006567824617670463,-0.008527714670833655,9.374448271276383e-05,-0.005191888301824155,0.0005979888516045929,0.99998633886527
1741341882.8974845,2,0.011182360917801584,-0.0006580595001129949,-0.008541783435040834,-0.00014446902208276152,-0.005312181011678945,0.0006465754077480483,0.9999856707982585
1741341882.9143302,2,0.011166213093777478,-0.0006566004981225049,-0.008510552107358186,-0.00012182693918322301,-0.005283260185937793,0.0007167862219692119,0.9999857791676422
1741341882.93079,2,0.0111430625739885,-0.0006597343790537754,-0.008504798486596124,8.011425778918602e-06,-0.005162833441585425,0.0008238470511009738,0.9999863330879618
1741341882.9475336,2,0.011223455025295979,-0.0006509059461603158,-0.00842293830888091,0.00019146840367482044,-0.005292282152203557,0.000691765091702784,0.999985738173565
1741341882.9647655,2,0.011257887595254555,-0.0006524605308869476,-0.00842731325761735,0.0002625912653596465,-0.005277989289180976,0.0007170995484986727,0.9999857797204559
1741341882.9812515,2,0.011245308420521426,-0.0006568104030516209,-0.008489634298627948,0.0002847402779013023,-0.00523474816416247,0.0005560460768108097,0.9999861034771396
1741341882.9973369,2,0.011168306552474323,-0.0006573926488345461,-0.008585190498810165,0.00023896571851015768,-0.005146281199322474,0.000540538373057954,0.9999865831617293
1741341883.014152,2,0.011218328456985553,-0.0006557172808676396,-0.00849636033439503,-0.0001135858024992993,-0.0053311904401262674,0.000634121338455111,0.9999855815944971
1741341883.03069,2,0.011076442590300243,-0.0006672358870853492,-0.008615423573483409,-0.00027501081335907623,-0.005320699497842482,0.0007100901122204727,0.9999855550446409
1741341883.0476747,2,0.011142882301004969,-0.0006552442486135905,-0.008505997606665743,9.523754905339597e-05,-0.005148444352514,0.000739965689437039,0.9999864683591156
1741341883.0646276,2,0.01124734051448572,-0.0006497532977107965,-0.008402445240540242,0.0001530186018280849,-0.005283895009845237,0.0007210008770238633,0.999985768497016
1741341883.0809598,2,0.011203174844929376,-0.0006565843595836969,-0.008494583617267968,0.000387476773804005,-0.0052204224379924025,0.0006820240665381382,0.9999860658501654
1741341883.0978103,2,0.011235189681763211,-0.000653391571670236,-0.008493569187598644,5.4025643388577074e-05,-0.0052207896020628605,0.0006684656859786773,0.9999861466994369
1741341883.114157,2,0.011230375531792736,-0.0006565524730294369,-0.00850717941495557,9.512231222460326e-05,-0.005190667708766828,0.0006017539972542504,0.9999863428130454
1741341883.1309497,2,0.011138445863976373,-0.0006600213709014981,-0.008591556665899724,-0.00012106498805812401,-0.005266159017806881,0.0006387178852958346,0.9999859223768757
1741341883.1478026,2,0.011168623671923724,-0.0006561433354774265,-0.008512436613465364,1.748256564338127e-05,-0.005327894556278349,0.0006909624253394481,0.9999855677982976
1741341883.1641324,2,0.011109800230653064,-0.0006593092580504741,-0.008555602541035842,-4.626303786065064e-05,-0.005121562262096284,0.0007231796738244426,0.9999866221459596
1741341883.1811864,2,0.0111497946399052,-0.0006533847321262374,-0.008512910909908527,0.00016883348906461952,-0.005209603346125633,0.0006820545897863215,0.999986183069429
1741341883.197696,2,0.01122908154193494,-0.0006505747900864392,-0.008454370488981651,0.0003854727745870004,-0.005285543900889616,0.0006782870953564171,0.9999857270796558
1741341883.2142646,2,0.01117733879984225,-0.000661288141064121,-0.008560239785361204,0.0003213519973891068,-0.005215836338917824,0.0005862109827418451,0.999986173974852
1741341883.2311354,2,0.01109270986745817,-0.0006669316400622778,-0.00867501286110074,0.0001837004913601162,-0.005167110310219233,0.0005408438378826429,0.9999864872652602
1741341883.2475045,2,0.011231036408815568,-0.0006547889336704491,-0.008492280994086625,3.8581408284584034e-05,-0.005318309817860277,0.0006004030723141604,0.999985676701575
1741341883.2643363,2,0.01112917934123989,-0.0006630833787851206,-0.008565104969504952,-0.00010072418260478065,-0.005340207307771465,0.0006328091053867992,0.9999855356919846
1741341883.281101,2,0.011096605892791328,-0.0006567290971819502,-0.008568560852188878,-1.666763409145771e-05,-0.005140609124847323,0.0006839884454672623,0.9999865529194989
1741341883.2977579,2,0.011235697770333586,-0.0006478111479233114,-0.008407006569361294,0.000263321841794248,-0.005172071655341723,0.0007210098428040856,0.9999863301471706
1741341883.3144498,2,0.011095279159018496,-0.0006656986009934104,-0.008611183277904394,0.0003943281688774625,-0.005140214279544134,0.0006422814369402382,0.9999865049974481
1741341883.33115,2,0.01109405717980608,-0.0006655220075282262,-0.00865708105005175,0.00030055756297831427,-0.005175641912652691,0.0006583420276686251,0.9999863443976212
1741341883.3478153,2,0.011315640596576962,-0.0006494417904482519,-0.008413262241342418,0.0002816452670712342,-0.005230388469930666,0.0005658456408801806,0.9999861216692499
1741341883.364784,2,0.011194311617157494,-0.000660204185309248,-0.008538925128774784,-3.948626459033769e-05,-0.005263418186136565,0.0007144059706707023,0.9999858921474553
1741341883.3811224,2,0.011099408644532826,-0.000660499646764846,-0.008598694148930162,-0.0001069272204486041,-0.005264734332876042,0.0006702922385302038,0.9999859108243919
1741341883.3980465,2,0.011148955999360707,-0.0006549270428619124,-0.008507842030757275,-8.504542056475323e-05,-0.005157966886960859,0.0007402948096376698,0.9999864199620234
1741341883.414476,2,0.011153712065035898,-0.0006576872494301474,-0.008506096188396541,0.00012516152360315423,-0.0051351101438075345,0.0007384193352044112,0.9999865347669884
1741341883.4311397,2,0.011184721785510063,-0.0006551578422431749,-0.008498577760830819,0.00034755587010847034,-0.005241122325217159,0.0006426138620404181,0.9999859983465337
1741341883.448082,2,0.011248910333991459,-0.0006554887753959521,-0.008468539620082724,0.0005601434969534559,-0.00529013677409177,0.0006185536142447133,0.9999856589389673
1741341883.4652488,2,0.011173216071054261,-0.0006620520127298907,-0.008576009601781731,6.61912340395012e-05,-0.0051635333339555625,0.0006237746718000901,0.9999864721321927
1741341883.481285,2,0.011185196589622953,-0.0006565728734685923,-0.008546395215188993,7.242621403999531e-05,-0.005257099205554464,0.0006262771038881219,0.9999859826214443
1741341883.4980319,2,0.011253303839647174,-0.0006515250279075166,-0.008425568636208648,0.00017994213384661656,-0.005359602455283071,0.0006543016004793531,0.9999854069794046
1741341883.5146277,2,0.011114558096140047,-0.0006605414681796447,-0.008556240354606658,-6.449954866894327e-06,-0.00515496475680101,0.000611536584236031,0.9999865260691069
1741341883.5316231,2,0.011210086245143873,-0.00064995017570713,-0.008434250508962052,0.00012642741746641696,-0.005170614737955588,0.0007719820173964409,0.9999863263080673
1741341883.5480077,2,0.011191647036296765,-0.0006570117101592926,-0.008486771266544768,0.00014245277586038185,-0.0052302603359629645,0.0006126873580913389,0.9999861242528448
1741341883.5647292,2,0.011143715936625862,-0.0006627652996679833,-0.008587296374266282,0.00041581795711776625,-0.005227753732967017,0.0006535910257904282,0.999986035155044
1741341883.581519,2,0.01122137560731186,-0.000655795867765274,-0.008520214045543264,0.00017590059819918546,-0.00520851019429308,0.0006305912310606987,0.9999862213226914
1741341883.5981808,2,0.011228990612133,-0.0006574922358309958,-0.008504627224287612,8.527556331364222e-05,-0.0052481446647539365,0.0005716573263156053,0.9999860613596359
1741341883.6146846,2,0.011113061935980747,-0.0006591860983727846,-0.008593283408790618,-8.487172172204036e-05,-0.005242884621940609,0.0006601802730493587,0.9999860344623014
1741341883.631782,2,0.011131183056214824,-0.0006577040703960688,-0.008532840578985457,-0.00020405177023093452,-0.005150865789629657,0.0007473403496092531,0.9999864341214306
1741341883.6481194,2,0.01117866524219519,-0.0006561147556954449,-0.008469012090016766,0.0003148267787159511,-0.005180797942952963,0.0006618753081993346,0.9999863109752303
1741341883.6650176,2,0.01110136586471409,-0.00066285059748154,-0.008589810761504096,0.0002158248306428188,-0.005144098031344509,0.0006848743579387562,0.9999865112201265
1741341883.6814685,2,0.011279705558181275,-0.0006521682235320373,-0.008428958747823685,0.0004478301326906467,-0.005334335480399016,0.0006604601631297875,0.99998545394697
1741341883.6981778,2,0.011220153618179567,-0.000660588335261042,-0.008525061607575627,0.00011466578209850911,-0.005224357519801947,0.0006263442067784267,0.999986150220691
1741341883.7149255,2,0.011139055630223141,-0.000661632596039298,-0.00860522496173507,6.399582051150493e-05,-0.005255191688936974,0.0006284228889173592,0.9999859918766464
1741341883.731479,2,0.011187445153028686,-0.000658467318760171,-0.008507072902180902,2.618983082204755e-05,-0.005334769412422671,0.0006404845583126626,0.9999855645602789
1741341883.748251,2,0.011072977018135798,-0.0006659240797754775,-0.00860533273783168,-0.00017934873939449468,-0.00515864119294087,0.0006533420831030978,0.9999864646079939
1741341883.7648005,2,0.011152259228561294,-0.0006562187080175008,-0.008501642327797631,0.0001809935076399569,-0.005132129222342616,0.0007295307119269974,0.9999865480474903
1741341883.78162,2,0.011167473303772109,-0.0006601634523664665,-0.008512772962139984,8.422150577483623e-05,-0.005282250355565229,0.000732055025660791,0.9999857773155368
1741341883.7986052,2,0.011157685582149197,-0.0006618431062433005,-0.008565432794091218,0.000343801088902023,-0.005283059648556282,0.0006681816823491566,0.9999857622060428
1741341883.8148372,2,0.011208789320618584,-0.000653634124752183,-0.008527584702612102,0.00010605466342995371,-0.005197810074780269,0.0006663394203165066,0.9999862636629624
1741341883.8320928,2,0.011375548353995504,-0.0006444384332356682,-0.00833050867109556,0.00023630876625138056,-0.005353173596514127,0.000622396230416016,0.999985450050922
1741341883.8482351,2,0.011133225970764908,-0.0006621151743727367,-0.008575621632473137,-0.00014550859261815694,-0.005243133993659946,0.0006377973743094755,0.9999860406964106
1741341883.864845,2,0.011128278570586072,-0.0006592895797068158,-0.00854592185631938,-0.00020624917911331002,-0.00522436887034531,0.0007434554777275821,0.9999860552553397
1741341883.8818614,2,0.01120225150027503,-0.0006556991938110055,-0.008443185963137248,0.00010206846189885696,-0.005216830120403639,0.0007933300150815501,0.9999860723495158
1741341883.8985286,2,0.011166962079041592,-0.0006586483474593684,-0.008504201917659113,0.00010438623644062938,-0.005244060092367439,0.0007082793147007157,0.9999859935407465
1741341883.9149728,2,0.011216961360740773,-0.0006546615712282602,-0.008486819666087385,0.0003948092326973171,-0.005288353052982701,0.0007386130118002574,0.9999856658465038
1741341883.9316573,2,0.011160128990939652,-0.0006639680270845215,-0.008586389477538668,0.00022844190549861672,-0.0051819260014064955,0.0005092019564063661,0.9999864179930542
1741341883.9488907,2,0.011147827180274638,-0.0006603332996035897,-0.00859915471348675,-5.389673959505228e-05,-0.005185013568127403,0.0006629626168348193,0.9999863365116588
1741341883.9656081,2,0.011251539160221447,-0.0006520578425575816,-0.008440210440181237,6.777172855928828e-05,-0.005288305513729015,0.0006622342602052102,0.9999857952378979
1741341883.9817445,2,0.011083462363138988,-0.0006669122163853152,-0.008599545907665616,-0.00025846792353300134,-0.005216619319245346,0.0006807686419910915,0.9999861282194201
1741341883.9984608,2,0.011138637272134046,-0.0006593777164281513,-0.008512450972413333,0.00016772371968288286,-0.005159298953703044,0.0007458798112030795,0.9999863984906833
1741341884.0151215,2,0.011185652790474883,-0.000660071211606909,-0.008482542936866943,9.866327075867835e-05,-0.005292821960298727,0.0006955158501634778,0.9999857461778932
1741341884.0317972,2,0.01116479271583993,-0.0006616316341895408,-0.008549865137688857,0.00045851710414715084,-0.005297906242851814,0.0006706660480660132,0.999985635976117
1741341884.0497825,2,0.01116066631251293,-0.0006591971155831505,-0.008587369008287302,0.00010347580352605934,-0.005175792234514041,0.0006268158052800474,0.999986403692295
1741341884.0655143,2,0.011271859653729295,-0.0006544202854329278,-0.008457422033107944,4.3823218158600624e-05,-0.005249779299028644,0.000549743145146855,0.9999860677426018
1741341884.0818052,2,0.011077390718786793,-0.0006679449079245643,-0.008647007195166057,-0.00014344514792622072,-0.005143288388998226,0.0006522331786092708,0.9999865502095105
1741341884.0989654,2,0.011119814100866135,-0.0006592438821258673,-0.008554525744820478,-0.000221225677519509,-0.005259035281524755,0.0006983689934044273,0.9999859028445632
1741341884.115055,2,0.011145990291073594,-0.0006576770793300065,-0.008512034826929532,-1.4430379969358155e-05,-0.005150001949827434,0.0007728087991092942,0.9999864399271826
1741341884.1322355,2,0.011136844370208466,-0.0006581356005760787,-0.008543433566076548,0.00015481038362738113,-0.005294799958376006,0.0007040232439436173,0.9999857226372875
1741341884.1486614,2,0.011234422235278409,-0.0006501070177412352,-0.008463382011342805,0.0003335069098566472,-0.0052903735843998646,0.0007135587193853724,0.9999856956749094
1741341884.1653233,2,0.011331623092113434,-0.0006507906753338773,-0.008385510082589297,0.0002023852126909282,-0.005280427901063523,0.0006283927836275625,0.999985840521713
1741341884.1825557,2,0.01119804314535453,-0.0006588206911074181,-0.008539703335362607,5.2747619494727084e-05,-0.0052584559061703,0.0005978564879307415,0.9999859941153133
1741341884.198539,2,0.011133034437892536,-0.0006622582408041307,-0.008581448614076123,-0.000125368441566847,-0.005241204821887315,0.0006766662259731291,0.9999860279911852
1741341884.215296,2,0.011084574317190376,-0.0006664327773908891,-0.008604599877927614,-0.00010304608414011053,-0.005275359900657608,0.0006350924512993411,0.9999858782087881
1741341884.231982,2,0.011142612873759443,-0.0006516843971445305,-0.00851659619707476,-1.2174160794481592e-06,-0.0051270841460627735,0.0007135466395128422,0.9999866018391798
1741341884.248675,2,0.011171893669595484,-0.000653708670182131,-0.00849892588444343,7.397888553722677e-05,-0.005356331321588585,0.0006942355775174652,0.9999854110330113
1741341884.2654634,2,0.011215676791417334,-0.0006538547713298336,-0.008482819262184284,0.0003372785231571002,-0.005255416663566576,0.0006327382247195617,0.9999859331416764
1741341884.2819524,2,0.01121196112402267,-0.0006565724440693346,-0.008520412520324558,0.0002055133391991307,-0.005257605823485119,0.0006509831059693783,0.9999859456843722
1741341884.2993975,2,0.011190328691071956,-0.0006602398382731374,-0.008550891560599702,1.2271270014836636e-05,-0.005172856198185854,0.0005979557862925904,0.9999864418366113
1741341884.3155053,2,0.011219946563460365,-0.0006571135134687908,-0.008492784751138181,-0.0001542091497090213,-0.005313277217956267,0.0006361018665123164,0.9999856702369083
1741341884.3320906,2,0.011087497679340771,-0.0006619506508896836,-0.00860755831902679,-1.767673600664212e-05,-0.005231173730197025,0.0006954123285484993,0.9999860753583675
1741341884.3489954,2,0.011106306758962216,-0.0006607584857151856,-0.00856439436446202,-0.00011024241876052243,-0.005173953631825318,0.0007123237744066044,0.9999863552295428
1741341884.3653634,2,0.01112940702106896,-0.0006607828781522041,-0.008546708802763727,0.00010870485610810405,-0.005287552363619265,0.0006831964580659696,0.9999857815068453
1741341884.382081,2,0.011263472319705845,-0.000651188104743881,-0.00842294559649324,0.0003356439147322466,-0.005243296828512555,0.000626650332072698,0.999986001147462
1741341884.398895,2,0.011239616399876631,-0.0006593967293430361,-0.008487433550148504,0.00035236589332456167,-0.0052693515765589545,0.0005890751058476027,0.9999858812817106
1741341884.4157085,2,0.011102466928831758,-0.0006660835562482436,-0.0086560267650724,-0.00012229087783081015,-0.005100682737419498,0.0006814153938363151,0.9999867517890497
1741341884.4322073,2,0.011210021913428328,-0.000653826283877505,-0.00850720966281925,-7.023162229850873e-05,-0.005302324355917865,0.000671394992111228,0.9999857147243197
1741341884.4491386,2,0.01125186102829026,-0.0006505366242199628,-0.008419679353597744,0.00025715227375256935,-0.0053778797322095034,0.000636047411193044,0.9999853037550026
1741341884.4663804,2,0.011160037283265197,-0.0006544497823765725,-0.008499586527855244,-0.00014856838447237924,-0.005213315138458598,0.0007256548038557955,0.9999861362528023
1741341884.4825897,2,0.011236448208316544,-0.0006540828765258954,-0.008416174088975761,9.934103691484955e-05,-0.005314440387564719,0.000683861524744713,0.999985639490958
1741341884.4992592,2,0.01113221464172001,-0.0006649749352884794,-0.008571246426703113,0.00033699459199361344,-0.005176347357228311,0.000616573978331561,0.9999863557565231
1741341884.515633,2,0.011180948881433521,-0.0006585542855389526,-0.008555436213191518,0.0003515713523490312,-0.00520881059416582,0.0006537775891918986,0.9999861585365281
1741341884.5325794,2,0.011213026218467958,-0.0006584428555378746,-0.00853006227364171,7.560775367784978e-05,-0.0052277148746883995,0.0005551840009238497,0.999986178430173
1741341884.549054,2,0.011207634972669491,-0.000656426095117193,-0.008514617910821722,-6.020814644479509e-05,-0.005293387471925113,0.000673190911905309,0.9999857615176564
1741341884.5658045,2,0.011169542251290297,-0.0006557163967267468,-0.008516467636538008,0.0001411040253271968,-0.005366636487346176,0.0006766949466360952,0.9999853605860517
1741341884.5823593,2,0.01117943238320906,-0.0006563999159956325,-0.008473683250860366,-3.2699664074816045e-05,-0.0052113425262296864,0.0006966170456143884,0.9999861776867208
1741341884.5992026,2,0.011131108321310257,-0.0006590076355568172,-0.008535373995989212,5.247489613194984e-05,-0.005197956217283267,0.0007630323481932179,0.9999861980443451
1741341884.6158874,2,0.01123255733951492,-0.0006537283313902695,-0.008454610952097968,0.000177984824467819,-0.005264879584799346,0.0007372852882578862,0.9999858527873099
1741341884.6324677,2,0.011242332094690192,-0.0006572183418984523,-0.008483603996527181,0.0003346984189181518,-0.005202863237725681,0.000545171087458463,0.9999862603954033
1741341884.64951,2,0.011168251563892145,-0.0006591301270258475,-0.008581113876148043,4.1201000628011675e-05,-0.005182849879931729,0.0005917544965049703,0.9999863930055325
1741341884.6656554,2,0.01125653910256149,-0.0006556954154834817,-0.008452369259596498,-0.00012653529061354432,-0.005373308567441945,0.0007137995732391581,0.9999853009089825
1741341884.6823487,2,0.01116992931793759,-0.0006631363596106168,-0.008512527502609262,0.00014990403289922826,-0.005317688691075516,0.0006148091973572442,0.9999856607599014
1741341884.6992946,2,0.011124271271024673,-0.0006580798399349481,-0.008536997687626538,-0.00010226342656648101,-0.005197006038150033,0.0007220498920302407,0.9999862295623797
1741341884.715887,2,0.011180822471082399,-0.0006552911060302728,-0.008480120522761087,0.00012497259611957929,-0.0052941497395764935,0.0006847583998338215,0.9999857436315375
1741341884.7324088,2,0.011100093300720077,-0.0006631406644520946,-0.008608984319177357,0.00025134097149675003,-0.005125538132127948,0.0006493126977997895,0.9999866219503103
1741341884.7491474,2,0.011296003957281671,-0.0006462275958756811,-0.008417133629864541,0.0003901800895403611,-0.005332142747198724,0.0006075534494819119,0.9999855233412268
1741341884.7663622,2,0.011268596292922036,-0.0006563410951768998,-0.008457128873669565,7.724063190198388e-05,-0.00523987601497746,0.0006176800979414524,0.9999860780053536
1741341884.7828226,2,0.011147475953202824,-0.0006624843852583788,-0.008580991692020522,-7.850825876697423e-05,-0.005241016991768759,0.0007151658655392076,0.9999860069596626
1741341884.7993648,2,0.011137598234073736,-0.0006607669641039297,-0.00855402859339175,-2.5005198853602067e-06,-0.005307924112943833,0.0007242365804771424,0.9999856506054146
1741341884.8158426,2,0.01115237469019519,-0.0006611924732808751,-0.008514649019571772,9.777989649253558e-05,-0.005174159484646101,0.0006227822770896537,0.9999864152352045
1741341884.8326395,2,0.011155896691670456,-0.0006537945443702454,-0.00850644658550499,-2.6288126226256362e-05,-0.005256667858616681,0.0007212945647333619,0.9999859231439758
1741341884.849144,2,0.011148493735955828,-0.0006570087501152264,-0.008544508207347968,0.00012157373954388807,-0.005193037906792494,0.0007076112418735876,0.9999862583373108
1741341884.8660107,2,0.011171826780856037,-0.0006607326437825485,-0.008555617267029901,0.00033924482732621296,-0.005296915767846205,0.0006067839003648665,0.9999857296029748
1741341884.882935,2,0.0111484862580144,-0.0006579675836697008,-0.008596798904428434,-6.95944817507029e-05,-0.005163278927266322,0.0006439521492827644,0.9999864604248183
1741341884.8993163,2,0.011261887517746736,-0.0006541717222103586,-0.008455097959890573,7.100847541003126e-05,-0.005318323099015204,0.0006191165448774877,0.999985663443189
1741341884.91614,2,0.01112224982123119,-0.0006616929404947345,-0.008579598778644393,0.00018799975714896302,-0.0052095885113479555,0.0005935714896903454,0.9999862361635385
1741341884.9327414,2,0.011089775900465735,-0.0006586199094763979,-0.008583518237032338,-0.00037331514076594825,-0.0052176648889375975,0.0007360851263059393,0.9999860472964607
1741341884.9492702,2,0.011194772564985113,-0.0006549234602945319,-0.008460093432775782,3.744291773688423e-05,-0.005208761827824931,0.0007295236978682152,0.9999861675010425
1741341884.96637,2,0.011101118454324306,-0.0006650777329234428,-0.008598596241150419,0.00010521836080444583,-0.005165490403895804,0.0006666169018191983,0.9999864310378866
1741341884.9826517,2,0.011266008560385085,-0.0006521122436659262,-0.008444488197082156,0.0004372275760781482,-0.005303654093002114,0.0005798026782731456,0.9999856718544334
1741341885.000091,2,0.011201610757154703,-0.0006617663900722699,-0.008538575413506269,0.00023804131378226637,-0.005232064847781064,0.0005327360480575228,0.999986142417016
1741341885.0162373,2,0.011139312616881546,-0.000662943345011807,-0.008597976266567092,-5.049708187492885e-06,-0.005254554786924838,0.0006531743587882079,0.9999859813976136
1741341885.0328047,2,0.01123191163923957,-0.0006534125393783532,-0.008448433678142976,5.030108833460127e-05,-0.005306066284031672,0.0006587820709976304,0.9999857044661052
1741341885.0493968,2,0.011042344146735912,-0.000668996795258757,-0.008641562841876312,-0.00018320729725758864,-0.0051135624062747815,0.0006798453156229975,0.9999866777737343
1741341885.0661662,2,0.011143452184681824,-0.0006563377970188095,-0.008516644765523652,4.209067142087214e-05,-0.005140745849628569,0.0007045870983913738,0.9999865371681289
1741341885.08284,2,0.011176576393680328,-0.0006578199908501002,-0.008508252162445542,0.00014257017524034343,-0.005175241979144209,0.0007692685435651725,0.9999863022912415
1741341885.0994477,2,0.011235769868055218,-0.0006564154927815596,-0.008477417013450377,0.0003256507190606832,-0.005312472027622847,0.0006667965880868101,0.9999856133839501
1741341885.116525,2,0.011213190356512515,-0.0006576834972975608,-0.008520548059276847,0.00021679768055049795,-0.005220423187455828,0.0005954990937271136,0.9999861726850722
1741341885.1328049,2,0.01123261042361029,-0.0006608741583879416,-0.008489937624199192,-4.87152022404532e-05,-0.005324448612328469,0.0007553552743534497,0.9999855385515399
1741341885.1494708,2,0.011142400391795607,-0.0006594054447299225,-0.00855634498652543,8.065375876709591e-05,-0.0052299691517769704,0.0006625271351167566,0.9999861008911263
1741341885.1665826,2,0.011156664590382831,-0.0006547977178664611,-0.008509144315078689,-0.00012331354951378498,-0.005163655171926356,0.0007090631810569336,0.9999864092518653
1741341885.18296,2,0.011145643128140457,-0.0006576877132791651,-0.008517357577018506,-0.00010658184062054695,-0.005184596700769676,0.0007332090992405463,0.9999862854068441
1741341885.1998603,2,0.011110117643348981,-0.0006591886095887809,-0.008584710775650416,0.00013860822818902648,-0.005178917166139134,0.0007561686217413889,0.9999862938129506
1741341885.2164493,2,0.01132106371262487,-0.0006481453418371163,-0.008375044036534449,0.0004235394552987948,-0.005415282042463267,0.0007102810484470173,0.9999849953052108
1741341885.2331142,2,0.01123444757332468,-0.0006609949550872601,-0.008498052841364588,0.00014508191673737864,-0.005209675315791629,0.0005948255085757916,0.9999862421138381
1741341885.249722,2,0.0111353976195021,-0.0006629068722547094,-0.00860194966021701,0.00010254574852271609,-0.005263529420293546,0.0006132877101200747,0.9999859542116558
1741341885.2665865,2,0.011200216957935943,-0.0006569568608182382,-0.008495116768177104,0.00012122378050306202,-0.005222503414580404,0.0006801190402024527,0.9999861240042138
1741341885.2829285,2,0.01111674963227177,-0.0006640459061666883,-0.00856532613857213,-0.0001310471333594145,-0.005310903562793623,0.0007183584304374256,0.9999856304423385
1741341885.300034,2,0.011199454331314918,-0.0006525585096802758,-0.008456333344838791,2.585999363397675e-05,-0.005208541478851793,0.0007165679796912242,0.9999861783831087
1741341885.3163755,2,0.01115242388075468,-0.0006630194243364905,-0.008531460761379027,9.789619924165175e-05,-0.005255086131341996,0.0006731346267141588,0.9999859605893778
1741341885.3329608,2,0.011150112071331972,-0.0006636829479806108,-0.008570225971396546,0.0004214260868032412,-0.005259211714079312,0.0006498857406423594,0.9999858702705373
1741341885.3503923,2,0.011198896830291573,-0.0006571807727942743,-0.008535051022779403,0.00011743301053248862,-0.0051809951731119205,0.000629749257725128,0.9999863733643457
1741341885.366348,2,0.011212436300707519,-0.000660754594398948,-0.008518333204822615,0.0002647296321602944,-0.005264116139796411,0.0005461735722018029,0.9999859602484015
1741341885.3836117,2,0.011133368580178294,-0.0006610950661137581,-0.008576681746208212,-0.0001330804196954179,-0.005311509839687741,0.0006577596451219423,0.9999856686498433
1741341885.3996916,2,0.011173990905013455,-0.0006602167192571122,-0.008501102092397631,-3.2790404772053545e-05,-0.0053495741037227085,0.000690338186960368,0.9999854521016222
1741341885.4164608,2,0.011071616545828906,-0.0006665321593185447,-0.008606035955260622,3.9295540352753965e-05,-0.005121303173924173,0.0007172329733726038,0.9999866280538571
1741341885.4331768,2,0.011115438191024486,-0.0006616664502004817,-0.008568254640446443,-9.9384431630073e-06,-0.0052438305830886135,0.0006713366282407417,0.9999860256269458
1741341885.449764,2,0.011311497324855544,-0.0006522308975558918,-0.008376237124828791,0.0004117072170915633,-0.005323804422433056,0.000632709770738693,0.9999855435364978
1741341885.4674563,2,0.011178880627710042,-0.0006628249204334205,-0.008561850727168672,8.759260731007634e-05,-0.00519212339966785,0.0006536489710742484,0.9999863033687814
1741341885.4831562,2,0.01127970041301297,-0.0006500061797481674,-0.008442733724077799,0.00026855818858322853,-0.005308063712260621,0.0006150058686481095,0.999985686949522
1741341885.5002677,2,0.01120651490987428,-0.0006577680787239319,-0.008497706509753736,-6.046902988164524e-05,-0.005259570642839857,0.0006307086202564968,0.9999859676349393
1741341885.5167968,2,0.011071349920771823,-0.0006627533465856846,-0.008619864403130461,-0.00021936312057438937,-0.005268733080417369,0.0007281508774908947,0.9999858309635433
1741341885.5333726,2,0.011093292160071922,-0.0006625182414924931,-0.008576742904195587,-9.259011260824141e-05,-0.005142885002936533,0.0007398898545674271,0.9999864972707985
1741341885.550064,2,0.01115358821159195,-0.0006630329511303106,-0.008525621215340163,0.0001058786266524686,-0.005305230428665501,0.0006117621372578055,0.9999857344316981
1741341885.5666275,2,0.011169608023721585,-0.0006584229977689738,-0.008539405533050892,0.00040029364682713474,-0.0052895787924857164,0.0007037009870798631,0.9999856823605602
1741341885.5836484,2,0.0112334820705086,-0.0006563751206980725,-0.008495620901061126,0.00017108695891334942,-0.005258037091418665,0.000641062126939725,0.999985956308661
1741341885.6004264,2,0.011185312401490418,-0.0006621285400606999,-0.008552965729906627,0.00012961786873258698,-0.005282380418620605,0.0006796483761937121,0.9999858087665073
1741341885.6167073,2,0.011113928504264731,-0.0006608372385762346,-0.008603408926805306,-0.00027545757056596817,-0.005260833720688998,0.0007026632349314205,0.9999858769083034
1741341885.6332998,2,0.011245528954982533,-0.0006537861827051984,-0.008419615316628838,-5.3359014488551765e-05,-0.005358185639814971,0.0007214056068814563,0.9999853831798818
1741341885.6505115,2,0.01109399782850257,-0.0006601584264502094,-0.008577762048162152,-2.5521444551562773e-05,-0.005143452485107273,0.000705013511419429,0.999986523509761
1741341885.6666448,2,0.01119910963290345,-0.0006511221728421494,-0.00847008840877844,-2.2430580002746552e-05,-0.005279557666448534,0.0007643341564722558,0.9999857706792696
1741341885.6836383,2,0.011191861853102912,-0.0006582478342922256,-0.008511919724128887,0.00031616530625815163,-0.005268261239696603,0.0006634674192243438,0.9999858525369213
1741341885.700183,2,0.011230205951370243,-0.0006531257533601276,-0.00849637482210117,0.0003374682555783001,-0.0052317281897466365,0.0006774558344734558,0.9999860279968503
1741341885.7170417,2,0.011368898047924977,-0.0006467221518507548,-0.008335803045038627,0.0002596080250828712,-0.00534752782670551,0.0006157040259968872,0.999985478623749
1741341885.7337642,2,0.011188716215811788,-0.0006594427733082555,-0.008519707026222604,2.6791139117029265e-05,-0.00525377187896046,0.0005809176720495549,0.9999860297513845
1741341885.7500458,2,0.01116941366053561,-0.0006543637909589198,-0.008508429497976531,-6.550627626938715e-05,-0.005306345255529985,0.0007152350872608826,0.9999856633210932
1741341885.7674248,2,0.011172106415039304,-0.0006563651825039862,-0.008488382034960716,-5.2887667953538004e-05,-0.005166806818151572,0.0006433567786543014,0.9999864436092389
1741341885.783455,2,0.011104697097811434,-0.0006640774792214182,-0.008580819639056938,6.685922762411894e-05,-0.005293224366494091,0.0007512907693710972,0.9999857063317603
1741341885.80019,2,0.011206230593374694,-0.0006521411247065574,-0.008486866171591802,0.0002590004687700733,-0.005265868174267988,0.0006485213601144564,0.9999858913860604
1741341885.8175607,2,0.01130028580768609,-0.000653274373144667,-0.008410049775529144,0.0003478035937655169,-0.00532932681026161,0.0006607308699332356,0.9999855202667323
1741341885.8337457,2,0.011189306572245135,-0.0006585397229180736,-0.008545542059349973,0.0003020053024027815,-0.005225038231359136,0.0006099391388663465,0.9999861177749044
1741341885.8505023,2,0.011257491762624127,-0.0006482295454133426,-0.008438743572824751,-9.275869491437185e-05,-0.0053314568831894695,0.0006008478512933749,0.9999856028689547
1741341885.8668027,2,0.01117464554994688,-0.0006585720840429109,-0.008507997607517028,-5.0551748525636335e-05,-0.005295464405494215,0.0006733538251212045,0.9999857509464208
1741341885.8835855,2,0.011177234432400259,-0.0006538108355642918,-0.008480610838275872,8.018539935888291e-05,-0.005195491499109401,0.0007408781948972786,0.9999862256740764
1741341885.9003725,2,0.011238059115447445,-0.0006556412939957082,-0.008416468507863113,9.769512255966972e-05,-0.005357449874710117,0.0006943354491486365,0.9999854029358564
1741341885.9170253,2,0.01119095202163975,-0.0006561298979449115,-0.008499626095714008,0.0003525328584923643,-0.005291266415212028,0.0005759207605818067,0.9999857731665909
1741341885.933797,2,0.011289848266591691,-0.0006460951092161667,-0.008416693967309307,0.0003664091773853996,-0.005394859553176765,0.0006130950336988824,0.9999851925649679
1741341885.9503202,2,0.011206272129034965,-0.0006594305482946777,-0.008529041444444841,0.00015054746464779738,-0.0052599471083141815,0.000566187447290243,0.9999859947637532
1741341885.9674792,2,0.011090084196889009,-0.0006635015519282932,-0.008643037060848867,-0.00010443189646604958,-0.005263960849007271,0.0006756278368141549,0.9999859115693506
1741341885.983807,2,0.011248419643827624,-0.000650380236271532,-0.008420565976100202,0.00021638381369064368,-0.005483054315655327,0.0006933266476827024,0.999984704178807
1741341886.0007849,2,0.011105261269214893,-0.0006643160687248644,-0.008563857934108226,-0.000126357601171209,-0.005177921805690304,0.0007153002285643672,0.9999863306591316
1741341886.017323,2,0.011102572574285091,-0.0006586512812938101,-0.008567865372328738,0.00017635764536016738,-0.005270258413974181,0.0006629335567289683,0.9999858767969326
1741341886.0337589,2,0.0111758628019141,-0.0006552040401817907,-0.008514880451023705,0.00019402035946011628,-0.005245047821652949,0.0006738597405998367,0.9999859987732322
1741341886.0505385,2,0.01119288614575281,-0.0006606741731631224,-0.008534512532015206,0.0002733956762966583,-0.005284572319499803,0.0006688353973142836,0.9999857755035396
1741341886.067263,2,0.011246129409596612,-0.000655175639512245,-0.008477755069855056,0.00031266891397897643,-0.005310006609786091,0.0005891690142896984,0.9999856793713733
1741341886.0837026,2,0.01122162131374706,-0.0006581793552656173,-0.008484762066000523,-0.00010354972760735176,-0.0053675035611506425,0.0006267542846137556,0.9999853930743396
1741341886.1003752,2,0.011133739972484532,-0.0006607115812511125,-0.008553916743003268,-4.149662737312244e-05,-0.0053365149595948035,0.0006767099235865904,0.9999855308702198
1741341886.1178544,2,0.011230896577702633,-0.0006458530072137941,-0.008418039407186285,-3.179045643680292e-05,-0.005269655287468756,0.0007089418587603343,0.9999858634620588
1741341886.1340005,2,0.011213414851562117,-0.0006561084522816158,-0.008448730726974635,0.0002525676177397858,-0.005365949050110033,0.0005732220298318132,0.9999854070019696
1741341886.1507275,2,0.011124385474548592,-0.0006597880977726398,-0.008576925094243784,0.00021836701895033836,-0.005218914974670223,0.0007138924636840072,0.9999861027033738
1741341886.1672919,2,0.011297001551835894,-0.0006494524459702005,-0.008406745064338417,0.0002327924180304203,-0.0053742816076709655,0.0006606592515968859,0.99998531310927
1741341886.184052,2,0.011246851485261451,-0.0006572430236080796,-0.008477400342052535,0.0002286849172489339,-0.005337119206951294,0.0006471674745359352,0.9999855219132122
1741341886.2010803,2,0.011197824496714671,-0.0006548041184985517,-0.008517322197713052,-8.102441503470798e-06,-0.00527849604063802,0.0006512216181728535,0.9999858565621332
1741341886.2172055,2,0.01117257880721665,-0.000660655449611911,-0.00851939331355018,2.4928086789749015e-06,-0.0052323846647021645,0.0006353505534557925,0.9999861091406124
1741341886.2339847,2,0.011185352329139298,-0.0006551636635300121,-0.008480687257988555,3.759456534440484e-05,-0.0052394049311881505,0.0007053015820335484,0.9999860247884937
1741341886.2506278,2,0.011182166525974122,-0.0006522025739399748,-0.00847951727013652,-0.00013148963768272362,-0.005258881221097575,0.0007785950528408457,0.9999858602342941
1741341886.267619,2,0.011163911495644956,-0.0006591094003751902,-0.008530794362757964,0.0001299003835047209,-0.005234777961066759,0.0007030763077877314,0.9999860428572461
1741341886.2841506,2,0.011210637765597498,-0.000650835331288506,-0.008508501337438088,0.00033136311473462034,-0.005281722237083071,0.0006719382235381018,0.9999857709526272
1741341886.3007867,2,0.011276610586308277,-0.0006499892731567262,-0.00844487655800575,5.1665635276764164e-05,-0.0052797961283446455,0.0006283460767025964,0.9999858630324298
1741341886.3174145,2,0.011223651257789395,-0.0006593065350896354,-0.008495568212977046,0.00013430648089981243,-0.005308912004119152,0.0005782365003224696,0.9999857314270297
1741341886.3343122,2,0.011175217530687608,-0.0006554767539575885,-0.00851530747277979,-0.00016418982632948498,-0.005294676745408675,0.0007499545585358495,0.9999856884016005
1741341886.3511467,2,0.011241721553535205,-0.0006530289414046987,-0.008411077595820946,-0.00014571782068199308,-0.005289063566206495,0.0006743305448597254,0.9999857748244351
1741341886.3676898,2,0.01113688990920244,-0.0006616443371435882,-0.00853168530512187,-4.141903335433421e-05,-0.005214689655313916,0.0007215175898212517,0.9999861422582965
1741341886.3841372,2,0.01121339438905106,-0.0006538980343550081,-0.008470183862048664,0.0003591677254062904,-0.00519276585319783,0.0006667592234873876,0.9999862307119417
1741341886.400798,2,0.011241193816751649,-0.0006556805389274988,-0.008475893023882321,0.00036302135992197416,-0.005298701239535185,0.0006090315925452219,0.9999857104284968
1741341886.4177482,2,0.011092945415714739,-0.000666311824302348,-0.008659660374996008,-7.9686544015671e-05,-0.005115954710552447,0.0006922332590611995,0.9999866706464489
1741341886.434194,2,0.011199698764063027,-0.0006567213708162777,-0.008520945283656269,1.8101812989255745e-05,-0.0052834371903763035,0.0006510185212855987,0.9999858304689445
1741341886.4508848,2,0.01119310662739967,-0.0006564844004075414,-0.008496974352509491,0.00015752849843701086,-0.0053036904528024256,0.0006027409077384267,0.9999857412762199
1741341886.468351,2,0.01116842473454135,-0.0006525256795427247,-0.008497877975654223,-0.00012104833462994284,-0.005276820887300991,0.0007044929694902183,0.9999858219986321
1741341886.4845316,2,0.011129550335889075,-0.000661209733192293,-0.008545505010923141,0.0001275740340975386,-0.005252434871477629,0.0006388290903048521,0.9999859936770016
1741341886.5010726,2,0.01110700163628135,-0.0006632767191862312,-0.00859338588544425,0.00011993882310919262,-0.005139086930038901,0.0006589314008941788,0.999986570514631
1741341886.517611,2,0.011277282922374903,-0.0006496947373035627,-0.008426127504801975,0.00037450040078562647,-0.005339691131260348,0.0006340411604784527,0.9999854726144172
1741341886.5344336,2,0.011257613680726638,-0.0006582345957062085,-0.00846697731636961,0.00010298235856216353,-0.005227080673160798,0.0006305601481344063,0.9999861346119603
1741341886.5513482,2,0.011120523911206806,-0.000661495502471032,-0.008615175624307636,7.495302866577193e-07,-0.0052687448929070605,0.0006738583871882934,0.9999858930212795
1741341886.567534,2,0.011197676033597977,-0.0006547778195212313,-0.008493131153623342,7.607735225585995e-05,-0.005301507476168973,0.0007018644000402785,0.9999856977062626
1741341886.5846121,2,0.011042195679781593,-0.0006689626917832627,-0.008650437059633627,2.9143654235731157e-06,-0.00530014578502676,0.0006265545114909641,0.9999857578363844
1741341886.6010137,2,0.011057059006440108,-0.0006609085963700891,-0.008626381920629637,7.552524157986736e-05,-0.005134740302703712,0.0006998891790669774,0.9999865693563583
1741341886.6175928,2,0.011141047292112065,-0.0006606310871499655,-0.008546979501250222,7.445051964221227e-05,-0.005223114355670795,0.0007111323357449708,0.9999861038156224
1741341886.6345582,2,0.011158922835785451,-0.0006590423360500772,-0.008558345146861194,0.00040385059192712437,-0.005269296637911529,0.0006003548991099286,0.9999858553957832
1741341886.6510372,2,0.011306456441962192,-0.0006456892449695198,-0.008407238893089298,0.0003203939887753596,-0.005331492809905046,0.0006297125202422058,0.9999855378925495
1741341886.6681094,2,0.011286276633259084,-0.0006569542088603759,-0.008426338820055961,8.892596179620775e-05,-0.005389407857888879,0.0007062224287666756,0.9999852237033284
1741341886.6843398,2,0.01109100295318614,-0.0006623344863881499,-0.008616629858062313,0.0002458428513970667,-0.005205941736564097,0.0006309709837458244,0.9999862197088246
1741341886.7016888,2,0.011179328432041067,-0.0006552209897524352,-0.008485749045767661,-0.00012292305906594123,-0.00525489824434022,0.0006959949685724201,0.9999859431638862
1741341886.7179303,2,0.011116852320467555,-0.0006605927256440764,-0.008551523261165808,8.978904414005128e-05,-0.005149126181552806,0.0007478796450164247,0.9999864594650922
1741341886.7344396,2,0.011036785228136985,-0.0006604938161007094,-0.008664451356252538,8.998452496345634e-05,-0.0051734384759461235,0.0006286305640457004,0.9999864160381053
1741341886.7510939,2,0.01125958945608637,-0.0006512384671561191,-0.00844177230123796,0.00035744083819359704,-0.005369742292610576,0.000673094997471405,0.9999852924152847
1741341886.767777,2,0.011093509809481709,-0.000664687826440084,-0.008657001317092036,0.00019797838334950337,-0.005244348465115056,0.000671093928670522,0.9999860035253869
1741341886.7845707,2,0.011212300168111653,-0.0006539071403425952,-0.008509072705839942,0.00011747934927103086,-0.005299448555665152,0.0006034031263607333,0.9999857688728752
1741341886.8012874,2,0.01115247526090133,-0.0006611213681573423,-0.0085487299783566,0.00021052226765817968,-0.005239723631713889,0.0005875535792604199,0.9999860777818007
1741341886.818131,2,0.011085439161450128,-0.0006589638334395725,-0.008598164070249775,-0.00013905141896737407,-0.005263335156649467,0.0006980921435560939,0.999985895218073
1741341886.8349404,2,0.011170216839011676,-0.0006560697570803778,-0.008492442771240229,5.1346229843540365e-05,-0.005310172231611439,0.0007075729807768244,0.9999856492844845
1741341886.8514392,2,0.011147942747737151,-0.000658885673015527,-0.008536591217489998,4.3478531716497444e-05,-0.005213441207202785,0.0006879156080621326,0.9999861723606545
1741341886.8678966,2,0.011187303826606173,-0.0006534767884297832,-0.008513691749563101,0.00021141776731152797,-0.005277386542012102,0.000660827953376832,0.9999858337997742
1741341886.8848653,2,0.011260202960429986,-0.0006559287934504136,-0.008453106367626008,0.0003336253658505796,-0.005286689343006867,0.0005802537408475107,0.9999858013569503
1741341886.901623,2,0.011138171309506568,-0.000663362859441037,-0.008595970311270943,0.000142836832380508,-0.005257648589051432,0.000617375140993929,0.9999859776901318
1741341886.9179988,2,0.01111440806766223,-0.0006596346877821059,-0.008598450579086871,-3.634605315004665e-05,-0.005207221003148812,0.0006474361057623037,0.999986232082661
1741341886.9348617,2,0.011197227714656678,-0.0006589532184634348,-0.008475824390704295,0.00031630684697203757,-0.005267055761090864,0.0006504358009871512,0.9999858674035633
1741341886.9513233,2,0.01104549002505454,-0.0006622792984695959,-0.008639015614862515,-6.380233007970253e-05,-0.005086631083107181,0.0006729959414837316,0.9999868345083098
1741341886.9685268,2,0.011188856961646966,-0.0006551500796409801,-0.008484153633584242,0.00011303524750056898,-0.005321441294767088,0.0007317759150953576,0.9999855668906372
1741341886.984646,2,0.011056493766604305,-0.0006698715195519494,-0.008663871855545145,0.000214582005915511,-0.005157828196927754,0.0006008533821935906,0.999986494777838
1741341887.0014937,2,0.011199548005548841,-0.0006552895751498407,-0.008523611271942387,0.00022790181901497604,-0.00531074635919904,0.0006623741629572207,0.999985652544244
1741341887.0184758,2,0.011275155357432454,-0.0006572090621702263,-0.008440641218298342,0.00018409360889798675,-0.005335471628889928,0.0006461024178854874,0.9999855405973159
1741341887.0348558,2,0.011028013725223036,-0.0006689467646671095,-0.008702336462274307,-0.00025264081552001024,-0.005200479889779677,0.0007106990959478373,0.9999861929488474
1741341887.052039,2,0.011202707354525275,-0.0006514713201555211,-0.008466566529306713,-1.8283348868870503e-05,-0.005316724579796724,0.000728071327180287,0.9999856009051352
1741341887.0681841,2,0.0111520556458545,-0.0006578852968659253,-0.008517012097206777,2.124120989111088e-05,-0.005218832942838998,0.0007327676054288412,0.9999861130951581
1741341887.0848336,2,0.011158221305743983,-0.0006551561009575255,-0.008520609472658121,5.479969001714211e-05,-0.005291124828166987,0.0007625448249739378,0.9999857096581114
1741341887.1016152,2,0.011297963633565224,-0.0006533723354081022,-0.008384696840637541,0.00021498172053054806,-0.005271721083492146,0.0006657216919463185,0.999985859677179
1741341887.1187177,2,0.01110685270658422,-0.000665123472808602,-0.00863615171962621,0.0003418324053545625,-0.00520171693718733,0.0006230865387164959,0.9999862184323728
1741341887.134862,2,0.01131957656910599,-0.0006440719572381632,-0.008388377198356568,0.0001483102105722349,-0.0053373891131656154,0.0006329030278706386,0.9999855447531696
1741341887.1515172,2,0.011252613961678667,-0.0006562644276954567,-0.00844667050521285,0.0001763123871786321,-0.0052612376379515755,0.0005252316114123182,0.9999860061141924
1741341887.168898,2,0.011167439802358044,-0.0006552336246137319,-0.008514255301915711,0.00013957737136697284,-0.005180874804055208,0.0006514523090552486,0.9999863572390931
1741341887.1852658,2,0.011191323733231458,-0.0006546145896361801,-0.008473837557703322,-0.00012621364485922824,-0.0052780975828614785,0.0007336569277049465,0.9999857936508569
1741341887.2016788,2,0.011131866350238223,-0.0006628356353412495,-0.008554816239688328,8.491770345931237e-05,-0.005257936754464657,0.0006655977197049318,0.9999859518361971
1741341887.2184038,2,0.01110058639148653,-0.0006561866106740544,-0.008609655676299403,0.00016262903586257972,-0.005184387232662634,0.0007021287111918902,0.9999863012542178
1741341887.2352245,2,0.011276701347625652,-0.0006496919180542561,-0.00843795965449312,0.00029394368738305105,-0.005264772716101728,0.0006876039700874797,0.9999858613831181
1741341887.2515981,2,0.011151572763794056,-0.0006592469594175372,-0.008590070070317521,0.0002146166434492898,-0.0051809373576180385,0.0006854638613066437,0.9999863208899847
1741341887.2686028,2,0.0111966547558168,-0.0006554567771524372,-0.008513315191496744,-8.866154160182494e-05,-0.0052813421360984455,0.0007014104585752856,0.9999858036931031
1741341887.2852702,2,0.011120900975639779,-0.0006652856173506845,-0.008571848324331461,-5.078164365983864e-05,-0.00524140017220019,0.000690305798577826,0.9999860242140206
1741341887.301919,2,0.011057429077429381,-0.0006625775998565315,-0.008624338694576713,-0.00023668398608831854,-0.005129035538731593,0.0007849118473262055,0.9999865103532773
1741341887.3185835,2,0.011180843542483136,-0.000658331043399872,-0.008494708375647439,0.00014583542131862103,-0.0052812146269305546,0.0007020227001621872,0.9999857972332521
1741341887.335053,2,0.011108464570120343,-0.0006651446926566937,-0.008603548840711853,0.0002408239221932387,-0.005175386453146887,0.0006117559846689853,0.9999863914741612
1741341887.3516536,2,0.011231279300105113,-0.0006488428514314868,-0.008489339705476726,0.0002620153592184217,-0.005330853420299484,0.0006406738377205779,0.9999855513390163
1741341887.3684547,2,0.011244766357179407,-0.0006568756174264148,-0.00848110328643517,0.00026927677317228074,-0.005222446715836774,0.0006440903476103414,0.9999861192476343
1741341887.385179,2,0.011217936278509155,-0.0006526171135513625,-0.008483864543859937,0.00015251173919265213,-0.005281161276016793,0.0006575012887722243,0.9999858267834606
1741341887.4021697,2,0.01113775408091724,-0.000659233349891518,-0.008549231764053845,-0.0001291088157783528,-0.005241920735157557,0.0006959742097610032,0.9999860105110568
1741341887.4184284,2,0.011100456546061175,-0.0006704615846674956,-0.008578144119726374,-0.0002201899424482735,-0.005214486285320638,0.000727268788193109,0.9999861157682536
1741341887.4356582,2,0.011149716677264455,-0.0006564798710614332,-0.00852892655968654,8.844344493170488e-05,-0.005296609551359045,0.0007345333094107601,0.9999856991806607
1741341887.4517887,2,0.011254974446350617,-0.0006551303155574209,-0.00843242684726757,0.00025882740021801806,-0.005284108296271396,0.0005936626459854833,0.9999858292858719
1741341887.4688582,2,0.011168677171665378,-0.0006623959742436901,-0.008559626806962952,0.00023301218429324413,-0.005249279195138188,0.0006557894907930524,0.9999859802584221
1741341887.4851897,2,0.011246847898748287,-0.0006479328913746935,-0.008471170705505852,0.00010170481327946209,-0.005315295531316731,0.0006582373688595154,0.999985651903622
1741341887.5018642,2,0.011178829122351264,-0.0006624043494420786,-0.0085369226294301,-9.573018635843257e-05,-0.0052396312442413405,0.0007448184760988022,0.9999859910746717
1741341887.519175,2,0.011088264930344443,-0.0006614718059417524,-0.008612405844223462,-1.4519669430244236e-05,-0.005208324821818604,0.0007442907844987553,0.999986159490699
1741341887.535794,2,0.011167764183850551,-0.0006583647333033098,-0.008504171041520849,-3.616398072353505e-05,-0.005248148103359272,0.0007237577927553101,0.9999859658056753
1741341887.5520644,2,0.011124284212785203,-0.0006626564145300617,-0.008558699546728162,0.00013351473861034744,-0.00529502641954258,0.0006601297266782126,0.9999857544474196
1741341887.568534,2,0.011156127359959444,-0.0006552811598850512,-0.008539579945027262,9.935777756545063e-05,-0.0052272875870998155,0.000722629383131115,0.9999860716026441
1741341887.5856926,2,0.011266999556244179,-0.0006569721103776306,-0.008441550608892852,0.00038667955986446394,-0.005338767608893408,0.000560508941110905,0.9999855168296505
1741341887.6021829,2,0.011104512493215268,-0.0006661780359197512,-0.008641607799003593,0.00021825264438560957,-0.005194788353139368,0.0006008657184635355,0.9999863026562602
1741341887.6189868,2,0.011321975648686644,-0.0006435118417639973,-0.008373841537030286,-0.00010070922042755625,-0.005326965411338699,0.0006408635394416371,0.9999856011918787
1741341887.6354709,2,0.0111977348783182,-0.0006582227954397871,-0.008488900636002517,0.00012117528364615664,-0.005283986831012149,0.0005933299432292123,0.999985856279627
1741341887.6523962,2,0.011138289681514982,-0.0006551939453422975,-0.008536878334183266,-0.00011247966869495339,-0.005232963367540404,0.0007944575302160268,0.9999859860417799
1741341887.6685936,2,0.011255015440380491,-0.0006518918463570342,-0.008404104021336829,1.940444520457713e-05,-0.005364280226430822,0.0007302085593361555,0.9999853453509104
1741341887.6853216,2,0.011117357223117652,-0.0006618149259574332,-0.00858556525877253,0.0002644677400472227,-0.00517913972938472,0.0006617335145199187,0.9999863342452404
1741341887.7025614,2,0.011291313510440586,-0.0006448619253605453,-0.008411372760186196,0.00024706552766606387,-0.005319836477509633,0.0006619717666918134,0.999985599942248
1741341887.7187912,2,0.011268479492744529,-0.0006582113875862705,-0.008455154965995174,0.0003224903055646875,-0.005253327120074983,0.0006163753892551055,0.9999859592192042
1741341887.735702,2,0.011223290280520467,-0.0006500603198508446,-0.008489461098757123,-1.2621130461380905e-05,-0.005276938555078321,0.0006497863205774372,0.9999858656690757
1741341887.7523117,2,0.011285708212733676,-0.0006494056953528929,-0.00838411950562559,-5.380418183163832e-05,-0.0053793456455850045,0.0007148201803248717,0.9999852742803992
1741341887.768629,2,0.011108102296019396,-0.000666318281368857,-0.008572632023099967,-6.416062103435141e-05,-0.005255788498640452,0.0006408176698373025,0.999985980863425
1741341887.7854266,2,0.011162528297303425,-0.0006551373881432417,-0.008508344933651019,3.37045134599222e-05,-0.005275619533902317,0.000734129597734853,0.9999858137775121
1741341887.8021038,2,0.011234829378429866,-0.0006564155729339344,-0.008450677422948544,0.0001260510043635619,-0.005227122919501209,0.0007077283832272506,0.9999860801119504
1741341887.8189094,2,0.011142849681392489,-0.0006590783617610584,-0.008585404118995898,0.00016246543596267412,-0.005241660762662162,0.0006584498539428953,0.999986032423064
1741341887.8358839,2,0.011339917398468105,-0.0006461248363461463,-0.008368651828501493,0.000298635810447666,-0.005312082482225029,0.0006119520027979973,0.9999856589527177
1741341887.8522072,2,0.011249354323143787,-0.0006587163988814633,-0.008463338453072141,0.0002046841793199737,-0.0052961781463927,0.0005923616362917151,0.9999857787534382
1741341887.8692477,2,0.01114502129447168,-0.0006567990605601373,-0.008550527856196286,8.729909987868347e-05,-0.005285232130351845,0.0006997693467186513,0.9999857844104869
1741341887.8855202,2,0.011205512150579125,-0.0006577456635546697,-0.008463652429524897,-2.440560023670101e-05,-0.005326448633177362,0.0006835855388681484,0.9999855804261059
1741341887.90215,2,0.01109403009833091,-0.0006626259839799708,-0.008591951140360104,-3.137240076106426e-05,-0.0052502493810734985,0.0007812493384949039,0.9999859116740997
1741341887.9191241,2,0.011256890878160905,-0.0006475336797689529,-0.008419855521851058,0.00022223983969560862,-0.0052630817730875065,0.0006825976382469056,0.9999858922205691
1741341887.9357903,2,0.01135998454175919,-0.0006525831829862693,-0.008329218653664277,0.00018131725590678994,-0.005382232699507282,0.0007025629981213251,0.9999852524414822
1741341887.9524758,2,0.01115143864335598,-0.0006595455532424625,-0.008582639449002762,0.0002150436912938293,-0.0052695571626943175,0.0006236200788808543,0.9999858982113283
1741341887.9690626,2,0.01124771520372553,-0.0006532340806809535,-0.00846408140550326,-7.632990755875872e-06,-0.005319058561842708,0.0006801497473617308,0.9999856223736792
1741341887.9857607,2,0.011073463128454659,-0.0006658178630116547,-0.00863958173124697,0.00010193911920104095,-0.005161184201613409,0.0005758197474301874,0.9999865100178459
1741341888.0025828,2,0.011131493693252573,-0.0006533589219385837,-0.008550306391536614,4.611292317437126e-05,-0.005257043495701315,0.0006882404790393449,0.9999859437473737
1741341888.0193574,2,0.011264313635148052,-0.0006510802757744061,-0.008395240982789327,8.68634090533776e-05,-0.005348116058628794,0.0006738983003904255,0.9999854678796349
1741341888.0356348,2,0.011102584863760015,-0.0006620823159533836,-0.008596685914253303,0.00025195408725465633,-0.005126999753983383,0.0007163564797355068,0.999986568522825
1741341888.0525222,2,0.011256798217251075,-0.0006523173415328143,-0.008439874725832523,0.00016824085571395063,-0.005351625571728105,0.0006716749762517201,0.9999854402197468
1741341888.0690143,2,0.01122501982457746,-0.0006602983368971389,-0.008499100982397765,0.0002915109108747092,-0.005290968336846053,0.0006302885220955129,0.9999857616045471
1741341888.0861266,2,0.011204241778378433,-0.000650449487519507,-0.008516083694019485,0.00011096671033942544,-0.005310801489404385,0.0006806897312645995,0.9999856597648883
1741341888.1025038,2,0.011251056558877018,-0.000654028167985064,-0.008438036666928227,2.242192835938637e-05,-0.005305970870565234,0.0006778444638018007,0.9999856932462888
1741341888.1191635,2,0.011061705475874047,-0.0006626736915077227,-0.008632116487112774,3.700953951695179e-05,-0.005223124874973179,0.0007264136446090822,0.9999860948633493
1741341888.1361256,2,0.011180369579642874,-0.0006498476257665041,-0.00848511460838114,6.024872690502314e-05,-0.005357867149552699,0.0006747330592648022,0.999985417076168
1741341888.1524196,2,0.011174790373806193,-0.0006604933682722724,-0.008509453274724124,0.00017136929698448336,-0.005286073128264333,0.0006794046676757374,0.9999857831353125
1741341888.1697657,2,0.01103912930618531,-0.0006660662825657794,-0.00869679424043317,0.00024523409753573463,-0.005182763125965506,0.0006869136227690973,0.9999863033943477
1741341888.1858807,2,0.011317712204628527,-0.0006502083023450513,-0.008395171999093008,0.000325449769216869,-0.005356814226247845,0.0006188937286647671,0.9999854076907052
1741341888.2027657,2,0.01114000423951731,-0.0006644551106040349,-0.008596146070252485,0.00014673089771897378,-0.005335670401827293,0.0006292560555766958,0.9999855564598036
1741341888.2197938,2,0.011226396406106657,-0.000647737588972425,-0.008461806189070158,0.0001246942898284373,-0.005303198489485674,0.0006672688861841922,0.9999857075425371
1741341888.2361414,2,0.01129559808155471,-0.0006524237273497555,-0.008360363661549004,-3.087672624443001e-05,-0.0054979434746269,0.0006884845667940705,0.9999846487087584
1741341888.25295,2,0.011030482953233077,-0.000662307221695915,-0.008657395343574242,-0.00011021104098269795,-0.005198478558151852,0.0007109415219603414,0.9999862290233598
1741341888.2692523,2,0.011269929358497363,-0.0006498045716486351,-0.00839639527955875,0.00026292859423539516,-0.005308547026762066,0.0006926000745059576,0.9999856351479034
1741341888.2866442,2,0.011119464660508187,-0.0006647520717122707,-0.008602811619751932,0.0003041542828032449,-0.005237284345850275,0.000702895540748591,0.9999859920422444
1741341888.3030655,2,0.011253381175596057,-0.0006459146889048051,-0.00846100295629998,4.1843106377837304e-05,-0.005419803043784419,0.0007393750159429503,0.9999850385424308
1741341888.3193254,2,0.011249787473230874,-0.0006585450992498333,-0.008467714128746997,0.00010040317849106788,-0.005334717427072677,0.0005972218634659488,0.999985586913742
1741341888.3361566,2,0.011116219587334141,-0.0006597810170036856,-0.008590515264200807,0.00015033090013272693,-0.005210749943318368,0.0006586495152774,0.9999861957379534
1741341888.3528364,2,0.011242216697977635,-0.0006508530342970692,-0.008423031740080581,2.4919842895173194e-05,-0.005384783857500317,0.0006927592623986893,0.9999852616745978
1741341888.3693452,2,0.011065787259642345,-0.0006703829581840377,-0.008626432606391225,-7.690210236374825e-05,-0.005287262040585213,0.0006914743371036556,0.9999857803036111
1741341888.3862224,2,0.011124933503973056,-0.0006560612182483802,-0.00856306386680305,9.71318471433567e-05,-0.005293635208894754,0.0007305560083669762,0.9999857170377975
1741341888.4030926,2,0.011324754780784705,-0.000651658951629609,-0.008354670205842737,0.00023150060023817553,-0.005346235402431837,0.0006598917342704605,0.9999854642530525
1741341888.4194577,2,0.01109179963748155,-0.0006643874093754562,-0.00864783272303818,0.00014786120438915997,-0.005237008688383924,0.0006758288252027262,0.9999860474688939
1741341888.436105,2,0.01133935097593591,-0.0006424072944361621,-0.008356697824263527,0.0001307701387781002,-0.005388794934781336,0.0006617736100554141,0.9999852528132657
1741341888.4528325,2,0.011124933253552436,-0.0006652096783696419,-0.008585768819962872,8.689106399129384e-05,-0.005238573850731145,0.0006442327165869799,0.9999860672820199
1741341888.4695873,2,0.011121865386173572,-0.0006543470759234941,-0.00856553031228643,-7.939575007371158e-05,-0.005244479221512007,0.0006614347072649465,0.9999860257214288
1741341888.4861424,2,0.011223387338199492,-0.0006559278526393662,-0.008443413145375037,0.00010852395144561937,-0.005347777861657976,0.0006938569844824915,0.9999854539226954
1741341888.5027544,2,0.011055070639227855,-0.0006665420895267504,-0.008646523899981143,-2.765808654309867e-05,-0.005201423902199184,0.0006606634559046394,0.999986253879631
1741341888.5199397,2,0.011302781076148027,-0.0006452374769856345,-0.008375330319489149,0.00017776755273528265,-0.00529290140419857,0.0006958107955342373,0.9999857346186293
1741341888.5365355,2,0.011220157784800382,-0.00066228217211928,-0.008498847127502344,0.00027891035176948105,-0.005319838110990511,0.0006339503187137983,0.9999856097157008
1741341888.5531065,2,0.011129561261722236,-0.0006574878974029403,-0.008603295485587371,0.00017888799431131758,-0.0052670237151854395,0.0006291787362634093,0.9999859151980027
1741341888.5695803,2,0.011256184541259723,-0.00065481352976585,-0.00843740079805195,-2.3726570221935126e-05,-0.005335638542693047,0.0006472961716300554,0.9999855555987085
1741341888.5863237,2,0.011059968691136927,-0.000667636048167921,-0.008640085266015207,1.0093483565613543e-05,-0.0052395159505232705,0.0006241699490976458,0.9999860787944003
1741341888.6030831,2,0.011148026802133141,-0.0006506803634113283,-0.008521097275345349,-5.565967418361177e-05,-0.00528578630603546,0.0007316376714767768,0.9999857609343471
1741341888.619682,2,0.01116994303215279,-0.0006630056025978094,-0.008507609334201431,0.0001548770323414928,-0.0053152524508309025,0.0006247171442417411,0.9999856668137692
1741341888.6368155,2,0.011018989345432656,-0.0006683188703703346,-0.008703320581982038,2.4364415662929148e-05,-0.005171450671699837,0.000687466631733789,0.9999863913543803
1741341888.65327,2,0.011342712822928468,-0.0006487917363686553,-0.008355596118105928,0.00021948525296453124,-0.005412922076838174,0.0006969509650769344,0.9999850830688257
1741341888.6698213,2,0.011178526528337934,-0.0006635057792732962,-0.008550684730036616,0.00019482725932871175,-0.005304338992378145,0.0006532817713040552,0.9999856995243083
1741341888.6864243,2,0.011104759786677808,-0.0006563580697676799,-0.008608754487392595,1.4639169336593874e-05,-0.005196520332147446,0.0006629239457333068,0.9999862781528428
1741341888.702939,2,0.011168514516797528,-0.0006627679130001106,-0.008516116784309751,-9.325930924033792e-05,-0.005358434782561862,0.0006718709168218404,0.9999854134280426
1741341888.7198262,2,0.010988182585444543,-0.0006671914658371263,-0.008709517170418712,2.304969464068944e-05,-0.005112442301464575,0.0007286778468971624,0.9999866656266079
1741341888.7366292,2,0.011327742708472118,-0.0006426198468453549,-0.008322210272321521,0.00016154396307281575,-0.005479866579355594,0.0006729471843837581,0.9999847459376104
1741341888.753339,2,0.011199749066046075,-0.0006614346079147809,-0.008494338351226254,0.0003373505861686988,-0.0052501122252394845,0.0005830549026208036,0.9999859911834691
1741341888.7699091,2,0.01120787014394864,-0.0006485252166909355,-0.008511143031505498,0.00024130482624771992,-0.005286667257421836,0.0006581511759208395,0.9999857797780526
1741341888.7865705,2,0.01131456116196077,-0.000653065795430688,-0.00839238123862902,0.00018833358723727807,-0.00540898336677548,0.0006316451611411145,0.999985154116694
1741341888.8031764,2,0.011041961918929004,-0.0006659831809538891,-0.00868811652067203,-5.568240118426973e-05,-0.005224986080363164,0.0007118147136988504,0.9999860947731941
1741341888.8202438,2,0.011213582022028587,-0.0006538537898001453,-0.008464486113475911,-2.6626865684385557e-05,-0.005291733375173655,0.000731413355407727,0.9999857308398954
1741341888.8370643,2,0.011101488679942467,-0.0006709481127195922,-0.008583290144129114,3.947860977908723e-05,-0.0052629141806365,0.0006350068074960626,0.9999859483723363
1741341888.8535578,2,0.01106150620631451,-0.0006587519847857477,-0.008630313900012348,0.00022235227897224463,-0.005238729910858129,0.0006665108230388426,0.9999860309182863
1741341888.8712611,2,0.011228743634816999,-0.0006566974304492546,-0.008461178629350944,0.00025649246176524874,-0.00526235337187292,0.0006313058549534884,0.9999859215516607
1741341888.886537,2,0.011017774648297458,-0.0006712678807133437,-0.00873212312838433,0.00017074571174580602,-0.005215809839335956,0.0006732024282591503,0.9999861563902335
1741341888.9033723,2,0.011313488446236787,-0.000641354151558067,-0.008392083759814884,0.0003215680444276579,-0.005333307858526228,0.0006105033398278679,0.9999855397489261
1741341888.9199483,2,0.011172832351936328,-0.0006681872093897858,-0.008544844195337895,-3.5776045841138385e-05,-0.005333874016286765,0.0006561032841022823,0.9999855589139943
1741341888.9366903,2,0.011027293940721366,-0.000660687589514276,-0.008680305351298295,-0.00011499294129556963,-0.005109519139903572,0.0006968253872842154,0.999986696924095
1741341888.9535565,2,0.011239941143957282,-0.0006545471280967375,-0.00841842407154357,1.4701429617731791e-05,-0.005341172672025036,0.0006444556421414885,0.999985528062922
1741341888.9700894,2,0.011040731935654472,-0.0006685302146535598,-0.008656523044630729,7.295972671046056e-05,-0.005226664413962502,0.0006518197315357905,0.9999861257972631
1741341888.9874024,2,0.011118524182561039,-0.0006578419466640471,-0.008586195237169877,0.0001577041995662625,-0.005183684288552507,0.0006953221832552987,0.9999863104431197
1741341889.0040185,2,0.01116127498029608,-0.0006701579465326482,-0.008566790554180536,0.0003613301773534543,-0.005241701564551779,0.0005766721573360297,0.9999860306296453
1741341889.0202131,2,0.011095134546676438,-0.000659945331052184,-0.008643913108524026,0.00013596828139213378,-0.005263715628041612,0.0006525661392804928,0.9999859243848622
1741341889.0367076,2,0.011253278209450665,-0.000654536496856375,-0.008445397340270373,9.919224648485174e-05,-0.0053774327429494,0.0006440452058626334,0.9999853291842666
1741341889.0533779,2,0.01109888059013022,-0.0006654815082274835,-0.008600312232319886,0.00011004086629832085,-0.005238512811901083,0.0005988462654009045,0.9999860935321438
1741341889.0702467,2,0.011110180577194496,-0.0006528625867731986,-0.008566863768035822,-1.1245447894874103e-05,-0.005189586391208856,0.0006881062446454532,0.9999862971943286
1741341889.0867271,2,0.011278737368181599,-0.0006553771757328449,-0.008381688170804244,0.0003315749364005943,-0.005386989057658717,0.0005862293889344421,0.9999852632624432
1741341889.1036732,2,0.010953941552321236,-0.0006671388035616705,-0.008775310533637132,0.0003140251241100923,-0.0050802755652898015,0.0005449207651719492,0.9999868975390437
1741341889.1202605,2,0.011339341857995256,-0.0006462973657142581,-0.00835215824845787,9.150210187088116e-05,-0.0053723697070209185,0.0006660393252593839,0.999985342723939
1741341889.1367211,2,0.011153189513987843,-0.0006651951181435995,-0.00857839099471109,0.00018150781010798243,-0.005284697320939864,0.0006070849133980927,0.9999858351382028
1741341889.153578,2,0.01117611638057984,-0.0006535749305380413,-0.008533037056135374,1.0690163086064096e-05,-0.005266142880103704,0.0006823610421152892,0.9999859009047553
1741341889.1702137,2,0.011274045643591607,-0.000658947238711794,-0.008400028267474649,0.00025911005453111704,-0.005303666614352548,0.0005939970446392794,0.9999857254730862
1741341889.187055,2,0.010993026714475836,-0.0006653257369548644,-0.00870824821848886,-2.5373069494279152e-05,-0.005231357657530718,0.0006615334761868418,0.9999860972167194
1741341889.2037022,2,0.011271142244081418,-0.0006471868806667057,-0.008388590198524776,0.00010509525516123396,-0.005380844523447869,0.0006764865810781054,0.9999852888083443
1741341889.2204242,2,0.011066222342501045,-0.0006677142316492658,-0.00864409185548672,0.0003439295978952526,-0.005156908709449569,0.0006304417762590059,0.9999864451822138
1741341889.236958,2,0.011196251015709245,-0.0006474033405709036,-0.008510969284920952,0.0001903176423668986,-0.005241768055176617,0.0006379675797554863,0.9999860402246712
1741341889.253913,2,0.011382465993236557,-0.0006517906276349083,-0.008316255371709786,0.00013560923494947434,-0.005375051778171884,0.0006639181373920999,0.99998532471293
1741341889.2702332,2,0.011084726403745124,-0.0006635286439468609,-0.008645956352587832,0.00013442313698001197,-0.005295957337097563,0.0006656730165190876,0.9999857457212773
1741341889.2871897,2,0.01126703814956409,-0.0006499552909539748,-0.008410438652965013,0.0001317971908574627,-0.005299823449418694,0.0007150459254636611,0.9999856915027484
1741341889.3038664,2,0.01114236792074533,-0.0006647953770724385,-0.008540238878131162,0.00021206042962550845,-0.005298018332258648,0.0005565108040556425,0.9999857880629356
1741341889.3205347,2,0.011177410091906374,-0.0006483766406859479,-0.00849086142387499,1.0727875312409222e-05,-0.005290942385283412,0.0006672737974241144,0.9999857801785321
1741341889.3374264,2,0.011261072681900323,-0.0006595120769408654,-0.008415836667157237,0.00028991902775555884,-0.005267084976765899,0.0006421510365469316,0.9999858806027468
1741341889.3536737,2,0.011028522495419484,-0.0006683348551532305,-0.008704113841255419,0.00023700185227490105,-0.0051165563965231515,0.0006803957999832273,0.9999866507820585
1741341889.3705797,2,0.01140801833054594,-0.0006394310677020219,-0.008277946958157024,0.00019896571382957656,-0.00541623484672903,0.0006446827094717111,0.9999851044875288
1741341889.387135,2,0.011055602294134185,-0.0006726670463246934,-0.008684332678551374,-3.1616997763250836e-05,-0.005238318441764958,0.0007613735538012077,0.9999859895671438
1741341889.4037998,2,0.01108672703758854,-0.0006566325212921007,-0.00861835306414985,7.425797569793816e-05,-0.005186012330598927,0.0006661198003580065,0.999986327929673
1741341889.420681,2,0.011318790844859877,-0.000653702933903605,-0.008337160622980885,0.00014094853276712575,-0.005392570741673625,0.0005731386702452037,0.9999852858049321
1741341889.4370742,2,0.010978808830780989,-0.0006712844247178124,-0.008724863492849165,-6.582306758803833e-05,-0.00520356904393506,0.0007424011497007789,0.9999861835930843
1741341889.4539042,2,0.01126104992811818,-0.0006494127692158721,-0.008409898090631683,8.522791622315127e-05,-0.005265250310998485,0.0007069552997969307,0.9999858849451672
1741341889.4707172,2,0.011110665464048323,-0.0006715298894375521,-0.00861030642261001,0.00026694957844084746,-0.005243057165615774,0.0006435537153148105,0.9999860123662211
1741341889.487167,2,0.01118969717031952,-0.0006495147148219371,-0.008531802833798442,0.00013464441690927173,-0.005264969939719599,0.0007200506096853047,0.9999858716449619
1741341889.503954,2,0.01141201078127617,-0.000648628828037785,-0.00827427696817228,4.429969711276961e-05,-0.005438123343750184,0.0006980834713184707,0.9999849686527804
1741341889.520994,2,0.01100744316796382,-0.0006695697878214155,-0.008714874694762911,0.0002483199003963491,-0.00511832671597897,0.0005479746530388982,0.9999867203081424
1741341889.5371654,2,0.01123771183256061,-0.0006472032876603526,-0.008424079899876352,-9.365747860854364e-07,-0.005375912433321193,0.0007166136747404051,0.9999852929065872
1741341889.554013,2,0.011114511453103399,-0.0006676806463936773,-0.008569499318300262,0.00012314678792502327,-0.0052883140156992975,0.0006367463016794707,0.9999858064612154
1741341889.5709565,2,0.011068328841154858,-0.0006557135408740641,-0.008630043272055448,0.000215867347296805,-0.005194900954900419,0.0006720726903036193,0.9999862572673966
1741341889.5875359,2,0.011358108533307862,-0.0006506067618570362,-0.008326236827365855,0.00034179719280532213,-0.005389165439697598,0.0006826479926294871,0.9999851869214168
1741341889.6038384,2,0.011042835152559514,-0.0006694548513666768,-0.008705120488674913,0.00028383712898534514,-0.005235582481916943,0.0006064092213381318,0.9999860700931866
1741341889.6208527,2,0.011293080276484109,-0.0006462953735349267,-0.008402667322326507,0.00021580838806643937,-0.0053614284976468895,0.0006251307339603598,0.9999854087549326
1741341889.637765,2,0.011053291485284793,-0.0006763792191598921,-0.00866084042562215,3.337413778524138e-05,-0.005210634771469833,0.0006452454594809846,0.9999862158198694
1741341889.6541185,2,0.011124626213697194,-0.0006546351276476938,-0.008555657318765043,8.010323624523826e-05,-0.005267237018175545,0.000676781074312183,0.9999858957830572
1741341889.67072,2,0.011259763318608961,-0.0006584451900025225,-0.008403003226887243,0.00020549167183981726,-0.005355211442865643,0.0006344092157223799,0.9999854383982408
1741341889.687406,2,0.010962853496830124,-0.0006715577230235343,-0.008757716222049261,3.4310658016323994e-05,-0.005100649021028017,0.0006582031844068506,0.9999867743979973
1741341889.7038624,2,0.011360171758804438,-0.0006367102080711912,-0.00831144304010391,0.0001985395185272757,-0.00538837830625772,0.0006897467784779337,0.9999852249961846
1741341889.7210896,2,0.011147454603376144,-0.0006697152688636392,-0.008581820016937063,0.00023212230884856396,-0.005273931302651421,0.0006301224256583603,0.9999858672569214
1741341889.737265,2,0.011151280924649074,-0.0006526951344982243,-0.008563716504404517,8.11135349381653e-05,-0.0052560930817604785,0.0006928175294603371,0.999985943356196
1741341889.7541766,2,0.011331948391122492,-0.0006540283008628977,-0.008340223517754054,-2.9890337471856297e-05,-0.005360602717215758,0.0007136428331076969,0.9999853767725719
1741341889.7710845,2,0.011054415928640182,-0.0006685218366243497,-0.008646271117550812,-6.696014085038302e-05,-0.00527595715547734,0.0007328879366481546,0.9999858112331922
1741341889.7874556,2,0.011210778175897664,-0.0006512699012845102,-0.008452283369741338,6.629804638483135e-05,-0.005253166825939975,0.0007085806482345861,0.999985948779448
1741341889.804502,2,0.011099629709005396,-0.0006699432691532938,-0.008596040948550066,-5.968320431443148e-05,-0.005206514291086952,0.0006926906621172667,0.9999862043180888
1741341889.8210974,2,0.011084185112378507,-0.0006568871281718734,-0.008626679256392605,0.00021942594781527007,-0.005192754680706542,0.0006972845049728223,0.9999862503781732
1741341889.8378325,2,0.0113502335148385,-0.0006548097892560028,-0.008345011318360452,0.0001583324032003519,-0.005354288642223116,0.0006751074583016707,0.9999854252707414
1741341889.8542933,2,0.010990093918178767,-0.0006743442982897346,-0.00875735579409389,-3.30719265192242e-05,-0.005158697041680262,0.0006733526175640891,0.9999864665820895
1741341889.8714705,2,0.011246883481883891,-0.0006500288055538221,-0.008434490428181814,0.00016042702788366333,-0.0053013374582532935,0.0006989939613585327,0.9999856906435034
1741341889.8878222,2,0.011124459992779107,-0.0006682222906261713,-0.008563593936980292,-0.00012544018043451584,-0.005271334517489692,0.0006709207129578039,0.9999858734815021
1741341889.9041429,2,0.011153039620230329,-0.0006474355925303644,-0.008516532915557758,1.0706303483279999e-05,-0.005191852495795759,0.0007152723358957587,0.9999862663749549
1741341889.9210844,2,0.011410975260979069,-0.0006478269759400987,-0.008238145196037872,0.00037547681648706407,-0.005347982289618589,0.0006213101578153864,0.9999854359320829
1741341889.9379027,2,0.0110250163272067,-0.0006704617061953148,-0.008699805378457954,0.0002616271975105389,-0.005055930315780432,0.0006167377344932436,0.9999869942926349
1741341889.954606,2,0.011322051675877683,-0.0006453832547649638,-0.008364239323508965,0.00018176916203348296,-0.005280859363772712,0.0007212815347066047,0.9999857795175386
1741341889.9711723,2,0.01110083391996309,-0.0006731013926767024,-0.008630836943433551,5.1896611247636103e-05,-0.005103928494518019,0.0006957573976672478,0.9999867314831273
1741341889.988457,2,0.011050947595748234,-0.0006576518165997899,-0.008664641109878001,7.434318308305146e-05,-0.005120273182327146,0.0006907959940036101,0.9999866499491501
1741341890.0044167,2,0.011243184902581756,-0.0006574979890936669,-0.00843153026515234,0.00031407528884637074,-0.005211320254582851,0.0006267685637838923,0.9999861752339803
1741341890.021116,2,0.011038041913211517,-0.0006656998059364062,-0.008659614605953502,-6.032985229686923e-05,-0.005157775886529734,0.0007560195927436999,0.9999864109789636
1741341890.0377853,2,0.011394694296323527,-0.0006398603713783939,-0.008244874512489628,4.88605180439305e-05,-0.005457656253440547,0.0007560536695041988,0.9999848198766409
1741341890.054403,2,0.011043736881962835,-0.0006758851751340928,-0.00867706263920721,0.00011993854938062417,-0.0051320177685909895,0.0006877487548176461,0.9999865874150601
1741341890.0713472,2,0.011171947429070888,-0.0006525941586068939,-0.008539850979041067,8.459762257606851e-05,-0.005219312909911917,0.000742147274156658,0.9999861003201065
1741341890.0877979,2,0.01138838611303157,-0.0006507544573133514,-0.008306586700176276,0.00014901765743340992,-0.005367954011841364,0.0006836586769297021,0.9999853476297931
1741341890.1047428,2,0.010969925398428353,-0.0006707798270574862,-0.008773312903620817,-0.00012650755108556188,-0.005155602310075437,0.0006176820548084081,0.9999865110237933
1741341890.121048,2,0.01126261015920865,-0.000648065337293405,-0.008404306399701878,-0.0001052752885940857,-0.005300438891267792,0.0007366619767247033,0.9999856756943099
1741341890.137853,2,0.011209459848468425,-0.0006588950070984988,-0.00845570235785812,-1.0741789530012243e-05,-0.005273944249145151,0.0007012364619336285,0.9999858467318902
1741341890.1551409,2,0.011170234265204158,-0.0006502810960708234,-0.00849774167326686,7.723431229171111e-05,-0.005290647969444241,0.0007508741176276265,0.999985719531526
1741341890.1712816,2,0.011334127941323996,-0.000651256387211895,-0.008338938813236295,0.0004398883014365216,-0.00530117743371727,0.0005781718522891903,0.9999856847642409
1741341890.18825,2,0.011104349822608148,-0.0006616972610701695,-0.008635495079685604,0.0002621711899124082,-0.005230637546795439,0.0006302251841441244,0.9999860871598857
1741341890.204656,2,0.011414374737215918,-0.0006380956010030813,-0.008272592170281156,0.0002165387719940457,-0.00539900138924055,0.0006253634718060318,0.9999852062983169
1741341890.221415,2,0.01108932717872315,-0.0006695919315796679,-0.008633977219178465,-0.00018992388770816738,-0.0051704590675786125,0.0006845892223147329,0.9999863807170296
1741341890.238003,2,0.01119818858464745,-0.0006492287474422362,-0.008473982191504591,3.648255619274805e-05,-0.005341419657157904,0.000695122896931045,0.9999854922493763
1741341890.2546835,2,0.011284129109479187,-0.0006595424644069162,-0.008372270373689745,0.0002497639727576068,-0.005348669380067219,0.0005364726076019106,0.9999855206706555
1741341890.2714372,2,0.011017491957254204,-0.0006665814860926068,-0.00868873173903596,0.00010516034708142624,-0.005179554767255724,0.0007089596736065566,0.9999863291715021
1741341890.2879322,2,0.011325549743178152,-0.000646527840840936,-0.008347224444878586,0.00015018902679779885,-0.005348457942515563,0.0006906674153061098,0.999985447103814
1741341890.3047688,2,0.011165604831144316,-0.0006630322138806287,-0.008562438311070744,0.00029146378045379236,-0.005251885364746546,0.0005975658118937075,0.9999859877338685
1741341890.3214006,2,0.011346710401359218,-0.0006374551036528159,-0.008342155953029028,-1.983301340721489e-05,-0.00537398999196775,0.0007105360306132974,0.9999853073804469
1741341890.338545,2,0.011333284834686657,-0.0006555634233569786,-0.008350636781404186,0.00013057637057141503,-0.005345114589329349,0.0006374330202042871,0.9999855030844114
1741341890.354738,2,0.011146149362908933,-0.0006568549163391387,-0.008545204233878343,-2.1107313567081053e-05,-0.005247278250036088,0.0007051831207938293,0.999985984072884
1741341890.3716075,2,0.01136162091578027,-0.0006460837316363307,-0.00828502532567467,8.041454669741096e-08,-0.00541771196052048,0.0006542857916043114,0.9999851100427491
1741341890.3882725,2,0.01115842101476971,-0.0006611750363092877,-0.008528092134848578,7.255175627688318e-05,-0.005223659527334265,0.0006662553895574539,0.99998613201441
1741341890.404967,2,0.011303463843252847,-0.0006437841495591357,-0.008365200966460628,0.00012303526591827025,-0.005229450681988119,0.0006667024375206869,0.9999860965112204
1741341890.4213276,2,0.011389348369114708,-0.0006509297499101037,-0.008297177009178452,0.0004713112088888892,-0.005390170948225901,0.0005510549645198696,0.9999852100212879
1741341890.4382236,2,0.011224571924652753,-0.000649515595758551,-0.008488970216505801,0.00014291754837723284,-0.005307470602026394,0.0006205339569534041,0.9999857125319298
1741341890.4551456,2,0.011405940272617219,-0.0006460729251508755,-0.008265743152898639,5.826719697337079e-05,-0.005407114699799705,0.0007026494239165673,0.9999851328891566
1741341890.4717681,2,0.011082754412397935,-0.0006688443392154527,-0.008625078368261435,0.00018773978765396587,-0.005173241923714477,0.0005621974782168314,0.9999864430359875
1741341890.4882572,2,0.011328339224002407,-0.0006412722292141888,-0.008317277518641484,8.649321019557759e-05,-0.0053678880438810675,0.0006678107556764821,0.9999853660557575
1741341890.5050673,2,0.011283887579366348,-0.0006553837417889556,-0.008378721171234208,7.516211203568739e-05,-0.005330422044290357,0.0006786438763938863,0.9999855600927324
1741341890.5214684,2,0.01115619968045921,-0.000654375698347671,-0.008536620856766116,0.0003739312883886656,-0.005176417653498497,0.0006138550921409909,0.999986343935553
1741341890.5384254,2,0.01146934082084514,-0.0006421300171116037,-0.008195130975106652,0.00024608943127727876,-0.005407246599129177,0.0006785071874359927,0.9999851202653991
1741341890.5547874,2,0.011119549153822485,-0.0006636759248756716,-0.00861435887493434,7.425456824531602e-05,-0.005247800191603498,0.0006775982634762858,0.9999859978719708
1741341890.5718186,2,0.011342993957049024,-0.0006434881699635775,-0.008330984331638779,2.44829254925021e-05,-0.005363945039117269,0.0006926297166466727,0.9999853737721763
1741341890.588236,2,0.011179984701883784,-0.0006620978436154648,-0.008510255816040445,0.00017008431335013204,-0.0052368958339807994,0.0006986424988201047,0.999986028848408
1741341890.6049452,2,0.011204511285422897,-0.0006480110890587924,-0.008462804637443994,1.144437690565954e-05,-0.00529219424092659,0.0006983348210855427,0.9999857523373122
1741341890.6217585,2,0.011277057262989118,-0.0006534810664082069,-0.008384069227069609,5.8763169117316925e-05,-0.005337904733277576,0.0007390913032500576,0.9999854784265589
1741341890.638336,2,0.011160971915733193,-0.0006545426505343076,-0.008535701743391858,0.0002235600296553829,-0.005194279850291751,0.0006449506664182499,0.9999862766640291
1741341890.6550572,2,0.011373073760274485,-0.000642752505542171,-0.008300898513020257,0.0002807504078363664,-0.005409370314004092,0.0006989749051592759,0.9999850855518279
1741341890.6716964,2,0.011297403065787507,-0.0006556934832516478,-0.00840890602212089,0.00011995959643539658,-0.0052945518691815555,0.0006438412478534377,0.9999857692980672
1741341890.6883535,2,0.011247979548222096,-0.0006466700767681317,-0.008448267696196186,-9.303834460234467e-05,-0.005290621282718112,0.0006800233470957599,0.9999857690180178
1741341890.7052457,2,0.011290660648830865,-0.0006547146494278925,-0.008384068196534084,8.825399030501052e-06,-0.005273972846500654,0.0006894919787527697,0.9999858547666252
1741341890.722043,2,0.011109626754382028,-0.0006587364100932008,-0.008583758636755088,-4.45150756796897e-05,-0.005254039729139487,0.0007641208530131219,0.9999859045027858
1741341890.7384667,2,0.011328964676445294,-0.0006451474622440134,-0.008320103338054042,0.00015082405346669226,-0.0053871514204035425,0.000711017030324034,0.9999852250440809
1741341890.7553396,2,0.011069017076574135,-0.000667988241474311,-0.008644472213245435,0.0001679951671448959,-0.005103140502538562,0.0006642712969771012,0.9999867441512807
1741341890.7719939,2,0.011248822778636453,-0.0006471347456002091,-0.008446102317639004,0.00011291176950116642,-0.005283872167954804,0.0007127055278994909,0.999985779897232
1741341890.7885933,2,0.01131383732339398,-0.000653061375880946,-0.008387256013440723,0.00023095983553274408,-0.005353199433228851,0.0005851943394800249,0.999985473624976
1741341890.805723,2,0.011234812788067077,-0.0006472038199098833,-0.00847231735832293,-3.9305745539296216e-05,-0.005325289950063468,0.000635526509358918,0.9999856178206075
1741341890.8220727,2,0.011343219407855695,-0.0006449567100796278,-0.008322805834513723,0.00015348224894353783,-0.005362634258603722,0.0006556381387834393,0.9999853942611555
1741341890.8388455,2,0.011116232243164447,-0.0006637811350342766,-0.008575009261401919,-0.00010262354334678782,-0.0053090574415135166,0.0006553490690398703,0.9999856868451111
1741341890.8553095,2,0.011264781843559892,-0.0006477497130058971,-0.008391803372569891,3.601490161851959e-05,-0.005335173754897334,0.0006938029593804506,0.9999855265259521
1741341890.871919,2,0.011184401635130632,-0.0006645595739664562,-0.008506889515060824,0.0002687243375125801,-0.005214802748273161,0.0006072131062914935,0.9999861823604217
1741341890.88888,2,0.011155414657952872,-0.0006562490885113985,-0.008557110929652884,0.00011680292864897946,-0.005257084584753351,0.0006691319641943359,0.9999859507418887
1741341890.9051592,2,0.01139311412299176,-0.000645699718929301,-0.008287404595776808,0.0003469308960041896,-0.005426358739223247,0.0006063871489952971,0.999985033170203
1741341890.9221916,2,0.011131122294002468,-0.0006601335672363814,-0.008595779725315928,9.090284760655075e-05,-0.00526812873211839,0.0006456246825303112,0.9999859107632985
1741341890.9387834,2,0.011250952898371983,-0.0006484979246270633,-0.008428432930602628,0.00011880144255282901,-0.005281228765070748,0.0006463434241860402,0.9999858382742859
1741341890.9557948,2,0.011181519065506825,-0.0006606048744822356,-0.008497097604100742,-6.226096576699195e-05,-0.005272758835947928,0.0006519430412866709,0.9999858844544263
1741341890.9723258,2,0.011136394297697144,-0.0006577281141165338,-0.008547151528747866,8.834360687101104e-05,-0.005257617682914464,0.0006806641410595031,0.9999859430752186
1741341890.9888692,2,0.01121726516468584,-0.000660477883446161,-0.008464113171606549,0.0003598418398498589,-0.0052184021099064585,0.0006081309709616539,0.9999861343888682
1741341891.0053594,2,0.011147337362042441,-0.0006579713400106942,-0.008573874570754673,0.0002633919902432268,-0.00527693148591201,0.0006622496936894112,0.999985822921553
1741341891.022073,2,0.011436171921168083,-0.000638857188653476,-0.008243960632354613,0.00028312383750966804,-0.005470964163246724,0.0006036973798930986,0.9999848118554054
1741341891.0392232,2,0.011182399407755568,-0.0006639831568716088,-0.008539967831705901,0.00015262961044902877,-0.005259698627985449,0.0006763229522938764,0.9999859273318844
1741341891.055665,2,0.011253993438139506,-0.0006497595302766733,-0.008435079677397322,9.83240177656308e-05,-0.005307999555386527,0.0006746517621126633,0.9999856800565234
1741341891.0719593,2,0.011139517769593767,-0.0006661267186909458,-0.008549431612412206,7.269932083833396e-05,-0.00527713934829395,0.0004959803328993793,0.9999859501606094
1741341891.0889294,2,0.011058474836410337,-0.0006606758789155567,-0.008642098638833976,2.4144557027880508e-05,-0.005201267359324255,0.0006492779814096961,0.9999862622421369
1741341891.1053855,2,0.011283226877915184,-0.0006498955947978901,-0.008388705787425867,0.0002580420081779563,-0.005325232351418063,0.0006999607958386668,0.9999855425802963
1741341891.1221454,2,0.011231849620449359,-0.0006543890787952145,-0.008472330655609513,0.00042093816986294634,-0.005331713724254577,0.0006309709611768636,0.9999854986525883
1741341891.1391544,2,0.011368104943242129,-0.0006418595486019703,-0.008323450287292224,0.00021723315921784418,-0.00542122490601493,0.0006116537170115708,0.9999850943939133
1741341891.1557806,2,0.011205535624756048,-0.0006646570575614488,-0.008508804931840698,0.0001452632404802637,-0.005335059579417618,0.0006917916569811925,0.9999855186262342
1741341891.1732113,2,0.011075668083237043,-0.0006618001261275192,-0.008643964816201014,0.00011176280272174746,-0.00515987970450104,0.000672399777198111,0.9999864554227975
1741341891.1890135,2,0.011266604536826935,-0.0006528755872188087,-0.008399941340141801,0.00010822165370184651,-0.005345842501556246,0.0006657280128062289,0.9999854834257521
1741341891.2058494,2,0.011094006113349953,-0.000662590202546364,-0.008600605836223501,3.278023568791658e-05,-0.00525966131749574,0.0006373526954020024,0.9999859642364103
1741341891.2257385,2,0.01123364334893164,-0.000651621730604083,-0.0084439281286489,0.0003155970248673569,-0.0052433877485750366,0.000702736051757009,0.9999859566241306
1741341891.2401948,2,0.011219837652657418,-0.000658161944379723,-0.008476976562876118,0.00023399201060177044,-0.005306439718738774,0.0006544935383135045,0.9999856791891866
1741341891.2558918,2,0.011288951537427048,-0.0006446577185957941,-0.008409846692601223,0.00017500973444433305,-0.005428562885499108,0.0006703161886894666,0.9999850252642777
1741341891.27269,2,0.011356302089633171,-0.0006484581131869791,-0.00832959566956445,0.0001383289802974115,-0.005451022237895646,0.0006308547447053766,0.9999849345084887
1741341891.288885,2,0.011084603008573753,-0.000662214761233541,-0.008633259445811052,2.667529516321407e-05,-0.00522268090751955,0.0006614529423518302,0.999986142590272
1741341891.3064718,2,0.011345372126516191,-0.0006456097326492558,-0.008311876643306803,6.888596589849842e-05,-0.005448036404010157,0.0006712379130853934,0.9999849316833371
1741341891.322598,2,0.011037354708908332,-0.0006736508276581574,-0.008666225672052073,0.00015919811105167026,-0.005274198923412981,0.0006280843175286688,0.9999858813962164
1741341891.3418717,2,0.011198677006223613,-0.0006538730526348535,-0.008481308767781259,1.2174597401145566e-05,-0.005305409492525267,0.0007001777789106088,0.9999856810139702
1741341891.3562212,2,0.011234739594599754,-0.000657959590537639,-0.008452945853390598,0.0002757593078898248,-0.005251536930365554,0.0006272971873569357,0.999985975809117
1741341891.3725567,2,0.011177765089406443,-0.0006524006796735703,-0.008540378163130075,0.00022396233699349606,-0.005343387004041475,0.0006551671905901401,0.9999854843007218
1741341891.389193,2,0.011299500807077825,-0.0006510467002100328,-0.0084031862722166,0.00013742016508801812,-0.005398200969610983,0.0006614860649792215,0.9999852013795884
1741341891.4058948,2,0.011075274478917546,-0.0006637452273331524,-0.008641766536969697,9.960555798460425e-05,-0.005229021676817387,0.0006599768606168942,0.9999861058242657
1741341891.4228091,2,0.01125917858261173,-0.0006489422002181841,-0.008406244016156665,-1.663648782350225e-05,-0.00530707291137498,0.0006839822007001885,0.9999856833318614
1741341891.4391756,2,0.011154707090257784,-0.0006641295175824052,-0.008523059551272577,4.480480811548749e-05,-0.0053508794563944355,0.0006957875477932477,0.9999854408746462
1741341891.4583511,2,0.011170105377101837,-0.000653998736930827,-0.00851412518692974,5.435408080846397e-05,-0.005305637897535416,0.0006682015070427109,0.999985700277199
1741341891.4728858,2,0.011259229749653698,-0.0006553586236329292,-0.008429730166487877,0.00019490354316129295,-0.005363939913429248,0.0007123197829026029,0.9999853412734313
1741341891.4891644,2,0.011150140937614744,-0.0006599317896163052,-0.008576185098993364,0.0002937493640318534,-0.005293733046618066,0.0006142269718297688,0.9999857563120433
1741341891.5061297,2,0.011250299616255408,-0.0006561027400864702,-0.008458158227148585,0.00014118506347815668,-0.005350033865552426,0.0006074327820501365,0.9999854940097034
1741341891.525041,2,0.01103441194427124,-0.0006733016051792644,-0.008685141965753452,0.00019888480243892152,-0.005169992842953687,0.0005867704238388669,0.999986443567766
1741341891.5402215,2,0.01112053149808148,-0.0006586898000230471,-0.008569272438538188,-0.0001402458658566886,-0.0052193711591273576,0.0006890619775238112,0.9999861317485316
1741341891.556132,2,0.01115732497026761,-0.0006605945485840908,-0.008527080562071831,-9.821811895414813e-05,-0.005289720293802206,0.0006683682577561948,0.9999857811470553
1741341891.5739443,2,0.011116996288122318,-0.0006569423949067293,-0.008578408241141531,9.826496112720517e-05,-0.005208202957942044,0.000699199352987453,0.9999861879477191
1741341891.5897496,2,0.011298094572833007,-0.0006510559590623362,-0.008382976068537456,0.00017159756514055437,-0.0053490033993179404,0.0006459729197654057,0.9999854706123967
1741341891.6060412,2,0.011155083275532518,-0.0006608719763470291,-0.008556992332975702,0.00035153647741793554,-0.005271906263482279,0.0005785895215161957,0.9999858742305411
1741341891.623118,2,0.011313251614509938,-0.0006477480537519242,-0.008374650002160972,5.906176365100688e-05,-0.005341050454828722,0.0006678872750551216,0.999985511704212
1741341891.6399817,2,0.011105425567293556,-0.000669280167871627,-0.008607538752343876,4.0951645474016245e-05,-0.005192796777255988,0.0006498802971995875,0.999986305326324
1741341891.655944,2,0.011172678745575787,-0.0006552602010409663,-0.008515236663761434,0.000319394312408368,-0.005229104433873643,0.0006106362850596441,0.9999860906919757
1741341891.6726925,2,0.01112862891193298,-0.0006633158009087573,-0.008558663725693947,-0.00017148952783452916,-0.005240418032552963,0.0006704836011419762,0.9999860294333749
1741341891.6897843,2,0.01107226091313623,-0.0006619568947930968,-0.008622879176940648,4.013959264535279e-05,-0.0052044651100187625,0.0006663623342258744,0.9999862338517321
1741341891.7067719,2,0.011209183370425122,-0.000654252137909015,-0.008476242585779298,0.000249169468392325,-0.005297765420687065,0.0006562149715164048,0.9999857203870637
1741341891.723892,2,0.011187625316413046,-0.0006626949721307793,-0.008521675560650145,0.00030363994959886495,-0.005212715302993984,0.0006535768170223804,0.999986154023792
1741341891.7394989,2,0.011310798067906691,-0.0006455735282481231,-0.008384823152982224,0.00019965508459553107,-0.00535399190049026,0.0006275290231427374,0.9999854504521063
1741341891.7560601,2,0.011142473440297843,-0.0006638282485331029,-0.008572065398940745,-2.73962052962874e-05,-0.005205192315647782,0.0006993563834406986,0.9999862079664169
1741341891.7739825,2,0.01116034733369025,-0.0006547353282000354,-0.008526420932683068,-5.203211861880131e-06,-0.0052765740371839495,0.0007538808130145883,0.9999857946006416
1741341891.7895262,2,0.011282149966708961,-0.0006516733791560058,-0.008373441694032539,8.324775982958963e-05,-0.005361366582263194,0.000654259280015919,0.9999854102750577
1741341891.8065872,2,0.011114622343680236,-0.0006648939479520471,-0.008573643331826763,9.473150624557913e-05,-0.005257008436012466,0.0006301475613321514,0.9999859788028512
1741341891.8256109,2,0.011271412750284808,-0.000652725975476963,-0.008405165084686009,0.0003447506622660369,-0.005313229651746999,0.000671334015658849,0.999985599920463
1741341891.8393438,2,0.011123544739342659,-0.0006682191061393796,-0.008604594347271682,0.00022826983825995233,-0.005204587886995227,0.0006667071287213703,0.9999862077345927
1741341891.8562052,2,0.011261900439073292,-0.0006456565428452276,-0.008440334704893582,2.6947053018625553e-05,-0.0053146294447130845,0.000601528353216724,0.9999856959733784
1741341891.8770776,2,0.011133068937755597,-0.000660222818158872,-0.008579850507497896,-8.526256652255799e-05,-0.005235845601224923,0.0006996420496967744,0.9999860444786903
1741341891.890739,2,0.011151793860183539,-0.0006564981642504761,-0.008539020472711604,-9.402704011236173e-05,-0.005274047906949264,0.0007121519536532013,0.9999858341082567
1741341891.9064515,2,0.011279407306633604,-0.0006525588888488042,-0.008381717335240266,0.00012808576759167585,-0.005360240176584777,0.0007240259531847049,0.9999853634957386
1741341891.9257417,2,0.011085531043664174,-0.000666906747944977,-0.00861223106824252,1.572257096733964e-05,-0.005198916356496801,0.000695785789199259,0.9999862433572047
1741341891.9396648,2,0.011232410647969837,-0.0006519471276075125,-0.008447483967819958,0.0002510152541798772,-0.005264104218984617,0.0005975813519038579,0.9999859344484009
1741341891.9565022,2,0.011220827393121175,-0.0006595189286364528,-0.008486553802433053,5.0896772798362855e-05,-0.005254095251876058,0.0007461539366440881,0.999985917474294
1741341891.9730976,2,0.011195475280485473,-0.0006520698226647304,-0.008524055056950832,8.172385919706326e-05,-0.005257316813451543,0.0006220538948453755,0.9999859833968103
1741341891.9921317,2,0.011163524010647198,-0.0006640758632081642,-0.008548029066135976,5.2429656634921705e-05,-0.005240410471439282,0.0006748397353001272,0.9999860398728343
1741341892.0063446,2,0.01110598490968856,-0.0006616592479068956,-0.008598796058077693,1.1700345881921408e-05,-0.005217619491592315,0.0006793041532955412,0.9999861573320953
1741341892.0229595,2,0.01121947665785349,-0.0006546383994524324,-0.008449037598334342,0.00014955141402864749,-0.00531192523698804,0.00066417029628511,0.9999856598784148
1741341892.0403662,2,0.011104663476576772,-0.0006660434883513539,-0.00858638547357743,0.00010936838232000518,-0.00526434601297779,0.0006523619789100754,0.9999859244626702
1741341892.0569475,2,0.011187255558019617,-0.000653959070467851,-0.008504812765773587,0.00012062303423208058,-0.005195643395651877,0.0006480697137680105,0.9999862852786707
1741341892.073126,2,0.01125963081613128,-0.0006553421872134568,-0.008442914363526493,0.0004193740898111937,-0.005322650675048194,0.0006198590423087331,0.9999855545406303
1741341892.0897558,2,0.011203356006412295,-0.000653497297503967,-0.008513652085155586,0.00015783817588320556,-0.005334293067954655,0.00061059223787359,0.999985573686788
1741341892.1079652,2,0.011227187231619383,-0.0006562859697241281,-0.00846880399045884,4.486018812600093e-05,-0.005257153943257757,0.0006549066589259303,0.9999859656101422
1741341892.1239467,2,0.011018131537333541,-0.0006715244270212329,-0.008694530750585532,3.432592030751603e-06,-0.005206297297905421,0.0007073923085407875,0.9999861969311302
1741341892.1396039,2,0.011225656734965107,-0.0006519401375413916,-0.00844101183248418,8.166796146844876e-05,-0.005364659844263347,0.0006896547875525945,0.9999853689586531
1741341892.1568346,2,0.011081235808778728,-0.0006662517604219679,-0.008614718396000079,-3.0378801611783177e-05,-0.005253410361895519,0.0006907070348999906,0.9999859617417086
1741341892.1736188,2,0.011174045984153986,-0.0006527176815520032,-0.008523646315809916,0.00020464329656275272,-0.005279516383041045,0.0006661474624587466,0.9999858204371904
1741341892.1900675,2,0.011265461650783544,-0.0006535490675162984,-0.00842971707870006,0.00020804370616565472,-0.005379518832514602,0.0006404949418751909,0.999985303522595
1741341892.206676,2,0.01112284551209319,-0.0006611187568102547,-0.008601968565053516,2.1975706251812263e-05,-0.0052223274143405295,0.0007041965697236572,0.9999861153639269
1741341892.2232037,2,0.011327993474047116,-0.0006499854243360107,-0.008351488518490236,5.205333532539361e-05,-0.005378512250110294,0.0006633466666065718,0.9999853143259783
1741341892.2404993,2,0.011082401106984913,-0.0006675062637096224,-0.008626181557311225,0.00032354021840754735,-0.005225715076563119,0.0006197861107156533,0.9999861014478365
1741341892.256657,2,0.011207078934111322,-0.0006538316402809194,-0.008471874935976396,3.1793221355416e-05,-0.005326603911567699,0.0006960842768221578,0.9999855707692186
1741341892.2736762,2,0.011131299883622296,-0.0006621628127983495,-0.0085574465138481,-0.00012863454262525175,-0.005259208707791779,0.0006798381692491189,0.9999859308995233
1741341892.290138,2,0.011223175054293993,-0.0006509294562224921,-0.008460019035055309,0.00020476947852656965,-0.005226258053559297,0.0006775214514686549,0.9999860925337417
1741341892.306681,2,0.011195147956056063,-0.0006585274473760137,-0.008504857465119194,0.0001572494052590816,-0.005259306573385357,0.0006378409421673744,0.9999859539643166
1741341892.3232384,2,0.011059147051767363,-0.0006658908828247335,-0.008672980050604814,7.437559836421556e-05,-0.0052408436103877,0.0006910714455389192,0.9999860251257409
1741341892.3408008,2,0.011266190091712099,-0.0006501366251944073,-0.008431440270682601,9.059675510826874e-05,-0.005335380821946206,0.0006799932296026649,0.9999855314517908
1741341892.3566754,2,0.011079053250737183,-0.0006645406216909036,-0.008633068554163254,6.527844895085233e-05,-0.005180633895732765,0.000670044706763342,0.9999863538125174
1741341892.3734803,2,0.011193967410764286,-0.0006534615112907443,-0.008485855308924583,3.5175371147033714e-05,-0.005230352574305431,0.0006992287811519867,0.9999860765299451
1741341892.391005,2,0.011122138932513563,-0.0006649194163445255,-0.00856539951442515,4.81148642924902e-05,-0.0052275351317666915,0.0006042689431346068,0.9999861526143502
1741341892.4071546,2,0.011123799093190742,-0.0006596400988715969,-0.008571343557075391,0.00019375088159148337,-0.005245197239812227,0.0006733753718852751,0.999985998368037
1741341892.4236941,2,0.011277804019261813,-0.0006533727334486406,-0.008410873189512181,0.00021182686570799417,-0.005294869923445432,0.0006857205713165977,0.9999857245326909
1741341892.4401917,2,0.01106316942609598,-0.0006658791137514512,-0.00867028180536736,0.00013540535283138911,-0.005247284115209667,0.0006408819698114806,0.9999860183748098
1741341892.4576395,2,0.011323893690438283,-0.0006461567771977813,-0.008364866275695977,0.0001042316313030286,-0.005387722842632972,0.0006246826882732606,0.9999852855666812
1741341892.4735055,2,0.01107611942794937,-0.000663921887951653,-0.008634243729956777,7.718356560368578e-05,-0.005171143245288341,0.0006281826157248532,0.9999864292613352
1741341892.4904945,2,0.011195983721367667,-0.0006524984413054936,-0.008477274163691092,4.857906778376377e-05,-0.005326762495548554,0.0007057783187255418,0.9999855624549561
1741341892.507493,2,0.011152786323199769,-0.0006614883439683824,-0.008529965127763276,1.0461723789588277e-05,-0.005326188975597473,0.0006945236258535804,0.9999855745151935
1741341892.5242667,2,0.011104596902573777,-0.000661111044413834,-0.008594570359810544,0.00028995968552926617,-0.005106617213766717,0.0006909953675204947,0.9999866803660011
1741341892.540221,2,0.011228680003204513,-0.0006545968641455015,-0.008468452338767755,0.0001525473484313197,-0.005240067549784146,0.0006824189379592593,0.999986026265254
1741341892.557275,2,0.011126281182053114,-0.0006622858164346993,-0.008598424097904891,-2.1459126302713164e-05,-0.005296079603453245,0.0007417786513553941,0.9999857003201457
1741341892.575617,2,0.011243859504801947,-0.0006533897421738163,-0.008457573075011065,0.00010163085869754765,-0.005367899128071057,0.0006376271943827466,0.9999853842740305
1741341892.5911274,2,0.011130903334324939,-0.0006622939770349808,-0.008571530873556462,0.00014874939021258612,-0.005244408604912434,0.0006882485582125802,0.999986000084964
1741341892.607059,2,0.011200943956763637,-0.0006534261252622701,-0.008470694414016088,3.511766217159108e-05,-0.005351658707422068,0.0007205793503954448,0.9999854195343194
1741341892.6237755,2,0.011263738781843004,-0.0006526933188159627,-0.008399423568656757,0.0002251163586920967,-0.0053938605077267325,0.0006091323719636508,0.9999852421657041
1741341892.6417332,2,0.011089671313912502,-0.0006602445340781973,-0.008607720038919197,8.795000833364982e-05,-0.005206980653384443,0.0006690285618515037,0.9999862159140269
1741341892.6569254,2,0.011181439108946353,-0.0006589585281427041,-0.008518881821240986,0.00015022561947407027,-0.005275109894496628,0.0007363834466951547,0.99998580409288
1741341892.673807,2,0.011078958960475626,-0.0006648627917457072,-0.008652415070475698,0.0002211428231158312,-0.005185761954817879,0.0006046107289031212,0.9999863466141256
1741341892.690689,2,0.0112136027247231,-0.0006537143189776112,-0.008487721930110064,-3.134906738756032e-05,-0.005265077531314156,0.000699575533302531,0.9999858941854622
1741341892.7081847,2,0.011060981655813646,-0.0006680652072905156,-0.008655795642210364,0.0001206895042887528,-0.005198971844162759,0.0006368378445605269,0.9999862751874983
1741341892.7236667,2,0.011131365633796285,-0.0006591845049712293,-0.008554918858437784,1.1167766889349248e-05,-0.0053056482685062325,0.0006901325921093932,0.9999856867419339
1741341892.740569,2,0.011145155363346024,-0.0006618475419333026,-0.008537934012178859,-0.0001278949485312267,-0.005351467446405456,0.000739387001314793,0.9999853992663665
1741341892.757828,2,0.011154794880922705,-0.0006548510630647001,-0.00853390952143314,-5.2715487033106884e-05,-0.0052654057023585514,0.00071378927847235,0.9999858815147006
1741341892.773923,2,0.011258596068249001,-0.0006519776451314799,-0.008424879900687784,0.00022338568503848846,-0.005303474444752937,0.0006696293503622949,0.999985687324665
1741341892.7905478,2,0.011099449675237426,-0.0006637109319967438,-0.00862531317114557,0.00013241807929123618,-0.00524928317005383,0.0007197102722389917,0.9999859546557527
1741341892.8072522,2,0.011306248317384296,-0.0006458714534867837,-0.008384143352582604,-9.48238173328972e-05,-0.0053664847385769985,0.0006780403488719977,0.999985365948562
1741341892.824885,2,0.011089103187630641,-0.0006667150114551691,-0.008626004185844123,-1.2526736298789512e-05,-0.005218335841784691,0.0006646333941166545,0.9999861634425622
1741341892.8406827,2,0.011133622572028235,-0.0006581225386583276,-0.008555619410149977,0.00010972925150631468,-0.0052520558606527065,0.0006376979180386969,0.9999859985070256
1741341892.8576446,2,0.011195089484317118,-0.0006567123370799427,-0.008479416008215597,0.00015706441654479803,-0.005330413644046832,0.0006247212167207467,0.9999855857683919
1741341892.874763,2,0.011163842676916365,-0.0006559357818834415,-0.008525157577723656,0.00022682482161823515,-0.00524289356661299,0.0006231044022459986,0.9999860360817311
1741341892.8907132,2,0.011231095915206268,-0.0006534439735063974,-0.008458276159068847,0.00012445714652608086,-0.00533034267356518,0.0007377125257532458,0.9999855137638897
1741341892.9072912,2,0.011170677762893357,-0.0006591571971542589,-0.00854487104820432,0.00036847630540255303,-0.005281283727571029,0.0006290362325420007,0.999985788189422
1741341892.924231,2,0.011276552322567367,-0.0006505878104702563,-0.008421772042712746,2.711730431909176e-05,-0.005375857755390575,0.0006767405032459692,0.9999853206124263
1741341892.941141,2,0.01112805741484467,-0.0006613614695577756,-0.008575112712454579,0.00015193039959412915,-0.005253753744980228,0.0007051035382254093,0.999985938810012
1741341892.9573646,2,0.0111206848478414,-0.0006604562455756329,-0.00857173601888929,-7.844656820285897e-06,-0.005198604373376063,0.0006550310103787048,0.9999862725984822
1741341892.9740868,2,0.011140531206717156,-0.0006604187126520187,-0.008543818564232565,-0.00011704982280329162,-0.005324435822626981,0.000688952434088711,0.9999855809095716
1741341892.9930062,2,0.011141529259476503,-0.0006566922366750533,-0.00855150632698955,9.381684694483333e-05,-0.005233287581839454,0.0006696093822747852,0.9999860776644645
1741341893.0075424,2,0.01125010353182917,-0.0006507053236163957,-0.008438096565646147,0.00022441439337115088,-0.005296037290443446,0.0006819998429359754,0.9999857181497206
1741341893.0241377,2,0.011146641204956113,-0.0006583254776162834,-0.008568462653047691,0.00018341245373271734,-0.0052331961686890765,0.0006232648819012042,0.9999860956826444
1741341893.0416393,2,0.011335796813391353,-0.000645705564523424,-0.008350261363122587,5.571178230289141e-05,-0.005334833908835269,0.0006200434640470954,0.9999855758907051
1741341893.0577307,2,0.011147745267374835,-0.0006616912561844871,-0.008553793423154168,0.0002135838055823605,-0.0052273252732816435,0.0006060499201562721,0.9999861309817949
1741341893.074191,2,0.011130173239857438,-0.0006616366633019077,-0.008564145200288118,0.00020552152513103196,-0.005183482807277679,0.000684463194518855,0.9999863102948084
1741341893.0909545,2,0.011090024209609837,-0.0006641661994127601,-0.008605648400252075,-0.00010554242902206168,-0.005239623894809088,0.000710473899912192,0.9999860151167486
1741341893.108909,2,0.011024582066068246,-0.0006634589902429313,-0.008682755408279775,6.980461186370945e-05,-0.005209555090999038,0.0006558320254214806,0.999986212678667
1741341893.1243231,2,0.011254866537754623,-0.0006507971416435317,-0.008428821037297134,0.0001458388339864196,-0.005342526994069174,0.0006516214657874297,0.9999855056578658
1741341893.1410322,2,0.01112024823447367,-0.000662017806806072,-0.008598361724648692,0.0001591469980783782,-0.005205714273619962,0.0006669359153713927,0.999986215108798
1741341893.1611753,2,0.011263755286999955,-0.0006503319811526747,-0.008435457829830543,0.0001791946183893408,-0.005314181411366264,0.0006072907486792988,0.9999856791790382
1741341893.1744351,2,0.011088715150187558,-0.0006658113344323741,-0.00862688889960676,0.00010763948855568685,-0.005211431362125292,0.000613473611777958,0.9999862264286574
1741341893.1931767,2,0.01110371369061155,-0.0006610089007314438,-0.008595700238386472,4.078775293834122e-05,-0.005163676418856449,0.0006884895883975679,0.9999864302900751
1741341893.2076855,2,0.011158867199541083,-0.0006578537367022588,-0.008522524747806149,-0.00011203748966433161,-0.005268542044882407,0.0007423365566989066,0.9999858393241171
1741341893.2243025,2,0.0110786269209206,-0.0006617018754105764,-0.008618793364354654,0.00021683926224039276,-0.005099034513352699,0.000673235487810489,0.9999867497030869
1741341893.2415864,2,0.011219164533140343,-0.0006542100157026023,-0.008469265489736314,0.00019926852618711998,-0.005268248025556529,0.0006789431673906665,0.9999858723456904
1741341893.2574642,2,0.01110594066627674,-0.0006619912211919051,-0.008616521570068873,0.00014271043843179913,-0.005221633146461943,0.0006372573355699313,0.9999861539461948
1741341893.2747695,2,0.01121505201366661,-0.0006508158867385547,-0.008490537245610887,7.458322982772898e-05,-0.0053275468825533774,0.0006435855643921269,0.999985598635889
1741341893.290931,2,0.01112062512018008,-0.0006581578202966946,-0.008589569798282966,0.00010407504440421122,-0.005271616905304489,0.0007279979857809236,0.9999858345209303
1741341893.3077755,2,0.011140483973546444,-0.0006563887735242254,-0.008550643781933388,1.6564885390122142e-05,-0.005246990063318441,0.0007308471242006403,0.9999859672432214
1741341893.324658,2,0.011224711446726172,-0.0006533310511125327,-0.008450744368151812,0.0002731871176737253,-0.005322410743854334,0.0006021218907029771,0.9999856172775192
1741341893.3411486,2,0.011100221110777644,-0.0006609919661794374,-0.00859573501726776,6.365725086169037e-05,-0.005217762610470038,0.0006911941831890556,0.999986146479888
1741341893.3580413,2,0.011153197278571083,-0.000660167197599328,-0.00854566111448635,0.00019353495598592864,-0.005215795480747878,0.0007710591881173667,0.999986081647866
1741341893.3745112,2,0.011075650478422945,-0.0006636443679780686,-0.008652491069475063,2.9312275956693625e-06,-0.0052360179241546885,0.0007601957704057674,0.9999860030070903
1741341893.391075,2,0.011270087515095086,-0.0006494311346809035,-0.008430359754561096,7.768585141991257e-05,-0.00531044901692568,0.0006674642220687676,0.999985673691208
1741341893.4087737,2,0.011107649584432453,-0.0006604979154406122,-0.008611484736645435,-0.00016548065008884904,-0.005191296903152476,0.0007577034662406023,0.9999862243741535
1741341893.4244926,2,0.011330543375187595,-0.0006431824727421284,-0.008332250978347463,-4.112317207083068e-05,-0.005425336962362515,0.000734745557037142,0.9999850119760275
1741341893.4412742,2,0.011158851019218333,-0.0006589195125028419,-0.00852001240918014,0.00010185461590669097,-0.005277591010458347,0.000690703484651394,0.999985829693331
1741341893.458908,2,0.011120714408820346,-0.0006574580112606456,-0.008565645020736284,-0.00011228362613459103,-0.005267048100994603,0.0007304299048553932,0.9999858559343943
1741341893.474512,2,0.01118809840351405,-0.0006569461002819524,-0.008500504884936123,0.0001951926723733222,-0.005242545935791584,0.0006856121114313819,0.9999860036760336
1741341893.4911995,2,0.011236000569154232,-0.0006515876928553145,-0.008461904576578569,0.0002846475139065492,-0.005286694385100218,0.0006658083625909166,0.9999857631674042
1741341893.5117018,2,0.01122240669330171,-0.0006568295662537204,-0.00848675194784687,-7.746781352797142e-06,-0.005344680026696266,0.0007328245149535409,0.9999854485459425
1741341893.5245066,2,0.011115325090784292,-0.0006636455344743694,-0.008595886587418387,7.074260239951204e-05,-0.0051868546067389614,0.0006625322969314128,0.9999863261993778
1741341893.5411859,2,0.011252529360468244,-0.0006495798457252362,-0.008419447038339776,7.056155866305377e-05,-0.00531116545022143,0.0006817545494315494,0.9999856607738739
1741341893.5583014,2,0.011161781684737053,-0.0006574088356001842,-0.008514943960073611,7.876973182419465e-05,-0.005296501099085487,0.0007264601502840614,0.9999857064613908
1741341893.5747008,2,0.01113915348090282,-0.000654908845186346,-0.008546595777725699,3.22554451403109e-05,-0.0052420831469725294,0.0006963833209858677,0.9999860171893088
1741341893.5923636,2,0.011220501020768957,-0.0006547449570069769,-0.00846750346016952,0.00010582439981282236,-0.005305036186124913,0.0006892523168586997,0.9999856850592933
1741341893.6082988,2,0.011196324024420915,-0.000655781929087313,-0.008509412058327807,0.00015749673123152354,-0.005272713253875907,0.0007168671233766491,0.9999858297952273
1741341893.6245987,2,0.011296997544198165,-0.0006523595055573092,-0.00839466240360184,3.08040263078651e-05,-0.005320046325247423,0.0006863142691136119,0.9999856124619659
1741341893.64158,2,0.01105857909629388,-0.0006695470731764773,-0.0086623456655292,2.8395303565515815e-05,-0.005166588317017118,0.0006353596653194229,0.9999864508466926
1741341893.6580143,2,0.011229756031012483,-0.0006526177488198863,-0.00844900094011323,0.00012568342758946418,-0.005286574051270291,0.0006373128621101114,0.9999858149847888
1741341893.6746912,2,0.011121400390841576,-0.0006631914041751999,-0.00856893941950069,6.169354708742344e-05,-0.005287560331339606,0.0006443944629699818,0.9999858112270517
1741341893.692454,2,0.011225045454735776,-0.0006527611280681729,-0.008449408900469392,4.1044583975954505e-07,-0.005300846059536221,0.0006635353227687833,0.9999857302740675
1741341893.7078788,2,0.011215167679191876,-0.0006567221460189475,-0.008469285886240265,0.00036217049588122983,-0.0052564827609271276,0.0005586763488961136,0.9999859629526072
1741341893.7248132,2,0.011185002399722114,-0.0006538948159368052,-0.008511417969423844,0.0001943943389169312,-0.005258895139965019,0.0005815759264474993,0.9999859839028694
1741341893.74219,2,0.011322796187215817,-0.0006461594476801941,-0.008360433395720346,0.00021617205516699027,-0.005350743342468983,0.0006249500133462099,0.9999854660207849
1741341893.7580695,2,0.011138420171949581,-0.0006587713196931534,-0.00857545028477535,1.055534269296688e-05,-0.005220749486175384,0.0006848619429964076,0.9999861372176648
1741341893.7747166,2,0.011153634674075357,-0.000658328149060018,-0.008547646443187859,-8.168918005587415e-05,-0.005220365617632017,0.0007342632538848411,0.9999861008869924
1741341893.7914317,2,0.011156567070768515,-0.000660626489559686,-0.008530966569995859,5.6687827413836104e-05,-0.005220152284770087,0.0006672145286496852,0.999986150714792
1741341893.8081126,2,0.011177007993794742,-0.0006570444423936304,-0.00850023038317138,2.7977273909786434e-05,-0.0053308019371419565,0.0007152809523335098,0.9999855349659506
1741341893.8256183,2,0.011144695973665741,-0.000661610443949835,-0.0085494076524351,0.000232880511316969,-0.005127970955113598,0.0007074056267526565,0.9999865745387936
1741341893.8413641,2,0.011182779187547927,-0.0006593433059031604,-0.008520525320337872,0.00012742439369179797,-0.005229395012377977,0.0006910404337891589,0.9999860797300867
1741341893.8585613,2,0.011230724980019983,-0.0006580422832762286,-0.008481614178178587,0.0002323029660467808,-0.005294108230681693,0.0006223032573841521,0.9999857654947042
1741341893.875641,2,0.011113724293396632,-0.0006640349419397946,-0.008611216680293611,-0.00019147602434214207,-0.005208710948999123,0.0006838374868060594,0.999986182421274
1741341893.891367,2,0.011147989203432497,-0.0006607073661713472,-0.00855006546028889,0.00011280403215862127,-0.005279294729718125,0.0007036184344663487,0.9999858105210823
1741341893.9083815,2,0.011108582861288371,-0.0006635827312571555,-0.008583439746660336,-4.593112204457122e-05,-0.005266341020394292,0.0007471973667609994,0.9999858525192664
1741341893.9270704,2,0.011233966907389543,-0.0006530660510590341,-0.008433604174896255,-1.4307463955857137e-05,-0.005369799770981653,0.0007174897147600565,0.999985325019435
1741341893.9414008,2,0.01116971844035526,-0.000661591462623977,-0.008523472811553788,0.0004997504975108162,-0.005210723401554195,0.000595325365598159,0.9999861220030914
1741341893.959008,2,0.011175905427300094,-0.0006590965184732911,-0.00853559169397911,0.00019242655219350762,-0.005258614128909586,0.0006890165204273144,0.9999859175036916
1741341893.975358,2,0.01121423252941216,-0.0006560306243338051,-0.008492461500402655,0.00011881685963626427,-0.00527772308608054,0.0006737728295910594,0.9999858386756056
1741341893.9916325,2,0.01112736765573668,-0.0006595773342314553,-0.008584894175274397,7.24652160490766e-05,-0.005201312885874473,0.0006762523748564396,0.9999862417932465
1741341894.0085075,2,0.011207934363059897,-0.0006566990111911993,-0.008479521704932935,8.63727264462368e-05,-0.005288297084726792,0.0006730139813313303,0.9999857866519287
1741341894.0253599,2,0.011153022362935213,-0.0006570871685719264,-0.008533701533929914,3.164120776939567e-05,-0.0052140579545541165,0.0006565688099423499,0.9999861906625903
1741341894.0440416,2,0.011232014446643464,-0.0006525197560118912,-0.00844522549734273,-4.599559598702821e-05,-0.005258417719623261,0.0007660757761398521,0.9999858799280099
1741341894.0586398,2,0.011105796133104077,-0.0006629360196185603,-0.008599267292620486,0.00018108435535959454,-0.005201359046541576,0.000691359119169578,0.9999862174525675
1741341894.0753078,2,0.011175648482489337,-0.0006545077152202162,-0.008526725203149779,1.7117854155894552e-05,-0.005231622908281462,0.0006716200778788533,0.9999860892808438
1741341894.0928333,2,0.011239661624768058,-0.0006544417975951623,-0.00846052826648328,9.376851002186516e-05,-0.005265688459970512,0.0006467352935776811,0.9999859226338984
1741341894.1084888,2,0.011250974337060887,-0.0006535160633520065,-0.00844576467751692,4.886924340355017e-05,-0.005289726537150234,0.0007171699307056151,0.999985750934607
1741341894.1250496,2,0.011182370417634483,-0.0006624051507383263,-0.00851804181073672,-2.316738982310203e-05,-0.005187983013765877,0.0007449143357941931,0.999986264604746
1741341894.141794,2,0.011188765900236519,-0.0006575063183711438,-0.008497058458027375,0.0001528000210960838,-0.005150072946366435,0.0006835364701283222,0.9999864929981278
1741341894.158523,2,0.011204116078733643,-0.0006556641441902341,-0.00847371750936263,4.642943983010769e-05,-0.0052304068624015754,0.0006793983157284859,0.9999860894563931
1741341894.1753814,2,0.011124978608642148,-0.000658640800366491,-0.008569771024534578,-1.176795711815397e-05,-0.005226555820903196,0.0007086743559810812,0.9999860902814716
1741341894.192108,2,0.011215487550854416,-0.0006524417910214274,-0.008481626570476469,-6.041184546057718e-05,-0.005225621890885815,0.0007712773531940198,0.9999860470814115
1741341894.211918,2,0.011318866390334982,-0.0006503504513443542,-0.008375772188301576,0.00023356813642493135,-0.005312869993005451,0.0006626115724283968,0.9999856397990259
1741341894.2254999,2,0.01126484702603133,-0.000651529331604561,-0.008430592023055272,-5.2264442068485625e-05,-0.005298380186736183,0.000666684666649217,0.9999857398820146
1741341894.2419136,2,0.011146258763447275,-0.0006597964685181035,-0.008555064856587167,-3.9279745375267436e-05,-0.005211152327258018,0.0007022192948955228,0.9999861745227209
1741341894.258643,2,0.011134365557659136,-0.0006560550832944521,-0.008553393592887397,0.0001446587899704783,-0.0052891877182425365,0.0006792720252208329,0.9999857709770832
1741341894.2754934,2,0.011255610748461096,-0.0006512611978087429,-0.00841433220081924,5.1583697229125405e-05,-0.0052547197485540665,0.0006939838993092505,0.99998595172424
1741341894.292826,2,0.011094052440758301,-0.0006651476493081357,-0.008611316545368985,0.0003019845666614826,-0.0051673103234051625,0.0006031819559749581,0.9999864218482525
1741341894.308663,2,0.011231519022086902,-0.000654885128970736,-0.00845975028154097,0.00010838817572876255,-0.005287970477050838,0.0006700360296211545,0.9999857882349911
1741341894.3255603,2,0.011257066317880895,-0.0006538133275767806,-0.008436458717410491,0.0002341237023043775,-0.005229731720839573,0.0005744563590212364,0.9999861324499013
1741341894.3422341,2,0.01120530664796223,-0.0006544405901544668,-0.008494096041143855,3.4181779007447945e-07,-0.005225310247606346,0.0006958778733601563,0.9999861058468187
1741341894.3585851,2,0.01114612779053507,-0.0006587537220738161,-0.008557842912099881,-0.00016245572342218822,-0.005255505188685782,0.000796720735063179,0.9999858591547283
1741341894.3754349,2,0.01117404590138656,-0.0006549495800464951,-0.008519047191493434,7.023369762172771e-05,-0.005235316813179541,0.000662289578390991,0.999986073851835
1741341894.3921235,2,0.011242016520459882,-0.0006545932218932039,-0.008432486096426875,-3.982064739420418e-05,-0.005265656989119691,0.0007163768241950435,0.9999858789378152
1741341894.4094505,2,0.01115461599993534,-0.0006582174400203247,-0.008535726832618494,7.093409077559725e-05,-0.00523865283182534,0.0007386662813327384,0.9999860028305333
1741341894.4254618,2,0.011220683810984067,-0.0006537602824116721,-0.008465578814749913,0.00022391977698339884,-0.005241507316798034,0.0006790380422238368,0.9999860075862655
1741341894.4420633,2,0.011223854495808426,-0.0006546744984118387,-0.00847610468836969,0.00011723076253460087,-0.0052534378853011,0.0006951074815827501,0.9999859521377901
1741341894.4607127,2,0.01125190656890286,-0.0006512529385875895,-0.008456557479759649,4.3794297929380345e-05,-0.005276835563010413,0.0006599796006240842,0.9999858586577248
1741341894.4754393,2,0.011148383986823312,-0.0006598911554662071,-0.00856549816138646,-0.00017067025668779365,-0.00521366738243176,0.0006955656957620658,0.999986152270346
1741341894.4921951,2,0.011222059638219093,-0.0006519611598146077,-0.008455030964322038,0.00013759418987875944,-0.005272203157393334,0.000652222954631502,0.99998587967377
1741341894.5089316,2,0.011192342700381856,-0.0006566738942264664,-0.008477705201052056,-6.257693133502102e-05,-0.0053709348792959355,0.0007060283357462767,0.9999853252256451
1741341894.5257497,2,0.011094508335489393,-0.0006626130672002247,-0.008596434074223735,-8.131547134801596e-05,-0.0051821611085696336,0.0006882333989319464,0.9999863323710118
1741341894.5422258,2,0.011188426871524822,-0.0006557439115873708,-0.008510055465711904,0.00010471200446770101,-0.0052345730101610284,0.0007087959550031524,0.9999860428471448
1741341894.5590997,2,0.011230114301370815,-0.0006534762999885457,-0.008480614977763742,0.00018186941891584592,-0.005309712890605339,0.0006167144833767453,0.9999856966655972
1741341894.576197,2,0.01121207186350959,-0.0006565054598090578,-0.008494788771276088,9.315465316973036e-05,-0.005282318458166993,0.0006539596190553093,0.9999858302849765
1741341894.5923448,2,0.01121310361203811,-0.000655888475004855,-0.00847404288858765,0.00016176194204118585,-0.005265885348320374,0.000716611057468729,0.9999858652766872
1741341894.608892,2,0.011177284713912617,-0.0006567292244621715,-0.00849906464753492,9.456736679908846e-06,-0.0052783494205235395,0.0007413597223129003,0.9999857945609664
1741341894.625526,2,0.011067751737117203,-0.0006668633029923085,-0.008629551475170638,2.346214098690349e-05,-0.005230129450196006,0.0006793244062528464,0.999986091760187
1741341894.6430118,2,0.011205089619981594,-0.0006532524734830268,-0.0084811784550678,0.00027218016046649823,-0.005231143044606615,0.0006892982319033038,0.9999860428667765
1741341894.6589556,2,0.01113145912323059,-0.0006592157623239067,-0.008579530131879688,0.00010378073727671797,-0.005236120995500742,0.0007329358737357248,0.999986017437986
1741341894.676142,2,0.011114791748596363,-0.0006583599484298213,-0.008600220624224829,-8.265892659284933e-05,-0.0052088187581490536,0.0007353770124488888,0.9999861602018781
1741341894.692531,2,0.011211158056210618,-0.0006559824072874448,-0.008482601383058229,3.9656739710358926e-05,-0.0052724978844896995,0.0006725905977430465,0.9999858733078627
1741341894.7092097,2,0.011134347443162787,-0.0006610776027177944,-0.00856827537483393,8.307234113688905e-05,-0.005179644816822651,0.0006243882572556055,0.9999863871662764
1741341894.7257307,2,0.011115812470066884,-0.0006669448686267203,-0.008585744513287778,0.00027024665383992326,-0.005187408701030608,0.0006305150565369001,0.9999863100105311
1741341894.7426856,2,0.011141677819043082,-0.0006605546396903986,-0.00855436048294115,0.00019432000858749586,-0.00516253869718446,0.0006360700849260765,0.9999864528326278
1741341894.7601852,2,0.011140433004407056,-0.0006575060308642444,-0.008554109406143368,0.00017707097273928388,-0.005144964404558976,0.0006456883949114619,0.9999865404462417
1741341894.7758121,2,0.011120054454083799,-0.0006608644108089629,-0.008582580529530077,0.00010557363612814456,-0.005225418283834281,0.000716975105885134,0.9999860848055155
1741341894.7926323,2,0.011129976623236311,-0.0006599018103894148,-0.00858068981797527,4.335031617058215e-05,-0.005167948917988263,0.0006674103652370947,0.9999864224018922
1741341894.8091283,2,0.011147289759858077,-0.0006639908337002045,-0.008569112943654473,0.00021685843336837458,-0.0052280231642131995,0.000646987001399414,0.9999861009804258
1741341894.8261,2,0.011117763107523394,-0.0006597267072352177,-0.008598227814516206,-0.00015332790763575126,-0.005237718349415242,0.0006529344251038176,0.9999860581396529
1741341894.8426156,2,0.011208128443014215,-0.0006540463883887364,-0.008479760594991509,0.00023258696770024672,-0.005257524268030769,0.0006872228618185481,0.9999859159341254
1741341894.8591795,2,0.011088208675994004,-0.0006600825950935,-0.008607474955503838,6.637187722724003e-05,-0.005159184869656152,0.0007502856606439012,0.999986407646465
1741341894.8762622,2,0.01121135515757877,-0.0006533997257924834,-0.008465317948988093,0.00037730273982856266,-0.005193879113449021,0.0005821863956581992,0.9999862710664573
1741341894.892528,2,0.011066156798806901,-0.0006674026766828674,-0.008647899625874348,0.00016835229335146788,-0.005183620728009647,0.0006597740241303741,0.9999863331225535
1741341894.9096026,2,0.011205719857066894,-0.000659521570027526,-0.008498714390566651,0.00021323953325417774,-0.005262147876954592,0.0006603406638007701,0.999985914040208
1741341894.9259267,2,0.011171016392062718,-0.0006595219693744527,-0.008541391385305873,3.5567008415015165e-05,-0.005266561399366864,0.0006521339924627818,0.9999859182944881
1741341894.9426026,2,0.011174274975818889,-0.000655408452343485,-0.008526465597983724,-5.009173008217359e-05,-0.005283321865582953,0.0007320829706967547,0.9999857739265131
1741341894.9600213,2,0.01112408989384427,-0.0006619740625090799,-0.008574837070739813,9.66089534033147e-06,-0.005250320749777145,0.000754640694451122,0.9999859321791051
1741341894.9781082,2,0.011092516965366448,-0.000663181444074501,-0.008608144588270106,0.00018218902499000185,-0.005170325220812122,0.0007116573326139888,0.9999863639510846
1741341894.9928033,2,0.011162317455692829,-0.0006612059328492652,-0.008530281355832017,0.00019926836410133424,-0.0052249146252405666,0.0006840907373284875,0.9999860961929127
1741341895.0093904,2,0.01107047876544914,-0.0006661648920279794,-0.008643203702296093,9.439519076869596e-05,-0.005168752128423118,0.0006726504856144814,0.9999864112238261
1741341895.0259542,2,0.011096270381272482,-0.000669257406708574,-0.008624762981747493,9.320909929028375e-05,-0.005155446062813546,0.0007217329908900788,0.9999864458028654
1741341895.044436,2,0.011114122079396918,-0.0006645804534532856,-0.00860768937798337,4.2472576236739e-05,-0.005216958554730575,0.0006504824791379395,0.999986179110523
1741341895.0594373,2,0.011113349486329195,-0.000662245117666695,-0.008603243792227376,3.806719324051196e-05,-0.005233163177659414,0.0006610835358252894,0.9999860876645252
1741341895.0760443,2,0.01104032253667895,-0.0006682414226234382,-0.008679248937247398,0.0002319946545026361,-0.005114417910046248,0.0006119302975816045,0.9999867071362663
1741341895.0929408,2,0.011110303517553027,-0.0006607017591279923,-0.008584811536423783,-2.9163157232302165e-05,-0.00514619150514164,0.0007026164663621892,0.9999865110053254
1741341895.1101615,2,0.011152957739034115,-0.0006595459896795527,-0.00853700868546772,0.000201446152768305,-0.005164872843981162,0.0006682812411770989,0.9999864183618374
1741341895.126135,2,0.011161980663609183,-0.0006587049730898738,-0.008532280691099082,0.00033625363867838346,-0.005206627086707559,0.0006303791940819783,0.9999861901996158
1741341895.1431222,2,0.011169901606862124,-0.0006598411204904205,-0.00853597717534115,0.0002648998643072532,-0.005251087214792335,0.0006422190982821325,0.9999859716344797
1741341895.1594238,2,0.011098768034666268,-0.0006619506356637584,-0.00862892684618477,6.234945777634984e-05,-0.00522598510751748,0.00068485378398862,0.9999861079872537
1741341895.176314,2,0.011269227014010461,-0.0006510092315947399,-0.008423216166023633,1.6720085462416128e-05,-0.005267615657730537,0.0006846400054408698,0.9999858915073673
1741341895.1928737,2,0.011133002471845031,-0.0006590456697821332,-0.008567207848935056,0.00016202787282160362,-0.00516285155205124,0.0006562131626410447,0.9999864439556694
1741341895.2099771,2,0.011164252704515955,-0.000658028940392099,-0.008520226034557796,-0.00011961506082519467,-0.005284222981394311,0.0006617430569954587,0.9999858122872777
1741341895.226223,2,0.011151827642246493,-0.0006600178505793959,-0.008533645933809585,7.61069971912486e-07,-0.005242565803531414,0.0005860864463117165,0.9999860859061459
1741341895.2431738,2,0.011111576210956639,-0.0006611947514103373,-0.008593489113849356,0.00029263827464659985,-0.005169686130833936,0.0006608391683305982,0.9999863759070633
1741341895.2597625,2,0.01118320496550924,-0.0006578788906578698,-0.008523060024070491,0.0002657431644547171,-0.005233869783879955,0.0006653477279703808,0.999986046552679
1741341895.2791255,2,0.011172836803470566,-0.0006565245415841658,-0.008542352661754914,-8.34814605812169e-06,-0.00525633338114683,0.0007047056638504357,0.9999859370409276
1741341895.2930448,2,0.011233215752387464,-0.000656631813706045,-0.008462105003256889,8.634143847951411e-05,-0.005313130656393234,0.0006476790935941434,0.9999856717471386
1741341895.3098638,2,0.011117991337548934,-0.0006617165103214522,-0.008583106637155244,6.476749794761038e-06,-0.005237936416282734,0.0007350127202728772,0.9999860117703905
1741341895.3263865,2,0.011200578544085488,-0.0006564386215964779,-0.008479368027914196,3.7104648936739105e-05,-0.0052859326004672785,0.0007086840121997236,0.9999857775522406
1741341895.3441417,2,0.011115384263506847,-0.000661384004557942,-0.008582973043744111,9.17024776775966e-05,-0.005220715066850405,0.0006907199328171021,0.9999861292192112
1741341895.359963,2,0.011159151349959956,-0.0006586186644004918,-0.008537556280497806,0.00021218741607670956,-0.0052448375463546954,0.0006363054991271233,0.9999860207877531
1741341895.3776147,2,0.011155216298856118,-0.0006613471565342124,-0.008551449439191554,0.00026473940994437733,-0.005204169914933706,0.0005758638876380489,0.9999862573602321
1741341895.3934069,2,0.011162009359002616,-0.0006629398559096768,-0.008549705180740658,7.746238447853405e-05,-0.0052299554298531285,0.000653917603130724,0.9999861068822652
1741341895.409904,2,0.011139723630469328,-0.0006645995890291279,-0.008570218908082376,0.00030878125617200255,-0.0052096538330539946,0.0006247882613283805,0.9999861868049498
1741341895.4266176,2,0.011163435579393755,-0.0006570106756994088,-0.008533632426304647,0.000262338049285379,-0.005233493978138657,0.0006403162615729573,0.9999860657602254
1741341895.4454663,2,0.011152963555612667,-0.0006602505585628878,-0.008540334603291462,0.0002624718692098404,-0.005215945475850637,0.0006153628988331656,0.9999861730793149
1741341895.4605112,2,0.011084061370975616,-0.0006644557039764854,-0.008619830936612316,0.0001881653634968766,-0.005166530147102762,0.0007216478208939568,0.9999863752994126
1741341895.4767811,2,0.01115562339287278,-0.0006612759447317971,-0.008539139569179937,0.00018678914096542854,-0.005243094282165932,0.000694804164167353,0.9999859960616142
1741341895.4934888,2,0.011114041451579888,-0.0006630842973983374,-0.008595592616830555,0.00011680046620600046,-0.0051943922459740536,0.0007103480792832323,0.9999862499316939
1741341895.5125637,2,0.011260164911653364,-0.0006540115259947942,-0.008432812064128607,0.0001912680239304854,-0.005354361914027711,0.000725520756979468,0.9999853838155175
1741341895.5266914,2,0.011136706004879201,-0.0006625412180443908,-0.008580175470102277,0.00014387739257380692,-0.00520186516346209,0.0005631982344506125,0.9999863012591053
1741341895.5431433,2,0.011178355252182174,-0.0006575618531781497,-0.008522982003176766,2.9832198376906714e-05,-0.005227011693600849,0.0006521820456524221,0.9999861259624426
1741341895.5603898,2,0.011078476384463095,-0.0006666107257058646,-0.008623920847497229,0.0001834085511624066,-0.005211697294696198,0.000690367331384019,0.9999861638870609
1741341895.5773504,2,0.011130646929877079,-0.0006596552209018175,-0.008559040275961927,-6.791479838764655e-05,-0.005230711801925962,0.000689151822009303,0.9999860799588121
1741341895.5931773,2,0.01114353216039926,-0.0006597403235789628,-0.00855118512308857,0.00012802234841302428,-0.005131745224240259,0.000683044549569472,0.9999865910357875
1741341895.6102953,2,0.011152054072136177,-0.0006572029639165303,-0.008555199730497173,0.00018253185177499452,-0.005230609204593687,0.0006878118810365416,0.9999860670650808
1741341895.6264663,2,0.011131002398968451,-0.0006641155936728127,-0.008593316761780581,0.00026532069237184767,-0.005243209784202704,0.000617065095157408,0.9999860286957801
1741341895.64315,2,0.011101191897101898,-0.0006622049841340904,-0.008623040179405092,-1.1416793861317578e-05,-0.005191062362447438,0.0006353547883647122,0.999986324439239
1741341895.660164,2,0.011144351753207717,-0.0006602283517238423,-0.008558059794456535,-8.996598145998992e-05,-0.00524523605296727,0.0007251956757270926,0.9999859766497242
1741341895.680084,2,0.011083383649278987,-0.0006661706807873347,-0.00861583893282599,0.00022075459375649504,-0.005155488730973469,0.0006007066898687108,0.9999865055863638
1741341895.693267,2,0.011188813926303554,-0.0006583794123513262,-0.008492470793111549,0.00019248787781100065,-0.005301373308541403,0.000710566214548367,0.9999856766399782
1741341895.7101445,2,0.011139722681461512,-0.0006621484522188326,-0.008561154989010531,0.00032425817703194256,-0.005228720954664952,0.0006157157272090433,0.9999860880172063
1741341895.7268496,2,0.011080712353977647,-0.0006676671632077988,-0.008640563301849882,8.512824417012285e-06,-0.005217039810580896,0.000680799578401842,0.9999861593717588
1741341895.743421,2,0.011185157864517344,-0.0006603154898685547,-0.0085219339861379,9.393631222915435e-05,-0.005280026143881471,0.0006958352669677353,0.9999858140559647
1741341895.760656,2,0.01113046596499261,-0.0006591201812201895,-0.008581275799511416,2.5772033649900107e-05,-0.005236303167195042,0.000632679441377148,0.9999860899940899
1741341895.77672,2,0.01111397645071663,-0.0006631567467503967,-0.008593838759684124,7.384130251857735e-05,-0.005159838774038256,0.0006382929593500763,0.9999864815053181
1741341895.7938392,2,0.011155624187569078,-0.0006586887299130379,-0.008541263662641414,6.386806159330745e-05,-0.005228983832712022,0.0007238518201279952,0.9999860647466495
1741341895.8100886,2,0.011142084581601234,-0.0006643181445716194,-0.008553743105762308,0.00033322283615962926,-0.005193465815611281,0.0006258623571355791,0.9999862624914772
1741341895.8268726,2,0.01115977475720099,-0.0006594658865430358,-0.008535330943467237,0.0003357159752176063,-0.005168492704533543,0.0005996526554022994,0.9999864071049367
1741341895.8437634,2,0.011157238392729616,-0.0006608662786457156,-0.008545681129666827,0.00014517511440060657,-0.005188212942890652,0.0006281115691157126,0.9999863333298621
1741341895.8622193,2,0.011133583354812918,-0.0006605020303001732,-0.00857577013062939,0.0002616428926520461,-0.005206864506197831,0.0005987880706081814,0.9999862306841317
1741341895.8766994,2,0.011092322109557249,-0.0006642195041102674,-0.008630490682230837,-7.414423776481572e-05,-0.005193012505806603,0.0007162966969809355,0.9999862569269583
1741341895.8935518,2,0.011084930369793883,-0.000665679973834622,-0.008632973616659856,0.00030215615968048854,-0.005188951711921207,0.0005428102747065323,0.9999863443261574
1741341895.9101949,2,0.011153585879351731,-0.0006572849996504748,-0.00854372900755831,0.00018563231596486766,-0.005231961707782887,0.0006938988321878362,0.9999860552136426
1741341895.9271073,2,0.01113544557323576,-0.000660886644072616,-0.008558446640902878,0.00015318962001886275,-0.005148270267744887,0.0006934108482427331,0.9999864954226063
1741341895.9436014,2,0.011187775372517122,-0.0006571302250334761,-0.008497289664656932,0.00016445525123589646,-0.005256178051533447,0.0006594117651754777,0.9999859552628151
1741341895.961027,2,0.011127088415270095,-0.000663420920717475,-0.008578888517776424,0.0003088168773514692,-0.0051789976879855655,0.0006323075441579862,0.9999863413078469
1741341895.980645,2,0.01124135430489198,-0.000655786787497653,-0.00845818986545983,0.00027957729674162767,-0.005301397868264589,0.000659961000750775,0.9999856906319485
1741341895.993509,2,0.011072808325227146,-0.0006682014772152035,-0.008655846445653415,0.00013228984405960883,-0.0051844795753259836,0.0006798553301410221,0.9999863206402677
1741341896.0106373,2,0.011085940004579811,-0.0006638360124201604,-0.00863087629443837,0.00010948388626540308,-0.005171155333941106,0.0007340342095569443,0.9999863540866796
1741341896.0273728,2,0.011161753046495354,-0.0006590565072728446,-0.008530340612892685,-8.204426724246347e-05,-0.0052784222875404485,0.0007641276984496753,0.9999857737166831
1741341896.043672,2,0.011105825180484499,-0.000660715440215343,-0.008590543168637008,0.00014520961472322814,-0.005190381045879005,0.0006698369530985098,0.9999862949946977
1741341896.0604165,2,0.011104176274534722,-0.0006634925130395613,-0.008600284388341942,0.00015016717442995113,-0.005172067376792918,0.0006920063778334109,0.9999863740551882
1741341896.07719,2,0.011138479691993781,-0.0006617794835296684,-0.008567903224216937,0.00024069046304077163,-0.00521545542549733,0.0005887080765696191,0.999986197162544
1741341896.094116,2,0.011131677924738312,-0.0006643710858077798,-0.008580651450294843,0.00022950828848586395,-0.005190893705386782,0.000623156937055014,0.9999863067182053
1741341896.1104474,2,0.011098113613712116,-0.0006659915601692938,-0.008618759382439308,0.00017188701647706466,-0.005215786682102585,0.0006127199728731697,0.9999861952039014
1741341896.1271024,2,0.011113267440338252,-0.0006610328363328069,-0.00859855471538017,0.00015428044591987174,-0.005146779808562902,0.0006881845247272035,0.9999865065375663
1741341896.1445034,2,0.011165001802662358,-0.0006619467834565822,-0.008529920766626651,0.0001310752218350623,-0.00522601449634414,0.0007169528035246392,0.9999860786883223
1741341896.1604624,2,0.011156908891846451,-0.0006598864444608631,-0.008536291525101231,9.782546566044803e-05,-0.005223653747630209,0.000715895271007123,0.9999860955861657
1741341896.177094,2,0.011095669474034764,-0.0006686785928984446,-0.008605603881157615,0.00022034288900155,-0.005214587869620655,0.000665148180499069,0.9999861584543354
1741341896.1941752,2,0.011179307432225364,-0.0006562147711026202,-0.008513707407288866,0.00021855079629130874,-0.005206820259091934,0.0006661807815845107,0.9999861986355139
1741341896.2130075,2,0.011134224626986794,-0.0006603989420945495,-0.00857708363232096,0.00011033679024595115,-0.005211206624307987,0.0006996309674536883,0.9999861707382862
1741341896.2273414,2,0.01111591023292891,-0.0006593634801923971,-0.008605003844226336,0.00017829644895669153,-0.005236027152394942,0.0006609946807119457,0.999986057560838
1741341896.243914,2,0.011219114912880995,-0.0006522071644429449,-0.008479598136700656,5.781790148827235e-05,-0.005283377477352585,0.0006717670878615315,0.9999858155536516
1741341896.2606337,2,0.011174307974711136,-0.0006604765073592693,-0.00852190824137053,0.0001474104837806531,-0.005215078358812663,0.000643750254822535,0.9999861833112846
1741341896.2774084,2,0.011154183997866746,-0.0006631993169362485,-0.008532502650982293,-6.453372752546577e-06,-0.005282769462060758,0.00067029956235154,0.9999858214013144
1741341896.2940257,2,0.011160189151236585,-0.0006607245615587098,-0.008525496028667123,0.00016721992466153226,-0.00525475034908605,0.0007060470251461422,0.999985930467956
1741341896.310962,2,0.011040489186790714,-0.0006668303802789281,-0.008677875151352488,5.397413229724208e-05,-0.005159591979824608,0.0007122082925881106,0.999986434136355
1741341896.330027,2,0.01116027101525558,-0.0006604768442255792,-0.008558999102363237,0.000298398391212829,-0.005248003040334213,0.0006666671979594852,0.9999859623901407
1741341896.3443155,2,0.011191949609777973,-0.0006560685955857404,-0.00852455389426467,1.201524613718666e-05,-0.005286720964256253,0.0006352316873326059,0.9999858233584031
1741341896.3609128,2,0.011197546051877358,-0.0006566019769309822,-0.008500523703219201,0.00011921513857835854,-0.005232177681486919,0.0006379729012615219,0.9999861014509338
1741341896.3775284,2,0.011154861282704024,-0.0006608995756425386,-0.008532583460536931,-2.1953338623050063e-05,-0.0052931225344589085,0.0007248824223733877,0.99998572835684
1741341896.3940496,2,0.011162387850558309,-0.0006609549002735575,-0.008523599465156725,-0.00013410121446796942,-0.005271313264913977,0.0006967123349561485,0.9999858548325821
1741341896.4108896,2,0.011115069072640824,-0.000661507377460821,-0.008586018365996283,0.0003858349883576674,-0.005179771789097577,0.0006204071419579045,0.9999863180016779
1741341896.427429,2,0.011173820751007774,-0.0006583089950113337,-0.008529945207435793,-7.73009830156905e-05,-0.005245510360855488,0.0007464214354982734,0.9999859606517747
1741341896.4466407,2,0.011203426651582894,-0.0006598091722745483,-0.008501362801107464,9.923104772194528e-05,-0.00526218847420659,0.0007432785320872675,0.9999858734315624
1741341896.4613898,2,0.01125215191740552,-0.0006556176598210977,-0.008437385394933184,6.327088865441176e-05,-0.005300625552529152,0.0006706091411204963,0.9999857247225714
1741341896.4773915,2,0.011124508273670118,-0.000665136506609541,-0.008581136023058366,0.00014284450226040302,-0.0052091947456592,0.0006771949013559922,0.999986192550985
1741341896.4947405,2,0.011153192695194433,-0.0006587113891961846,-0.00854258602019176,8.229427134589528e-05,-0.0052154723659820585,0.0007010927980738958,0.9999861501763618
1741341896.5107334,2,0.011176277539339727,-0.0006587205743957253,-0.008514994224844717,0.00016296513696250787,-0.00524794926505457,0.0006923138917103961,0.9999859764878459
1741341896.5273416,2,0.011196744705010192,-0.000654416800996927,-0.008494261176057543,0.00016052752575543828,-0.005233218181731953,0.0006646861098326663,0.9999860728283927
1741341896.5443008,2,0.011204986545643426,-0.0006559351634379119,-0.00848364831631402,0.00031895302098242095,-0.005216087885574983,0.000652912371709095,0.9999861321046284
1741341896.5608919,2,0.0111552794593056,-0.0006589621715866292,-0.008546434494918608,0.00012814185871709493,-0.00517293848942275,0.0006615155620171938,0.9999863932495331
1741341896.5782697,2,0.011197181881134097,-0.000657849137477874,-0.008503825995110459,9.253009036915762e-06,-0.005238665242807981,0.0007005258359782032,0.9999860326846614
1741341896.5943546,2,0.011212594307960925,-0.0006569018633184697,-0.008488654985426612,2.6901329023242386e-05,-0.005249993578750296,0.0007134658336396525,0.9999859638066155
1741341896.6119723,2,0.011164310234252215,-0.000658566955435714,-0.008537933585529641,-3.645052929230049e-05,-0.005263042778692346,0.0007207770340813089,0.9999858896667171
1741341896.6277003,2,0.011147492838371685,-0.0006592078948008653,-0.008547778607104786,7.723026427872307e-05,-0.005220453047029732,0.0007215778155945234,0.9999861100189973
1741341896.6442688,2,0.01118522781225583,-0.0006570416692617557,-0.008497468837832613,-0.00010792302661745367,-0.005239431842825599,0.0007310960067510217,0.9999860010046209
1741341896.6609564,2,0.011157514491212784,-0.0006603231084195017,-0.008533298700740499,0.0003886770739889162,-0.0052182111338328575,0.000620020573877062,0.9999861172922266
1741341896.6778035,2,0.011194520915893782,-0.000658446120753723,-0.008505885919984456,0.0001721689747071045,-0.00528448508774972,0.0007019002923484835,0.9999857758544275
1741341896.6942053,2,0.01121738003321856,-0.0006570839161039989,-0.00849420341247636,0.000267926729919929,-0.00531451823057538,0.0006407217913485962,0.9999856366902629
1741341896.710978,2,0.01122266131419332,-0.0006546456094382038,-0.008480156765038034,9.71021533200664e-05,-0.005299001634770129,0.0006175032007465004,0.9999857648200017
1741341896.727985,2,0.01114289118289626,-0.000660900648936607,-0.008557713972522682,0.00021370040256471606,-0.005184902555147284,0.0006523377025066203,0.9999863226930424
1741341896.7451603,2,0.011224422797111269,-0.0006530671781374572,-0.008451037660856156,1.831992849351736e-05,-0.005275677816574756,0.0006835623181729806,0.9999858497151413
1741341896.7615168,2,0.011147768236424422,-0.000663639789712214,-0.008542463030271567,0.00012299718125988974,-0.005219768265409555,0.0006326125637024501,0.9999861692505017
1741341896.777704,2,0.011150273435315937,-0.0006613868382557502,-0.00854966332839981,0.00025633196495017244,-0.005180929407723608,0.0006065886537108709,0.9999863620643039
1741341896.7960331,2,0.011247162468638076,-0.0006527414163411117,-0.008446107651269947,0.0003196453937651336,-0.005269441895291302,0.0005959871679461741,0.9999858877045366
1741341896.8111644,2,0.011124790122633885,-0.0006605155990031734,-0.008594935005142083,-0.00014159801593880398,-0.005222352057601724,0.0007168494294570286,0.9999860964612878
1741341896.8277867,2,0.011200951055509988,-0.0006537716727058726,-0.008497582893632673,8.649467906967808e-05,-0.0052565365377367545,0.0007053435904323874,0.9999859318174018
1741341896.8448305,2,0.011121119868335765,-0.0006619855272874153,-0.008584165680973976,0.0001320764822226838,-0.005193077364234272,0.0007218467375820311,0.999986246625712
1741341896.8611689,2,0.01116483935600702,-0.0006591001775684861,-0.008527672769074384,0.0002076868930205475,-0.005219668479022332,0.0006854071299355192,0.9999861209757812
1741341896.8777251,2,0.011130904241468531,-0.0006632918736686614,-0.008564328518618115,0.00019285565345279117,-0.005165531396841026,0.0006449055562143774,0.9999864320024091
1741341896.894828,2,0.011176817972787183,-0.00065747726664083,-0.008517445990064891,0.0002449997098718876,-0.005178405996254666,0.0006017782993790213,0.999986380881939
1741341896.911227,2,0.01120253851910649,-0.0006567346850338744,-0.008495790252224265,0.00020750698682702294,-0.005230417262566787,0.0006651596268242946,0.9999860785224867
1741341896.928154,2,0.011224614214799318,-0.0006569322015099344,-0.008477932436305942,0.00011799954133184764,-0.005205781210080599,0.0007000636259905671,0.9999861978192602
1741341896.9445696,2,0.011263212804760035,-0.0006576916404663785,-0.008428531240359225,0.0002164271816983635,-0.005282315488415145,0.0005716302574186433,0.9999858616706562
1741341896.9617932,2,0.011112842341980787,-0.0006630682375350381,-0.008593826240130196,0.0001956491393720123,-0.005173082789915848,0.0006164742214295209,0.9999864103553593
1741341896.9807665,2,0.011170356099119785,-0.000656914865194844,-0.00851469284899499,0.00014998071130272692,-0.005252793091952219,0.0007043274010122717,0.99998594469794
1741341896.9946473,2,0.011159945688408912,-0.0006572153760483834,-0.008527945574070547,0.0001313919312133061,-0.005208918684906709,0.0006410182987610246,0.9999862194039651
1741341897.0114617,2,0.011106548022620972,-0.000664347483129426,-0.0086013354302249,0.00030065310917844575,-0.005158932022953099,0.0006719094295924503,0.9999864216907192
1741341897.028998,2,0.011178975599893537,-0.0006584234728442507,-0.008525477268557749,8.442907704073679e-05,-0.005234104200568233,0.0006777679328319323,0.9999860687307487
1741341897.0449142,2,0.01125079326562718,-0.0006590977598281109,-0.008446635519737391,0.00010992265970714797,-0.0053055123527117115,0.0006867809539921622,0.9999856837913257
1741341897.0613678,2,0.011050492641595678,-0.0006703226254808879,-0.008675201402645777,0.00013372139018517283,-0.005093778738026821,0.0007025470136882648,0.9999867708947211
1741341897.078213,2,0.011183486435232712,-0.0006575586073427162,-0.008512889341200244,4.025091351276879e-05,-0.005233572839468936,0.0007041338150392982,0.9999860560481673
1741341897.0947132,2,0.011235835499693243,-0.0006555770081513778,-0.008444737421844905,0.0002394244346814856,-0.005244161010480598,0.0006135568124465979,0.9999860324020902
1741341897.111353,2,0.011165208442435785,-0.0006578633501930954,-0.008527439717141209,0.00031184334828262883,-0.0051653354165954075,0.0006529742541339796,0.9999863977516813
1741341897.1283538,2,0.011073137616052182,-0.0006667877168151459,-0.008637986756967753,0.00017849503942425228,-0.005132637582742761,0.0007013191116748658,0.9999865660709991
1741341897.1448433,2,0.011174351751593412,-0.0006568195476774301,-0.008524721645079922,1.869538330670255e-05,-0.005265675847455153,0.0007028234659011525,0.9999858890742048
1741341897.1616163,2,0.011192474082727397,-0.0006586784233991416,-0.008507074790673058,8.760804759733587e-05,-0.005267428557045955,0.0006955668333844844,0.9999858812543339
1741341897.1781356,2,0.011200195787138798,-0.0006576189393079032,-0.00850122012604199,3.4071294114677626e-05,-0.005257557495107183,0.0006928399431391598,0.9999859383517079
1741341897.195117,2,0.011162863155494918,-0.0006590061279497714,-0.008540873288210587,-0.0001581567867985227,-0.005263254555936521,0.0007580741091088205,0.999985849130654
1741341897.2117581,2,0.011146281751916681,-0.000660360696974791,-0.008550652588991499,0.0001762324661382389,-0.0051962487922126155,0.0006640147431364415,0.9999862634181672
1741341897.2294796,2,0.0112566831557975,-0.0006537309058469306,-0.008415840266208402,0.00020300640133204218,-0.00525963806148129,0.0006986026480025289,0.9999859033757442
1741341897.244929,2,0.011135320512784205,-0.0006601474431471966,-0.008559452027424834,0.00010014144816317389,-0.0052478729145529895,0.0007310531498511793,0.9999859575828328
1741341897.2626736,2,0.01119103108296656,-0.0006577881616475589,-0.008506683891823187,0.00013744631418120877,-0.00525400007843838,0.0006674565966052579,0.9999859654482047
1741341897.2781644,2,0.01126166388192575,-0.000653997792860919,-0.008437318261163337,0.00034125659150818316,-0.005335541287840947,0.0006165857419169401,0.9999855175776934
1741341897.2951357,2,0.011294239800320651,-0.0006498464433422041,-0.008397232893549714,3.052226278960995e-05,-0.005339630635713084,0.0007072677495901219,0.9999854934874786
1741341897.3144424,2,0.01111737287783872,-0.0006613273894174414,-0.008591633690421315,-5.2000470696427856e-05,-0.0052109273312870704,0.00070960573424287,0.9999861699003647
1741341897.3282323,2,0.011179801898261515,-0.0006568313729411451,-0.008503746526772889,3.3791411618093975e-05,-0.005302327236284767,0.0007330703234121337,0.9999856732933332
1741341897.3454366,2,0.011185536962251028,-0.0006589166240744533,-0.008496243238000445,2.4427893208805918e-05,-0.005283425190817785,0.0006685093157150915,0.9999858188578605
1741341897.3614955,2,0.011079025486631016,-0.0006672916728738889,-0.008630470811014894,0.0002211804129176269,-0.0051765128237752115,0.000669872668406939,0.9999863529392881
1741341897.378312,2,0.011216983739997407,-0.0006576456086117218,-0.008480056525148787,0.0001800755315715943,-0.005277669909789035,0.0006672982907864702,0.9999858341427229
1741341897.3949666,2,0.011243490810953936,-0.0006537682753842803,-0.00845461542015285,3.8128829135368116e-05,-0.00527426768280696,0.0006821620295132589,0.9999858575507795
1741341897.4116929,2,0.011158181446977087,-0.0006610204249519986,-0.008550319431831497,5.195480541913664e-05,-0.005275401269889929,0.0006549750803744311,0.9999858691250512
1741341897.4287846,2,0.011208751539827142,-0.0006556697375918976,-0.008485003738711978,0.00021195290789827824,-0.005281464563086598,0.0006611400216458259,0.9999858119503023
1741341897.4450686,2,0.011217124710105475,-0.0006576110022708587,-0.00846943611574012,6.704307029342036e-05,-0.005300509479094265,0.0006853705636779167,0.9999857150838102
1741341897.4623032,2,0.011206216980472935,-0.0006542143216177542,-0.008478109097429508,8.29653232974965e-05,-0.005299820556036906,0.0007224829536647121,0.9999856914162375
1741341897.478753,2,0.011162918216206682,-0.0006603156496959536,-0.00853305334766994,0.0001108245428866165,-0.005240826990526273,0.0007031058504853514,0.9999860134484577
1741341897.4951327,2,0.011185163719267439,-0.000656951706405906,-0.008511057392700321,0.00012081681676159841,-0.0052564716334113715,0.0006722521035429046,0.9999859513945049
1741341897.5116982,2,0.011197217279694758,-0.0006601473421861061,-0.008504348294617008,0.00020057298294827105,-0.005287758465993334,0.0006818481629815349,0.9999857671306959
1741341897.5287359,2,0.011167477432854902,-0.0006614842788749486,-0.008542499238017224,0.00015276024904211735,-0.005219733548744278,0.0006462089722790808,0.9999861566341558
1741341897.5452144,2,0.011272334164243253,-0.0006543705892554063,-0.008413933984789004,0.00015836499920880988,-0.005328733339808736,0.0006815552373091746,0.9999855573976949
1741341897.5621135,2,0.011157541004674679,-0.0006610664637893883,-0.008534252466566769,0.00014624650025903404,-0.005293453555791423,0.0006594490941646069,0.9999857614427848
1741341897.5788546,2,0.011192928198971237,-0.0006558473256704532,-0.008486907889655624,0.00013636142941396515,-0.005307187811061778,0.0006758527447701787,0.9999856790905388
1741341897.595209,2,0.011204108046736818,-0.0006556289844798315,-0.00848073325679821,5.050969449231151e-05,-0.005198398587656962,0.0006650153957947734,0.9999862658333952
1741341897.6120741,2,0.01117721982179432,-0.000658313324031969,-0.008519836948566319,0.00024223314652513456,-0.005222300151159642,0.000657939319330873,0.9999861179136869
1741341897.6285129,2,0.011186188578427672,-0.0006591132722502659,-0.008516984692959082,4.697206486268084e-05,-0.005271852603950451,0.0007222119846397098,0.9999858417865708
1741341897.6454036,2,0.011092712670784896,-0.0006654485703512937,-0.00862504642846962,-0.00010569192376145638,-0.005241224059932798,0.0007442116364100368,0.9999859821760559
1741341897.6621194,2,0.011155431980472745,-0.0006606719258904982,-0.00854541512971452,4.047272831740908e-05,-0.005252477935885986,0.0006870589582879057,0.9999859687953022
1741341897.6790588,2,0.0111185208214233,-0.0006624276324693515,-0.008580119402522709,-0.00012092964836678856,-0.0052337144165585815,0.000749757217404526,0.9999860156389894
1741341897.6955907,2,0.011213869981534478,-0.0006559475482444944,-0.008463363212148276,0.00015346389372406557,-0.005346121994018101,0.0006792451386557263,0.9999854669216448
1741341897.7120743,2,0.011083603614453656,-0.00066603135044848,-0.008623778213572693,0.00023327648791318008,-0.005179226610418792,0.0006591753325826606,0.9999863432475861
1741341897.7287347,2,0.01113725570528534,-0.000662672094882375,-0.008568092530000194,0.00013673210612006868,-0.005205710721531383,0.0006496359406721754,0.9999862298318709
1741341897.7459304,2,0.011104035252069365,-0.000661145266098758,-0.008608946348419636,4.9588231387670025e-06,-0.005244961165507293,0.0006981172545355158,0.9999860013970602
1741341897.762013,2,0.011156503716229527,-0.0006597494180265713,-0.008551239939468873,0.00012608621378030102,-0.005242833402341037,0.0005999724645143799,0.999986068319566
1741341897.7787867,2,0.011149321703689638,-0.0006604327642854757,-0.008557271298132777,-5.1430107811863265e-05,-0.00520607539048687,0.000706026831705402,0.9999861977347915
1741341897.7954102,2,0.01119995173042779,-0.0006574021102499926,-0.00849095961275272,0.000139166124360905,-0.005211461870423741,0.0006402676959967799,0.9999862055824772
1741341897.8122404,2,0.011178662622055724,-0.0006585346179982098,-0.00850754578914667,8.959584768065647e-05,-0.0052559621762502,0.0006530995211288287,0.9999859700491809
1741341897.8288946,2,0.011156387834583106,-0.0006603507113759511,-0.008531699526544381,0.00023934901617297914,-0.005180116507053743,0.0005923574164598144,0.9999863790160908
1741341897.8453817,2,0.011166370011454135,-0.0006591370772624518,-0.008528898200256322,0.00028534581612689187,-0.005176088546433792,0.000594802480067507,0.9999863863549016
1741341897.8623788,2,0.01126351322202753,-0.0006523790538248349,-0.008427955300056756,0.00010845274004542457,-0.005296303504446434,0.0006648250644132871,0.9999857476058475
1741341897.8790107,2,0.011163165161449667,-0.0006609675408350911,-0.00855028405192836,0.0002174048738906316,-0.005263888714922377,0.0006439290937640691,0.9999859146838219
1741341897.8955953,2,0.011187253555513551,-0.0006573528539443733,-0.008517277648348408,6.165354966129887e-05,-0.005246485642124778,0.0007103970402358486,0.9999859828634059
1741341897.9121506,2,0.011194665117226724,-0.0006571235142853344,-0.00849652120864974,8.49822257980242e-05,-0.005255300594459205,0.0007665113898243296,0.9999858934274886
1741341897.9297104,2,0.011240187633254992,-0.0006538814235856695,-0.008433052506434856,0.00019519698779628977,-0.005324246158618627,0.0007041149185805703,0.9999855591573109
1741341897.9454193,2,0.01118013347792063,-0.0006578049030160567,-0.008509304266364108,0.0002779051553237465,-0.0051843770202130044,0.0006762137029295584,0.9999862937754022
1741341897.9627326,2,0.011124446167324187,-0.0006619414927696043,-0.008584594160998384,2.7913682926601163e-05,-0.005201010869239947,0.0007782044080741969,0.9999861714567175
1741341897.978864,2,0.011218507301691289,-0.0006561045133600049,-0.008480755272411109,0.0002131536853079138,-0.0052677535465055604,0.0006307588279060856,0.9999859036413368
1741341897.9956694,2,0.011148234121353861,-0.0006587550383996601,-0.008563276789693052,3.066676260781476e-05,-0.005243418264525277,0.0006896479144491326,0.9999860149073122
1741341898.0124943,2,0.011176278318942948,-0.0006597875945427588,-0.008524267307082955,-3.081096874435118e-05,-0.0052594063834426824,0.0006437973619001161,0.9999859615115279
1741341898.0288622,2,0.011124778752444473,-0.0006632840598576778,-0.008574795579998103,0.00017994464003027612,-0.005228194874376309,0.0006398355903119546,0.9999861120079117
1741341898.046386,2,0.011124082952889011,-0.0006649377731232984,-0.008573174681594199,0.00020986433671747173,-0.005140412608896764,0.0006631882356907923,0.999986546057763
1741341898.0625474,2,0.011174147820103716,-0.0006576920184137439,-0.008518716801980662,0.00018837862081221224,-0.005226732499896145,0.0006720250800155484,0.9999860969849339
1741341898.0791261,2,0.011051127092715845,-0.0006701987426925977,-0.00866593398209526,0.00026152141540521014,-0.005144124916317828,0.0006874015440894142,0.9999864984411099
1741341898.0956705,2,0.011155874715434664,-0.0006584949006678733,-0.008549179663660767,1.472610689092282e-05,-0.0052372896594554425,0.0006300068393258868,0.9999860867389843
1741341898.112469,2,0.011167944273671094,-0.0006592961798479077,-0.008538980544254397,2.9237568683120063e-05,-0.005256732412895558,0.0006682259784068884,0.9999859595932064
1741341898.1292224,2,0.011087642451902387,-0.0006700747005384413,-0.00863110768528696,0.0001364603508485729,-0.0051867284228627394,0.0006264464457053471,0.9999863433025927
1741341898.1458328,2,0.011167923480142977,-0.0006593011687120569,-0.008529190056966039,0.0001506408243615673,-0.00525287684330773,0.0007053117041065672,0.9999859434650125
1741341898.162159,2,0.011094694232375997,-0.0006663861139948609,-0.00861066469937783,0.00028566229676907216,-0.005174913235432331,0.0006369526499954009,0.9999863663877521
1741341898.17922,2,0.01117687979045337,-0.000658016255199593,-0.008513785115834343,0.00030740766051018435,-0.005226341563509727,0.0006370632288737464,0.9999860924057066
1741341898.1957772,2,0.011142189991619011,-0.0006612506764373853,-0.00855881496399033,0.00011145782315965695,-0.00516233328415495,0.0006807787293870958,0.9999864371242935
1741341898.2124102,2,0.011158941301918171,-0.0006591636538734045,-0.008545574993787526,0.00011199677734641904,-0.005228822585421426,0.0006722753558538588,0.9999860973618272
1741341898.229238,2,0.011196894634899254,-0.0006608053217644627,-0.008506389659550655,0.0002798333126261432,-0.0052099367931127535,0.0006391272020733938,0.9999861847887442
1741341898.2457075,2,0.011163876680710998,-0.0006610232768098187,-0.00854407269798442,0.00012566751915552547,-0.0052615022420265355,0.0006749429554194648,0.9999859225278317
1741341898.2625394,2,0.01107815359771739,-0.0006659971682068695,-0.008636477422992398,1.965914301617178e-06,-0.005169032372108534,0.0007004164645458265,0.999986395166078
1741341898.2793238,2,0.011158562341900718,-0.000657795092544403,-0.008534114661844129,0.00020488429134972198,-0.00519867652643594,0.000668331996457488,0.9999862424639366
1741341898.2959223,2,0.011269778915020559,-0.000652160646209998,-0.00840036314052234,0.000313533421954389,-0.005282708329295436,0.000604651770432041,0.9999858144422538
1741341898.312756,2,0.011105783143583436,-0.0006673728808862559,-0.008599981028253875,0.00037478907017497894,-0.005155420009568077,0.0006270218650511316,0.9999864439187457
1741341898.3292682,2,0.011165373718938814,-0.0006609893723392931,-0.008534218057077922,0.00010887224799021534,-0.005232731100009755,0.0006809927075623342,0.9999860713634969
1741341898.346084,2,0.011191406001148776,-0.0006578876617206423,-0.00850916101236687,0.00019503394247540986,-0.0052350903173835365,0.0006998034080834036,0.9999860329356207
1741341898.3628561,2,0.011088815947691129,-0.0006656043580572043,-0.008628039577447573,7.618339439017346e-05,-0.005182222237789227,0.0005892962889196205,0.999986395656787
1741341898.3819778,2,0.011145344296450487,-0.0006572069461052247,-0.008555532253132473,0.00024989875263200384,-0.00518313208743349,0.0006516176918705254,0.9999863239498634
1741341898.3959754,2,0.011087722770768983,-0.0006655959716897081,-0.008618838975133969,0.0002018328398699032,-0.005191040916460901,0.0006500942284712708,0.9999862947736846
1741341898.412776,2,0.01114700872796634,-0.0006610224735734337,-0.008545338799482362,0.00024949956160104174,-0.005254969675849489,0.0006129026756982581,0.9999859735986224
1741341898.4297967,2,0.011064801123060256,-0.000669499921848404,-0.008646723995516142,0.00014814952654204644,-0.005127305218121222,0.0007020807155121014,0.9999865978479847
1741341898.446813,2,0.01114279837671288,-0.0006613750618458481,-0.008558427150630807,9.76237792723377e-05,-0.005182864654190693,0.0006657772681497733,0.9999863424688377
1741341898.4633524,2,0.011154060651388393,-0.0006590372386259883,-0.008552944778174419,0.00012093582441992597,-0.005235295297192935,0.0006561058209584724,0.9999860731944367
1741341898.479529,2,0.011180353605696945,-0.0006563654254621471,-0.008522981028330523,0.00011599521019879751,-0.005201501298226853,0.0006153302846431633,0.9999862760548249
1741341898.4965117,2,0.01122271420036146,-0.000653163382197161,-0.008465668782526335,9.257788319121454e-05,-0.005264034623455423,0.0006178457269951403,0.9999859497190329
1741341898.5128982,2,0.011151172407918615,-0.0006616131418642525,-0.008539851222243645,7.287474315626508e-05,-0.0052744817436285365,0.0006944664097841345,0.9999858460238392
1741341898.5295658,2,0.011180505274197831,-0.0006562158255984527,-0.008503610744365305,0.00029367022675522316,-0.005256534792572429,0.0006772067587679435,0.9999859118961517
1741341898.5466201,2,0.011131423009754279,-0.0006601527064409053,-0.008566812190655486,0.00018451698101467837,-0.005122329465413782,0.0006932376235644764,0.9999866234684985
1741341898.562741,2,0.011147689476468546,-0.0006574173415378948,-0.00855686721182409,9.558644729608226e-05,-0.005222718707717899,0.0007264506724675839,0.9999860930742744
1741341898.5796103,2,0.011219667024461822,-0.0006555430303075038,-0.008480214500432254,7.668542874372835e-05,-0.005270775911689225,0.000692445660315536,0.9999858666799453
1741341898.5962486,2,0.0111135289770721,-0.000662295060611945,-0.008603622864091671,1.728359266001686e-05,-0.005216227984353375,0.0006204096605240402,0.9999862027841913
1741341898.613009,2,0.01113896913807844,-0.0006635412690697523,-0.008561573285475412,0.00019516340922685023,-0.005200275193433954,0.0006174886466975058,0.9999862687841905
1741341898.6295784,2,0.011184248483952584,-0.0006583044808550657,-0.008496139305406207,0.000238769904464821,-0.005243630789828738,0.0006208518068001811,0.9999860308364845
1741341898.6462104,2,0.01118225763562456,-0.0006594587667425464,-0.008502699268817667,7.240345151716848e-05,-0.005212027676464559,0.0006592432923978068,0.9999861973665043
1741341898.6635697,2,0.011248950842626719,-0.0006495883292715178,-0.008433726873206765,0.00012016133404179127,-0.00528689175672003,0.0006777463032855785,0.9999857873973784
1741341898.6805072,2,0.011195214907194663,-0.0006576471486287825,-0.008505627213190032,8.353825747006691e-05,-0.005200069607067009,0.0006836962089968348,0.9999862423338308
1741341898.6963766,2,0.011192351524532343,-0.0006560637611197146,-0.008510506729875064,0.00012140204455113459,-0.00523165472794076,0.000673319170149682,0.9999860807489503
1741341898.7135,2,0.01115590843964112,-0.0006604999229579936,-0.00854598184058549,7.743778954828214e-05,-0.005211529615056769,0.0006476585240948345,0.9999862071553268
1741341898.7299023,2,0.011099959066025011,-0.0006652581121656645,-0.008604857609556833,0.00019419651689744647,-0.005160697198435243,0.0006714364188239569,0.99998643924069
1741341898.74642,2,0.011095444898735754,-0.0006641181103560218,-0.008609679221129995,0.00010076729822016927,-0.005106946051121113,0.0007017215377385361,0.9999867081790969
1741341898.763321,2,0.011200242204679786,-0.0006591970522702739,-0.008486703440090096,0.00028263674037125563,-0.005239094973642323,0.0005622412719055059,0.999986077845628
1741341898.7802372,2,0.011184528604547979,-0.0006569314685319446,-0.00850861972207347,6.890571567297437e-05,-0.005211617874736317,0.0006832049057841097,0.999986183665648
1741341898.7962189,2,0.011167937149232643,-0.0006603026452533991,-0.008528979109588598,0.00026008722892398024,-0.005235555992627259,0.000639627907838543,0.9999860559948929
1741341898.8130422,2,0.011141412233407068,-0.0006623739853018306,-0.008563651525931854,0.0001954007811821723,-0.005165272990519425,0.000688385751587068,0.9999864038568349
1741341898.8298225,2,0.011132415742677348,-0.0006624614591899206,-0.008574890233473081,9.2738745607298e-05,-0.0052129486781048095,0.0006261783347460418,0.9999862121380962
1741341898.846639,2,0.011131319724860088,-0.0006599807476088482,-0.008575261821425331,0.0001545687505552273,-0.005188917832087572,0.000622862855338001,0.999986331547635
1741341898.863157,2,0.011127714335046692,-0.0006607982887633609,-0.008575460387233228,0.00029672883522189225,-0.005183702894303217,0.0006760949784992056,0.9999862919419855
1741341898.8795872,2,0.011180270499808373,-0.0006549767392789936,-0.008510541585992624,0.0001851325801490986,-0.005191344611268062,0.0006471315566398851,0.999986298350034
1741341898.8969786,2,0.011259073885227056,-0.0006534997268854511,-0.008414959695862822,0.00015631887765781498,-0.005319888800264078,0.000705073023896112,0.9999855885059505
1741341898.9131773,2,0.011154095855682607,-0.0006615384825695245,-0.00854404747665473,0.0002486872377822858,-0.005222083169566429,0.0006462789831640589,0.999986125066495
1741341898.9301438,2,0.011164549463314015,-0.0006631990476045925,-0.008541794580692551,6.0747690639058726e-05,-0.005191260292216086,0.0006534799628158283,0.9999863099514087
1741341898.9464643,2,0.011113991100307244,-0.0006638201202881233,-0.008606151397296837,3.048000677631413e-05,-0.005202454648676313,0.0006667174479740522,0.9999862444176131
1741341898.9637442,2,0.011121560048743461,-0.0006625242313206931,-0.008590323560645714,-6.608087449159541e-06,-0.005233099845794987,0.0006669033729876517,0.9999860848342982
1741341898.9799736,2,0.011122232541790502,-0.0006632167724995966,-0.008577400831013831,5.480523515446363e-05,-0.005186337899946537,0.0006698188367289628,0.9999863250256473
1741341898.9965408,2,0.011223648922706308,-0.0006556215295191877,-0.008456098391264785,0.0002331577640705673,-0.005228790853613837,0.0006624791130530478,0.9999860831557063
1741341899.0138066,2,0.011208361177962901,-0.0006556827064902395,-0.008478164139373386,0.00025167883369153396,-0.00522345624723236,0.0006362633826358406,0.9999861235694754
1741341899.0299497,2,0.011121806092556316,-0.0006643383600908467,-0.008587218736686471,0.00024897124771300496,-0.005201035660635911,0.0006276299090173718,0.9999862465664575
1741341899.0466092,2,0.01117246127684812,-0.0006594435777153965,-0.008537255496419986,0.00026438172556334427,-0.005210944044864785,0.0006358539922327986,0.999986185831667
1741341899.0635695,2,0.011165430798541391,-0.0006599557219716625,-0.008545162365701579,-0.00012410538560921885,-0.005226880326396907,0.0006638260621068932,0.999986111730991
1741341899.0800498,2,0.011138011820363078,-0.0006614998851611505,-0.008567078363723243,0.00010884343278995607,-0.005176850356735783,0.000617028472722394,0.9999864037322482
1741341899.096721,2,0.01126471073937775,-0.0006509859378778831,-0.008411201551746217,0.0001484433693573688,-0.005297304292362025,0.0006750258122990894,0.9999857303341648
1741341899.1135669,2,0.011130281165214344,-0.0006634184868662442,-0.008565074998898362,0.00021694140199010473,-0.005161880472860195,0.0006638346414207496,0.999986433532966
1741341899.130188,2,0.011142499414926873,-0.0006606146231810056,-0.008553932053702518,0.0002996735676152202,-0.005203573169797472,0.0006143342595263273,0.9999862277128805
1741341899.1468031,2,0.011079327448745057,-0.0006634193318239447,-0.008635810311202525,2.9134418386980398e-05,-0.005173123236956475,0.0007179186290162688,0.9999863611769927
1741341899.1633592,2,0.011141234256413605,-0.000658493305881037,-0.008569011427002405,6.179952946503186e-05,-0.0052359416972541425,0.0006686643509265105,0.9999860668946078
1741341899.1800618,2,0.011207358800140751,-0.0006546144936588414,-0.008491476190193801,-2.3838502899157506e-05,-0.005300204042173077,0.0007343794121016693,0.9999856838753824
1741341899.2009082,2,0.011126919945920083,-0.0006631548537946694,-0.008581635689771083,0.0001939645574325851,-0.00519768043593615,0.0006871113089525848,0.999986237092234
1741341899.2134511,2,0.011181889551501876,-0.0006582722869980934,-0.008508862157002126,0.00022213789294469802,-0.005218807987811486,0.000725918225680433,0.9999860937736447
1741341899.2301042,2,0.01117756063881666,-0.0006559704662327081,-0.008512856267939508,0.00014076834128369915,-0.005193715868414914,0.0007182151207607618,0.9999862447387927
1741341899.2472675,2,0.011167793226048812,-0.0006591468899151031,-0.00852711457344902,0.000343808272329994,-0.005146852897834115,0.0006119475226762351,0.9999865085196646
1741341899.2634473,2,0.011181085996261438,-0.0006560342228296215,-0.008515838067306866,0.00015706019911418127,-0.005261701048630942,0.0006088687958965008,0.9999859594579106
1741341899.280225,2,0.011160431603264862,-0.0006610675614458432,-0.008545952575717495,0.00012046272509593067,-0.005274516889704385,0.0006989637918016873,0.9999858381046853
1741341899.2972133,2,0.011205063208955757,-0.000655804776383481,-0.008493298177399928,6.425893031401865e-05,-0.005243378659876915,0.0006364378282044627,0.9999860488016369
1741341899.313435,2,0.011159163638258113,-0.0006594022062715529,-0.008541650085984509,8.970758555765559e-05,-0.005155261197169917,0.0006802284265801643,0.999986476170466
1741341899.3304489,2,0.011148299727935514,-0.0006576947685247225,-0.008550790081974822,3.029387197567073e-05,-0.005220380225562107,0.0006926596228390625,0.9999861333714727
1741341899.3468075,2,0.01115048830885965,-0.0006576390921056788,-0.008546364672538132,9.860296165060439e-05,-0.005208710117764797,0.000665508291246642,0.9999862082624336
1741341899.3636427,2,0.011170995521816727,-0.0006569037489978426,-0.008525435233255154,0.00014949073310729498,-0.005217041789783199,0.0006631465525901564,0.9999861600862955
1741341899.3803928,2,0.011100453820691573,-0.0006644377877833233,-0.00860937620931313,3.636458735125151e-05,-0.0051933945609261584,0.0006906871704856095,0.9999862750467048
1741341899.3968983,2,0.01119025684424214,-0.0006575855778271029,-0.008508133651144962,0.00013642062447270667,-0.005198566706375421,0.0006980588222844767,0.9999862344090008
1741341899.4151635,2,0.011157451431534179,-0.0006610065603696342,-0.008549418580329917,0.00013003086243581675,-0.005202777551383167,0.0006348829044388135,0.9999862554662555
1741341899.4303124,2,0.011096865358570478,-0.0006644733134149456,-0.008619630197768692,-8.682999015833928e-05,-0.005220130477722993,0.0007431993247962103,0.9999860950798826
1741341899.4469545,2,0.011214371615875891,-0.0006543728618415965,-0.008476114069426199,0.00031861167764754783,-0.005251852296820505,0.0006295514961695386,0.9999859600009218
1741341899.4643211,2,0.011144420117670903,-0.0006564595696273539,-0.008551789026118896,5.096708441796393e-05,-0.00521504753341,0.0007590200014741339,0.9999861121886733
1741341899.4805846,2,0.011176358973015381,-0.0006582216896469256,-0.008514864099741634,0.00015108770984574013,-0.0052184111716349815,0.0006946541796256892,0.9999861313102889
1741341899.4971404,2,0.011136903102066605,-0.0006599049305220005,-0.008561842681311911,0.0002957766529637043,-0.005175865745931167,0.0006058534771073847,0.9999863778429765
1741341899.5137045,2,0.011204578181501914,-0.000657186091665423,-0.008491882428907619,0.0002179288966900356,-0.005227732296511472,0.0006378849813649037,0.999986108115899
1741341899.5304372,2,0.011123656630655412,-0.0006625647271201931,-0.008591312162714292,0.0001428069184533765,-0.005202002817437931,0.0007315728113366978,0.9999861916917119
1741341899.5472555,2,0.011136388702270716,-0.0006593996317858029,-0.008571204126760837,7.894796296307713e-05,-0.005206451147264591,0.0006823890516476825,0.9999862103943497
1741341899.5638456,2,0.011109373303925583,-0.0006590861338710772,-0.008595571988090989,0.00010797026540075949,-0.0051567567183854746,0.0006572327355799037,0.9999864820324824
1741341899.5804849,2,0.011194607556688245,-0.0006563092092116737,-0.008488130939272987,5.346691379557043e-05,-0.005269048740556452,0.0006888578336539141,0.9999858797710816
1741341899.5977855,2,0.011071041054431421,-0.0006669945987954196,-0.008634253048189081,0.0003084185060168393,-0.005087167885888906,0.0006207957963286388,0.9999868200198967
1741341899.6139364,2,0.011153063993386152,-0.0006608348942036261,-0.00854244378646468,0.0002375073760428393,-0.005241129025629219,0.0006761487998190722,0.9999860083919093
1741341899.6306875,2,0.011081032826018772,-0.0006640077283136073,-0.008633345755998407,4.529059193003309e-05,-0.005164676791430835,0.0006757777222732173,0.9999864336014126
1741341899.6473086,2,0.011146587011250271,-0.0006566214889985969,-0.008563325773681487,3.6347795493949666e-05,-0.005269427963110319,0.0006968904515751132,0.9999858729759525
1741341899.664061,2,0.0111243655595723,-0.000659451276267288,-0.008587266026974797,-3.17470696196474e-05,-0.005214348884708868,0.0007240885893038214,0.9999861425307587
1741341899.6806424,2,0.011200278055440993,-0.000652957699675386,-0.008491429367608527,8.362415569692391e-05,-0.005215495969119717,0.000729433097691848,0.9999861296718834
1741341899.697265,2,0.011186173316639852,-0.0006572435741451649,-0.008497823221653074,8.73197489554471e-05,-0.005319569788683966,0.000735128690834373,0.9999855769651544
1741341899.7142553,2,0.011199130860547087,-0.0006566233930757772,-0.008483012285213299,0.00018539575578524364,-0.005248693161171427,0.0005772024758930366,0.9999860417454913
1741341899.7307134,2,0.011182230208913442,-0.0006584106444892596,-0.00850931035986724,0.00030699213976348075,-0.005238306724175267,0.0006328280748320684,0.9999860326160147
1741341899.7472925,2,0.011166471108957715,-0.0006574017129631291,-0.008536502810188853,-1.0842682116208688e-05,-0.005253849077926616,0.00069290687476904,0.9999859583175983
1741341899.764169,2,0.011145474393378844,-0.0006590383774629495,-0.008567141014299713,0.00010119459684403675,-0.005206061814463565,0.0006912527801760229,0.9999862043296555
1741341899.7846534,2,0.01110982485632009,-0.0006590583164115645,-0.008602660597365258,-9.050045472212737e-05,-0.005208472392063189,0.0007004272637404637,0.999986186417921
1741341899.7977104,2,0.011115944529744848,-0.0006613689773705725,-0.008586211952467816,-3.7254539218860543e-06,-0.005240841971338741,0.0007238381456220951,0.9999860047120116
1741341899.8140213,2,0.011159575607549033,-0.0006570717793388432,-0.008528427686163893,-9.782060497748166e-06,-0.005192827221812983,0.0007579355283309118,0.9999862298969374
1741341899.8307257,2,0.01111968671912998,-0.0006624437527580456,-0.008579007814381522,0.00014825445647517348,-0.005169847183578523,0.0007048211238863653,0.9999863768711541
1741341899.847646,2,0.011140451934247517,-0.0006605834159814408,-0.008561882370068162,0.00018173843438200563,-0.0051612048528697,0.0006652123859364209,0.9999864431221503
1741341899.8639398,2,0.011070035028923795,-0.0006660496599622827,-0.00865078060084951,-1.2426290259149587e-05,-0.005146113263511447,0.0006926718671404779,0.9999865186939025
1741341899.8806844,2,0.011118423999364996,-0.0006620791877954694,-0.008594125806735981,2.8956781770638913e-06,-0.005203257659243903,0.0006345292076176966,0.9999862616426444
1741341899.8976781,2,0.011155072028716054,-0.0006598736640097372,-0.00854526378705429,6.63715080986467e-05,-0.005194577241570187,0.0006951231461621525,0.9999862642886231
1741341899.9139664,2,0.011139719021889587,-0.0006619176354013005,-0.008559374509880277,0.00024458123509424345,-0.0052259969432070005,0.0006125558445168048,0.9999861268594211
1741341899.9309366,2,0.011115849946657052,-0.0006619042438456639,-0.00858451760264901,0.00021572033336247722,-0.0052156309603957115,0.0006218349127653294,0.999986181894412
1741341899.9476373,2,0.01105061333875259,-0.0006631947706818376,-0.008660686807849333,0.0001309370578595187,-0.005191657759806604,0.0006590752569560872,0.9999862974886194
1741341899.9648445,2,0.011150585430132384,-0.0006587591395852897,-0.00854758422899579,0.0002583271870145088,-0.005241419995661922,0.0006488546548616507,0.9999860197878421
1741341899.9810505,2,0.011137535136358219,-0.000657766637110035,-0.008566030575811725,5.808632260587526e-05,-0.005255047960343561,0.0006545487632168162,0.9999859762330822
1741341899.9974294,2,0.011148950093040125,-0.0006618346385120289,-0.008558409066461388,0.00024992360546824074,-0.005201556121093075,0.0006552854906193571,0.999986225881655
1741341900.0144434,2,0.011120487106608538,-0.0006624660086930322,-0.008588498640336029,0.00015864972026793695,-0.0051732415704700985,0.0006451752771353046,0.9999863979828832
1741341900.0309634,2,0.011079725237779451,-0.0006650522682244062,-0.008633186320256515,0.00011731402139941677,-0.005150346279725246,0.000701361594188832,0.9999864840399261
1741341900.0475378,2,0.011144334717459665,-0.0006578237321360289,-0.008554424288310566,0.00015849312866572635,-0.00520835110876424,0.0006731638614277484,0.9999861973092787
1741341900.0646257,2,0.011194499237101568,-0.0006552310144483457,-0.008492771102597744,5.286060144644242e-05,-0.005218028812662943,0.0007323323296367591,0.9999861164388364
1741341900.0809824,2,0.011087059899497391,-0.000662681905909487,-0.008619148145151674,0.00015332836690133475,-0.005170428031530125,0.0007054114361670714,0.9999863726866923
1741341900.098019,2,0.011118383025919977,-0.0006622350030792113,-0.008588221148452008,6.149287847957729e-05,-0.005258348503970855,0.0007491259536387251,0.9999858923004575
1741341900.114683,2,0.011181106126120442,-0.0006564548276892117,-0.008521072830060273,0.0001552269656975532,-0.005218155184154006,0.0006665342337644915,0.9999861511506939
1741341900.131167,2,0.011115210079852215,-0.0006610931336389726,-0.008596754985011753,0.0001254690710047458,-0.005194166545760936,0.0006117158958012032,0.9999863152538988
1741341900.1479404,2,0.011114278415350209,-0.0006593067526635492,-0.008593090629430172,0.00029358364598898863,-0.005154834042683354,0.0006102896256801426,0.9999864844292686
1741341900.1644678,2,0.011126489666801739,-0.0006597613266348824,-0.00857575684132403,7.796394493436198e-05,-0.005195281716276178,0.0006882487870581673,0.9999862645472282
1741341900.1813784,2,0.011147454879275535,-0.0006617730099270904,-0.00854563442748769,7.922612559925844e-05,-0.005284078232975027,0.0006617655325001847,0.9999858170528364
1741341900.197834,2,0.011150680118491019,-0.0006607579941681445,-0.008542744279716566,0.00021532836764515714,-0.005279553797557574,0.000681603003587914,0.9999858075806568
1741341900.2143967,2,0.011112176001338963,-0.0006615968804973657,-0.008593605608106037,-3.254863730851532e-05,-0.005201186940174543,0.000762709589954046,0.9999861823390767
1741341900.2312121,2,0.011073604627257818,-0.000662930198585591,-0.00864701531143706,-5.774766273874372e-05,-0.005153756052715773,0.0007598361824719368,0.9999864289642797
1741341900.2476842,2,0.0111107642230508,-0.0006615871953492642,-0.008603751364974844,5.647614819382911e-05,-0.005227226328395221,0.0007422969983299209,0.9999860608581115
1741341900.2644641,2,0.011191272489266478,-0.0006542458874883556,-0.008506897917490543,3.051050270193122e-06,-0.005302384301268182,0.0007099584293315835,0.999985690232836
1741341900.2812958,2,0.011123805889464636,-0.000661467011367053,-0.00857477395603333,0.00016194654435498868,-0.005270415447100282,0.0006283011955954748,0.9999859007665755
1741341900.2978868,2,0.011165365536592527,-0.0006585938016495246,-0.0085225012877795,-7.740505295570036e-06,-0.005261875823048478,0.0006801295916332665,0.999985924914269
1741341900.3147147,2,0.011051387903649635,-0.0006667609988919623,-0.008657367313323935,6.938847604626787e-05,-0.005185401791934515,0.0007219656916622585,0.9999862926855726
1741341900.3312442,2,0.011118231019351011,-0.0006612257088098479,-0.008590686950140175,0.0003127754533685588,-0.0051775823524178866,0.0007085961494920339,0.999986296258102
1741341900.3479314,2,0.011151447606703217,-0.000663449002083519,-0.008557683093602105,3.3408421624551444e-05,-0.005223138561183831,0.0007028401431663326,0.9999861117651492
1741341900.3657207,2,0.011151402096059967,-0.0006618158032774727,-0.008554780816104142,8.365618608731339e-05,-0.005249222276177892,0.0006360753088354521,0.9999860169399067
1741341900.381538,2,0.011086954311785335,-0.0006666711501277698,-0.008622153940068909,0.00022943064213737003,-0.005159206962951794,0.000605108954370137,0.9999864818027527
1741341900.3981628,2,0.011130093185066003,-0.0006604425007561398,-0.008566782760858854,5.7439613566701586e-05,-0.005163364481393534,0.0006776861585971155,0.999986438462739
1741341900.415181,2,0.011130122029456369,-0.0006587285429588748,-0.008562270031853867,2.211811357116995e-05,-0.005267314468381093,0.0007343427828149788,0.9999858577248768
1741341900.4314384,2,0.01117851937761538,-0.0006553782016781304,-0.00851396255138354,0.00013779529726924117,-0.005220060348981741,0.0006804620992664243,0.9999861343807425
1741341900.4482715,2,0.011124439843410222,-0.0006615867287761964,-0.008581534986102821,-9.812844666690188e-05,-0.005266319163908274,0.000736461833220301,0.9999858568386055
1741341900.4654343,2,0.01113603080502443,-0.0006589479848044785,-0.008571878807492911,0.0001494981421083513,-0.005230867371658828,0.0005908118173492846,0.9999861332129772
1741341900.482061,2,0.011186412184098313,-0.0006581273230995168,-0.008508000603906841,0.00027201849755797346,-0.005204806401720586,0.0006707939221881592,0.9999861929205681
1741341900.4981117,2,0.011116994575800124,-0.0006595400653436814,-0.00858631364860221,8.78752134347448e-05,-0.005240049951880246,0.0006660498746328384,0.9999860451686379
1741341900.5148551,2,0.011148841701817838,-0.0006627646516149749,-0.0085475876842148,0.00021763388339782644,-0.005188333029533349,0.0006317312908031684,0.9999863172821134
1741341900.531633,2,0.01111985512373477,-0.0006623760798105064,-0.008582524081683748,0.00016064796605474787,-0.00517668067709409,0.0006874601114617385,0.9999863516908586
1741341900.5497725,2,0.011102973262099665,-0.000662513786459605,-0.008601273899760536,0.0001520287363831541,-0.005172787012462737,0.0007422151486286852,0.999986334045851
1741341900.5649323,2,0.011179023473416995,-0.0006558635447288923,-0.008512969253263098,0.0001931986017703545,-0.005248682001220379,0.0006666507214196872,0.9999859846959686
1741341900.5814626,2,0.011135296176288396,-0.0006618505385597578,-0.008568198599957918,0.00010970956432371822,-0.005202077031334727,0.0006396479160615746,0.9999862585100433
1741341900.5982635,2,0.011114248514429131,-0.0006616342946322984,-0.008594905510709443,0.0001170779992929485,-0.005216379691399133,0.0006454950715228836,0.9999861794103807
1741341900.6149871,2,0.011138258596531905,-0.0006605668495966315,-0.00856525847680049,0.00011588313834583799,-0.005241115846299996,0.0006785782744941556,0.9999860283060507
1741341900.6315014,2,0.011163240813210832,-0.0006567578609363021,-0.008533958341143767,0.00018057022026663052,-0.005215747559996262,0.0006274551325069132,0.9999861847404906
1741341900.648349,2,0.011246336647551545,-0.0006518191034316262,-0.008431271661221344,0.00018401336859594778,-0.005272250095898857,0.0007343734517369955,0.999985815006213
1741341900.66514,2,0.011125427503823084,-0.0006622964292828257,-0.008571826202388722,9.756609026222907e-05,-0.005165372760075348,0.0007181715773411417,0.9999863967248219
1741341900.6815364,2,0.011171485368341593,-0.0006583983338989718,-0.008521617938005016,0.00019093544868685106,-0.005268796973106566,0.0006918859174727316,0.9999858622080554
1741341900.698362,2,0.011119037709018188,-0.0006616135075512758,-0.0085880403821651,0.00011008776087036929,-0.005208893993515945,0.0006315442656512441,0.9999862281331128
1741341900.7151322,2,0.011099788389478758,-0.0006640860889878718,-0.008614399938583006,-8.113759257893097e-05,-0.005179047137999503,0.0007386578887808721,0.9999863125423052
1741341900.7316196,2,0.011154069620112752,-0.000656859015491296,-0.008545971719987949,0.00018590558988949737,-0.005199572311037094,0.0006368793146878701,0.9999862620414505
1741341900.7483952,2,0.011147125759615784,-0.0006575284195846779,-0.00854843665303823,0.00020063718300584066,-0.005238677985537209,0.0006715093110828797,0.9999860324389186
1741341900.7651603,2,0.01116080313345605,-0.0006577100572676455,-0.008528513267543085,0.00019535172804366932,-0.005190473013637484,0.0006163267431099845,0.9999863203909055
1741341900.7817485,2,0.011244977353056318,-0.0006551698753351407,-0.008431387344142057,0.00012233886857332147,-0.005299820571460687,0.0006875039386924786,0.99998571203465
1741341900.798443,2,0.011115385777273066,-0.0006612542607839821,-0.00858553857768856,0.00018392419598985902,-0.0052031686128035885,0.0006315878818407767,0.9999862470579405
1741341900.8149707,2,0.011107103682118064,-0.0006642450526212131,-0.008601532605384885,7.959175430692514e-05,-0.005141508645174618,0.0007069515780542387,0.9999865292960054
1741341900.8326383,2,0.011085905831797428,-0.0006653324817071547,-0.008628007311868378,8.955556882448298e-05,-0.005219242040680353,0.0007205705185668193,0.9999861160388422
1741341900.8482888,2,0.011085727264250665,-0.0006669860364097854,-0.008623382781747594,5.605639317670634e-05,-0.005202442624274921,0.0006718455412711522,0.9999862399413257
1741341900.8651822,2,0.011149888924030533,-0.00065981815855759,-0.008546270054879715,0.00021079878884189878,-0.005179949484059421,0.0006365104747382761,0.9999863591777783
1741341900.882035,2,0.011138913257613467,-0.0006611279486610751,-0.008558568136346381,4.030283778893761e-05,-0.0051982725539212035,0.0007200239389157212,0.9999862288570096
1741341900.8986707,2,0.011206842491664057,-0.0006537071551410856,-0.008476949926305355,0.0003120220671464665,-0.005288138563794631,0.0006781622866343579,0.9999857390626492
1741341900.9152582,2,0.011124085808669417,-0.0006620711419815614,-0.008578701894184622,0.00013498138574835467,-0.005170691244276172,0.0006741002890990323,0.9999863955679007
1741341900.931806,2,0.011184034764464066,-0.0006556110835566454,-0.008509722054679248,0.0001805711758629192,-0.005269716800802465,0.0006375286912623602,0.9999858954185592
1741341900.9486766,2,0.011160351752784877,-0.0006588448052850215,-0.008543854362849842,4.7335640073349764e-05,-0.005255409069476161,0.000659656589084789,0.9999859715456182
1741341900.9659178,2,0.011145737077265563,-0.0006610019346728066,-0.008561188805778474,8.911068993586128e-05,-0.0052450442635705065,0.0006600259293129768,0.9999860228701852
1741341900.982018,2,0.01119463920506439,-0.0006578702082050658,-0.008496070736549484,0.0001374581453988037,-0.005256521734351238,0.000630036698124818,0.9999859764708071
1741341900.9988673,2,0.011177041933517907,-0.0006571051971292348,-0.008510292242842646,0.0001820392754495694,-0.005247389925485388,0.0006090428044427471,0.9999860303161912
1741341901.0154917,2,0.011175406981094236,-0.0006578668535937077,-0.008513018888841827,0.00015110029419026727,-0.0052289840401913475,0.0007122080980639273,0.999986063730007
1741341901.0320895,2,0.011162949925367932,-0.0006587560976388052,-0.008532346836450124,0.0002884743336866882,-0.005209606877399407,0.0006794973182581874,0.9999861574352598
1741341901.0489962,2,0.011158839113922906,-0.0006594368139245634,-0.00854606652840679,0.0001767204634443505,-0.005236876071270115,0.0006609622355589667,0.9999860534166539
1741341901.0655682,2,0.01117781550215972,-0.0006581540929367005,-0.008523044633538734,-1.2486285079181773e-05,-0.005287167280712993,0.0006974915110208936,0.999985779504804
1741341901.082228,2,0.011128299928974367,-0.0006627775028649774,-0.008577036496544985,0.000181817473586993,-0.005204106924657492,0.0006587909143530292,0.999986225009152
1741341901.099074,2,0.011199765662693225,-0.0006572043682121289,-0.00848835886265443,0.00010790961103913833,-0.00521229033819608,0.000700150576768466,0.9999861649913543
1741341901.115747,2,0.011203888353872994,-0.0006560528895913533,-0.008477585221421263,-1.1480786866079635e-05,-0.005278322236586374,0.0007276187730272082,0.9999858047759875
1741341901.132167,2,0.011136658944015946,-0.0006636639400998947,-0.008556790215920419,0.0003612320164679175,-0.005277356744435463,0.000618178925112533,0.9999858183354596
1741341901.148619,2,0.01117176396618408,-0.0006584309485890281,-0.008522455695830867,0.00016426301978370446,-0.005214824586118351,0.0006912724689233263,0.9999861502863778
1741341901.1657376,2,0.011133845731989713,-0.0006600134948585899,-0.008573357573544783,3.610829692572168e-05,-0.005223900900954673,0.0007373855081190078,0.9999860828122461
1741341901.1825407,2,0.011140539512275812,-0.0006598896868594844,-0.008565409006810715,-2.0287469576563703e-05,-0.005235505710478728,0.0007371972873613002,0.9999860227065844
1741341901.1989763,2,0.011197153016837838,-0.0006538148060527137,-0.008496721125932026,6.625817704251361e-05,-0.005231451355532644,0.0006484649700357336,0.9999861034133182
1741341901.215832,2,0.01110958764859573,-0.0006646696851883018,-0.008594458017520828,0.00017898118671153307,-0.005171678163604761,0.0006313888954938369,0.9999864114370602
1741341901.232472,2,0.011179650681042997,-0.0006575359485050531,-0.008510218639882565,0.0002587396459008107,-0.00522516069821,0.0006365017520435812,0.9999861127110681
1741341901.2491686,2,0.011194053444207114,-0.0006565300372599444,-0.008492358037151947,0.0002515597687366897,-0.005220798426601363,0.0006201929381200923,0.9999861475751507
1741341901.2655816,2,0.011241553052888684,-0.0006528524472241127,-0.008438931013702303,0.00026718704214558374,-0.0052135755024733535,0.0006213029352675043,0.9999861805166245
1741341901.2823453,2,0.011228988616949199,-0.000653849523435479,-0.008459456746084436,0.0002144425097094163,-0.00526247726060789,0.0007113732454494912,0.9999858770480697
1741341901.2988424,2,0.011124591088372429,-0.0006626453430390928,-0.008583092667503147,-8.748572220128714e-05,-0.00522405951787445,0.0007267366496510072,0.9999860866043307
1741341901.3158236,2,0.011149731178435224,-0.0006594774533352172,-0.008551448943087986,-3.6273072141247325e-05,-0.005233226801079336,0.0007706808671782596,0.999986008938382
1741341901.3322527,2,0.011063740836652888,-0.0006629834977004473,-0.008649097440334118,0.00018087308798208265,-0.0051465274508822,0.0007011301023130039,0.9999864943871507
1741341901.349053,2,0.011157536551188932,-0.0006556349978487744,-0.008535860410188742,-1.9030776355440336e-05,-0.005224746184816961,0.000702520895449505,0.9999861039682129
1741341901.365762,2,0.011125175502604424,-0.0006611152963951234,-0.008575186501338856,0.00023450095519011416,-0.005199019035497956,0.0006378380974730025,0.999986254091991
1741341901.3825316,2,0.011174617233007337,-0.0006578004241397703,-0.008519300524371238,-1.967389207797638e-05,-0.005234825876235665,0.0007272534492508763,0.9999860335591713
1741341901.3991714,2,0.011124221837223443,-0.0006614143266168021,-0.008581733520599924,-1.0291926649149866e-05,-0.00520063058871592,0.0007425494868798764,0.9999862008826998
1741341901.415561,2,0.011207663844575813,-0.0006549875993479183,-0.00848728859710544,3.2038300481485445e-05,-0.005248803439397574,0.0006983729514052571,0.9999859805573389
1741341901.4322543,2,0.011092588967684945,-0.0006637059582191998,-0.008619148264465502,-4.0447985420507415e-05,-0.005260662915299127,0.0007378787226977084,0.9999858895627691
1741341901.4490325,2,0.011117909034410439,-0.000663440660278486,-0.008586446693447648,0.0001090149531373118,-0.005178208472664941,0.0006259420180737275,0.9999863911420713
1741341901.4664145,2,0.011123574865360317,-0.000660943642935199,-0.008574022871290044,0.00017451237909619913,-0.005215500934569418,0.0006801824391121204,0.9999861526277654
1741341901.4825833,2,0.011196644062797297,-0.0006575638878923742,-0.008487420469202919,-9.344808913401717e-06,-0.005275157503864332,0.000726343744780217,0.9999858224248723
1741341901.498946,2,0.011164687715639766,-0.0006590025651585115,-0.008526813256283372,0.00034673239331387023,-0.005196430433480828,0.000615666231653353,0.999986248826697
1741341901.5157201,2,0.01118208765500628,-0.0006577112924048002,-0.008511506850760733,0.0002500562109859067,-0.005224571088289784,0.000614374833886481,0.9999861318400363
1741341901.532443,2,0.011137755421288214,-0.0006607550775156068,-0.008567709128930793,6.609863909636839e-05,-0.005203898295111683,0.0006988525212918033,0.9999862132442915
1741341901.5491369,2,0.01116292434074928,-0.0006597275143637108,-0.008537999521728507,7.372891692265627e-05,-0.005212697329728584,0.0006792005565739657,0.9999861804231094
1741341901.565619,2,0.011122035948419148,-0.0006627196835647665,-0.008581425993729139,7.685051924012335e-05,-0.005173122848555147,0.0006098020155013885,0.9999864304256799
1741341901.582474,2,0.011264944429339688,-0.0006513005353354583,-0.008406182382890225,0.00010700509245685837,-0.005317941962369932,0.0006606302802264598,0.9999856357022474
1741341901.5992303,2,0.01115740056862989,-0.0006587113145465702,-0.008529885592087727,2.011174772522949e-05,-0.005265150748471052,0.0007439068696607276,0.9999858620929011
1741341901.616201,2,0.011167220767919345,-0.0006584407842707361,-0.008520575660417787,0.00010451222491835475,-0.00528472753784768,0.0007004324158306829,0.9999857849622046
1741341901.6324134,2,0.011144262935168828,-0.0006596917252555368,-0.008556540078218662,0.00010902589587790134,-0.005193172278273316,0.0006837078015444354,0.9999862757151641
1741341901.6490395,2,0.011161208011458916,-0.0006572108413164709,-0.008541269882147479,-1.622320504367513e-05,-0.0052411306094959755,0.0007707121080772569,0.9999859680463463
1741341901.665811,2,0.011259980582278435,-0.0006483102188624746,-0.008424338130679235,2.8932649407178718e-05,-0.005343997668454256,0.0006675102210426316,0.9999854975358023
1741341901.6823866,2,0.011141655479686778,-0.000655749059448635,-0.008557281094934555,0.00016180704407451428,-0.0052437196583478,0.0006441946283942809,0.9999860310203869
1741341901.6992185,2,0.011193128154240131,-0.0006549659606371691,-0.008492580700165057,0.00010434766018063109,-0.005273428715286409,0.0006949004347357224,0.9999858484871356
1741341901.7157826,2,0.01121157295897722,-0.0006543586231099333,-0.008474203470772853,0.00019124975990081894,-0.005248327788679818,0.0006648030409912494,0.9999859881597685
1741341901.7323818,2,0.011099697131488045,-0.0006613966731106307,-0.008614849621493914,4.6286689842161196e-07,-0.0052258940369589255,0.0007119439792756807,0.999986091486812
1741341901.7491884,2,0.011094074034322473,-0.0006645644613867869,-0.008640683795515807,0.00010003501364521443,-0.005189193886535627,0.0006352495747985218,0.9999863292654464
1741341901.7658243,2,0.01119411108410146,-0.0006535504393492272,-0.008529059701520165,0.00011749490350960034,-0.0052759873703257035,0.0006092201655675511,0.9999858894019483
1741341901.7827559,2,0.011233102112585137,-0.0006497314660157543,-0.008471360604475293,-3.010857082153454e-06,-0.005279977796831654,0.0005893595851875608,0.9999858871407532
1741341901.7992268,2,0.011154718286907834,-0.0006553044737770377,-0.008535925963337911,0.00011255450098899692,-0.005366693883008077,0.000689918455558994,0.9999853548631475
1741341901.8158603,2,0.011140298704872329,-0.0006526666646217846,-0.008479963064455394,0.00037154474242972926,-0.005254708716812434,0.0005865260942222484,0.9999859528903127
1741341901.8326466,2,0.011026566757557343,-0.0006565208982895488,-0.008530222244965177,-0.0005678453174378071,-0.005230735995451826,0.0006280290322168222,0.9999859611675437
1741341901.849476,2,0.010901279127563716,-0.0006580280982976731,-0.008570888243226842,-0.00047273202443639595,-0.005179808229546381,0.0006633765659085129,0.999986252926844
1741341901.8661258,2,0.011003640125686711,-0.0006420842195764923,-0.00832732127317686,-0.0003460695301259853,-0.005291034361826403,0.0006049756011223469,0.9999857594964963
1741341901.8826773,2,0.010852431858784147,-0.0006475970933321778,-0.008377663061089233,-0.00030392281917067843,-0.005310774413498653,0.000654126837038683,0.9999856376089258
1741341901.899239,2,0.010776129544914801,-0.0006447272932828034,-0.008314061516517597,-0.0005165867671249077,-0.0052383388723419725,0.0005908709849057263,0.9999859718093298
1741341901.9160626,2,0.010636899248536271,-0.0006451746267828201,-0.008311609541134538,-0.0005304351968794109,-0.005054602892550219,0.0006356768261817369,0.9999868826855047
1741341901.9325624,2,0.010483050432404082,-0.0006393723995158123,-0.00829961957148264,-0.0012311488792669779,-0.005064207514191215,0.0004722135254154884,0.9999863074507954
1741341901.9495137,2,0.010481114464265437,-0.0006223851858120191,-0.008082217079164672,-0.000635902528953934,-0.005227317611228356,0.0006293831986164355,0.9999859372287964
1741341901.9666042,2,0.010260899137548178,-0.0006218054348537102,-0.008095428321773108,-0.001060120754805483,-0.005114888772864849,0.0005562107588045537,0.9999862022480202
1741341901.9827106,2,0.010240363312348061,-0.0006087718387782512,-0.007856238032928339,-0.0010372433100761492,-0.005377582614159093,0.00048810730034274096,0.9999848836271511
1741341901.9994855,2,0.010028279846558907,-0.0006102266544886619,-0.007818110447576042,-0.0012625619074997714,-0.005549701020825338,0.0005681999415938961,0.9999836418186228
1741341902.0160363,2,0.009827340245642637,-0.000606139380782944,-0.007768488302685649,-0.0015291670429427857,-0.005394507052682335,0.0005618592049506612,0.9999841225019762
1741341902.0329933,2,0.009618856350025816,-0.0006034494066695564,-0.0077346697740804425,-0.001346611977273708,-0.005483400533553496,0.0004763285163628809,0.9999839459040909
1741341902.0493844,2,0.00964150391800398,-0.0005796711236262039,-0.007425798341953216,-0.00029878027752534565,-0.005178839722086361,0.00048575984124809386,0.9999864271013159
1741341902.066016,2,0.009549056829199222,-0.000566401544724686,-0.007240752810320207,-0.00033304972093373326,-0.005337608218304549,0.0004446380609422419,0.999985600553021
1741341902.0830016,2,0.009206691685393106,-0.0005720295256621781,-0.007342970729798547,-0.001256198228985222,-0.005308664058609437,0.0005726098254303373,0.9999849559717937
1741341902.0993896,2,0.009048812902587789,-0.0005591628895236653,-0.007166551746629354,-0.0014107772806800953,-0.005245311515125384,0.0005596796931912762,0.9999850914754753
1741341902.1162465,2,0.008973519156417914,-0.0005430747798033261,-0.006914353661040464,-0.0016270776261253467,-0.005462520554972981,0.0005992801572430654,0.9999835770405823
1741341902.1327994,2,0.008690321974087723,-0.000540015764306147,-0.006853011800348381,-0.0015104327806364764,-0.005179296472116743,0.0005487160007319976,0.9999852960877073
1741341902.1494756,2,0.008406440795437481,-0.0005348245344745812,-0.0067825729212996275,-0.00170509339283967,-0.005087730222832192,0.0005443606404827138,0.9999854555588268
1741341902.1663482,2,0.008274348365941696,-0.0005192466525687534,-0.0065246969888489575,-0.001539856595303937,-0.005065997325108128,0.00041132839772496736,0.9999858975614191
1741341902.1828866,2,0.008013431978396122,-0.0005111475367267988,-0.006407031484313379,-0.001657464862264691,-0.00531619208276602,0.0005715753161604526,0.9999843319840703
1741341902.1995854,2,0.007866592264405477,-0.0004965986883304616,-0.00617029895954532,-0.0018736316769640726,-0.005110864039493975,0.00041605655027167674,0.9999850976239876
1741341902.216295,2,0.007725279607603068,-0.00047541577761984533,-0.005879054200504563,-0.0013351239536239813,-0.005120166336652937,0.00043312248568859544,0.9999859067735034
