System Time (s),ROS Header Time (s),Camera Number,Fiducial ID,Position X,Position Y,Position Z,Rotation X,Rotation Y,Rotation Z,Rotation W
1740164654.1102738,1740164654.0984159,1,3,0.0009654238666196898,0.0012909887325945016,0.0010742849559730924,-0.0026959133726463264,0.009124771219007628,-0.004327858064228772,0.9999453686306388
1740164654.1244075,1740164654.1150641,1,3,0.0008616825976135822,0.00032598725008237334,-0.00013166848801458362,-0.0031875848567485196,0.00823951360475891,-0.0043777590301667365,0.9999513912907027
1740164654.1434968,1740164654.131723,1,3,0.0006755347206249769,-0.0007698949790205118,-0.001501938072605329,-0.0038806685267916198,0.006269986070412575,-0.003986570032823404,0.9999648668557487
1740164654.1612706,1740164654.1488724,1,3,0.0004431554852779683,-0.0022074582332973687,-0.0033014420721950476,-0.004940090566640359,0.003928216051739598,-0.003511868638552224,0.9999739153610507
1740164654.1762307,1740164654.1651556,1,3,0.00010164232329392935,-0.0035246432608604834,-0.004949481220337728,-0.005643151597959795,0.000757147151021943,-0.0027215706856462333,0.999980087112357
1740164654.1913955,1740164654.1816132,1,3,-0.0003189921908936005,-0.004892195347708835,-0.006663588207110776,-0.0064142649978278735,-0.0030379483270029863,-0.0015381048724349593,0.9999736308062835
1740164654.2078574,1740164654.198362,1,3,-0.0007712277950301665,-0.006551699644563511,-0.008746459549104512,-0.0074084514832755705,-0.007639817459938488,-0.00017043993774355264,0.9999433578888489
1740164654.2248619,1740164654.2150578,1,3,-0.0013488508693211703,-0.007850733404506993,-0.010392881905946104,-0.008159168142580255,-0.012628828718240746,0.0013574053726629375,0.9998860425623916
1740164654.241679,1740164654.2321272,1,3,-0.00196035545771472,-0.0093635800925817,-0.012312951483543472,-0.009081387289399171,-0.018052703699433154,0.0029423808365398223,0.9997914636008117
1740164654.266569,1740164654.2483792,1,3,-0.0026319710347793347,-0.010814409450394776,-0.014155146751042817,-0.009920362746563844,-0.02420569989456726,0.005021838062111316,0.9996451628643379
1740164654.2772572,1740164654.2651079,1,3,-0.0033364424437991,-0.012386547334203359,-0.01615198002462644,-0.010796971450165378,-0.030744603994121673,0.007154421468992522,0.9994433495632421
1740164654.2947745,1740164654.2821279,1,3,-0.004046288602217,-0.014210846828519544,-0.01847286763971322,-0.011919336729013122,-0.037588908433699185,0.009449665734753997,0.9991775153556073
1740164654.3082778,1740164654.2984376,1,3,-0.004836526638846126,-0.015643132061456046,-0.020314158189093722,-0.012608469174714976,-0.0446817507761179,0.011833147735338312,0.9988516127370095
1740164654.3278725,1740164654.3156283,1,3,-0.005649344662220676,-0.017006633128806806,-0.02208619773235868,-0.013425845676161221,-0.05187811785384878,0.014399025684043512,0.9984593510079278
1740164654.3423405,1740164654.332139,1,3,-0.006467709048508879,-0.018316953925328013,-0.023789151547975305,-0.01418355694266077,-0.05934351001586019,0.016968490495157106,0.9979926076187977
1740164654.3607013,1740164654.3485885,1,3,-0.0073468223814163605,-0.019119337202204992,-0.024859711631447422,-0.014505014854916084,-0.06673179368159207,0.01964095682481923,0.9974721575418041
1740164654.3779943,1740164654.3656633,1,3,-0.008170143396877364,-0.020100103736085992,-0.0261586804991903,-0.015018382585660078,-0.07366010700223749,0.02214017617589518,0.996924495345475
1740164654.3916266,1740164654.382022,1,3,-0.008996476864939325,-0.020759839512489445,-0.02706054336005359,-0.01514476479645475,-0.08051577921063789,0.02464354694518427,0.9963335490644306
1740164654.408787,1740164654.3985984,1,3,-0.00981854260389892,-0.021097104007015994,-0.027560625646136032,-0.015316240950195624,-0.08713302005674255,0.02707214964910664,0.9957109762839432
1740164654.4252806,1740164654.4153624,1,3,-0.010551928950334282,-0.02168090416102856,-0.028369451206984028,-0.015459848763869077,-0.09328207101000702,0.029395999530245187,0.9950855860255942
1740164654.4417648,1740164654.431861,1,3,-0.011263597870197586,-0.0219421135556349,-0.028769549038722225,-0.01533435965042069,-0.09874287254055082,0.03156627731182252,0.9944939781985738
1740164654.4590147,1740164654.4488595,1,3,-0.011938880674944823,-0.0220078433030863,-0.028923728971559613,-0.015279500117500826,-0.1037884485786866,0.033450246297019225,0.9939193004668223
1740164654.477773,1740164654.46524,1,3,-0.012561105589335151,-0.021857429991707575,-0.02879343615094215,-0.014986707405728373,-0.1084778924748815,0.03534442028164175,0.9933572959415448
1740164654.4924166,1740164654.4820251,1,3,-0.013102290162401919,-0.021738505583011134,-0.028703882586832676,-0.014682440786004683,-0.11236950724102727,0.03681654166424382,0.9928756528563177
1740164654.5116313,1740164654.4994636,1,3,-0.01361995317398733,-0.021127760316451475,-0.027996549944807145,-0.014295557537720152,-0.11576192328823134,0.038279714372912235,0.9924361327656424
1740164654.5250607,1740164654.5156307,1,3,-0.014047556706383418,-0.02048034728207967,-0.027233329152799395,-0.01386752994670052,-0.11828102156408121,0.03942057114367072,0.9921004536445095
1740164654.542217,1740164654.5324683,1,3,-0.01441403312513585,-0.019585399549347973,-0.026145253656007877,-0.013280328034579252,-0.12040169875974996,0.04044537478976778,0.9918120968616867
1740164654.5606537,1740164654.5489206,1,3,-0.014655186315534465,-0.018897698347640067,-0.025298609840647628,-0.012759832992313926,-0.12196702170515883,0.041270408030599046,0.9915936595699719
1740164654.577814,1740164654.565679,1,3,-0.014804056778794608,-0.01817056543658389,-0.024395378140911254,-0.01229956448781358,-0.12295106279818203,0.041966697261263716,0.9914487143524818
1740164654.594128,1740164654.5821722,1,3,-0.014786184587076907,-0.01798990620654535,-0.02416654682850211,-0.01229057517286699,-0.12297616555172253,0.042262892422464074,0.9914331305701876
1740164654.6102428,1740164654.5987735,1,3,-0.01458454621626891,-0.018450269329601116,-0.02472700051186847,-0.012642741884503417,-0.12273845985354677,0.04237228553952478,0.9914534890596624
1740164654.6280143,1740164654.6158235,1,3,-0.014305496407649701,-0.01874651417578016,-0.025072507113913067,-0.012857817204521322,-0.12183773492694826,0.04244208551997671,0.9915588294505379
1740164654.6441905,1740164654.6322293,1,3,-0.013944471606942932,-0.018957470252083355,-0.02529535719504368,-0.013236360395769427,-0.12032499548963162,0.042254014594595504,0.9917465868227292
1740164654.6590219,1740164654.6489737,1,3,-0.01353366054702833,-0.018744811024969582,-0.024982246299578393,-0.013349218481344946,-0.11808883465060968,0.04184999130865831,0.9920309489750123
1740164654.6785564,1740164654.6658509,1,3,-0.012963897890800003,-0.019183979607915614,-0.025473991269504996,-0.013697934822316814,-0.11519226412369808,0.04104881230229056,0.9924001732548373
1740164654.6946952,1740164654.682328,1,3,-0.012268454861525589,-0.01989955813278381,-0.02630116190214825,-0.014317795373539027,-0.11125422814409498,0.039695908381548115,0.992895630121045
1740164654.7123985,1740164654.6995015,1,3,-0.011695860977967383,-0.01898000921806339,-0.02508721909270036,-0.013976390864400973,-0.10709627851632497,0.03860613039239519,0.9934005306634806
1740164654.728186,1740164654.7156274,1,3,-0.010930890857074925,-0.019083931245505083,-0.025144596390822976,-0.0143887429289046,-0.10229544608753974,0.0371184172990472,0.9939571564629388
1740164654.744342,1740164654.7323847,1,3,-0.010174051618505542,-0.018612231824106977,-0.024478307110863025,-0.014280718529567513,-0.09658873482243226,0.03515788628358868,0.9946007241178498
1740164654.759137,1740164654.7492723,1,3,-0.009373299195956884,-0.018117179352978977,-0.023779750865137863,-0.014035063754904807,-0.09082723998517618,0.03329094533270764,0.9952111044501691
1740164654.7755117,1740164654.7656305,1,3,-0.008609393526646528,-0.0170639855185077,-0.02238755421987822,-0.013498882861992896,-0.08451412043112495,0.03126169467950853,0.995840273364658
1740164654.794018,1740164654.7824788,1,3,-0.007682391400027696,-0.01686822443705136,-0.02207283881004232,-0.013572250491575902,-0.07772835685037349,0.029043100651609238,0.9964590281905601
1740164654.8088934,1740164654.7992635,1,3,-0.006787924286263932,-0.01629531222311525,-0.021292589958429815,-0.013446840645577166,-0.07087607377022385,0.026646539431809623,0.9970384779836128
1740164654.8273025,1740164654.8156316,1,3,-0.005932599066032177,-0.015388843605045943,-0.020089683989771335,-0.012887878787022064,-0.06383867203337601,0.02415432408967532,0.997584630575851
1740164654.842519,1740164654.8323972,1,3,-0.005066595235093504,-0.014524241418392647,-0.018949517520468667,-0.012510493787809409,-0.05639994463773108,0.021608226171093953,0.9980959965613453
1740164654.8590634,1740164654.8492038,1,3,-0.004209436027547515,-0.013678452041918969,-0.017835277800703542,-0.01194202072446655,-0.048999920793760185,0.018785225828963747,0.9985507053694251
1740164654.8753686,1740164654.8657167,1,3,-0.00337110664906546,-0.012811428801159552,-0.01670404157233466,-0.011411107933134483,-0.04227186353424784,0.016519196680612552,0.9989043959809705
1740164654.8948746,1740164654.8827283,1,3,-0.002611523212069313,-0.01161845298233974,-0.015175565146870202,-0.010775535283781118,-0.03524877600557026,0.014041237830547207,0.9992218248565445
1740164654.9103236,1740164654.899362,1,3,-0.001850964286593277,-0.010679177221160152,-0.013970863675653788,-0.010185483107094018,-0.028524194557256285,0.011587594218775681,0.9994740386418028
1740164654.9265509,1740164654.9160173,1,3,-0.0012808051645799962,-0.008828639446682744,-0.011632286295123423,-0.009115362239795493,-0.021879574490985258,0.009007623371749492,0.9996784768676994
1740164654.9423976,1740164654.9328756,1,3,-0.0006712654834407958,-0.007686870887846971,-0.010180407741836896,-0.008403637998861615,-0.015973217196812328,0.0067196769836269125,0.9998145233702115
1740164654.9617302,1740164654.9492776,1,3,-0.0001693172971025507,-0.0063156236379465994,-0.008447060581632006,-0.007518463294516589,-0.011014626949522727,0.005083132184016205,0.9998981510484213
1740164654.9785392,1740164654.9663398,1,3,0.0002672303439087578,-0.005084196454953995,-0.006904325703729232,-0.006649581417975806,-0.006140720947946435,0.003055383088473419,0.9999543685825807
1740164654.9945939,1740164654.9826703,1,3,0.000573379273003587,-0.0034838493065001332,-0.004903315576962573,-0.005707176927376624,-0.002300940032900604,0.0016409871617813843,0.9999797202781762
1740164655.010356,1740164654.9997754,1,3,0.0007948689773212932,-0.001928253309325682,-0.0029557992182260486,-0.004775690732223082,0.0015678709276664938,-0.00010073562303091583,0.9999873621257013
1740164655.0253782,1740164655.0160544,1,3,0.0009469639321090312,-0.0005781762308926505,-0.001268144755582621,-0.004010013375854844,0.004430394506883773,-0.0013011837056786804,0.9999812989842374
1740164655.0444572,1740164655.0327058,1,3,0.0010193006485157284,0.0006694470724615509,0.00029420697148173326,-0.0031617148633536845,0.006670648871859239,-0.0023276981198271434,0.9999700434634101
1740164655.061436,1740164655.0495822,1,3,0.0010084011329829922,0.0017913694863894386,0.0016962047704686147,-0.0023620506403385726,0.008198920090913444,-0.0031531673198373672,0.9999586271251268
1740164655.0775588,1740164655.066236,1,3,0.000991390746337222,0.0023072820646708545,0.002339838084034585,-0.002051092853404425,0.00909207971875151,-0.003732815374783073,0.9999495953266206
1740164655.094562,1740164655.082743,1,3,0.0009602916586144609,0.002192851757565657,0.0021939136268763404,-0.0022050723020838464,0.009403555333593721,-0.004113359628001916,0.9999448940195662
1740164655.1116376,1740164655.099515,1,3,0.0009351406463809033,0.0013178116984364728,0.0011008841332967596,-0.002676418156416248,0.00923426407584274,-0.00447870249797781,0.9999437516064411
1740164655.125594,1740164655.1160703,1,3,0.0008448516862141878,0.00021888898593524575,-0.00026840632231642177,-0.00330138220832789,0.007919221691695105,-0.004296775395870132,0.9999539612024695
1740164655.142388,1740164655.1328106,1,3,0.0006700931307966271,-0.0010134332197957148,-0.0018013973440257046,-0.004043564755012099,0.0061859901425682685,-0.003992255585657396,0.9999647218804106
1740164655.1593232,1740164655.14948,1,3,0.0004110693264806661,-0.002314377411987567,-0.003430929548675275,-0.0048253495428167235,0.003740344485134049,-0.0034785234685976263,0.999975312544965
1740164655.1756227,1740164655.1660905,1,3,6.12353809326505e-05,-0.003629140940154669,-0.005082076847990837,-0.0056343611683166645,0.0006784820824995291,-0.0027940715013319694,0.999979993200231
1740164655.192393,1740164655.182858,1,3,-0.00038109752671467795,-0.0048702930744856125,-0.006645324556877784,-0.006336594172647693,-0.0031291676642272183,-0.0016877139995780275,0.9999736034043478
1740164655.209116,1740164655.1993306,1,3,-0.0008590323936463074,-0.006358650773759061,-0.008517343392063769,-0.00736887761179999,-0.007646603070502679,-0.00033623806874537277,0.9999435564311546
1740164655.2254918,1740164655.2161489,1,3,-0.0014090918158768963,-0.007887252538541377,-0.010438823171171268,-0.008237887011919633,-0.012859226249918173,0.0012817904585444011,0.9998825603694929
1740164655.242797,1740164655.233235,1,3,-0.00202882587001848,-0.009351179375974999,-0.012292465552601018,-0.009025475610895093,-0.018298993800574224,0.0030045182118650492,0.9997873076240757
1740164655.258691,1740164655.249471,1,3,-0.002680835375300931,-0.010963013307682016,-0.014343378641107392,-0.009905689246788352,-0.024226406682215665,0.004854711108406301,0.999645632371726
1740164655.2762218,1740164655.2662685,1,3,-0.0033738110491868755,-0.012630790895504992,-0.01646631363753572,-0.010994402561847534,-0.030905731692904073,0.0070084239212655965,0.9994372620905096
1740164655.2926903,1740164655.2828834,1,3,-0.004100969203186588,-0.014358058602632274,-0.018667005765447796,-0.012037237927079378,-0.03772643158802544,0.009230084586623296,0.9991729714124801
1740164655.3089774,1740164655.2993715,1,3,-0.004889262608438912,-0.015843415419807296,-0.02057228370151432,-0.012803710276541903,-0.044812334888908435,0.011710503753031789,0.9988447245427133
1740164655.326006,1740164655.3164222,1,3,-0.00570364265775222,-0.01721597667565237,-0.022347927033512516,-0.013563664817261884,-0.052187261574041036,0.014266318907560183,0.9984432827511813
1740164655.342234,1740164655.3328416,1,3,-0.006523265670484528,-0.018563287655895537,-0.024096606809462334,-0.014261839823130501,-0.0596655071139273,0.016841073695615705,0.9979744512874447
1740164655.3599164,1740164655.3498185,1,3,-0.007400361900447587,-0.019339876164760912,-0.02514293933153488,-0.014620196871471392,-0.06685018948382761,0.019517790859240842,0.9974649657253084
1740164655.3784473,1740164655.366466,1,3,-0.00822438581053611,-0.020315666249516556,-0.026442160698043397,-0.01509708043328906,-0.07401079021230081,0.02207861076966809,0.9968986989865235
1740164655.394562,1740164655.3828852,1,3,-0.009044359213836879,-0.0210035769427178,-0.027378969547905,-0.01533282831333647,-0.080867826177058,0.024628602253467646,0.9963025298654778
1740164655.4120226,1740164655.3997402,1,3,-0.00984515793482205,-0.021491336431536317,-0.02806033960359403,-0.01550278558695268,-0.08743655562054291,0.027018398419097627,0.9956829407633373
1740164655.4259572,1740164655.4162312,1,3,-0.010576504304689122,-0.022089479679350595,-0.028880337760912603,-0.015594128271481092,-0.09338887483400277,0.02925184844572715,0.9950777208757111
1740164655.4458022,1740164655.4332297,1,3,-0.011293098002022916,-0.02232991427554127,-0.029259269986209188,-0.015536351244006739,-0.09892850021286101,0.03142632962464657,0.9944768270010016
1740164655.4624927,1740164655.449941,1,3,-0.011972783486659014,-0.022320241477889156,-0.029325932898566776,-0.015456274380750062,-0.1041324439952386,0.03342174996057531,0.9938815444103075
1740164655.478699,1740164655.4664845,1,3,-0.012586156869077948,-0.022237052950376885,-0.029285172405614207,-0.015229639313684859,-0.10873506224691903,0.03516776690598156,0.993331753491944
1740164655.4957955,1740164655.4832652,1,3,-0.01316866248541137,-0.021766403055974052,-0.028753406003221408,-0.014725833878572675,-0.11255651507498785,0.03687414954523188,0.9928516897432721
1740164655.512281,1740164655.5002878,1,3,-0.013659374404711622,-0.02134839912554799,-0.028273155957227725,-0.014417800475183347,-0.11596495119679703,0.03830177645343013,0.9924098100300569
1740164655.526945,1740164655.5165055,1,3,-0.014107984494954682,-0.020496394984354804,-0.027255507115048525,-0.013814833156196919,-0.11866940911074894,0.03948660851273358,0.9920521808223267
1740164655.542757,1740164655.5331135,1,3,-0.014473430667616421,-0.01954044428199966,-0.026092999589412913,-0.013187076792309248,-0.12096610200853639,0.04058873591182907,0.9917388051738291
1740164655.5620131,1740164655.5497873,1,3,-0.014691620434574575,-0.018966004283089935,-0.025391628570325828,-0.012760643587436178,-0.12224888683875892,0.04138113640521794,0.9915543238732467
1740164655.576586,1740164655.5667608,1,3,-0.014824346615268444,-0.0183006210270102,-0.024571171200371635,-0.012375639863682121,-0.12309161440939231,0.04198839828916666,0.9914294086868537
1740164655.593009,1740164655.5831447,1,3,-0.014790712289791189,-0.01817932089716395,-0.024411238552405307,-0.0124855679024411,-0.12327030718313216,0.04243223298744377,0.9913869313062529
1740164655.6099322,1740164655.5998967,1,3,-0.014615496639353581,-0.018385945834882917,-0.02465063901404663,-0.012601207733888486,-0.12309258624251031,0.04264213921980855,0.9913985438452771
1740164655.6264036,1740164655.616814,1,3,-0.014326412797861303,-0.01874105493200232,-0.025061383619847572,-0.01281245726225032,-0.12237807780357335,0.042743577465824516,0.9914799209249922
1740164655.6456788,1740164655.6330974,1,3,-0.013969979980915813,-0.01887029326022975,-0.02518408964028267,-0.013186309170526883,-0.12068269533717535,0.04249120563326203,0.9916936551881561
1740164655.6603727,1740164655.6503503,1,3,-0.013516411324052924,-0.019017871927597223,-0.025324739949882144,-0.013504714524958912,-0.11844758512248602,0.0419920381303443,0.9919800708673085
1740164655.6793425,1740164655.6665492,1,3,-0.012948712314001229,-0.019362932740745183,-0.025699438248642778,-0.013957796260230103,-0.11575578988592918,0.04142505159295283,0.9923153440978144
1740164655.6942072,1740164655.6832023,1,3,-0.012357869101131073,-0.01927083237912286,-0.025512518953486066,-0.013873354705224933,-0.11143017345294706,0.03988668647762962,0.9928745634345278
1740164655.7119637,1740164655.700167,1,3,-0.011724081503786375,-0.018900348246044942,-0.024982090776149674,-0.01391039228561625,-0.10761706611403858,0.03897273367457635,0.9933308583233471
1740164655.7268224,1740164655.7167659,1,3,-0.010952930781789955,-0.018968453042537328,-0.024993709663518816,-0.014239921658946232,-0.10285824373388297,0.03764754846068628,0.9938813150583065
1740164655.7462745,1740164655.7335918,1,3,-0.010185421359337957,-0.018560394406654347,-0.024410567743614286,-0.014176839891333644,-0.09740872601274185,0.03585320495656996,0.994497413270448
1740164655.7600563,1740164655.7502396,1,3,-0.00938503307450317,-0.018014319988824103,-0.023649750933860795,-0.013951333231997334,-0.0916369504459204,0.034032913174650334,0.9951129536062067
1740164655.7766554,1740164655.7668176,1,3,-0.00855007405435542,-0.01741901585624413,-0.022829502440945865,-0.013839165495223042,-0.08516026561504501,0.03185626545324204,0.9957617109580703
1740164655.7931194,1740164655.7836335,1,3,-0.007682355071854627,-0.01679649089130483,-0.021982445464265858,-0.0135420108461641,-0.07834437497773825,0.029499170631209118,0.9963977979620693
1740164655.8094416,1740164655.7999165,1,3,-0.006767382088361347,-0.016362646198710185,-0.02136748071956265,-0.013432421057712163,-0.07159049010411214,0.027233933266719548,0.9969717572077984
1740164655.8267632,1740164655.816807,1,3,-0.005913559187862057,-0.015415126029881716,-0.020116148871705417,-0.012925575338360596,-0.06449363554167815,0.02479472318955743,0.9975263014972301
1740164655.8430836,1740164655.8333988,1,3,-0.005060655802331967,-0.01445926387202619,-0.018864283713131317,-0.012398390472752069,-0.05703328631067037,0.022132739869506632,0.9980499115736443
1740164655.8597946,1740164655.8500676,1,3,-0.004206114586274317,-0.013601857491739562,-0.017738146386626612,-0.011946348851641317,-0.05002679121319,0.01964580563338928,0.9984831732338015
1740164655.8767316,1740164655.866916,1,3,-0.003388063600798193,-0.01262351486624623,-0.016468384896462532,-0.011349135572531909,-0.04297635612383641,0.01708177198489729,0.998865578044378
1740164655.893363,1740164655.8835864,1,3,-0.0026292483066448816,-0.011472222064124134,-0.014986256386255095,-0.01056945206563874,-0.03603855637539045,0.014729290462476443,0.9991859472289839
1740164655.9096122,1740164655.900235,1,3,-0.0019030913551461462,-0.010334239153319144,-0.013535831018272484,-0.009987209344425057,-0.028938746329975968,0.011968063390195322,0.9994596390395404
1740164655.9263968,1740164655.9168162,1,3,-0.001238717756091592,-0.009148769000356534,-0.012027988322387738,-0.009136590615718192,-0.022502188764497878,0.009517624596496953,0.9996597366278026
1740164655.9427671,1740164655.9333754,1,3,-0.0006948894219687492,-0.007587381459582858,-0.010057307410690879,-0.00823143230706124,-0.01698097927144156,0.007486567579160606,0.9997938993467802
1740164655.9601817,1740164655.9503696,1,3,-0.00019272420702762363,-0.006222216365863153,-0.008337679139082869,-0.007502343350891443,-0.011291178985541536,0.005203202587277079,0.9998945698443399
1740164655.9760125,1740164655.9667487,1,3,0.00021387172731365133,-0.004779706336374542,-0.006523180853368166,-0.006479160488599979,-0.006199801930374579,0.0030352885600161833,0.9999551839751343
1740164655.9957182,1740164655.9835577,1,3,0.0005270364822901334,-0.0032905615092422404,-0.004660612525402242,-0.005483548919176635,-0.0024907302959517124,0.001822695597615956,0.9999802021713241
1740164656.0127053,1740164656.001016,1,3,0.0007730455379884334,-0.001947557475336104,-0.0029755952626491686,-0.004690197343812344,0.0012086827887953183,0.00019089558669041807,0.9999882522778292
1740164656.0287342,1740164656.0169234,1,3,0.0009149498382656924,-0.0005642801157994296,-0.00124787267461103,-0.003949554875412628,0.004071618951150188,-0.0011393854492024954,0.9999832622280239
1740164656.0453312,1740164656.033784,1,3,0.0009773642063017733,0.0007319274493130289,0.00036897066248810695,-0.003075801605910021,0.006407061853645012,-0.002203275946077681,0.9999723169058181
1740164656.06049,1740164656.0504148,1,3,0.0009804751546666536,0.0017154955981415476,0.0015974843926085636,-0.002360980605405495,0.007866720942153996,-0.003003413473614578,0.9999617592586757
1740164656.076735,1740164656.067077,1,3,0.0009516632959730837,0.002288011520762248,0.0023131300673261317,-0.0020425151207357235,0.008899388028410983,-0.0036913842968541765,0.9999515001772207
1740164656.0939538,1740164656.0838912,1,3,0.0009269387598799655,0.0020991911374574445,0.002080428730428287,-0.0022823207972570508,0.009220957387790562,-0.004160424151780086,0.9999462264679578
1740164656.1099682,1740164656.1004703,1,3,0.0008907918917794887,0.001275807786390761,0.0010531202101838606,-0.002610595718628203,0.008919526989594206,-0.004381063923331929,0.9999472151604681
1740164656.126758,1740164656.1171534,1,3,0.0007964287291035234,0.0001444774032359,-0.00036104277314795706,-0.003226834643608759,0.007832485518026946,-0.004423197311274935,0.9999543364745903
1740164656.1688395,1740164656.1338484,1,3,0.0006025990168605632,-0.0009915912585034593,-0.0017772882827577251,-0.004014530465993735,0.006151039388803194,-0.004213103729091412,0.9999641483656015
1740164656.1724536,1740164656.1504228,1,3,0.0003357481831618021,-0.002290788442583465,-0.003402241131737673,-0.004865721604397943,0.003508821156021114,-0.0036459428066051825,0.9999753597106352
1740164656.177989,1740164656.1676216,1,3,-1.2673370457711085e-05,-0.0036456076152032424,-0.00510209631834572,-0.0055880014655323275,0.00047565847144407633,-0.002935581487797813,0.999979964974283
1740164656.1933672,1740164656.1838784,1,3,-0.0004148741048351427,-0.005197750564019687,-0.007049554327463725,-0.00652543542874299,-0.003105718564521828,-0.0019793562812485677,0.9999719272826488
1740164656.2104366,1740164656.2005634,1,3,-0.0009079087420305194,-0.006650573975125288,-0.008877350937720838,-0.007430657182039377,-0.0076040563566394355,-0.000664113174628457,0.9999432596974988
1740164656.2270281,1740164656.2174962,1,3,-0.00150108357771674,-0.007889815773885742,-0.010442729100847972,-0.008224794245197318,-0.012780025231130244,0.0008399017532713242,0.9998841524295505
1740164656.2436585,1740164656.2339013,1,3,-0.002084661144306031,-0.009665872185481785,-0.0126889024576088,-0.009230860591991899,-0.01820944452698606,0.0025534796912985865,0.9997883211381376
1740164656.2614982,1740164656.2506382,1,3,-0.0027572448831424453,-0.011142617668557687,-0.01456630429674182,-0.009994935735704265,-0.024249246077154132,0.004510102063410205,0.9996458044246004
1740164656.2787127,1740164656.2671232,1,3,-0.0034634707965297547,-0.012729973963954954,-0.016585813213209472,-0.01097644510297622,-0.030726327455409323,0.006529289279188654,0.9994462360905227
1740164656.2933545,1740164656.2836795,1,3,-0.004168778555357595,-0.014645543665112983,-0.019022905546391716,-0.012146828646863606,-0.03782228531740874,0.008860902086548649,0.999171363531504
1740164656.3101702,1740164656.3006237,1,3,-0.004957768178788715,-0.01613365558260385,-0.02093422565346324,-0.012891186800617807,-0.04464442766998346,0.011167317582909099,0.9988573388622088
1740164656.3293097,1740164656.317064,1,3,-0.005793675647685772,-0.017381906814138686,-0.022555621838277994,-0.013533279524828024,-0.05219538069984178,0.013894181739612951,0.9984485185990754
1740164656.3460894,1740164656.3341184,1,3,-0.0066038369480584565,-0.01874961078338076,-0.02433001535612235,-0.01428718935021554,-0.059403429718867605,0.016344896877935996,0.9979979724950129
1740164656.3601215,1740164656.3505163,1,3,-0.007430279970491747,-0.019902320171819646,-0.02584549637501278,-0.014850669897434944,-0.0669304995394802,0.019088203893165984,0.9974644887449007
1740164656.3766258,1740164656.3672225,1,3,-0.008283238741129122,-0.020647629695893118,-0.0268569090753393,-0.015098555672766554,-0.07400859712417265,0.021754169712720164,0.9969059721299789
1740164656.3960922,1740164656.3841116,1,3,-0.00912907211524428,-0.021130650716035,-0.02754353636632617,-0.015359866908685751,-0.0809009169912848,0.024272841083967184,0.9963081578027098
1740164656.4102354,1740164656.4005823,1,3,-0.009879997384995275,-0.021982925945479688,-0.02868102529048616,-0.015698082481871444,-0.08743718550724286,0.02667185988477581,0.9956891687104219
1740164656.4275236,1740164656.417482,1,3,-0.010613915988145066,-0.02255646990978472,-0.02947123908169608,-0.015863352298812552,-0.09357048762675617,0.029029496879149696,0.995062915704368
1740164656.4434018,1740164656.4339638,1,3,-0.011362686228352547,-0.022541222024692976,-0.02953164379269787,-0.015663858626060394,-0.09923267945556342,0.03129779319110596,0.9944485743377477
1740164656.463583,1740164656.450718,1,3,-0.012055479627846874,-0.022409827727805084,-0.029441792468011107,-0.01546626884121731,-0.10452736208303434,0.033315597972942486,0.9938434967517767
1740164656.4805977,1740164656.4676943,1,3,-0.012643991564200386,-0.022502771619484344,-0.029621887088534055,-0.015344611449485885,-0.10898383626031703,0.03506556786989251,0.9933063335564768
1740164656.4965591,1740164656.4841976,1,3,-0.013189603376007927,-0.02227435753209505,-0.02938839987832246,-0.014915495166718126,-0.11289889537329922,0.036755847024016124,0.9928143709359608
1740164656.5139549,1740164656.5015893,1,3,-0.013700665091876453,-0.02165673711346231,-0.028667535868651173,-0.01452934520132091,-0.1162755011082845,0.038322407713807266,0.9923710490723996
1740164656.5297136,1740164656.5177326,1,3,-0.014158876296796227,-0.020673989498417526,-0.027486612999140354,-0.013903183845994004,-0.11903500588564131,0.039527087743224505,0.9920055333450963
1740164656.5462375,1740164656.5343008,1,3,-0.014506686314841834,-0.01980109925555888,-0.02642498484616095,-0.013320057452520288,-0.12128924758547621,0.040728592019956385,0.9916918252570617
1740164656.5635252,1740164656.5511823,1,3,-0.014740179237660966,-0.019067883751327026,-0.02552665351977795,-0.01280342988618584,-0.12266102153244215,0.04150079608990815,0.9914978718603843
1740164656.5779219,1740164656.5677059,1,3,-0.014870634720735555,-0.018378086198797113,-0.02466970073734226,-0.012398258007901593,-0.1235362598195094,0.04216000788767652,0.9913665363744569
1740164656.5965827,1740164656.5843008,1,3,-0.014830734878795288,-0.018249132987214967,-0.024503807062897266,-0.012502730678771987,-0.12370233801793366,0.04260851897984495,0.9913253388291935
1740164656.6137316,1740164656.601069,1,3,-0.014644269476718947,-0.018510253504450166,-0.024812119951386945,-0.012670622721234957,-0.12367526310134624,0.04296252707907359,0.9913113062422161
1740164656.6294174,1740164656.6176496,1,3,-0.014333450762391823,-0.01898413853788159,-0.025374047279597228,-0.0130046261210229,-0.12277149834633017,0.042917755675827854,0.9914212551388029
1740164656.6471076,1740164656.6345503,1,3,-0.013966406102184739,-0.019169906499328943,-0.02556219540664089,-0.013313918433188117,-0.12107922271861414,0.04272468861649429,0.9916335827231924
1740164656.6617796,1740164656.6511307,1,3,-0.013531275105821215,-0.01910323366542549,-0.02543345475658089,-0.01360799692733885,-0.11897808304325927,0.042324924459482986,0.9919010227560389
1740164656.6780572,1740164656.6676693,1,3,-0.013039514731846774,-0.018856114807028593,-0.02506564429409596,-0.013562567536566988,-0.11618680969616395,0.04179164547891543,0.9922550782851193
1740164656.6974463,1740164656.6846216,1,3,-0.012393433482352209,-0.019164142307577656,-0.025385877324169383,-0.013835701539382444,-0.11250096437538093,0.04062749591429427,0.9927242884876225
1740164656.7108989,1740164656.7011454,1,3,-0.011749722333138646,-0.018861942356371973,-0.024939849227982057,-0.013966783023855909,-0.10842358660233867,0.039558673623396504,0.9932191934217781
1740164656.7274268,1740164656.7177436,1,3,-0.011016984162945253,-0.018676844480114686,-0.024633887532319414,-0.01407168541125628,-0.10374651483766234,0.038200083185491146,0.9937702963830961
1740164656.7447016,1740164656.7343957,1,3,-0.010249667912751495,-0.018265993099547066,-0.02404270319855511,-0.01409055944546616,-0.09859461941874577,0.03665053983029226,0.9943527015532941
1740164656.7603867,1740164656.7511146,1,3,-0.009439240852505472,-0.017798051756417084,-0.023379882526734796,-0.013853097176865108,-0.09255225999678768,0.034728247332693654,0.9950055877759152
1740164656.7779677,1740164656.7679543,1,3,-0.008580142608285138,-0.01738242635681199,-0.022783179964820963,-0.013738409595461876,-0.08609101209868741,0.032556397787476134,0.9956604213790536
1740164656.794285,1740164656.7843583,1,3,-0.007707500249659424,-0.016778208920834013,-0.021959929054774292,-0.013593347326647189,-0.07953893572184952,0.03042320526957151,0.9962746645347447
1740164656.8104236,1740164656.8009572,1,3,-0.0068305624638422,-0.0160528533149588,-0.02098245264965134,-0.013270692296165957,-0.0726798617938772,0.028011557992789156,0.9968735521792219
1740164656.827631,1740164656.8178916,1,3,-0.005941490660944495,-0.015343891108740782,-0.020028532137516524,-0.01287976405107628,-0.06538099732699564,0.025565728653346435,0.9974496630832754
1740164656.8459892,1740164656.8343458,1,3,-0.005080009989476701,-0.014454497567254948,-0.018854859017126812,-0.0124273712964479,-0.05815050201373227,0.02292228654454428,0.9979672581491744
1740164656.860766,1740164656.851211,1,3,-0.004236985899236709,-0.013507281759355987,-0.017619115418198716,-0.011875412675720743,-0.050936403556344864,0.020306307294266246,0.9984248150214403
1740164656.877822,1740164656.867934,1,3,-0.0034146674803275157,-0.012583789150534333,-0.01642078951488861,-0.011379108852004731,-0.043783269845515116,0.01773970866455462,0.9988187242437266
1740164656.9026914,1740164656.8856032,1,3,-0.0026519909083850494,-0.011480936424216326,-0.015001060623298822,-0.010611369865323282,-0.036563550648256525,0.01501424136724756,0.9991621881104887
1740164656.9174461,1740164656.902155,1,3,-0.0019566270594691087,-0.010209138420249958,-0.013379432688633201,-0.009915521948204489,-0.02985321669388729,0.0124973319245327,0.9994269781091015
1740164656.930298,1740164656.9177728,1,3,-0.0012995414950652457,-0.009042747535209988,-0.011892948406840263,-0.009135208223569183,-0.02360312888951047,0.010225368693794838,0.9996273716302555
1740164656.9465091,1740164656.9346948,1,3,-0.0007082817465658264,-0.007827851411239347,-0.01035096029296973,-0.008417321226677673,-0.017669433269683024,0.007905579144201225,0.9997771960040347
1740164656.963561,1740164656.951489,1,3,-0.00025728449946150084,-0.006177062044688878,-0.008277219564540366,-0.007414406393735276,-0.012197661939178728,0.005787682403847907,0.9998813661397228
1740164656.97725,1740164656.9679148,1,3,0.00015626794280519966,-0.0047917534738006135,-0.00653701859852279,-0.006511228673245507,-0.00683907232017014,0.0035162844864148855,0.9999492320784965
1740164656.995019,1740164656.984533,1,3,0.0004507621348005818,-0.0031671781997991335,-0.00450521538382926,-0.005498625908714631,-0.0030158689684749384,0.002035976044100161,0.9999782619882439
1740164657.011051,1740164657.0016582,1,3,0.0006710579039887753,-0.0016651393476450691,-0.002621345567455121,-0.004618628606382881,0.0005406239419172361,0.0004700792391434263,0.9999890774508783
1740164657.0295372,1740164657.017962,1,3,0.0008495342133895994,-0.0005978076786302218,-0.0012852011334711128,-0.003937886970065499,0.003136972036321394,-0.0007672992526427061,0.999987031768168
1740164657.0467818,1740164657.0348434,1,3,0.0008766670554605775,0.0008896275550270328,0.0005696862156569966,-0.00299706718631179,0.00565638186607639,-0.001855576282059195,0.9999777896379136
1740164657.0615442,1740164657.0515652,1,3,0.0008748305256173046,0.0018932899593378277,0.0018208800861546986,-0.002397454897528861,0.007310290498739143,-0.002745714076654765,0.9999666359019423
1740164657.0800793,1740164657.068038,1,3,0.0008588986306988796,0.002337926563935118,0.0023772904423415946,-0.002104059413111319,0.00832293163796989,-0.0035029768266785447,0.9999570145242681
1740164657.0962973,1740164657.0850852,1,3,0.0008144239577973021,0.0022152822680087864,0.002226090933494546,-0.0021865741425778113,0.008513308349268375,-0.003910749786343756,0.9999537231845171
1740164657.110764,1740164657.101295,1,3,0.0007940176123062082,0.0012600828083956413,0.0010358459208464274,-0.0026772641398212773,0.008426206847949494,-0.004319246121523487,0.9999515865319796
1740164657.127684,1740164657.1180673,1,3,0.000683947316270491,0.00019477163706702283,-0.0002935904974205561,-0.0032445921351835385,0.0072479538622439044,-0.004335010426019644,0.9999590728981328
1740164657.1464832,1740164657.134731,1,3,0.000504085547658796,-0.0010533369062768279,-0.0018502263304098477,-0.004035733110227278,0.005815967988797455,-0.004212480239113464,0.9999660706168242
1740164657.1632874,1740164657.1515431,1,3,0.0002570691830983346,-0.002513861791025592,-0.003679417929231577,-0.004952748029207431,0.0030524811935076206,-0.003657432760673819,0.99997638763679
1740164657.1810298,1740164657.1685166,1,3,-0.00011088259585640884,-0.003768737914111821,-0.005258053911309544,-0.005837824788415575,0.00020624674826026068,-0.002951546034783374,0.9999785825906589
1740164657.1968107,1740164657.1849706,1,3,-0.0005351047242523734,-0.005189241648026722,-0.007037737485843884,-0.0065919965607377645,-0.0037393576398948125,-0.0019251679159474502,0.9999694277898098
1740164657.214157,1740164657.2016642,1,3,-0.0010319611383126416,-0.006627653070372911,-0.008850415527293296,-0.007482077060462388,-0.008049162536690514,-0.0007387688435863607,0.9999393400231411
1740164657.2303467,1740164657.2183735,1,3,-0.0016195267240056853,-0.007958749509857463,-0.01053167755721095,-0.008330173160661926,-0.013068158765606575,0.0007076965393363436,0.9998796580625083
1740164657.2450166,1740164657.2349544,1,3,-0.002209805823517042,-0.009698055176563093,-0.012733097099874788,-0.00922282030814135,-0.01862765689879845,0.0024033852202413066,0.9997810628950258
1740164657.262465,1740164657.251703,1,3,-0.0028599249576322003,-0.011392293745403253,-0.014884537781928522,-0.01017051221515871,-0.024812857928283912,0.004446484332948577,0.9996304875001507
1740164657.2782784,1740164657.2681217,1,3,-0.0035702013032518497,-0.013021467139005856,-0.0169588311253809,-0.011145088958954694,-0.03148227642373865,0.00651597056640428,0.9994209300344145
1740164657.2970262,1740164657.2847087,1,3,-0.004293261191342965,-0.014783444936529569,-0.01920262859598679,-0.012155228744754436,-0.0381875508104019,0.008726089849821537,0.9991585543512093
1740164657.3138392,1740164657.3015573,1,3,-0.005082418132999564,-0.01626495502366055,-0.02111019267261391,-0.012988204560263285,-0.04535898866573213,0.011216995088302484,0.9988233315810718
1740164657.3311255,1740164657.318361,1,3,-0.005877285507085149,-0.017747358761348662,-0.02302353742612493,-0.013795845341948745,-0.05261757439531413,0.013781890475824813,0.9984243211235225
1740164657.3476343,1740164657.3350132,1,3,-0.006715503538212994,-0.018878227155801282,-0.024508470651181464,-0.014430910058638563,-0.059821620206173175,0.016224729899729194,0.9979728857691819
1740164657.3617337,1740164657.3516102,1,3,-0.00752424830150788,-0.020152895539811394,-0.02617065533073775,-0.015044112134556451,-0.06729545124729237,0.01903454367267723,0.9974380597704697
1740164657.3780887,1740164657.3682706,1,3,-0.00835326351399768,-0.02105497108017936,-0.027375780993929955,-0.015356084273815384,-0.07432412159464977,0.021536608704284282,0.9968832881087323
1740164657.395484,1740164657.385312,1,3,-0.00918324192031226,-0.021659955608614657,-0.028212713779229737,-0.015575188676971458,-0.08140930615497453,0.024275014802714993,0.996263349735084
1740164657.411118,1740164657.4016037,1,3,-0.009945558488583224,-0.0224106396153277,-0.02922482421316286,-0.015959172987582298,-0.08797835170461174,0.0266096821526318,0.9956390105076378
1740164657.428783,1740164657.418476,1,3,-0.010692722962258046,-0.02286983974651525,-0.029878182143769094,-0.016039641534093485,-0.09406247484810573,0.02898175800171695,0.9950150945729603
1740164657.4448583,1740164657.435033,1,3,-0.011430378937397066,-0.022921665471607955,-0.03001741450398578,-0.01580143764656102,-0.09966885204529032,0.031217511488446058,0.9944053004066021
1740164657.4612994,1740164657.4515386,1,3,-0.012093858323579305,-0.022983014512158954,-0.030169133377338512,-0.015795301345730435,-0.10485489571598902,0.03331379507386999,0.9938038792224363
1740164657.4785883,1740164657.468457,1,3,-0.01272947629026707,-0.022656835142943973,-0.02982647696931427,-0.01536090570790593,-0.10950739340700996,0.03517098722130872,0.9932447709517094
1740164657.4945266,1740164657.4850614,1,3,-0.013282579129556403,-0.022322278529689977,-0.029461705219810435,-0.014946194970906402,-0.11344997761589275,0.03694286106194754,0.9927441457149987
1740164657.5144935,1740164657.5024233,1,3,-0.013781331962135792,-0.02174383545347408,-0.02878713593928269,-0.01446721357460491,-0.1168195986153246,0.03841688000199643,0.9923044010996088
1740164657.530719,1740164657.51873,1,3,-0.014226886784316628,-0.02078552981006289,-0.027635679435083504,-0.013962404441784034,-0.11973332956583989,0.03980848508473428,0.9919094039117385
1740164657.5470872,1740164657.5351899,1,3,-0.01455293557583708,-0.02005363262991391,-0.02674590788507877,-0.013318359769454292,-0.12173213997471619,0.040858816186938623,0.9916322224141516
1740164657.5648713,1740164657.552249,1,3,-0.01478206527156442,-0.019316559667403845,-0.02584295707309254,-0.012867475207502038,-0.1231389121960571,0.04164583390800968,0.9914317227641359
1740164657.581061,1740164657.5687146,1,3,-0.014897165047690246,-0.01871166998871164,-0.025089983479241157,-0.012539269931415931,-0.12401231127488707,0.04243972526145379,0.9912933890032657
1740164657.5973375,1740164657.585394,1,3,-0.014867823057121978,-0.018467898973457027,-0.024780965123170268,-0.012496378680273092,-0.1243137537565092,0.042849235558357505,0.9912385556256927
1740164657.6142588,1740164657.6022642,1,3,-0.014660116321536095,-0.01884264608789251,-0.02523297551081816,-0.012833806413807339,-0.1240842315716608,0.0430691609175824,0.9912534712504459
1740164657.6308908,1740164657.618597,1,3,-0.014368918852727971,-0.019132998835044837,-0.025559363656348644,-0.012975919087357481,-0.12325584266576771,0.04315416104430092,0.9913512703160028
1740164657.6461508,1740164657.635298,1,3,-0.013997713434561443,-0.01929321797945002,-0.025716515845883147,-0.013313872215017609,-0.12166816493094158,0.04298339655330108,0.9915503144418447
1740164657.662287,1740164657.6521661,1,3,-0.013528692377588154,-0.01943791557069617,-0.025853538450842945,-0.013739780021013467,-0.11953636865302911,0.04269581425549976,0.9918161838058911
1740164657.6818156,1740164657.668704,1,3,-0.012946038582240882,-0.019801230334470742,-0.026247022445369247,-0.014155211923414554,-0.11642564173083643,0.04180463324707866,0.9922182585308755
1740164657.6971521,1740164657.6857045,1,3,-0.012406137156332021,-0.019222582348025662,-0.025455754255556854,-0.013818428455534944,-0.1128158709387138,0.04090775972579553,0.9926772816447325
1740164657.7123897,1740164657.7018616,1,3,-0.011738510893375558,-0.0190315403060195,-0.025149426225219408,-0.014021348830732808,-0.10872046307644116,0.03976583623868508,0.9931776985784816
1740164657.728707,1740164657.7186377,1,3,-0.011007973981978917,-0.01876448276404538,-0.024741075685045893,-0.014155888064205266,-0.1037784858205079,0.03822269411738869,0.9937648929039126
1740164657.7451704,1740164657.7353866,1,3,-0.010241483407507778,-0.018335229878498123,-0.024128468545695447,-0.014046545622210652,-0.0985228338892576,0.03668757342616009,0.9943590738332975
1740164657.7622857,1740164657.752128,1,3,-0.00943108900102129,-0.01786750434292054,-0.023464239789501438,-0.01380428423874277,-0.09286673241785337,0.03495944417965593,0.9949688683618881
1740164657.778853,1740164657.7688215,1,3,-0.008609623868212807,-0.01712030119693643,-0.022453676456679617,-0.013553150424120653,-0.08636611643588522,0.032792891406920134,0.9956313737114445
1740164657.7952273,1740164657.78534,1,3,-0.007733661666589484,-0.016578542750745787,-0.021711820669545336,-0.013511070101297214,-0.07993109887640917,0.030639760095229417,0.9962377605363262
1740164657.8115647,1740164657.801998,1,3,-0.006831267059535824,-0.016064963988054376,-0.020997647872351113,-0.013342731619496853,-0.07279960834298192,0.02818320756307242,0.9968590147806736
1740164657.828476,1740164657.8188548,1,3,-0.00594674891910515,-0.015315912340837222,-0.019992411435641233,-0.012872435412007768,-0.06566851172370375,0.025666850832588115,0.9974282729815188
1740164657.845035,1740164657.8355205,1,3,-0.005075762408339039,-0.01445350365771898,-0.018851923842570655,-0.012433337760309172,-0.058168002060666656,0.02305930243840029,0.9979630074403875
1740164657.8625634,1740164657.8525128,1,3,-0.004235119326952374,-0.013496481127177346,-0.01760563780476479,-0.011863593610319452,-0.05111485703864313,0.02051846170442369,0.9984114979635663
1740164657.8784652,1740164657.8688715,1,3,-0.0034113623387130297,-0.012537710411599522,-0.016360858009564595,-0.011324968425813311,-0.04370432917863953,0.01771031504285204,0.9988233184313842
1740164657.8951304,1740164657.885375,1,3,-0.00264554155569811,-0.011459277210379176,-0.014971173653826724,-0.010619818522294839,-0.03665343282825507,0.015123688213693417,0.9991571544913609
1740164657.9122207,1740164657.9022965,1,3,-0.0019620152474571625,-0.01010916154667359,-0.013252290299320965,-0.009774531161933117,-0.029809519556596602,0.012581369417517588,0.9994286168746366
1740164657.92908,1740164657.9189253,1,3,-0.001305495642391553,-0.008950723217643737,-0.011781723225428897,-0.009159728853534025,-0.023406841338281234,0.010122152782711719,0.9996328131713852
1740164657.945158,1740164657.935564,1,3,-0.000730649026123956,-0.007665327040123366,-0.01015046772410425,-0.008357667487973503,-0.017598274018774077,0.007864470485933339,0.9997792757652544
1740164657.9639118,1740164657.9523396,1,3,-0.0003197974360106728,-0.005800290374351402,-0.007809366538540406,-0.007144869411397448,-0.012325817037757881,0.005796678594439044,0.999881704799482
1740164657.978387,1740164657.9687984,1,3,6.81111971229269e-05,-0.004283295507450304,-0.00590830527925759,-0.0062079579689593494,-0.007273401728735972,0.0037118910981074693,0.9999473889908528
1740164657.998169,1740164657.9858131,1,3,0.00047224081636505966,-0.003472900772276731,-0.004887460551121413,-0.005621542415117816,-0.0032455391828371616,0.002111411604088051,0.9999767030672894
1740164658.014633,1740164658.0029092,1,3,0.0006926248187029554,-0.0020186845123083713,-0.0030629152444674158,-0.0048143007063460395,0.0002707543328418991,0.0005560214514299769,0.9999882199510881
1740164658.0304716,1740164658.0191188,1,3,0.0008162938973996338,-0.0005492428748504695,-0.001224059217705522,-0.003934217955794009,0.00311083100058351,-0.000739456787251056,0.9999871488490348
1740164658.0475585,1740164658.0358014,1,3,0.0008452393111159084,0.0008899843911427345,0.0005707677120490918,-0.0029766852645245027,0.005541053465495396,-0.0018487608560756345,0.999978508846378
1740164658.0637672,1740164658.0521924,1,3,0.0008438384119222671,0.0018640521748492368,0.0017829209778460258,-0.0022969654696947312,0.00706241792775669,-0.0027485490688177734,0.9999686453487735
1740164658.0814948,1740164658.069171,1,3,0.000802976167813405,0.0024214957471426508,0.002480381889309581,-0.002016036234967235,0.00806638583682207,-0.003351561881124587,0.999959817217866
1740164658.0969589,1740164658.0857258,1,3,0.0007724554454436858,0.002185377557820673,0.002188948840735619,-0.002190927819118512,0.008450867340495972,-0.003910444810852778,0.9999542445021503
1740164658.1116333,1740164658.1021707,1,3,0.0007461531635401143,0.0012248381459033213,0.000991726490622357,-0.0026747359778468015,0.008034153309449083,-0.004111778849938489,0.9999556947398911
1740164658.1291053,1740164658.1192167,1,3,0.0006397265273656083,9.421659233233454e-05,-0.00041945115267689515,-0.0032754058633291364,0.006953843285044744,-0.004233208371849186,0.9999614971222033
1740164658.1455343,1740164658.1357481,1,3,0.00045518597458980744,-0.0012134652433462355,-0.0020504338539746483,-0.004127259034716161,0.0051850756665542015,-0.004022710989962126,0.9999699488082047
1740164658.1641476,1740164658.1524186,1,3,0.00017482669297123524,-0.0025193304728174585,-0.0036868698919918135,-0.004994015593245477,0.002737924674973091,-0.0036317007082846626,0.9999771869031284
1740164658.179068,1740164658.1693938,1,3,-0.00017426904480430416,-0.003999841695815294,-0.005545665033484165,-0.005904996897881814,-0.0004398249428709249,-0.002818665541564676,0.9999784961139017
1740164658.1952283,1740164658.185765,1,3,-0.0006110592360013102,-0.00540012890383292,-0.007302916778652676,-0.006740260499829736,-0.0043852933655665225,-0.0017457788121054989,0.9999661446003217
1740164658.2132084,1740164658.2027173,1,3,-0.0011170739123902939,-0.006859378693337346,-0.009139881167196086,-0.007615195911348135,-0.008972293089070986,-0.00038185574404556193,0.9999306780643078
1740164658.2288773,1740164658.2192423,1,3,-0.0016858095930069488,-0.008379283061212557,-0.011060457615174655,-0.00854413162299684,-0.014149105205651324,0.001103276012272407,0.9998627822950151
1740164658.245881,1740164658.2358656,1,3,-0.002333027836436008,-0.009758829443436397,-0.012815883937878927,-0.009300016961558915,-0.01964193111371803,0.002903216213892397,0.9997596088871834
1740164658.2642305,1740164658.2526746,1,3,-0.002991599414592379,-0.011440799653286253,-0.014951818912792986,-0.010213999698483951,-0.025993287793239332,0.004945448041910142,0.9995977019499005
1740164658.279163,1740164658.2693522,1,3,-0.003685908943711428,-0.01315004290065458,-0.017126778253447272,-0.011251887598717572,-0.032622545021813866,0.00706539066694469,0.999379429864598
1740164658.297833,1740164658.285922,1,3,-0.004418969857195384,-0.01484198870359783,-0.019283241838174994,-0.012282136902818513,-0.03931287718684766,0.009234638089989079,0.9991087869995635
1740164658.3148932,1740164658.3028247,1,3,-0.00519552540610699,-0.01639903081794212,-0.021285866431797484,-0.013078895754138,-0.046466566884985065,0.011662648926789435,0.9987661304168188
1740164658.3314695,1740164658.3192284,1,3,-0.006005078450465444,-0.017769690336912215,-0.023061451551575057,-0.013797319824666695,-0.05376450857250317,0.014243244403512049,0.9983567206026486
1740164658.3487926,1740164658.3362677,1,3,-0.006839829550310213,-0.018940504260585134,-0.024593167306915492,-0.014435979345736637,-0.06130212410917795,0.016981235349328695,0.9978703772164215
1740164658.365356,1740164658.352701,1,3,-0.007640296231147001,-0.02031606967923035,-0.026382933988141708,-0.015119162442178442,-0.06840652390834406,0.01946165451566791,0.9973530981640039
1740164658.378911,1740164658.3691738,1,3,-0.00846220315576957,-0.021310318808381266,-0.027703820768779176,-0.015521974622437477,-0.07568615665396444,0.022227024917730178,0.9967630778465254
1740164658.3989677,1740164658.3860612,1,3,-0.009303846767076452,-0.02188697533793568,-0.02850690049061148,-0.01564319354227173,-0.08282573140413702,0.024841448458442807,0.9961315631740896
1740164658.412217,1740164658.4025095,1,3,-0.010064265258953152,-0.022681296341760304,-0.02957976373406018,-0.016126708024175023,-0.0892908529839601,0.02717454784088634,0.9955042023072244
1740164658.4297922,1740164658.4195347,1,3,-0.010833547981868832,-0.022985903124723147,-0.030037476838086035,-0.016046689794832675,-0.0953945437960723,0.02959760074491582,0.9948700250739853
1740164658.44568,1740164658.4359422,1,3,-0.011547812001239074,-0.02320198446006214,-0.03038532598392902,-0.01603625263730994,-0.10108141139562438,0.03183997874933206,0.9942392079499094
1740164658.4660118,1740164658.4527264,1,3,-0.012211313420195052,-0.023206425858896866,-0.03046304150943349,-0.015861428507954245,-0.10625391436704823,0.03388486358981622,0.993634911215818
1740164658.4826555,1740164658.4697757,1,3,-0.012847553321453903,-0.02281058608612782,-0.030032548250389025,-0.015493045447041238,-0.11072752578941576,0.035693967858742424,0.9930887781229981
1740164658.4966161,1740164658.4862857,1,3,-0.013402040030905572,-0.022381167815541534,-0.02955249767770309,-0.015003945877270053,-0.11452892752187809,0.03730576941559429,0.9926058059154755
1740164658.5138173,1740164658.5035863,1,3,-0.013885049494550635,-0.0218431141643253,-0.02892927414025956,-0.014602391358659234,-0.11783002892614265,0.03884741748884098,0.9921661819495364
1740164658.5296392,1740164658.5197043,1,3,-0.014327780869658356,-0.020878653092380753,-0.02776775354019694,-0.013978793271707837,-0.1203993696241678,0.04009388775863862,0.9918170523323179
1740164658.5458372,1740164658.536141,1,3,-0.01465585436584532,-0.020063265351518898,-0.02677744516716598,-0.013488317311775693,-0.12241194367008235,0.0410946394189846,0.9915364904803217
1740164658.5631528,1740164658.5531101,1,3,-0.014882825614596992,-0.019290222674209635,-0.025824578117469747,-0.012972572344455202,-0.12376318196767429,0.041864009231133356,0.9913434278226189
1740164658.5793748,1740164658.569706,1,3,-0.014984872483932363,-0.018749172625121876,-0.025153825136228398,-0.01261829964621847,-0.12448927084818909,0.04248540881879829,0.9912306441970122
1740164658.5984337,1740164658.5863035,1,3,-0.01493670824502634,-0.01857693081540145,-0.02493250941952045,-0.012631543814024874,-0.12489334308775832,0.04309443305702773,0.9911533518042157
1740164658.6151242,1740164658.6030324,1,3,-0.014738141158881399,-0.018837261284748472,-0.02523957945474314,-0.012920538888654937,-0.124680616887269,0.04333561965419039,0.9911658930353809
1740164658.630038,1740164658.6195993,1,3,-0.014408300569252889,-0.019362857488615683,-0.02586199018243473,-0.013274642846982205,-0.12360228690212786,0.04325170591959369,0.9912999286113634
1740164658.6470206,1740164658.6366067,1,3,-0.014042637135659208,-0.01939489730595796,-0.02585974061776272,-0.013527442555042764,-0.12198721429479675,0.04304716888553438,0.9915054559090715
1740164658.6631057,1740164658.6529598,1,3,-0.01358691190593944,-0.01939024959068988,-0.025805670215376098,-0.013721094817073414,-0.11941532887160741,0.042438514870497226,0.9918420656753237
1740164658.6798568,1740164658.6697822,1,3,-0.013013564788311218,-0.019676254272194417,-0.02610169930204898,-0.014150512991186378,-0.11651327037178247,0.041647000247828185,0.9922146683957639
1740164658.6965854,1740164658.6865103,1,3,-0.012390001433786303,-0.01963493639555585,-0.025983152017580374,-0.014303616318043827,-0.11307157942431754,0.04080049118543022,0.9926457295559903
1740164658.7128205,1740164658.7029812,1,3,-0.011764573423644327,-0.019100467823213584,-0.0252461392801549,-0.014158031101751234,-0.10872951656907172,0.039638218556029774,0.9931798699186781
1740164658.7323675,1740164658.7200754,1,3,-0.011044016900416209,-0.018740662738344994,-0.02471815785237845,-0.014160632912224573,-0.10395563337425177,0.03831040576608667,0.9937429323398085
1740164658.7474532,1740164658.7365334,1,3,-0.010267056272409009,-0.01836543572105455,-0.024173203677522972,-0.014065657562464374,-0.09846855124853458,0.036515297539072754,0.9943705218569098
1740164658.762696,1740164658.7531812,1,3,-0.009441458421845773,-0.01800213221695188,-0.023640389958385563,-0.013940769128102945,-0.0925592295709898,0.034546972861783445,0.9950100253984524
1740164658.780909,1740164658.770013,1,3,-0.008604489710542007,-0.01734447845479729,-0.022739018745595228,-0.013738868128010688,-0.08597413520970455,0.032376794688110444,0.9956763704855249
1740164658.7961051,1740164658.786263,1,3,-0.007707084434816596,-0.01691362284674276,-0.02213039534869215,-0.013725771416791915,-0.0791548857112987,0.030060008561022908,0.996314459973535
1740164658.8142538,1740164658.8032503,1,3,-0.006803681800898975,-0.016325061744552064,-0.021324289523911664,-0.013433061009654627,-0.07226237228394948,0.027715104499874677,0.9969100136955028
1740164658.8301063,1740164658.819935,1,3,-0.005934713175595737,-0.01543765620443378,-0.02014601186419912,-0.012956345698860613,-0.06497922892240919,0.02515724608412453,0.9974853111120201
1740164658.8466115,1740164658.8365238,1,3,-0.00505576278069427,-0.014624383353756334,-0.01906791255456068,-0.012563323478568967,-0.05766564929094145,0.022465241672181488,0.9980040825125103
1740164658.8643231,1740164658.8532708,1,3,-0.00423343097547463,-0.013511211897245867,-0.01762494982427916,-0.011871035420222756,-0.05019155077306167,0.01987924075091102,0.9984711826268269
1740164658.879259,1740164658.869726,1,3,-0.0034238743374803197,-0.012475787941705813,-0.01628608323565932,-0.011295215912612306,-0.043103860729593185,0.017225869413632,0.9988582205251333
1740164658.8967137,1740164658.8864615,1,3,-0.0026745888162845173,-0.01129127113396609,-0.014761367969628781,-0.010482865700389669,-0.036048033168941424,0.014639050153304417,0.9991878437220738
1740164658.9129646,1740164658.9031696,1,3,-0.0019849437330569926,-0.010028040746364299,-0.013151377493962231,-0.009731342967824675,-0.029475520508019194,0.012140272860328469,0.9994443998690975
1740164658.929329,1740164658.9197843,1,3,-0.0013119721598742477,-0.009009332612540524,-0.01185246393883473,-0.009115451485534986,-0.023233243689738694,0.009802907863808287,0.9996404493262975
1740164658.9481845,1740164658.9368045,1,3,-0.0007691615673848742,-0.007550894686662088,-0.010007375477586032,-0.008264323500515182,-0.01760723410794822,0.007806008747263803,0.9997803521231974
1740164658.962789,1740164658.9532053,1,3,-0.0003002446711721942,-0.006081451457305148,-0.008155748925961171,-0.007351132680343556,-0.012167094882817081,0.005536532522694932,0.9998836279578008
1740164658.9810133,1740164658.969804,1,3,9.032191932004155e-05,-0.004610858664585232,-0.006312928367835495,-0.006438003561318354,-0.007265636279783173,0.003666336392101494,0.9999461588590929
1740164658.9975471,1740164658.9869459,1,3,0.0004042060275098962,-0.003210355896351791,-0.004556768715766544,-0.005428470606331088,-0.003236874190253913,0.0019538924256113544,0.999978118088962
1740164659.0135071,1740164659.0038903,1,3,0.0006068097599948982,-0.0016335831535706853,-0.002582937398793721,-0.004556872295064583,0.00025726209380428294,0.000508562659569958,0.9999894549919629
1740164659.032146,1740164659.0201077,1,3,0.0007011749734664297,3.4776177259825017e-06,-0.0005357226729429279,-0.003635467987199917,0.003451919783557783,-0.0009967518019484548,0.9999869369687622
1740164659.0488958,1740164659.0366642,1,3,0.0007786332658096562,0.0010489040281814565,0.0007677386992899713,-0.0028900738123594084,0.00529569803590761,-0.00183122523325508,0.9999801246373934
1740164659.0643897,1740164659.053334,1,3,0.0007678345455429504,0.0020414834860266935,0.0020040839866898538,-0.002265625146314413,0.006762189880908121,-0.0026031738029813002,0.9999711811931693
1740164659.0823016,1740164659.0702808,1,3,0.000734220538468958,0.002514618731618314,0.002596976145425549,-0.002000614015087725,0.007662905978920004,-0.003306062985369442,0.999963173003415
1740164659.0966911,1740164659.0867124,1,3,0.0007329073607720049,0.002010675959605889,0.0019726830223711295,-0.00230887542553655,0.007953067018766666,-0.003711647503805376,0.9999588198981355
1740164659.1133847,1740164659.1034963,1,3,0.0006722655657373768,0.0011975605438118103,0.0009561972717064765,-0.0026671823839446206,0.007309949987193851,-0.003844007385105129,0.9999623364789989
1740164659.129521,1740164659.1202548,1,3,0.0005666911350547593,1.6286337583457133e-05,-0.0005152757688536117,-0.0033560690079875314,0.006108669013722148,-0.0038697672510249635,0.9999682224276516
1740164659.146129,1740164659.136599,1,3,0.000392161039755394,-0.001385064052843671,-0.002266781207438153,-0.004267474102657889,0.004160354552235876,-0.003453656694774747,0.9999762759036923
1740164659.1655767,1740164659.153488,1,3,9.291955919026212e-05,-0.0025866328146123335,-0.003773133555869426,-0.00501329148861887,0.0016855131332826497,-0.0030006943618046808,0.9999815107227107
1740164659.1825252,1740164659.1701617,1,3,-0.0002697269594973133,-0.003979569621917521,-0.0055221070183955326,-0.005856752615124299,-0.0015745334435056883,-0.002131551169821624,0.9999793376779597
1740164659.1989691,1740164659.18691,1,3,-0.000684060351898309,-0.005558458325614323,-0.007506152085711112,-0.006821071161576387,-0.005755765937331735,-0.0009806769075520313,0.9999596903973111
1740164659.2161474,1740164659.203711,1,3,-0.0011930387721738444,-0.007040301352022883,-0.009370141996625007,-0.007700575192332062,-0.010351267263025724,0.00041188381814545615,0.9999166879092863
1740164659.2318246,1740164659.2200751,1,3,-0.0017815714344189227,-0.008419980027997468,-0.011116496892295933,-0.008568900220844897,-0.015506816792421864,0.0019174916956966924,0.9998412052959053
1740164659.2491407,1740164659.2369308,1,3,-0.0023918134437774965,-0.01010976635547934,-0.0132581935705762,-0.009480936754223464,-0.02125296043618628,0.0037403273440130007,0.9997221781386667
1740164659.2631884,1740164659.2536776,1,3,-0.0030768585208065195,-0.01163267585000641,-0.015195540662048215,-0.0103399039525317,-0.027487474331287915,0.0058378550355832745,0.9995516217733443
1740164659.2826712,1740164659.2702763,1,3,-0.0037741104539621997,-0.013367957626694259,-0.017403137588818705,-0.01136258293047039,-0.034184349864213065,0.007934021357514708,0.9993194550485884
1740164659.2997458,1740164659.2871635,1,3,-0.004537020087688801,-0.014888163667920444,-0.01935066072746668,-0.012253686181974458,-0.04111023228195737,0.010227839393639658,0.9990271203916413
1740164659.3159132,1740164659.303665,1,3,-0.0053176811596852905,-0.016420500446343224,-0.021320443005005664,-0.013158023301282837,-0.048329322066257674,0.012875242072176744,0.998661790193758
1740164659.3330767,1740164659.3204172,1,3,-0.006125567796358277,-0.017805909719401828,-0.023122580155988587,-0.013825534975454388,-0.055654193442703025,0.015391175024496268,0.9982357322127123
1740164659.3497794,1740164659.3373432,1,3,-0.0069515380643707415,-0.019017384359701968,-0.024704441944326732,-0.014560093033539947,-0.06298348452297925,0.01792372474238269,0.9977473750702417
1740164659.365891,1740164659.353758,1,3,-0.007761294123886398,-0.020283857813830495,-0.026357757974355075,-0.015150197474545945,-0.07015093747001698,0.02045154785376256,0.9972116383591525
1740164659.3806036,1740164659.3705964,1,3,-0.008598111496552794,-0.021104649563075166,-0.027460576845636415,-0.015442527719735881,-0.07725230177112573,0.023116070230658394,0.9966239298279865
1740164659.3966832,1740164659.3870316,1,3,-0.009419688173592672,-0.021784336903303666,-0.02838916690588312,-0.01563823238551493,-0.08417890914571079,0.025744193006122684,0.9959952778348692
1740164659.4136198,1740164659.4037442,1,3,-0.010182868721431792,-0.02253421638254373,-0.029407380914460608,-0.0159883906171143,-0.09072895269498633,0.028055531839827976,0.9953519556626842
1740164659.4327097,1740164659.4207668,1,3,-0.010956510796927008,-0.022741231456361095,-0.029744556917172253,-0.01593754034821983,-0.09662247926793412,0.030294004579972004,0.9947323080076746
1740164659.4471095,1740164659.4371734,1,3,-0.011666506926589874,-0.022954943996389827,-0.030088555311618897,-0.015925369820536293,-0.10215470672156124,0.03243840753257452,0.9941119394753599
1740164659.4638505,1740164659.453825,1,3,-0.012332987949900622,-0.022913349097937987,-0.030109709129969773,-0.015731730680509034,-0.10724884138786182,0.03456591739757448,0.9935066159946904
1740164659.4803,1740164659.4706125,1,3,-0.012958129217346433,-0.022572413822846592,-0.02974522146112441,-0.01535302003139926,-0.11176033041435995,0.036297774931331774,0.9929533648951611
1740164659.4964695,1740164659.4871335,1,3,-0.013495562501549235,-0.022277296422131873,-0.029430516770280083,-0.014994801160972017,-0.11541081294090999,0.03782533346190738,0.99248412800556
1740164659.514885,1740164659.50466,1,3,-0.013991110525724593,-0.021562645539900165,-0.028591971943024985,-0.014447825264791438,-0.11866426590358517,0.03931976270034302,0.9920504062817926
1740164659.5316522,1740164659.520469,1,3,-0.01439136825466974,-0.020898294621473308,-0.027805752365718726,-0.014027612267695852,-0.12105105770005958,0.04039888240257216,0.9917246582718346
1740164659.5470395,1740164659.5372071,1,3,-0.014713225703913707,-0.020077213376232236,-0.026805194588976643,-0.013493294514523833,-0.12295692689606426,0.04135740817055689,0.9914580626132575
1740164659.5640173,1740164659.554103,1,3,-0.014938331975315152,-0.019251093665454903,-0.025784838088684373,-0.012948586104015261,-0.12424236355224431,0.04213266575016318,0.9912724185074675
1740164659.5800574,1740164659.5703473,1,3,-0.015025610778931643,-0.01878593006309686,-0.025206834231429713,-0.01267275434758162,-0.1249667142047881,0.04270507046599681,0.9911604303010684
1740164659.5974474,1740164659.5872896,1,3,-0.01494981365641794,-0.018787554250864043,-0.025201139263053476,-0.012663541790450598,-0.1249917235477601,0.04306199967669088,0.991141951456867
1740164659.6160324,1740164659.6039836,1,3,-0.014742948459007376,-0.019065124113327878,-0.025530214147725074,-0.013044781020417623,-0.1247759971049755,0.043283038419493595,0.9911545605099968
1740164659.6305091,1740164659.6205788,1,3,-0.014431319739241399,-0.019397885745604138,-0.02591489254082863,-0.01345157375672473,-0.1236238796287101,0.043205470395992006,0.9912968671779785
1740164659.6505537,1740164659.6373777,1,3,-0.014042158756822267,-0.01961271709432071,-0.02613910141416924,-0.01374485263314069,-0.12223805732225283,0.043120815279194404,0.9914683714863689
1740164659.6664941,1740164659.6541696,1,3,-0.013533486445230603,-0.020006567691994732,-0.02657959959731732,-0.014174092675387653,-0.11961263744869462,0.042471240656980574,0.9918105190894344
1740164659.683222,1740164659.6706083,1,3,-0.013031667941761471,-0.019617946558934514,-0.02603199268054659,-0.014106886445957582,-0.11653668449903458,0.04169455833578517,0.9922105425392119
1740164659.6973212,1740164659.6872902,1,3,-0.01237475973102202,-0.01984312597424749,-0.026247272065996762,-0.014406564817232851,-0.1124375201571834,0.04021437028500736,0.9927401771730859
1740164659.7169728,1740164659.7039967,1,3,-0.011715547794151992,-0.019519686766916663,-0.025770987011736902,-0.01440722205208154,-0.1083881684806527,0.03934726032174812,0.9932251658064873
1740164659.7336185,1740164659.7208087,1,3,-0.01099122149222574,-0.019148210057013566,-0.025233206296708315,-0.014433917443830912,-0.10279906288922631,0.037292755729164594,0.9938980154253485
1740164659.7472122,1740164659.737379,1,3,-0.0102049196829342,-0.018822159246022707,-0.024740981204471307,-0.01436920162027737,-0.09748845316136763,0.03569118694085206,0.9944926680070361
1740164659.7643359,1740164659.754055,1,3,-0.00935052796730533,-0.01860196189041336,-0.02438737242535293,-0.014325385669039077,-0.09171578472090418,0.03388388087449125,0.9951054621372276
1740164659.7819586,1740164659.7709935,1,3,-0.008611613591052092,-0.01725985557498741,-0.02263619448856075,-0.013687284558851856,-0.08503594316437642,0.03165335208455747,0.9957809055778089
1740164659.7996237,1740164659.7874353,1,3,-0.007687317260444421,-0.017005459450399194,-0.02224717990253251,-0.013698868182652186,-0.07862453169980951,0.029587938450023235,0.9963709539743607
1740164659.8147292,1740164659.8043225,1,3,-0.006777790054175789,-0.016442917739608917,-0.02147230889010028,-0.01352126713458475,-0.07142333042381259,0.027015391638501435,0.9969884913181618
1740164659.830949,1740164659.8208892,1,3,-0.005924095401844503,-0.015430822165767513,-0.020138833473063285,-0.012988842662121653,-0.06409447462534987,0.02444058245285763,0.9975599461777543
1740164659.847532,1740164659.837585,1,3,-0.005028048743580494,-0.014735951543803852,-0.019209985623404494,-0.012565247798186862,-0.0567423328776261,0.021766559179723824,0.9980724618527707
1740164659.864307,1740164659.8541956,1,3,-0.0042775629753139584,-0.013149239237488435,-0.01717288266447646,-0.011583689934027013,-0.049538672323254714,0.019206009666048032,0.9985203389338992
1740164659.8806198,1740164659.8708138,1,3,-0.0034343993996778636,-0.012324330600877011,-0.016096158794711476,-0.011219199356931359,-0.04236394772477483,0.01650073358538939,0.9989029739119341
1740164659.897868,1740164659.8875413,1,3,-0.0026624489201543308,-0.011325862598496089,-0.014807966648362895,-0.010580126551386508,-0.035517382924449926,0.01408156851652247,0.9992138339016675
1740164659.9138207,1740164659.904089,1,3,-0.001987292647102029,-0.009982810569121908,-0.013095810414782335,-0.009775039197377298,-0.028513975734855434,0.011454295448763538,0.9994799652380504
1740164659.93037,1740164659.9206846,1,3,-0.0013681535401458317,-0.008654682479308866,-0.011412052439242301,-0.00886828311345698,-0.022499818501549317,0.009225486079467111,0.9996649449333584
1740164659.9477801,1740164659.9378119,1,3,-0.0009043678697838177,-0.0067269714510981,-0.008981738429293451,-0.0077698498165550125,-0.01686005944722038,0.007063757450584384,0.9998027161195071
1740164659.9639373,1740164659.954182,1,3,-0.0003646719851033798,-0.005731958804871426,-0.0077222302748040424,-0.0071225887724150555,-0.011668458670095267,0.005172753493443568,0.9998931735054197
1740164659.9804435,1740164659.9708648,1,3,-1.6278772179348999e-06,-0.004056687011173373,-0.00562491521418049,-0.006074607374674187,-0.006760182784831616,0.0031312744574784673,0.9999537960297121
1740164659.997581,1740164659.9876058,1,3,0.00035675299694225624,-0.0030334777367918065,-0.004337649012787401,-0.00540487195914669,-0.003214839729914018,0.0018551154760033206,0.9999785051245786
1740164660.0139225,1740164660.0046537,1,3,0.0005682880135869195,-0.0015723036695012578,-0.0025056657677905597,-0.004546264936216292,0.0003931299066704781,0.0003449364169360136,0.9999895289166154
1740164660.0306652,1740164660.0210984,1,3,0.000697733629952966,-0.000213741364416272,-0.0008085809636820351,-0.0037305979449856774,0.0030737828677529482,-0.0008676940442477543,0.9999879407297372
1740164660.0472214,1740164660.037786,1,3,0.00072390664877411,0.0011646041227793902,0.0009123308069637452,-0.0028390694618521373,0.005270254515754917,-0.0019329112462484058,0.9999802137822749
1740164660.0635238,1740164660.0542114,1,3,0.0007241923329115306,0.002059029476300758,0.002026021962412407,-0.002196420369042803,0.006670696748476067,-0.0026223746865619473,0.9999718999519215
1740164660.080428,1740164660.0709782,1,3,0.0006950272351808803,0.0024265787526133553,0.002487161133184473,-0.0020226234854248447,0.007300023960346902,-0.003188857004250542,0.9999662243473132
1740164660.09668,1740164660.0875082,1,3,0.0006719765345803308,0.0020572557674915256,0.0020307261545773475,-0.0022274137058274197,0.0073568020529959244,-0.0035532180502716587,0.9999641447238112
1740164660.1144302,1740164660.1047049,1,3,0.0006306264476772322,0.0010925153329563698,0.0008235568496891714,-0.0028012446299048917,0.006846789663885743,-0.0036495848617488016,0.999965976936295
1740164660.1301684,1740164660.1210182,1,3,0.0005123606964241264,-3.34985265602286e-05,-0.0005788880592802258,-0.003383190843934134,0.005660479452606768,-0.0036282535358532807,0.9999716739829982
1740164660.147158,1740164660.1376297,1,3,0.0003279998401725515,-0.001363590725903512,-0.0022420697377946754,-0.004233571134558427,0.0036799636381709125,-0.0032751180140860375,0.9999789039500104
1740164660.1656349,1740164660.154584,1,3,4.775955128047647e-05,-0.002741003954370376,-0.003964787138135171,-0.005208249397181676,0.0008796450710917119,-0.002595099868940637,0.9999826827597745
1740164660.181804,1740164660.1712205,1,3,-0.0002978342779338694,-0.004285434386679158,-0.005901266629516843,-0.006040849301162079,-0.002708282204196301,-0.0015615833591388663,0.999976867134753
1740164660.19719,1740164660.1877816,1,3,-0.0007336264360999577,-0.005791188081647277,-0.00779718683315711,-0.006883742317971955,-0.006634251263852828,-0.0004341497960017569,0.9999542051093252
1740164660.214023,1740164660.2044473,1,3,-0.0012760604232093574,-0.007073807257574005,-0.009416656478821898,-0.007724508246474102,-0.011461081910482717,0.0009800080122442812,0.9999040029713289
1740164660.2304633,1740164660.2211673,1,3,-0.001817746898464746,-0.00883248961014729,-0.011636484843827816,-0.008791837159175309,-0.016589575107596836,0.002507520811025391,0.9998205848733552
1740164660.247919,1740164660.238053,1,3,-0.002486566985221669,-0.010124532026518822,-0.013282568303076343,-0.009495419921776285,-0.02261753826668033,0.004607314834090025,0.9996884797842196
1740164660.264019,1740164660.2544997,1,3,-0.0031636579396459447,-0.01168501952922256,-0.015266064349263373,-0.010339674939031884,-0.02886007275689079,0.006616772246340904,0.9995080818320892
1740164660.2803166,1740164660.2709804,1,3,-0.003881269788292797,-0.013243677074740381,-0.01725609848402173,-0.011229934899659006,-0.035336150661715394,0.008692820451979092,0.9992745768261853
1740164660.2977643,1740164660.2880912,1,3,-0.004635265659494697,-0.014775748693864789,-0.019217137020474215,-0.01220012182910052,-0.04246363175503851,0.01108385731894809,0.9989620338693863
1740164660.31392,1740164660.3045406,1,3,-0.005414389576375119,-0.016274018510103495,-0.021148086218715792,-0.012942234395895626,-0.049475483160341296,0.013561546216774,0.9985993989579117
1740164660.3315463,1740164660.3213549,1,3,-0.006231824883195788,-0.017538240366681033,-0.022794779124957157,-0.0136493754199926,-0.05689756871071227,0.016155569537291962,0.9981559791928212
1740164660.347684,1740164660.337889,1,3,-0.007038256459974287,-0.01891542260144188,-0.02457880169620248,-0.014362107705281109,-0.0643301229729382,0.018762177588235618,0.997648909102143
1740164660.3671346,1740164660.3545816,1,3,-0.007847237362126698,-0.020161560489431383,-0.02621110378192255,-0.015083018422728607,-0.07135687908845488,0.021266743329659665,0.9971100360492646
1740164660.3813915,1740164660.3714113,1,3,-0.008699618514464087,-0.02089078843086931,-0.02720014111106977,-0.015339804683075997,-0.07845865645034639,0.023885017719533677,0.9965131386734594
1740164660.3976061,1740164660.3878672,1,3,-0.009494405338512302,-0.021785991943722577,-0.028401927415259678,-0.015605364145846257,-0.08511165895916101,0.026128589518819592,0.9959065091306774
1740164660.4167852,1740164660.4045112,1,3,-0.010266377197172698,-0.022446426558487963,-0.029309868152562885,-0.01599157674512386,-0.09163001834085749,0.028638265937316804,0.9952527613305889
1740164660.4337168,1740164660.4212985,1,3,-0.011038896970635103,-0.022677397908249835,-0.029673379529471283,-0.015913729779332888,-0.09771748528536757,0.030973523344069293,0.9946047894142018
1740164660.4496171,1740164660.437954,1,3,-0.011718018172691604,-0.023075474758340646,-0.03024782519331563,-0.015948487769059664,-0.10313276081285283,0.033035788416492844,0.9939909034134566
1740164660.467507,1740164660.4547606,1,3,-0.012419692302552018,-0.022695508328712526,-0.029846252271616643,-0.015607616686870975,-0.10811104088978352,0.035091840976586276,0.993396682013765
1740164660.4836245,1740164660.4713082,1,3,-0.01301512953297041,-0.02250047138282259,-0.02966249053145373,-0.015312587237513445,-0.11227703262119337,0.03664490629652332,0.9928829454978023
1740164660.500562,1740164660.487977,1,3,-0.013549181815937561,-0.022142615354036818,-0.029271493292170502,-0.014938515078022628,-0.11597228262193865,0.038189142525109826,0.9924055923985503
1740164660.5166857,1740164660.5055926,1,3,-0.014021485001984961,-0.021559843123453114,-0.028587959724910676,-0.014429179372052127,-0.11889730950775759,0.03944246802995374,0.9920179032105074
1740164660.5310585,1740164660.5213363,1,3,-0.014414385653253961,-0.020905374514264607,-0.027813375632734443,-0.01398867975209858,-0.12124657884025622,0.04053323082267489,0.9916958410507742
1740164660.5482752,1740164660.5381851,1,3,-0.014732767513612039,-0.02008955184813228,-0.02682121933176989,-0.013485605893111045,-0.1231578075520119,0.04145999968357975,0.9914289491934937
1740164660.5649002,1740164660.5550098,1,3,-0.014946445926930504,-0.019333783026618527,-0.025889101034553757,-0.012979975328087624,-0.12442407095649101,0.042215242184255874,0.9912457032110763
1740164660.5813727,1740164660.5714395,1,3,-0.015035672218457882,-0.01885016523015098,-0.02529135754260551,-0.01264172960712122,-0.12507096080305447,0.04277675296551885,0.9911445862446447
1740164660.600472,1740164660.5882385,1,3,-0.014938598717460484,-0.018999346848868223,-0.025473682185241136,-0.0128293484627064,-0.12505035472967313,0.04302815991313108,0.9911338931014797
1740164660.6172025,1740164660.6049213,1,3,-0.014730255555506316,-0.019224440078362694,-0.02573085554100927,-0.013189311478284949,-0.12473067774698852,0.043192178824908965,0.9911623155567724
1740164660.633701,1740164660.6217172,1,3,-0.014409916933201103,-0.019572844313792068,-0.026131533589040617,-0.013540455428010271,-0.12364167938650082,0.0431677583428795,0.9912950800972122
1740164660.6505866,1740164660.6382709,1,3,-0.014020674538000917,-0.019714884363496863,-0.02626318294059955,-0.013755006883427137,-0.1219729761215111,0.04291883251851121,0.9915096402440805
1740164660.6677146,1740164660.6550066,1,3,-0.013526256816617836,-0.019957447033363454,-0.026518285006880447,-0.014098943729590674,-0.11927558823356856,0.04212618181180536,0.9918668956282414
1740164660.6846106,1740164660.6719577,1,3,-0.013025582979093873,-0.019527657583016444,-0.025922484320040875,-0.014079393944706035,-0.11591421389534383,0.04128694939087193,0.9923008885883201
1740164660.6985688,1740164660.6882498,1,3,-0.012400233733365988,-0.019520311004691596,-0.025844901154548818,-0.014221281402817114,-0.11221608675584516,0.0401298672668611,0.9927713225016176
1740164660.7148113,1740164660.7049558,1,3,-0.011613990971282935,-0.020155661702942716,-0.026562034773871614,-0.014755723923071291,-0.10773122431230825,0.03882274007800461,0.9933121597828716
1740164660.7317357,1740164660.7218432,1,3,-0.010959014365060096,-0.019302489967496922,-0.025419800578948482,-0.014435039372761206,-0.10261165805191413,0.03711434592301157,0.9939240426696856
1740164660.7485192,1740164660.7385056,1,3,-0.010159977741018253,-0.01907144135506534,-0.02505369531768753,-0.014518297804390467,-0.09689396581554356,0.03526959322455466,0.9945636401011118
1740164660.76619,1740164660.7554922,1,3,-0.009385666896462861,-0.018310901081730304,-0.024025832305187327,-0.014176843348749937,-0.09138919966514523,0.033682009829963194,0.9951444887608248
1740164660.7838848,1740164660.7716699,1,3,-0.00853077137314563,-0.017770561163409443,-0.023275385015848308,-0.014000049077597975,-0.08445917552088454,0.031175910481094065,0.9958407045817278
1740164660.8006816,1740164660.7884681,1,3,-0.007648991441650757,-0.017155623045993645,-0.02243499445002545,-0.01381109650275006,-0.07769143129443329,0.028882221817290252,0.9964633020737447
1740164660.815264,1740164660.8053236,1,3,-0.006767193080627738,-0.016428163969945814,-0.021449782905352977,-0.013542774028467043,-0.0711505501290728,0.026787192995023364,0.9970138608762625
1740164660.8342946,1740164660.821787,1,3,-0.005883468611126305,-0.015606155144206707,-0.02035307963106683,-0.013003036084719132,-0.0635645159969674,0.024033390337708325,0.9976035632993329
1740164660.8514504,1740164660.8386092,1,3,-0.005015798657575709,-0.014708445193762925,-0.01916956035588242,-0.012437887944167359,-0.056668685576779246,0.02173917006425179,0.9980788383206037
1740164660.8676264,1740164660.8552904,1,3,-0.004188016266035086,-0.013623673437190816,-0.017764798488752793,-0.011937682073604393,-0.048820263096773585,0.01877986379268376,0.998559657894209
1740164660.8815494,1740164660.8718436,1,3,-0.003405180233120315,-0.01244461846235214,-0.01624930691604391,-0.011302264329393729,-0.0417997646539565,0.016128909670137078,0.998931877942012
1740164660.9006011,1740164660.888754,1,3,-0.002670100517838873,-0.011230393347235012,-0.014690850890673273,-0.010511766221895326,-0.03508981841175554,0.013851844364079425,0.9992328726690488
1740164660.9146516,1740164660.9051204,1,3,-0.002036694171903774,-0.009699816602656088,-0.012741138949968199,-0.009557849146114624,-0.02876828510244949,0.011590119098878662,0.9994732124630644
1740164660.9311063,1740164660.921711,1,3,-0.0014253561985266346,-0.008335777384770994,-0.011012040302862371,-0.00870080607968657,-0.02234720965664251,0.00902781031876587,0.9996716445088227
1740164660.9491775,1740164660.9386501,1,3,-0.0008221436319424154,-0.007350616893285511,-0.009759056958936118,-0.008124947591972987,-0.016794696033143115,0.006996200244524104,0.9998014685895997
1740164660.9651666,1740164660.955104,1,3,-0.0003667589020202027,-0.005914398558891636,-0.007949500165675258,-0.007288971239695437,-0.011572989130889657,0.004955148586049089,0.9998941860633721
1740164660.9816525,1740164660.972053,1,3,3.517375316640341e-05,-0.004553228632557024,-0.006245609728079034,-0.0063737219471846325,-0.006853189980814958,0.0031095538637515973,0.9999513688827049
1740164660.9984164,1740164660.9886904,1,3,0.000334238064939509,-0.003057930894197707,-0.004370060968443102,-0.0053870266205714315,-0.003156393403383963,0.0017731039891379107,0.9999789363917203
1740164661.0149548,1740164661.0055861,1,3,0.0005382929854034407,-0.0015427831694652164,-0.002471256043809378,-0.004542798365923678,0.00034592969542260543,0.00021602484317653103,0.9999895982703617
1740164661.0315542,1740164661.022052,1,3,0.000659221794194727,-0.00016517004815589883,-0.0007464578386767752,-0.003675728779151573,0.002957719614597659,-0.000913671530444321,0.9999884529918124
1740164661.047879,1740164661.0385118,1,3,0.000662635756517237,0.0013511701024877414,0.0011425682133598659,-0.0026751041155604503,0.005110684398677545,-0.001889614227307367,0.9999815768708041
1740164661.0645316,1740164661.0551908,1,3,0.0006689050303321971,0.0021312856267927975,0.0021143053709611333,-0.00217614153882592,0.006174255523813109,-0.0025048939682536828,0.999975433939723
1740164661.0839753,1740164661.071999,1,3,0.0006462708447099063,0.002422831891183538,0.0024795227900262303,-0.002071293116865923,0.006844971482469752,-0.003016370717695679,0.999969878355304
1740164661.1000795,1740164661.0887275,1,3,0.0006207001993154277,0.002031535832697986,0.0019958411424265657,-0.00229860398205293,0.007171220993674075,-0.003506082324476532,0.9999654981027734
1740164661.1170263,1740164661.1054058,1,3,0.0005819674019648793,0.0010149722453821877,0.0007299521123159257,-0.0027827391442366988,0.006555835974770731,-0.0035963818369741944,0.9999681712010686
1740164661.1333292,1740164661.1220653,1,3,0.00045571273996039595,-8.962982063561538e-05,-0.0006503220710727151,-0.003397344851681285,0.005251424571750912,-0.0034696387820737427,0.9999744207701755
1740164661.1506898,1740164661.138718,1,3,0.00027297520456795655,-0.0014716507056016905,-0.0023769171463974077,-0.004252692815695683,0.0031984097324206312,-0.0030911780019907014,0.9999810645195033
1740164661.1668112,1740164661.1554928,1,3,-7.975706075833881e-06,-0.002821270293139777,-0.004069576807329012,-0.005161797008772513,0.00036569234741524884,-0.002388577474326657,0.9999837582773015
1740164661.1838088,1740164661.171933,1,3,-0.00036929010325719455,-0.004267298466980866,-0.005885820657078745,-0.0060496760313793006,-0.0029883245294588853,-0.0014834848551491156,0.9999761350197846
1740164661.2008193,1740164661.1889422,1,3,-0.0008069079871326449,-0.005748044447953923,-0.007745392339860051,-0.0068872671770544526,-0.0070166427129786865,-0.00037690550882179776,0.9999515939374803
1740164661.2168467,1740164661.2054672,1,3,-0.001324910381065304,-0.007183577336314751,-0.009553591004049504,-0.007810897409874812,-0.011753903331972763,0.0010383247311678016,0.9998998737473005
1740164661.2322946,1740164661.222341,1,3,-0.0018901407765116083,-0.00879719060868308,-0.011593103499795986,-0.008725103349703639,-0.01713362507775058,0.002677035203385342,0.9998115547170637
1740164661.248652,1740164661.238953,1,3,-0.002547231034728774,-0.01016500761844899,-0.01333508899603233,-0.00948935354674041,-0.022915953849508525,0.004526116483643297,0.9996821122226849
1740164661.2649581,1740164661.2553558,1,3,-0.0032220391498287847,-0.011784790019617436,-0.015396142884410663,-0.010365918002640176,-0.029122191833793463,0.006617102873549907,0.999500204920599
1740164661.282269,1740164661.2721307,1,3,-0.003914673535687052,-0.013522286433624067,-0.017607696626119124,-0.011505688630847449,-0.03585084827912296,0.008750318896109619,0.9992526045630372
1740164661.2985396,1740164661.2891183,1,3,-0.0046870673421458104,-0.014923609709764332,-0.019406858882892883,-0.012297740566975041,-0.04295102913485969,0.011258091177215004,0.9989380511604558
1740164661.3148255,1740164661.3054316,1,3,-0.0054579247125596825,-0.01642458735317415,-0.02133583945209511,-0.013022938497701529,-0.049832190012111394,0.013675308823367687,0.9985790613867623
1740164661.333982,1740164661.3223424,1,3,-0.006243737096176566,-0.017924935134989696,-0.02327801830365621,-0.01385307788575299,-0.05713179640423169,0.016080357970223842,0.9981410081547929
1740164661.348709,1740164661.3388767,1,3,-0.00706913047173108,-0.01912493290388602,-0.024845546062421564,-0.014397087593744667,-0.06442815979702274,0.018706945007206814,0.9976431156994392
1740164661.3669517,1740164661.3556654,1,3,-0.00789825965925068,-0.020185561311649673,-0.026251135549198227,-0.015097529630201912,-0.07164824035838623,0.021279781915388346,0.9970886445719085
1740164661.385244,1740164661.3723202,1,3,-0.008710009084091214,-0.021198223207385198,-0.027594565859152955,-0.01546287697822122,-0.07869426307084616,0.02388216562588933,0.9964927267974967
1740164661.3988218,1740164661.3888779,1,3,-0.009516383472862903,-0.021950494737364653,-0.028612260385604337,-0.015766656828717012,-0.08548278380115151,0.026268528982508303,0.9958685006521425
1740164661.4156568,1740164661.4056888,1,3,-0.010317251588102623,-0.02237812893859965,-0.02922286442427149,-0.015817121339640125,-0.09191326446063769,0.028684275967005853,0.9952281059138979
1740164661.4318635,1740164661.4223003,1,3,-0.011075883757058255,-0.02264270045296528,-0.029633432890681242,-0.015894331253964503,-0.09787715549708975,0.03102571704562211,0.9945877726714685
1740164661.4490178,1740164661.4390552,1,3,-0.011759496454478699,-0.023007218470612593,-0.03016726152527883,-0.015837839404667813,-0.10320756152998624,0.0330702298235856,0.9939837634415571
1740164661.4658651,1740164661.4557254,1,3,-0.012444267659141094,-0.022698990766337728,-0.029857782898545814,-0.015549504883766992,-0.10797694509380808,0.034882314796516344,0.9934195570555853
1740164661.48235,1740164661.472336,1,3,-0.013044427324463674,-0.0224301644709122,-0.02958088701124955,-0.015324166660131191,-0.11233965637358129,0.03666933050888071,0.9928747814916383
1740164661.501752,1740164661.4893625,1,3,-0.013572073165908154,-0.022085599522944338,-0.029201218148592993,-0.014924853131802552,-0.1160962867681756,0.03822567706996793,0.992389892416372
1740164661.5168655,1740164661.5063503,1,3,-0.014031299149407575,-0.021572929526974066,-0.028607083182487267,-0.014437492881749512,-0.1189938710336045,0.03949526901050033,0.9920041034096158
1740164661.5319374,1740164661.5222502,1,3,-0.01444216754129124,-0.020731093775002003,-0.027598740931137712,-0.013885538865654594,-0.12137533069419432,0.04055591110514104,0.9916806133951179
1740164661.5491097,1740164661.539137,1,3,-0.014743411424030422,-0.020001241634031598,-0.026714125301003422,-0.01340769726482747,-0.12314353083158283,0.04146950817060058,0.9914313815693319
1740164661.568273,1740164661.5558403,1,3,-0.014970848247095955,-0.019131912300298655,-0.025643513065912192,-0.012862899243175002,-0.12437620534584821,0.04223772291379929,0.9912522787514209
1740164661.5858946,1740164661.5728161,1,3,-0.015037654781443461,-0.01874487298181447,-0.025161420422777987,-0.012585127097637237,-0.1250927415594577,0.042824383979396315,0.9911405009996617
1740164661.6018565,1740164661.589338,1,3,-0.01494478349741258,-0.018835644724930663,-0.025265083393740336,-0.01276701738460757,-0.12512842546958552,0.043098686091312635,0.9911217804406308
1740164661.6160152,1740164661.605838,1,3,-0.01472108692724451,-0.019169152182990062,-0.02565790133117068,-0.01310783005885205,-0.12482950793154317,0.043357293909386405,0.991143745278944
1740164661.6331537,1740164661.6227014,1,3,-0.014404275007737284,-0.01944459775465925,-0.025967945178124015,-0.013393724670146583,-0.12349484534569602,0.04316810107688919,0.9913153617098438
1740164661.6484478,1740164661.6391008,1,3,-0.014020238441777404,-0.019468674316904293,-0.02595874732472797,-0.013612599777046552,-0.12171585458872405,0.042849868725843565,0.9915461848140128
1740164661.666118,1740164661.6559143,1,3,-0.013491558006636676,-0.019989780126292794,-0.026560103337625176,-0.014107594659625642,-0.11915227686317685,0.04213722330385531,0.9918811244819017
1740164661.6824453,1740164661.672526,1,3,-0.012965593164505957,-0.01977468821912854,-0.0262289054352247,-0.014263800952756714,-0.11615407605510782,0.0413924500539148,0.9922658109985946
1740164661.7014046,1740164661.6891818,1,3,-0.012314343087715899,-0.019884180196243016,-0.02629164957000664,-0.014445449389214235,-0.11231904957221732,0.040416166302711956,0.9927448280381665
1740164661.7195184,1740164661.7063715,1,3,-0.011631338688512538,-0.019696204953061937,-0.02598332724930004,-0.014497015683501849,-0.1077807808768103,0.038979849514030114,0.9933044403110864
1740164661.7328274,1740164661.7228246,1,3,-0.01092680368205622,-0.019216386184067298,-0.025312781331075784,-0.014446606884764538,-0.10272889694014019,0.03753312644483008,0.9938960376730837
1740164661.7495532,1740164661.7394385,1,3,-0.010156871718159901,-0.018721257562815143,-0.024618167461606652,-0.014320319605373203,-0.09731225890574574,0.03570110476065063,0.9945102733667108
1740164661.765413,1740164661.7559788,1,3,-0.009320567065228162,-0.018399746600312947,-0.024135171819646282,-0.0142567050189347,-0.09138034969061828,0.03373578376314393,0.9951423390381448
1740164661.7848787,1740164661.7727602,1,3,-0.008498373842544848,-0.01763540343498158,-0.023100004224304322,-0.013980344284667833,-0.0849064468149296,0.03162423010942126,0.9957888096041911
1740164661.8020108,1740164661.7895672,1,3,-0.0076179952959622415,-0.01702369254560347,-0.022263785526727194,-0.013667929016211684,-0.07820513665604707,0.029452256593430003,0.9964084046707813
1740164661.8180525,1740164661.8059976,1,3,-0.006721819130903624,-0.016368304436512226,-0.021372558105338547,-0.013427661051205424,-0.07102320962632502,0.026882247563097327,0.9970219387651533
1740164661.8342519,1740164661.8227878,1,3,-0.0058379091916524834,-0.015572866044893925,-0.02031335388677254,-0.013074105752228782,-0.06382282275826917,0.02440070715903104,0.997577225353549
1740164661.8498106,1740164661.8394845,1,3,-0.00498205581834453,-0.014588542263852151,-0.019023053315732435,-0.012503251697298143,-0.056484546618255894,0.0218432706155356,0.9980861867690287
1740164661.8657622,1740164661.8560412,1,3,-0.004168055516650718,-0.013420900092475992,-0.017514089456486085,-0.011861292199916294,-0.049260239728725785,0.01923391557766714,0.9985303175270983
1740164661.8850276,1740164661.873139,1,3,-0.003368584535485331,-0.012371601277362572,-0.016148997498346234,-0.011144819768345552,-0.042000068837579396,0.01654296697981906,0.9989184738773601
1740164661.901964,1740164661.8895075,1,3,-0.002653817949763932,-0.011031207730010236,-0.014438784970930155,-0.010375803428273916,-0.034971921781003064,0.01393031841307851,0.999237335981333
1740164661.9155657,1740164661.9062192,1,3,-0.0019861537339041406,-0.009709817380297942,-0.01275600355994329,-0.009567868082429957,-0.028544917161384586,0.011676933313596939,0.9994785104408183
1740164661.9342718,1740164661.9232492,1,3,-0.0013683749331455575,-0.008419295404748534,-0.01112222709373466,-0.008797900979306876,-0.02227902206950466,0.009138647730671235,0.9996713095971294
1740164661.949427,1740164661.9396465,1,3,-0.0008237611152011704,-0.007072669819001577,-0.009415854602655475,-0.00794497521057253,-0.01694204291903224,0.007266803893494333,0.9997984987545273
1740164661.9657252,1740164661.9561346,1,3,-0.00035837317306151834,-0.0056748961332537835,-0.0076540683403043585,-0.007069960483823112,-0.01177120294681147,0.0051662263089799106,0.9998923764814225
1740164661.9822557,1740164661.972936,1,3,0.00010522679410891003,-0.004833131434464965,-0.006588693879697972,-0.006472309858596807,-0.007135376185531504,0.003487976476337451,0.9999475134385233
1740164661.9987228,1740164661.9895813,1,3,0.0003501694754119255,-0.0029655141106946234,-0.004254344562260103,-0.0052381535937459445,-0.0032483342708019866,0.0019241476369217237,0.999979153646347
1740164662.0163553,1740164662.0068629,1,3,0.0005542092394780277,-0.0014917968906048135,-0.002408962019126401,-0.004462042746841486,0.000229271904950262,0.00044156394029742593,0.9999899212643123
1740164662.034062,1740164662.0232313,1,3,0.0006546621496459465,-1.322371589626743e-05,-0.0005630545922627771,-0.003576538364992918,0.003034013964768472,-0.0008487339739999902,0.9999886413271036
1740164662.0510838,1740164662.039484,1,3,0.0006907415994008768,0.001236125662843048,0.0009990634127864224,-0.0027059233314604414,0.005043567603547755,-0.0018249949459084635,0.9999819547362844
1740164662.0663428,1740164662.056446,1,3,0.0006869426557003551,0.002049169715138066,0.0020128137144048964,-0.002133650887210979,0.00634413423455098,-0.0025218225441320775,0.9999744196257029
1740164662.082888,1740164662.072988,1,3,0.0006678829337820368,0.002281371585845082,0.0023069607817091465,-0.0021251998893249335,0.006962328795396441,-0.0030870149897937616,0.9999687394322024
1740164662.0993183,1740164662.0896325,1,3,0.0006239483553659076,0.0019721607395275435,0.0019210476548067968,-0.002289746466735616,0.00708101172327968,-0.003519019328735831,0.9999661158444604
1740164662.1159728,1740164662.1062553,1,3,0.0005719594480073187,0.0010052650587670162,0.0007133762878984637,-0.0027627646281911883,0.006512168269843905,-0.003673190610519626,0.9999682327288069
1740164662.132864,1740164662.1229908,1,3,0.0004544946348277116,-0.00019035677150158666,-0.0007806090468757046,-0.003432931328797329,0.005413434721522828,-0.003703608468864474,0.9999725961201722
1740164662.1518817,1740164662.1398246,1,3,0.0002564990690494013,-0.0014824029070398437,-0.0023924570375497747,-0.004272374948474787,0.003399422685119671,-0.0032838633513369497,0.9999797032836203
1740164662.1677325,1740164662.1564631,1,3,-2.3447652774996215e-05,-0.002893683632713908,-0.004159658406767266,-0.005231481672733036,0.0006621832679507174,-0.0026155565751115628,0.9999826758382516
1740164662.1825476,1740164662.1731455,1,3,-0.0003952183317262436,-0.004323201592120292,-0.005951444794352046,-0.006011847703267422,-0.0028308244044523818,-0.0017573154485815616,0.9999763777023926
1740164662.199547,1740164662.1900492,1,3,-0.0008279097927835716,-0.005837762639190648,-0.007860247472530089,-0.006875847236155108,-0.006836370242733926,-0.0006355878888545539,0.9999527902829837
1740164662.2159796,1740164662.2064242,1,3,-0.001337942984359447,-0.007371909061234018,-0.00979164080944758,-0.007848295022243003,-0.011568143843128754,0.0007523038665414279,0.9999020033744112
1740164662.2329905,1740164662.2234316,1,3,-0.001917845593329517,-0.00891375105441817,-0.011743418953822018,-0.008766235008025649,-0.016811532939925173,0.0023541512312061034,0.9998174750703124
1740164662.2495315,1740164662.2399852,1,3,-0.002560574161572846,-0.010418695884570646,-0.01365336497434795,-0.009606512030874195,-0.022625712514761247,0.004182508620928351,0.9996891010116274
1740164662.265974,1740164662.2564874,1,3,-0.003238886710276461,-0.01201339263782054,-0.015679503541332056,-0.010398746450579078,-0.028928534487357986,0.006183662988220935,0.9995082632358366
1740164662.282986,1740164662.2734237,1,3,-0.0039383609047485,-0.013718854279633416,-0.017853025899485106,-0.011490571738066046,-0.03552673007951802,0.008286427672378319,0.9992683089778339
1740164662.3019774,1740164662.2898452,1,3,-0.004705455886541932,-0.015164580129580177,-0.019709764261147324,-0.012356651714447784,-0.04243792361366888,0.01059427110516154,0.9989665145626847
1740164662.3195193,1740164662.306838,1,3,-0.005478926716908919,-0.016680459880170362,-0.02166278342292512,-0.013151177830455314,-0.0495338064810634,0.013140589612908685,0.9985994058889648
1740164662.3345852,1740164662.3232038,1,3,-0.006292962940636524,-0.01795488757311465,-0.02332426031364904,-0.01380452349448069,-0.05669124685921777,0.015605306352184357,0.9981743395190501
1740164662.3524518,1740164662.3399239,1,3,-0.0071052041904760875,-0.019262786489272182,-0.025022286329716724,-0.014504266104647535,-0.06401182613173505,0.01808229756703006,0.9976798799688924
1740164662.3691823,1740164662.3569298,1,3,-0.007878890949870399,-0.020746828445058624,-0.026950273956566836,-0.015383142387630142,-0.07118545003304082,0.020752479779752888,0.9971285399670727
1740164662.385273,1740164662.3733277,1,3,-0.008724854088057336,-0.021487667796253437,-0.02795399794635955,-0.015546118627086528,-0.07839275299912832,0.023448527534114194,0.9965254944201539
1740164662.402467,1740164662.3901012,1,3,-0.009536073545020835,-0.022187120126415487,-0.028909533231271132,-0.015747323361686515,-0.08510045580537294,0.025783684601667526,0.9959142211239992
1740164662.4169438,1740164662.406904,1,3,-0.010327081589594406,-0.022670871386657195,-0.029597696465018534,-0.015948768447210108,-0.09160354673487799,0.028229536289081893,0.9952675621618098
1740164662.4332101,1740164662.4233742,1,3,-0.011085050886769412,-0.02294306319930974,-0.030017250082753206,-0.01603831971851981,-0.09761216048708952,0.030634959932997818,0.9946236160757258
1740164662.4520128,1740164662.440387,1,3,-0.011754174408009974,-0.023342955150256778,-0.030589618067750117,-0.01604443844262157,-0.10287296505562905,0.032589235318369034,0.9940310210436534
1740164662.4669213,1740164662.4567943,1,3,-0.012479820533289011,-0.022729743935704223,-0.02989441377306362,-0.01550533440871197,-0.10796045849904866,0.03465072590364888,0.9934301440966543
1740164662.4836257,1740164662.473448,1,3,-0.013048355757677453,-0.022680096692407115,-0.02989494434833881,-0.015401245893679156,-0.11220773202236985,0.03647124354940779,0.9928958026365498
1740164662.49976,1740164662.490243,1,3,-0.013569988504182454,-0.02234091799412258,-0.029526387466990923,-0.015002638871266651,-0.11603437446164118,0.03809169842748878,0.9924011120918312
1740164662.518032,1740164662.5074773,1,3,-0.014052580336365042,-0.021599735859355897,-0.028649183767005287,-0.014414858700269057,-0.11895417864023963,0.03933039255592562,0.9920157435515196
1740164662.5336823,1740164662.5234468,1,3,-0.014450428897856075,-0.020829777556462255,-0.02772791740387997,-0.01397746385980216,-0.12145676278832962,0.040575317003248054,0.9916685580006624
1740164662.5495582,1740164662.5399845,1,3,-0.014751737859953994,-0.020035800476616305,-0.026756204956871546,-0.013457291751984459,-0.12317741577954507,0.04141590739344323,0.9914287408358468
1740164662.5694277,1740164662.5568652,1,3,-0.014947432487783205,-0.019362547843290487,-0.025925085046740577,-0.01297817366416704,-0.12435100400640166,0.042156211311465866,0.9912574078708343
1740164662.5859478,1740164662.57364,1,3,-0.015033302693848708,-0.018809278435567813,-0.02523868335498248,-0.012671025482208113,-0.12515667929372015,0.04284125191577494,0.9911306058616529
1740164662.6027408,1740164662.5903325,1,3,-0.01494572176858993,-0.01881376784094313,-0.025241533148972622,-0.012724822835815299,-0.1252353798864688,0.04322986424697883,0.9911031012693265
1740164662.6192634,1740164662.6071002,1,3,-0.014723080274843306,-0.0190832256983784,-0.02555493285783448,-0.013060832037171897,-0.12502397923989703,0.04352978793645404,0.991112292751798
1740164662.6348817,1740164662.623448,1,3,-0.014408086700397215,-0.019309277685554804,-0.025799544333055768,-0.013428005205236912,-0.12374182370722991,0.04336006392624736,0.991275720775067
1740164662.651519,1740164662.640164,1,3,-0.013960567856232212,-0.019875352177395004,-0.02645897658259818,-0.013817275970864686,-0.12207949882546401,0.043048757038884264,0.991490031905856
1740164662.6670566,1740164662.6570582,1,3,-0.013477116206023675,-0.019925830151895835,-0.026468589597832444,-0.014184632388419232,-0.11996787373682626,0.04296432192105876,0.9917462238480841
1740164662.6859317,1740164662.6736343,1,3,-0.012980330868457825,-0.019446024274190822,-0.02581233096288865,-0.014060378678376608,-0.1164267094048843,0.041911350606474274,0.9922149796182843
1740164662.7027051,1740164662.6904092,1,3,-0.012324698686227785,-0.01958246483802387,-0.02591686924201648,-0.01436616731767332,-0.1127271401840762,0.04083859654578952,0.9926824336789135
1740164662.719664,1740164662.7072124,1,3,-0.011655762914249893,-0.019238303050480167,-0.025414251686681075,-0.014331385881606646,-0.10830900947719042,0.03956866096427045,0.9932261026142422
1740164662.7331116,1740164662.7235122,1,3,-0.010911808508210588,-0.018965384560245935,-0.02499249184766216,-0.014321694442758234,-0.1032256092669184,0.03797763673640735,0.9938294933074181
1740164662.7508883,1740164662.7404692,1,3,-0.01012945928942975,-0.018572595220512793,-0.024422939400713765,-0.014304705015321927,-0.09781932490634643,0.03631402451711558,0.9944385585407787
1740164662.7668169,1740164662.7568526,1,3,-0.009307175916170418,-0.018093436731835347,-0.023745211684571103,-0.014056675751817883,-0.09174922677212932,0.034301442084729974,0.9950919054662402
1740164662.8072643,1740164662.7735474,1,3,-0.008455535697286437,-0.01751947831544349,-0.022952636557405988,-0.013959498649386533,-0.08540139552041398,0.032323476063566586,0.9957243227599654
1740164662.814334,1740164662.790483,1,3,-0.007567241373546866,-0.016957601247032897,-0.02218196089571721,-0.01378584855312787,-0.07863742878827273,0.030071030511112738,0.9963542734877184
1740164662.816763,1740164662.8070786,1,3,-0.006690844368631326,-0.016173175610675196,-0.02112948461884572,-0.013437727281325584,-0.07161584395962402,0.027570943567408062,0.9969606017542851
1740164662.8365114,1740164662.8239968,1,3,-0.005785118584096009,-0.015516850565806765,-0.020239841745004362,-0.013064393172717079,-0.06419918254729448,0.02502529316606359,0.9975377292580168
1740164662.85039,1740164662.8404891,1,3,-0.004938112012408896,-0.014488327663932666,-0.018892709190272427,-0.012400637877269537,-0.05708194749291357,0.02255878957961217,0.9980375626515047
1740164662.8669574,1740164662.8571463,1,3,-0.004111434050262128,-0.01340742166495707,-0.017489884813976765,-0.011792751469161146,-0.04964606399789175,0.019820351001484427,0.9985005523426023
1740164662.8869283,1740164662.8740354,1,3,-0.003314707516487778,-0.012356421298305782,-0.016135628355176887,-0.011218887211871711,-0.04262475845367945,0.01723860599939742,0.9988794206508063
1740164662.903417,1740164662.8906295,1,3,-0.0025837193762502405,-0.01111879378677083,-0.014550889497176785,-0.01054158346324233,-0.03560310466290379,0.01457451873940806,0.9992041219690622
1740164662.9198,1740164662.9075775,1,3,-0.0019173609105524294,-0.0097914723838004,-0.012857608324031336,-0.009701811124188385,-0.028803887736765347,0.012027597317328623,0.9994656311324219
1740164662.9360688,1740164662.9241595,1,3,-0.0012982417798282,-0.0085422533103235,-0.011271694015632737,-0.00887160250238758,-0.022676932595915154,0.009660325544128242,0.9996568058626227
1740164662.9523454,1740164662.940665,1,3,-0.0007690296980172272,-0.007088791404099775,-0.009429942550065906,-0.00797934722993282,-0.016882557565243497,0.00738628264886392,0.9997983557180274
1740164662.9699516,1740164662.957877,1,3,-0.0002807472302602469,-0.005854798194971741,-0.007875882467866411,-0.007213000694282364,-0.011589051470415973,0.005300506437109597,0.9998927798211718
1740164662.9859352,1740164662.9742212,1,3,0.000104662058550933,-0.0044780989824718025,-0.006148791496831031,-0.006415052752711252,-0.0070866352908688516,0.0035971704839196103,0.9999478421712523
1740164663.002209,1740164662.9906487,1,3,0.00039225379489370366,-0.0030242188708839773,-0.004328543825999662,-0.005393518704185366,-0.0032250750154932265,0.0020343191632954363,0.999978184958389
1740164663.020149,1740164663.008028,1,3,0.0005707836247423041,-0.0013790053822375608,-0.0022683936367690694,-0.004418017424070889,0.0002948373344271735,0.0005289602032810316,0.9999900571476149
1740164663.0356295,1740164663.0241454,1,3,0.0006952162497335858,-0.00011775127602084304,-0.0006873230448045133,-0.0037066785265030895,0.0032274897665974423,-0.0010099700807496904,0.9999874118230406
1740164663.0527444,1740164663.040792,1,3,0.0007009239112845517,0.0012996256473533374,0.0010818769636575893,-0.00272215713528572,0.005222049164155484,-0.001903944501035622,0.9999808473457854
1740164663.0694392,1740164663.0576596,1,3,0.0006719902188379719,0.0022554809864393905,0.0022701233686545524,-0.0021249161946153006,0.0065115822451446825,-0.0026547348896969573,0.9999730178412296
1740164663.0863736,1740164663.0741577,1,3,0.0006552546227089064,0.0024280106992715664,0.002488573521435513,-0.0020515918955550747,0.007048690889384996,-0.003172603168808937,0.9999680202469344
1740164663.1044307,1740164663.091441,1,3,0.0006472144567637217,0.0018361741032938109,0.001748901189392667,-0.002386592873019039,0.00729110878027735,-0.0036562304767692455,0.9999638872908927
1740164663.12169,1740164663.1088698,1,3,0.0005770952679107141,0.0009293859212611967,0.0006207372435786878,-0.0029226829832719515,0.006737541390947896,-0.0038756023366800308,0.9999655209889552
1740164663.1336312,1740164663.1241276,1,3,0.0004450604026947428,-0.00023217607802557245,-0.0008249776307308807,-0.0035472463650818116,0.005540664090706814,-0.003923332131456963,0.9999706623444737
1740164663.1503296,1740164663.140621,1,3,0.00023868604977378874,-0.0015411834225882545,-0.0024641611511319033,-0.004396060731847239,0.003474873807994563,-0.0035234004685276753,0.999978092535631
1740164663.1689644,1740164663.1575792,1,3,-5.664514853846222e-05,-0.002903065346712319,-0.004169585058123717,-0.005298077774985752,0.001008339161892396,-0.0030639180182457882,0.9999807628301667
1740164663.185418,1740164663.1741967,1,3,-0.00041904663148458604,-0.004417131351309903,-0.006073245769631009,-0.006129819106291003,-0.0024928440231052717,-0.0021344878870901115,0.9999758272117684
1740164663.2008352,1740164663.190963,1,3,-0.0008752302287374429,-0.005843421972090729,-0.007871384391419725,-0.007042717359085184,-0.006558466065664131,-0.001062747626057038,0.9999531275127593
1740164663.2197459,1740164663.2075238,1,3,-0.0013679344786116734,-0.0075233878178361056,-0.00997900431501067,-0.007964814413752516,-0.011353387249710504,0.00039743937460607774,0.9999037475533613
1740164663.2335505,1740164663.2241018,1,3,-0.001964228364634264,-0.008971127206970526,-0.011811412429189011,-0.008788078447179016,-0.016466766789173578,0.0018062228011390604,0.99982416095427
1740164663.2517865,1740164663.241031,1,3,-0.0026071239499133488,-0.010515070857583568,-0.013772741798994396,-0.009674920562156247,-0.022384427483469412,0.0037325857075420324,0.9996956542479761
1740164663.2671523,1740164663.2575,1,3,-0.003276597218457284,-0.012214265851683217,-0.01593733991637588,-0.01065078835731807,-0.028675002580123753,0.00577650203659198,0.9995153510370007
1740164663.2866762,1740164663.274483,1,3,-0.004012573623303041,-0.01371913998942975,-0.01786191745165281,-0.01158305664214816,-0.03549032900977485,0.007910133650979347,0.9992715842708759
1740164663.300722,1740164663.2911406,1,3,-0.004757966242693487,-0.01537723935653058,-0.019980196918737935,-0.012529447721695697,-0.04213771031967948,0.010184931050095124,0.9989813278977284
1740164663.3171616,1740164663.3075757,1,3,-0.005529004237532811,-0.016982622100880654,-0.022043091452115714,-0.01342461986942131,-0.04923485535057074,0.012610855894358257,0.9986173816400261
1740164663.334357,1740164663.3246295,1,3,-0.006331714430318687,-0.01837476670114493,-0.023845948329777215,-0.014044188296321791,-0.05652789540110068,0.015108670438125475,0.9981879010958867
1740164663.3502786,1740164663.3409753,1,3,-0.007141343278136936,-0.019692782655661156,-0.02556672452128017,-0.014766858761576455,-0.0639566115548604,0.01775718032633861,0.9976854084668144
1740164663.3674576,1740164663.357676,1,3,-0.007926305666438054,-0.021082611006780844,-0.027385874855851276,-0.01559362545259585,-0.07119371937667168,0.020271553537490796,0.9971345733068012
1740164663.384024,1740164663.3742907,1,3,-0.008777609308487167,-0.021754899862196968,-0.028304932966358828,-0.015813493624053893,-0.0782367110887345,0.022909430323278364,0.9965460894809045
1740164663.4006386,1740164663.390792,1,3,-0.009586193787291966,-0.022499078257879744,-0.029310313947841803,-0.01594366629906488,-0.08515205268333033,0.02550693207709142,0.995913813462176
1740164663.4177678,1740164663.4078166,1,3,-0.010364472148687671,-0.02303244296312549,-0.030052619474773456,-0.01622244279578678,-0.09162743412475885,0.028003610411017513,0.9952673226170938
1740164663.434269,1740164663.4242713,1,3,-0.011100537890337181,-0.023454474838807256,-0.030658931601788772,-0.016266657849748595,-0.09748827485858325,0.030292582159596185,0.9946425446227406
1740164663.453928,1740164663.4410233,1,3,-0.011822047622552604,-0.023428694082608083,-0.030709598362833924,-0.01602886002331031,-0.10313287976342497,0.03253157905073644,0.9940062279093234
1740164663.4708748,1740164663.457889,1,3,-0.012471128941938445,-0.023376190219876886,-0.03071422012684289,-0.01589759350102231,-0.10788951855422935,0.03434068519137043,0.9934424168755832
1740164663.4868598,1740164663.4743,1,3,-0.013086801885883802,-0.022962454711049046,-0.030258055495686276,-0.01559404795197789,-0.11249436123177471,0.036384948573924755,0.9928635253028482
1740164663.501589,1740164663.4914472,1,3,-0.013614131905853805,-0.022537150281721503,-0.029777673552335352,-0.015190203205889421,-0.11631324112633865,0.038000550455290855,0.992369107656191
1740164663.5176451,1740164663.5079489,1,3,-0.014084590416053911,-0.02190738735345339,-0.029035968696608846,-0.014560651264628282,-0.11929829048485441,0.03949217186473036,0.9919658631644275
1740164663.5342813,1740164663.524546,1,3,-0.014490456393848234,-0.02101610531054796,-0.02796670170914348,-0.014015360397076007,-0.12173404691521986,0.04061108443173459,0.9916325586203095
1740164663.5538785,1740164663.541344,1,3,-0.014812198764482021,-0.020028105392408065,-0.026757935684799075,-0.013345860027411999,-0.12354028136022786,0.04151675286620011,0.9913808784382575
1740164663.5700526,1740164663.5579681,1,3,-0.015020019316914808,-0.019204991066099814,-0.025741580526699583,-0.01284159226090456,-0.1250004143108839,0.042475000105135434,0.9911638937614611
1740164663.587616,1740164663.5746036,1,3,-0.015065667880671008,-0.01887436897759142,-0.025328582926391712,-0.01267779209083253,-0.12549851738960371,0.042933535551029064,0.9910832998521374
1740164663.6040626,1740164663.5914454,1,3,-0.014966508837810795,-0.01890211995177049,-0.02534935603919454,-0.012775369076417539,-0.1255286029645432,0.04334704171528188,0.9910602371991649
1740164663.6202805,1740164663.6079202,1,3,-0.014727682784773238,-0.019246048846069955,-0.02575599070184935,-0.013153404532548178,-0.1252485431009395,0.043655216548043406,0.991077198036782
1740164663.637612,1740164663.6249428,1,3,-0.014398758679198258,-0.019523560353978262,-0.026071779487528056,-0.013519798986075044,-0.12402564053608002,0.04361322955672311,0.9912278959616823
1740164663.6540303,1740164663.6412876,1,3,-0.013983867768785829,-0.019776603575527702,-0.02634426574791183,-0.01382286051144918,-0.12216348342009711,0.04315984968496298,0.9914747799218698
1740164663.6704473,1740164663.657954,1,3,-0.013552373627667041,-0.019393897120025577,-0.02581551001357202,-0.013904064744540512,-0.11995180287481588,0.04297959802947989,0.9917514790127037
1740164663.6880853,1740164663.674608,1,3,-0.0129835797331659,-0.01946823077613683,-0.025839654657324504,-0.014105840434396026,-0.11689986529694972,0.04222168207768417,0.9921455419048787
1740164663.7018843,1740164663.6912026,1,3,-0.012325323729411225,-0.019594872158668973,-0.025927821123937423,-0.01429377964118171,-0.11296706635541331,0.0410478812413071,0.992647571511773
1740164663.7188873,1740164663.7081661,1,3,-0.011672495221989581,-0.019122537112171975,-0.025266010795184885,-0.014228572059031754,-0.10871869847841233,0.039919923930567765,0.9931687631071059
1740164663.7344701,1740164663.7245352,1,3,-0.010930838516176159,-0.018819257828373882,-0.024813610813819987,-0.01433295721687408,-0.10366129774677689,0.038412899705559986,0.9937672518367083
1740164663.7511032,1740164663.7412033,1,3,-0.01013175178457571,-0.018493892811561247,-0.024330958793355253,-0.014244579344939055,-0.09826575406121996,0.03667937103884529,0.9943819976640065
1740164663.7676814,1740164663.7580113,1,3,-0.009328211110843625,-0.017857705899102058,-0.023454273744400927,-0.013978232887739998,-0.09234583325557989,0.0347741645921114,0.9950214136201238
1740164663.787417,1740164663.7748137,1,3,-0.008459960629805627,-0.01737978544637673,-0.022774295007684377,-0.013827327677828221,-0.08585404259345071,0.0326391736882004,0.9956769419448276
1740164663.803957,1740164663.7916124,1,3,-0.0075751481513495365,-0.01678289029001925,-0.021954919040830235,-0.013635377604592387,-0.07890117679807264,0.030249987861628327,0.9963300753323825
1740164663.8188717,1740164663.8081987,1,3,-0.006661587879786735,-0.016254124125129506,-0.02122592917262246,-0.013438970283745022,-0.07173311737587594,0.027792777814022066,0.9969459942497546
1740164663.8374403,1740164663.824687,1,3,-0.005794834690093969,-0.015334734616115333,-0.0200130173152232,-0.012926822798087271,-0.06481925026304601,0.025429426436717244,0.9974892011038431
1740164663.8515754,1740164663.8418388,1,3,-0.004928589950545993,-0.01443200763994258,-0.018826856443058124,-0.012453357009538266,-0.057298136579299955,0.022860122798130496,0.9980176612812959
1740164663.867652,1740164663.858141,1,3,-0.00409674943019335,-0.013422729865511504,-0.017510997811081157,-0.011831481544833843,-0.04988863596773015,0.02003559491777422,0.9984837079201765
1740164663.8905253,1740164663.8750455,1,3,-0.0033068127022374376,-0.012342347190892408,-0.0161100305107337,-0.011255204423186813,-0.042830542546356126,0.017415048140113288,0.9988671488725889
1740164663.9030845,1740164663.8915405,1,3,-0.002586540004041958,-0.011070894736195495,-0.014482397220452024,-0.010403636493300563,-0.035786336512296985,0.014762005209033098,0.9991962698433938
1740164663.9202936,1740164663.9082854,1,3,-0.0019246140281624444,-0.009731921144578765,-0.012780158740181109,-0.00961485422673386,-0.029158293432277604,0.012319753257828062,0.9994526362874742
1740164663.9379206,1740164663.925022,1,3,-0.0013027378715225815,-0.008512216756892408,-0.01123414194586289,-0.008857448482647412,-0.023008963970186976,0.010001717097059399,0.9996459867565649
1740164663.9513366,1740164663.9415326,1,3,-0.0007648018197577932,-0.007165593242487562,-0.009528013550977566,-0.008070533749547143,-0.017267251251322117,0.007692846669695589,0.9997887419996975
1740164663.9703906,1740164663.9582133,1,3,-0.00035658963618105183,-0.005476064674690663,-0.007401703098148304,-0.006955577547691893,-0.012158212792504277,0.005755577659749842,0.9998853289895161
1740164663.9865515,1740164663.975069,1,3,9.571423746712657e-05,-0.004525952710791351,-0.00619937573055105,-0.006325253456464842,-0.0075322746836134795,0.0038495074849495274,0.9999442170935964
1740164664.00167,1740164663.9916716,1,3,0.0003544172381032615,-0.0029178575803621527,-0.004190789251908575,-0.005327446863200323,-0.0033747143736266834,0.002045946045452951,0.999978021617273
1740164664.0207045,1740164664.008348,1,3,0.0005113952473172855,-0.0011452343527132804,-0.001975760206132436,-0.004315795657340812,-4.6049383520653284e-05,0.0006394301474952414,0.9999904814128906
1740164664.037041,1740164664.0250762,1,3,0.0006553097452557848,-7.88811888393434e-05,-0.0006370068732392967,-0.0034985650096710486,0.0027262924702246855,-0.0006654810580784185,0.999989942203021
1740164664.053377,1740164664.041743,1,3,0.0006526463110380316,0.0013628025856123232,0.0011644711298668352,-0.0026571182888855643,0.0048667684323601,-0.0017255195265662893,0.9999831382927356
1740164664.0700736,1740164664.0585656,1,3,0.000620744882808723,0.0022903405975945312,0.0023206503990011716,-0.0020977736805935154,0.006129634861923149,-0.0025563124705193945,0.9999757458001657
1740164664.0867164,1740164664.0751097,1,3,0.0006218206593025014,0.002329577290376178,0.0023729903433184394,-0.0020639766189753965,0.006890126096183511,-0.0031416857110835744,0.9999691975124972
1740164664.1032674,1740164664.09161,1,3,0.0006360832982027731,0.0015218949932729333,0.0013682996852793878,-0.0024787429219810665,0.00685545300978753,-0.0035013541524862926,0.9999672990236512
1740164664.1199963,1740164664.1084816,1,3,0.0005199237280806487,0.0009052884708327552,0.0005956223004340065,-0.0027955072132487525,0.006340999351660034,-0.0037517770288966507,0.9999689500358341
1740164664.1363752,1740164664.1251528,1,3,0.00038305505510560447,-0.00023806005742119525,-0.0008355186994378405,-0.0036177283563052338,0.005079089726036461,-0.0036883562897588426,0.9999737551140904
1740164664.1538973,1740164664.141878,1,3,0.00016649107614039732,-0.001495685360157178,-0.0024042920432233157,-0.004315415761461936,0.002933404963926276,-0.0033393585858099034,0.9999808103190574
1740164664.1702235,1740164664.1584892,1,3,-0.00010589361302639656,-0.003029953370366744,-0.004325580801504038,-0.005219210441959371,0.0004001965611325307,-0.002912066619519619,0.9999820596156105
1740164664.1869066,1740164664.1752355,1,3,-0.000499278668288442,-0.004344191017904733,-0.0059774950330922045,-0.006139557615759316,-0.0030467422659516213,-0.0019962818135047175,0.999974518701736
1740164664.203492,1740164664.19199,1,3,-0.0009509708488614833,-0.005839159725736945,-0.007861122844777245,-0.007009678039212504,-0.007210133268236738,-0.0008579588734310734,0.9999490698523663
1740164664.2177608,1740164664.2083974,1,3,-0.0014618421299371022,-0.007412725432069604,-0.009845376990310116,-0.007940547905497608,-0.011878184330191994,0.00046920975631020825,0.9998978129179916
1740164664.235557,1740164664.225136,1,3,-0.0020382280075750487,-0.00900992489121226,-0.011862808607077665,-0.008839295821743864,-0.017213381261767333,0.002106860159457813,0.9998105458011439
1740164664.251488,1740164664.241683,1,3,-0.002687075238009615,-0.010510354705560483,-0.013762772236727543,-0.009656303171961315,-0.022855580901209434,0.0038245318401045115,0.9996848259261134
1740164664.2678864,1740164664.2583988,1,3,-0.003348710297429687,-0.012245897379022758,-0.01597373254628544,-0.01073007545281509,-0.02911778701849349,0.005845240737570292,0.9995013022105785
1740164664.2853885,1740164664.2752779,1,3,-0.004072773076125071,-0.013815076793513516,-0.017977230708952532,-0.011590766449752139,-0.035862127518566614,0.008014418368646341,0.9992573897856156
1740164664.301622,1740164664.291772,1,3,-0.004815995865232832,-0.015452119114492544,-0.020074814087384023,-0.01254358533265924,-0.042841016796225186,0.010382149344361808,0.9989492062772056
1740164664.3181696,1740164664.3085098,1,3,-0.005599768949151732,-0.016920692174532334,-0.0219695049168794,-0.013348856355116857,-0.04974608648084793,0.012764684236802746,0.9985911063844827
1740164664.3348336,1740164664.3253787,1,3,-0.006408636371295627,-0.018248954777654126,-0.023695281954023845,-0.014082281208465896,-0.05714611809761306,0.015365791321077685,0.9981482369865793
1740164664.3517365,1740164664.3419516,1,3,-0.0071867654272133805,-0.0197694267008273,-0.025662773177441776,-0.014890142040024902,-0.06444625640172318,0.017979301353567963,0.997648088470413
1740164664.3687994,1740164664.3587782,1,3,-0.008005049370434319,-0.020901940537342522,-0.027152905760570837,-0.015387653132460441,-0.07174539845035617,0.02063734804603097,0.9970907269641524
1740164664.385212,1740164664.3753855,1,3,-0.008818318709214111,-0.02183703757483167,-0.02839976358439063,-0.0158209292357355,-0.07852996090596509,0.02303205841000031,0.9965200789365077
1740164664.4014401,1740164664.3920472,1,3,-0.009623167577722223,-0.022548973383687478,-0.029374842783069375,-0.016133755683585688,-0.08548670895208567,0.025655817691144545,0.9958782573882626
1740164664.419079,1740164664.4088986,1,3,-0.01041273863021293,-0.02294901098317293,-0.029954754346668267,-0.016218466169190923,-0.09192321857653116,0.028136594842634574,0.9952363615103257
1740164664.435544,1740164664.4254482,1,3,-0.011156006484903709,-0.023267639346759246,-0.030428617366007295,-0.016123610388276047,-0.09803586696870271,0.03053155147718253,0.9945837432514861
1740164664.4521813,1740164664.4422958,1,3,-0.011840764126496591,-0.02349071102431353,-0.03078319755725468,-0.016081004997250306,-0.10347219296106258,0.032662514289547875,0.9939658277437872
1740164664.4690113,1740164664.4589684,1,3,-0.012528869162691482,-0.02305062055066194,-0.030305663008315338,-0.01566473348949537,-0.10826012339436814,0.03460475600971752,0.9933966341139108
1740164664.4851565,1740164664.4752607,1,3,-0.013106604194483463,-0.022867840213514002,-0.030136749923901026,-0.015495131312435542,-0.1126657375600638,0.03646673025096084,0.9928426411423217
1740164664.5024402,1740164664.4923596,1,3,-0.013631533495303081,-0.022412376898433145,-0.029622436837813154,-0.015009342940113225,-0.11643693705664263,0.038095328170264044,0.9923537198423621
1740164664.5183902,1740164664.508743,1,3,-0.014097422317789708,-0.021753495063872162,-0.028840617111976163,-0.014465409286044263,-0.1193353690780069,0.03942448618333919,0.9919654890722674
1740164664.5349057,1740164664.5254745,1,3,-0.014500779908599227,-0.02083228764203641,-0.027731477438818236,-0.013953839912673863,-0.12169688006850138,0.040649334352429886,0.9916364209477124
1740164664.552396,1740164664.542393,1,3,-0.014798674050984133,-0.019996147811974473,-0.026710207295270745,-0.013395620261775364,-0.1233967299586408,0.041510833287210704,0.9913983332208695
1740164664.568797,1740164664.5588639,1,3,-0.014981274381827708,-0.019334901242367933,-0.02589450595020259,-0.01291600895513571,-0.12476583937352431,0.04235721423866545,0.9911975224141909
1740164664.585433,1740164664.5753374,1,3,-0.015047159070977154,-0.018808287917962477,-0.025238075669540526,-0.012670142454879837,-0.1255055119142142,0.04299774188891553,0.991079728458704
1740164664.60472,1740164664.5923433,1,3,-0.01494364127255536,-0.018822782917328616,-0.025247239633884234,-0.012781693269353278,-0.1253517471093498,0.04333218378061362,0.9910831900817433
1740164664.6209092,1740164664.6088722,1,3,-0.014711433443529482,-0.0190809231152751,-0.025543789722104145,-0.01306751174762281,-0.12526012710328013,0.043705584347805734,0.9910746503627326
1740164664.6380763,1740164664.625758,1,3,-0.014361093424752083,-0.019509709417599618,-0.026045965981996405,-0.01353176216472964,-0.1238623342148789,0.04350107057834928,0.9912530809203552
1740164664.6523845,1740164664.642137,1,3,-0.013943870559431264,-0.019692135513501116,-0.0262269599764859,-0.013774984725449569,-0.12187949300496959,0.04312573172334279,0.9915118810402583
1740164664.6680877,1740164664.65871,1,3,-0.013530360673005018,-0.01924481356725958,-0.02562027538012966,-0.01379455409517978,-0.11945217481361595,0.04275397604702163,0.9918230617110005
1740164664.685977,1740164664.675649,1,3,-0.012916718040459942,-0.019541049422957934,-0.0259265377290423,-0.014166705759350364,-0.11622627177958414,0.04182535535992336,0.9922405947375679
1740164664.702046,1740164664.6921897,1,3,-0.012286551784840739,-0.019424781426471468,-0.02570856365895199,-0.01419919024144151,-0.11233866141569131,0.04072604484634052,0.9927334976815237
1740164664.7186792,1740164664.708809,1,3,-0.011597416458052635,-0.019211686803398097,-0.02536867368435275,-0.014310212434940796,-0.10775286236269435,0.03933261908890734,0.9932962717881911
1740164664.7354481,1740164664.7256424,1,3,-0.01084929336332534,-0.01896601694018888,-0.024985744720957378,-0.014350094302581372,-0.10273862608612983,0.037788035022396915,0.9938867711729478
1740164664.7546868,1740164664.742419,1,3,-0.01008093249194216,-0.01841167472524522,-0.024215950869962866,-0.014265543111723839,-0.09734919093810637,0.036169206927221094,0.9944905317667331
1740164664.7703962,1740164664.7594655,1,3,-0.009247396859639264,-0.017964871046890443,-0.023579926975403967,-0.01406587843544149,-0.09141019693549637,0.03429570416457592,0.9951231741025374
1740164664.7859464,1740164664.7756011,1,3,-0.00836664310230977,-0.017578754352440683,-0.02301720727015726,-0.013935621767011453,-0.08469986348593087,0.03201640108511175,0.9957944976916616
1740164664.8017852,1740164664.7921736,1,3,-0.007507941837630022,-0.016764949532608233,-0.021929209548056206,-0.0136514505305774,-0.07786640238260109,0.02964700493409511,0.9964293835374587
1740164664.8187227,1740164664.809016,1,3,-0.006605525175926725,-0.016174913427615695,-0.02112142691207996,-0.013437061550108344,-0.07113256032801742,0.027480945242114297,0.9969976940227493
1740164664.8384502,1740164664.8257706,1,3,-0.00571528619031965,-0.015403120721672372,-0.020087812858014448,-0.01298215038415466,-0.06365140554902014,0.024759451741369534,0.9975805390506093
1740164664.8552914,1740164664.842745,1,3,-0.004909387544234931,-0.014097733715963191,-0.018396926661933283,-0.012249519309064164,-0.05620133164689626,0.022082227116811057,0.9981000625405121
1740164664.8684275,1740164664.8591337,1,3,-0.004059570158838533,-0.013247847348741643,-0.01728373156185445,-0.011722729802195048,-0.04906219225935576,0.01942134157107015,0.9985380765840983
1740164664.8857605,1740164664.876013,1,3,-0.0032865604614768155,-0.012087899794335341,-0.01579354863313004,-0.011083706492346555,-0.04192901161353464,0.01689659433882342,0.9989162199780585
1740164664.9026926,1740164664.8927789,1,3,-0.002560567696393296,-0.010894061841115826,-0.014259710487953135,-0.010272729009953168,-0.034899022831584685,0.014301912805947496,0.9992357001899901
1740164664.9186554,1740164664.909115,1,3,-0.0019112760187480482,-0.009503929712151828,-0.012492399387313995,-0.009409648767335603,-0.028293492392133322,0.01177332404966214,0.9994860307373753
1740164664.9356928,1740164664.925673,1,3,-0.0012949130715569047,-0.008310066390047601,-0.01097511074477521,-0.008786402803696476,-0.022302074841626204,0.009447927643714353,0.9996680215185284
1740164664.954725,1740164664.9427304,1,3,-0.0007354763086500756,-0.007110322518816865,-0.009457280787458213,-0.007998274797492728,-0.016396696622932413,0.007077965237539539,0.9998085208419738
1740164664.9710891,1740164664.9592204,1,3,-0.00028410647155100815,-0.005738066505433499,-0.007728526555663583,-0.007105018596909001,-0.011639090875584937,0.005427098674947421,0.9998922926367118
1740164664.9885323,1740164664.976201,1,3,8.046121639316718e-05,-0.004251010728800776,-0.005861204450563799,-0.006172716745204962,-0.006939753223105532,0.0034340175612588906,0.9999509712563786
1740164665.0047333,1740164664.9926186,1,3,0.0003246482614835386,-0.0025147008524739763,-0.0036896387344795088,-0.0050722282128397266,-0.0024804147678749947,0.0014158933043670057,0.9999830575013192
1740164665.0210595,1740164665.0092864,1,3,0.0005619675182154155,-0.0014496180968805918,-0.002349520654407438,-0.004468329894971565,0.0003948503369045104,0.0002967073939562615,0.9999898949918862
1740164665.0360296,1740164665.0261137,1,3,0.0006552039322700472,-9.227698497524521e-06,-0.0005488347515527856,-0.0035194124152230304,0.002798731421775171,-0.0007237831653803138,0.9999896284345202
1740164665.0517788,1740164665.0427072,1,3,0.0006412932871365603,0.0014502822795511808,0.0012692304223866472,-0.0026459924313425925,0.004910785410815182,-0.001820734990879472,0.9999827837691984
1740164665.0693421,1740164665.059581,1,3,0.0006146202088200916,0.0022841486590232155,0.0023069335630849287,-0.0021306034403346815,0.006063466095532428,-0.0025435758331761697,0.999976112279623
1740164665.0879598,1740164665.0761216,1,3,0.000575906499085846,0.002532530175332158,0.002619189081684718,-0.0019917268722960658,0.0068517356058549325,-0.0032391463423932097,0.9999692968657719
1740164665.1017168,1740164665.0925994,1,3,0.0005817051175496018,0.001735376249763851,0.0016271223275101515,-0.0024672645250565805,0.0066761347458247754,-0.0035390751122623323,0.9999684078899537
1740164665.1185114,1740164665.109392,1,3,0.0004953601691584273,0.0008693585502875406,0.0005501662910139646,-0.0029472617898954907,0.00610520984484816,-0.003616121062082525,0.9999704814289053
1740164665.135212,1740164665.125834,1,3,0.0003546219940091799,-0.0002957382409651664,-0.0009060965844401012,-0.0035683310066794444,0.004798471334407543,-0.0036095763422947414,0.9999756060251214
1740164665.1552794,1740164665.1429594,1,3,0.00015254923556813475,-0.0016862477039586764,-0.0026458071985716526,-0.004451458926546737,0.002500769824283939,-0.0031010359987750443,0.9999821569605356
1740164665.1711142,1740164665.1592813,1,3,-0.0001438855746463257,-0.0031060591698965196,-0.00442708081976634,-0.005381162132267623,-0.00021967197391275966,-0.002554827518387065,0.9999822336895199
1740164665.1882207,1740164665.1761308,1,3,-0.0005278369413682498,-0.004547841057431759,-0.006237825247345543,-0.006253482370660956,-0.003865614234112149,-0.0014463800830427922,0.9999719290907563
1740164665.2046998,1740164665.1929145,1,3,-0.0009757493534533957,-0.006070653078352059,-0.008151281106814585,-0.007131412450227549,-0.007868151747911153,-0.0004527451040943267,0.9999435134878407
1740164665.2189388,1740164665.2095482,1,3,-0.0015047428117037237,-0.007568385107989211,-0.010038399926582673,-0.007975683583452704,-0.012705052898689891,0.0009328873008590718,0.9998870435321693
1740164665.2384002,1740164665.2262595,1,3,-0.0020909244178901397,-0.009140840497475215,-0.012028778072730275,-0.008887396400980409,-0.018250346682253737,0.002763289032087406,0.999790129609667
1740164665.2549102,1740164665.2429788,1,3,-0.002733686573452645,-0.01071772020184068,-0.014033727692520065,-0.00984704287806311,-0.024003014764048862,0.004575865220857756,0.9996529160094892
1740164665.2713542,1740164665.259635,1,3,-0.0034329854102735703,-0.012222898901342876,-0.015954873230699718,-0.010706518435742872,-0.03041688147680049,0.006574393580706859,0.9994583338655281
1740164665.2892106,1740164665.2764957,1,3,-0.004157337804852927,-0.013820947576575014,-0.017991727764855574,-0.01160120999970375,-0.03705255027356213,0.008815783363657992,0.9992070868485936
1740164665.3050597,1740164665.2928755,1,3,-0.004878665568558044,-0.01565230704382168,-0.020325875242499312,-0.012766991573864277,-0.04417289090459047,0.011221036185325066,0.9988792960023807
1740164665.3214898,1740164665.3096116,1,3,-0.005695500757378933,-0.016892306928295023,-0.021938905663612573,-0.013315635016384,-0.05119666057366948,0.013670392363087409,0.9985062424355964
1740164665.3357036,1740164665.3265219,1,3,-0.006507002268734412,-0.018218141973126257,-0.023664146936374485,-0.01398935180670661,-0.058654059597183554,0.016254165292477894,0.9980479955590528
1740164665.352912,1740164665.3429942,1,3,-0.007300981722396731,-0.019612567565215698,-0.025476792519498758,-0.014746254287267259,-0.06565649541719817,0.018734406282652046,0.997557414194924
1740164665.3695145,1740164665.3596888,1,3,-0.008092761518354813,-0.020911570056053784,-0.02717719885276843,-0.015468751914510052,-0.07301589099197912,0.021447987001623647,0.9969801308102548
1740164665.3860605,1740164665.3764145,1,3,-0.008924461438232235,-0.021712309068647764,-0.02825485710945368,-0.01574516155620508,-0.08020798253780811,0.024054435377663344,0.9963634645868171
1740164665.4029267,1740164665.393057,1,3,-0.00973246859379644,-0.02237850889391207,-0.029169434303694328,-0.015959752983405965,-0.0866833176984863,0.02641873341490839,0.995757670943209
1740164665.4220731,1740164665.4098613,1,3,-0.010514733961817348,-0.022833433376988916,-0.029818976949682018,-0.016140315519021765,-0.09327566694216038,0.02895115994016519,0.9950884234627396
1740164665.4367728,1740164665.426295,1,3,-0.011264359806670964,-0.023094942582011793,-0.030224465270589453,-0.016086309075126662,-0.09918308427235,0.031234339567407923,0.994448773183592
1740164665.4530022,1740164665.4429708,1,3,-0.011955125374465369,-0.023240233137179954,-0.030483197198123077,-0.015977242091498384,-0.10453561290158946,0.03328774494362613,0.9938354790441961
1740164665.4699416,1740164665.459771,1,3,-0.012621665965347424,-0.022965939596945706,-0.03020805676875406,-0.015659164555214336,-0.10925837858078336,0.03517964342254467,0.993267229885288
1740164665.486217,1740164665.4762394,1,3,-0.013188826039241295,-0.022809637450229046,-0.03007297750211304,-0.0154296627125786,-0.11350464728888279,0.03693265914925341,0.9927308795643296
1740164665.503181,1740164665.4930885,1,3,-0.01370874259339284,-0.022356805071143536,-0.02955914645602078,-0.0149944405613017,-0.11705565377895383,0.03853571755842662,0.9922641478673371
1740164665.519424,1740164665.509691,1,3,-0.014155220026052006,-0.021798626623389192,-0.028906131125421678,-0.01443017561549917,-0.11979044875191883,0.039667388650598,0.9919014652157553
1740164665.5355146,1740164665.5262864,1,3,-0.014561311212101503,-0.020810892800717264,-0.027715606162970606,-0.013892163572534963,-0.1222759266913914,0.04083916127285568,0.9915582526758401
1740164665.553174,1740164665.54328,1,3,-0.014853321195911767,-0.019966579804732997,-0.026682957795621704,-0.013369110024389105,-0.12390470496617988,0.04175414481618535,0.991325114367163
1740164665.569245,1740164665.5596871,1,3,-0.015029530787665314,-0.019308426580426658,-0.025868623990293375,-0.012867440511535627,-0.12506630898712182,0.042500529265193515,0.9911541516551289
1740164665.589116,1740164665.5765784,1,3,-0.015067971795880318,-0.01892597788415843,-0.02539068494276201,-0.012646089748957822,-0.12568506956423228,0.04310071083532124,0.9910528080925787
1740164665.605408,1740164665.593337,1,3,-0.014949434375934809,-0.01902957612443656,-0.025508771210953553,-0.01282379727595781,-0.1254690207175598,0.04327426386348437,0.9910703371359044
1740164665.6219635,1740164665.6098533,1,3,-0.01469924362893183,-0.019362276407097798,-0.02589858735795695,-0.013203067379031088,-0.12499241266672886,0.04347357294269644,0.991116857006847
1740164665.637564,1740164665.6266007,1,3,-0.014338947529912436,-0.019824714252505336,-0.026440695326458073,-0.013698315189011849,-0.1237253812888103,0.04333442956762972,0.9912751955940233
1740164665.6530569,1740164665.6431987,1,3,-0.013965673826228715,-0.01962994946051384,-0.02615030203463383,-0.013737272990293134,-0.12192251638514816,0.04309716764053681,0.9915083567325427
1740164665.6696546,1740164665.6598437,1,3,-0.013493503321777154,-0.019461957417439484,-0.02589043937189295,-0.013836913417658707,-0.11910134670699885,0.04246953578633988,0.991876881255806
1740164665.6866846,1740164665.6766438,1,3,-0.012823306470284894,-0.020254363908669627,-0.0268132762938238,-0.014543109288968563,-0.11620623564648773,0.04170966416882699,0.9922423658985771
1740164665.7031326,1740164665.693227,1,3,-0.012248115967835699,-0.019644279093733858,-0.025985201889849128,-0.014333389221017913,-0.11174920561994825,0.040291711326110174,0.9928158172567371
1740164665.7215085,1740164665.7100692,1,3,-0.011519844502189786,-0.019646902872793262,-0.025914131929574657,-0.014577828445201413,-0.10701256399369656,0.038733430541418534,0.9933959529934729
1740164665.7357898,1740164665.7264645,1,3,-0.010787668745437554,-0.019201655325799896,-0.025282365069838587,-0.014501247059193203,-0.10200196898049549,0.03726582712095267,0.99398016594237
1740164665.7532947,1740164665.7431896,1,3,-0.010009941810540194,-0.01865930008835087,-0.024525358078350094,-0.014384015777381052,-0.09618383662480699,0.0353088975922778,0.9946331240276821
1740164665.7697525,1740164665.7600477,1,3,-0.009180773581270148,-0.018183766970315998,-0.02384981293583524,-0.014154877666748276,-0.09005267908098295,0.033351298107472914,0.9952777729574409
1740164665.7861445,1740164665.776532,1,3,-0.008326220724150015,-0.01760387853113021,-0.023042846032727517,-0.013892142476568429,-0.08386360098699419,0.03134094287601362,0.9958873681830428
1740164665.806401,1740164665.7936366,1,3,-0.007444963282882283,-0.01696114451082477,-0.02217195217841264,-0.013700974904359621,-0.07685625889795815,0.02895307367843501,0.9965275301161787
1740164665.8250468,1740164665.8099422,1,3,-0.0065578340956073825,-0.01621616606665375,-0.021169606008220782,-0.013340505766506514,-0.06965153945536026,0.02639682341363186,0.9971328405338287
1740164665.838071,1740164665.8267863,1,3,-0.005683567569201726,-0.015362454283666319,-0.020039320749246033,-0.012951359272830136,-0.062344257108281266,0.023857843888879043,0.9976854510233055
1740164665.853476,1740164665.8436205,1,3,-0.004836457964463183,-0.014332306752604263,-0.018690707352062942,-0.012273082046767988,-0.05501379040510521,0.021244388962110644,0.9981841164133815
1740164665.8698883,1740164665.8600159,1,3,-0.004004072282484521,-0.013328103434376914,-0.01738404513425175,-0.01178408925274559,-0.04764906666127641,0.01852991763948085,0.9986227234742191
1740164665.8863344,1740164665.8766181,1,3,-0.0032366244994907136,-0.012107714029461463,-0.015813937138639333,-0.010957423539518878,-0.04073771413781657,0.016068536669528014,0.9989805682021554
1740164665.903052,1740164665.8935103,1,3,-0.00254812643907955,-0.010630991517867996,-0.013930338483197252,-0.010126159846960116,-0.03380477799226064,0.013507106905749943,0.9992858729786408
1740164665.9199817,1740164665.9103909,1,3,-0.0018763938432261034,-0.009398243327221044,-0.012361709059790922,-0.009380575916848238,-0.027132045586424958,0.011019853930640151,0.9995270980404242
1740164665.9370565,1740164665.927194,1,3,-0.0012684538242447422,-0.008139349014293536,-0.01076588137152678,-0.008607522233713376,-0.02106557860206058,0.008665718546921237,0.9997034846799436
1740164665.9531982,1740164665.9435952,1,3,-0.0007316464512395859,-0.006833955680617286,-0.009114267644270039,-0.007899240345971904,-0.015793059039552502,0.0067779468094284374,0.9998211043607643
1740164665.971899,1740164665.960226,1,3,-0.0002877923875468828,-0.005409289756792208,-0.007313632520767603,-0.006874905358676524,-0.010684047034167306,0.004765157405358512,0.9999079358071837
1740164665.986448,1740164665.9770808,1,3,5.48139053040344e-05,-0.0038431862017474718,-0.0053477655547525885,-0.005874941445591389,-0.00625078904634887,0.002956579079819521,0.999958834822441
1740164666.0050805,1740164665.9936984,1,3,0.00035087756565570786,-0.002568917015756573,-0.0037574658718380716,-0.005177122327830547,-0.0025925682112029162,0.0015094287683201403,0.999982098649404
1740164666.0219667,1740164666.010636,1,3,0.0005204517817671599,-0.001007812640922898,-0.0018017296603166097,-0.004170104555629085,0.0005574275662063395,0.0002987184828271,0.9999911050953261
1740164666.0363483,1740164666.0269315,1,3,0.000656195036555273,6.226362325928642e-05,-0.0004596331180154226,-0.0034882524748248416,0.0031464738380261393,-0.0009414145218185092,0.9999885227020141
1740164666.0527468,1740164666.0434227,1,3,0.0006558881504860016,0.0013924154773772503,0.0012057729191731928,-0.0025718596020838074,0.005143192086827549,-0.002009033975312808,0.9999814482758324
1740164666.0699315,1740164666.0603635,1,3,0.0006218907185846767,0.0022744352996497265,0.002300920921696569,-0.002125148533885001,0.006312106391142951,-0.0026653028196012515,0.999974268277687
1740164666.0870788,1740164666.076963,1,3,0.0006137066518200017,0.0022750408427425805,0.002303878274752698,-0.0021454585505738576,0.0067079052861533815,-0.0030902840034830866,0.9999704251421926
1740164666.1035993,1740164666.09378,1,3,0.0006217776760242363,0.0014294623778073482,0.0012522130832481049,-0.0025241260075633287,0.006806136003345135,-0.003528125647766114,0.9999674282845493
1740164666.119738,1740164666.1104503,1,3,0.0005261112120422589,0.0005700902332427731,0.00017794210651502884,-0.0030542146582933556,0.005950918449671974,-0.003556111697064671,0.9999713057943335
1740164666.136432,1740164666.1269307,1,3,0.00035648816845431394,-0.0004497181166980443,-0.0010985338449030478,-0.003732444072339911,0.004342251227493259,-0.0032828155706134546,0.999978218181503
1740164666.1564577,1740164666.1438403,1,3,0.00015125995414404564,-0.0018906746456725588,-0.002897535863841967,-0.004635396286796658,0.0020191958376005394,-0.0028415249411220035,0.9999831807012769
1740164666.1703043,1740164666.1604624,1,3,-0.00014129416622195564,-0.0033984335865463963,-0.004786330969132759,-0.00548750665223857,-0.0009144233006338287,-0.002197425055385447,0.9999821110519402
1740164666.188851,1740164666.1770086,1,3,-0.0005653673242992854,-0.004597609809279949,-0.006293931173752847,-0.006214551999418968,-0.00460917775476054,-0.0010288748390609847,0.9999695376562414
1740164666.2052588,1740164666.1938682,1,3,-0.001025937111848095,-0.00604707503716085,-0.008125769992762185,-0.007130907349915884,-0.008812335188109928,0.00023828941857257613,0.9999357159973097
1740164666.2223608,1740164666.2104483,1,3,-0.0015492573926385862,-0.007590757236340414,-0.01007104799120336,-0.008113318980528868,-0.013801959671064741,0.0017163921192139059,0.9998703585777766
1740164666.2402217,1740164666.22733,1,3,-0.002132347872908853,-0.009220604488922616,-0.012125391085834679,-0.008923148842165277,-0.01915239984526307,0.003387617443744869,0.9997710173049439
1740164666.2539153,1740164666.243824,1,3,-0.0027673174177302896,-0.010888617992346824,-0.0142418904724588,-0.009976142338532144,-0.025272613584145603,0.005391064488445093,0.9996162803848031
1740164666.2720704,1740164666.2604218,1,3,-0.0034968727404582575,-0.012186312955823574,-0.01590406404598682,-0.010667442761271058,-0.03163327973686662,0.007402243096685499,0.9994152030438409
1740164666.2869568,1740164666.2772746,1,3,-0.004192289887973472,-0.014007416967673618,-0.018226255520621314,-0.011748045035795247,-0.03835326299446674,0.00970255318431526,0.9991480726685209
1740164666.3037457,1740164666.2938156,1,3,-0.004964655010235547,-0.015483441058191582,-0.020122545888364235,-0.01268714422869318,-0.04542346981245605,0.012110353435492289,0.9988138385611127
1740164666.3197289,1740164666.3104086,1,3,-0.005770545739801579,-0.016833578860509187,-0.02187209359459151,-0.013368703783454075,-0.05274055604442696,0.01469520805348213,0.998410618116384
1740164666.3368971,1740164666.3272133,1,3,-0.0065583100383747595,-0.018340167871488303,-0.023821049027305058,-0.014129654104574093,-0.05996340082959861,0.01713143958301469,0.9979535345964999
1740164666.3564045,1740164666.3438818,1,3,-0.007356236922609638,-0.01972905225214745,-0.025622384080781713,-0.014848427282958598,-0.067097987871175,0.0196257613157425,0.9974428373213373
1740164666.3730335,1740164666.3608673,1,3,-0.008201286956169162,-0.020619116649558282,-0.026813955594389597,-0.01526249374952309,-0.07428271689149002,0.02230278562388918,0.9968709645732388
1740164666.3878698,1740164666.3774283,1,3,-0.009043433481984789,-0.02134314932096744,-0.027801830410752917,-0.015547065646522331,-0.08156081549327543,0.024898024903173468,0.9962360214737146
1740164666.4060667,1740164666.3940322,1,3,-0.00983253714375186,-0.022087624577711233,-0.028814911468270973,-0.015824495432238118,-0.08799963595618988,0.02727374766244453,0.9956213095873041
1740164666.420799,1740164666.4109514,1,3,-0.010598088346440587,-0.02261741693440026,-0.029557940270685704,-0.016075126470873797,-0.09425661381683025,0.0296489222006714,0.9949764934273919
1740164666.4368901,1740164666.4273484,1,3,-0.011330167315465885,-0.022924446626528965,-0.030014057077841362,-0.016029268464396732,-0.09999442428265377,0.031739668076618606,0.9943524380898671
1740164666.4540582,1740164666.443969,1,3,-0.012019725700955042,-0.023069255647045962,-0.030269420630352848,-0.01575631258191757,-0.10532577100824593,0.03384166906522519,0.9937368675913253
1740164666.4705913,1740164666.4607444,1,3,-0.012668954686443171,-0.02288708938702639,-0.03011646965491042,-0.015565106358630725,-0.1098709604663141,0.035668905366572336,0.993183683263174
1740164666.4876153,1740164666.4774227,1,3,-0.013247430409658255,-0.022630382769753273,-0.029859426317861468,-0.015315824019695418,-0.11398906048221301,0.037278387529011484,0.9926642138448514
1740164666.5067668,1740164666.4944324,1,3,-0.013771014930573013,-0.022132651046864144,-0.029291311028289187,-0.014867923984201436,-0.11755606029656467,0.038851443481733534,0.992194579134222
1740164666.5235095,1740164666.5108542,1,3,-0.014202185821521997,-0.021659750337823525,-0.028743671822356757,-0.014512157561983688,-0.12027256678277179,0.039990178076287096,0.9918289633902645
1740164666.5392177,1740164666.5273392,1,3,-0.014597284603783733,-0.020724391254206238,-0.027608668005825013,-0.013789945602301849,-0.1225517038054136,0.04106495196182429,0.9915163069839289
1740164666.5560749,1740164666.5440314,1,3,-0.014881249417110998,-0.019878201743342212,-0.026571442118829888,-0.013282390544826751,-0.12406684931299655,0.041876220979929615,0.991300850962714
1740164666.5707357,1740164666.5608783,1,3,-0.01505978653835219,-0.019153880708948568,-0.025678603503779054,-0.01280085205574636,-0.12526507047950888,0.04261595490005047,0.9911249571534194
1740164666.5903869,1740164666.5776381,1,3,-0.015075047130791943,-0.018913558015746967,-0.025380756711963385,-0.01266727802215731,-0.1255845317444625,0.04305492234603388,0.9910672727498423
1740164666.6072302,1740164666.5942848,1,3,-0.014936359246877499,-0.0191189972611492,-0.02562547980303968,-0.012847092910733953,-0.12552319966887765,0.043299142273504385,0.9910620882805522
1740164666.6236632,1740164666.6108556,1,3,-0.014682394528420187,-0.019442349646772647,-0.026001679404990825,-0.013282483315330707,-0.12487202869428643,0.04334759073773216,0.9911364883122735
1740164666.6401532,1740164666.6278062,1,3,-0.014327934547863007,-0.01981208882077115,-0.026422995967362778,-0.013659425588235024,-0.12354877670878063,0.04314421937819759,0.9913060557671426
1740164666.6543317,1740164666.6443424,1,3,-0.013925465696587471,-0.019785157012657605,-0.026343441945632845,-0.013779948579159788,-0.12120597945975822,0.0426992495493148,0.99161282648435
1740164666.6727574,1740164666.6611168,1,3,-0.013406361828956489,-0.02002109833827609,-0.0265883908376608,-0.01409010450803228,-0.11845861053180455,0.0418683729456859,0.9919758393694414
1740164666.6876307,1740164666.6775413,1,3,-0.012784670390341365,-0.02040071575295042,-0.027001534907062318,-0.014652390968165714,-0.11524907306272159,0.041020617106030055,0.9923811100425783
1740164666.704697,1740164666.6942518,1,3,-0.012238600882295936,-0.01946849099897321,-0.02576663997965831,-0.014307680437775997,-0.11117988182608289,0.039920031154292955,0.9928951179607387
1740164666.7239954,1740164666.7111747,1,3,-0.011536294523388285,-0.019367332497811213,-0.02555835784879858,-0.014363542832407613,-0.10690449709997056,0.038748553091156775,0.9934101201268517
1740164666.7370977,1740164666.72743,1,3,-0.010774570922811222,-0.019090429256101785,-0.025134524558420232,-0.014317115508712517,-0.10141953520765881,0.036827408462780924,0.9940587709324274
1740164666.7543411,1740164666.7442782,1,3,-0.009966826776436845,-0.018760509639173778,-0.02464305025394073,-0.014373082610888798,-0.09559657175101738,0.035064314645370735,0.9946985492118522
1740164666.7706084,1740164666.7609138,1,3,-0.009090539280137915,-0.01854496641560332,-0.02429777026930623,-0.014345025619786624,-0.08933880387251242,0.03285596856804457,0.9953558578177214
1740164666.7875612,1740164666.777453,1,3,-0.008296495730428179,-0.017527786505408226,-0.022955574572800334,-0.013906687075573819,-0.08283415086551589,0.030685379363470915,0.9959937324091407
1740164666.8070092,1740164666.7946439,1,3,-0.007393818016718832,-0.016996731799528975,-0.02221399728059749,-0.013747970772048096,-0.0758127450906458,0.028228703347349664,0.9966275940835668
1740164666.8207266,1740164666.810899,1,3,-0.006497702518395205,-0.01632982553273959,-0.02130653574214787,-0.013395592868599489,-0.06878741215517913,0.025846800356749307,0.9972064946298788
1740164666.840342,1740164666.827559,1,3,-0.005646643510910548,-0.015296409443110885,-0.019949687911425065,-0.012838236378719576,-0.06157696150921069,0.023327792990503693,0.9977470980023793
1740164666.8600004,1740164666.8448503,1,3,-0.004814574087243679,-0.01420517229590686,-0.018529118691772577,-0.012218555913530302,-0.05418295913453996,0.0207383433501185,0.9982408702041333
1740164666.870874,1740164666.8609967,1,3,-0.004014602543868143,-0.012996044403777426,-0.016973163225820348,-0.011488305580133173,-0.04677185133660077,0.01791528832048209,0.9986788548887165
1740164666.8873856,1740164666.877633,1,3,-0.003281942167943631,-0.011588810471112675,-0.015167094637788408,-0.01074321171733249,-0.03988968160135143,0.015402612760444159,0.9990276053362546
1740164666.9037716,1740164666.894363,1,3,-0.0024594068790804915,-0.011028031968209239,-0.014423009690076986,-0.0103594656028714,-0.03317819846408203,0.013087920467628343,0.9993100594694992
1740164666.9209154,1740164666.9110851,1,3,-0.0019004876217025065,-0.009065963344969839,-0.011939543234891024,-0.009135765926451728,-0.026556679594614187,0.010557296420105397,0.9995498106858628
1740164666.9405727,1740164666.9280996,1,3,-0.0012623707650650869,-0.008044342060027906,-0.010638550621490564,-0.008472227730071046,-0.02099452749101712,0.008639220534886282,0.9997063644097043
1740164666.9562037,1740164666.9445717,1,3,-0.0007288382715123021,-0.00674858429476002,-0.009003939765283672,-0.00772496520868911,-0.01541271002263612,0.006515284095668415,0.9998301477528247
1740164666.971068,1740164666.9611413,1,3,-0.0002861690782320055,-0.0053161382969488715,-0.007200972016952227,-0.006865067632777021,-0.010614585434451687,0.004809929793787786,0.9999085288154268
1740164666.9872086,1740164666.9777644,1,3,0.00012770870399423284,-0.004341994832096094,-0.005971248122687135,-0.006235515051962472,-0.006127533928680167,0.002864908812412576,0.9999576810932981
1740164667.0037453,1740164666.9944103,1,3,0.0003387965921933202,-0.002413658469375903,-0.00355819740270228,-0.005003372003631369,-0.0021552747970052374,0.0011784247519202485,0.9999844660664718
1740164667.024043,1740164667.011706,1,3,0.0005322107781634608,-0.0011143774306545946,-0.0019276912102842096,-0.0041958437152618405,0.0005533491444758442,0.00024285774206148558,0.9999910148198126
1740164667.0372605,1740164667.02805,1,3,0.0006189210351118082,0.0002920371642701123,-0.00017310495876926503,-0.003343745595250303,0.003075487911051087,-0.0010000212693263015,0.999989180289949
1740164667.056482,1740164667.0447276,1,3,0.0006121481342283024,0.0016250743361345189,0.0014883144212434823,-0.002500480928616753,0.004909116565825348,-0.001879592231221928,0.9999830575078326
1740164667.0734541,1740164667.0616376,1,3,0.0005813179104251267,0.0024279093512226116,0.0024879002701896106,-0.00198463037410636,0.0062695295686779435,-0.002677822174584469,0.9999747914370976
1740164667.0898244,1740164667.0781417,1,3,0.0005713206021271211,0.0024016228069762037,0.0024585423641903374,-0.002065728822977779,0.006651664073264059,-0.003076377056171278,0.9999710115966837
1740164667.1061606,1740164667.0946116,1,3,0.0005567465697969231,0.001672857063695792,0.0015531644161585914,-0.002499250640190625,0.0065284706278886115,-0.0034070984709768447,0.999969761791579
1740164667.1231284,1740164667.1113062,1,3,0.0004761287775627791,0.0007081476565384689,0.0003490524674075766,-0.002993915653095616,0.005571599364923158,-0.0033666275705396087,0.9999743294547018
1740164667.1402662,1740164667.1281295,1,3,0.0003237851634284245,-0.00044459366060993055,-0.0010957552190223423,-0.0036797185587995962,0.004097901384201574,-0.0031586273524126752,0.9999798447712943
1740164667.1575484,1740164667.1450338,1,3,0.00010699341556189926,-0.0018054008300381732,-0.0027975082961021807,-0.0045540967440423335,0.001732839127035631,-0.002711786323653838,0.9999844517222958
1740164667.1731424,1740164667.1616404,1,3,-0.00018826501378480944,-0.0032750127093378657,-0.004637426342589422,-0.005487637840975304,-0.0010076442067913367,-0.002044461854738906,0.9999823451740552
1740164667.190238,1740164667.1781998,1,3,-0.0005856186516226756,-0.004645538170897574,-0.006356805789281816,-0.006303487211679063,-0.00469190128823726,-0.0009148253029767324,0.999968707113347
1740164667.2066982,1740164667.19498,1,3,-0.0010396693138113352,-0.006172158488602723,-0.008276021470285921,-0.007104552220930388,-0.008956465576620677,0.0002282993185655615,0.9999346253338446
1740164667.2237582,1740164667.211622,1,3,-0.0015631541812848163,-0.007735730669139804,-0.010249751033895934,-0.00808234605438391,-0.01410676095161526,0.0018088183523292433,0.9998661926247329
1740164667.2405992,1740164667.2283003,1,3,-0.002164661988913739,-0.009216478847732357,-0.012127865766255406,-0.008966364017166639,-0.019528809923001367,0.003561490134068095,0.9997627446986249
1740164667.25761,1740164667.2450511,1,3,-0.0028138973745158147,-0.01073918873686599,-0.014065973350214636,-0.00988547799453566,-0.025571825100996308,0.0055706169297635045,0.9996085870543758
1740164667.273173,1740164667.2614567,1,3,-0.003510117844278869,-0.012275251137750555,-0.016021634770090148,-0.010788946948548317,-0.0320117207419242,0.00762951088379142,0.9994001395449955
1740164667.2882075,1740164667.2781756,1,3,-0.004218489279625868,-0.013999697361285318,-0.01821770897117412,-0.011675029294577142,-0.03854532164347894,0.009741970376936623,0.9991411541336622
1740164667.3076153,1740164667.2949126,1,3,-0.0049913583233832685,-0.015462480284380674,-0.020097746150184587,-0.012641161992013712,-0.0458174495515683,0.012280909272941006,0.998794344000561
1740164667.3215895,1740164667.3116746,1,3,-0.005785839205053867,-0.016875772698757664,-0.021925890723907087,-0.013345818539881262,-0.05289306481233767,0.014819614831665842,0.998401017546807
1740164667.3378832,1740164667.3282154,1,3,-0.006596713664028041,-0.018188220400175738,-0.023632382256236987,-0.013964331764997054,-0.06011542999475679,0.017239874348506365,0.9979448477983893
1740164667.3548324,1740164667.3447871,1,3,-0.007406081929323847,-0.019410707626884578,-0.02523097639245759,-0.014646106850999208,-0.06719118907714466,0.01973856021230961,0.9974373288108148
1740164667.3714929,1740164667.3616734,1,3,-0.008226305043546675,-0.020474138997896293,-0.026633681661599132,-0.015115703576400564,-0.07450009442021789,0.022422770413474454,0.9968542876487785
1740164667.387902,1740164667.3781738,1,3,-0.009031903531682752,-0.021383378135964602,-0.02785022230876134,-0.015561960477142976,-0.08129391170968626,0.02475796920617015,0.9962610944254684
1740164667.4078555,1740164667.3953543,1,3,-0.009855248997710783,-0.021853142933041945,-0.028519124749751372,-0.015569583149957772,-0.0878171301525281,0.027158683553499013,0.9956445880131882
1740164667.4215167,1740164667.4116514,1,3,-0.01061476196208376,-0.022391352059943876,-0.029271691164855486,-0.015795914612259467,-0.09422695479534611,0.02963233866348825,0.9949842685072415
1740164667.4381425,1740164667.4282515,1,3,-0.011334898344847669,-0.022756355182518527,-0.029804223656172097,-0.01589158509392821,-0.09974810946122675,0.031680607636022,0.9943812705808199
1740164667.4548104,1740164667.4450805,1,3,-0.01204089820242737,-0.022715617839406156,-0.02982874058143953,-0.015631925751039815,-0.10524749047801393,0.03389155745011321,0.9937454256392831
1740164667.4718869,1740164667.4617093,1,3,-0.012661674993830623,-0.022705404351111465,-0.02988313106095512,-0.015475398106870868,-0.10972281116186804,0.03559864168155707,0.9932039838193355
1740164667.4886549,1740164667.4786046,1,3,-0.013242243334241786,-0.022366674730558977,-0.029517167995158942,-0.015214359617772311,-0.11370198520026825,0.0372961965578878,0.9926980283778418
1740164667.5049126,1740164667.4951696,1,3,-0.013751280841927647,-0.021936718476734486,-0.029029630800802394,-0.01474026884535926,-0.11731478106683857,0.03872878278242767,0.9922298362787715
1740164667.5239537,1740164667.5117455,1,3,-0.014192180116274572,-0.02135621516854746,-0.028349907831679674,-0.014238291004290814,-0.12018156215685868,0.03997304524353245,0.9918446545910166
1740164667.5407243,1740164667.5285587,1,3,-0.014562937554761351,-0.02056621589622055,-0.027406354533965435,-0.013742296968851453,-0.12216673573535791,0.040953493982368167,0.9915690844739077
1740164667.5576212,1740164667.5452383,1,3,-0.014858472923696634,-0.01963903428544824,-0.026268588765017278,-0.013169429447490959,-0.12364808349654086,0.041704701086505466,0.991361909437187
1740164667.5745976,1740164667.5621004,1,3,-0.015018867912686574,-0.018994981339976874,-0.025469023795029952,-0.012762084323588099,-0.12487859480936073,0.0424719817128091,0.9911804056434651
1740164667.591444,1740164667.578589,1,3,-0.015026233699001124,-0.01879987687119674,-0.02522652160719721,-0.012645960682757093,-0.12524583152921143,0.042976500296900734,0.9911138086946407
1740164667.6076512,1740164667.59515,1,3,-0.014894662618665603,-0.018921130466493685,-0.025365314562841763,-0.012792400208009773,-0.12506134698185484,0.04319590735631401,0.9911256870728691
1740164667.6246843,1740164667.6121905,1,3,-0.014628983913977362,-0.019293009805116418,-0.025807801855159462,-0.013265225183656429,-0.12440646206261516,0.04325717600401369,0.9911992144478564
1740164667.6406105,1740164667.6286018,1,3,-0.014304365547057649,-0.019337064098620554,-0.02582563793165055,-0.013483455209984258,-0.12291340169916608,0.04293759572744444,0.9913964166727084
1740164667.6581376,1740164667.6452453,1,3,-0.013857481640665978,-0.01971911331645634,-0.026251508434488854,-0.013877013521873089,-0.12111613445880805,0.04273886886638337,0.9916207438116105
1740164667.6742783,1740164667.6619987,1,3,-0.013397115371860486,-0.019399376398095258,-0.025798975900962248,-0.013817099195845195,-0.1181653015619432,0.04197792273467716,0.9920100318441687
1740164667.6917536,1740164667.678602,1,3,-0.012804701927826574,-0.01956579885819071,-0.02593990573931341,-0.014135370558587134,-0.11522852777347398,0.04133135388188885,0.9923781017699954
1740164667.706251,1740164667.6955056,1,3,-0.01216051113118692,-0.019482178226868162,-0.025767814753380903,-0.014197098607393757,-0.11080342058308305,0.039836130159040195,0.9929421569820532
1740164667.7221613,1740164667.71208,1,3,-0.01143896502241239,-0.019436707908998475,-0.025643688973594383,-0.014414328664116986,-0.10617465542250118,0.0384215750730422,0.9935003534191533
1740164667.7412357,1740164667.7287228,1,3,-0.010651089070677211,-0.01939442061241307,-0.02551070961060609,-0.014579651492663749,-0.1009608056722679,0.03684023335670205,0.9941011752767335
1740164667.7583108,1740164667.745653,1,3,-0.009908514105325476,-0.01857904992298124,-0.024411562000120225,-0.014345931788842784,-0.09541857356069659,0.03508159153902867,0.9947154226188717
1740164667.7743344,1740164667.7621846,1,3,-0.009062459505058343,-0.018207333059742162,-0.02386278620559027,-0.01418038512815823,-0.08936673500648978,0.033056881832320334,0.995349057323822
1740164667.8201025,1740164667.7788105,1,3,-0.008215793528227624,-0.01752082272824446,-0.022928027839699477,-0.013845792017689203,-0.08269388410943737,0.030832065065165747,0.9960017064935758
1740164667.8256295,1740164667.795394,1,3,-0.007348821215967187,-0.016755618963649306,-0.0219057394587036,-0.013571398604597744,-0.07564460141099298,0.028473306558644315,0.9966358323033065
1740164667.8258724,1740164667.8121116,1,3,-0.006450511206203465,-0.016107634940163228,-0.02102851079572838,-0.013319389078439586,-0.06860453773492083,0.026004899037085333,0.9972160029315745
1740164667.8406773,1740164667.8289366,1,3,-0.005593062204408415,-0.015150190756549707,-0.019763735642783685,-0.012807590850211428,-0.061524590443944066,0.023562820265456842,0.997745199882443
1740164667.8548806,1740164667.845467,1,3,-0.004770024845961722,-0.014004755849500622,-0.018270278576105883,-0.012051278916249276,-0.05408370489442925,0.020897130764964113,0.9982449746766408
1740164667.871794,1740164667.8620465,1,3,-0.0039454730439819905,-0.013001669575340076,-0.016965376575755257,-0.011520592034825467,-0.04683830626806661,0.018232098630321037,0.998669634866626
1740164667.8910558,1740164667.8787925,1,3,-0.0031756297325474274,-0.01186165620520293,-0.015499794308352799,-0.010834984654710274,-0.0397932750520543,0.015582478140715948,0.9990276696584324
1740164667.9070847,1740164667.895433,1,3,-0.002525124108367502,-0.010259954733342276,-0.01346594460535159,-0.009838713344338739,-0.03323400410294876,0.013240887271800566,0.9993114527489759
1740164667.9244368,1740164667.9124131,1,3,-0.0018481234431129364,-0.009129734009460325,-0.012023163070633317,-0.009132853798048353,-0.02681483743440851,0.010918951209881235,0.9995390597567191
1740164667.9403794,1740164667.9289107,1,3,-0.0012285849638089845,-0.007975350643757933,-0.010556629201399312,-0.008494494201450441,-0.021078231493895996,0.008869199836769114,0.9997024002269909
1740164667.9577534,1740164667.9455926,1,3,-0.0006839090801050836,-0.006765728333638365,-0.009020540011770706,-0.0077801009965956305,-0.015141878912586997,0.006467443101648003,0.9998341691056605
1740164667.9748645,1740164667.9625585,1,3,-0.0002539012777618471,-0.005302166434023795,-0.00717542198602335,-0.006841202743703117,-0.010417604867203509,0.0046786960981682335,0.9999113867021774
1740164667.989105,1740164667.978928,1,3,7.769797894427417e-05,-0.003697285919609452,-0.005167055846756061,-0.005753158623336728,-0.006117749164274539,0.0030877259724073616,0.9999599693284412
1740164668.0057213,1740164667.9955647,1,3,0.0003655616338729168,-0.0024386472374929775,-0.0035967285746034347,-0.005070086924994002,-0.0021712584343325132,0.001382488942805229,0.9999838341591866
1740164668.0238597,1740164668.0125935,1,3,0.0005503801937159366,-0.001081250219146791,-0.0018928138416692978,-0.004223888462758261,0.0010623306531176548,-0.00015764410116662092,0.9999905026389876
1740164668.0387127,1740164668.0289102,1,3,0.0006209515005214011,0.0003813249221101899,-6.44066339076805e-05,-0.0033115302861738793,0.003342929544443509,-0.0010693090038109408,0.9999883575159657
1740164668.0557022,1740164668.0458412,1,3,0.000616095646294124,0.001670497909180459,0.0015461891350471038,-0.0024967416899917545,0.00520070264792672,-0.0020259846991211397,0.9999813070047361
1740164668.0718017,1740164668.0622582,1,3,0.0005884475003057648,0.0023947356057331653,0.0024482930772561713,-0.00195805563288091,0.006308086614931119,-0.002742631588656618,0.9999744256896603
1740164668.088519,1740164668.0788748,1,3,0.0005825793820617049,0.002293615257131037,0.002324859315911133,-0.002127915555864918,0.0066695091932265456,-0.0031995757083083266,0.9999703757300991
1740164668.1053705,1740164668.095843,1,3,0.0005519012916917729,0.0016496314394197527,0.0015203889927063526,-0.002461537188654593,0.006573725120021314,-0.0034270585144775233,0.9999694906559168
1740164668.1237159,1740164668.1124666,1,3,0.0004621621446622629,0.0007258281899358079,0.0003669108425413827,-0.002975506666581047,0.005839740325983133,-0.003536458986352955,0.9999722682408947
1740164668.141291,1740164668.1292949,1,3,0.00031324013129633736,-0.0004752484529085655,-0.0011327777795542087,-0.0036852589110098278,0.004197926632828652,-0.0032706747799405474,0.9999790492631474
1740164668.157608,1740164668.1459565,1,3,0.00012008865587048139,-0.0020325255220469754,-0.0030755746255257776,-0.00459859443477911,0.0017945842145817253,-0.002860545044857168,0.9999837247069413
1740164668.1723258,1740164668.1624062,1,3,-0.00021357901161256102,-0.0032596405290009557,-0.004616206078810702,-0.005408958048920595,-0.0007705987027134853,-0.0022643788799719387,0.9999825108164404
1740164668.1908803,1740164668.1792567,1,3,-0.0005978124488067487,-0.004761772990436373,-0.006504181542891091,-0.006302675755964927,-0.004542131690173226,-0.0012868579980189426,0.999968994176578
1740164668.2076201,1740164668.195844,1,3,-0.0010505684352276794,-0.0063217181349474755,-0.008472292831407574,-0.007249624429861603,-0.008570601221560004,-0.00015044734109957567,0.9999369805672378
1740164668.2242336,1740164668.2124438,1,3,-0.0015962918500673296,-0.007754822603837462,-0.010278531722754386,-0.008142743963675966,-0.013795230006694971,0.0014361712312455522,0.9998706540158077
1740164668.2387478,1740164668.2291439,1,3,-0.0021716846182045584,-0.009445393728601667,-0.012409803935838177,-0.009070870747783387,-0.019085325719094257,0.003028972401336503,0.999772121521832
1740164668.257801,1740164668.2459097,1,3,-0.0028282315583104674,-0.010964274122733663,-0.014342389175364515,-0.009902931878533488,-0.025091136722707588,0.005018218986460148,0.9996235212700707
1740164668.2725759,1740164668.2627928,1,3,-0.0035291728003831752,-0.012473577140211153,-0.016268631087592106,-0.010756729276378022,-0.03136340267456552,0.006970795981257058,0.999425854053884
1740164668.2890608,1740164668.2791035,1,3,-0.004265066372351086,-0.013985906220779377,-0.018201938214270953,-0.011629475845532759,-0.038128216871688665,0.009221751401920632,0.9991626262380038
1740164668.308415,1740164668.2958968,1,3,-0.005003320473808537,-0.015696010328408116,-0.020396872460285747,-0.012734507324648207,-0.045022158324919515,0.011637278384428316,0.9988370294170954
1740164668.3246658,1740164668.3127723,1,3,-0.005815306740625198,-0.016957080963199894,-0.02202820207984386,-0.013291320182097978,-0.05237223485161197,0.014185487175430974,0.99843841160988
1740164668.338909,1740164668.3293653,1,3,-0.006592968861308762,-0.018511415526818297,-0.024038329554849087,-0.014104033256852175,-0.05975175928126161,0.016740101106058468,0.9979732323683049
1740164668.358453,1740164668.3462062,1,3,-0.007414772198009549,-0.019660618913204236,-0.025544155135965505,-0.01473155383192255,-0.06665092168259476,0.0191473665055913,0.9974838416317622
1740164668.3723085,1740164668.3626912,1,3,-0.00822075094242358,-0.020806610750137573,-0.027053219337200785,-0.015305434163062206,-0.07388170334941378,0.02181315747345921,0.9969109407345811
1740164668.389428,1740164668.3793607,1,3,-0.009033672025831673,-0.021662490920255628,-0.028206663538462896,-0.01566175726264643,-0.08089933452691238,0.02427479473458338,0.9963035387737728
1740164668.40647,1740164668.396252,1,3,-0.009858337450062114,-0.022124307567839573,-0.028863966861066178,-0.015699416567749133,-0.08754821687893638,0.02678012928535322,0.995676484966985
1740164668.422705,1740164668.4127817,1,3,-0.010616794695670232,-0.0226579438249613,-0.029608975512466242,-0.015925140561890355,-0.09373504460684584,0.029146037513630797,0.9950430341487199
1740164668.4421084,1740164668.4294074,1,3,-0.011346155802261925,-0.02293569610328183,-0.030026970256921026,-0.015912592745398493,-0.09962763070389022,0.03147215204768727,0.9943996320584274
1740164668.458748,1740164668.4461558,1,3,-0.012026102078081644,-0.023033090052855653,-0.030225284387112576,-0.015739466695898714,-0.10480035035872054,0.03341902575442276,0.9938069855210534
1740164668.4735262,1740164668.462783,1,3,-0.012659088831363574,-0.02290937049898259,-0.030144322460344857,-0.015567004531052949,-0.10934781425943955,0.03524437902700969,0.9932565417018977
1740164668.4895275,1740164668.4795732,1,3,-0.013241169800717618,-0.022524201873453897,-0.02972443990803828,-0.0153197451291314,-0.11370135638131934,0.03709810152340196,0.9927039023946598
1740164668.5059516,1740164668.49598,1,3,-0.01373147427746062,-0.02219939283510965,-0.029365110125773513,-0.014893786524167606,-0.11701690566323522,0.038540937476920556,0.992270031317269
1740164668.52494,1740164668.5126925,1,3,-0.014187055217703698,-0.02144379283315224,-0.028464534620261425,-0.01433709269651557,-0.11994105556683267,0.03982463037587217,0.9918783139972114
1740164668.5415165,1740164668.5296476,1,3,-0.014572688262523543,-0.020494672632150338,-0.027312881657474426,-0.01374558174921377,-0.12218685770606992,0.04093152702196358,0.9915674666314656
1740164668.5580204,1740164668.546173,1,3,-0.014851430162722926,-0.01965588020193669,-0.02628634382737119,-0.013191988744567626,-0.12369819083030928,0.041694232465989065,0.9913557988922764
1740164668.5751677,1740164668.563067,1,3,-0.01500999171241887,-0.019000732521279894,-0.025478377441998254,-0.012748768230044139,-0.1249085804001517,0.042437467098574565,0.9911782770204828
1740164668.591478,1740164668.5794246,1,3,-0.015017637169605167,-0.01876834622655972,-0.025188598786922155,-0.012615766841409005,-0.12517402791700355,0.04289676570974018,0.9911267187669193
1740164668.6080604,1740164668.5962007,1,3,-0.01488602138485207,-0.018848256222212156,-0.025271355913543587,-0.012805670942674362,-0.12509460032196942,0.04326569473009034,0.9911182751929849
1740164668.6258028,1740164668.6131785,1,3,-0.014609091156417604,-0.01925881001241555,-0.025756221912303128,-0.013209566190407983,-0.12429975629508071,0.043245138611328095,0.9912138699254222
1740164668.6416504,1740164668.629555,1,3,-0.014255198983053611,-0.019549643187678673,-0.026085010286352146,-0.013492637676736759,-0.12305010043465109,0.04318276544370852,0.9913686853437425
1740164668.6580071,1740164668.64618,1,3,-0.013848144150796679,-0.01951229329248911,-0.025992234742796758,-0.013745041550778794,-0.1213099136753724,0.04299862943821801,0.991587664578012
1740164668.6727965,1740164668.6629355,1,3,-0.013321593966536139,-0.01970834500541034,-0.026184592252649443,-0.014108251931826044,-0.11836609851136558,0.04223537954919757,0.9919710664454691
1740164668.6892955,1740164668.6793864,1,3,-0.01280307482618781,-0.019245023555076703,-0.025542160626609453,-0.014056906793088714,-0.11515053820945283,0.04149151503331972,0.9923815854305861
1740164668.7074182,1740164668.6963735,1,3,-0.01210090217747125,-0.019497330412006273,-0.025779881232184092,-0.014255795466250366,-0.11107135190315547,0.040270348424414355,0.9928938644788807
1740164668.7250862,1740164668.7130628,1,3,-0.011419163725847944,-0.019149520800562314,-0.025268894508731234,-0.014268538057621022,-0.10645731523731237,0.03890630106174054,0.993453344949754
1740164668.7393925,1740164668.7294917,1,3,-0.010687355290076328,-0.018677623907630017,-0.024602825082624066,-0.014119058638847031,-0.1014516577531272,0.03741974818336866,0.9940362044554456
1740164668.756258,1740164668.7463148,1,3,-0.00989514684975796,-0.018219633129081366,-0.02395860755467546,-0.014067013997821858,-0.09594200327330885,0.03580092126060854,0.9946434261392276
1740164668.7730281,1740164668.7628682,1,3,-0.009034040237912029,-0.01792994119151175,-0.02351866583363896,-0.014059350149350003,-0.08976237485637083,0.03364344028161178,0.9952955187578914
1740164668.7895195,1740164668.779699,1,3,-0.00818017711057398,-0.017288753503313648,-0.022634677811684278,-0.013809880539145947,-0.08323767737235205,0.0315690784306528,0.9959338178574869
1740164668.8058217,1740164668.7963037,1,3,-0.007276585451281815,-0.016786115618988587,-0.021935720364196894,-0.013670982517242287,-0.07630685709386192,0.029213782442090785,0.9965625533366665
1740164668.8224301,1740164668.8129385,1,3,-0.006388219568105307,-0.01603029759807094,-0.020921626084219293,-0.013293573148439786,-0.06904506177676237,0.026556691140030078,0.9971714007696386
1740164668.8402774,1740164668.8299077,1,3,-0.005541307806531618,-0.014988362406813399,-0.019555557153716163,-0.01261818173325674,-0.061792223363627115,0.024085808667812698,0.9977185857957863
1740164668.8555222,1740164668.8463025,1,3,-0.004689339124353352,-0.014046855529527783,-0.018325362545991663,-0.012196551534926919,-0.05465209936875297,0.021575922295945835,0.9981978119302422
1740164668.8726308,1740164668.8630044,1,3,-0.003887714831582564,-0.012894163047357951,-0.016834020424084516,-0.011518068162235138,-0.04736209885177658,0.018885908266957192,0.9986328094785873
1740164668.8936863,1740164668.880667,1,3,-0.003117577043137241,-0.01177552255926314,-0.015391290858301626,-0.01083135693691374,-0.040236409718720556,0.016250530016527372,0.9989993159727559
1740164668.9068763,1740164668.8965943,1,3,-0.0024183389107591364,-0.010492603456156897,-0.013747684664758453,-0.00997945468528072,-0.03364022163702251,0.013929253197790615,0.9992871068305386
1740164668.9224298,1740164668.9129395,1,3,-0.0017509036986508636,-0.009316566735593562,-0.012246121703973007,-0.009260792305293466,-0.027155776634824724,0.011393085427998094,0.9995233859823731
1740164668.939404,1740164668.92976,1,3,-0.0011147368235504339,-0.008289160562516697,-0.010945134738141689,-0.008689750985711245,-0.02086063773858054,0.008994209589372831,0.9997041693495173
1740164668.95591,1740164668.9464386,1,3,-0.0005966887792693797,-0.006986093667680204,-0.009298531746476185,-0.007885584175859337,-0.015514835159117314,0.006959848454647438,0.9998243185488535
1740164668.9757013,1740164668.9634821,1,3,-0.00016749846434185438,-0.005535610573233569,-0.007473969566565327,-0.007008401784408568,-0.01053941991264191,0.004973633381373435,0.9999075286761876
1740164668.9896753,1740164668.9799793,1,3,0.00013629085833507937,-0.0037736759550677105,-0.005263817546279881,-0.005886744867908429,-0.005755818241715989,0.0029446359306405595,0.9999617722245508
1740164669.0061502,1740164668.996511,1,3,0.0004292312820811458,-0.0025788411642341654,-0.003764216226812673,-0.00508027314667001,-0.002152829584539405,0.0014607392605682416,0.9999837110625092
1740164669.0227776,1740164669.0131845,1,3,0.0005820847785353143,-0.0009992666267537246,-0.0017876432509661526,-0.0041419505473174936,0.0013003615215761008,-0.0002244299147030692,0.9999905514237573
1740164669.0392518,1740164669.0297687,1,3,0.0006590085497970746,0.0003683065842294663,-8.088972125215889e-05,-0.0033243420036635288,0.003360787498592504,-0.000993579876220365,0.9999883332602744
1740164669.056803,1740164669.0469167,1,3,0.0006406425105690294,0.0017052135916284308,0.001585649551298229,-0.0024947683435411977,0.005413117985124457,-0.0020765023981837074,0.9999800810128077
1740164669.0733137,1740164669.0635188,1,3,0.000604028082377481,0.0024399705357638253,0.00250151298812722,-0.002031501641961741,0.006446515951748238,-0.002783943534509722,0.999973282188859
1740164669.089955,1740164669.0798311,1,3,0.000597881542235103,0.00230118570020923,0.0023328101280637547,-0.002075927523518402,0.007036820806408006,-0.0034142283868105246,0.9999672578251642
1740164669.1067114,1740164669.0965455,1,3,0.0005626945356172201,0.0016002767275231713,0.001463872391527707,-0.0024861303953283625,0.006737657206992549,-0.003574302559598106,0.9999678232284432
1740164669.1224222,1740164669.1131692,1,3,0.0004922152222810218,0.000490416178172226,7.390555642717292e-05,-0.0031372186601858762,0.0060564832664343135,-0.003757609677457849,0.9999696781598097
1740164669.1401417,1740164669.1303408,1,3,0.0003058543742158709,-0.0005204141931172264,-0.0011873468943202376,-0.0036289399055308273,0.004392431592736458,-0.003498536766453918,0.9999776485403856
1740164669.1560102,1740164669.1465356,1,3,8.99739793516192e-05,-0.0019801162885517355,-0.003017915561921364,-0.004667090361559427,0.0022767038776330267,-0.0032655921419631247,0.9999811852204885
1740164669.1731675,1740164669.1632655,1,3,-0.00026792890477395266,-0.0030935246515088567,-0.004412700948314252,-0.005459486500332809,-0.0005695977919841934,-0.0026648160545796364,0.9999813839871737
1740164669.1919587,1740164669.180207,1,3,-0.0006278671405794026,-0.004836241174528022,-0.006593899800821976,-0.006363721211822074,-0.00419763211575881,-0.0016408702701594103,0.9999695947786189
1740164669.2082956,1740164669.1968596,1,3,-0.001094171966021398,-0.006384989071715576,-0.008545269454699826,-0.007244837959367107,-0.008498016826697272,-0.00046232030474071883,0.9999375391957698
1740164669.223744,1740164669.21383,1,3,-0.0016535265791710865,-0.007761652409480455,-0.010287902687202565,-0.008110890159333813,-0.013321967251054476,0.0009282704597249605,0.9998779310312528
1740164669.2397556,1740164669.2302089,1,3,-0.002256735856984345,-0.00931955574755348,-0.01226110316174919,-0.009057711773696948,-0.018923087975198316,0.002555121066896423,0.9997766480345702
1740164669.2585716,1740164669.246861,1,3,-0.0028682392997131795,-0.011216207573900806,-0.01466564666459727,-0.01012393096216615,-0.024958012983719562,0.00459025309759068,0.9996266969155425
1740164669.2738626,1740164669.263866,1,3,-0.0035920984890014506,-0.012592784960268952,-0.0164244827633548,-0.01090206851285442,-0.031342251793894174,0.006559828768742287,0.9994277246510394
1740164669.2896116,1740164669.2800992,1,3,-0.004289732460633108,-0.014444314594035808,-0.018777441826992872,-0.011931898110711391,-0.03802545218362491,0.008839612500226178,0.9991664306033066
1740164669.3066003,1740164669.2969122,1,3,-0.005061384484881985,-0.01591371044859411,-0.02067067857670093,-0.012806449421168369,-0.04495571063811693,0.011101863976389684,0.9988451969902516
1740164669.323048,1740164669.3135178,1,3,-0.005880180232489113,-0.01720062830339873,-0.022339047663932098,-0.013343123747715652,-0.05209711441556202,0.013651424685295559,0.9984595586814153
1740164669.3398788,1740164669.3301845,1,3,-0.00666322800005244,-0.018718710401688397,-0.024310985415662692,-0.014247743811462198,-0.05944242738801428,0.016203721978832915,0.9979985165402483
1740164669.3590446,1740164669.3471227,1,3,-0.007464602786685228,-0.020058713338117328,-0.02605580620587429,-0.014984501881359443,-0.06678146072890194,0.018811288746794406,0.9974777374066884
1740164669.3737803,1740164669.3636575,1,3,-0.008285328585023604,-0.021118509932126786,-0.027455774719235368,-0.015463712746129418,-0.07377030546855014,0.021316660931131368,0.9969274876268229
1740164669.3925745,1740164669.3802266,1,3,-0.009076250647601309,-0.022147187574153855,-0.02881795018876904,-0.015870634660392464,-0.08086817970325383,0.023929838321974546,0.9963111076891809
1740164669.4065428,1740164669.3969076,1,3,-0.009890463482486971,-0.022690632465726935,-0.029579067852602087,-0.01594794136484787,-0.08765951255133783,0.02656068211342534,0.9956686211743117
1740164669.4231298,1740164669.4134436,1,3,-0.010655211696895473,-0.023190007314225422,-0.03028620457556528,-0.016233502550254054,-0.09391487952201806,0.028958749015751448,0.9950265622860318
1740164669.440625,1740164669.4304488,1,3,-0.011395818478602038,-0.023374190056325694,-0.030596265929337667,-0.016201547200561012,-0.09983713787302924,0.031238455098786328,0.9943813225783512
1740164669.4568002,1740164669.446926,1,3,-0.012097741051319728,-0.023307354809974895,-0.03058937373154477,-0.01586065992227416,-0.10516313010204241,0.033323623620176636,0.9937699389913098
1740164669.4768264,1740164669.4635105,1,3,-0.012724310081063143,-0.023202820515408448,-0.03052361383809354,-0.015515867858430673,-0.10978470297954174,0.03520663105187423,0.9932104862345498
1740164669.4900713,1740164669.4803295,1,3,-0.013301133135449061,-0.022832368601320926,-0.030116901491467184,-0.015284741875654985,-0.11400206950029881,0.0370379879392221,0.9926721977898131
1740164669.5091934,1740164669.496931,1,3,-0.013822757745101144,-0.022202581783691826,-0.029382160049910188,-0.014830146603464442,-0.11744928564969721,0.03851380892874058,0.9922209524969204
1740164669.5235007,1740164669.5138607,1,3,-0.014250259070429322,-0.02164010583649962,-0.02872842219049391,-0.014190388650709485,-0.12024470516357663,0.039904796307704375,0.991840436250563
1740164669.5398703,1740164669.530293,1,3,-0.014601762173225456,-0.020916080097385874,-0.027859223131667037,-0.013592524403535412,-0.12237980573950338,0.040908178741010534,0.9915467449089802
1740164669.5568035,1740164669.5470223,1,3,-0.014892108893498507,-0.019935156622207066,-0.02665318128844168,-0.0131636097885087,-0.12417841967421964,0.041915894171434105,0.9912867886138493
1740164669.5734797,1740164669.5639179,1,3,-0.015059326028999516,-0.019146748957143717,-0.025676154988524432,-0.012754621521708849,-0.1251810309963913,0.04263676676182985,0.9911352759480493
1740164669.5927627,1740164669.5803392,1,3,-0.015034530110715514,-0.0191134161450502,-0.02563146708621973,-0.012668508154412715,-0.1256606108152928,0.043210934897535386,0.9910508235685747
1740164669.6100087,1740164669.5974867,1,3,-0.014885152644071784,-0.019248553443906174,-0.025785759033888626,-0.012711254181506587,-0.1254001271256344,0.04344141933967379,0.9910731936742929
1740164669.6249647,1740164669.6140141,1,3,-0.014661199348260162,-0.01916590350058816,-0.025656197799588762,-0.012883513018165328,-0.12499543024445309,0.0437278817952219,0.9911094943869815
1740164669.6425102,1740164669.630699,1,3,-0.014323864087093966,-0.019266797046602675,-0.025746501100458615,-0.01331280250316102,-0.12359616299839539,0.04363903728678261,0.9912832048442406
1740164669.6598563,1740164669.6473172,1,3,-0.01383192561269595,-0.019888514281822214,-0.026474125334850128,-0.01377563964476587,-0.12148747609799306,0.04313267091713936,0.9915596792948325
1740164669.6739988,1740164669.663793,1,3,-0.013357276311145265,-0.01959807895603618,-0.0260536022640975,-0.013746798575239255,-0.11883824472990492,0.042593121719341355,0.9919043921168251
1740164669.6931047,1740164669.6805406,1,3,-0.01277131682814124,-0.019570969797098634,-0.025948890386101486,-0.01393756125853972,-0.11541353037756531,0.04164344678405157,0.9923463532113649
1740164669.7081535,1740164669.697241,1,3,-0.012131629310898732,-0.019341509111894323,-0.025597537558593977,-0.014149196079515076,-0.1115596517574197,0.0406836091391365,0.99282379519101
1740164669.7236662,1740164669.7138314,1,3,-0.011426151278945269,-0.019101011224283877,-0.02522387777960714,-0.014213660797393108,-0.10689739978146354,0.03933455529767179,0.9933900092744203
1740164669.741965,1740164669.73073,1,3,-0.010677741927257227,-0.018656847383306977,-0.024592179253313674,-0.013967966279145334,-0.10160285057019056,0.03769013952362652,0.9940126810341636
1740164669.7574298,1740164669.7472913,1,3,-0.009895889271445114,-0.018095537209879938,-0.023809462828643633,-0.013906896452449318,-0.09607939843610108,0.03601161999555614,0.9946248089870439
1740164669.7734275,1740164669.7638566,1,3,-0.009059161535049669,-0.017590024840983463,-0.023096826526822323,-0.01383002451064399,-0.08996961513997043,0.03403651516275755,0.995266654926797
1740164669.7902887,1740164669.7807276,1,3,-0.008176319279395623,-0.017123168964097657,-0.022439002159187427,-0.013619492529574848,-0.08338219085832345,0.03182709692458375,0.99591613882508
1740164669.8068779,1740164669.797191,1,3,-0.007258516295898163,-0.016723223415706704,-0.021866087430934118,-0.0134002931551235,-0.07637232384270104,0.029448472599421526,0.9965543074794186
1740164669.8252459,1740164669.8141565,1,3,-0.006378182753888509,-0.015936730271347985,-0.02081309457140514,-0.013133822353744091,-0.06949722524236183,0.02703429793952611,0.9971292720249013
1740164669.8404315,1740164669.8305616,1,3,-0.005526011283540847,-0.01486680830375137,-0.019412145586772282,-0.012590332868113912,-0.06191826625557161,0.024409626205745178,0.9977032534630074
1740164669.8596506,1740164669.8474338,1,3,-0.004629874832318999,-0.014237754759668977,-0.018566971730494906,-0.01222117322782332,-0.05480793158654034,0.021816990490255976,0.9981837268189102
1740164669.8763626,1740164669.8644347,1,3,-0.0038390678686951655,-0.012986227238130275,-0.016949764787999783,-0.011338969142710976,-0.04740627216962549,0.01908659870764048,0.9986289475513583
1740164669.8924057,1740164669.8809214,1,3,-0.0030918496178395883,-0.011701776030239683,-0.01530253823588947,-0.010615249451705434,-0.04035122899634612,0.016543719052206887,0.998992192240502
1740164669.907427,1740164669.897693,1,3,-0.00238019214808353,-0.010491967053211733,-0.01375970824633405,-0.010067255316879787,-0.033483598207142716,0.013938107864596708,0.9992913630021237
1740164669.9236774,1740164669.9143443,1,3,-0.0017140569989317952,-0.009332619532474697,-0.01228101450236747,-0.0093323692215114,-0.026905545058933455,0.011379746817182753,0.9995296393265043
1740164669.9402137,1740164669.9307325,1,3,-0.0011031780674238118,-0.008180218609059932,-0.010815806806238948,-0.008457674835983383,-0.021015495503639115,0.009213923349939623,0.9997009154250118
1740164669.9573007,1740164669.947638,1,3,-0.0006488588065341588,-0.006475025623866235,-0.00866138207658419,-0.007516920907303997,-0.015530640460616226,0.007088537447977662,0.9998260087354225
1740164669.975801,1740164669.964226,1,3,-0.000266312178612302,-0.004745711678274143,-0.006490126378827688,-0.006572912932502383,-0.010340402633139064,0.0049274210020164196,0.9999127929030787
1740164669.990477,1740164669.9808314,1,3,0.0001474331793626878,-0.003751218745005154,-0.005241103554505357,-0.00586271050939062,-0.006100812743468937,0.003293258140135271,0.9999587807305733
1740164670.008802,1740164669.9979894,1,3,0.000411632671701561,-0.0024006719924336488,-0.0035507877341879436,-0.004919643752792352,-0.002439310671544518,0.0017800858319718946,0.9999833389428167
1740164670.0236957,1740164670.0144033,1,3,0.0005340844677574854,-0.000639064584956163,-0.001343044804545108,-0.003944160248668427,0.001194490559797959,-7.385630539861073e-05,0.9999915056326636
1740164670.0408826,1740164670.0312364,1,3,0.0006454578405720741,0.00042195171380577143,-1.4779220114599184e-05,-0.0033455174708992863,0.003188557042900451,-0.0009424889686242873,0.9999888761038196
1740164670.0572917,1740164670.0476162,1,3,0.0006304131121603817,0.0016807511553457721,0.0015571570647772341,-0.0024563115886860228,0.005141179651037157,-0.0019360962106212275,0.9999818930043874
1740164670.0734663,1740164670.064175,1,3,0.0005909312534647302,0.0024268995293763597,0.0024838267342657625,-0.0019188489522023035,0.006378247485380422,-0.002846047135180481,0.9999737676526411
1740164670.0904741,1740164670.0810757,1,3,0.0005692087988790222,0.0023732420431945168,0.0024190279649878377,-0.0019998636397269517,0.006891906156293143,-0.0032566228642916003,0.9999689478091183
1740164670.1067395,1740164670.0976112,1,3,0.0005528069195714499,0.0015338819076184981,0.0013763612739882884,-0.002563009394340888,0.006645448541073839,-0.003646004329972088,0.999967987312073
1740164670.1241682,1740164670.1145465,1,3,0.0004471612696035798,0.000618938484639661,0.00023338509402537076,-0.0030201345506439144,0.005878186692581914,-0.0037483206942341145,0.9999711374837157
1740164670.1403556,1740164670.1310043,1,3,0.0002864623926033584,-0.0005992353568039558,-0.0012850872893592183,-0.003696736435130632,0.004273112637578842,-0.0034915677770215635,0.9999779415579997
1740164670.1570642,1740164670.1476283,1,3,7.36196163933141e-05,-0.002110382799015816,-0.003172366042575192,-0.004690054002383857,0.0021304187416606364,-0.003288903954211418,0.9999813237357085
1740164670.1738036,1740164670.164456,1,3,-0.00027941249769337896,-0.0033089661731414695,-0.00468290031148889,-0.0055205034693008685,-0.0007432692121151155,-0.002574829853662709,0.9999811707445039
1740164670.1923308,1740164670.1810899,1,3,-0.000672040797756877,-0.004814165487828577,-0.006575418385342585,-0.006350268745326905,-0.004448690860295473,-0.0016091788159437559,0.9999686463984908
1740164670.2105372,1740164670.1981099,1,3,-0.0011469548182211577,-0.006300179985130045,-0.008448372233307288,-0.007267300233408511,-0.008777480619986615,-0.00034040788901056035,0.9999350110400936
1740164670.2242482,1740164670.214546,1,3,-0.0016793200685894867,-0.00789449517807851,-0.010454948361290534,-0.008216696711476675,-0.013819708717026188,0.0011063643690298938,0.9998701303189386
1740164670.2404974,1740164670.2309854,1,3,-0.0022696928185788013,-0.009565154542822302,-0.012562145609924717,-0.009089382249430226,-0.018963133194106935,0.0025967131345850324,0.9997754946940253
1740164670.2598028,1740164670.2481673,1,3,-0.002965693965254745,-0.010866911041913086,-0.01423006924810943,-0.009855725028194241,-0.02508918829049159,0.004520068280395063,0.9996264133654299
1740164670.2745795,1740164670.2646954,1,3,-0.0036375566753609457,-0.0125994425687343,-0.016435054846207695,-0.010708572391002034,-0.03162602650590197,0.006690686078962661,0.9994200096278778
1740164670.2925215,1740164670.2813213,1,3,-0.0043385175567910664,-0.014418568966748133,-0.018755477951443507,-0.011951669208484842,-0.03820656992608206,0.008788404196016581,0.9991597367634976
1740164670.3076727,1740164670.2979214,1,3,-0.0051163007658995025,-0.015875358188786916,-0.020627029823920597,-0.012789159962912048,-0.04539930463741205,0.01135946669246159,0.9988224582188495
1740164670.3239489,1740164670.3144646,1,3,-0.005910089779882226,-0.017272726735615324,-0.02243084903642965,-0.013537698820115941,-0.052463823315347005,0.013722174188767075,0.9984367680976722
1740164670.3434048,1740164670.3324332,1,3,-0.006686371487733778,-0.018820081173845985,-0.024431101820964904,-0.014280617764088165,-0.05995782934898913,0.01639339922783418,0.9979641171494045
1740164670.359904,1740164670.348842,1,3,-0.00751047473313571,-0.019980297797098565,-0.02595581031427953,-0.014901060327845815,-0.06705543188732951,0.01892138993723509,0.9974585246807772
1740164670.3772507,1740164670.365019,1,3,-0.008314899496005362,-0.021112383383327854,-0.02745293504185965,-0.01547841260025105,-0.07404487961881097,0.021406959604342624,0.9969049687036925
1740164670.399157,1740164670.3821332,1,3,-0.009140269199720967,-0.021859635462957164,-0.02846657190507395,-0.015770065576993758,-0.08102804003936213,0.024093323087185616,0.9962957761336206
1740164670.4088154,1740164670.3985705,1,3,-0.009943038493910678,-0.02244110889950549,-0.029272839548263253,-0.015906846890748526,-0.0878980018294587,0.026679874460612613,0.9956450661732567
1740164670.4247575,1740164670.4147778,1,3,-0.010702434654918535,-0.022912468404151277,-0.029935352839383717,-0.016012621585933754,-0.09411254858948441,0.028954973493420737,0.9950115746351562
1740164670.4444396,1740164670.432495,1,3,-0.011431985077197561,-0.023122123891363932,-0.030275803157872937,-0.016001440129088943,-0.09996403347539297,0.03138643568427644,0.9943671543148248
1740164670.4607663,1740164670.4483037,1,3,-0.012117891892834052,-0.023111528288828863,-0.03034271685342394,-0.015762921835856793,-0.10513543437015302,0.03337996027105877,0.9937725338261761
1740164670.4781744,1740164670.46499,1,3,-0.012750162441284347,-0.022897012258766152,-0.03014251547275002,-0.015404425061245485,-0.10981263929958412,0.035338713018673765,0.9932044418450694
1740164670.4937327,1740164670.4821467,1,3,-0.013319662162924299,-0.022562716085880345,-0.029783180440015485,-0.015186174445510927,-0.11392919009603848,0.03703354696083875,0.9926822432930241
1740164670.5083976,1740164670.498627,1,3,-0.013824626104212406,-0.022037510672557492,-0.02917369779476389,-0.014762539532995007,-0.11739555095977378,0.03853017829338403,0.9922276842550142
1740164670.5260284,1740164670.5148122,1,3,-0.014239254493569302,-0.021508798853381965,-0.028556448910846886,-0.014229911619868672,-0.12007262071227232,0.03980513338855735,0.9918647219890909
1740164670.541838,1740164670.5316443,1,3,-0.014615408628956723,-0.02057120300102221,-0.027421332898472112,-0.01350923344382788,-0.12241662264668361,0.04101441664178825,0.9915389496833059
1740164670.5574422,1740164670.5480514,1,3,-0.014888710162587294,-0.019640852249847948,-0.026277842616944335,-0.013033094508393163,-0.12384544045978378,0.041821247054174185,0.9913341659701289
1740164670.5749488,1740164670.565001,1,3,-0.015046558925305934,-0.018890688672522006,-0.02535185866127239,-0.012623796587598045,-0.12501052078283661,0.042598796093983406,0.9911601041328602
1740164670.591036,1740164670.581453,1,3,-0.015024620664897135,-0.01879805527986137,-0.02523355649951956,-0.012639542333949583,-0.1253290073485721,0.04304908168946794,0.991100226239659
1740164670.6081378,1740164670.598378,1,3,-0.014861022474875286,-0.0190304211761288,-0.025504294769971816,-0.012730069115598076,-0.12524760750246539,0.043383140797547466,0.9910947912534707
1740164670.6244931,1740164670.6149397,1,3,-0.014593608234505158,-0.019251495577628112,-0.025752667783052643,-0.01316333472281947,-0.12440463839463438,0.04344613179863129,0.9911925373995766
1740164670.6406128,1740164670.6312876,1,3,-0.014233557946451753,-0.019511279250816124,-0.026038824361857574,-0.013522848241840114,-0.12298689651445681,0.04332182279991485,0.9913700497445256
1740164670.6583061,1740164670.648254,1,3,-0.013826945449870853,-0.019370800356496017,-0.025820015156004263,-0.013638590500614849,-0.1214458155571164,0.043391440716307864,0.9915553870588302
1740164670.6748207,1740164670.6649528,1,3,-0.013284271810334801,-0.019593496617416734,-0.026040742604017446,-0.013975474544043088,-0.1182000805227347,0.042294113855913716,0.9919902393717546
1740164670.6916666,1740164670.6813967,1,3,-0.012672179891661955,-0.019700948559852327,-0.026104194852214126,-0.014168624479600822,-0.11485992806525257,0.041471492298664224,0.9924145113468076
1740164670.7088943,1740164670.6984172,1,3,-0.012074717525019332,-0.019153654616870172,-0.025352842760165653,-0.014117925698406806,-0.11079287775660053,0.04030841974829892,0.9929254018856503
1740164670.725134,1740164670.7148314,1,3,-0.011347796169577824,-0.019063317747492044,-0.025161638136547253,-0.0142010480360692,-0.1058873018538126,0.03874986431965962,0.9935213422750439
1740164670.7419038,1740164670.7314796,1,3,-0.010596876548234298,-0.018652870394958245,-0.024573126121451155,-0.014099189095128051,-0.10077132167216969,0.03721797958778137,0.9941132609470147
1740164670.760449,1740164670.7482107,1,3,-0.009792853416519446,-0.018241434786723305,-0.023982720905736436,-0.01412899070560429,-0.09511449248120842,0.03536998903045246,0.9947374371248269
1740164670.7768903,1740164670.7650366,1,3,-0.008948515008228826,-0.017752949914366434,-0.02329281926812982,-0.014043542642851252,-0.08904657315819305,0.033475359012207655,0.9953657051846947
1740164670.794879,1740164670.7818842,1,3,-0.00807558839732877,-0.017221445714241147,-0.022553135767083635,-0.01383532835967512,-0.08229279229307897,0.031231459686864492,0.9960226282327205
1740164670.808147,1740164670.7983751,1,3,-0.007184455585357012,-0.0166032781022512,-0.021706313540901218,-0.013473334340497974,-0.0752045882423869,0.028751300323002434,0.9966624814343013
1740164670.8248138,1740164670.814997,1,3,-0.006298421042302918,-0.015840461054642548,-0.020682881612477846,-0.013182937706147384,-0.06807808676381571,0.02627360287913865,0.9972468511094751
1740164670.8419287,1740164670.8316545,1,3,-0.005436253403306259,-0.014917701977181968,-0.0194699741179435,-0.012708745221417428,-0.06090502033172507,0.023692764369466046,0.9977813985086224
1740164670.8579938,1740164670.8482857,1,3,-0.00460401013732745,-0.013844184231275685,-0.018071938366910373,-0.012035427377342287,-0.0535474821495401,0.02116718276961652,0.9982683837610441
1740164670.87769,1740164670.8652413,1,3,-0.0038153771501078957,-0.012620307736690317,-0.01649605693087529,-0.011263553679608702,-0.046295243785684545,0.01838534428040528,0.998695079529794
1740164670.8938067,1740164670.8816066,1,3,-0.0030374292361554332,-0.01159577096181103,-0.015166960081957054,-0.0107295563137665,-0.03931519000509942,0.015882918137730795,0.9990430047638603
1740164670.9107401,1740164670.8984973,1,3,-0.0023429272128560547,-0.010288644291954582,-0.013494897421684636,-0.009959027891943927,-0.03237855586107926,0.01325719959528252,0.9993381277338963
1740164670.927711,1740164670.915363,1,3,-0.0017084782401516401,-0.008940982004677479,-0.011784408449925628,-0.009040323289118803,-0.02605254430098133,0.010907290609562347,0.9995601875334131
1740164670.94391,1740164670.9318726,1,3,-0.0011390282913746976,-0.007566521197650465,-0.010046802609235137,-0.008206059721053116,-0.020250242641785668,0.008720580574954744,0.9997232315652362
1740164670.961427,1740164670.948803,1,3,-0.0005827458558508541,-0.006518583210730338,-0.00871693475101965,-0.007656907120074516,-0.014785675867016639,0.0066493769962376525,0.9998392577550013
1740164670.9772787,1740164670.9651287,1,3,-0.00021065494566311764,-0.00480350779915865,-0.006559815764933148,-0.0066918273190769316,-0.009852870443625088,0.0046298184181615114,0.9999183492528615
1740164670.9936085,1740164670.981734,1,3,0.0001558066040610377,-0.0035422436963774145,-0.004974422769002172,-0.005747346856408135,-0.00557516543113698,0.0029298641125433205,0.9999636500547456
1740164671.0100038,1740164670.999436,1,3,0.0004285263334186076,-0.0022892444121859245,-0.0034057569351485886,-0.004950861263223988,-0.0018894009862737272,0.001369541810418837,0.9999850216337718
1740164671.025171,1740164671.015471,1,3,0.0005841699642426675,-0.000803642827799299,-0.0015453101145278582,-0.00399869752493745,0.0013308140600360083,-6.943854563021013e-05,0.9999911172257132
1740164671.0415587,1740164671.032,1,3,0.0006332425101018274,0.000665539314335354,0.0002906214168513681,-0.0031726698912061552,0.0037632846923869034,-0.001281784542595005,0.9999870643575706
1740164671.060093,1740164671.0488746,1,3,0.0006313953180918998,0.0018072522723264226,0.00171176856563132,-0.0024332624183602838,0.005563718056104654,-0.0021679323592014334,0.9999792119562694
1740164671.0748804,1740164671.0653567,1,3,0.0005843323343139032,0.002548130752321683,0.002637147185663708,-0.001975735741828788,0.006471222917428208,-0.0028324299620273124,0.9999730981795169
1740164671.094275,1740164671.082306,1,3,0.0005745744675870028,0.002315102298953206,0.002350646736950254,-0.002093788291751533,0.006920302159546431,-0.003218949915776085,0.9999686814245982
1740164671.1110559,1740164671.0987039,1,3,0.0005614082654558103,0.0014043446300099679,0.0012175135284667742,-0.0026212472623695113,0.00657808652025413,-0.0035211235864099633,0.9999687292756763
1740164671.1273897,1740164671.1154613,1,3,0.000439958576764364,0.0005418470384783275,0.00014035757800768113,-0.0030564344462409624,0.005665215314708677,-0.0036059225538593166,0.9999727800627621
1740164671.1440597,1740164671.1322467,1,3,0.0002759687844149816,-0.0007145924158722379,-0.0014346584885927024,-0.003878924822307768,0.0038915448350443247,-0.0032458868164541043,0.9999796368125675
1740164671.158943,1740164671.1486137,1,3,6.556718443127394e-05,-0.002274906091770497,-0.0033834316591711136,-0.004817231315161893,0.0016008280889372349,-0.002889420818613461,0.9999829412941097
1740164671.1745024,1740164671.1652555,1,3,-0.0002953487090895363,-0.003487615748477839,-0.0049048478329679936,-0.005652827982002471,-0.0015040045991889174,-0.0021626457339001923,0.9999805530456085
1740164671.1942785,1740164671.1820168,1,3,-0.0006881358767679561,-0.005064866880864154,-0.006882245134526846,-0.0064998514775690824,-0.005215148737944389,-0.0011142616527064744,0.9999646556630788
1740164671.2109952,1740164671.1987891,1,3,-0.001160818596109429,-0.006611289877857239,-0.008834470302420757,-0.007410584410855605,-0.009740682195709966,0.0001847169968874793,0.9999250813079362
1740164671.2279067,1740164671.2156594,1,3,-0.0017176530329318295,-0.00807330895932368,-0.010681518221025511,-0.00837769782667546,-0.014776006170069682,0.0017525029689610225,0.9998541956476108
1740164671.2443821,1740164671.232208,1,3,-0.00232476859250433,-0.009647054023434966,-0.012673314009821787,-0.009253297328547164,-0.020163558153089126,0.0033575496816835703,0.9997482354429497
1740164671.2610047,1740164671.2490215,1,3,-0.002991540036315912,-0.011194431243423085,-0.014641604423721756,-0.010121076393217325,-0.02633747150567217,0.005329871351488252,0.9995876619280109
1740164671.2773492,1740164671.2658417,1,3,-0.003686389772099898,-0.012832012887136568,-0.01672528365516692,-0.011022606529584842,-0.03284660924214875,0.007476582112682639,0.9993716541539988
1740164671.2917655,1740164671.2820437,1,3,-0.004415946558858581,-0.014465556397750533,-0.01881140535814753,-0.01196800302730341,-0.03951128572122377,0.009605734657291577,0.9991012736784435
1740164671.3086755,1740164671.2989604,1,3,-0.005204666785627126,-0.01586500730938169,-0.020619389327320516,-0.012771424084363355,-0.04685303562961212,0.012336398324158629,0.9987439597091615
1740164671.3251238,1740164671.3154967,1,3,-0.00599635981077232,-0.017323032249903277,-0.02250567816712664,-0.01352842753608642,-0.05422843526160703,0.014789718483355354,0.9983273624842013
1740164671.3415544,1740164671.3321047,1,3,-0.006802371946213409,-0.018692008504307182,-0.024285786779643877,-0.014205445285026593,-0.06131992987360156,0.017295791638942997,0.9978671891169351
1740164671.3589864,1740164671.3490567,1,3,-0.007611638544961799,-0.019942339350729837,-0.025917388837781514,-0.014904605987081461,-0.06858861973474997,0.019899573402949337,0.9973351798375673
1740164671.374936,1740164671.3654363,1,3,-0.008433840389749602,-0.02093744457916085,-0.027237203929068542,-0.015393515348051197,-0.0757169136780525,0.022490982929043984,0.9967568130467859
1740164671.3918,1740164671.3821335,1,3,-0.00923269682649989,-0.02186282569944846,-0.028475705845871523,-0.015725737765624033,-0.08266162305593142,0.025049798861850034,0.9961386775055303
1740164671.4085615,1740164671.3988523,1,3,-0.010034978349457319,-0.0224503655338686,-0.029294157424651,-0.01589408932111548,-0.08921806781033201,0.027469198649889844,0.9955063824136821
1740164671.426028,1740164671.415608,1,3,-0.010786916839142522,-0.022986753452138502,-0.030043522191768493,-0.016158646676900045,-0.09532851637056473,0.02978807273607808,0.9948688570996824
1740164671.4425092,1740164671.4324431,1,3,-0.011535727768482355,-0.0230211223964735,-0.03016204686962641,-0.015952266346447634,-0.10123491828751566,0.03206170007732314,0.99421781512196
1740164671.458705,1740164671.4489174,1,3,-0.012202543064862563,-0.023154205064067082,-0.03040152420344529,-0.01579970746918951,-0.10622040594530012,0.03396782204917144,0.9936366446895664
1740164671.4756277,1740164671.4655876,1,3,-0.012830921671210985,-0.022942063225167005,-0.030203917931484893,-0.01544849281386885,-0.11084151588387822,0.03594161015797237,0.9930678240108256
1740164671.4925346,1740164671.482351,1,3,-0.013401316091452776,-0.02252527310713616,-0.029742099838572258,-0.015138008436042282,-0.11485819259210223,0.03751822396940618,0.9925577157854587
1740164671.5092905,1740164671.4995093,1,3,-0.013897025627112931,-0.022038659464320574,-0.02918342624518334,-0.014853778838317304,-0.11825810755683455,0.038989929878672794,0.992105927116331
1740164671.528509,1740164671.5159748,1,3,-0.014330672035889022,-0.021313249899432004,-0.02832383997017686,-0.014251077566899589,-0.12096428840381811,0.04031081503105756,0.9917356431583327
1740164671.5444918,1740164671.532352,1,3,-0.014677189579907882,-0.02055266899335895,-0.02740309304417238,-0.013658137680617497,-0.12293949776765953,0.041267404143308255,0.9914617171222527
1740164671.5609214,1740164671.5489826,1,3,-0.01494047199040251,-0.019678973565158932,-0.026328009035724555,-0.013150647010362329,-0.1244402320308354,0.04211611232783421,0.9912456417143584
1740164671.5778995,1740164671.5658166,1,3,-0.015065407717924622,-0.01911965060398786,-0.025637654921822177,-0.012792073556602031,-0.12520425741024682,0.04261523503172458,0.9911327855154737
1740164671.5946808,1740164671.5823712,1,3,-0.015039477428151152,-0.018988164866276212,-0.025468717103924246,-0.012724947329012084,-0.12566950648243275,0.04316412290840071,0.9910510124859789
1740164671.608945,1740164671.5992737,1,3,-0.014875707592036935,-0.019157688757430805,-0.025668866415873157,-0.012909949123066328,-0.1253587272546516,0.043396465868940165,0.9910778321932238
1740164671.6256871,1740164671.6158152,1,3,-0.01458659286981248,-0.019510944803018786,-0.026081542022276808,-0.013405490386138802,-0.12466665257095044,0.043456902360793075,0.991155899039836
1740164671.6423957,1740164671.6324658,1,3,-0.014220151965761343,-0.019734835595304985,-0.026317734197464856,-0.013739897871786828,-0.12311152912387513,0.043243735292381916,0.991355005011432
1740164671.6618311,1740164671.6493316,1,3,-0.01379507812350004,-0.01969110710273886,-0.02621430259711499,-0.013840720268473529,-0.12061978627270939,0.04260934719331868,0.9916873222713574
1740164671.6763053,1740164671.6660373,1,3,-0.013262724319224721,-0.019817070553224975,-0.02631206721539231,-0.01409843813897506,-0.11786731017742354,0.04193701410387464,0.9920432541384635
1740164671.6928723,1740164671.6825514,1,3,-0.012681649341777623,-0.01966313385740729,-0.026057327250339737,-0.0142269325792714,-0.11434855492393024,0.04090896028513432,0.9924960752288057
1740164671.7092218,1740164671.6992435,1,3,-0.012034793076156349,-0.019430111753962528,-0.025696859584814727,-0.014352512054559218,-0.11014156801726492,0.039718517059302405,0.9930182676038904
1740164671.725526,1740164671.7158122,1,3,-0.011293891796028329,-0.01935742061282129,-0.025526693907829245,-0.014459439127533412,-0.10553959088477716,0.038531553611569874,0.9935631025517553
1740164671.7449982,1740164671.732727,1,3,-0.010567334921981995,-0.018722357791814512,-0.024655309703743914,-0.014154092213974746,-0.10003847610728821,0.036666723833175784,0.9942069786191764
1740164671.7591376,1740164671.7492843,1,3,-0.00974791418428297,-0.01833387414701153,-0.02408856362885642,-0.0141825768518248,-0.09397818627728369,0.03459664721401127,0.9948718646234919
1740164671.775926,1740164671.7659206,1,3,-0.008905342858536653,-0.01784535217552278,-0.023399888773923856,-0.014054437091092543,-0.087934517842026,0.03263892095849155,0.995492186914899
1740164671.792785,1740164671.7827117,1,3,-0.008052833458273333,-0.01715568948636876,-0.0224683652014978,-0.01378676483205244,-0.08095042069542722,0.03019800786998039,0.9961651644307704
1740164671.8115242,1740164671.7994382,1,3,-0.007124417911817294,-0.016790136559391693,-0.0219379377584578,-0.01364719906692897,-0.074273945413742,0.02811802237858552,0.9967479680480023
1740164671.8293772,1740164671.816445,1,3,-0.00625499221368047,-0.015901641021667523,-0.020755966450302057,-0.013245118140467091,-0.06704601667941171,0.02546519114160476,0.9973369152563194
1740164671.842863,1740164671.8327918,1,3,-0.0053838625420717205,-0.015006575920857752,-0.019572101369470962,-0.012778583243404128,-0.059717173650392044,0.022869916251010713,0.9978715017035872
1740164671.8590474,1740164671.8492725,1,3,-0.004533210389813338,-0.014057794790063435,-0.01832774855489803,-0.012107974920637848,-0.05224064425327899,0.02017160579714014,0.9983573600424291
1740164671.8755705,1740164671.8662164,1,3,-0.0037370949067192477,-0.012848506078130624,-0.016770807246310783,-0.011401759376086121,-0.045063591936000603,0.017558072135757156,0.9987647303884089
1740164671.8922915,1740164671.8826437,1,3,-0.003027731185641212,-0.011361163416754421,-0.014870502431164593,-0.010621784545387092,-0.038196910159198356,0.015068056074566174,0.9991001588597087
1740164671.9098306,1740164671.8996036,1,3,-0.0022681625098139807,-0.010518070395583749,-0.01377828719133794,-0.010061952190363745,-0.03139921083450737,0.012512191615743525,0.99937795239742
1740164671.9255815,1740164671.9161038,1,3,-0.0016873056516032278,-0.008816941457869988,-0.011621251676892248,-0.008994560049771087,-0.024957374310781228,0.010141613344809145,0.9995966061545962
1740164671.9444387,1740164671.9328701,1,3,-0.0010798450297463047,-0.007725520069406879,-0.010237855127810253,-0.008340033701009296,-0.01931542932658755,0.008026221866663037,0.99974643674801
1740164671.9593832,1740164671.949866,1,3,-0.0006218739786559012,-0.006069512090531838,-0.008150498383140551,-0.007401954707717968,-0.014077814810430545,0.0060743104769959595,0.9998550539697727
1740164671.9778955,1740164671.9662077,1,3,-0.00016109441612523895,-0.004932261959251622,-0.006714966307339594,-0.006698186502749412,-0.009326404842938386,0.004260329120126547,0.9999249982204007
1740164671.9953222,1740164671.9832351,1,3,0.00018257182808233753,-0.0035811985864128786,-0.005022107329802673,-0.005803088426205334,-0.005091571768623808,0.0025089420578732783,0.9999670520929141
1740164672.0118785,1740164672.0001402,1,3,0.00038309109737661855,-0.0018199519669717273,-0.0028191749879258035,-0.004709844333644126,-0.0013057028947865278,0.0009804395247614596,0.9999875755451373
1740164672.0277827,1740164672.016389,1,3,0.0005552040804213051,-0.0005511842386199686,-0.0012260961587464024,-0.003900306397519339,0.0018114362231495939,-0.0004025781839815172,0.9999906720763052
1740164672.0444784,1740164672.0332892,1,3,0.0006313929237315549,0.0006728915529874348,0.0003034759409265079,-0.0031309566290205672,0.00393192846522204,-0.001394331879100321,0.9999863963513416
1740164672.0594506,1740164672.0497499,1,3,0.0006212400564415367,0.0018255754946565797,0.0017419160290335003,-0.0024027631016403468,0.005423989417726495,-0.0021474676694203977,0.9999800975273871
1740164672.0759342,1740164672.0664334,1,3,0.0005838923512744193,0.0024786542662767882,0.0025502689767787213,-0.0019197551477242137,0.006431101172894755,-0.0028215115331143856,0.9999734969240661
1740164672.092534,1740164672.0831966,1,3,0.0005805646517212816,0.0022052727640347676,0.0022120466098954406,-0.0021549124241604695,0.006787817538126393,-0.003239763960230103,0.9999693924390863
1740164672.1092858,1740164672.0998883,1,3,0.0005630489035255867,0.0012915502834963978,0.0010784661809267208,-0.002707657728203225,0.006309814255547646,-0.003468270968086989,0.9999704125273804
1740164672.125856,1740164672.116596,1,3,0.00043909794220308855,0.0004075876088169639,-2.5715479625854217e-05,-0.003155072845860084,0.005359927889978714,-0.003391271180949249,0.9999749076692519
1740164672.1428552,1740164672.1333294,1,3,0.000300067202946978,-0.0010646691944212387,-0.0018650775807867606,-0.0040451181129353255,0.0035110809875284763,-0.003082109576603707,0.999980904782841
1740164672.1590745,1740164672.1497042,1,3,3.764203006741859e-05,-0.0023053569357971092,-0.0034223808206547434,-0.004873791035358236,0.0008466321626772635,-0.0025102712042708985,0.9999846138383359
1740164672.1761613,1740164672.1665666,1,3,-0.00032912291818745597,-0.0034884237840338674,-0.004907717810339757,-0.005657581733056884,-0.0021046369116702315,-0.001755282340913464,0.9999802404329335
1740164672.1925786,1740164672.1830437,1,3,-0.000721274742261599,-0.005109578044357327,-0.0069420944780804236,-0.006613945641654913,-0.0060952743428875095,-0.0005486532715407496,0.9999594003424949
1740164672.2108803,1740164672.200474,1,3,-0.0012063766485371204,-0.0065599036653451815,-0.00877028237183118,-0.007375576239577311,-0.010599729294485535,0.0008177490700627553,0.9999162854461748
1740164672.2258177,1740164672.2164352,1,3,-0.0017535890139228152,-0.008110024947044743,-0.010724932330279269,-0.008349123405553658,-0.01562029459105161,0.0022532585276646,0.9998405979761249
1740164672.2428691,1740164672.2329988,1,3,-0.002381444679264074,-0.009551518999934675,-0.01255435624097986,-0.009183547777007727,-0.021235222759132356,0.004068293331393254,0.9997240503028658
1740164672.2625904,1740164672.2500527,1,3,-0.0030439458062569385,-0.011139675884146901,-0.014574343576120167,-0.010071042522688737,-0.027596136503933347,0.006253240629425235,0.9995488604036288
1740164672.276331,1740164672.2666411,1,3,-0.0037419707134028197,-0.012753140354481322,-0.016632433235029914,-0.010994096111465469,-0.03403337178982716,0.008285188437761194,0.9993258803352679
1740164672.2931774,1740164672.2832682,1,3,-0.004461527666272161,-0.014419691050744136,-0.018756711214271613,-0.011949456467236585,-0.040670432170438336,0.010502244446831862,0.9990459595528058
1740164672.3089535,1740164672.2997549,1,3,-0.005260514721812691,-0.015733260786840977,-0.0204530437613337,-0.012669191332073075,-0.04803582303290584,0.013104662228476543,0.9986792874213524
1740164672.3261757,1740164672.316439,1,3,-0.006030746734181291,-0.017309394130690436,-0.022483879532345253,-0.013450785213875084,-0.054993176973853794,0.015486521196040352,0.9982760111936464
1740164672.3431733,1740164672.333277,1,3,-0.00685375782833675,-0.01852762730780299,-0.02408015938826045,-0.014154771842905738,-0.06247462529094841,0.018163902543521057,0.9977808558362004
1740164672.359319,1740164672.3497999,1,3,-0.007664173690308183,-0.019761106155693306,-0.02569374436856336,-0.014801506445818083,-0.0694899254794853,0.02058994098904446,0.9972603070381664
1740164672.3787935,1740164672.3665035,1,3,-0.00848467059091071,-0.020773578687666713,-0.027037151802278146,-0.015279509257784223,-0.07674957808069595,0.02322352173740213,0.9966627849475413
1740164672.393522,1740164672.3833265,1,3,-0.009296483036350653,-0.021591230251435275,-0.028135905194398205,-0.01548230809683051,-0.08357039195779292,0.025687208602463717,0.996050427959463
1740164672.4097526,1740164672.4000213,1,3,-0.010090201508145975,-0.022159035266546376,-0.028929419781541336,-0.01565784734114333,-0.09006407210050002,0.028095873897318636,0.9954164538539954
1740164672.4293559,1740164672.4168887,1,3,-0.010846926852784548,-0.022610800567196776,-0.02957395181978266,-0.015800291550464498,-0.0960346550091147,0.030396943534601907,0.9947882798103096
1740164672.4456758,1740164672.435218,1,3,-0.011582266541966537,-0.022689801940514624,-0.029747250786681008,-0.015727325497568494,-0.10165006284000384,0.03240919774466731,0.9941677724905711
1740164672.461616,1740164672.4499898,1,3,-0.012239304886090391,-0.02284443248176104,-0.030017628819696583,-0.015565380183758531,-0.10675179574229886,0.03451224044067538,0.9935646321731136
1740164672.4788404,1740164672.4667048,1,3,-0.012859768456865156,-0.022654326327969106,-0.029845011548954827,-0.015284133796127563,-0.11121747259276256,0.03625705093727957,0.9930168655675047
1740164672.4934726,1740164672.483404,1,3,-0.013418946591906521,-0.02229684536918368,-0.029454829271535265,-0.014920890467636356,-0.11497308639002267,0.03774423287980195,0.9925391323861849
1740164672.5135741,1740164672.5010147,1,3,-0.013897170776058444,-0.021887253301432395,-0.02899622446271479,-0.01472382991068056,-0.11825468976660349,0.03912225878571577,0.9921030622110131
1740164672.5279715,1740164672.516646,1,3,-0.014335970356329162,-0.021094444737968523,-0.028049029730579655,-0.013958330402925623,-0.12083553883044469,0.04034713069468871,0.9917540252565777
1740164672.544842,1740164672.5333025,1,3,-0.014662196273748172,-0.020443323049769466,-0.027267805545262626,-0.013431764064732564,-0.12279344901717247,0.04132479111372566,0.9914805183320464
1740164672.5612037,1740164672.5502253,1,3,-0.014909840195048655,-0.01963901242955203,-0.02628020523126696,-0.013015762808474244,-0.12419933891978205,0.04205598172063068,0.9912801866939117
1740164672.5764008,1740164672.5667648,1,3,-0.01504082373722158,-0.018998835710680024,-0.02548664820088384,-0.012675411483723736,-0.12494837166850466,0.04257405882404267,0.9911683448720274
1740164672.593483,1740164672.583483,1,3,-0.014992774606177064,-0.019020518914322104,-0.02551050539300572,-0.012685321644104103,-0.12517742906221052,0.04302453081176121,0.9911198633952347
1740164672.6098828,1740164672.6000893,1,3,-0.014809574761335442,-0.019299140522476787,-0.025841276012286165,-0.012846565506650233,-0.12490141531090328,0.04318184784853357,0.9911457663857536
1740164672.626483,1740164672.6166658,1,3,-0.014549300846804857,-0.019387130964542705,-0.025918474127279746,-0.013092730957564464,-0.12401070479715906,0.04321594999541487,0.9912528976793857
1740164672.6465738,1740164672.6337445,1,3,-0.014179195433381296,-0.019614521755582492,-0.026164314230361727,-0.013574000266489967,-0.12254971368759894,0.04295290845893272,0.9914395401872832
1740164672.6632538,1740164672.6503003,1,3,-0.013710096091142548,-0.01984626981721822,-0.026403983615036847,-0.013743828613565072,-0.11987897432014236,0.042223688552228585,0.9917949882995154
1740164672.6783905,1740164672.667164,1,3,-0.013211438792052289,-0.01967626646194253,-0.0261365628238648,-0.013838912546888772,-0.11721782193375957,0.04168193377316624,0.9921346093739268
1740164672.694069,1740164672.683678,1,3,-0.012607092444427575,-0.01968847195821144,-0.026084868388504445,-0.014114902367882749,-0.11316769914419099,0.040313349922512856,0.9926573805798151
1740164672.7125957,1740164672.7001977,1,3,-0.011947763940231441,-0.019570967171780237,-0.025867753964901465,-0.01429472156690456,-0.1094517647519775,0.039391845333042685,0.9931083801122917
1740164672.7270753,1740164672.71697,1,3,-0.011296986452574818,-0.018891830106956973,-0.024944143483808648,-0.013988696771792366,-0.10450644090164399,0.03775902462996257,0.9937086978746297
1740164672.7460337,1740164672.7336822,1,3,-0.010465963690807501,-0.018968995463751342,-0.024962095871940072,-0.014223440077414672,-0.0990645040048878,0.03613565608747898,0.9943229516398369
1740164672.7662046,1740164672.750486,1,3,-0.00963010123553261,-0.018702545073940882,-0.024549136199442788,-0.014303304853640827,-0.09331600013878279,0.03421121261514723,0.9949457937595212
1740164672.7780385,1740164672.7672305,1,3,-0.008905609199932697,-0.017380808637830637,-0.022820352673045344,-0.013706157713595618,-0.08698174724488629,0.03219265242532416,0.9955952742037193
1740164672.7935407,1740164672.783713,1,3,-0.007958779440596291,-0.017316705775916673,-0.022662518216581592,-0.013704975257390227,-0.08006254049526629,0.029747178417681677,0.9962516091022512
1740164672.810024,1740164672.800373,1,3,-0.007070620789151381,-0.016651005304499252,-0.021760506546926874,-0.013347678846059587,-0.07321959963978801,0.02746526285576819,0.9968482276827677
1740164672.8332913,1740164672.8170338,1,3,-0.006200808318219359,-0.01576775714608904,-0.020588521187227673,-0.013023328183043543,-0.06607680664434784,0.024892456863490665,0.9974189762271528
1740164672.8460772,1740164672.83379,1,3,-0.0053517267048072865,-0.014739572800930106,-0.01924517394478394,-0.012540338514669399,-0.058747459635791234,0.022393654025466957,0.997942884215157
1740164672.8606434,1740164672.8507285,1,3,-0.004509063105626574,-0.013763916520759785,-0.017967383743122095,-0.011875453457501198,-0.05131903888655743,0.019721696873181364,0.998416939221977
1740164672.8792765,1740164672.8671634,1,3,-0.003752591867868836,-0.01237699418468555,-0.016183397407843057,-0.010931119933014629,-0.044273592918579095,0.01710292201344688,0.9988132206001741
1740164672.8967018,1740164672.8838968,1,3,-0.002928831592119675,-0.011653022491611922,-0.015232217415986392,-0.010601179217300454,-0.03715544642326679,0.014462320772973642,0.9991486020998829
1740164672.9126756,1740164672.9005587,1,3,-0.002255413833157444,-0.010259480298814839,-0.01345746019770257,-0.009844966169590082,-0.03072850023400276,0.012205005333961669,0.9994047597241502
1740164672.9296308,1740164672.917325,1,3,-0.0016627642764628508,-0.008687445985491316,-0.0114670094961271,-0.00880596955612554,-0.024712901795813345,0.010085937751054595,0.9996049225792604
1740164672.945028,1740164672.9342241,1,3,-0.0010695355264970874,-0.007521851342857348,-0.009990891967459083,-0.008091171109373112,-0.018445117721690357,0.007509262093281546,0.999768934086835
1740164672.9602365,1740164672.9506311,1,3,-0.0005894885425924656,-0.006033808047160362,-0.008111437841879109,-0.007322353523625677,-0.01338141250470377,0.005566677498656023,0.9998681578287609
1740164672.9771907,1740164672.9672492,1,3,-0.00013466726455182445,-0.004925432746781382,-0.006707502750427496,-0.00665919265197892,-0.008839643415369856,0.003959555377301993,0.9999309165030986
1740164672.9932523,1740164672.9838188,1,3,0.0001812845825743012,-0.0033969487381640493,-0.004794428816737279,-0.005622768190848407,-0.004564844332487218,0.0022245739410225573,0.9999712985605502
1740164673.0127938,1740164673.000893,1,3,0.0004451747373862716,-0.0021450332794819243,-0.00322842190748878,-0.004801468090953801,-0.0013226880346730201,0.001117797620357888,0.9999869733796608
1740164673.0291548,1740164673.017266,1,3,0.0005568863210766743,-0.0004521785239580815,-0.0011123982210720308,-0.0037943185787777684,0.001976727086549148,-0.0005306400726372963,0.9999907070156508
1740164673.0456104,1740164673.0337524,1,3,0.0006143016392239317,0.0008966745061885666,0.0005741094477074475,-0.0030821392071322274,0.004201308164442391,-0.0015417927969019157,0.9999852360423062
1740164673.0628397,1740164673.0505643,1,3,0.0006037653205320966,0.002010014519341138,0.0019657050612060787,-0.0022651065504032727,0.005750746124651551,-0.0023338082235931407,0.9999781755370967
1740164673.0792618,1740164673.0674238,1,3,0.0005850910845703765,0.002451491334395,0.0025178456685291915,-0.0018923665337750915,0.006459467359639251,-0.002942169050195108,0.9999730185718072
1740164673.096077,1740164673.0839705,1,3,0.0005797827537607127,0.0021294174940845656,0.0021198772955628945,-0.002166656453632772,0.006625795709759975,-0.0031972395389815228,0.9999705906127214
1740164673.1132088,1740164673.1010885,1,3,0.0005429062164632012,0.0013105980336159408,0.0011018042326296363,-0.002702161281748074,0.006334915394138096,-0.0034103128856141185,0.9999704680326208
1740164673.1274457,1740164673.1173253,1,3,0.00041972378394417796,0.0003835673733212757,-6.241718321460277e-05,-0.0031237988806650766,0.005168414999017441,-0.003349944095385429,0.9999761533364229
1740164673.1435337,1740164673.1339433,1,3,0.00026053836903328103,-0.0009347937771980172,-0.001709976987965228,-0.003911921552366734,0.00346094152596427,-0.0030743229098146433,0.9999816334774195
1740164673.1602273,1740164673.1508758,1,3,4.766918084089006e-05,-0.002554175175473748,-0.003731941595832287,-0.004925685064044486,0.0006943393430385075,-0.0024495192999710873,0.9999846275692069
1740164673.177181,1740164673.1672695,1,3,-0.00034474598960878845,-0.0035911696252583893,-0.005036476147261299,-0.00572142257016421,-0.002237779076517884,-0.0017241984519521815,0.9999796421969182
1740164673.196567,1740164673.1843066,1,3,-0.0007163651680027951,-0.005362812496863239,-0.0072584444536891325,-0.006671280739984307,-0.006200441331108022,-0.0005651246793964456,0.9999583637205525
1740164673.2128596,1740164673.2007508,1,3,-0.001206015033322521,-0.006863570836841095,-0.009153514607230687,-0.007554975589735465,-0.010876313222865504,0.0008217708088908524,0.999911972549211
1740164673.2297025,1740164673.2175784,1,3,-0.001775534052716272,-0.008292483777215361,-0.010957221328336559,-0.008410571208287112,-0.015859173662022788,0.0022716389924024114,0.9998362808775226
1740164673.2464118,1740164673.2344973,1,3,-0.002390660125261676,-0.009833916449188261,-0.01290750210511954,-0.00934026353294975,-0.021433233096075782,0.004068787769491635,0.999718370823639
1740164673.2622802,1740164673.2509732,1,3,-0.003056109499480572,-0.011400748102704404,-0.014900794610678841,-0.010168377317045098,-0.02774900122864335,0.00622434139749818,0.9995438232552479
1740164673.2769704,1740164673.2675772,1,3,-0.0037613468479367348,-0.012959522962231082,-0.016892174529517065,-0.010985888503766148,-0.03413476913185074,0.008246808746365214,0.9993228296879837
1740164673.2938266,1740164673.284319,1,3,-0.004486993158808818,-0.014598985815987758,-0.0189877439471408,-0.012006432963886787,-0.04107737049229173,0.010649674239196912,0.9990270665199826
1740164673.3128173,1740164673.300884,1,3,-0.005288979043293123,-0.015893396451823402,-0.0206617786154523,-0.012780674860915626,-0.04792923638425393,0.012898750073818945,0.9986856687147638
1740164673.330154,1740164673.317868,1,3,-0.006085491481574937,-0.01727833922883334,-0.02245345260658043,-0.013387005039345172,-0.055143152275726616,0.015438527315727965,0.9982693387695999
1740164673.346199,1740164673.3343325,1,3,-0.006889044143333143,-0.018629456161607032,-0.02421349149957053,-0.014164026759918496,-0.06239235229831214,0.017958583169374022,0.9977895890472982
1740164673.3625667,1740164673.351043,1,3,-0.007707912750476209,-0.019799308987363973,-0.02574410594102258,-0.014717449078606943,-0.06966868247931284,0.020469590035833908,0.9972515566585896
1740164673.37767,1740164673.3678708,1,3,-0.00848764419886031,-0.021086512209349522,-0.027430763033208502,-0.015403601406590384,-0.07687150932216333,0.023168887222203307,0.9966527493480988
1740164673.3945634,1740164673.3843267,1,3,-0.009326891352644678,-0.021673261532321474,-0.028244419686301234,-0.015503935020507653,-0.0836978106421243,0.025623262610249557,0.9960410397698486
1740164673.4135866,1740164673.4012105,1,3,-0.010130426263053724,-0.022185991364342596,-0.0289690704555468,-0.015607778153623067,-0.09003933825005042,0.027952537175638108,0.9954235131309913
1740164673.4276216,1740164673.417578,1,3,-0.010869461009786177,-0.02275033769912252,-0.029753585645033272,-0.015844062264224024,-0.09624000917664487,0.030345752915916825,0.9947693006946952
1740164673.4437506,1740164673.434365,1,3,-0.011579410154351712,-0.02303398220187654,-0.03018241025832321,-0.015894647009206286,-0.10185364939319072,0.03241795867392426,0.9941439886943729
1740164673.4609675,1740164673.4512837,1,3,-0.012270740264831981,-0.022880811443270265,-0.030065116140803025,-0.015486312320270484,-0.10668541881842718,0.034379305785686855,0.9935776058647607
1740164673.4789965,1740164673.4677825,1,3,-0.012885904868427145,-0.02268351708722291,-0.02988889773107261,-0.015158257328187786,-0.11115959618437021,0.036199426351718224,0.9930273777407684
1740164673.4947937,1740164673.4845088,1,3,-0.013447869986586642,-0.022251856889785718,-0.02940613148474727,-0.014843826548496244,-0.11509399960991241,0.037754675380799414,0.99252587701988
1740164673.5122125,1740164673.5017755,1,3,-0.013915091742319852,-0.021875166244914347,-0.028984677830705668,-0.014643733357531295,-0.1182571171148232,0.03908135270268475,0.9921055705901328
1740164673.5270195,1740164673.517568,1,3,-0.014359205628728496,-0.021002861509134104,-0.027938009335764406,-0.013943970196198195,-0.12095690434673818,0.04040218049738494,0.991737191395522
1740164673.544638,1740164673.534636,1,3,-0.014663161712163374,-0.0205039380822813,-0.02734338208117213,-0.013441886000965957,-0.12288077955629419,0.04131704092420203,0.9914698844874927
1740164673.5632038,1740164673.55119,1,3,-0.014916568121205467,-0.01963158756201072,-0.026268796067653512,-0.013031465307838865,-0.12423939414141096,0.04211617481863525,0.9912724053830773
1740164673.580152,1740164673.5679584,1,3,-0.015049005514989553,-0.01895446183267994,-0.025431404236213262,-0.012672374174195786,-0.12501770952560404,0.04267652942260602,0.9911552335906835
1740164673.5948246,1740164673.5847113,1,3,-0.015009476138746265,-0.018876014080468486,-0.0253279818162238,-0.012605942053795905,-0.125391752447801,0.04315791144334924,0.9910879846526512
1740164673.6108842,1740164673.6012673,1,3,-0.014805919708201071,-0.019256427284988383,-0.025787338360236774,-0.01287069420580475,-0.12496003147536125,0.04327030424023431,0.9911342071260052
1740164673.6282153,1740164673.6182477,1,3,-0.014516942678254078,-0.019534686617684104,-0.026099737855786974,-0.013175079765531101,-0.12410874774287145,0.043322891879529736,0.9912348677513634
1740164673.643926,1740164673.6344438,1,3,-0.01414253138879162,-0.019735474272021856,-0.026311487099828043,-0.013631403464397361,-0.1225094840813001,0.04299292710023074,0.9914419899162425
1740164673.6641529,1740164673.6513054,1,3,-0.013692182425507071,-0.01980295591543353,-0.026348045365158307,-0.013843131436006916,-0.1202013908872526,0.04249391379576516,0.9917430416348447
1740164673.681389,1740164673.6681595,1,3,-0.0131562270131271,-0.019853540901594233,-0.026353322824375094,-0.014055469003248083,-0.11726594644661056,0.041913987942509626,0.9921161016785457
1740164673.6945186,1740164673.6847124,1,3,-0.012573821344825379,-0.019649574191814675,-0.026030393194602597,-0.014131039673069633,-0.11345979745845065,0.0406255008448149,0.9926110803127042
1740164673.7114687,1740164673.7014704,1,3,-0.011920865037262616,-0.019447753554428935,-0.025708981718127376,-0.014300318287738272,-0.10972122090088862,0.039744719526487005,0.9930645053825299
1740164673.7276242,1740164673.7179048,1,3,-0.011190452357224757,-0.019272217727532834,-0.02541204634740082,-0.014292564720628084,-0.10448013653046082,0.03796507699868488,0.9936992888156693
1740164673.7460787,1740164673.7346227,1,3,-0.010433171731656612,-0.018825188014143884,-0.024777047684575153,-0.014201813744678283,-0.09914425867421886,0.036364870487331225,0.9943069549453734
1740164673.7616172,1740164673.751355,1,3,-0.009633852396061548,-0.01829551144584007,-0.024035679394472476,-0.014132441480072871,-0.09337104416116715,0.03443580754241871,0.9949353232089848
1740164673.7773778,1740164673.767799,1,3,-0.008800141312730662,-0.01770895910446178,-0.02322551938541243,-0.013956608605613699,-0.0870612983430999,0.03242519799425919,0.9955772948104413
1740164673.7950604,1740164673.784872,1,3,-0.007915702443418085,-0.017211155087609186,-0.022527943974894497,-0.013776530005871443,-0.08050271058288709,0.030276583999041956,0.9961992016013435
1740164673.8111486,1740164673.801253,1,3,-0.0070214811208150095,-0.016590071190576906,-0.021678851252631727,-0.01340049589430047,-0.073490366689837,0.027864418226431587,0.9968165161705953
1740164673.8276057,1740164673.8178842,1,3,-0.006155879500948358,-0.015669397298986518,-0.02046025788818883,-0.01305838922214039,-0.06640599005150088,0.02537490723421268,0.9973844980944201
1740164673.8445115,1740164673.834719,1,3,-0.005288502458766702,-0.014768978091109018,-0.019274289721926578,-0.012652585337168681,-0.05914563606429842,0.022853667522239603,0.9979075186106267
1740164673.8606684,1740164673.851324,1,3,-0.00444162477413513,-0.013803271187408421,-0.018005916491865767,-0.01196193256673856,-0.05183279897074461,0.020302673500790895,0.9983777213904802
1740164673.8811753,1740164673.868538,1,3,-0.003678174300420589,-0.012421365843105952,-0.01623706426800064,-0.011021949364758442,-0.04459821523165514,0.01759032566831669,0.9987893152578446
1740164673.8970544,1740164673.8847802,1,3,-0.0029158055059321317,-0.011314756200311278,-0.014808871151328767,-0.010456701543582624,-0.03762675256454795,0.01502695667936611,0.9991241541756616
1740164673.9106255,1740164673.9013302,1,3,-0.0022362086337046772,-0.01001050362801893,-0.013145153640452838,-0.009736973730472649,-0.03116112170855847,0.0127163619306714,0.9993860465184036
1740164673.9275913,1740164673.918175,1,3,-0.0015591481837505092,-0.009009016384690233,-0.01186183281246333,-0.00912487435500554,-0.02458242598930809,0.010178307823383128,0.9996043432530383
1740164673.9440143,1740164673.9346576,1,3,-0.000998683999524163,-0.007629662742260951,-0.010115797328020511,-0.00811568144497908,-0.019123225789013137,0.008201980941969205,0.999750551617119
1740164673.9639058,1740164673.9516644,1,3,-0.0005174489133460406,-0.006185327771798254,-0.00829805382498915,-0.007384076270623888,-0.01373553418635389,0.006097233242082078,0.9998598073055226
1740164673.98016,1740164673.968188,1,3,-9.371710625257538e-05,-0.004850666257347467,-0.006619353072226824,-0.006562744621801472,-0.008867962305775993,0.004148892933278001,0.9999305357448589
1740164673.9969163,1740164673.9851556,1,3,0.0002508009059290937,-0.0035789903384807614,-0.005020963002390343,-0.005725127595934457,-0.004571381405937538,0.0024441877362252136,0.9999701752214222
1740164674.013156,1740164674.0023901,1,3,0.0004649786176724891,-0.0019841617806883143,-0.003025105522841917,-0.004760371351224075,-0.0010646228763414672,0.0009502133491487195,0.9999876511924138
1740164674.027987,1740164674.0183403,1,3,0.0006051331996048889,-0.0005533279673897364,-0.0012288574617225346,-0.0038875518056219957,0.0019214164743989748,-0.0003400850435332921,0.9999905396761779
1740164674.0448601,1740164674.0350597,1,3,0.0006501950110780698,0.0008338969381827613,0.000503069646998393,-0.002917284022547013,0.004052337056396254,-0.0013777435970419544,0.9999865848304635
1740164674.060995,1740164674.0515885,1,3,0.0006196789895485783,0.002027994556945532,0.0019891729372936494,-0.002250916116843505,0.005770288607872279,-0.0023274442885633457,0.9999781098349605
1740164674.0801625,1740164674.0682886,1,3,0.0005925320079104172,0.0025083130841646456,0.0025873997965713234,-0.001955545065303108,0.006620779315335078,-0.0029321409950611175,0.9999718714413622
1740164674.094799,1740164674.085269,1,3,0.0005852982867838644,0.0021643050212362697,0.0021605595417253033,-0.002140559780034494,0.006915294057498666,-0.0033234686272284775,0.9999682751308715
1740164674.1136873,1740164674.1017761,1,3,0.0005594764907181063,0.0012231592180392157,0.0009907506088101987,-0.002752780556212025,0.006281637807133857,-0.0034951678368416615,0.9999703730748535
1740164674.1299162,1740164674.1183672,1,3,0.0004484447937164969,0.00019501606439550854,-0.0002904545460724517,-0.0032355088407436837,0.005685569685754786,-0.0037555736856585207,0.9999715503183986
1740164674.1474304,1740164674.1351604,1,3,0.00026672810420396077,-0.0010472007262363825,-0.001847254889327171,-0.003988586738991361,0.0037625092880586926,-0.0033608861787132785,0.9999793193580437
1740164674.1631892,1740164674.151857,1,3,1.7261853645297627e-05,-0.002470497926425184,-0.0036286215920267235,-0.004961606638822305,0.0013064966536881517,-0.002931924374914485,0.9999825395203235
1740164674.1814003,1740164674.1686156,1,3,-0.0003524852959124524,-0.003686100167640315,-0.00515753876961654,-0.005734945985118402,-0.0019928600427391225,-0.0020999289600997974,0.999979364387966
1740164674.1971533,1740164674.1852481,1,3,-0.0007421709519894353,-0.005379001055150554,-0.0072802666495267844,-0.006778712525406001,-0.005764451953216148,-0.0010412666578301251,0.9999598671516394
1740164674.213542,1740164674.201769,1,3,-0.001233823980896484,-0.006866332893799945,-0.009148441857688648,-0.00750675748147213,-0.010223899958256226,0.0002569786367056636,0.9999195239736737
1740164674.2308075,1740164674.2186606,1,3,-0.0017971666274025865,-0.008378358813570873,-0.011062140447106579,-0.008411506039063564,-0.015265953302621727,0.0016565694210726783,0.9998467147586525
1740164674.2471786,1740164674.2352502,1,3,-0.002413916787792632,-0.009950506752687572,-0.013056594610066781,-0.009411832418600552,-0.02097649013142299,0.003544047206645338,0.9997293853847088
1740164674.2620645,1740164674.252036,1,3,-0.003090467922449333,-0.011458040074928117,-0.01497993678512115,-0.010268559372365985,-0.0270235468975925,0.005426623899608074,0.9995673245732586
1740164674.2782013,1740164674.2686255,1,3,-0.003798828094745645,-0.01302869045988643,-0.016982525099360372,-0.011126912550603546,-0.03354170841601624,0.0075559345224446356,0.9993468134071968
1740164674.2981966,1740164674.2851682,1,3,-0.004523843975329733,-0.014698600263516392,-0.01911322177741242,-0.012083026271150403,-0.040323858985081076,0.00985669828441456,0.999064979053721
1740164674.3123102,1740164674.3021705,1,3,-0.005311186030792128,-0.016096732679852573,-0.020911160288146883,-0.01287382332493656,-0.04741370269569593,0.012314955503901904,0.9987164499199056
1740164674.3309171,1740164674.3185496,1,3,-0.006050473475102992,-0.01789464467435482,-0.02322235878221494,-0.01378273116134585,-0.05457328920614503,0.014688609594092922,0.9983065847599869
1740164674.3524516,1740164674.3354316,1,3,-0.006888191292019262,-0.019030727772006192,-0.02471742718696296,-0.014322509809222523,-0.06184766848056381,0.017245663698478613,0.9978338131672438
1740164674.3642178,1740164674.3519497,1,3,-0.007696538051028108,-0.020272893816617513,-0.02633934115286616,-0.015023097880916159,-0.06923803038058712,0.019968675113704263,0.9972871470611063
1740164674.3810246,1740164674.3686783,1,3,-0.008510975677801484,-0.021310959523074578,-0.027716506170114643,-0.015603934159190648,-0.07633051128549515,0.022476926490303847,0.99670705729477
1740164674.402721,1740164674.3855124,1,3,-0.009303207906580497,-0.022266373656003015,-0.028984469309041187,-0.015841022503379515,-0.08326333153571788,0.025072211351976462,0.9960861729014926
1740164674.414298,1740164674.4018998,1,3,-0.010110562045129123,-0.022743373335691597,-0.029664500992308006,-0.01591270259289499,-0.08975953004843132,0.027549724323555697,0.9954551850040116
1740164674.430957,1740164674.4185414,1,3,-0.010880141573020143,-0.023032682487259884,-0.030108586816954767,-0.01603279773556009,-0.09577991106110813,0.029832729574683796,0.9948261990317809
1740164674.4455595,1740164674.435351,1,3,-0.011602392740919952,-0.023193580676641134,-0.030389698280492435,-0.01598240218351145,-0.10154549999970111,0.032065560302421116,0.9941855330333201
1740164674.4620175,1740164674.4519544,1,3,-0.012262036927572606,-0.023243692436660874,-0.03052734219542039,-0.015837501954277293,-0.10658150826524274,0.03406022344520628,0.9935942113391245
1740164674.47922,1740164674.4690194,1,3,-0.012883148222420497,-0.022978271885166872,-0.030259314048520832,-0.01531910555717248,-0.11099437544524796,0.03585957302308198,0.993055720816838
1740164674.496132,1740164674.4855623,1,3,-0.013466200848326101,-0.02237099404719964,-0.029553404101911776,-0.014954600104823931,-0.11504880152553196,0.03763372769839555,0.9925340476491307
1740164674.5133948,1740164674.502825,1,3,-0.013932645357585746,-0.021966061881317594,-0.029099344859017176,-0.014726852140242495,-0.11829079872737752,0.039030015208330854,0.9921023458672578
1740164674.5286443,1740164674.5188413,1,3,-0.014349923974236576,-0.021265481688539443,-0.028266573617413908,-0.014057797517737705,-0.12081860449502846,0.04021943924684134,0.9917598700509584
1740164674.54475,1740164674.535306,1,3,-0.014691181412625426,-0.02041195386549846,-0.027234316639599476,-0.013489740398864943,-0.1228023151255633,0.04121395715083323,0.9914832464745647
1740164674.5615442,1740164674.5519695,1,3,-0.014944515476208326,-0.019476560074205285,-0.026075919489140325,-0.012934766015598814,-0.12432684454510136,0.04204456346863087,0.9912657475350957
1740164674.5811896,1740164674.568769,1,3,-0.015056783058788072,-0.01890668688978441,-0.025368819745786152,-0.01269908076364909,-0.12520113284151976,0.04277436213171518,0.9911275213751172
1740164674.5960536,1740164674.5853596,1,3,-0.014997792640860258,-0.01892993635877369,-0.02539278522219056,-0.012724028927132237,-0.1253697944568649,0.04317420893322695,0.9910885436774532
1740164674.6140454,1740164674.602411,1,3,-0.014816254952037915,-0.01911580102577985,-0.025608355619012566,-0.012832052575435609,-0.1251288552658383,0.04348072103311852,0.9911041998220985
1740164674.6295786,1740164674.618776,1,3,-0.014538274816681908,-0.019274663009020764,-0.025776075396049238,-0.013143159195638096,-0.12432757824932845,0.043551402889928724,0.9911978540933866
1740164674.6452727,1740164674.6355712,1,3,-0.014154997677142182,-0.019503957923298374,-0.026020186289953305,-0.013582307128298707,-0.12285625867877331,0.04332061834761507,0.9913854874177386
1740164674.6619976,1740164674.6522236,1,3,-0.01371634690594315,-0.019468084037536793,-0.025924819327509563,-0.01369022637735567,-0.12067528743899023,0.042984382557182996,0.9916664739515153
1740164674.6815288,1740164674.6688912,1,3,-0.013187281935167185,-0.01946077000228052,-0.025854178398862192,-0.013814807484223361,-0.11777527214621104,0.04237786332268147,0.9920394412851052
1740164674.6990936,1740164674.6857846,1,3,-0.012592305112773785,-0.019288940357906927,-0.025570528632901397,-0.013982373720493688,-0.11426882446029055,0.04141802521154834,0.9924876201591531
1740164674.7137299,1740164674.702521,1,3,-0.011907468652655502,-0.01927192858899621,-0.02548268832811599,-0.014193940622571621,-0.1100025683406383,0.04015424132496158,0.9930184308016055
1740164674.7292378,1740164674.719104,1,3,-0.011177429790038067,-0.01907376150396365,-0.025163719339567736,-0.014292783309472345,-0.10492269716052018,0.03865431482179342,0.9936260805310455
1740164674.7463412,1740164674.7359314,1,3,-0.010430672679325794,-0.018515237044311364,-0.024384644200847055,-0.014089601137053032,-0.09973057409886507,0.03701585100768201,0.9942258910850625
1740164674.7625856,1740164674.7524977,1,3,-0.0096325129429158,-0.01798015359330487,-0.02363616386977793,-0.013935857164671626,-0.0940354095375033,0.035225689234653614,0.994847870006336
1740164674.7814403,1740164674.7690945,1,3,-0.008755297266966824,-0.017685852442926173,-0.023185074437530002,-0.014000880516202225,-0.08764150459218147,0.033108066410840534,0.995503288772129
1740164674.7983735,1740164674.7858243,1,3,-0.007877515596700451,-0.017136070124055575,-0.022423835345329133,-0.013688192247806793,-0.08118070427140801,0.031035325967563435,0.9961220483399974
1740164674.8142667,1740164674.8022156,1,3,-0.0069898146601110695,-0.016466856552711573,-0.02151730649578026,-0.01337853218068869,-0.07416077190563088,0.02863263581834389,0.9967453872244132
1740164674.8317223,1740164674.819264,1,3,-0.006108129763705753,-0.015651580075275957,-0.020434794195537558,-0.01314247718668227,-0.06710380658787822,0.02612091121699858,0.9973174281200584
1740164674.8450732,1740164674.8355737,1,3,-0.0052339398131349595,-0.014797690056347294,-0.019303668956322673,-0.012727034395676892,-0.05979982143249268,0.023532066967274792,0.9978518155399532
1740164674.8641365,1740164674.852279,1,3,-0.004404971752080117,-0.01374461800993129,-0.017927788735186436,-0.01192289028550272,-0.05228694654874413,0.020837324529470017,0.9983434908959452
1740164674.879495,1740164674.869796,1,3,-0.003626199579796306,-0.01247149792164539,-0.016290072360078758,-0.011168845744302693,-0.04501229760045285,0.018176546592113096,0.9987586110284372
1740164674.8990285,1740164674.8867245,1,3,-0.002859778116718762,-0.011403536651436473,-0.014916992829872133,-0.010559206185373616,-0.03819481114967375,0.015671437512981615,0.9990916202292222
1740164674.919939,1740164674.9041111,1,3,-0.00216344558566788,-0.010214429034137953,-0.013398749794600666,-0.009948152484953628,-0.03147539087183046,0.013063758303927503,0.999369637446815
1740164674.9293728,1740164674.919071,1,3,-0.0015595959273028786,-0.008735585215224278,-0.011520626814564136,-0.008853298555357134,-0.025145803035646754,0.010784897624621478,0.9995864113110025
1740164674.9454803,1740164674.9357262,1,3,-0.0010137012819279008,-0.007301278045187269,-0.009705090041406612,-0.008010800165507441,-0.01889222637865567,0.00817171144665442,0.9997560372386849
1740164674.96265,1740164674.9526904,1,3,-0.0004898163752849006,-0.006176830021546695,-0.008279071470312364,-0.0073711495616308005,-0.01409831018054574,0.006519921072477255,0.9998521862922548
1740164674.9785483,1740164674.969026,1,3,-6.542337819782846e-05,-0.004880238152934061,-0.006646266033251076,-0.006551100179252252,-0.00907688926528185,0.0044532324929443595,0.9999274283107104
1740164674.9953861,1740164674.9858117,1,3,0.0002216258707549351,-0.0032554474501853728,-0.004613340047243734,-0.005491531800064922,-0.004616769908794391,0.0024983576802354713,0.999971142945135
1740164675.0133848,1740164675.0032136,1,3,0.00043102091806806276,-0.0016520624581554111,-0.0026111031168936476,-0.00454784638732901,-0.0010960245262518814,0.001066663939180043,0.999988488959506
1740164675.030917,1740164675.0191863,1,3,0.0005949516870900568,-0.000446681666929912,-0.0011009717339453744,-0.0038583242708421805,0.0017949473538071304,-0.00026884507350382095,0.9999909095687544
1740164675.0477724,1740164675.0360947,1,3,0.0006285386783276186,0.0009926990197967724,0.0006988756619664556,-0.002953716730038328,0.004083182055742817,-0.0014055014944016346,0.9999863137800075
1740164675.0642135,1740164675.052769,1,3,0.00060956261419888,0.002085451464329183,0.0020660561393690334,-0.00222251592281959,0.005815411568183265,-0.002412145971048721,0.9999777112331453
1740164675.0814357,1740164675.0693367,1,3,0.0005751598790831409,0.002554954382152609,0.0026490417618425573,-0.0018781693608474277,0.006574882285316227,-0.0029750077695022245,0.999972195979247
1740164675.0955205,1740164675.086349,1,3,0.0005699954523160718,0.002150447210314902,0.002147694830109119,-0.0021396311935027988,0.006901995606162586,-0.0033939268943217154,0.9999681323398483
1740164675.1120937,1740164675.102533,1,3,0.0005399436861841078,0.0011852410073273235,0.0009476977859713563,-0.002740627513459139,0.006440898813915211,-0.0036544217070300653,0.9999688240066731
1740164675.1318257,1740164675.1197033,1,3,0.00041047119618234937,0.0001978694337692584,-0.0002864197329756141,-0.0032360169428359044,0.005475637817778004,-0.003716647802883865,0.9999728656888364
1740164675.1461124,1740164675.136112,1,3,0.00024764774905498024,-0.0012173486468086124,-0.0020540792322562757,-0.00408730183834121,0.003726806506963884,-0.003473085016085508,0.9999786710512444
1740164675.1644225,1740164675.1527143,1,3,-3.57639729578442e-05,-0.002454232623020097,-0.0036051862914975043,-0.004849292210733137,0.0010675258795664465,-0.0030269129125433327,0.9999830911329308
1740164675.1812036,1740164675.1700923,1,3,-0.0003993032601002248,-0.0037746000597107033,-0.005263693653839861,-0.005725791743834661,-0.0018446906599732158,-0.002258513463329531,0.9999793555580091
1740164675.1973922,1740164675.1861732,1,3,-0.0008132717117596112,-0.005319016573435005,-0.007205422259911496,-0.00671851405584243,-0.005843963685843569,-0.0011927284085184106,0.9999596427137765
1740164675.2123115,1740164675.2027442,1,3,-0.001309565245948269,-0.006812758269875905,-0.009089538819016297,-0.007515117272089527,-0.010145296279116863,-4.4628935948860095e-05,0.999920293815489
1740164675.228999,1740164675.219386,1,3,-0.0018533070474425859,-0.008480202832866763,-0.01118987797750574,-0.008532897390111578,-0.015243455310710115,0.0014406354045602482,0.9998463638489422
1740164675.2460227,1740164675.2360249,1,3,-0.002473366154844842,-0.010032287397634152,-0.01315677271630158,-0.009414251548231537,-0.02080005321133316,0.0031121415201545532,0.9997344868660634
1740164675.2627015,1740164675.252982,1,3,-0.0031636447337670213,-0.011508870959208405,-0.015039967627399807,-0.010227140763560082,-0.02688978228638033,0.005091433787643095,0.9995731201379814
1740164675.2787633,1740164675.269265,1,3,-0.0038319590056320853,-0.013393444987852008,-0.01743627195047876,-0.011322199801170127,-0.033585408783900414,0.007197022612327636,0.99934580149916
1740164675.2959661,1740164675.2859926,1,3,-0.004562662724556198,-0.015082568560122652,-0.019594836898625925,-0.012293805886589163,-0.040291494820084095,0.009464583248468376,0.9990675049494497
1740164675.3145661,1740164675.3028271,1,3,-0.005361221353179951,-0.01644442974935066,-0.0213544801943321,-0.013101223635514659,-0.047535259909217274,0.011961607350470117,0.9987120090167179
1740164675.3318386,1740164675.3194416,1,3,-0.006142762015852847,-0.017992505247677718,-0.023352564894905864,-0.01387372469289013,-0.05482582975308345,0.01453631849274681,0.9982937160974765
1740164675.3482785,1740164675.3364394,1,3,-0.006969728823445439,-0.019217102039587326,-0.02495411908840075,-0.014464244637843746,-0.06194570833007634,0.016967852771418934,0.9978304499356938
1740164675.3647697,1740164675.3527803,1,3,-0.007767256762368051,-0.020514423303833105,-0.026646803305961708,-0.015178990711736355,-0.06929307683171317,0.019688506325393523,0.9972865337819629
1740164675.3812146,1740164675.3696003,1,3,-0.00857184665940109,-0.021595384206359335,-0.028076385812664865,-0.01572194378052346,-0.07661775133947217,0.022356444095996086,0.9966858733175802
1740164675.3982139,1740164675.3865983,1,3,-0.009370481542846242,-0.022451238682488477,-0.029224830262149656,-0.015900454164160693,-0.0832173091663977,0.02475361102588949,0.9960970403297345
1740164675.414419,1740164675.4031792,1,3,-0.010177789401070838,-0.022872159216394277,-0.029838082585952865,-0.016053078087132695,-0.08989912120621125,0.027337413030034157,0.9954461876661665
1740164675.4314606,1740164675.4199479,1,3,-0.010925794423516813,-0.02332224672867132,-0.030476036519683468,-0.01623111103947452,-0.09592931957416327,0.02968224365509641,0.9948130885206837
1740164675.446311,1740164675.43641,1,3,-0.011624646854708296,-0.023634441482514763,-0.03094240415053411,-0.016252862026274156,-0.10163605571497303,0.031815432622704226,0.9941799308483791
1740164675.4656637,1740164675.4530518,1,3,-0.012312916072969502,-0.02346274533776197,-0.030802557279903896,-0.015952267509539014,-0.10681468963950118,0.033989376522977274,0.9935697607727907
1740164675.48261,1740164675.4700177,1,3,-0.012950789261948143,-0.023057431246369088,-0.03036165728878469,-0.0153967696847305,-0.11141580739507916,0.03587120113098884,0.9930069054519198
1740164675.4986453,1740164675.486403,1,3,-0.013503655965967214,-0.022651254322562153,-0.029916166266557413,-0.01515052523806707,-0.11529035569928896,0.03751604983476713,0.9925075019729258
1740164675.5158818,1740164675.5038288,1,3,-0.013989748939475608,-0.02206978163830707,-0.029239192704677952,-0.014790458090590923,-0.11863011495388213,0.0389450360538582,0.9920642228919773
1740164675.5293648,1740164675.5196795,1,3,-0.014415310330379037,-0.021267236856478595,-0.02827500756501527,-0.014122202009032693,-0.12122904872872405,0.040267905618053275,0.9917069007180903
1740164675.546583,1740164675.536473,1,3,-0.01474456846693564,-0.020459624028043435,-0.02729343267354781,-0.013526384774458326,-0.123270599908404,0.041373837424151065,0.9914179752707509
1740164675.565753,1740164675.5533679,1,3,-0.014983722361356434,-0.019587788713072107,-0.026219416153683145,-0.013058213148213123,-0.1247180495811299,0.04219508743696561,0.9912085884284102
1740164675.5821087,1740164675.5699518,1,3,-0.015079101341868583,-0.019076208269936057,-0.025584653280630393,-0.012729639886325144,-0.12535974477543416,0.042759291963164754,0.9911077305767578
1740164675.5989985,1740164675.5866387,1,3,-0.015009099694356128,-0.01909900600671401,-0.025608109547283237,-0.012825114723560412,-0.12574485648434916,0.043302551320847114,0.9910341248156712
1740164675.6135511,1740164675.603315,1,3,-0.014819575538898731,-0.019302380096529986,-0.025843684111996328,-0.01300758980858578,-0.12556745534101374,0.043716373159641865,0.9910360717372103
1740164675.6293743,1740164675.619858,1,3,-0.014546106600797443,-0.019356273275527913,-0.025876167968746887,-0.013252486024907478,-0.12464539325019476,0.043651709345925924,0.9911520699806073
1740164675.6468744,1740164675.6369846,1,3,-0.014146625350095652,-0.019684299751822797,-0.02624114065554277,-0.013723409367184601,-0.12314556328894498,0.04353185814732368,0.9913383961109499
1740164675.6651423,1740164675.653072,1,3,-0.013688082414267921,-0.01975231034396621,-0.02627803713312315,-0.01383080896884688,-0.12062442032259062,0.04284406546210404,0.9916767840379169
1740164675.6825292,1740164675.6698978,1,3,-0.013202620890214286,-0.01937657817004334,-0.025752278967094717,-0.013878784483342862,-0.11804404415061281,0.04255089570292307,0.9919991956935813
1740164675.6967506,1740164675.6867976,1,3,-0.012556817135240678,-0.019560346687975946,-0.025912363052760484,-0.014221220424253696,-0.11442539209954587,0.041500157946903066,0.9924627566931123
1740164675.7161791,1740164675.7033734,1,3,-0.011873403042070553,-0.01947591961380692,-0.025733756526855073,-0.01438428242816998,-0.1099522953572204,0.04015862633171996,0.9930210823018082
1740164675.7328458,1740164675.7202437,1,3,-0.011154070437660273,-0.019137769125955825,-0.0252323321107098,-0.014311852169579089,-0.1051314193550093,0.038756695675842376,0.993599755481133
1740164675.7491505,1740164675.7368252,1,3,-0.010393879720811173,-0.018628558037901886,-0.02451942876796571,-0.014188783154112638,-0.09997462849916587,0.03722833735515053,0.9941920352662409
1740164675.7659938,1740164675.7536376,1,3,-0.009596621500217072,-0.01803896449338081,-0.02370339837493371,-0.014026770192900847,-0.09409521436410612,0.03535200171173226,0.994836457075585
1740164675.7820826,1740164675.7701013,1,3,-0.00872825063658502,-0.0176509431788478,-0.023140228088184965,-0.013969427886832655,-0.08773870769007362,0.03324651468242255,0.9954905542087589
1740164675.7988021,1740164675.7865665,1,3,-0.007858284098473578,-0.01703294514129096,-0.02229422210249757,-0.013728047276215839,-0.08125269918429201,0.031115238345315186,0.9961131369156634
1740164675.815667,1740164675.8034942,1,3,-0.00696395163509465,-0.01641082387009677,-0.02144541423925031,-0.01344743515404988,-0.07404090631344341,0.02860506807161962,0.9967541626502894
1740164675.832709,1740164675.8202384,1,3,-0.0060600804609584336,-0.015742406791944292,-0.020540796629195463,-0.0131633921058724,-0.06684862161885255,0.025986190621023676,0.9973378087653824
1740164675.848814,1740164675.836795,1,3,-0.005207666253548765,-0.01475221558179327,-0.019239943150704073,-0.012749468097763752,-0.059658638151927436,0.023561323580829446,0.99785928967375
1740164675.866401,1740164675.8537884,1,3,-0.004388708033129524,-0.013620739273125447,-0.017772456615499244,-0.011870949093503825,-0.05237922313679788,0.020966687740507205,0.9983365642689829
1740164675.8803473,1740164675.8703465,1,3,-0.0035706541935683414,-0.012619724197288911,-0.016476740958355815,-0.011283027919021514,-0.0449260067190606,0.01813715228799095,0.9987619290442241
1740164675.8965995,1740164675.8869085,1,3,-0.0028310368554905845,-0.011403992610753672,-0.014910709915211873,-0.010578877381033674,-0.037967358504993144,0.015567724948265742,0.9991017030219924
1740164675.9129186,1740164675.9033616,1,3,-0.002134297095002243,-0.010193518054216363,-0.013365200772318921,-0.009892704506021182,-0.03134110408220224,0.013110506877769452,0.9993737960352338
1740164675.9299715,1740164675.9200974,1,3,-0.0015261809875410255,-0.008782596176346854,-0.01157444762976172,-0.008953054617484938,-0.025101010023073606,0.010848716895565033,0.999585958009894
1740164675.9472132,1740164675.93716,1,3,-0.0009376912782622269,-0.007602105898813999,-0.010078775257677055,-0.008216521854042454,-0.018749673383646356,0.008140925424609768,0.9997573024738852
1740164675.9633887,1740164675.9536247,1,3,-0.00047272028308464214,-0.0061401074485702735,-0.00823425532612513,-0.00741239442330933,-0.013830297349798485,0.006315508326520499,0.9998569365857832
1740164675.9794772,1740164675.9700568,1,3,-5.643907456376417e-05,-0.0048296491156974534,-0.006584659594268239,-0.006544641160982172,-0.008870689094796554,0.004276962574297503,0.9999300906254374
1740164675.996522,1740164675.9869015,1,3,0.000232244109836978,-0.0032174308224039196,-0.004566165755730868,-0.00553912979853861,-0.004660729318870549,0.0025743915149516886,0.9999704836402017
1740164676.0132241,1740164676.0038877,1,3,0.00044322704026159265,-0.0017016994036845481,-0.00266928090397537,-0.004577807292248249,-0.0009566916589163823,0.0009235316163797826,0.9999886376908582
1740164676.031947,1740164676.0203283,1,3,0.0005873814462328901,-0.0004201545831409722,-0.0010614371874758948,-0.0037580659282132195,0.0018335032768893786,-0.0003065353626974801,0.9999912105825152
1740164676.0465236,1740164676.0368733,1,3,0.000643773344489804,0.0008160130786390207,0.0004849962036681968,-0.0029744448919995386,0.003981240035062094,-0.0013898481456829234,0.9999866852751089
1740164676.0630548,1740164676.0535252,1,3,0.000606408534805285,0.0019900894721145645,0.0019484642052934517,-0.002249934210757179,0.005651530938995422,-0.0022906987432777986,0.99997887512355
1740164676.080145,1740164676.0702963,1,3,0.0005661087500882199,0.0024740007429530594,0.0025488517429810825,-0.0019832478762004486,0.00645654355634343,-0.0029592234959631503,0.9999728110151134
1740164676.0959866,1740164676.086812,1,3,0.000570815342233686,0.001974597046548724,0.001929254504293432,-0.002300945644130052,0.006696926862150902,-0.0033360147715876124,0.9999693634432953
1740164676.1134841,1740164676.1037993,1,3,0.0005315537606782457,0.0010264516749094986,0.0007511417449153928,-0.0028020348993019555,0.00620919240298487,-0.003612549868733822,0.999970271564896
1740164676.1294386,1740164676.120218,1,3,0.00040086719590568914,-3.6443324033595247e-07,-0.0005300185099381647,-0.0033863075079634316,0.005215837297389836,-0.003617093416004359,0.9999741219641478
1740164676.14693,1740164676.1370025,1,3,0.00020433042233586896,-0.0012223157760030189,-0.002063107549511333,-0.004134862512386127,0.003429127453872323,-0.00337579741786544,0.9999798737918191
1740164676.163245,1740164676.1537855,1,3,-6.485626437910988e-05,-0.0026087355764156817,-0.0038002777034525197,-0.004974470526754605,0.0005805595348769945,-0.002752556974162553,0.9999836703785262
1740164676.1827064,1740164676.170381,1,3,-0.0004209796362462629,-0.004011289117404614,-0.0055585824642049725,-0.0058992504427590724,-0.002546157919272103,-0.0019538827004814264,0.9999774488789517
1740164676.1995523,1740164676.1874347,1,3,-0.0008519403533666961,-0.005458065502048728,-0.007374539639692458,-0.006723729793940913,-0.006422885299368617,-0.0008738241659266395,0.9999563862656292
1740164676.213459,1740164676.2039533,1,3,-0.0013543050980734494,-0.006943710982624773,-0.009249193171774528,-0.007612809810414614,-0.01106606924905788,0.00046740005878932164,0.999909680308852
1740164676.2302368,1740164676.2206178,1,3,-0.0018906175618807527,-0.008668845321704097,-0.011423764419982172,-0.0085417777858908,-0.01594093466233616,0.001749517560645916,0.99983491828534
1740164676.2475483,1740164676.237469,1,3,-0.002495106682243206,-0.010375935924834122,-0.01358846732981961,-0.009557158387599086,-0.02176420105242672,0.003607679064292048,0.9997109406862931
1740164676.2636368,1740164676.2539103,1,3,-0.0031811833697372545,-0.011878734759649725,-0.015503985146892173,-0.0104659673192126,-0.028090966881620178,0.005749958486772225,0.9995340409836622
1740164676.2797363,1740164676.270414,1,3,-0.003884212274460719,-0.013561392387681922,-0.01765075672177908,-0.011514143621109335,-0.034596737187791375,0.00774490250101595,0.9993050118746934
1740164676.2971575,1740164676.2871313,1,3,-0.0046225111732710305,-0.015196624907643034,-0.019738651042214204,-0.012493126770202301,-0.04141111622281062,0.010064562004430006,0.9990133862107872
1740164676.3134322,1740164676.3037913,1,3,-0.005428667783190292,-0.016518181495008475,-0.02144409818347946,-0.013056512324407323,-0.048495577428913465,0.012538584377319263,0.9986593465028862
1740164676.3303337,1740164676.320581,1,3,-0.006235920397225704,-0.01789277152711588,-0.023232259992146245,-0.013822984453678524,-0.055772636177773414,0.015017655816036871,0.9982348462002146
1740164676.3470943,1740164676.3371425,1,3,-0.007037963218859925,-0.019252571252149728,-0.025004086565158932,-0.014526709213243618,-0.06296050910408335,0.017556756659880428,0.9977558365193231
1740164676.3638344,1740164676.353902,1,3,-0.007832597965348494,-0.020558232079868278,-0.026708926461877357,-0.015254656194292072,-0.0703554431825939,0.020260173480904073,0.9971995449505071
1740164676.3830342,1740164676.3705285,1,3,-0.008651689447387645,-0.02150261803269973,-0.027964989195562222,-0.015672582326459697,-0.07741758809083607,0.022806066298655954,0.9966146549983094
1740164676.3996477,1740164676.3871243,1,3,-0.00948468959509107,-0.022116549013012285,-0.028809177502057446,-0.015776070484591582,-0.08421167361759661,0.02533446819330314,0.9960008405357654
1740164676.415938,1740164676.4040205,1,3,-0.01023278639329287,-0.022923798143894204,-0.02990456796383233,-0.016147408466596735,-0.09073264337513436,0.027802701389218143,0.9953561465231606
1740164676.4337654,1740164676.4206612,1,3,-0.0110102794721195,-0.023085330865040807,-0.03018829161864975,-0.016163626480191515,-0.0967851781255405,0.03013909783530667,0.9947175484809193
1740164676.447067,1740164676.4373722,1,3,-0.011699000297913658,-0.023430478780558817,-0.03069463907761305,-0.016128486630703653,-0.10248431310634928,0.03233427097022263,0.9940781319428303
1740164676.4640932,1740164676.4540684,1,3,-0.01237759630607705,-0.02328809915763427,-0.03059328445240997,-0.015869670548206313,-0.10756064717010869,0.034393387128282465,0.9934767011152718
1740164676.4820435,1740164676.4705353,1,3,-0.012993377049129121,-0.023006510908964113,-0.030301393062483445,-0.015492438716263815,-0.11177612099723301,0.03613458609963641,0.9929553740248566
1740164676.4981856,1740164676.4876935,1,3,-0.01351861446366034,-0.022770831860619647,-0.030061731844575935,-0.015205810908823694,-0.11576620762209917,0.03775008151872039,0.9924423911909105
1740164676.516856,1740164676.5047727,1,3,-0.014004607709949383,-0.022173326545109912,-0.029365930275933975,-0.014782969443411002,-0.11895116529031002,0.03921775782469801,0.9920151468408716
1740164676.5333786,1740164676.5208793,1,3,-0.014428466153279957,-0.02133280628666342,-0.02835730168986248,-0.014126669721048162,-0.12152785319005224,0.04049664803854258,0.9916609499215203
1740164676.549459,1740164676.5376651,1,3,-0.014760426435467596,-0.020465718503372598,-0.02730698226187294,-0.013585249931161258,-0.12344619116305182,0.04144923444442511,0.9913921725712858
1740164676.566275,1740164676.5543175,1,3,-0.015006635718322852,-0.019469918490203922,-0.026074510523999225,-0.013047872551368246,-0.12489624215609084,0.04229169702388952,0.9911821699768463
1740164676.581008,1740164676.5708416,1,3,-0.015082892632841466,-0.019066258499462762,-0.025571875296726148,-0.012771268256079108,-0.12557875153489334,0.04289869099134682,0.9910734454021548
1740164676.5969985,1740164676.587384,1,3,-0.01502595527968043,-0.01895253527072666,-0.025420226465133918,-0.012728941258669734,-0.12589204670640491,0.04335790515785342,0.9910142575618316
1740164676.6168892,1740164676.6042016,1,3,-0.01480112782915693,-0.019374966583769207,-0.02593236307688375,-0.013119898024694245,-0.1254422890275455,0.04358163207715277,0.9910563766733168
1740164676.6337252,1740164676.621138,1,3,-0.01451826319271935,-0.019473979051797475,-0.026024779406807884,-0.013361631883245299,-0.12441672386041495,0.04352032989768057,0.9911851121273235
1740164676.6502767,1740164676.6376886,1,3,-0.014123898065768376,-0.019723298566743503,-0.026294446573367432,-0.013790980616689047,-0.12263864495679151,0.04316921953617188,0.9914161538432941
1740164676.6654685,1740164676.6543484,1,3,-0.013644632643147792,-0.01992687833112487,-0.02649463865829356,-0.014034443372976003,-0.12043527618779984,0.042750202272623196,0.9917009624147941
1740164676.6804764,1740164676.6708903,1,3,-0.013149977630302645,-0.019585955491531307,-0.026007969634920174,-0.0140072757309546,-0.11759392910803564,0.042194413832056896,0.9920660741628555
1740164676.6977663,1740164676.6875756,1,3,-0.01250695399927084,-0.01969688153203263,-0.02607755570981647,-0.014273402128743633,-0.1137723151303968,0.040998846896791175,0.9925579201510984
1740164676.714581,1740164676.704583,1,3,-0.011797898568903618,-0.01976036634958533,-0.026088263610302975,-0.014589272679850747,-0.10944989644619119,0.039863686218027015,0.9930854745749238
1740164676.731179,1740164676.720981,1,3,-0.011102489717132798,-0.019220048576710735,-0.025337769351009475,-0.014385826335872163,-0.10414523834823047,0.03805056418902543,0.9937298284216497
1740164676.7480125,1740164676.7377353,1,3,-0.01034798635517693,-0.018657099209763186,-0.024557734331090705,-0.014256957686318938,-0.0988738461906991,0.036443091737705574,0.9943302282248014
1740164676.764234,1740164676.7545388,1,3,-0.00951736820429388,-0.018309267384844854,-0.02403749893853005,-0.014213673732723656,-0.09297508968012062,0.034536551062312376,0.9949677536577322
1740164676.7813463,1740164676.7710216,1,3,-0.008672608070621384,-0.01770902536575593,-0.023206188296244955,-0.013936258773207286,-0.08663886468490765,0.03250658992385614,0.9956117764616078
1740164676.7977667,1740164676.7878754,1,3,-0.007804320802704421,-0.017098523701980048,-0.022372983652573685,-0.013767571236018296,-0.07999142527305025,0.03027378787928277,0.9962405952542225
1740164676.813993,1740164676.8044074,1,3,-0.0069340178379264554,-0.01628855699322424,-0.021291385122479557,-0.013373512498012002,-0.07277969682906185,0.027760773258642683,0.9968719097060652
1740164676.830937,1740164676.8209023,1,3,-0.006033216897813839,-0.015611899717956361,-0.020379904806601793,-0.013122232889234225,-0.06560350388227433,0.025109154569136233,0.9974434909503356
1740164676.8476985,1740164676.8379858,1,3,-0.005174541419197622,-0.014687023803477322,-0.019160001669376574,-0.01261016964865222,-0.05839229693642492,0.02264349390854189,0.9979572112388058
1740164676.8644857,1740164676.854403,1,3,-0.004346918935748481,-0.013639052568985907,-0.017791451401544985,-0.011929853804202748,-0.05111461780070898,0.020007077784709365,0.9984210991729965
1740164676.8836753,1740164676.8713613,1,3,-0.0035385457730774048,-0.012612101032650142,-0.01646532717360832,-0.011274549890146682,-0.04395233828066768,0.017389964289209355,0.9988186350015985
1740164676.8973992,1740164676.887805,1,3,-0.00282626489231392,-0.011217379564784077,-0.014679649740563011,-0.010474410158214086,-0.037114778447234285,0.0150006248825276,0.9991435138186026
1740164676.9136121,1740164676.9044237,1,3,-0.0021228374169163454,-0.010081823714272159,-0.013228972481842714,-0.009800141302455503,-0.030673336761352765,0.012692526951302338,0.9994008221939619
1740164676.9308164,1740164676.9213226,1,3,-0.001528480008055174,-0.008572499505698801,-0.011315070825007061,-0.008839714901980444,-0.024249434702915712,0.010237725090844627,0.9996144323397923
1740164676.9469855,1740164676.93765,1,3,-0.0009683559163133215,-0.007236872283568704,-0.009626643145695802,-0.008007117038309608,-0.017915971801709396,0.007555271670065259,0.9997788865049745
1740164676.9649262,1740164676.9545176,1,3,-0.00048752739822192475,-0.0059156606350342505,-0.007955847337423388,-0.007326590314838956,-0.013100968981708679,0.0057914156807714464,0.9998705642184449
1740164676.9805784,1740164676.971147,1,3,-7.66943097285837e-05,-0.004616072841443839,-0.006317155539409456,-0.006367217116465664,-0.00821013234942371,0.0038459225407138538,0.9999386286931852
1740164676.997231,1740164676.9877713,1,3,0.00021213118665427974,-0.003066391369911336,-0.004380659047766884,-0.005457631887866704,-0.003939799555263476,0.001977736472984904,0.9999753900932183
1740164677.0166743,1740164677.0052083,1,3,0.0004035944891417957,-0.0014706963449755781,-0.002385501078723926,-0.004476159523565373,-0.00054644829362489,0.0006431012853501542,0.999989625851648
1740164677.030733,1740164677.0211806,1,3,0.0005489695797072702,-0.0002227930527030401,-0.0008221483204961582,-0.003715265791843084,0.002029707330711929,-0.00043935400447745084,0.9999909419871295
1740164677.047319,1740164677.0377703,1,3,0.0005842541213463072,0.0011026938381056806,0.0008368562700944549,-0.002944320941858407,0.004005079741385554,-0.0014587752785622096,0.9999865810525375
1740164677.0643423,1740164677.0546923,1,3,0.0005751552948357711,0.00203943877033413,0.002005210332618007,-0.002274590136491054,0.0054390820448157835,-0.0022315313933663006,0.999980131249547
1740164677.0803635,1740164677.071266,1,3,0.00053478165028298,0.0024915659241009315,0.002568488986470444,-0.0019831146162022023,0.006336247492710099,-0.002788432245098518,0.9999740715987313
1740164677.1001072,1740164677.0881228,1,3,0.0005237707613142021,0.0020412879988424004,0.0020091829594479434,-0.0022197811369011936,0.0063748410434349536,-0.0031557073564096537,0.9999722373568458
1740164677.1148288,1740164677.1046362,1,3,0.0004712165805916885,0.0011462016231323234,0.0008944405274329474,-0.002763527389561433,0.005758885139596162,-0.0033333204464563873,0.9999740432296816
1740164677.1310806,1740164677.1211696,1,3,0.0003699989571237563,-0.00010127935850937363,-0.0006637992219329768,-0.003514182000305957,0.004661205161616374,-0.0033460922208488316,0.9999773634228725
1740164677.1474955,1740164677.1379814,1,3,0.00015712463841975534,-0.0012596300288187537,-0.0021085602197529326,-0.004147526507936668,0.0027178074485742017,-0.0029604503333584683,0.9999833235011282
1740164677.1640556,1740164677.1545343,1,3,-0.00011965146808577585,-0.0026147973696745977,-0.003805453243974458,-0.005044013269397219,7.385534466254616e-05,-0.002403508747910215,0.9999843876887404
1740164677.1812828,1740164677.1714606,1,3,-0.0004510389001466992,-0.004224199336348293,-0.005824476964824515,-0.006028137583429165,-0.0033831446475544257,-0.0014813480601395363,0.9999750104365077
1740164677.199921,1740164677.1880383,1,3,-0.0009017731686195395,-0.005551054163922887,-0.007497856436829015,-0.006817480502452712,-0.007405271999173205,-0.0002931582538759451,0.9999492976968658
1740164677.217039,1740164677.2048097,1,3,-0.0013909677163002631,-0.007162598211033811,-0.009529055430682118,-0.007763959890420068,-0.012115455634905636,0.0010461872024381364,0.9998959156601831
1740164677.233842,1740164677.221652,1,3,-0.0019701783764652313,-0.008606765814266063,-0.011355532979683636,-0.008652471339494323,-0.01722363710315002,0.0026888683572393276,0.9998106075910654
1740164677.2495046,1740164677.2381873,1,3,-0.002601840197957175,-0.01014464343984977,-0.01330402544079208,-0.00951006179620929,-0.023087476390969166,0.004535187014058083,0.999677927753372
1740164677.26789,1740164677.2549691,1,3,-0.0032551854618883547,-0.011899686498591983,-0.015534902779020315,-0.01053599367757063,-0.029340665172989087,0.006546461181611092,0.9994925022482312
1740164677.2816541,1740164677.2715507,1,3,-0.003997961267329164,-0.013285572033930168,-0.01731072524068434,-0.011284085277649404,-0.03604711738666034,0.008754516534955521,0.9992480338673668
1740164677.2981515,1740164677.2880983,1,3,-0.004736133286501933,-0.014929893912265301,-0.019416170506068645,-0.0122786124561092,-0.042731232880034456,0.01105715127197228,0.9989499571141958
1740164677.3145924,1740164677.3049178,1,3,-0.005521288420979887,-0.016401742795023964,-0.02131104092587581,-0.013134637355307824,-0.05009131245745272,0.013548813096964816,0.9985663580260943
1740164677.3334415,1740164677.3213365,1,3,-0.00633673758734159,-0.01768887837208061,-0.022986585770341142,-0.013734622017019088,-0.05733174653392674,0.016147254454122986,0.9981301003231056
1740164677.3502297,1740164677.3383021,1,3,-0.0071050373141802285,-0.019306147054108557,-0.025073777212182295,-0.014526267683915867,-0.06449402215430325,0.018547860313248572,0.9976399578662313
1740164677.3669724,1740164677.3550205,1,3,-0.007927623040856339,-0.02040007044858236,-0.026518688058542378,-0.015139442929529378,-0.0718733842962256,0.021242005400861713,0.9970726107481542
1740164677.383653,1740164677.371626,1,3,-0.008774177344144237,-0.021116360167519055,-0.02749284733343403,-0.015481789239837325,-0.07895203151274309,0.023865017786929312,0.9964724541340687
1740164677.4008574,1740164677.3884861,1,3,-0.009590148958115576,-0.021779927369683927,-0.028405663134600027,-0.01568919502371757,-0.08565000618323919,0.026243712892930378,0.9958560102413965
1740164677.4175377,1740164677.40522,1,3,-0.01034814335892569,-0.022511960462665664,-0.029402610556008894,-0.01591566932838897,-0.09197737815937355,0.028634194045245462,0.9952220537689749
1740164677.43117,1740164677.4214168,1,3,-0.011095956356685628,-0.022859936737953127,-0.029911503439947477,-0.01596750705500268,-0.09789626787739182,0.03086451567196935,0.9945897350799782
1740164677.4508257,1740164677.438783,1,3,-0.011777979527240532,-0.02322110241146115,-0.0304396965430586,-0.016077755633893433,-0.10335673897839039,0.03292251125361693,0.993969314684455
1740164677.4652445,1740164677.4552112,1,3,-0.0124491432490606,-0.023112350727974847,-0.030378032640232026,-0.01575551303370528,-0.108384255530283,0.034935636993703806,0.9933700812033929
1740164677.481642,1740164677.4714932,1,3,-0.013058053134070366,-0.02284198116459186,-0.030109157134528497,-0.015264905334680142,-0.11253216189907557,0.0366477668243927,0.9928546904709815
1740164677.4981806,1740164677.4882462,1,3,-0.013575072737105866,-0.022624441203990965,-0.02989283740959882,-0.015168164879981355,-0.11643201695920566,0.038253840370590035,0.9923457844410316
1740164677.5180838,1740164677.5056608,1,3,-0.01407893126729634,-0.021823152866989978,-0.02893683614467572,-0.014648622666448577,-0.1194999853882646,0.03957323456420187,0.9919370597231999
1740164677.5335946,1740164677.5219066,1,3,-0.014482718309322145,-0.021093950116344583,-0.02806710189428789,-0.014036096179085909,-0.12183797238251524,0.04068348508529722,0.9916165340145773
1740164677.548129,1740164677.5383584,1,3,-0.014791873869029904,-0.020356049088823113,-0.027171186050399945,-0.013421256642418283,-0.12352807525795703,0.04158326070913474,0.9913785941415111
1740164677.5647202,1740164677.5551405,1,3,-0.015028435292706324,-0.01940997316306048,-0.02600114995651955,-0.012903426562064018,-0.12504990582547906,0.04245055348129639,0.9911578951635949
1740164677.5813692,1740164677.5717454,1,3,-0.015101854085352088,-0.01897409360442351,-0.025463336460895283,-0.012682275168216005,-0.12559000906637488,0.04292444926304479,0.9910720464097097
1740164677.6003451,1740164677.5884259,1,3,-0.014999446809037293,-0.019168280918362632,-0.025695715144405676,-0.012832565611288208,-0.1257305969025328,0.04331155127894031,0.9910354442643192
1740164677.6173868,1740164677.6054032,1,3,-0.014768209995044926,-0.019587989613572523,-0.026199509867733613,-0.013109474056809402,-0.12524470301524185,0.043440461290802604,0.9910877016588492
1740164677.631761,1740164677.6217258,1,3,-0.01448952216275354,-0.019578815638142212,-0.026152785642550542,-0.013349433610204554,-0.12387863331864621,0.043168786247792384,0.9912680428235764
1740164677.65115,1740164677.6385581,1,3,-0.014076075307578602,-0.019958074806417855,-0.02658542557443921,-0.013817498156426907,-0.12249891996880816,0.043018176183615364,0.9914396239151471
1740164677.6654258,1740164677.655533,1,3,-0.013642848919821423,-0.019743124140955182,-0.026267933367030517,-0.013794681851315698,-0.11990063976199077,0.04252885268536863,0.9917786245057676
1740164677.682687,1740164677.671739,1,3,-0.01309603515162549,-0.01975596036185559,-0.026225476271259266,-0.01403493298155056,-0.116942481549744,0.041707440943451995,0.9921632758952226
1740164677.6984012,1740164677.688463,1,3,-0.012439694647444337,-0.019942984562635806,-0.02638717610072495,-0.014347002017390446,-0.1128654596272705,0.04048425529719187,0.9926815081531788
1740164677.7150514,1740164677.7051778,1,3,-0.011809637285073272,-0.019402491363217558,-0.025639112925486318,-0.014268075168061993,-0.10848484253130712,0.03913338184654987,0.993225069859399
1740164677.731801,1740164677.7217684,1,3,-0.0110187750240681,-0.019524496668853763,-0.025711418833959793,-0.014490740050225834,-0.1033281816386941,0.03744608661721312,0.9938365539308232
1740164677.7488194,1740164677.7386672,1,3,-0.010296098309468446,-0.018731385621612858,-0.024646487139612025,-0.014080485727358674,-0.09787012259811725,0.03577619372914228,0.9944562549386303
1740164677.7652586,1740164677.7552948,1,3,-0.009495675215174255,-0.01811365610286843,-0.023794975051059996,-0.014038126890406686,-0.09217101390556298,0.03391675019198646,0.9950663742914057
1740164677.78493,1740164677.7720299,1,3,-0.008623650702671631,-0.01770583124070342,-0.023209034498874074,-0.01401555703215112,-0.08547255184201713,0.03164647772984153,0.9957391764362727
1740164677.7981212,1740164677.7885823,1,3,-0.007779091602691683,-0.016896410035740165,-0.022122793280635666,-0.013611855364705992,-0.07849740354131833,0.029237161984211876,0.9963925247561378
1740164677.8177807,1740164677.805345,1,3,-0.00682491464271534,-0.016663572110758498,-0.02175710139801762,-0.013460737592308538,-0.07159370310773788,0.026943876904595963,0.9969790257152564
1740164677.8344903,1740164677.8221533,1,3,-0.005996618512242516,-0.015488207742471711,-0.02022133604503119,-0.012911275960554067,-0.06421155029433451,0.024338021746004794,0.9975559314942494
1740164677.850153,1740164677.8386533,1,3,-0.005150080871886277,-0.014472979896565007,-0.01888969776591378,-0.012460470562094681,-0.056814695579327015,0.02158416221399659,0.9980736200206473
1740164677.8649807,1740164677.8554215,1,3,-0.004316578890818019,-0.013454028391533836,-0.01756486175741506,-0.011712921372030049,-0.0498484240212399,0.019220919811234038,0.9985031288569614
1740164677.8813133,1740164677.8722582,1,3,-0.0035443139597404554,-0.012201928238841638,-0.0159563508343006,-0.010920368554564162,-0.04236589148018734,0.016350407042861087,0.9989086749944933
1740164677.8986242,1740164677.888903,1,3,-0.0028051962945320505,-0.011002281906604315,-0.014408701840131334,-0.01023404149775436,-0.03572084430397085,0.014023120148122532,0.9992110076345961
1740164677.916544,1740164677.905697,1,3,-0.0021441694016909587,-0.009579389629795187,-0.012599427250194003,-0.009449931034964132,-0.029028706790037953,0.01149477056681339,0.9994678100044787
1740164677.934151,1740164677.9220557,1,3,-0.001482450223832138,-0.008586164225586864,-0.01132925138674079,-0.008721790632787335,-0.0230372569936293,0.009355513738514176,0.9996527844812196
1740164677.948274,1740164677.938726,1,3,-0.0009570912152061759,-0.0070587578672256165,-0.00940298593907961,-0.007774863035649295,-0.017303637119094755,0.007109931359185035,0.9997947712022179
1740164677.9645894,1740164677.9554222,1,3,-0.0004789543295765156,-0.005721234943638774,-0.007719883189013559,-0.00719274227676905,-0.012541857546740566,0.0054769287663335485,0.9998804776167528
1740164677.9816551,1740164677.9720376,1,3,-8.975319875944166e-05,-0.004315318821095736,-0.005947468952358176,-0.0062604477250280295,-0.007897668719615523,0.0036517167313448165,0.9999425476436091
1740164678.0011394,1740164677.9889097,1,3,0.00014652249315143086,-0.0023713485641587892,-0.003512700491580615,-0.00497661458871007,-0.0036239614980110696,0.0018772400919290877,0.9999792878754709
1740164678.0178638,1740164678.0060048,1,3,0.0004177147514554473,-0.0014303351930112821,-0.0023299858830293954,-0.004287129938790547,-0.0003208773196433336,0.0005027931001688155,0.9999906323329895
1740164678.0328894,1740164678.022303,1,3,0.0005336741114184035,-2.712515344849368e-05,-0.0005739588535794414,-0.003523646717644876,0.0022657359680931643,-0.0006621333511916231,0.999991005926432
1740164678.048913,1740164678.0393126,1,3,0.0005706579595393037,0.0012569394945780555,0.0010271645843038864,-0.0027695702104997854,0.004310826704066241,-0.001651215220081967,0.9999855097661534
1740164678.065377,1740164678.0555644,1,3,0.0005481644470282231,0.0022430842117489806,0.002254277656626249,-0.002140354061936233,0.005506535992088166,-0.002289605346084376,0.9999799271251482
1740164678.0838249,1740164678.0726607,1,3,0.000536849575076535,0.00245455706402409,0.0025185652849729198,-0.0019794813148403634,0.006241142894410563,-0.0028244508549956555,0.999974575810037
1740164678.098987,1740164678.0893846,1,3,0.0005133578367699755,0.0020697028859254043,0.002045929192712829,-0.0021907224616043003,0.0064145411033616415,-0.0032272959085704335,0.9999718190822419
1740164678.1154058,1740164678.1057904,1,3,0.00046199838373334,0.0011389764272558547,0.0008865116685543204,-0.0027500201109172226,0.0057589439315497894,-0.003347131526094148,0.9999740339952482
1740164678.1347277,1740164678.122481,1,3,0.00036718191898317917,-0.00016380641834967582,-0.0007433646894272131,-0.0035106863555185285,0.00448937014784819,-0.00319679047881227,0.999978650355908
1740164678.1506946,1740164678.1389575,1,3,0.00015398012123004587,-0.0013301668979624282,-0.002205283410523002,-0.004186026974138087,0.0023584556110066925,-0.002773033901346995,0.9999846124557541
1740164678.1669953,1740164678.1557572,1,3,-0.00013758073923994312,-0.0026055830814436898,-0.0038038576838616742,-0.005016205899972028,-0.0003483040189429554,-0.002087728401953751,0.9999851787665651
1740164678.1828706,1740164678.1726794,1,3,-0.0004725820998765942,-0.004184297258479997,-0.005780346347776498,-0.006115727830359639,-0.003638690854577682,-0.001238113489530513,0.9999739120981892
1740164678.1986964,1740164678.1891472,1,3,-0.0009181415029195373,-0.00558030270347806,-0.007531154523698574,-0.0067571242766503135,-0.007850835763892214,6.000156776452886e-05,0.9999463495853815
1740164678.2155263,1740164678.2057376,1,3,-0.001417074714465974,-0.007135067446245182,-0.009493130126644773,-0.007654627355711138,-0.012579177291217774,0.0014249544893074415,0.999890564253621
1740164678.2323008,1740164678.2226331,1,3,-0.0020002499123396283,-0.008536018948440985,-0.011270136672438227,-0.008561413169318858,-0.017957666396879922,0.0031064679574889812,0.9997972665890579
1740164678.2488842,1740164678.2393286,1,3,-0.0026051620560239123,-0.010276939086878012,-0.013477093425351597,-0.00959778990612566,-0.023644138714722394,0.004943111758047367,0.9996621443165208
1740164678.2673101,1740164678.2561312,1,3,-0.0032916640535281287,-0.011787554639259422,-0.015401660844863958,-0.010540215500044673,-0.029847115022457606,0.006904018470268397,0.9994750562725471
1740164678.2822754,1740164678.272553,1,3,-0.00401919189085966,-0.013267562682906393,-0.01729061386814597,-0.011132647922303403,-0.036460981616333515,0.009158398416306853,0.9992310967480243
1740164678.2990983,1740164678.2892041,1,3,-0.0047478606981764294,-0.01496743453884356,-0.019461786290772127,-0.012258725230618953,-0.043473052849860465,0.011516918415687733,0.9989129981744355
1740164678.3156726,1740164678.306054,1,3,-0.005533388647804394,-0.016410423865304072,-0.021322203547810184,-0.013044169183386262,-0.05049241578511424,0.01392465087409186,0.9985421722173446
1740164678.3323119,1740164678.3224974,1,3,-0.006347138636819447,-0.017689152646299118,-0.022992683486632873,-0.013732251976032988,-0.05788372810978231,0.01654737103233057,0.9980917211297257
1740164678.351775,1740164678.339425,1,3,-0.007124239254757599,-0.019227895373516206,-0.024983364757923582,-0.014413361988213195,-0.06506011680611155,0.019024007853369114,0.9975958717449501
1740164678.367579,1740164678.356065,1,3,-0.007971091359013046,-0.020096848093806272,-0.026139840408082104,-0.01496688747736937,-0.0723293845747352,0.021650958605491103,0.9970334439715366
1740164678.3824341,1740164678.372695,1,3,-0.008801597788609042,-0.020908124075291926,-0.027229667327686512,-0.015317056993395955,-0.07937584666226459,0.024238543153945576,0.9964323136859242
1740164678.406332,1740164678.3894231,1,3,-0.009590097464922169,-0.02174753098136794,-0.02836041755352117,-0.01555656715848495,-0.08589572490452661,0.026578120033518247,0.9958280580486037
1740164678.418265,1740164678.4060342,1,3,-0.010375979310441976,-0.022227604594368754,-0.02904508617226429,-0.015567166156796758,-0.09231923418464236,0.028979574663260392,0.9951859155905215
1740164678.4363549,1740164678.4228594,1,3,-0.01112726334916192,-0.022489813209808373,-0.029454494266197964,-0.0157199936672947,-0.0979384943541367,0.03114624550063595,0.9945807380569759
1740164678.4521744,1740164678.4394035,1,3,-0.01180443876479066,-0.02284248006504326,-0.029968398024084512,-0.015846073590449705,-0.10350658915059038,0.03320241845178664,0.9939481311231132
1740164678.469812,1740164678.4562035,1,3,-0.012475149749327853,-0.022657990173120167,-0.029811420257572604,-0.015400785308057897,-0.10826874589720027,0.03511022482920184,0.9933820848929105
1740164678.4831784,1740164678.4729218,1,3,-0.013054997329062942,-0.0225935112396101,-0.029789388493512033,-0.015093287127249028,-0.11239083234153273,0.03678701229496669,0.9928681731305933
1740164678.4995267,1740164678.4892592,1,3,-0.013582457879241231,-0.022250432997747184,-0.029417475649481006,-0.014832908927761873,-0.11604509393381146,0.03824370943152367,0.9923965637161137
1740164678.5164769,1740164678.5067225,1,3,-0.014065383807913561,-0.021573509586417225,-0.02862159708028833,-0.01447355426830592,-0.11924597358278291,0.039557595155816964,0.9919708214844957
1740164678.5325089,1740164678.5226336,1,3,-0.014453464495997133,-0.0209354331734525,-0.027861297017545403,-0.013840074119503686,-0.12166310007126076,0.04068742751932331,0.9916405980350326
1740164678.549209,1740164678.5394342,1,3,-0.014742929930763432,-0.020290946285891526,-0.0270846635369797,-0.01338303224193655,-0.12327220851074266,0.04153512180808538,0.9914129768735543
1740164678.56603,1740164678.556365,1,3,-0.014981814108657465,-0.019317942519135437,-0.02587884070076179,-0.012841413472265455,-0.12458035291419961,0.04229024611770437,0.9912246813165578
1740164678.5823898,1740164678.5726538,1,3,-0.015056708811370119,-0.018833217674390036,-0.025277137653917627,-0.012625315144480542,-0.12524824684409866,0.04284582468317713,0.9911194243819463
1740164678.5996084,1740164678.5894594,1,3,-0.014952883549920613,-0.01900798457327629,-0.025489165471523027,-0.012699209281737652,-0.1251811467234565,0.04310358034397169,0.9911157813041572
1740164678.6155493,1740164678.6060684,1,3,-0.014720899150754939,-0.019397684184252775,-0.02595641687113854,-0.012967987426519369,-0.1246594760678456,0.043215425946248144,0.9911731802711775
1740164678.6324508,1740164678.6226795,1,3,-0.014418993498093264,-0.019533751721819755,-0.026091913491240036,-0.013430890824773813,-0.12348036905628827,0.043064993810094515,0.9913211467216425
1740164678.6507258,1740164678.6395552,1,3,-0.014032365490485879,-0.019666782327362162,-0.026210872666435413,-0.013753014679706084,-0.12214933643111399,0.0431042355085453,0.9914799136028335
1740164678.6659389,1740164678.6561255,1,3,-0.013547598292620108,-0.019808323206715002,-0.026334194938679008,-0.013879254698283869,-0.11905994160204013,0.04202763911063505,0.9919000827429773
1740164678.6857,1740164678.6729388,1,3,-0.013033082494304262,-0.01954397193895233,-0.02594712742479472,-0.013841170877539277,-0.11585485851681192,0.04131264650238006,0.9923101022290147
1740164678.7021356,1740164678.6895595,1,3,-0.012413985178050537,-0.019468038360032025,-0.025782238448054825,-0.013990366367542747,-0.11215834075005339,0.04016520439862595,0.9927796999358485
1740164678.7195215,1740164678.7062867,1,3,-0.011724125157327807,-0.019396193654821283,-0.02562438873214426,-0.014347531568066762,-0.1078566536491808,0.03887259311163022,0.9933025783245917
1740164678.7351036,1740164678.723217,1,3,-0.011006215684752902,-0.019024399552816547,-0.025081655504924052,-0.014233138532533487,-0.10279969542316177,0.03734413372823902,0.9938989164218394
1740164678.7496033,1740164678.7395267,1,3,-0.010171063218866606,-0.019022194906547857,-0.02499881087918257,-0.014335404178407559,-0.09736759165285981,0.03561892745478731,0.9945075868437275
1740164678.7665126,1740164678.7562265,1,3,-0.009401327697426671,-0.01819759710235905,-0.023891220918199566,-0.014064883392714984,-0.09110686952874447,0.03338027825338573,0.9951821312722351
1740164678.7831833,1740164678.773155,1,3,-0.008558510268995477,-0.017589743988354587,-0.023056719047364154,-0.013834678849216894,-0.08479532312869102,0.031432963791851426,0.995806368539537
1740164678.7993896,1740164678.7895255,1,3,-0.007678241841057994,-0.01699054309216845,-0.022232954878900018,-0.013649067826835904,-0.0781999089265871,0.029271523428774822,0.9964143992875105
1740164678.8163126,1740164678.8064582,1,3,-0.0067801267926157925,-0.016362441528386146,-0.021375589880638406,-0.013326691365682763,-0.07089342789982532,0.02672931179471286,0.9970366417884736
1740164678.8325012,1740164678.8230004,1,3,-0.005918475839745951,-0.015421345089045772,-0.02013192879207162,-0.012928581323560197,-0.06378973442405754,0.024207530327062337,0.9975859446897459
1740164678.8489695,1740164678.8395047,1,3,-0.005070414093624579,-0.014434551282553658,-0.018835433301449184,-0.012325859079301747,-0.05659171939203201,0.021698479318637255,0.998085480552377
1740164678.8661716,1740164678.8565867,1,3,-0.004266821711377627,-0.013242198743386495,-0.01729396007181519,-0.011636436200469573,-0.04930744069874418,0.019089580761518996,0.9985334033224135
1740164678.8824549,1740164678.8730159,1,3,-0.003429989260415624,-0.012464901335299143,-0.01627896440758957,-0.011054005740071858,-0.04231979348266879,0.016537778280740906,0.9989060746267487
1740164678.901616,1740164678.889826,1,3,-0.002764759128947154,-0.010816293037446516,-0.014177182223801137,-0.010164174270876973,-0.03548396529878692,0.013994254289046694,0.9992205655484474
1740164678.9163861,1740164678.9066374,1,3,-0.0020505264986768064,-0.009834306624883361,-0.01291364434952065,-0.009625998324159224,-0.029040037729667612,0.011679053039607982,0.999463664214473
1740164678.932642,1740164678.9231317,1,3,-0.0014480047007781262,-0.008477665054601265,-0.011191072468796975,-0.00866703255694926,-0.02304077199087917,0.009541563874291318,0.9996514212121913
1740164678.9522986,1740164678.9401581,1,3,-0.0009354590598305033,-0.006911490095806409,-0.009215966763029508,-0.007663296710352272,-0.01727972337257679,0.007294530064532929,0.999794716366732
1740164678.9682093,1740164678.956631,1,3,-0.00044739826110068616,-0.005633759710771093,-0.007604027758418211,-0.007048182237659944,-0.012139851545540207,0.00529422873548164,0.999887452803411
1740164678.9855661,1740164678.9732459,1,3,-8.77504348203982e-05,-0.004018307275767707,-0.00557560575016369,-0.0060105923710200015,-0.007312623927452252,0.003292894445441892,0.9999497763171991
1740164679.0008147,1740164678.9901493,1,3,0.00022925811250204604,-0.0027353194386285076,-0.003968332214553977,-0.005256568210782854,-0.003596504336010305,0.0018572808816721363,0.9999779918352868
1740164679.0187728,1740164679.0070865,1,3,0.0004464571979551206,-0.0014017303004399408,-0.002294297448164517,-0.004393922041599813,-0.00013785897142868373,0.00044848571845470836,0.9999902366046164
1740164679.0347886,1740164679.0230422,1,3,0.0005588304380417645,6.2821669534743525e-06,-0.0005305390242914595,-0.0034799853512004902,0.002393704837430771,-0.0006685810805633275,0.99999085639742
1740164679.051538,1740164679.0400825,1,3,0.0005926793689632267,0.0012833113673754006,0.001061139329038422,-0.002749340198468759,0.004517591296631976,-0.0017160891800010033,0.9999845436481886
1740164679.0684774,1740164679.0567386,1,3,0.000568374638264145,0.002224453629092622,0.0022362304024990546,-0.0021119147286528758,0.005886082192887993,-0.0024571795388739336,0.9999774278059036
1740164679.0858495,1740164679.073526,1,3,0.0005313218882409106,0.002558204562057384,0.002647994404888975,-0.0018918115613136496,0.006523186235485873,-0.0029468742439717195,0.9999725921356765
1740164679.101708,1740164679.0900803,1,3,0.0005255740303637941,0.001972161738697265,0.0019233746094946729,-0.002333086425173077,0.006371258721757548,-0.0032624893878240233,0.9999716595649236
1740164679.11811,1740164679.106688,1,3,0.00047939980464703865,0.0009715223847869955,0.0006793333413064813,-0.0028543916416022197,0.005765571997108399,-0.0033693402238238147,0.9999736287394576
1740164679.1333454,1740164679.123603,1,3,0.0003518903226056894,-0.00018165977896984862,-0.000761122189945401,-0.0034710160797109964,0.0044590571756965725,-0.003244122248645271,0.999978772038344
1740164679.1497262,1740164679.140115,1,3,0.00013041484844112728,-0.0013060505365359186,-0.0021707370637760546,-0.004124368631052069,0.002611890305751022,-0.003034565744816342,0.9999834793751177
1740164679.1664882,1740164679.1571963,1,3,-0.00013987181323421382,-0.0027759663556525442,-0.004014368397928716,-0.005110287518298675,-0.00018998712489228602,-0.0022997812582743636,0.9999842798127062
1740164679.1854012,1740164679.1734295,1,3,-0.0005017217990613036,-0.004240636837728071,-0.005852457903060794,-0.006082744737742484,-0.0037585157168161004,-0.0013445283589426605,0.9999735326595169
1740164679.2021475,1740164679.1902082,1,3,-0.0009432556667336576,-0.005719702979360731,-0.007709591759715406,-0.006919177258279246,-0.00785385387047023,-0.00020839978127475556,0.9999451977658481
1740164679.217392,1740164679.2070184,1,3,-0.0014435190391603782,-0.007314888400084429,-0.00971957506652604,-0.007802993522115284,-0.012642640852161432,0.0012403987083109335,0.9998888629919935
1740164679.2327542,1740164679.2232962,1,3,-0.002013723972738797,-0.00887814280901964,-0.011694747975993906,-0.008699863663838571,-0.01772019064466204,0.0027815624384548363,0.9998012653153368
1740164679.2499938,1740164679.2401874,1,3,-0.0026429623546611425,-0.010487493089072,-0.01373863252252375,-0.009672354960936847,-0.023824256127726418,0.004726402878468177,0.999658197328117
1740164679.266173,1740164679.2567468,1,3,-0.003329158150337833,-0.012030550355452762,-0.015708790812327903,-0.01056772101056766,-0.029995316172352196,0.006734866418539995,0.9994714832623729
1740164679.2828512,1740164679.273297,1,3,-0.004058011774918874,-0.013542278359018506,-0.017639078294675557,-0.011415696345061808,-0.03655879048810357,0.00887616249673828,0.9992268763670921
1740164679.2997315,1740164679.2901518,1,3,-0.00480165847028932,-0.01517440848073047,-0.019726349723322545,-0.012406493678635378,-0.04348564046147692,0.01122231889681233,0.9989139790526688
1740164679.316282,1740164679.3067474,1,3,-0.005589357871538585,-0.016609608560899797,-0.02157315722801393,-0.013185909757302244,-0.05061120822718008,0.013682492409994265,0.9985376441512397
1740164679.3340602,1740164679.3237412,1,3,-0.0064164168715668286,-0.017812902727252045,-0.023145397003494644,-0.013688041360893036,-0.05777565247088746,0.01617342420355798,0.9981047198840397
1740164679.3514981,1740164679.3402953,1,3,-0.0071867124003945305,-0.019396277388692446,-0.025199448521600252,-0.01460477465348735,-0.06509188877856895,0.018809681414164447,0.9975950794073
1740164679.366914,1740164679.3570387,1,3,-0.008027822324274668,-0.020318636514358595,-0.026427215869248163,-0.015116619915934604,-0.07227888648061273,0.02132042310115815,0.9970419699943566
1740164679.382987,1740164679.3735805,1,3,-0.008826988273349065,-0.021380037693838932,-0.027830933855823442,-0.015597138845735827,-0.07924991185764685,0.02385736518804868,0.9964471922067251
1740164679.4003959,1740164679.3902426,1,3,-0.00963977411574863,-0.02208068357349645,-0.02878257956620471,-0.015810290149062593,-0.08611312494677288,0.02633561977056183,0.9958117289772221
1740164679.4174073,1740164679.4072516,1,3,-0.010402112360699302,-0.02273586032661146,-0.02968292084432223,-0.015912666984553563,-0.09246225266727688,0.02872113656050993,0.995174665662166
1740164679.4338713,1740164679.423752,1,3,-0.011183845811523315,-0.022839596290131204,-0.029895143471199096,-0.015886281296379718,-0.09843762105233436,0.03106840646058285,0.9945312538820131
1740164679.450363,1740164679.4404037,1,3,-0.011863619349132963,-0.023137877743202116,-0.030346718519613545,-0.01594328299691987,-0.10388355712134509,0.03314571123187661,0.993909140773959
1740164679.4670548,1740164679.457014,1,3,-0.012513388041980905,-0.0231281451996646,-0.030406621001795205,-0.015693743243036955,-0.10866084518326152,0.035018573746439643,0.9933379216761263
1740164679.4834263,1740164679.4735718,1,3,-0.013117871907108546,-0.022834999093578116,-0.030101251000218522,-0.01533529788357772,-0.11286242478599394,0.036704435055843115,0.9928140239528646
1740164679.5038166,1740164679.4905412,1,3,-0.013652562584248462,-0.022382526805539323,-0.0295864156959614,-0.014936819097553013,-0.11668419086024623,0.03829420923015714,0.9923181166228768
1740164679.5195143,1740164679.5076516,1,3,-0.014113997681850506,-0.021833753416834724,-0.028950270850444645,-0.01461388456146757,-0.11962018422746713,0.03963570018530196,0.9919205901553974
1740164679.533762,1740164679.5236392,1,3,-0.014501011884026702,-0.021142429413197415,-0.028129487049109943,-0.014012428437168023,-0.12201505014810422,0.040779843283452424,0.9915911373990924
1740164679.5504377,1740164679.540563,1,3,-0.014814459201667934,-0.020278640284352435,-0.02707786741106261,-0.013446821991729942,-0.12368891161162607,0.04164007751733354,0.9913558090146064
1740164679.5668576,1740164679.5570555,1,3,-0.015042356293557026,-0.01932894806955253,-0.025904390287919542,-0.012892399092809492,-0.12511927787588104,0.04250755680453496,0.991146840767784
1740164679.5837643,1740164679.573678,1,3,-0.01509856718070058,-0.01895293082547748,-0.025431031138770613,-0.012721900803134557,-0.12565747613029368,0.04293133457542386,0.9910626884532041
1740164679.6016464,1740164679.5905056,1,3,-0.014994611979538922,-0.01908951371636107,-0.025593412406119696,-0.012804600769330494,-0.12572334104644672,0.043377840496831035,0.9910338272072696
1740164679.6167457,1740164679.6070638,1,3,-0.014747904425792468,-0.019538468715227738,-0.02613480079568617,-0.01312899608761783,-0.1250956968979894,0.043472220541169324,0.9911048693859583
1740164679.6361513,1740164679.6238863,1,3,-0.014455080979134857,-0.019593321628313492,-0.02617010489395808,-0.013434900192555907,-0.12418119361057946,0.0435289887272829,0.9912132776303231
1740164679.6521757,1740164679.640424,1,3,-0.01406968398512341,-0.01966330771728921,-0.02621623025465364,-0.013767449394646272,-0.12262026220075169,0.04340063128922092,0.9914086512829519
1740164679.667152,1740164679.6572676,1,3,-0.013617964760432873,-0.019449879422678163,-0.025894062441995505,-0.01374788864385821,-0.11968490917342649,0.04254709810096611,0.9918045485463209
1740164679.6865172,1740164679.6739283,1,3,-0.013011683215185523,-0.019877120385453906,-0.026368028196361935,-0.014130136997621414,-0.11644068234729446,0.04166775979644369,0.9922226083477793
1740164679.703146,1740164679.6904645,1,3,-0.012413368366183153,-0.01958098710368168,-0.02592414160988667,-0.014121863723539923,-0.11298981532829211,0.04088565336556936,0.9926541381296523
1740164679.7211037,1740164679.7076879,1,3,-0.011724866563261743,-0.01940558145922478,-0.025632141397955086,-0.014335307464932105,-0.10846118763231602,0.03939229025561049,0.9932164503297813
1740164679.737375,1740164679.724126,1,3,-0.010967923460134915,-0.019229146587503965,-0.02533608625395813,-0.014344607217405232,-0.10356055938237248,0.03803342873051956,0.9937921820396802
1740164679.753036,1740164679.7407432,1,3,-0.010197656231448457,-0.018727561300847684,-0.024636988297226686,-0.01421100763389115,-0.09781299919681154,0.03602536019397769,0.9944510233656799
1740164679.769819,1740164679.7575808,1,3,-0.009396713117932515,-0.018072701809269703,-0.023733361783823292,-0.014081288887642889,-0.092135955454263,0.03434802097001039,0.9950542178551058
1740164679.7860615,1740164679.7740433,1,3,-0.00854213787146092,-0.017544456321913874,-0.022994463214618472,-0.01392440418733078,-0.08564335567971022,0.032119216172088114,0.9957106419780986
1740164679.8025212,1740164679.790719,1,3,-0.007666527436027341,-0.016906685469783463,-0.022121315073150856,-0.013562286113673324,-0.07876077128213962,0.029876835127905028,0.9963534413174641
1740164679.817396,1740164679.8073623,1,3,-0.006781250928517483,-0.016193991891591854,-0.021161356058079967,-0.013172855106169737,-0.07180703039175208,0.027484383080512334,0.9969527746896307
1740164679.8336034,1740164679.8239064,1,3,-0.0058800495988037575,-0.0155111515661645,-0.020241416222949456,-0.013035597717533862,-0.06461308029487092,0.024990469508703265,0.9975122553035074
1740164679.8524632,1740164679.8408039,1,3,-0.005040547085164834,-0.014418136897879285,-0.018814876108638114,-0.012464387343655898,-0.05723344040906622,0.022463752114994767,0.9980302361091096
1740164679.867313,1740164679.8573544,1,3,-0.004197492228690855,-0.013479074240188042,-0.017587858753668664,-0.011773322903725158,-0.04998447162553193,0.019748770863945973,0.9984853166238772
1740164679.8835921,1740164679.8739688,1,3,-0.0034182413219759396,-0.012292067516870933,-0.016055970342283298,-0.01103956269767212,-0.0429564124366274,0.017196282418573676,0.9988679404991428
1740164679.9004076,1740164679.8908033,1,3,-0.002699152928258228,-0.010983604166597985,-0.014378456564793467,-0.010282188745742887,-0.03588483191996761,0.014537198860090412,0.9991972904696923
1740164679.9167204,1740164679.9072978,1,3,-0.0020205686256713103,-0.009728588913387145,-0.012780519206155447,-0.00955104388739057,-0.029225018553148904,0.012080652829061199,0.9994542179001762
1740164679.9343593,1740164679.9243917,1,3,-0.0013886417738746086,-0.008538252946945246,-0.011266781713365398,-0.00879450237711864,-0.022599322951047142,0.009360106215541007,0.9996621007829231
1740164679.950351,1740164679.9408164,1,3,-0.0008748075728861233,-0.007018509514458607,-0.00935447014029742,-0.007813969159185795,-0.017469839458689313,0.007573527127100862,0.9997881717054478
1740164679.96699,1740164679.9573624,1,3,-0.0004081994003797941,-0.005639175136329614,-0.007608359766689412,-0.0071171327718798924,-0.011833713916196151,0.0052318888571223085,0.9998909625429383
1740164679.9839525,1740164679.9743907,1,3,-4.407682060268071e-05,-0.0041019818770176245,-0.0056722406355131086,-0.005998313648433113,-0.007792855111771167,0.003764234667746607,0.9999445595531525
1740164680.0006537,1740164679.9909017,1,3,0.0002950763074392303,-0.003030141208754409,-0.004331557651065675,-0.005348901091467033,-0.003772567568043623,0.0021203462386701543,0.9999763302813154
1740164680.02031,1740164680.0081623,1,3,0.00046410679638766143,-0.001362521156287935,-0.002248131711239375,-0.0043825788235798534,-0.00015402596009638352,0.0005265125738420807,0.9999902459841138
1740164680.03621,1740164680.0243406,1,3,0.0005656645915871343,8.705141309859466e-05,-0.0004333185131710497,-0.0034383543592727927,0.0024439948798298887,-0.0006605229151654252,0.9999908841173534
1740164680.0505204,1740164680.0408115,1,3,0.000602869896464872,0.001291783248574503,0.001069579707186995,-0.0027995232053714793,0.004303120766974627,-0.0015979113825861898,0.9999855461458935
1740164680.0673864,1740164680.0578244,1,3,0.0005727685603285764,0.0022574889728166512,0.0022812071776978685,-0.0020922229721973946,0.005921488711311602,-0.0024483780097285454,0.9999772817517395
1740164680.0840757,1740164680.0741208,1,3,0.0005540818089975374,0.00244816984888747,0.0025176130802897763,-0.0019350114501877698,0.006458781630266263,-0.003018191587189282,0.9999727148228011
1740164680.1007473,1740164680.0910735,1,3,0.000532582874527799,0.0019535302506590415,0.0019037582792719395,-0.0022165539088373,0.006676837520812508,-0.003416618372650821,0.9999694162565101
1740164680.1196504,1740164680.1078384,1,3,0.00047821125589500623,0.000956643248368829,0.0006580764710293651,-0.0028542248676409966,0.00583018448988651,-0.0035558405667185287,0.9999726087984024
1740164680.1338747,1740164680.124517,1,3,0.00034924441021437535,-0.0002051244975503327,-0.00079521689278889,-0.0035715893486537795,0.004916812514383495,-0.0036074435777866103,0.9999750272157081
1740164680.1507475,1740164680.1411445,1,3,0.00011612417576963961,-0.0013134664925915345,-0.0021796455680887427,-0.00414932007078047,0.0025783792336452694,-0.003124501385815159,0.9999831861559313
1740164680.1675992,1740164680.1579633,1,3,-0.0001239723644546285,-0.0030045131452281363,-0.004291279979373183,-0.005284332379084082,0.00012666660594668229,-0.002648303709196876,0.999982522984448
1740164680.1843975,1740164680.1744943,1,3,-0.0005213847326888753,-0.004239049218750822,-0.005843627811540142,-0.006060087921025518,-0.003311844578900632,-0.0018040353704475477,0.999974525913664
1740164680.2010598,1740164680.1911967,1,3,-0.0009734310944367767,-0.00563520998034597,-0.007604672273194628,-0.006774692967116066,-0.007388201512328005,-0.0005609686574597455,0.9999496003938297
1740164680.2170172,1740164680.207663,1,3,-0.0014764569810112463,-0.0072305059951593585,-0.009618747420203652,-0.0077842942252066265,-0.011962826845374364,0.0005801082034316864,0.9998979743012559
1740164680.2343757,1740164680.2243216,1,3,-0.0020374420078721695,-0.00887913739746691,-0.011698758438067903,-0.008748300307850945,-0.017272070993522282,0.002252581710122225,0.9998100162935745
1740164680.2508318,1740164680.241161,1,3,-0.00266926940286284,-0.010456923964658292,-0.01369813632695562,-0.00969584052439926,-0.023068842080395564,0.004102395266126011,0.9996784430779107
1740164680.2675588,1740164680.2577863,1,3,-0.003345962954373074,-0.012065445183611294,-0.01574514383811602,-0.010535982943281492,-0.029092244453773314,0.0059049186178681805,0.9995037600290342
1740164680.2842097,1740164680.2747025,1,3,-0.004067230178068863,-0.013637606639008157,-0.017755018971403785,-0.011365176027469946,-0.03602771141804666,0.0082806780172681,0.9992518537162776
1740164680.3010378,1740164680.29141,1,3,-0.0048070037057840135,-0.015294867605829252,-0.01987819521404412,-0.012418701255165974,-0.04261337073824124,0.010358186172021671,0.9989607522183671
1740164680.3171773,1740164680.3077521,1,3,-0.0055701765457750315,-0.016879824734043192,-0.021918655622938606,-0.013394745919470978,-0.04991637356952237,0.012978430498954727,0.998579239105843
1740164680.3370209,1740164680.324767,1,3,-0.006391727212196637,-0.018142115595532762,-0.02356180475776839,-0.013954523347546103,-0.0571039345525006,0.015423073989372708,0.9981515620012248
1740164680.3527632,1740164680.3412733,1,3,-0.007172780675459493,-0.019641704508449064,-0.02550253968029267,-0.014743661423575517,-0.06446265434642015,0.01805791473347537,0.9976477847205993
1740164680.3678117,1740164680.3579443,1,3,-0.008012083729837666,-0.020584107436550952,-0.026750981113003534,-0.015134642888362491,-0.07146998134351808,0.020597171217526394,0.9971152094363193
1740164680.3845766,1740164680.374561,1,3,-0.008826245244556361,-0.021485745011689657,-0.027959316898263302,-0.015619762378886735,-0.07851534576753688,0.023102820265211772,0.9965227660209398
1740164680.4008203,1740164680.391106,1,3,-0.009634839483142647,-0.022159577978440592,-0.028883716302027202,-0.015740366678566955,-0.08540259807383822,0.025752477080909254,0.9958892744794775
1740164680.418326,1740164680.4081798,1,3,-0.010402150114086857,-0.022717243562779245,-0.0296664876551053,-0.015915324719696446,-0.09172397423789799,0.02812905183577053,0.9952598512106738
1740164680.4366813,1740164680.4246356,1,3,-0.011144018940956193,-0.02303630706033958,-0.03014090435904447,-0.015986107266773842,-0.09776088568899055,0.03050087947316861,0.9946139703197028
1740164680.4510975,1740164680.441326,1,3,-0.01181080766574575,-0.023393578971566294,-0.030657768401023085,-0.01603395472098823,-0.10316311233450663,0.03264282001281908,0.9939993615949025
1740164680.4680479,1740164680.4579303,1,3,-0.012482870965054798,-0.023163652238266504,-0.030445497720311847,-0.015720361526487557,-0.10809754809808454,0.034631708451529526,0.9934125201035001
1740164680.4844303,1740164680.4746575,1,3,-0.013072717295728491,-0.022938551007583238,-0.03022843144052931,-0.015375841380470328,-0.11231230913309374,0.03635267877608121,0.9928887205849597
1740164680.5015697,1740164680.491661,1,3,-0.013620231075527255,-0.022354656014108215,-0.029554782091944554,-0.014977298295226807,-0.11612009729235016,0.03796315078539259,0.9923963939490291
1740164680.5182636,1740164680.5081491,1,3,-0.014092705473742629,-0.021690349396360838,-0.0287722585672357,-0.014548113831678047,-0.11914609632126306,0.039340563491720285,0.991990362946888
1740164680.534206,1740164680.5246928,1,3,-0.014471164062500817,-0.021027676724689106,-0.027980341116046272,-0.01396469169275077,-0.12152964814363798,0.040545174719769955,0.991661041291304
1740164680.5512052,1740164680.5416818,1,3,-0.014789250762840924,-0.020083691872379062,-0.026825375163002492,-0.013301388413253458,-0.12330295761428477,0.04147166205280603,0.9914129084072022
1740164680.5677683,1740164680.5579093,1,3,-0.0149959013443105,-0.019248117198288492,-0.025792752099661653,-0.01289185297871197,-0.1245855546321591,0.04231470593675501,0.9912223289279043
1740164680.587302,1740164680.5750408,1,3,-0.01504980660870149,-0.018836112694361067,-0.02527972865818466,-0.012664068729185879,-0.125231426422129,0.042851678323762105,0.9911208023567755
1740164680.6035058,1740164680.5916479,1,3,-0.014932827494396016,-0.01903775990521849,-0.025522198798617595,-0.01284057544639167,-0.12539430497389437,0.043332014360913294,0.9910770527228169
1740164680.619983,1740164680.6082346,1,3,-0.014728700688707972,-0.019115460143479965,-0.025598577087740732,-0.01292941245177971,-0.12495182211630346,0.043524945401796016,0.9911233281339099
1740164680.6352375,1740164680.6251748,1,3,-0.014414966506673916,-0.01926979117283131,-0.02575771421662255,-0.013302724993787375,-0.12371600143161625,0.04348255081872833,0.9912752676586907
1740164680.651259,1740164680.641479,1,3,-0.013989473916493595,-0.019627414222195945,-0.02615376396336041,-0.013705790702809912,-0.12218416807632894,0.043208073944661585,0.9914717558855112
1740164680.668032,1740164680.6580977,1,3,-0.013460392305250113,-0.020078829057773136,-0.026664750780375116,-0.014123980518525639,-0.1195735638915806,0.04261466470073233,0.9918097934306872
1740164680.6845882,1740164680.6748452,1,3,-0.012949032015269217,-0.01965436169443494,-0.02607501612939257,-0.014085236367431734,-0.11646060161849889,0.04195422764714034,0.9922088374781102
1740164680.7020519,1740164680.6916053,1,3,-0.012346614215471141,-0.019369595305093235,-0.025651078240375862,-0.014064046833053354,-0.11274934743685439,0.04098392957148037,0.9926782483544812
1740164680.725625,1740164680.7084506,1,3,-0.011674198981408276,-0.019082209397043772,-0.025220853036621704,-0.014267700663934152,-0.10847805287959122,0.03972442045486938,0.9932023535920269
1740164680.7382376,1740164680.725021,1,3,-0.010939678049189605,-0.018744733252289036,-0.024720552246292507,-0.014125738431081138,-0.10351600816622922,0.0383116321158663,0.9937892726386838
1740164680.7543337,1740164680.741645,1,3,-0.010161992922759043,-0.01828117937752727,-0.02406127603848648,-0.013979250696095031,-0.09792061512464817,0.03650335688181539,0.9944262861670266
1740164680.7709026,1740164680.758514,1,3,-0.009331303712139125,-0.017840344652634038,-0.02343174383373844,-0.013943518202782255,-0.09205909509331105,0.03465220163047031,0.99505272535323
1740164680.7869785,1740164680.7749488,1,3,-0.008464957093917206,-0.017365268270369213,-0.02276426625785862,-0.01385402657566245,-0.08567645066160949,0.03255389034863911,0.9956946600102053
1740164680.804671,1740164680.7917738,1,3,-0.0075800124331601056,-0.01677740687332862,-0.02195708940534717,-0.013612671639445705,-0.07881433145582335,0.03027254623727984,0.9963365742922018
1740164680.820417,1740164680.808261,1,3,-0.006690514260679767,-0.016087625617563363,-0.021024925338281358,-0.013250856539162267,-0.07175574840643184,0.02788824391825451,0.9969442177086777
1740164680.837336,1740164680.8250096,1,3,-0.005806824687137465,-0.015308338036178558,-0.019978724083055302,-0.012886649228857638,-0.06446346146898152,0.025334000527271822,0.9975152053098608
1740164680.8576472,1740164680.8419023,1,3,-0.004965663686550483,-0.014270149658944312,-0.018620105851731978,-0.012338864333850912,-0.05734105209798287,0.02276236531017873,0.9980188529766025
1740164680.8706167,1740164680.8584616,1,3,-0.00412770100457406,-0.013320191032407917,-0.017382167291846256,-0.011689198309784042,-0.04988603135853142,0.019941272884024624,0.9984874021007651
1740164680.888675,1740164680.8757167,1,3,-0.003360005433072501,-0.012125227843229416,-0.015846721142107913,-0.01095178259897477,-0.04302689376308346,0.017471000522207063,0.9988611059660689
1740164680.9097433,1740164680.8928947,1,3,-0.0026375902808534793,-0.010866516348178,-0.01423507978684244,-0.010282190464492757,-0.035898698969764914,0.014821668098336245,0.9991926131263746
1740164680.9203727,1740164680.9084494,1,3,-0.0019452693153546993,-0.009757281556796287,-0.012814561932085636,-0.009596197022283579,-0.02934203291160921,0.01233918282963681,0.9994471985424844
1740164680.9372237,1740164680.9251916,1,3,-0.0013498104444003435,-0.008372785884356512,-0.011056493014756414,-0.008664461276504318,-0.02331931953328363,0.010167551609528364,0.9996388134429156
1740164680.9539323,1740164680.941859,1,3,-0.0008065047557405775,-0.007053906995126258,-0.00939124870442135,-0.007819918238693605,-0.017332116647221396,0.007771467981419071,0.9997890031885134
1740164680.9703908,1740164680.9586008,1,3,-0.00031515674925374404,-0.005878640530240994,-0.007907060648704561,-0.00721138762963324,-0.012200511809795816,0.005682837458205221,0.999883417583499
1740164680.985722,1740164680.97549,1,3,4.584196856287553e-05,-0.004400831486552687,-0.006048396490620291,-0.006280931060351149,-0.007779352977079138,0.003979262524804983,0.9999420968446282
1740164681.0016546,1740164680.9919717,1,3,0.00026367806690390466,-0.0024209094502146127,-0.00357357069075362,-0.005006347106539165,-0.003472152513574405,0.0020716500021691355,0.9999792942415557
1740164681.0180483,1740164681.0084233,1,3,0.0005213138927102506,-0.0014980683887104696,-0.002414932454955214,-0.004483332286550245,-0.00012376088726000247,0.0005783002324338119,0.9999897749395703
1740164681.037532,1740164681.0253818,1,3,0.0006077063834870559,3.762710294567492e-05,-0.0004929676045292437,-0.003462192059339796,0.0026409926946771097,-0.0006721176795433238,0.9999902932736676
1740164681.0540807,1740164681.0421236,1,3,0.0006228271480435079,0.0013630608116972005,0.0011611387367210532,-0.0027209174097481605,0.00454691090627901,-0.0017045641467191243,0.9999845082153671
1740164681.0709367,1740164681.058833,1,3,0.0005977464848997279,0.002218589638493506,0.002230044757993885,-0.002093444996313401,0.005963548233515563,-0.002520919724234532,0.9999768490041447
1740164681.0855331,1740164681.0753162,1,3,0.0005640098153042892,0.002465609357189402,0.0025333800591447932,-0.0019180548838214325,0.006729598597847122,-0.003109746290746536,0.9999706810932918
1740164681.1013117,1740164681.091897,1,3,0.0005262202227031057,0.0020313710062017493,0.0019954091151568,-0.0022092256357647204,0.0067894454198637235,-0.003459808151172026,0.9999685257449548
1740164681.120851,1740164681.1090128,1,3,0.0004782961443796583,0.0009753112068317368,0.0006827079728150096,-0.002896233212998499,0.00609578876854181,-0.0036577061243166383,0.9999705367551452
1740164681.1344094,1740164681.125244,1,3,0.0003463684690651749,-0.00022428211823251478,-0.000814002719470592,-0.003549728707110123,0.004771679294674617,-0.0035729215263844865,0.9999759320776581
1740164681.1513424,1740164681.1419222,1,3,0.00010815090383058743,-0.0013113145107420746,-0.0021744088766842895,-0.004181462739360776,0.00300049126424242,-0.0033709362643437944,0.9999810744260285
1740164681.1685004,1740164681.1589382,1,3,-0.0001634371213818009,-0.0028431443342081613,-0.004094448365526504,-0.005090494017883568,6.507474699672939e-05,-0.002728834073358141,0.9999833179111196
1740164681.1852636,1740164681.1753552,1,3,-0.0005334352608659303,-0.004317235767775806,-0.005946548971427334,-0.006112673258030114,-0.0034814235435811415,-0.0018674082307223198,0.999973513500358
1740164681.2034476,1740164681.1922712,1,3,-0.0009774120450938195,-0.005838889676362764,-0.007858834967139978,-0.006997380852721128,-0.007197916428950504,-0.0008482254244364985,0.999949252299292
1740164681.2183433,1740164681.2086344,1,3,-0.001486477720823613,-0.007434084700736867,-0.00986873079607538,-0.007898066231450895,-0.012012871168990562,0.00048371227411219406,0.9998965333965892
1740164681.2368612,1740164681.225366,1,3,-0.002084871957928629,-0.008851378681873814,-0.011665441999589691,-0.008736204948329263,-0.01707029699046151,0.0020111908984756025,0.9998141021184529
1740164681.2524703,1740164681.2423036,1,3,-0.0027087043007111944,-0.01053121466593041,-0.013791181124540168,-0.009693265875371556,-0.023045379520302417,0.003895110237423009,0.9996798383460942
1740164681.2684848,1740164681.2587507,1,3,-0.0033851908468153277,-0.012147447315741107,-0.015850477344124293,-0.010589987262327193,-0.029217590450877146,0.005833994133235448,0.9994999495199997
1740164681.287821,1740164681.275498,1,3,-0.004115623328864351,-0.013669075872717523,-0.01779955679143257,-0.011533175812490358,-0.036011632360171277,0.008025128985698462,0.9992525934393149
1740164681.3045413,1740164681.2920465,1,3,-0.004846050839930703,-0.015374596417988351,-0.019978989511434255,-0.012518939778996874,-0.04290985030541741,0.010366247012353058,0.998946726215395
1740164681.3211434,1740164681.3088243,1,3,-0.005618372535058811,-0.016930778970669993,-0.021979718847948596,-0.013351481541674622,-0.04992200681508346,0.012829574578053896,0.998581460468971
1740164681.3386946,1740164681.3258896,1,3,-0.006385467158410815,-0.018542264467926527,-0.024060162377191566,-0.014182434709337296,-0.057199624138713816,0.015374055448063051,0.9981436269210885
1740164681.3527982,1740164681.3422077,1,3,-0.007208611124229344,-0.01976102890890818,-0.025654242092303485,-0.014776558633687056,-0.06423645700607099,0.017803059825275667,0.9976664682984541
1740164681.3928528,1740164681.3587713,1,3,-0.008024484431759963,-0.02086593679147549,-0.02711231852096097,-0.015308879133520211,-0.07173515455119574,0.020611652392769922,0.9970932080837934
1740164681.3963404,1740164681.3755896,1,3,-0.00885730091339373,-0.021637051525546094,-0.028153608262578844,-0.015697775437891668,-0.07890386773505187,0.02331048546778618,0.9964860163444378
1740164681.404864,1740164681.392294,1,3,-0.009639877138531868,-0.022511503580318344,-0.029327709477381052,-0.01600917372852803,-0.08565618562142312,0.02576580083771965,0.9958628659250777
1740164681.4193058,1740164681.40924,1,3,-0.010424996018595542,-0.022959541548500825,-0.029972196528096528,-0.016082468767676855,-0.09192129319521326,0.02811232521904317,0.9952394321098994
1740164681.435704,1740164681.4256299,1,3,-0.011182586292235916,-0.023145248259738165,-0.030279048605179486,-0.01604988428312144,-0.09798505126395836,0.030497993293016813,0.9945909728870441
1740164681.45168,1740164681.4421165,1,3,-0.011861617514264238,-0.023395502738624282,-0.030668507976431163,-0.01608240055081293,-0.10344119813642161,0.03259320735105439,0.9939713063037564
1740164681.4688082,1740164681.4589372,1,3,-0.012541191593827753,-0.02304480813454709,-0.03029945879202768,-0.015553989820020054,-0.10816007817196922,0.034607916689234,0.9934091619231943
1740164681.4855132,1740164681.4754078,1,3,-0.01312424485791342,-0.02280223772218332,-0.03005995243291802,-0.015320338942994303,-0.1124861527153364,0.036439748371017926,0.9928667067641208
1740164681.502429,1740164681.4922729,1,3,-0.013656592741408473,-0.0222575768011944,-0.029433405974471628,-0.014930258815545109,-0.11642930204927948,0.038191763100660026,0.9923521019412825
1740164681.518838,1740164681.5088747,1,3,-0.014109032106304068,-0.021693026837613344,-0.028772153481027046,-0.014520017364187975,-0.11922031183231108,0.039426905436043096,0.9919784299419455
1740164681.5376413,1740164681.5256524,1,3,-0.014490496412976676,-0.020973943615447157,-0.02791541421013897,-0.013938804111586753,-0.1216834181552332,0.04060649305590711,0.9916400396351984
1740164681.5549278,1740164681.542608,1,3,-0.014793599172973734,-0.020119173319552926,-0.02687206979924937,-0.013356238768990643,-0.12337158845001156,0.041516410215300274,0.9914017600005064
1740164681.5687695,1740164681.5589652,1,3,-0.015001274545178201,-0.01925663078464055,-0.025805654943944482,-0.012876384412192602,-0.12475681664968702,0.042324621574782104,0.9912005658959528
1740164681.5878954,1740164681.5757086,1,3,-0.015064297110247916,-0.018738143219715248,-0.025155887978576,-0.012554357408730576,-0.12546487250207347,0.04301226456997941,0.9910857172690233
1740164681.6043837,1740164681.5923347,1,3,-0.014935436303972573,-0.018973750505376356,-0.02544021326766812,-0.0127763259291674,-0.12537115082036215,0.04328614595433223,0.9910828167242887
1740164681.6211672,1740164681.609233,1,3,-0.014684437798637815,-0.01937306619478108,-0.02591727799744835,-0.013098081838670901,-0.12491207952068961,0.04351862683994011,0.9911264004958855
1740164681.6356788,1740164681.6259184,1,3,-0.014338802495440613,-0.019762842301487737,-0.026366906943521205,-0.013634196384030243,-0.12372555147871186,0.04343094358165078,0.9912718344328451
1740164681.6529777,1740164681.642475,1,3,-0.013963996573024136,-0.019600782030559517,-0.026117943450770512,-0.013708692222259131,-0.12190554322238314,0.04311517883974198,0.9915100562489663
1740164681.6689696,1740164681.6590326,1,3,-0.013426149646938022,-0.01999125488867137,-0.026554054548436335,-0.014153131351311096,-0.11921261117291594,0.04246998542813465,0.9918590336071058
1740164681.686132,1740164681.675896,1,3,-0.012933086395223803,-0.019470332591686207,-0.025840065444760908,-0.013954309287904835,-0.11640801844490037,0.0420454005327871,0.9922129986994057
1740164681.7023802,1740164681.692339,1,3,-0.012292990677832209,-0.019419747897360357,-0.025709009914342575,-0.014183267199990397,-0.11240681104392093,0.04084969763066495,0.9927209305569985
1740164681.722915,1740164681.7095337,1,3,-0.01162372696872172,-0.019079057942710843,-0.025210497261497242,-0.014229760896966648,-0.10805327031610054,0.03955750512305051,0.9932558625385761
1740164681.7369046,1740164681.725822,1,3,-0.01084700342446818,-0.019018167429987663,-0.02505478194867343,-0.014267529791011339,-0.10267315676797766,0.03787657772940095,0.9938913548937175
1740164681.75483,1740164681.7426114,1,3,-0.01010156117687622,-0.018299655012478284,-0.024083852667240568,-0.014005987561409751,-0.09730950170738506,0.03617054348906137,0.9944980567972951
1740164681.769724,1740164681.7595682,1,3,-0.009260463015371891,-0.0179169646341112,-0.02352265386052994,-0.0140364759491024,-0.09146558041797277,0.034325883079265915,0.9951174597466181
1740164681.7857704,1740164681.7759566,1,3,-0.008406083897366214,-0.01731869944535761,-0.022694620388598877,-0.013774240055407441,-0.08488612296584423,0.03216974071733579,0.9957759407722718
1740164681.8091247,1740164681.7928042,1,3,-0.007512771643964776,-0.01679961084788906,-0.021976185872415784,-0.013585754542715675,-0.07800210596828569,0.029819121554096144,0.9964145315719555
1740164681.8216217,1740164681.809198,1,3,-0.006631501330400785,-0.016053084164533174,-0.020972099821297992,-0.01322019914991639,-0.07103375780323094,0.027480534110531918,0.9970076488331412
1740164681.838508,1740164681.8260975,1,3,-0.00573689433378019,-0.01532409047633401,-0.01999557217830873,-0.012882237911998783,-0.06370021954945863,0.024906981413998032,0.9975750459251536
1740164681.853339,1740164681.8430302,1,3,-0.004931003172680794,-0.014021998976150288,-0.01831075702497273,-0.012299152417906517,-0.05657920131829496,0.022340424298351595,0.9980723572317564
1740164681.8713048,1740164681.8594728,1,3,-0.004074849598359136,-0.013214662840883995,-0.017247009729710848,-0.011605084630823517,-0.04913685088314205,0.01958852186233762,0.9985325140961852
1740164681.8856604,1740164681.8762512,1,3,-0.003302359415283532,-0.012037339826146456,-0.01573235627044217,-0.010927999190281089,-0.04210798575020387,0.016992691221839117,0.9989087770236065
1740164681.9044032,1740164681.8928769,1,3,-0.0026073369316514006,-0.01063213491973636,-0.013937721032514042,-0.01017475137873273,-0.03511270387734446,0.014447806414433174,0.9992271180020156
1740164681.921144,1740164681.9095273,1,3,-0.001963933662879909,-0.009251259742078676,-0.012178909363370237,-0.009263194454330624,-0.02867343969942672,0.012001560032887588,0.9994738564070006
1740164681.937689,1740164681.9263914,1,3,-0.0013120168597257108,-0.008268477916518665,-0.010925409474610428,-0.008633431195313134,-0.022461540048647054,0.009603909964153456,0.9996642976508859
1740164681.9525435,1740164681.9427996,1,3,-0.0008301955052944748,-0.006598298765848573,-0.008822944942656905,-0.00761871720728833,-0.01680952712858338,0.007363630224398704,0.9998025664578718
1740164681.9696484,1740164681.9594302,1,3,-0.00032540115129756146,-0.005522329737738995,-0.007461902735926588,-0.0070083878287788524,-0.011677210408882407,0.005362506664664566,0.9998928786521981
1740164681.9857852,1740164681.9761925,1,3,6.800231312781421e-05,-0.004260510664702845,-0.00587230865599339,-0.0061782731795651915,-0.007226794656704072,0.003661217957996606,0.9999480975843559
1740164682.002223,1740164681.992766,1,3,0.000297079247952311,-0.0024223383603790517,-0.0035708598948267587,-0.004993459472341383,-0.0029354279079644922,0.0017849858922790397,0.9999816310567208
1740164682.0195403,1740164682.009751,1,3,0.0005344652379778772,-0.001382831253986815,-0.002272858043364824,-0.004403649971902535,2.9863376546116453e-05,0.0006027783238735905,0.9999901217679082
1740164682.0356076,1740164682.0261822,1,3,0.000599124983528805,0.00027088062433855745,-0.000201856040404053,-0.0033894090966552015,0.00307318116186914,-0.0008996703500123975,0.9999891289693019
1740164682.0549717,1740164682.0428913,1,3,0.0006495535292788678,0.001290715399900443,0.001072877712790262,-0.00280461776697385,0.004785922489897747,-0.0017682036150413443,0.9999830511169064
1740164682.069507,1740164682.0596573,1,3,0.0005954155077816302,0.002290411256832294,0.0023215315863951884,-0.0020828743499929033,0.006164092348825534,-0.0025796107891691306,0.9999755053040718
1740164682.0854778,1740164682.07618,1,3,0.0005616094755117156,0.0025018754563050118,0.0025853906214554022,-0.0020154924276287855,0.006833969696818936,-0.0031772923674618174,0.9999695692678197
1740164682.105117,1740164682.0931334,1,3,0.0005521218055119027,0.0018049491383676335,0.0017189734513720176,-0.0023602851084700864,0.006562958366777507,-0.003432183384795849,0.999969787918063
1740164682.1214466,1740164682.1097202,1,3,0.0004999312709204977,0.0007005390121341819,0.00034476056088693916,-0.003045829600468754,0.0059155810876001585,-0.0036086788368085584,0.9999713527194136
1740164682.1370008,1740164682.1264422,1,3,0.0003432185988503826,-0.00037121657304219747,-0.0009975494287622943,-0.0036224198522014843,0.0044435384114290075,-0.003394621308557061,0.9999778045471669
1740164682.153659,1740164682.14333,1,3,0.00010888625761933641,-0.0015816698807980094,-0.002514637006734523,-0.004436193793538107,0.002470895290710929,-0.0031190111654420924,0.9999822431575666
1740164682.169421,1740164682.1597495,1,3,-0.00016762484515959488,-0.0031200950756643878,-0.004441019204329964,-0.005333405927757792,-0.00035769567252219624,-0.0024913983037343833,0.9999826097335431
1740164682.1864612,1740164682.1764448,1,3,-0.0005495778638396253,-0.004576970204097005,-0.00626807640708423,-0.006254226641471198,-0.003915973739008269,-0.0015641162671405653,0.9999715512648825
1740164682.205317,1740164682.193062,1,3,-0.0010207190469998801,-0.0059594383240827815,-0.008007509536169757,-0.0070032949600771725,-0.008024991074473064,-0.00038033772463189926,0.9999432027476222
1740164682.221682,1740164682.2097945,1,3,-0.0015249720947443015,-0.007609215271349208,-0.010091917513053725,-0.008065958481420821,-0.012907219328528388,0.0009914727422094592,0.9998836737264905
1740164682.2371702,1740164682.2267482,1,3,-0.00215528468182473,-0.008865135143191864,-0.011684800727176559,-0.008768867527463977,-0.018234261332294194,0.002689234767252215,0.9997916716458074
1740164682.2532618,1740164682.243184,1,3,-0.0027434718105592087,-0.010820661164495452,-0.014155954008483414,-0.009886822307768047,-0.024174907362807013,0.004540205300882444,0.9996485438065121
1740164682.269566,1740164682.2599132,1,3,-0.003447818908781049,-0.012312753375433557,-0.016061452945070647,-0.010750202640305774,-0.03048489490799007,0.006507730200535762,0.9994562290432124
1740164682.2867002,1740164682.276531,1,3,-0.004180488757607327,-0.013871248455120107,-0.018050088058024265,-0.011632527180976186,-0.03724651737910685,0.008784026793830658,0.9991997908965938
1740164682.3025913,1740164682.2929528,1,3,-0.00492124205068153,-0.015551853984885664,-0.02020532293871501,-0.01264622725751184,-0.04428070304367155,0.011229987353587843,0.9988759580939707
1740164682.32208,1740164682.310092,1,3,-0.005715744974180178,-0.016952772784440042,-0.022019196488016153,-0.013338831949520158,-0.05148274826061388,0.013769687636364875,0.9984898586846808
1740164682.338676,1740164682.32645,1,3,-0.006508715696908682,-0.018413156590944675,-0.023908613424587142,-0.014151341697131867,-0.05876347600323993,0.016305577307193363,0.9980384369175702
1740164682.3555832,1740164682.3433833,1,3,-0.007343291813440989,-0.019519330542851716,-0.025363584205153226,-0.014682544325333056,-0.0657756764893776,0.01876513145098283,0.9975499251246158
1740164682.3703423,1740164682.3601327,1,3,-0.008135733007978731,-0.020795915425145618,-0.02703228559270952,-0.015347168507695715,-0.0731872926010657,0.02138285739324757,0.9969708411133309
1740164682.3868818,1740164682.3766618,1,3,-0.008956331457466705,-0.021658895623734582,-0.028190644698281014,-0.01571853205779535,-0.08014435009145465,0.02395532535527504,0.9963713932492689
1740164682.4035738,1740164682.3933768,1,3,-0.009757955929242145,-0.022374035234997508,-0.02916468835255061,-0.016026135199897668,-0.08684251797255926,0.02645113087227943,0.9957418730465832
1740164682.4202642,1740164682.4098716,1,3,-0.010508517897977205,-0.023092243209458584,-0.030145670195884423,-0.01616286222761697,-0.0931779771174694,0.028816016197365523,0.9951011323857594
1740164682.43657,1740164682.4265468,1,3,-0.011281527475291857,-0.023100932985195517,-0.030236294179992327,-0.016068025091899887,-0.09924164611544643,0.031231531600673813,0.9944433144628299
1740164682.4533718,1740164682.4435534,1,3,-0.011966150663252293,-0.023279693414996125,-0.030532420279526032,-0.015981906942597043,-0.10461818108090022,0.033281136683565714,0.9938269370362488
1740164682.4701786,1740164682.4598148,1,3,-0.01260182730678912,-0.023253003191992173,-0.030569355493567194,-0.015730014961716034,-0.1091308904716681,0.03512388588385229,0.9932820989097624
1740164682.48632,1740164682.4768813,1,3,-0.013197914827133495,-0.022899213147968597,-0.03019271689044784,-0.015371404777741736,-0.11338548732674962,0.03682722874322426,0.9927493169989736
1740164682.5032437,1740164682.4933894,1,3,-0.013730827354923448,-0.022343088471767556,-0.029552113382579237,-0.014926672338730849,-0.11715105802908427,0.038507581521526064,0.992255002618239
1740164682.5196364,1740164682.509958,1,3,-0.014192533072337156,-0.02167326100338258,-0.028758837609410972,-0.014498141937155576,-0.12012092482708618,0.0397819168885301,0.9918559201757731
1740164682.536933,1740164682.5268996,1,3,-0.014566002405722683,-0.020956222758804776,-0.0279016938074016,-0.013877537231569865,-0.12239242238989495,0.04086196572031899,0.9915431451325712
1740164682.5529118,1740164682.5432699,1,3,-0.01484813380743097,-0.020187041412047812,-0.026965751524642572,-0.013382396516733092,-0.12394993845968051,0.04182286038957594,0.9913163836879446
1740164682.5696838,1740164682.5598948,1,3,-0.015054079884236472,-0.01925194707705074,-0.025803353658888903,-0.012798744160145937,-0.12512823782630111,0.04249854720412544,0.9911473098041211
1740164682.586472,1740164682.5768094,1,3,-0.015083595503396371,-0.018924746688312875,-0.025394105764627726,-0.01264336395771943,-0.12571842490016452,0.043031484620080475,0.9910516204112912
1740164682.6029878,1740164682.593299,1,3,-0.014941057847453804,-0.01921188704784848,-0.02574207376558816,-0.012889055335841759,-0.12551271519999663,0.043345799338347805,0.991060831763315
1740164682.619914,1740164682.6102524,1,3,-0.01470183755695595,-0.019450559168301122,-0.026018231217542973,-0.013157644139296756,-0.12491850566844753,0.04343822633984368,0.9911283286410061
1740164682.6362064,1740164682.6267586,1,3,-0.014369235949000551,-0.019686270936862836,-0.026275009120300095,-0.01356405586320523,-0.12372761671299731,0.043384028276249285,0.9912745933098392
1740164682.6537623,1740164682.6435397,1,3,-0.013952371317518553,-0.01986675872381422,-0.02645718577546948,-0.01392649977831768,-0.122172179686625,0.043158020641659856,0.9914723376720289
1740164682.6704907,1740164682.6604884,1,3,-0.01345953782072365,-0.019878526657285657,-0.026416882719934802,-0.014058294234584072,-0.11869853467442612,0.04203437017561123,0.9919405899313213
1740164682.6869693,1740164682.6769485,1,3,-0.012904969758247516,-0.01974401523020896,-0.02618555533269638,-0.014116677750253355,-0.11578808590518241,0.041484543249092856,0.992306843291491
1740164682.7040417,1740164682.6938312,1,3,-0.012323220190575098,-0.019208020683757418,-0.025445195788551294,-0.014049957879863809,-0.11199856767724173,0.040418633435909734,0.9927866103010222
1740164682.7205434,1740164682.710263,1,3,-0.011604063547004663,-0.019154236890174512,-0.025304634006325197,-0.014260317196735017,-0.10765869230212957,0.03926592260517442,0.9933098391978247
1740164682.7367465,1740164682.7269022,1,3,-0.010801915450053072,-0.019227495701299592,-0.025316105773189438,-0.014405142271104463,-0.1017928263922979,0.037140613715501924,0.9940076897006646
1740164682.7564878,1740164682.7438958,1,3,-0.010039200626480328,-0.018589015061899344,-0.024443569921512642,-0.014222761162650489,-0.0963695545614116,0.03546877823857916,0.994611777423135
1740164682.7700639,1740164682.760274,1,3,-0.009227329684426194,-0.01794353130712432,-0.023556054992081146,-0.01397491671768839,-0.09047331485643133,0.033583769542547014,0.9952343500025187
1740164682.7889512,1740164682.7772102,1,3,-0.008362607728011937,-0.017436383525669046,-0.02284191275698727,-0.013868616015910749,-0.08414037179924475,0.03158280095244539,0.9958567095758738
1740164682.8037584,1740164682.7937622,1,3,-0.007459544082793917,-0.01694774437790637,-0.02215935755217741,-0.013652082842437342,-0.07676195349884647,0.02890519690043688,0.9965368596902231
1740164682.8200302,1740164682.8104298,1,3,-0.0065908974199462836,-0.01610250423884674,-0.021034853892693318,-0.01319919125083257,-0.0697388649341472,0.02645269313201084,0.9971271368757769
1740164682.8368788,1740164682.8271906,1,3,-0.005706020499476119,-0.015279540327101972,-0.019938834279957726,-0.012878777145059672,-0.06276761771170561,0.024178355904824925,0.9976521289366272
1740164682.8554785,1740164682.8435404,1,3,-0.00486550900666958,-0.01420269033742859,-0.01853291867097509,-0.012340868046052597,-0.055250216320364,0.021413228685979228,0.9981666144535514
1740164682.870302,1740164682.8604095,1,3,-0.004057340796248194,-0.013043235139427452,-0.017034443877267776,-0.01149444256359636,-0.047710613711720196,0.018575091877783625,0.9986223215466071
1740164682.8867443,1740164682.877122,1,3,-0.003286234839868563,-0.011881150870004123,-0.01553797292325418,-0.010869275736577493,-0.04078011551993623,0.016088057627368504,0.998979486989058
1740164682.9033027,1740164682.89361,1,3,-0.002551217979958255,-0.010745651516686766,-0.014075591556891115,-0.010171850528075422,-0.03397034721323965,0.013598341834342284,0.999278556793051
1740164682.9229624,1740164682.9106042,1,3,-0.0018797666574778464,-0.009517589881549918,-0.012513360233865572,-0.009457146092430554,-0.027541001065567176,0.011257593771391147,0.9995125423077847
1740164682.9387274,1740164682.927203,1,3,-0.0012305189510888217,-0.008514420252521797,-0.011232806252233505,-0.008785342564130114,-0.02122207901418468,0.008762065759299692,0.9996977879949401
1740164682.9555647,1740164682.9439025,1,3,-0.0007604671030918855,-0.0067926480684567065,-0.009067086900700783,-0.007722086603116841,-0.015732821982405377,0.006645687338991832,0.9998243258346721
1740164682.9706612,1740164682.9605708,1,3,-0.0003090851374250531,-0.0054253755682855485,-0.007339027356877383,-0.006939597713230426,-0.010850117217560788,0.0048779700024551564,0.9999051566766715
1740164683.0120006,1740164682.9770105,1,3,5.824357462189342e-05,-0.00402947656246244,-0.005582167357983536,-0.0060649981070626195,-0.006375446771731498,0.0030296495643037506,0.9999566944122827
1740164683.0121152,1740164682.9939232,1,3,0.00030817514595912624,-0.0024350310179466397,-0.0035866234728095183,-0.005007594818379387,-0.0026548578641741186,0.0014823953545087408,0.9999828389666838
1740164683.0229924,1740164683.01072,1,3,0.00048358193872663843,-0.0009532737577926159,-0.0017352242643637267,-0.004068938809839016,0.0006155482963976475,0.00014526087959047378,0.9999915218323271
1740164683.0389314,1740164683.0273793,1,3,0.0006001262094717947,0.00027390347453378985,-0.00020229736356530665,-0.003426904545766365,0.0029871749253763693,-0.0008995750051626869,0.9999892618803512
1740164683.055734,1740164683.0441916,1,3,0.0006125117237074105,0.0015114430950742724,0.0013455388511002559,-0.0026232326827982364,0.004846417562256989,-0.0018420815576826266,0.9999831186688297
1740164683.0701365,1740164683.0605748,1,3,0.0005782431126483375,0.0023696960936533617,0.0024208984965385896,-0.002095948920820405,0.006152143528148725,-0.002648563821118014,0.9999753713156218
1740164683.0869694,1740164683.0773315,1,3,0.0005629044308984424,0.0023868634640622404,0.002438056146099244,-0.0019721484130373794,0.006547832064675611,-0.0030539023391398636,0.9999719547099273
1740164683.1036363,1740164683.093813,1,3,0.0005432066393085692,0.0017165856436698126,0.0016054514310059863,-0.0024418348710880645,0.006262599070718633,-0.0032517659014663423,0.99997212126832
1740164683.119664,1740164683.1104786,1,3,0.0004814243256967446,0.0006450131044755418,0.00026762019183691575,-0.0030682139297965043,0.005641594493150375,-0.0033536039642219156,0.9999737555632682
1740164683.1370413,1740164683.1275525,1,3,0.00032448076748834397,-0.0004828568917654523,-0.0011396812123871624,-0.003689947806388909,0.004095816783290906,-0.003217718962905544,0.9999796272198447
1740164683.1537027,1740164683.1438537,1,3,9.976452505181357e-05,-0.0017898342607475632,-0.002775666858015246,-0.004548996222666987,0.001828687185110794,-0.002785671432462761,0.9999841011592212
1740164683.1707084,1740164683.1608405,1,3,-0.00020117356842069318,-0.00320065106484373,-0.00454119334028323,-0.0053631641717691095,-0.0009800100513332809,-0.0020547446028750718,0.9999830268934483
1740164683.1894178,1740164683.1774065,1,3,-0.0006085040333898792,-0.004505028638402826,-0.006181838719092063,-0.006195594647539828,-0.004679316833593179,-0.0009993822460625343,0.9999693594486087
1740164683.2058153,1740164683.1941166,1,3,-0.0010436992881891769,-0.0061517482720911875,-0.008252792541488791,-0.007155924613529903,-0.00881646699936374,7.116244401738718e-05,0.9999355267158384
1740164683.2230024,1740164683.2110624,1,3,-0.0015846360718429426,-0.007596292345026337,-0.010080203766306653,-0.008072004129527218,-0.013874461773109631,0.0016648432696301889,0.9998697766993095
1740164683.23926,1740164683.2274811,1,3,-0.002205239632367148,-0.0089312555512517,-0.011771686497890699,-0.008802317883626235,-0.01933716874210379,0.003413777253464794,0.9997684428055222
1740164683.2558005,1740164683.2442045,1,3,-0.002806409801954192,-0.01082564844279394,-0.014166404180405328,-0.009887795034784298,-0.025436734036060414,0.00544778322440641,0.9996126878590871
1740164683.273262,1740164683.261089,1,3,-0.0035084574345429337,-0.012346453482621731,-0.01611079471981749,-0.010724941189788033,-0.03185158146727155,0.007517416517870618,0.9994067944753058
1740164683.2895992,1740164683.2776666,1,3,-0.004239754391691346,-0.013911610050034343,-0.018111143412612125,-0.011672133657049234,-0.03853132967688393,0.009668284772637628,0.9991424433977262
1740164683.3068771,1740164683.2943683,1,3,-0.004993342515954469,-0.015519335358927475,-0.02017267923082178,-0.012648632894521289,-0.045536642868768774,0.012040522488089756,0.9988100180015995
1740164683.321374,1740164683.311168,1,3,-0.005800947178187341,-0.01685216857649621,-0.02189735250565385,-0.01335916306426359,-0.05271760943939847,0.014562108656522698,0.9984139078602086
1740164683.3392577,1740164683.327634,1,3,-0.0065733249734306895,-0.018488709467145054,-0.024003227364323095,-0.014180103534198725,-0.06012463887339137,0.017196360683895535,0.9979420011420168
1740164683.3542337,1740164683.3443558,1,3,-0.007393286950586734,-0.01969124553683863,-0.025581791305820945,-0.014783103862702922,-0.06720843355018072,0.019636939769127747,0.997436151789386
1740164683.3705227,1740164683.36069,1,3,-0.00824329040685168,-0.02053206272860549,-0.02670804891753638,-0.015194277247964925,-0.0748828237203652,0.0225617891330379,0.9968212790273354
1740164683.3871927,1740164683.377442,1,3,-0.009065524570488537,-0.02134015521600785,-0.027799613849724413,-0.015546574636346221,-0.08160660090405844,0.024806533265623956,0.9962345620451559
1740164683.404285,1740164683.3942857,1,3,-0.009845393244865849,-0.022175125771911535,-0.028929084475561893,-0.015858073153045472,-0.08813452047169723,0.027276109707481858,0.9956087794190658
1740164683.420422,1740164683.4107738,1,3,-0.010612479423150942,-0.022697412222376468,-0.029659982409557594,-0.015983655390379017,-0.09428511450288146,0.029603529509268648,0.9949766183102665
1740164683.4381247,1740164683.4276865,1,3,-0.0113439801343871,-0.022994891095435184,-0.030106245131755086,-0.01599897361829955,-0.10009810532577959,0.031828491787181265,0.9943396548785045
1740164683.4540172,1740164683.444248,1,3,-0.012042218881117608,-0.02304982118030914,-0.030252114433343788,-0.015844381393703585,-0.10543562493461085,0.033884987794531626,0.9937223415899753
1740164683.471078,1740164683.4608037,1,3,-0.012682447638303916,-0.022960282827290415,-0.03020853030999653,-0.015574994246315973,-0.10996585111065586,0.03564164603053155,0.9931740050021298
1740164683.4880173,1740164683.4778168,1,3,-0.01325716567389315,-0.022720390006925325,-0.02997756438029585,-0.015238070207751081,-0.11397006412507504,0.03721390348922249,0.9926700111752972
1740164683.5065725,1740164683.494385,1,3,-0.013784030043892627,-0.022174959901532305,-0.02934555107428732,-0.014854849778119156,-0.11762055481860269,0.03884308549914794,0.9921874587149041
1740164683.5238717,1740164683.511347,1,3,-0.014227973450588951,-0.021597248162526714,-0.02866455864299702,-0.014433894441143548,-0.12044947664339936,0.04004007203107527,0.9918066237424207
1740164683.538199,1740164683.5278678,1,3,-0.014593702556991637,-0.020891749381141557,-0.027821380966218064,-0.013796223099568568,-0.12266394245054274,0.041047945177026174,0.991503044699017
1740164683.5570748,1740164683.5444682,1,3,-0.014881857957794366,-0.02006020423196104,-0.02680953357831305,-0.013318631057407854,-0.12424405692859339,0.04198002250860167,0.991273779586073
1740164683.5740073,1740164683.5613058,1,3,-0.01506806553964144,-0.019231731695101242,-0.025781425102424708,-0.012788750958784017,-0.12524135144273785,0.04258665610187626,0.9911293701933019
1740164683.5879483,1740164683.5778103,1,3,-0.015083076487707443,-0.0189755369389577,-0.025462544077282333,-0.012734501745641476,-0.12570404284590456,0.043046524888695606,0.9910516246757745
1740164683.606689,1740164683.5944548,1,3,-0.014937011658283891,-0.0192480730778128,-0.02578734464436122,-0.012972579769970306,-0.12553645915010234,0.04327437822272613,0.9910598558046849
1740164683.6230197,1740164683.611189,1,3,-0.014698268813437528,-0.019423361490614733,-0.02598279838956182,-0.0130369681274963,-0.12470710280651813,0.0432991191367397,0.9911626315865776
1740164683.6380284,1740164683.6278276,1,3,-0.014329164282320358,-0.019903482923061818,-0.026547165293564972,-0.013660341915258724,-0.12347948522968208,0.0431848665949335,0.9913129067470818
1740164683.657059,1740164683.6446817,1,3,-0.013956315603501962,-0.019628016354197683,-0.02615694416226425,-0.01375724448010074,-0.12163077367109751,0.042891554976564626,0.9915528264455593
1740164683.6725645,1740164683.6613498,1,3,-0.013428629753068431,-0.019937889284502762,-0.026489240694976976,-0.014104650037274782,-0.11878294020798508,0.042188963839058596,0.9919232648209533
1740164683.6904097,1740164683.6779833,1,3,-0.012874758173585134,-0.019724517259035318,-0.026157793039761266,-0.014049020691568144,-0.1154515947933232,0.04138427356977796,0.9923511959877853
1740164683.7072856,1740164683.6948352,1,3,-0.012223631301726868,-0.019714955477916123,-0.02607430286544461,-0.014294982517440834,-0.11137091156978589,0.039997217505085565,0.9928707852096323
1740164683.7215912,1740164683.7112403,1,3,-0.011440725890738045,-0.020077187052165903,-0.026452430282704376,-0.014775316709759902,-0.1065092244772116,0.038401920316768784,0.9934599980036306
1740164683.7379458,1740164683.727916,1,3,-0.010770834028835477,-0.019196067468125126,-0.02527974210870134,-0.014338203715321692,-0.1012557214110119,0.03680323165198398,0.9940760619468331
1740164683.7568603,1740164683.7444327,1,3,-0.009942198229315037,-0.018977378824632584,-0.024926424047123304,-0.014393945760998507,-0.09542250815826875,0.034896784367041744,0.994720852150519
1740164683.7739856,1740164683.7612636,1,3,-0.009181576988118863,-0.01798299145185671,-0.02360141239091721,-0.01396319176127233,-0.0896974403358536,0.033077523758465024,0.9953216946771742
1740164683.787762,1740164683.7779982,1,3,-0.008325702202232901,-0.017379872742186782,-0.022768633520019867,-0.013815207746282672,-0.08309254561205015,0.030915903771571652,0.9959663527412075
1740164683.806852,1740164683.794532,1,3,-0.007381275253588204,-0.017150013818769676,-0.022405631923602988,-0.013747842443062545,-0.07595923324141718,0.02827823266484642,0.9966150376503906
1740164683.8235197,1740164683.811345,1,3,-0.006500300119175573,-0.01642130281350671,-0.02142858631199893,-0.01334846741070312,-0.06917807134958995,0.02607866357047558,0.9971740651303133
1740164683.8398418,1740164683.8279624,1,3,-0.005649938157690135,-0.015343989154654531,-0.020019286021400306,-0.012871783963218603,-0.061415020712956674,0.023228390869127515,0.9977589660163733
1740164683.8566782,1740164683.8448973,1,3,-0.004823471430096068,-0.014211217445146416,-0.018544669416280052,-0.012369681418681956,-0.05428053301746608,0.020688311268905916,0.9982347461863772
1740164683.8732383,1740164683.8616285,1,3,-0.003998457724930006,-0.013186776098484601,-0.017211040638112907,-0.011576889184359205,-0.04693050374413835,0.017958939787427505,0.9986696049929857
1740164683.8875253,1740164683.8780293,1,3,-0.0032261705372082215,-0.012021028913138054,-0.01570718963518894,-0.010844773705963859,-0.040252819158021716,0.015816545235938416,0.9990054746245877
1740164683.906916,1740164683.8948498,1,3,-0.0025025782814376537,-0.010801642727810836,-0.014145804692939464,-0.010133550095512386,-0.0332033675916247,0.013091197692706552,0.9993114970248304
1740164683.9238946,1740164683.9116993,1,3,-0.0018767804021335465,-0.009307606453558662,-0.012250423926611216,-0.00936076496484661,-0.026759021921693375,0.010707973711298927,0.9995407295973814
1740164683.937903,1740164683.9282503,1,3,-0.0013029465568787971,-0.007860762525753061,-0.010416742403986715,-0.008355732674549698,-0.02103555938864442,0.008630382713614111,0.9997065586795432
1740164683.954621,1740164683.945047,1,3,-0.000739845158645943,-0.006778773904188811,-0.00905039477617512,-0.007772726306854871,-0.015446111340427029,0.006478478353620406,0.999829501309318
1740164683.9710162,1740164683.9616058,1,3,-0.0003243498411983046,-0.005180030157497232,-0.007031380458494237,-0.006760802027066846,-0.010447586912225984,0.004546241700938965,0.9999122317333952
1740164683.9876218,1740164683.9782002,1,3,4.788606828773191e-05,-0.0038498896511639804,-0.005356917731853387,-0.005913393202338594,-0.006381289425765704,0.003051539488410702,0.999957498613241
1740164684.0049145,1740164683.9950538,1,3,0.00030303607250228056,-0.002333813976045469,-0.0034613489333168417,-0.004965224495409943,-0.002481802891403398,0.0014187597853231935,0.9999835870257021
1740164684.0208688,1740164684.0113373,1,3,0.0005043136206747968,-0.0010742799256243272,-0.0018834761096227978,-0.00414886109905793,0.000917427693678032,-0.00014600481488227302,0.9999909619394575
1740164684.0399764,1740164684.028207,1,3,0.0005852022380497218,0.00036858254451278816,-8.482265351312452e-05,-0.0033150149275783048,0.0030642354743747715,-0.0009918428923595842,0.9999893186352865
1740164684.0566804,1740164684.0449967,1,3,0.0006000965089285002,0.0015365803616431166,0.0013774959929309229,-0.002587100768435232,0.004955990919589123,-0.0019213768875185285,0.9999825265345765
1740164684.073188,1740164684.0617495,1,3,0.0005538623544973126,0.002449616284790141,0.002519743084407466,-0.0019959254989863357,0.006076055762506937,-0.0025709464060585563,0.9999762437489956
1740164684.0908318,1740164684.0785043,1,3,0.0005376266955238449,0.0024300134299704624,0.002491474249952722,-0.0019652373115394695,0.006602750605683598,-0.003041165719020621,0.9999716460169348
1740164684.1065469,1740164684.0950737,1,3,0.0005378172724086074,0.0016166370089259576,0.0014818933270801544,-0.0024649911181059397,0.006049816768361256,-0.0031695162069854863,0.999973638503971
1740164684.1237986,1740164684.111749,1,3,0.0004719937334598885,0.0005549822037164722,0.00015770417608297466,-0.0031095677599742755,0.005515113277587548,-0.0033574270251139115,0.9999743205691096
1740164684.1402771,1740164684.1286309,1,3,0.000303250165499107,-0.0005325703854398769,-0.0012011033242596506,-0.0037052433511400515,0.0037379240883901013,-0.002949185814572617,0.9999818005335144
1740164684.154525,1740164684.1451442,1,3,8.195429086675184e-05,-0.001873256468324509,-0.002879527857447589,-0.004589498573278008,0.0014246486239009033,-0.0025734744219249096,0.9999851419438911
1740164684.1733384,1740164684.162131,1,3,-0.00023936942390436326,-0.003172954931458027,-0.0045121844536569625,-0.0054082311928366125,-0.001350233751198267,-0.0018657212827378753,0.9999827233448971
1740164684.1884246,1740164684.1783488,1,3,-0.0006432019741140486,-0.0045057306909214246,-0.006185507448869865,-0.0062046493503352985,-0.004985447312990028,-0.0008508071734062113,0.9999679613711043
1740164684.2055964,1740164684.1951628,1,3,-0.0010773121466823902,-0.006203021147581218,-0.008320236464002132,-0.007217929212188798,-0.009347884886942026,0.00041503612879780654,0.999930170707455
1740164684.2216125,1740164684.2119977,1,3,-0.0016163838579434811,-0.007646006305933535,-0.01014550079439247,-0.008047439806951853,-0.014333571019442473,0.0018664549858312333,0.9998631425351021
1740164684.2712717,1740164684.2284667,1,3,-0.0022083392487708803,-0.009201789265442482,-0.01211182623741815,-0.008966686744643486,-0.019968514580293018,0.0036993289161332396,0.9997535555925021
