Synchronized Time (s),ROS Header Time (s),Camera Number,Fiducial ID,Position X,Position Y,Position Z,Rotation X,Rotation Y,Rotation Z,Rotation W
1740164221.7804682,1740164221.76729,1,3,-0.010040159869597129,-0.030305407390320258,-0.03917353605706701,-0.021474040963457886,-0.11187335775658654,0.04212201452892546,0.9925970749911525
1740164221.7952719,1740164221.7838778,1,3,-0.008803072849680028,-0.029115473585173305,-0.037552821149539665,-0.02095505652524312,-0.10249755041786147,0.039023017370066033,0.9937466185500694
1740164221.8112748,1740164221.8007305,1,3,-0.007495822691225176,-0.028131071997455518,-0.03619366352570906,-0.020523469507245058,-0.09200527034242582,0.03542125643009515,0.9949166558167151
1740164221.8278704,1740164221.8172534,1,3,-0.006193567019695432,-0.026957427786088273,-0.03460824720233778,-0.02008576681708868,-0.08134659625670025,0.03160425286850591,0.9959821607084349
1740164221.8444202,1740164221.8338723,1,3,-0.004880226767441029,-0.02577447646993452,-0.03302121670813658,-0.019363111304308664,-0.07041882819557897,0.02786575094814633,0.9969401980461388
1740164221.862037,1740164221.8507497,1,3,-0.0035992242206879755,-0.024439555346379104,-0.03126176306541281,-0.018551602127033065,-0.05941049439999807,0.02384005596335486,0.9977764694285651
1740164221.8792384,1740164221.8673208,1,3,-0.0023562341677772908,-0.023057819861076165,-0.02945324096914432,-0.01771329587582821,-0.048529692211071875,0.019856953085927297,0.9984672300768099
1740164221.8943253,1740164221.884335,1,3,-0.0012327612770356197,-0.021141514870128268,-0.0269872120710094,-0.016626918243263056,-0.03780557214683073,0.016004301061737822,0.9990185917448723
1740164221.9113889,1740164221.9008238,1,3,-0.00013793164549926902,-0.0195215762835423,-0.02491266202511111,-0.015514121042871292,-0.02755227543778473,0.012234592665958128,0.9994250841902886
1740164221.9286919,1740164221.9175131,1,3,0.0008333562299345514,-0.01759215181145862,-0.022469230743880873,-0.014307642134151302,-0.017934850723344133,0.008622389780276213,0.9996995983297029
1740164221.9461699,1740164221.934557,1,3,0.0016975937133136105,-0.01558084327818978,-0.019922928098503375,-0.012979389545823807,-0.009466609454977222,0.005403674959939804,0.9998563492069108
1740164221.9622662,1740164221.9510102,1,3,0.002435466256169992,-0.013424892986172075,-0.017217017002871565,-0.01167379333521291,-0.0010517777070677054,0.002071367874049138,0.999929160364849
1740164221.9787607,1740164221.9674723,1,3,0.0030317599936705735,-0.011133334749669436,-0.014341120758928095,-0.010084586256055598,0.006070358508049482,-0.0006297913491926165,0.9999305252018684
1740164221.9945724,1740164221.984112,1,3,0.003535534882998069,-0.00905322521464196,-0.011742617525328071,-0.008623663320235198,0.012038854668937336,-0.0029002294777029955,0.9998861370567032
1740164222.0131202,1740164222.0009065,1,3,0.003887393024911165,-0.006841681538390819,-0.008985893095218928,-0.0074023795828042785,0.01715562463247876,-0.005094481264367161,0.999812450202851
1740164222.0293763,1740164222.0177855,1,3,0.004079639725609827,-0.004424924047061549,-0.005970434355288324,-0.0059012121835865,0.021542585922369132,-0.006903395432603627,0.9997266805572624
1740164222.0455549,1740164222.0341356,1,3,0.0041994173942006266,-0.002611618726441047,-0.0037106682054710077,-0.004706562834158402,0.025092858727458766,-0.008557415864870927,0.9996374179375679
1740164222.0620115,1740164222.050797,1,3,0.004196232141302321,-0.0009368621870688356,-0.0016234017457209596,-0.0035667051882727367,0.027419614168207946,-0.009756032055271582,0.999570039172595
1740164222.0779061,1740164222.0675952,1,3,0.0041266631385284795,0.00018375326588503522,-0.00022129955956499487,-0.0029703642868614383,0.0287018717489905,-0.010627297081494626,0.9995271082121031
1740164222.095602,1740164222.0840895,1,3,0.004080561531636998,7.104364739574014e-05,-0.00035899439557742906,-0.003027653466076088,0.029410491741109886,-0.011407843263652125,0.9994977325647655
1740164222.11195,1740164222.101255,1,3,0.004041076243702902,-0.0011338226371312415,-0.0018574134338901756,-0.003692967646970563,0.02902229938723347,-0.01182652099464689,0.9995019767511215
1740164222.1287231,1740164222.1176476,1,3,0.0038638319069276006,-0.0024000806179296516,-0.003435289657027609,-0.004461429252138062,0.027735869955925287,-0.011864701950402607,0.9995349148551261
1740164222.1454868,1740164222.1342602,1,3,0.0035915767107163876,-0.004005148224775755,-0.00543414093724481,-0.0056269159281059,0.02555038780974562,-0.011725745860443134,0.9995889267013345
1740164222.16241,1740164222.1510537,1,3,0.003227050718198666,-0.0059672862849990405,-0.007875351675225808,-0.006786982863972997,0.021833940583767263,-0.010949100111336808,0.9996786149102824
1740164222.1786335,1740164222.167615,1,3,0.002727131322276739,-0.007895781826980612,-0.010288865388402818,-0.007999821787509348,0.017614120007976228,-0.009974701868574212,0.9997630974137551
1740164222.195558,1740164222.1845253,1,3,0.002149783774981549,-0.010185364173869246,-0.013153782737603849,-0.009392202049586563,0.012279391581826697,-0.008510568953151682,0.9998442745243549
1740164222.2161434,1740164222.2009451,1,3,0.0014837402986184265,-0.01264217305179201,-0.016235343286975443,-0.010942827893906009,0.005950164307507205,-0.006751935149606319,0.9998996256795647
1740164222.233172,1740164222.217643,1,3,0.0006866806683079475,-0.014994134729849173,-0.01919630525368671,-0.01250286394826153,-0.0014107480912611884,-0.004626620876116342,0.999910137243434
1740164222.2497802,1740164222.234509,1,3,-0.0002084291462882153,-0.017330154758796706,-0.022148306479245258,-0.013884668784831846,-0.00951781470881666,-0.0020172731941443312,0.9998562685630192
1740164222.263084,1740164222.2510316,1,3,-0.0011336820862218122,-0.020043642925354592,-0.025583286906333436,-0.015379773989894081,-0.01844666779200804,0.0008563620037410961,0.9997111831141581
1740164222.27904,1740164222.2677789,1,3,-0.0021472475549137266,-0.022626565210860854,-0.02886425234636932,-0.016871957013610585,-0.028366690384619093,0.004093896271021286,0.9994468009636512
1740164222.2960072,1740164222.2844296,1,3,-0.0031736266863938924,-0.025542573168638064,-0.032582475282789354,-0.01868305779252756,-0.03879196142755935,0.00765923201773069,0.9990432739601535
1740164222.3127558,1740164222.3010557,1,3,-0.0043101180759986,-0.027878159656494664,-0.03559492495582993,-0.02001540195789596,-0.049122681985619525,0.011147311284499747,0.9985299611179076
1740164222.3305929,1740164222.3184817,1,3,-0.005453387029267566,-0.03030306207939534,-0.03873237932371214,-0.02133445373723925,-0.060329950625570436,0.015160186514254197,0.9978353105027417
1740164222.3455093,1740164222.3344364,1,3,-0.006616742332882973,-0.03261860059416947,-0.04173855895983956,-0.02266580682624827,-0.07124145113497975,0.018907373207907606,0.9970222806334241
1740164222.362574,1740164222.3511145,1,3,-0.00778967243075402,-0.034731843665178244,-0.044503928484062864,-0.023767545621391717,-0.08242007988646959,0.022984016032047576,0.9960490797213165
1740164222.3790648,1740164222.3678422,1,3,-0.008935461842476016,-0.03680379245765851,-0.0472326569337252,-0.02471920982403472,-0.0931692042210518,0.026883062015200965,0.9949802817278229
1740164222.3946338,1740164222.3844638,1,3,-0.010135436043811607,-0.03802321268843699,-0.04890306126989005,-0.0251351609289425,-0.1032325214245976,0.03063674219668355,0.9938675265008763
1740164222.7850034,1740164222.7683475,1,3,-0.01003592837519593,-0.02973314818524521,-0.03845463697662988,-0.02106494355683497,-0.11182189792693704,0.042393453885730785,0.9926000838024363
1740164222.799212,1740164222.7851856,1,3,-0.008717954010461862,-0.02916178744376217,-0.03760486337671642,-0.020842783240216864,-0.10232240271441806,0.039268358198329224,0.9937573649206116
1740164222.811998,1740164222.8016758,1,3,-0.007445167800284626,-0.027892041223198875,-0.03589060365317238,-0.020383673112111523,-0.09209925925013884,0.03579631410764434,0.994897409893272
1740164222.8283257,1740164222.818318,1,3,-0.0061321485025099464,-0.02680593820229267,-0.03441233580909033,-0.019953500777333672,-0.0815239726547558,0.03211778323478985,0.9959538883348961
1740164222.8473263,1740164222.8352532,1,3,-0.004802475329113509,-0.025746064185069282,-0.03297807066843203,-0.01928536801814538,-0.0705863911492933,0.028209781760588935,0.996920179441636
1740164222.8633177,1740164222.8516905,1,3,-0.0035077300070527843,-0.024507470381100245,-0.03133662175967311,-0.018335331461836798,-0.0597014628555472,0.024355278034341572,0.9977506559180818
1740164222.8798115,1740164222.8684468,1,3,-0.0022759371760746635,-0.02300512265382985,-0.029380614831868244,-0.017644710290323797,-0.04893902616405494,0.020543186543053798,0.9984345814341278
1740164222.8966868,1740164222.8852205,1,3,-0.0011219509750470759,-0.021362172826007116,-0.02726273716392281,-0.016703244588122848,-0.037962054076728764,0.01645401454439535,0.9990040788084289
1740164222.9128675,1740164222.901834,1,3,-5.3570048062880035e-05,-0.01954848625124228,-0.024947916766696394,-0.015454603642117119,-0.027633034667644493,0.012650894105932942,0.9994185937331976
1740164222.929578,1740164222.9185777,1,3,0.0009063919358944068,-0.01757603420236264,-0.022446089259114885,-0.014062559867211914,-0.017820396875629994,0.008882421089693593,0.9997028460801547
1740164222.9462295,1740164222.9349587,1,3,0.001738635498586172,-0.015349074578536315,-0.01963350146926427,-0.012761249984019766,-0.009163195207597211,0.00554612978536917,0.999861203766221
1740164222.9631758,1740164222.951851,1,3,0.0024748368188872616,-0.013255884061905636,-0.017007393859830564,-0.011526866465453216,-0.0011020454093287912,0.0023705826917388693,0.9999301461517726
1740164222.9793024,1740164222.9686787,1,3,0.0030858872161272067,-0.011097286318978432,-0.014300009298447105,-0.00998905925914312,0.006093915177034566,-0.00042724783594775645,0.9999314478264093
1740164222.996193,1740164222.9853275,1,3,0.0035615351052774085,-0.00887812079338469,-0.011527817527352234,-0.008476612835561264,0.012020481343077783,-0.00270330469530181,0.9998881673501497
1740164223.012625,1740164223.0022123,1,3,0.003913393798508428,-0.006706882853103104,-0.008813425501157414,-0.007330724129973433,0.017614868114347395,-0.0051976420755602045,0.999804461593315
1740164223.029917,1740164223.0185995,1,3,0.004154837044293258,-0.004740450297230963,-0.00635742372111751,-0.006033133684508716,0.02158450243375357,-0.006742860567378975,0.9997260846771985
1740164223.0736322,1740164223.0352366,1,3,0.004202647169065044,-0.002471004574620501,-0.0035328297811373444,-0.004555791624681766,0.025254373657778554,-0.00864054132974481,0.999633333987695
1740164223.0770311,1740164223.0519722,1,3,0.004184716755283739,-0.0007578715826423107,-0.0014013942924154291,-0.003489601825118121,0.027470504705013263,-0.009732422596825404,0.9995691441820075
1740164223.0843835,1740164223.0687866,1,3,0.004114092743558141,0.0002890785243369312,-9.450128965950247e-05,-0.002860501289941017,0.028702699996998243,-0.010633015275593197,0.9995273440638838
1740164223.0962365,1740164223.085166,1,3,0.004076269867744358,8.719285826112795e-05,-0.0003424124691864428,-0.00300855816547327,0.02947129418879851,-0.011499456529589272,0.9994949494100139
1740164223.1135314,1740164223.1019404,1,3,0.004016866207002071,-0.0010416435612907008,-0.0017428037553014625,-0.003685195212586976,0.029113947319573803,-0.011927702011128357,0.9994981377333586
1740164223.1308374,1740164223.1185179,1,3,0.003851460484904711,-0.002454774025154453,-0.0035035446131285383,-0.004508873609218694,0.027893333757908735,-0.012041547349231184,0.999528205268907
1740164223.147514,1740164223.135508,1,3,0.003582442841607989,-0.004157383519105033,-0.005622743461661457,-0.00566555600529822,0.02546245908056162,-0.011845981510489241,0.999589534446402
1740164223.1631467,1740164223.1520872,1,3,0.0031957227360168788,-0.0060222327477673894,-0.007946132131396385,-0.006822243648604253,0.02204262450970618,-0.011164650990273271,0.9996714111469771
1740164223.18018,1740164223.1686993,1,3,0.002675789376553728,-0.007876598141477169,-0.010265533709801503,-0.007970253007796085,0.017808002856625822,-0.010233472691877271,0.9997572836133353
1740164223.1969056,1740164223.1872957,1,3,0.0021071634483464806,-0.01026595773348807,-0.013257632263675722,-0.009425933381428785,0.012402089432527463,-0.008836534152747901,0.9998396149491996
1740164223.2140963,1740164223.2020745,1,3,0.001397047686797557,-0.012488153435192344,-0.01604289986340651,-0.010849527799035901,0.005920031352646396,-0.006971811619482503,0.9998993123400296
1740164223.2336879,1740164223.21878,1,3,0.0006343403793953854,-0.015076618885058585,-0.01929707391611048,-0.012493950017310818,-0.0013331122134783429,-0.004810979730754677,0.999909485152942
1740164223.2470942,1740164223.2358074,1,3,-0.0002470801880426701,-0.0175462370052913,-0.02241682966470052,-0.013936562258106557,-0.009219937471004075,-0.002497820567730554,0.9998572527505454
1740164223.264021,1740164223.2522314,1,3,-0.001190206411411887,-0.020171349845326605,-0.025745717075566592,-0.015457479518112913,-0.018146543133942154,0.00032730242714158655,0.9997157906987146
1740164223.2800906,1740164223.2689452,1,3,-0.0021874548145354228,-0.022950701828368537,-0.029277552580900323,-0.017193271897798703,-0.028283273627430827,0.0037608993940223072,0.9994449977212915
1740164223.2968328,1740164223.2854574,1,3,-0.003229555989755588,-0.02574576927143911,-0.032841532493399925,-0.018743087704727737,-0.038575418799289746,0.007086006201746972,0.9990547643867482
1740164223.3144853,1740164223.3020735,1,3,-0.004368589982698018,-0.02811072998018021,-0.03588709769052496,-0.020173029944784558,-0.04910953989747901,0.010767702632951561,0.9985316011693937
1740164223.3297539,1740164223.318992,1,3,-0.005479231131930429,-0.030811449844885888,-0.03936748968148654,-0.021582871986259695,-0.06009960330876842,0.014585793264726496,0.9978524299483326
1740164223.346254,1740164223.335308,1,3,-0.006632122129915967,-0.0331461653521344,-0.04240475373416446,-0.022936837361857837,-0.0709630998156799,0.018411089637341265,0.997045220506448
1740164223.3634222,1740164223.352401,1,3,-0.007824087590066201,-0.03512708378400179,-0.045008023374944285,-0.02396449422614568,-0.08231347420319822,0.02254573400686685,0.9960631932057202
1740164223.3814805,1740164223.3690042,1,3,-0.008992409775161515,-0.037002617970146826,-0.04749238416748765,-0.024800618893539024,-0.0927185223913148,0.026306477905318176,0.9950357652508204
1740164223.3967054,1740164223.3856633,1,3,-0.010143342158790099,-0.038598300210014085,-0.04963453415910799,-0.025470565628609644,-0.1029449134977464,0.030055553564967943,0.9939065644070391
1740164223.765144,1740164223.7528493,1,3,-0.01120770119992419,-0.030483977462094632,-0.039524422901596384,-0.02139409243662756,-0.12129339654062665,0.045981552417951106,0.9913202820489887
1740164223.7811422,1740164223.7691653,1,3,-0.0099631936081793,-0.02975581486468211,-0.0384741989487644,-0.021090146912693213,-0.11215414193215463,0.042942212693649506,0.9925384730677378
1740164223.7983134,1740164223.7860837,1,3,-0.00868659957570396,-0.028839024982102713,-0.03719205228010911,-0.020676826957319747,-0.10262849501988558,0.03982124973748535,0.9937072651974902
1740164223.8134744,1740164223.8027754,1,3,-0.007384120360409551,-0.027775640210089526,-0.03573584308932227,-0.020316266484935345,-0.09235590070375993,0.03632694848766425,0.9948557632817357
1740164223.8302374,1740164223.8193827,1,3,-0.006050470353305326,-0.02681584564828232,-0.03441964656390865,-0.020000240001498266,-0.08186037885323227,0.032704396690019816,0.9959062662776199
1740164223.8486824,1740164223.836237,1,3,-0.0047495636533763565,-0.0255807952534567,-0.03276773660377254,-0.019178132470551505,-0.07102161070134347,0.028863385099070816,0.996872627294456
1740164223.864563,1740164223.8525188,1,3,-0.003446857373089315,-0.024397413262403713,-0.03119971860011174,-0.01831957145835138,-0.05967392088836996,0.02472394918272825,0.9977435255636594
1740164223.880803,1740164223.869282,1,3,-0.002219565375147394,-0.02289471425602193,-0.029240898481386956,-0.017587206035240884,-0.0490030017635642,0.020788048305534455,0.998427389973693
1740164223.898014,1740164223.8861206,1,3,-0.0010860937178051914,-0.02112698157752046,-0.026963420576278378,-0.016516888910653036,-0.03842325065692821,0.01702897547330429,0.9989799097999906
1740164223.9144597,1740164223.9025428,1,3,-7.85996563376873e-06,-0.019411967480485532,-0.024775082504607106,-0.015362878382947085,-0.027851951291138474,0.013002417485015428,0.9994094195656814
1740164223.9299178,1740164223.9194763,1,3,0.0009431391466408288,-0.01739069980014695,-0.02221317879697495,-0.013976579618868064,-0.018148791782543566,0.009290887130223389,0.9996944313115507
1740164223.9468203,1740164223.93622,1,3,0.0017988349611031274,-0.015399802116181699,-0.019695905564934873,-0.012807683707724027,-0.009411649990815294,0.0058735887469822225,0.9998564322130076
1740164223.9640021,1740164223.9528978,1,3,0.002516862350410671,-0.01320524841873206,-0.01694039209709661,-0.011446142930355684,-0.0012525835583867058,0.002711760709925863,0.9999300291521899
1740164223.9802313,1740164223.9695618,1,3,0.003098632706335257,-0.010909810822313303,-0.01406654142874286,-0.009902250575558397,0.005987998238754483,-0.00022327570551153685,0.9999330174859669
1740164223.9975164,1740164223.9860177,1,3,0.0035448994621502185,-0.008583906212966856,-0.011160637855625837,-0.008319749348154147,0.012142917011529591,-0.0027422457176714157,0.9998878994295605
1740164224.014799,1740164224.0030007,1,3,0.003937251655241012,-0.006709376987110764,-0.008816748914559702,-0.007305661051154539,0.01763850061137894,-0.005054458781246384,0.9998049625097971
1740164224.03075,1740164224.0194283,1,3,0.004150569466454904,-0.004616370965895929,-0.006205222624461204,-0.005958950635809436,0.021901806580192223,-0.007014909897378067,0.9997177565768127
1740164224.048225,1740164224.0360482,1,3,0.0042098950634922175,-0.0024653192449976442,-0.0035277044021255473,-0.0045793300818347885,0.02525111179550584,-0.008549403674798938,0.9996340924487809
1740164224.0643356,1740164224.052984,1,3,0.004179865505656384,-0.0007182608539740234,-0.0013504204602176437,-0.003483062843774321,0.02748226162340383,-0.009739870226667034,0.9995687712695194
1740164224.0797415,1740164224.0695913,1,3,0.004107296071302707,0.0002728169413896933,-0.00011194103702077184,-0.0028769755162976604,0.028773451234518615,-0.010723382802389011,0.999524297141999
1740164224.0974617,1740164224.0862043,1,3,0.0040849292719988125,-0.0001070491166292168,-0.0005818108684200416,-0.0031321161695226436,0.029398456338349834,-0.01146510228006526,0.999497109572074
1740164224.114374,1740164224.1029346,1,3,0.003991591171550976,-0.001066552373895816,-0.0017746858735274908,-0.0036620266483537744,0.028998076515420256,-0.011958545212610994,0.9995012227684519
1740164224.1304777,1740164224.1194978,1,3,0.0038395223929811244,-0.002626181002535411,-0.0037161496095884103,-0.0046211631535957864,0.02774306097374777,-0.01211946204362124,0.9995309330174269
1740164224.1467106,1740164224.1362917,1,3,0.0035429613338530987,-0.004199225302856079,-0.005673332623685611,-0.005699162286087967,0.025437802528727398,-0.012009049056742488,0.9995880253847077
1740164224.1644158,1740164224.1529248,1,3,0.0031487214714270603,-0.006070428285994427,-0.008007081680558657,-0.006915712794502305,0.02189373025766682,-0.011269252349054399,0.9996728672137909
1740164224.1806765,1740164224.169511,1,3,0.0026199237112301543,-0.007908968614346729,-0.010306528767334377,-0.007951900756411457,0.017628775281681386,-0.010304004830679928,0.9997598816920379
1740164224.1978483,1740164224.1864393,1,3,0.002048031102037011,-0.010323308744969147,-0.013328370836085728,-0.009432661345545655,0.012332181863981693,-0.009053890860433856,0.9998384715796353
1740164224.2141216,1740164224.2029457,1,3,0.001349948639737557,-0.012639344994113772,-0.016235604859462002,-0.01094672850990508,0.006112138487349237,-0.0073684433156900155,0.999894252879346
1740164224.23146,1740164224.2200217,1,3,0.0005769492946981808,-0.015241504355206348,-0.019505328335474078,-0.012623695238763737,-0.0012906418891736285,-0.005139886031212573,0.9999062746745911
1740164224.2473922,1740164224.2365184,1,3,-0.00031334977492143457,-0.017699204801729845,-0.022613265687900643,-0.014004494646678323,-0.009304617707867807,-0.002690970586735622,0.9998550179382524
1740164224.264556,1740164224.2531831,1,3,-0.0013082242072395324,-0.019973078529273883,-0.02550288496888713,-0.015312581829475463,-0.018316614668855688,0.00014207849300210308,0.9997149625160614
1740164224.2858617,1740164224.2701516,1,3,-0.0022654187713676793,-0.023010133038925424,-0.029355350085730005,-0.0171617396370331,-0.028187650949890935,0.003329621486355053,0.9994497709476527
1740164224.2981336,1740164224.28653,1,3,-0.003303237324820564,-0.025857347441909203,-0.03298863370405154,-0.01889186953258906,-0.03839901616706489,0.006695220225821584,0.9990614529893007
1740164224.315643,1740164224.3034756,1,3,-0.004403339241875423,-0.02852223480022519,-0.036412020004828204,-0.020412060192636725,-0.04923012563889106,0.010494844832001181,0.9985237106650113
1740164224.332393,1740164224.31997,1,3,-0.005539064911379254,-0.031051244048868918,-0.03968090643208098,-0.021747470238131957,-0.06001135718092854,0.014217515989531245,0.9978594824857016
1740164224.3480642,1740164224.3365676,1,3,-0.006688213517590622,-0.03343612749788764,-0.042776672577439195,-0.02304187760236273,-0.0709608876363658,0.01805692998804746,0.9970494328677107
1740164224.3661287,1740164224.353655,1,3,-0.007863659859863327,-0.035483247194170585,-0.045462473972243185,-0.024200886778835973,-0.08218376983472413,0.022069780634978678,0.9960788471991537
1740164224.3840191,1740164224.3698688,1,3,-0.009048834233493647,-0.03721953992795975,-0.04777406778302247,-0.02489487586301272,-0.0927926636738555,0.025998986922097112,0.9950345820136607
1740164224.4010565,1740164224.386699,1,3,-0.010175331900285182,-0.0389352155294311,-0.05006167200217134,-0.02554793573333682,-0.10281574840386427,0.029639779790406426,0.9939304343433171
1740164224.7678747,1740164224.7535696,1,3,-0.011175801291024159,-0.03012469689411344,-0.039069921884352814,-0.021177256099510506,-0.12138712941809289,0.04620874797337543,0.9913029003520891
1740164224.7817597,1740164224.770271,1,3,-0.00992896268523575,-0.029337908150158996,-0.03794770755684667,-0.02091356075281132,-0.1121766941500179,0.04332083931511046,0.9925232073595287
1740164224.8020132,1740164224.7871451,1,3,-0.008636344472990769,-0.028538595966669616,-0.036812335816580916,-0.020468781200763973,-0.10259467713318886,0.040107156956418845,0.9937035660502407
1740164224.8155127,1740164224.8038023,1,3,-0.0073470087702834025,-0.027389702139180662,-0.03524605113651397,-0.02004634123509953,-0.09232563488315683,0.03662028168832448,0.9948532938657718
1740164224.8321142,1740164224.8206782,1,3,-0.00603597338166301,-0.026273957806514165,-0.033735914088633974,-0.019589717397818188,-0.08182393584395588,0.03306298394409865,0.9959055806591255
1740164224.8484323,1740164224.8371408,1,3,-0.00467799853329966,-0.02541878959666968,-0.03256330894783142,-0.019050250294507666,-0.07060480174824692,0.028942021820361395,0.9969024071125303
1740164224.8654337,1740164224.8538148,1,3,-0.003384041632084922,-0.024236509229769478,-0.030993790372324213,-0.018216674202841888,-0.05961594314317263,0.02497602047566719,0.9977425973192366
1740164224.8828669,1740164224.8708587,1,3,-0.0021593360307366216,-0.02273480238041098,-0.02903505108289444,-0.017356300017285022,-0.04872802107211963,0.02098559560893299,0.998440756173867
1740164224.8984988,1740164224.888549,1,3,-0.0009868262945711996,-0.021249860001843566,-0.027116141796939452,-0.0166273001829276,-0.03797834770088967,0.01701768798163601,0.9989952834174428
1740164224.9142513,1740164224.9037347,1,3,4.924321505123472e-05,-0.01929477719840152,-0.02462403054677812,-0.015239466201940303,-0.027604873696558823,0.013085683026637604,0.9994170773594993
1740164224.9318275,1740164224.9204867,1,3,0.0010183824209163972,-0.017463679215734978,-0.022300989461253546,-0.013889010996623386,-0.018093623377164834,0.009428049897696805,0.9996953676204305
1740164224.9474008,1740164224.9370053,1,3,0.001836194323289327,-0.015244482008708992,-0.019502826723963432,-0.012621876486751834,-0.009178697325845713,0.0058943373006250365,0.9998608385856205
1740164224.9655166,1740164224.9538217,1,3,0.002568386250696748,-0.013214605832160943,-0.01695587339464097,-0.011457035295127984,-0.0010753289708130159,0.002791083288301188,0.9999298924744316
1740164224.9821348,1740164224.9704554,1,3,0.0031403416976644198,-0.01088733777816614,-0.01403851249001522,-0.00988423374695206,0.006254594278854839,-0.0002497636903062659,0.9999315574536798
1740164224.9985814,1740164224.9874566,1,3,0.0036064880536655613,-0.00871468791089479,-0.0113243459414918,-0.00839546968922448,0.012540382751970872,-0.002867116899770196,0.999882010304123
1740164225.0148563,1740164225.0039847,1,3,0.003962626873235595,-0.006691660221328859,-0.008797207758957414,-0.007202418653631903,0.017545061088856187,-0.004950346779064249,0.9998078765761415
1740164225.0328434,1740164225.020413,1,3,0.004160868841291715,-0.0045626810599811345,-0.006138286178831826,-0.005966711021841491,0.0215629216888491,-0.006647589079370742,0.9997275870592219
1740164225.0487344,1740164225.0371737,1,3,0.004212734111036046,-0.002426750526303793,-0.003480052844144005,-0.0045169390665105265,0.025079627708301636,-0.008414268816283401,0.9996398399502542
1740164225.0650992,1740164225.0538428,1,3,0.004151514647749856,-0.0005429415800437888,-0.0011337310477478955,-0.003323257212954874,0.027576893409187044,-0.00980638528428781,0.9995660587070025
1740164225.082243,1740164225.0706484,1,3,0.0040821502886647385,0.0003719136637888811,1.1897036435074113e-05,-0.002813670304264752,0.028832763332363932,-0.010793154002540562,0.9995220171885741
1740164225.09859,1740164225.0875583,1,3,0.004058390378801523,-6.491947119866888e-05,-0.0005291997770835089,-0.0031059064307605738,0.029478840848668385,-0.011618934661552041,0.9994930473218875
1740164225.1156323,1740164225.1040196,1,3,0.003962554489969747,-0.001068964362676457,-0.001777623293903751,-0.0037175646900259383,0.029087068272551753,-0.012092472024688413,0.9994968205514291
1740164225.1321967,1740164225.1204374,1,3,0.0038220698005155874,-0.0027606969450345927,-0.003883018481649307,-0.004685065006466991,0.027617661647813527,-0.012097840924109792,0.99953437018242
1740164225.14862,1740164225.1374319,1,3,0.0035082811768430097,-0.00426267255144879,-0.005753041393692239,-0.005765944916766401,0.025305609562121682,-0.012024143639650615,0.9995908162711578
1740164225.1653924,1740164225.1538713,1,3,0.0031127564010138475,-0.006201641333313924,-0.008169410728155392,-0.006955784617200207,0.021748309766328633,-0.011335009069304382,0.9996750200200392
1740164225.1811006,1740164225.1709578,1,3,0.002586199120714772,-0.008124245197238625,-0.010573830499286927,-0.00811268599299834,0.017437193376968158,-0.010392047805635496,0.9997610384264425
1740164225.1989944,1740164225.1875148,1,3,0.001980099324146185,-0.010344522433664198,-0.013354922391898555,-0.00951306772807935,0.012062749813680466,-0.009064905893479856,0.9998408968883378
1740164225.2153764,1740164225.204082,1,3,0.0012588396300707478,-0.012563354531963812,-0.016137691086572634,-0.010925204865756304,0.005765923876689855,-0.0073532923281348205,0.9998966562162445
1740164225.2322285,1740164225.2210016,1,3,0.000505916903159108,-0.01534642141816152,-0.019636880874901695,-0.01269077706405701,-0.001621726106983635,-0.005209746586901868,0.9999045818089067
1740164225.2489328,1740164225.237553,1,3,-0.0003733560818281509,-0.017895518806384274,-0.02285792134589309,-0.014126505953306211,-0.009646524120613684,-0.0027624203327627347,0.9998498664478817
1740164225.2655654,1740164225.2542522,1,3,-0.001345596486020045,-0.02035576851935649,-0.025986372870718855,-0.015648366941732193,-0.01882810885320397,0.00015695535462301283,0.9997002582244767
1740164225.2819304,1740164225.2709882,1,3,-0.0023562588468940384,-0.023040781361960368,-0.02939931475569607,-0.017244060592442052,-0.028310471492924122,0.0030538581187185263,0.9994457631751327
1740164225.2991288,1740164225.2875507,1,3,-0.0033776266650954153,-0.026077964873528918,-0.03326641429918323,-0.018997115260254865,-0.038965505744075715,0.006761323146728171,0.9990370781323397
1740164225.3163772,1740164225.3045259,1,3,-0.004499802531050161,-0.028577274793938644,-0.03648392974887798,-0.020437574984096044,-0.04942037620368141,0.010298559456192668,0.9985158344351798
1740164225.3326638,1740164225.3210597,1,3,-0.005605920908172108,-0.0313130386906862,-0.04001155295000311,-0.021945572678470245,-0.06028490015769338,0.014068977623851744,0.997840762106565
1740164225.3480105,1740164225.337528,1,3,-0.006776361635886121,-0.03354992246025098,-0.04292942515406374,-0.02321392533214977,-0.07151239865628857,0.01809908723078934,0.997005272579092
1740164225.3655713,1740164225.3544507,1,3,-0.007948235429772958,-0.03561962911885417,-0.04564269616214115,-0.024245653273051008,-0.0824553503608579,0.021963835591925114,0.9960576556707559
1740164225.3830404,1740164225.3708034,1,3,-0.009092167188124937,-0.03761224278444906,-0.048270123915869635,-0.025138450675919438,-0.09320952373740779,0.02605859756611817,0.9949879358440218
1740164225.7670321,1740164225.7545357,1,3,-0.01109009552663258,-0.030145574084924517,-0.039083507059984736,-0.021319248347345304,-0.12081462546883559,0.04609218427602048,0.9913752198191129
1740164225.782502,1740164225.7712927,1,3,-0.00985096985696384,-0.029328542808155906,-0.0379221455291457,-0.02084106584435612,-0.1117709540938688,0.04324340121940106,0.9925738824119822
1740164225.7988002,1740164225.7878714,1,3,-0.008555680379940754,-0.02851341623369229,-0.03677229649563977,-0.020424178086594136,-0.10197514603091512,0.0398757626328003,0.9937775636911478
1740164225.8155098,1740164225.8044612,1,3,-0.0072543633445190025,-0.0274355651899482,-0.0352934629825928,-0.020051732471674053,-0.09185466275780671,0.03646930710932929,0.9949023261574471
1740164225.8316948,1740164225.821417,1,3,-0.005938109439035327,-0.026310913809778777,-0.0337768886033237,-0.01960643385232329,-0.08118477301106429,0.032739987815718956,0.9959682292023992
1740164225.8483107,1740164225.8380358,1,3,-0.004585752679806305,-0.02544681956100814,-0.03259331924372196,-0.01913694730576584,-0.07030536292033548,0.0289191349042357,0.9969225731363729
1740164225.8662534,1740164225.8548663,1,3,-0.0033200592768630457,-0.02403847682237493,-0.03073844764831682,-0.018042164146345945,-0.059285608595171714,0.025005306661904002,0.9977647175387395
1740164225.8827047,1740164225.871338,1,3,-0.0020662639373808093,-0.02277865487760232,-0.029085768964576136,-0.017497344999053782,-0.048359647197167316,0.020896586874262303,0.9984580712768844
1740164225.8996606,1740164225.888108,1,3,-0.0009111431125892941,-0.02115765750065635,-0.026997022343543745,-0.01657955977079289,-0.03728790144077387,0.01671950820718407,0.9990271210779315
1740164225.9172382,1740164225.9050722,1,3,0.00011610138842896611,-0.019170674615979398,-0.024469653339947738,-0.015169214868697855,-0.026903499522988643,0.012840357981273658,0.9994404543746448
1740164225.9324064,1740164225.9213574,1,3,0.001070162404659948,-0.017267925487364916,-0.022057799741918693,-0.013850970243082544,-0.017666895727709846,0.009330674377108534,0.9997044412896943
1740164225.9497845,1740164225.9383242,1,3,0.0018966578564361199,-0.015138153530771909,-0.01936846155347877,-0.01262025674094912,-0.00865949442860932,0.005720563852604401,0.9998664998014694
1740164225.9658744,1740164225.9549253,1,3,0.002625416145420749,-0.013134204356701606,-0.016853387806455067,-0.01142884905991451,-0.0006487508785961913,0.0025807707633186652,0.999931147706546
1740164225.9827685,1740164225.9714198,1,3,0.003161817412063511,-0.010617629958711575,-0.01370055535144194,-0.009707208864079532,0.0068089235274510565,-0.0005553089068794416,0.9999295476624763
1740164225.9996676,1740164225.9886987,1,3,0.0036363114435078872,-0.00857363416150286,-0.011146558703842688,-0.00826746446431591,0.012728710379094784,-0.002844727603459265,0.9998807611351859
1740164226.0163326,1740164226.0048113,1,3,0.003964227882159653,-0.006421716036901957,-0.008461478822860004,-0.0070564080036728686,0.017965000986186013,-0.005164163699155047,0.9998003787051395
1740164226.0328379,1740164226.0214243,1,3,0.004159340739568551,-0.004325328711418,-0.005844644409678833,-0.005799654456311058,0.021932424800831223,-0.006825323996530683,0.9997193344648716
1740164226.0498273,1740164226.0382063,1,3,0.004207984005844495,-0.0022439154781276143,-0.0032521666883481327,-0.004425241461268822,0.025372336954196238,-0.008608463410976631,0.9996312100535848
1740164226.065331,1740164226.0548012,1,3,0.004175948696980094,-0.0006062797455375843,-0.0012121174721048968,-0.003394274034168054,0.027602570368253893,-0.0098007956915748,0.9995651661680985
1740164226.0825183,1740164226.07171,1,3,0.004094664106198405,0.00033123358265028826,-3.7621743854314216e-05,-0.0028444724857054405,0.028874831791086433,-0.01078544056920037,0.9995207988516511
1740164226.0992177,1740164226.088108,1,3,0.004058760601059317,-8.07126023598385e-05,-0.0005485547576179716,-0.003091273496030754,0.029381372575510656,-0.011540731301484464,0.9994968686768251
1740164226.115872,1740164226.1048286,1,3,0.003968113977062788,-0.0011975041732252211,-0.001937084796728963,-0.0037121584325293853,0.02892692305165997,-0.011998116696027414,0.9995026254083996
1740164226.133622,1740164226.1216176,1,3,0.0038161590054681697,-0.002877146611129812,-0.004027628697384034,-0.0047296129481599,0.027584144732330985,-0.01219583763831794,0.9995338950055902
1740164226.1498466,1740164226.1381285,1,3,0.0034975000727538496,-0.004449071432917448,-0.0059863827647923815,-0.005816678534181707,0.025032744240755182,-0.011945304323008603,0.9995983381695058
1740164226.1666043,1740164226.1552444,1,3,0.003070889782918401,-0.006218071978950295,-0.008192646515465458,-0.006971511019142691,0.021578340889484696,-0.011279158281704893,0.9996792254653607
1740164226.1866074,1740164226.171579,1,3,0.002533877910712176,-0.008102532088662687,-0.01054801563115654,-0.008126315420727373,0.01738360139959682,-0.01045400383463103,0.9997612150928282
1740164226.1993606,1740164226.1882517,1,3,0.0019422940436732824,-0.010484956776748114,-0.013530557433787832,-0.009562130541148179,0.011699332621252348,-0.008956870850516675,0.9998457209691396
1740164226.2170837,1740164226.2049992,1,3,0.001224437973945746,-0.012767892133957213,-0.016398149347906885,-0.011018521664420805,0.005223518123208993,-0.007138481556240664,0.9999001695768526
1740164226.232796,1740164226.2215984,1,3,0.0004226677448428515,-0.015239551984255268,-0.01951217074080104,-0.012632099055727512,-0.0018213068305885838,-0.005192574745836231,0.9999050705353905
1740164226.2501826,1740164226.2383945,1,3,-0.00043521947111874187,-0.01798057944524325,-0.02296669403378149,-0.014209925164328414,-0.01033821797220629,-0.002438865482888128,0.9998426132202706
1740164226.266603,1740164226.2549827,1,3,-0.0013785542943734598,-0.020731432762162084,-0.026453377811636387,-0.015856020836116824,-0.019339202464496125,0.0003003279072957715,0.9996871969043266
1740164226.2827206,1740164226.2716284,1,3,-0.0024065163165197944,-0.023324093088750837,-0.02975257243227426,-0.017355516416151785,-0.028971826251727617,0.0033975925722942216,0.9994237718296884
1740164226.2994165,1740164226.2887163,1,3,-0.0034382779189421914,-0.026275817304784704,-0.033520098032427406,-0.01910239270246967,-0.03987914723508035,0.007133078669412632,0.9989964321245294
1740164226.316745,1740164226.304996,1,3,-0.0045856044631464804,-0.028620088599668272,-0.036544282299271945,-0.020463472488681994,-0.050219371697458395,0.010660062166728651,0.9984716441014331
1740164226.3343751,1740164226.3220208,1,3,-0.005687890973756194,-0.031409852305071734,-0.04013938995894739,-0.02198529947871615,-0.06154925513784794,0.014601920786445134,0.9977550399312216
1740164226.3503664,1740164226.3383887,1,3,-0.006866516325284851,-0.03357290996375068,-0.04296456945306676,-0.023203745974855392,-0.07255805170195151,0.01860803858052802,0.9969205867099631
1740164226.3674784,1740164226.3551188,1,3,-0.00801913246369198,-0.03577531199657123,-0.04584385871308608,-0.024345582514242608,-0.08328558756627083,0.02240297420074558,0.9959763602931265
1740164226.382763,1740164226.3718963,1,3,-0.009176561026006164,-0.03764654618786789,-0.048322530078480565,-0.025199971835846255,-0.09382880643897883,0.02624252870927688,0.9949233368399054
1740164226.767751,1740164226.755656,1,3,-0.010998198529360669,-0.030179833502613683,-0.03911533232472585,-0.02132696898548453,-0.12050312714450334,0.04605958918167281,0.9914144799157935
1740164226.784301,1740164226.7725222,1,3,-0.009760909306306225,-0.029272833498637754,-0.03784542937899796,-0.020977770127911067,-0.11081183735643267,0.042724094650958805,0.9927010232685408
1740164226.7994163,1740164226.7889907,1,3,-0.008508070534299614,-0.028140458136159563,-0.03629761883732268,-0.02030389276511367,-0.10123904188487735,0.039537612993462666,0.9938687969222064
1740164226.8178542,1740164226.8058836,1,3,-0.007168075623637347,-0.027328948469705117,-0.035156821212059285,-0.020150986016347454,-0.09078285023464068,0.035951176982000885,0.9950175499655534
1740164226.8375018,1740164226.8225832,1,3,-0.005832740681650577,-0.026384488507597417,-0.033857634459752935,-0.01980444358390733,-0.08032838255220853,0.0323454706806133,0.9960466382139581
1740164226.8504488,1740164226.8391275,1,3,-0.004533050265257156,-0.025140794354721274,-0.03220120635340085,-0.0188995220616368,-0.06929250558812955,0.02848381444625517,0.9970105461075887
1740164226.8680117,1740164226.8559003,1,3,-0.0032505405984655524,-0.02386098614164107,-0.030514178831432304,-0.01801704134576676,-0.058241114510652586,0.024472117875798054,0.9978399041170758
1740164226.8836794,1740164226.8723373,1,3,-0.002012014743334305,-0.02251179881599784,-0.02874496091849039,-0.017358216459713135,-0.047250477860175055,0.02034716023142624,0.9985249509821172
1740164226.899492,1740164226.8892455,1,3,-0.0008758825193027341,-0.02081707343263839,-0.026569504816549454,-0.01642132316063083,-0.036344739434441664,0.01621567379149302,0.9990727961387922
1740164226.9173288,1740164226.905642,1,3,0.00016113304526756418,-0.018963090037872294,-0.024204494962360136,-0.015108472758672165,-0.026082693255617163,0.012464412018447767,0.9994678912283617
1740164226.933681,1740164226.922403,1,3,0.0010878958939084394,-0.016898367700654456,-0.021589083247971017,-0.013658925062351161,-0.016636006645126954,0.008845547208298775,0.9997291800000788
1740164226.9506133,1740164226.9393332,1,3,0.0019201593756973676,-0.014896754401942165,-0.019062450096099075,-0.012520110267126438,-0.007975984126300593,0.005427514033872384,0.9998750785010736
1740164226.9713252,1740164226.9558523,1,3,0.0026389825948072124,-0.012885209411071949,-0.016540454795224282,-0.011238752754501823,-4.271210649265061e-05,0.0022686578550466037,0.9999342687415689
1740164226.9840653,1740164226.9726741,1,3,0.0031927265904703127,-0.01055006061844938,-0.01361524311216398,-0.00970402489487028,0.0072791244146149315,-0.0008109240483351691,0.9999260915941658
1740164227.0007195,1740164226.989849,1,3,0.003661572563402047,-0.008517291422916346,-0.011079572472827467,-0.008364889087315943,0.013000355453521661,-0.0030140546700546584,0.9998759597385491
1740164227.0176697,1740164227.0057166,1,3,0.0039712331734595265,-0.006281552850449928,-0.008282169581549021,-0.0071015820773829815,0.018554739755017834,-0.0055166006346276655,0.9997874055428283
1740164227.0345776,1740164227.0225902,1,3,0.004207011869646854,-0.004570183136504113,-0.0061435895629143485,-0.005859099011339211,0.02225327087013558,-0.0071343080031947455,0.9997097401464443
1740164227.05178,1740164227.0393014,1,3,0.004200437152561373,-0.0021312604852514183,-0.0031072091492694563,-0.004372434209818107,0.025509913166025407,-0.008707203846067695,0.9996270858427786
1740164227.0672777,1740164227.0560596,1,3,0.0041442853465907615,-0.00042474181861896083,-0.000982049126778064,-0.0032313190673040914,0.027671120630086865,-0.009875843799665152,0.9995630722317652
1740164227.0839715,1740164227.0729082,1,3,0.0040688785985066745,0.00038930768734073384,3.242190963137614e-05,-0.002845700471311505,0.02879710195455029,-0.010773873709041386,0.9995231625896163
1740164227.1056721,1740164227.0892816,1,3,0.004051026754619636,-0.00021813229082311576,-0.0007173167114428645,-0.0032010417142196625,0.029277853096818338,-0.011572694217115872,0.9994991912945914
1740164227.117985,1740164227.10571,1,3,0.003966326996628571,-0.0014292546795537035,-0.0022218948300422696,-0.003920436375410299,0.0286575555179012,-0.011931827619562928,0.999510383227719
1740164227.1340876,1740164227.1225631,1,3,0.0037666767933570654,-0.0028541156815065577,-0.003995783829622561,-0.004830346360846225,0.027253615929820438,-0.012051547446008363,0.9995442303254723
1740164227.151644,1740164227.1391225,1,3,0.0034627981608691453,-0.004572078077635998,-0.006137851314006284,-0.005904639789033674,0.02463275630769089,-0.01183061270822475,0.9996091231819544
1740164227.1673775,1740164227.155967,1,3,0.003040601941025475,-0.006411744880237659,-0.008435455069460402,-0.007118066742721232,0.02105194965703285,-0.01102961341549459,0.9996922007144942
1740164227.1840482,1740164227.1725762,1,3,0.0024919573193713913,-0.00830792085431944,-0.010804691960546235,-0.008255256821090224,0.016737199734670465,-0.010242344576771025,0.9997733799503916
1740164227.200489,1740164227.189356,1,3,0.001872471546028276,-0.010545787070888313,-0.01360474771320224,-0.009692896640301539,0.01107481926795395,-0.008649717912846187,0.9998542786391079
1740164227.217351,1740164227.206045,1,3,0.0011786213421369337,-0.013053598260000666,-0.016748599542773992,-0.011216433862528576,0.004402238589657146,-0.006677257180751913,0.9999051085694829
1740164227.2340212,1740164227.2225437,1,3,0.00038332914514428165,-0.015602487834733236,-0.019961380980763745,-0.012742885091508427,-0.0031292396450516096,-0.004480916574981106,0.9999038694421762
1740164227.2516532,1740164227.2396784,1,3,-0.0005004480087607198,-0.018221241500523174,-0.023271970273060702,-0.014386459752400825,-0.01148487824174696,-0.0018798698379001865,0.9998287820606873
1740164227.2676713,1740164227.2563128,1,3,-0.0014801724053056327,-0.02071437666489778,-0.026441062225122266,-0.01584696932170657,-0.020345664930411622,0.0008330805432137906,0.9996670613052453
1740164227.2846391,1740164227.2729201,1,3,-0.0024912678006147205,-0.023446254475484013,-0.02991407880488434,-0.017467829230478245,-0.03035951599819022,0.004114418677391883,0.9993779296588842
1740164227.300894,1740164227.2897036,1,3,-0.003532115647725192,-0.026357077545756134,-0.03362797256080443,-0.01912989423833309,-0.04089442895518756,0.00776221469570914,0.9989501693527446
1740164227.316956,1740164227.3059533,1,3,-0.004669773364774623,-0.028759753841696246,-0.036721717524998254,-0.020546429396565,-0.051527812698477025,0.011329680884421635,0.9983958969710461
1740164227.3341062,1740164227.3228736,1,3,-0.005790224808816694,-0.03142308866625603,-0.040161417643748844,-0.021945797782868037,-0.06245229129880321,0.01516367646521913,0.9976914133073718
1740164227.350216,1740164227.3395262,1,3,-0.006955316882355748,-0.03363559888067817,-0.04305311725617338,-0.02327062013319399,-0.07350743330802219,0.019060392481684788,0.9968409285966982
1740164227.3681724,1740164227.3562324,1,3,-0.008131206342706419,-0.03566709665334423,-0.04572116852733689,-0.024313750259639746,-0.08456735097459958,0.023006796388592463,0.9958553569757932
1740164227.38644,1740164227.3731256,1,3,-0.00927488095704612,-0.037618178839293,-0.04829704710094972,-0.025182733630228212,-0.09492297161960708,0.02683998332871357,0.9948040383315333
1740164227.7693768,1740164227.7568982,1,3,-0.01095282930220132,-0.029999688358115506,-0.03888954601355603,-0.02122682062217213,-0.11939549577742603,0.04543552994806562,0.9915794220800849
1740164227.7848086,1740164227.7732353,1,3,-0.009685816190554484,-0.029287499789690453,-0.037854254480819145,-0.020911593223680424,-0.10986378045917196,0.04220437090410928,0.9928300187286113
1740164227.801766,1740164227.7899685,1,3,-0.008398842541512045,-0.028378194607322722,-0.036583281552217635,-0.020384743510662755,-0.10005582899650631,0.03898346963479119,0.9940088442318105
1740164227.8168824,1740164227.8066287,1,3,-0.007110511366708705,-0.02721717127813186,-0.035002866837124766,-0.019965363713672458,-0.09002859814961191,0.03553726275989347,0.9951046873181388
1740164227.8340945,1740164227.8232336,1,3,-0.005781453298012804,-0.026154148270059695,-0.033567937349221054,-0.01960019108696965,-0.0790668923391278,0.03171400075787111,0.996171913477346
1740164227.8506184,1740164227.8402658,1,3,-0.0044360675751214905,-0.025240526691458414,-0.032325754879285636,-0.01907744341697185,-0.06813891102352702,0.027809438110646262,0.9971056990656357
1740164227.8671951,1740164227.8566658,1,3,-0.0031504323811262186,-0.024003363839348323,-0.030684599811934145,-0.018063667536895204,-0.05713170266554628,0.023811880548501394,0.997919168475281
1740164227.8880422,1740164227.8732157,1,3,-0.001932940743852562,-0.02249798412619027,-0.028724220745959827,-0.017330638482276468,-0.04608036742734222,0.019670188729801027,0.9985936773197054
1740164227.9007065,1740164227.890173,1,3,-0.0007907783396141985,-0.020873610579447886,-0.02663078660748142,-0.016413510430136818,-0.03545530327405355,0.01576749819558031,0.9991120578522497
1740164227.9173825,1740164227.9066951,1,3,0.00020174976064413322,-0.018701331878124325,-0.02387923716257381,-0.014898237049034396,-0.025006921467048696,0.011812675084187173,0.9995064567670022
1740164227.9357042,1740164227.923619,1,3,0.0011428087944359035,-0.016798935332933532,-0.02147108973981382,-0.013623818627789244,-0.015973647796298174,0.008341546498992582,0.9997447938069405
1740164227.9554985,1740164227.9438853,1,3,0.0019876142697450314,-0.014918573058026088,-0.01909277410332107,-0.01251615866569793,-0.007122325288553938,0.004902296863219138,0.9998842861752574
1740164227.9681003,1740164227.9569442,1,3,0.0026517868426043784,-0.0125400572964489,-0.016110185702674723,-0.011127038678517168,0.0010322268575566182,0.0016256321348812875,0.99993623838629
1740164227.9850385,1740164227.9737866,1,3,0.003221946529095804,-0.010382836189570364,-0.0134011534724926,-0.009535188707244504,0.007862877895446112,-0.0011612018073002637,0.999922950500628
1740164228.0017555,1740164227.9907577,1,3,0.003646646097463281,-0.008106999730636949,-0.010560365951304697,-0.008000753108848967,0.013812797774287356,-0.003597263838919051,0.999866118167933
1740164228.0183718,1740164228.006933,1,3,0.0039840052925068856,-0.006146332536975681,-0.008115091516323263,-0.006943524235889134,0.01877566315688956,-0.0056618502571178985,0.999783579278971
1740164228.03485,1740164228.0234168,1,3,0.0041394534100288715,-0.0039145465711180995,-0.005329276686536015,-0.005485567878039165,0.022373112227967618,-0.007190878780960764,0.9997087794236118
1740164228.05191,1740164228.0401697,1,3,0.004178522871177371,-0.0018743105506703025,-0.0027928447344847686,-0.0041855939494294435,0.025813794230344612,-0.008869740124572173,0.9996186555586318
1740164228.068332,1740164228.057168,1,3,0.004131961548661338,-0.0002946409227407771,-0.0008198486583226508,-0.0032088639655926655,0.027775744677264146,-0.009928378505775099,0.9995597223277455
1740164228.0842662,1740164228.0736425,1,3,0.0040656200258861975,0.0004209545389881584,7.916302225344454e-05,-0.00272024405329513,0.028911721246898746,-0.010926660856009426,0.9995185444649689
1740164228.1014888,1740164228.0903947,1,3,0.004044761116814685,-0.00022972749627130654,-0.0007313018263472397,-0.003172124619385437,0.029362316172621965,-0.011605116092584116,0.999496429855983
1740164228.118546,1740164228.1072333,1,3,0.003945514782657857,-0.0014304080221893437,-0.002222989838747075,-0.0038953085808042915,0.028495689742092288,-0.011863888420742714,0.9995159180266829
1740164228.135137,1740164228.1238077,1,3,0.0037334306111261816,-0.0028388160675195057,-0.003981182301269617,-0.004722089181373512,0.02692818341803348,-0.011846968358523958,0.9995560135141401
1740164228.1522524,1740164228.1405811,1,3,0.0034477440079215345,-0.004728791328564357,-0.006336494389742883,-0.006112987119257902,0.02430564622465495,-0.011578773253546079,0.9996188268335209
1740164228.1688669,1740164228.157057,1,3,0.003023781665289311,-0.006635089533355495,-0.008709106285858909,-0.007214550287147184,0.020358539553834105,-0.010631177890994633,0.9997101870982606
1740164228.1856725,1740164228.1737247,1,3,0.0024761839392528017,-0.008583955325386357,-0.011148861468839383,-0.008350153829763014,0.01601857134450784,-0.009755173751046722,0.999789236233411
1740164228.2015417,1740164228.1906922,1,3,0.0018476521566800996,-0.010795242566765404,-0.013918032470447804,-0.00978436650616594,0.010336172110339856,-0.008232771104782287,0.9998648164617627
1740164228.2177346,1740164228.207095,1,3,0.0011513431395963048,-0.013327070894807485,-0.017096298807799063,-0.011464460168625023,0.0037250157926638976,-0.006394088875204766,0.9999068986849937
1740164228.2344854,1740164228.2236907,1,3,0.0003197373998504087,-0.015661555253208923,-0.02003770041898649,-0.0128825900068887,-0.003944198730424769,-0.004047559511120769,0.9999010448204828
1740164228.2526217,1740164228.240644,1,3,-0.0005948468623073478,-0.018094964401599686,-0.023114464724219262,-0.01433571950289376,-0.012305437314761233,-0.001441115563286004,0.9998204771581546
1740164228.2688746,1740164228.2569582,1,3,-0.0015326650577156303,-0.02093424453400143,-0.02671318134975182,-0.016051394166523604,-0.021734588822706524,0.0016393481341997831,0.9996335693301389
1740164228.2864165,1740164228.2740219,1,3,-0.0025738856505309795,-0.023505076867296817,-0.029986190338540854,-0.017481267550556928,-0.03160507730558182,0.004909007349497208,0.9993354922247966
1740164228.3014941,1740164228.2904096,1,3,-0.0036195198200771527,-0.026357781117547212,-0.03363008904864116,-0.019206080452801234,-0.04196933090639335,0.00830358724562423,0.9988997708357754
1740164228.341113,1740164228.3070288,1,3,-0.004737887671826238,-0.028947741612230966,-0.03696451892356574,-0.02061631008388998,-0.05286627412756557,0.01213478980287817,0.9983150162623188
1740164228.3448725,1740164228.3239946,1,3,-0.005886530061412382,-0.031388390994301844,-0.0401269278778672,-0.022022565529588412,-0.06397784988592438,0.016053321822964275,0.9975791358032291
1740164228.3505752,1740164228.340643,1,3,-0.0070279707083613354,-0.033807219713450305,-0.04327320736996477,-0.023371504142005093,-0.07469887399936113,0.01979415386130316,0.99673569339634
1740164228.3680143,1740164228.3571842,1,3,-0.008224122885826425,-0.035665188971191454,-0.04572302487621313,-0.02424263040215138,-0.08571881302844467,0.0238501309281087,0.9957387966825896
1740164228.3873518,1740164228.3739994,1,3,-0.009388794071623957,-0.03742123252931806,-0.048054525649029387,-0.025091867220516227,-0.09625932908135768,0.027664886076995875,0.9946553140875193
1740164228.7719777,1740164228.7578597,1,3,-0.010779026597618676,-0.030576950190876067,-0.03958678843343291,-0.02158711194548296,-0.11792162106648604,0.04445284567168753,0.9917925349560736
1740164228.785883,1740164228.7742548,1,3,-0.00956356969184803,-0.029478755818550122,-0.03808126675774577,-0.02117223323125335,-0.10877962798547611,0.04153384902431765,0.9929721388138582
1740164228.8016286,1740164228.7908669,1,3,-0.008289658038038663,-0.028443722083121507,-0.0366553652685259,-0.02067295361133747,-0.09874380039791643,0.03812852968115329,0.9941672425182361
1740164228.8178446,1740164228.8075347,1,3,-0.006993201884693413,-0.02733229847750343,-0.03513936879739899,-0.02023210657858641,-0.08854546048321027,0.03470945024998971,0.9952615823764888
1740164228.8345387,1740164228.8241966,1,3,-0.005643633104243709,-0.026421058377840246,-0.03388660593157966,-0.019901590738315596,-0.07795891982700821,0.030958662851915272,0.996277017048929
1740164228.8532486,1740164228.841315,1,3,-0.004375041852144256,-0.024931118099698165,-0.03192082054469705,-0.018987723725917168,-0.06678338147501167,0.027015898639643775,0.997220932154537
1740164228.8692632,1740164228.8577795,1,3,-0.003067652633920087,-0.023885981377593332,-0.030527278249550354,-0.01821511081955419,-0.05577151413580468,0.022989795122720334,0.9980126338223612
1740164228.8901114,1740164228.8743722,1,3,-0.0018512052490281179,-0.022405130756637425,-0.02860487744448085,-0.017454676462096835,-0.04477036372419975,0.018901566026429714,0.9986659499569188
1740164228.9060252,1740164228.891117,1,3,-0.0007550566152553185,-0.020468791192673124,-0.026121716942499876,-0.016227776885044093,-0.03405097670993748,0.01486493066140002,0.9991777740116623
1740164228.9182165,1740164228.9075463,1,3,0.0002916853321925088,-0.018710092456042337,-0.023884024266367654,-0.015071924607190616,-0.02403691884490841,0.011201856062375675,0.9995346827608517
1740164228.9356244,1740164228.9243922,1,3,0.0012108469101618639,-0.016670986291334296,-0.021298245288105096,-0.013655127107975944,-0.014582713524311678,0.007558433057196705,0.999771850003616
1740164228.955914,1740164228.9410043,1,3,0.0020116641406366705,-0.014534571334632174,-0.018606327940538462,-0.01230210560808016,-0.006095560084314071,0.004273823430547951,0.9998966130446441
1740164228.9738464,1740164228.9576747,1,3,0.0026739216669838155,-0.01224002644166585,-0.01572839460663263,-0.01087806995927979,0.0016732801297668239,0.0012174736821642673,0.9999386908632956
1740164228.9866815,1740164228.9744382,1,3,0.00322428746627577,-0.010000460045945304,-0.012923231847072546,-0.00936803637026889,0.008847164348069229,-0.0017606280991031692,0.9999154303071136
1740164229.002816,1740164228.9913616,1,3,0.0036762070194048305,-0.00795969174050312,-0.010380641792877036,-0.008100678864011182,0.014337131551886468,-0.0038520470277256325,0.9998569834703873
1740164229.0189586,1740164229.0078838,1,3,0.004019744114344745,-0.006107322932239556,-0.0080602581287585,-0.006911317200907391,0.019116350344996962,-0.005828680956796718,0.9997763876599306
1740164229.036514,1740164229.0243487,1,3,0.004187395535430209,-0.003992045458812497,-0.005420438363499223,-0.005491417790092851,0.02307319123493369,-0.007517812879686017,0.9996904294162253
1740164229.0524452,1740164229.04096,1,3,0.004190086757346551,-0.0017630118915415924,-0.002644326616790601,-0.004109629372313676,0.02612528729488247,-0.009068100560436707,0.9996090985292241
1740164229.071697,1740164229.0578892,1,3,0.004154463414064554,-0.00031641162987939767,-0.000844742170707969,-0.0032407292226016484,0.027963326708521277,-0.010053189512635742,0.9995531418659646
1740164229.0859122,1740164229.0743496,1,3,0.00409129235874696,0.00031003168680258627,-6.145608777451708e-05,-0.002846498365718834,0.029056277845416062,-0.010984686267785435,0.9995133650094041
1740164229.1050944,1740164229.0913973,1,3,0.0040839451962668945,-0.0004991722053679329,-0.001065511370221113,-0.0033453093745424156,0.02923777109374883,-0.011567397595058109,0.9994999534564951
1740164229.1199572,1740164229.1077814,1,3,0.00396521720731347,-0.0016329308379803066,-0.0024695498030681325,-0.003987885550392701,0.028435362456511373,-0.011800194364022347,0.9995180250219479
1740164229.1361594,1740164229.124501,1,3,0.003745700049049414,-0.0030331876677440494,-0.004217217093034584,-0.0049530917611216385,0.026837133617599443,-0.011839320792799701,0.9995574348802385
1740164229.1526887,1740164229.1415746,1,3,0.003448871069914839,-0.004907636303858253,-0.006553060157971479,-0.006166311585859517,0.023997993640123522,-0.011309753889937765,0.9996290123689007
1740164229.1696563,1740164229.1579514,1,3,0.003013933291256103,-0.0067954064446704935,-0.0089102773610511,-0.0073447152697395796,0.02005176350912112,-0.010503724418369373,0.9997167867506895
1740164229.1863096,1740164229.1747239,1,3,0.00246346520491832,-0.008767744167473964,-0.011377684038463513,-0.008550427620165649,0.015256346287156592,-0.009299297571540764,0.9998038093296877
1740164229.2017262,1740164229.1913815,1,3,0.0018353924373736006,-0.01106307605295669,-0.014252953354852096,-0.009987735080456368,0.009569884623941495,-0.007721812682627504,0.9998745101587206
1740164229.2193325,1740164229.2078793,1,3,0.0011122817628096188,-0.013481878044202544,-0.017289542738919517,-0.011579853596171487,0.0026812852903235927,-0.0058537668871313404,0.9999122217040425
1740164229.235803,1740164229.224991,1,3,0.00030740327571781597,-0.016059627597225856,-0.020530545294280205,-0.013096552852803148,-0.004935886273940216,-0.0034890420775036866,0.9998959665462431
1740164229.252817,1740164229.2414124,1,3,-0.0006056675402009397,-0.018536808807573663,-0.02366866057208983,-0.014553848049692912,-0.013490985878438194,-0.0007339648228443571,0.9998028006075064
1740164229.269962,1740164229.2579463,1,3,-0.0015797314719449397,-0.02112754168244642,-0.02695896394502092,-0.016067678112815603,-0.02275073980608984,0.0023101125675568717,0.9996093721740827
1740164229.2852786,1740164229.2746992,1,3,-0.0026273048117973047,-0.023648909949250514,-0.03017514614142379,-0.01761168904430486,-0.03267993211651617,0.005423840069860642,0.9992959683721151
1740164229.3024805,1740164229.2913036,1,3,-0.0036751695296004883,-0.026565077743438834,-0.033896410586338264,-0.019309863412537914,-0.043191563689681474,0.009023008019721073,0.9988394282002014
1740164229.3188584,1740164229.308117,1,3,-0.0048413479643009665,-0.028769179667218956,-0.03674584260978956,-0.020567311113732913,-0.05422780042901845,0.012959264015180348,0.9982326326314755
1740164229.3350325,1740164229.3247037,1,3,-0.005976676217666686,-0.03129176208029105,-0.040010527078197106,-0.021887536790008173,-0.06533119646028838,0.01693946185465556,0.9974797367036625
1740164229.352318,1740164229.3414297,1,3,-0.007152084586802493,-0.033454370592269585,-0.04283703068001975,-0.023099044885759413,-0.07616567352477768,0.020739601544108543,0.9966118066878769
1740164229.3693342,1740164229.358155,1,3,-0.00833085645650809,-0.03541314346703466,-0.045416998741854855,-0.024115497735670097,-0.08691263657417989,0.02446911983245175,0.995623371836615
1740164229.3849084,1740164229.3746428,1,3,-0.009476710145058919,-0.03730217409899798,-0.04792288193932589,-0.024929225514781654,-0.0971883827082227,0.02826651356498522,0.9945521384988691
1740164229.771601,1740164229.7585285,1,3,-0.010722924845411753,-0.03043600268265003,-0.039408223119542285,-0.0214909949916735,-0.11719290796317848,0.04409035657966661,0.9918971720466189
1740164229.7867994,1740164229.775389,1,3,-0.009456670294971622,-0.02966579302899365,-0.03830760907095302,-0.02120435211064978,-0.107462135944138,0.04077792035990826,0.9931462258907358
1740164229.8022397,1740164229.7919557,1,3,-0.008172248404607849,-0.02867416930277556,-0.03693469061932861,-0.020634632880521576,-0.09727948398315611,0.037206992266515145,0.9943473003173169
1740164229.821399,1740164229.8086085,1,3,-0.006898820329030496,-0.027352144747429873,-0.03515918189981195,-0.02010884509066092,-0.0870241744096603,0.03375756573171585,0.9954309891566093
1740164229.835843,1740164229.8255131,1,3,-0.005579183186997975,-0.026273700832044597,-0.03370173988421804,-0.01974010747271332,-0.07647343531160337,0.030040489070738387,0.9964234596119255
1740164229.852615,1740164229.8419127,1,3,-0.004241913456018527,-0.025278544646352378,-0.03235110703444553,-0.019001958069509328,-0.06524073024278364,0.026063899029371087,0.9973481066680278
1740164229.8710418,1740164229.8586855,1,3,-0.0030273278941518886,-0.023540524007341242,-0.03009468323864418,-0.017798813369166153,-0.054247406321048366,0.02204711507598699,0.9981254159006847
1740164229.8903646,1740164229.8754292,1,3,-0.001827154245224788,-0.021982716431695984,-0.028072663465134325,-0.0170377901517382,-0.043261845043047274,0.01804017304600616,0.9987555650041139
1740164229.9029589,1740164229.8919888,1,3,-0.0006836195810418105,-0.020435351011510252,-0.026081575315280423,-0.016157265011780025,-0.032626637908014566,0.01404909519467085,0.9992382439690594
1740164229.9205425,1740164229.9090965,1,3,0.00030291087233942627,-0.01833644390866903,-0.02341531571335805,-0.01478102467565723,-0.02288885581397783,0.010475887226629375,0.9995738478851273
1740164229.9363918,1740164229.9254177,1,3,0.0012255972584419611,-0.016388097417964126,-0.02094689895780145,-0.013427529655332495,-0.013625909545869244,0.0069546676443336675,0.9997928128539232
1740164229.9528499,1740164229.9420094,1,3,0.002026006468118429,-0.014304133239976823,-0.01832274557587159,-0.012137151924144378,-0.005178127404604321,0.003736255992913272,0.9999059540431326
1740164229.9707859,1740164229.9590306,1,3,0.002670416579716569,-0.011928490971578618,-0.01534102578388282,-0.010702485249391467,0.0024763206193190723,0.000757057142641767,0.9999393739173189
1740164229.9866276,1740164229.9753723,1,3,0.00330384152409176,-0.010235983606580875,-0.013217780508013813,-0.009465723393938027,0.009310307415288382,-0.0019118480257049014,0.999910027499269
1740164230.0045373,1740164229.992593,1,3,0.0037187357692562996,-0.008013543644753261,-0.010447357615467376,-0.008096597402369439,0.014922190693641719,-0.004185228478110898,0.999847116912377
1740164230.0204294,1740164230.0090566,1,3,0.003991100254020481,-0.005748096219669986,-0.007614646738252539,-0.006642971105040576,0.019701737643139667,-0.006240968893106911,0.9997643536233995
1740164230.0367086,1740164230.0255792,1,3,0.004158462076933692,-0.0037033625471897848,-0.005066124358111573,-0.0053942064365819315,0.02330527748005132,-0.0077593364431409245,0.9996837296247546
1740164230.0544336,1740164230.0425808,1,3,0.004182774030403079,-0.0016936023892020434,-0.0025628562258982503,-0.00407863139843437,0.02613604297494832,-0.009120909380778468,0.9996084638675259
1740164230.0704176,1740164230.058843,1,3,0.004122767873401097,-0.00015966498861468099,-0.000651835765326515,-0.0031440888813995013,0.0280329198616778,-0.010162357720611944,0.9995503972260192
1740164230.0863004,1740164230.0754712,1,3,0.004063861955389551,0.000369128023623824,1.1540686827575026e-05,-0.0028717517814151974,0.028919701554606506,-0.010867289778384625,0.9995185370550018
1740164230.103838,1740164230.0923803,1,3,0.004055619911869605,-0.0005055593153893877,-0.0010738134231264953,-0.003351184312496961,0.02913178493946067,-0.01158519412657378,0.9995028223807046
1740164230.1201143,1740164230.1089292,1,3,0.003935407871118479,-0.00165475474960837,-0.0025010955857162603,-0.004026336977604852,0.02816137717391487,-0.011652891873040298,0.9995273560824668
1740164230.1369262,1740164230.1256566,1,3,0.003764270583268837,-0.003461840367440521,-0.004756593459796039,-0.005114612865704032,0.026199559422879944,-0.011443757722713412,0.9995781431336245
1740164230.1547067,1740164230.1423452,1,3,0.003425994298809712,-0.005129054322786324,-0.006831379259272044,-0.0062935591802630395,0.02323629805509062,-0.010984720924184512,0.9996498394296661
1740164230.1699924,1740164230.1588619,1,3,0.002977164622528286,-0.006961894773636412,-0.009116891358472367,-0.007369804323759829,0.01948731871711889,-0.01020653538766184,0.9997308422914776
1740164230.1869066,1740164230.175643,1,3,0.0024381179222508318,-0.00907222345767612,-0.011755583507588596,-0.00872502738669015,0.014519915390399934,-0.00892081539815272,0.9998167157068285
1740164230.2040336,1740164230.1922972,1,3,0.001816387473531286,-0.011452090426264149,-0.014736145834179138,-0.010191127827261774,0.00867274896704019,-0.007319096396961004,0.9998836708172081
1740164230.2206726,1740164230.208994,1,3,0.0011026946725016908,-0.013966096082748045,-0.017897889615733402,-0.011883068975199007,0.0017930669839443848,-0.005318008881379684,0.9999136444533894
1740164230.241883,1740164230.2257712,1,3,0.00023651626077194664,-0.01615351308396803,-0.020658611987526002,-0.01321481660875437,-0.006050524848379951,-0.0027887578158904067,0.9998904853037159
1740164230.2533774,1740164230.2422242,1,3,-0.0006900207729524181,-0.018576505100854745,-0.02372162294607249,-0.014654360569475505,-0.014826750846008692,5.223030613765959e-05,0.9997826836106161
1740164230.2713296,1740164230.259164,1,3,-0.0016367566771298043,-0.021426315974739173,-0.02733467988210601,-0.016283753508937803,-0.02423785178294534,0.003155141491506881,0.9995686124497791
1740164230.2875667,1740164230.275706,1,3,-0.002689231008494589,-0.023938425445253,-0.030538335715153884,-0.01777640208484733,-0.03427204567564518,0.0064358332909854885,0.9992337096315231
1740164230.3037424,1740164230.2924063,1,3,-0.0037870440677528145,-0.026473025598513115,-0.033788410321586554,-0.019262361577556508,-0.04497848902916676,0.010066812774398878,0.9987514987381365
1740164230.319926,1740164230.3091311,1,3,-0.004933617524599308,-0.02883477053698927,-0.03683989614009503,-0.020668529246716055,-0.05565211782669664,0.013858797355015984,0.9981400640271153
1740164230.3365605,1740164230.3256772,1,3,-0.006073640048118158,-0.03131538980800619,-0.040050139803779555,-0.022008272457051763,-0.066928001534794,0.017831093790480663,0.9973556690811206
1740164230.3529115,1740164230.3427367,1,3,-0.007237603368928093,-0.033532004092913244,-0.04294013095113689,-0.023191768764293914,-0.07733055589255686,0.02140374151560011,0.9965058990472987
1740164230.374693,1740164230.3590827,1,3,-0.008419048790760829,-0.035460692259048646,-0.04548209046787424,-0.0241477992945441,-0.08837221335983708,0.025352977778703635,0.995471979622162
1740164230.3875792,1740164230.3756618,1,3,-0.009572853549687838,-0.03725852320483599,-0.047869058907648074,-0.02493358330830619,-0.09867493652162539,0.02911674327324785,0.9943811083216639
1740164230.7726088,1740164230.7596955,1,3,-0.010632043011094217,-0.03049066747477656,-0.039466803754522516,-0.021522257157519882,-0.11604403948352437,0.043353747162217106,0.9920640231125138
1740164230.7895281,1740164230.7767487,1,3,-0.009366539466607968,-0.029687154137808803,-0.038326669029777355,-0.021289584557377332,-0.10628595988304743,0.04004827702308596,0.9933006512776459
1740164230.809781,1740164230.79293,1,3,-0.008064149137178043,-0.028814176942281344,-0.03710293316902164,-0.020891553857621273,-0.09627774749723732,0.03660851292350175,0.9944616408367907
1740164230.8298917,1740164230.8097053,1,3,-0.006807522528692619,-0.027320357420889545,-0.03511091802095394,-0.020202870722556825,-0.0859233609559216,0.03311000767062491,0.9955464567003677
1740164230.8436391,1740164230.8264546,1,3,-0.005464221701244669,-0.026384011293637103,-0.03382326218117718,-0.019786497998770938,-0.07475508920783958,0.02912117502743471,0.9965802166908061
1740164230.8582473,1740164230.8430169,1,3,-0.004163760327964462,-0.02515578790818291,-0.03219026343299423,-0.018995771954667322,-0.06379624612373731,0.02518133286857853,0.9974643352538113
1740164230.8751864,1740164230.8599598,1,3,-0.0029303214492861014,-0.023568707417406392,-0.030127430627215953,-0.018025445892937447,-0.0530660809075477,0.021354180825684955,0.998199916509082
1740164230.8939354,1740164230.8771186,1,3,-0.001721130841939783,-0.02206699371651068,-0.028175165897927103,-0.01720851080578822,-0.04177962345292483,0.017102293539544233,0.9988322390550207
1740164230.9085236,1740164230.8940163,1,3,-0.0006272333125330248,-0.020182707020477586,-0.02575999504838847,-0.016021660848603646,-0.03157523334708213,0.013487954733105332,0.9992819352414248
1740164230.9210129,1740164230.9099123,1,3,0.0003816976133402163,-0.01826885987421731,-0.023322430601818482,-0.014731961436433112,-0.021770008952288582,0.009823388773646993,0.9996061909849572
1740164230.9382565,1740164230.9263108,1,3,0.0013118606166347682,-0.016373886554429076,-0.020920803809459734,-0.013498972282604242,-0.012689016597467979,0.006443234788764107,0.999807607157777
1740164230.9546027,1740164230.9430943,1,3,0.0020933384600910158,-0.014218158725347589,-0.018211311075803028,-0.012113456196809248,-0.0045044928504780835,0.0034011099491375245,0.9999106990997955
1740164230.9710689,1740164230.9597158,1,3,0.0027444597639852365,-0.011939327592627643,-0.01535528255904463,-0.010671363954597427,0.0029101285532627426,0.0005743680344148624,0.9999386597409428
1740164230.9883966,1740164230.9763517,1,3,0.0032768839559693067,-0.009661934937680576,-0.01250349792237403,-0.009130725304248988,0.00944393205901347,-0.0019693327056270696,0.9999117779741259
1740164231.0039704,1740164230.993807,1,3,0.0037286406061817364,-0.007711641907959743,-0.010065348004025322,-0.00793306120905665,0.015568358352094606,-0.004517070124681441,0.999837131154651
1740164231.0212731,1740164231.0096824,1,3,0.004047965262471994,-0.005831294490154651,-0.007715375534323898,-0.00674910797525803,0.020129956361877446,-0.006435039995395138,0.9997538820423079
1740164231.0385923,1740164231.0263937,1,3,0.0041644008529506124,-0.003483540789860145,-0.0047887670298042175,-0.00522392669067657,0.023815301863709226,-0.00799766772270195,0.9996707354414592
1740164231.0549517,1740164231.043179,1,3,0.004225726148548022,-0.0017732033925258268,-0.0026601675319296685,-0.004109494337301092,0.02648830335432783,-0.009270380851393251,0.9995976900136229
1740164231.0711143,1740164231.059704,1,3,0.004122650191637325,1.1482073812753513e-05,-0.00043835739986896607,-0.0030482983177372415,0.028297482410332035,-0.010291135935788032,0.9995419215259328
1740164231.0885725,1740164231.076789,1,3,0.0040800481104949615,0.0003703349681519273,1.3388449876721787e-05,-0.0028359416642274164,0.029130120316956998,-0.011076969713426598,0.9995102271948819
1740164231.1043723,1740164231.0932772,1,3,0.004082826517131975,-0.0006429039911339461,-0.0012407882316456287,-0.003478244026528094,0.02908303531495524,-0.01153084510880463,0.9995044364516036
1740164231.1220987,1740164231.1097739,1,3,0.003958629762455799,-0.0018561750281289725,-0.002747022476112233,-0.004169140222504744,0.028129246252729504,-0.011679109755194742,0.999527369395348
1740164231.138762,1740164231.1266122,1,3,0.003738742030350429,-0.0033941470526154013,-0.00466967734944031,-0.005121503720345337,0.026236220027861544,-0.01152830429221367,0.9995761747653042
1740164231.1542203,1740164231.1432774,1,3,0.0034181424684795155,-0.005223418696987147,-0.006952222251164861,-0.006355502418148819,0.023228593575476755,-0.01098058907563686,0.999649671981675
1740164231.17204,1740164231.1600528,1,3,0.002972697618275776,-0.0071338377482603405,-0.009335955686742723,-0.007567089477323725,0.01891246510844629,-0.009873243973664703,0.9997437556063057
1740164231.1881187,1740164231.1767957,1,3,0.0024235416939267147,-0.009239559673930317,-0.011965447547876644,-0.00884603692196804,0.013937921908056724,-0.008615092640360906,0.9998266160402303
1740164231.2046874,1740164231.1933913,1,3,0.0017840707252358885,-0.011565482615019551,-0.014875066634560211,-0.01029322841810838,0.008145698058094694,-0.006995413098469285,0.9998893745047303
1740164231.2221553,1740164231.2101314,1,3,0.001022432770519016,-0.013784109499373668,-0.017664262749379076,-0.011687541368353866,0.0011293367200786173,-0.004816629311576248,0.9999194597853422
1740164231.2381077,1740164231.2266297,1,3,0.0002057060176379996,-0.01637493173955613,-0.020933616031369413,-0.013257093648341592,-0.00695230151443681,-0.0022285555442479585,0.9998854676970946
1740164231.255286,1740164231.243208,1,3,-0.0007083398005114004,-0.018951266532558863,-0.024193793038407754,-0.014871525877571777,-0.015520233407133127,0.0004122349008953639,0.9997688683568053
1740164231.27081,1740164231.2599819,1,3,-0.0017005526720959261,-0.021487143454182095,-0.027413784218220518,-0.016386391221790923,-0.025060422542565616,0.0035448553553655833,0.9995453443467305
1740164231.2874346,1740164231.2766593,1,3,-0.0027601112534006477,-0.0239798796811907,-0.030591830677502672,-0.017824740619462594,-0.0351080650723228,0.006972955471685942,0.9992002203165871
1740164231.3057532,1740164231.2936866,1,3,-0.0038397136802114755,-0.026665570192175178,-0.03402861295382507,-0.019348266022750738,-0.04613293935675242,0.010750744101841802,0.9986900510215749
1740164231.320303,1740164231.3099856,1,3,-0.004988840095039204,-0.029011229297450904,-0.0370615503036757,-0.02070618868790871,-0.056822677512456024,0.01445865403989405,0.9980648197355173
1740164231.337669,1740164231.326612,1,3,-0.006140887275133567,-0.03142943090287053,-0.040200675978058695,-0.022080057670310585,-0.06794198031898832,0.018375447133774946,0.9972756395832818
1740164231.3555946,1740164231.3434434,1,3,-0.0073392606229376175,-0.0333839855321917,-0.042768475098814616,-0.023149730980357615,-0.07890307421049667,0.022329397592049813,0.9963632835662131
1740164231.3711555,1740164231.3600626,1,3,-0.00851977506799188,-0.035314448939343476,-0.04530663409236996,-0.02402601871375439,-0.08951058965063995,0.026027838445361176,0.9953557938702237
1740164231.387088,1740164231.3768904,1,3,-0.009660682782103292,-0.03721387346029612,-0.047818408709231965,-0.024871653312672867,-0.09983980706213766,0.029813036312948477,0.9942457425873605
1740164231.773216,1740164231.7608075,1,3,-0.010501731534916325,-0.030859316320026173,-0.03991485215975939,-0.021761167629993226,-0.11488098643457435,0.04273286439457347,0.9922211007834058
1740164231.7935243,1740164231.7773874,1,3,-0.00927278233858222,-0.029776633663970195,-0.038425015393062006,-0.021279951048754762,-0.10541718017864923,0.03962425030961,0.9934104391408146
1740164231.8050911,1740164231.7939842,1,3,-0.00797556228150287,-0.028813525430050318,-0.037094004378225486,-0.020894829820319937,-0.09489570148525586,0.03574042825140712,0.994625976794698
1740164231.8214166,1740164231.810759,1,3,-0.006677719691444056,-0.027657395334512096,-0.03552842394526762,-0.02042993116190153,-0.08461629925097046,0.032242984386097746,0.9956822232879666
1740164231.8380191,1740164231.8272252,1,3,-0.005376424911493515,-0.026383632508711282,-0.033822088209141725,-0.019828805688608425,-0.07397736429350521,0.028688299156308463,0.9966499633916952
1740164231.8556788,1740164231.8438666,1,3,-0.0040992222478129165,-0.02495868035538986,-0.03193595638781831,-0.01896100195977106,-0.06276334569338611,0.02462903007580538,0.9975443116571711
1740164231.8721223,1740164231.8608012,1,3,-0.0028622204947935034,-0.02344146907423481,-0.02995583991381326,-0.018003108436654622,-0.05184690304845921,0.020703434347225273,0.9982780947897895
1740164231.8881023,1740164231.8772302,1,3,-0.0016508289001505054,-0.02195861724831907,-0.028029973294813285,-0.01709040253178306,-0.040957761545583636,0.01675209420944217,0.9988742399572004
1740164231.9087322,1740164231.8942406,1,3,-0.0005665603151659923,-0.020045639610271553,-0.025584584302323785,-0.0159249386380064,-0.03057728225778577,0.012875417056427776,0.9993225954489002
1740164231.9224591,1740164231.9108095,1,3,0.00045176777176987663,-0.01820864827539459,-0.02324949984191779,-0.014763244407762895,-0.02103496282983495,0.009370452209558731,0.9996258157824319
1740164231.940107,1740164231.9274378,1,3,0.0013165741705609346,-0.015933450953098904,-0.020373234959828356,-0.013322113277516718,-0.011817052005409336,0.005969555641865042,0.9998236059351475
1740164231.9563723,1740164231.944277,1,3,0.0020777716489039665,-0.013677088346308201,-0.017533305526210075,-0.011779254134928497,-0.0035903996373897688,0.002910467240155231,0.9999199404866934
1740164231.971657,1740164231.9606974,1,3,0.0027688666147988126,-0.011671396950062144,-0.015012587604861715,-0.010476017303280441,0.004073969131376619,-0.00012057412056422758,0.9999368186534884
1740164231.9898689,1740164231.977471,1,3,0.0033174338264065017,-0.009578006717712672,-0.012392583796115731,-0.009105491540568108,0.01025407559209726,-0.002459602523059644,0.999902942446408
1740164232.00879,1740164231.994727,1,3,0.0037425911522274424,-0.007523335862228095,-0.009833233917101707,-0.007803769394890571,0.01582523997513212,-0.004703292977372958,0.9998332570974672
1740164232.0230608,1740164232.0106628,1,3,0.004075103979990119,-0.005792084164020205,-0.007673870867303133,-0.006777139911420671,0.020461897898078583,-0.006533013020663189,0.999746318247735
1740164232.043814,1740164232.0279286,1,3,0.004209962007153937,-0.0036228515074889435,-0.004962288195939798,-0.0052744234669515454,0.02379440057525873,-0.007999987166753493,0.9996709494447097
1740164232.056383,1740164232.0441494,1,3,0.004218265160346827,-0.0016105703840184555,-0.002453069780409585,-0.003979944797707602,0.02659772261468762,-0.009255703185712097,0.9995954447423505
1740164232.072305,1740164232.0606837,1,3,0.004138946484024754,-5.1119207504616296e-05,-0.000511143832653112,-0.003087226369473029,0.028326704618275876,-0.010303218307665922,0.9995408498562314
1740164232.0900364,1740164232.0778184,1,3,0.004097323673062994,0.00025444531092522985,-0.00012991622044768717,-0.002859978409241379,0.02924984261770392,-0.011146550911226301,0.999505888743594
1740164232.1064012,1740164232.0943727,1,3,0.00408266659528263,-0.0006952115201597505,-0.0013098531939801168,-0.003448197041165782,0.029057037043102966,-0.011557208359559958,0.9995049922188356
1740164232.1233022,1740164232.1110632,1,3,0.003942705404718546,-0.0018439153387778255,-0.002736037658379167,-0.004140711848424269,0.028005642789002097,-0.011631764345918049,0.9995315105265887
1740164232.1397288,1740164232.1278663,1,3,0.003738283392696815,-0.0035420306294572856,-0.004856724958530502,-0.005365489992485468,0.026120742485877542,-0.011448523732546659,0.9995788361272323
1740164232.1560159,1740164232.1444123,1,3,0.00342094003710428,-0.005451967481627628,-0.007230995656166083,-0.006426864698770785,0.022871738123594217,-0.010792440793183297,0.9996594931410769
1740164232.1729174,1740164232.1612444,1,3,0.002956073587563393,-0.007314618844062497,-0.009555273693727965,-0.0076234416302878635,0.01870050967398349,-0.009837309944385184,0.9997476688688507
1740164232.1907046,1740164232.177802,1,3,0.002395867016304712,-0.00939491652139307,-0.012159133221706097,-0.008945961717399276,0.013739982184345429,-0.008633949839226865,0.9998283040445987
1740164232.2068932,1740164232.1944208,1,3,0.0017560481901858916,-0.011773913890499485,-0.015142078789442664,-0.010482668819189014,0.007496958704689645,-0.006751099163006624,0.9998941603613348
1740164232.2250535,1740164232.2114053,1,3,0.0009993735805780923,-0.014087433329380982,-0.018051507467608807,-0.011924339363028483,0.00014792478391371835,-0.004270732991646152,0.9999197713260438
1740164232.2411263,1740164232.2278118,1,3,0.00015107804855510218,-0.016507280375091804,-0.021098339010590682,-0.013474426776005754,-0.007689034978347051,-0.001968650376710737,0.9998777140129957
1740164232.2578743,1740164232.244419,1,3,-0.00075467075594496,-0.019149029651333686,-0.024437292580753337,-0.014902841178821315,-0.01658435149518852,0.0010387277447974571,0.9997508617925543
1740164232.273663,1740164232.2610314,1,3,-0.0017756233417816406,-0.021515774790656483,-0.02745277945305771,-0.016358138895164652,-0.02613142461252593,0.004198574310461951,0.9995158487554692
1740164232.2890487,1740164232.2778037,1,3,-0.0028272378043122186,-0.024088557863341156,-0.030735571653413566,-0.0178931686483312,-0.0360594124788144,0.007372785569950207,0.9991622467449142
1740164232.3048728,1740164232.2948785,1,3,-0.003935307341950376,-0.026569363557665506,-0.03391934809890142,-0.019257048980824948,-0.047086591267819944,0.011332276808332513,0.9986408756353139
1740164232.3258443,1740164232.3112931,1,3,-0.005061833374641537,-0.029106592780525416,-0.03718479083930807,-0.020770542853126798,-0.05793119917982293,0.015068821730621297,0.997990727072564
1740164232.339073,1740164232.327855,1,3,-0.006236716286532466,-0.03133507661163043,-0.04008430931583351,-0.02200451114763965,-0.06875128419322775,0.018733171402301484,0.997215187760469
1740164232.3556895,1740164232.3446994,1,3,-0.007412083893634438,-0.03343848288232007,-0.0428395174290015,-0.02315518988035602,-0.07951492351040264,0.02254719313609995,0.9963096096105983
1740164232.3722067,1740164232.3610053,1,3,-0.00861770866347351,-0.035182350179699264,-0.04515251456470576,-0.023913931395718187,-0.09032683574788378,0.026480451950143875,0.9952728129982713
1740164232.3901296,1740164232.3781712,1,3,-0.009750181076043564,-0.03710107065499689,-0.047689828835423005,-0.024798968667057733,-0.10047275165707409,0.030144085606249666,0.9941738134906135
1740164232.7754586,1740164232.7617648,1,3,-0.01044429178463142,-0.030703209042941163,-0.03971187472920645,-0.021666997122241773,-0.11430702812429643,0.042451237456942556,0.9923015353185091
1740164232.789773,1740164232.7784164,1,3,-0.009209600498108915,-0.029627134746538112,-0.03823206323540896,-0.021237505127126778,-0.10438391972718795,0.038972854220600275,0.9935462154888735
1740164232.8048317,1740164232.79511,1,3,-0.007908126789951977,-0.02872620360468943,-0.03697502015954893,-0.020884505899693193,-0.09433921391531026,0.035590684628184016,0.9946844993759902
1740164232.8218796,1740164232.8118606,1,3,-0.00658066361917205,-0.02776183530259479,-0.03564329945227521,-0.020499012081487147,-0.08379190585683767,0.03194505413875456,0.9957601219835196
1740164232.8390043,1740164232.8283455,1,3,-0.005308671246654803,-0.026316005032444453,-0.033725545318698334,-0.01973605174111191,-0.07298724842259546,0.028200036704787167,0.9967387359580339
1740164232.855051,1740164232.8450751,1,3,-0.0040051417822592325,-0.025070443981561077,-0.03207263879376929,-0.01902858454275652,-0.06234620130232528,0.02441342678914415,0.9975744828061112
1740164232.874016,1740164232.8618677,1,3,-0.002776488487547927,-0.023498766729784567,-0.030025862432781797,-0.018037823938880756,-0.05126936588450035,0.020362390662712747,0.9983143102629803
1740164232.8894963,1740164232.8782365,1,3,-0.0016039314093615135,-0.021783604005734473,-0.02781101460599995,-0.01703166886980397,-0.04039689864675252,0.016433137621761545,0.9989033811250905
1740164232.9062395,1740164232.8952541,1,3,-0.0005147934392532173,-0.019917312638299215,-0.025416177357828133,-0.01580137956838334,-0.029965819792715415,0.01261377677235258,0.9993464157555295
1740164232.9230359,1740164232.911829,1,3,0.0004903050902104469,-0.018031290760594443,-0.023016888706030532,-0.014599278976743346,-0.02036323182506071,0.009158342523451457,0.999644098969839
1740164232.9399111,1740164232.9284449,1,3,0.0013494492844206981,-0.015751765825125504,-0.02013929848051806,-0.013180972822839386,-0.011113021443228134,0.0055646512939081915,0.9998358852160805
1740164232.9563863,1740164232.9450758,1,3,0.002147082998877719,-0.01378572170860928,-0.017670139560015733,-0.011858147928619623,-0.003259438038057702,0.0027699595733648437,0.9999205407007803
1740164232.9731383,1740164232.961613,1,3,0.0028333931372042866,-0.011812408488185495,-0.015191874688158271,-0.010626746019470798,0.004182414990745766,-0.00012599280172752463,0.9999347797730095
1740164232.9902673,1740164232.9785428,1,3,0.0033356908683193896,-0.00948308626574997,-0.01227330516787988,-0.009005790857727493,0.010596811973825056,-0.0025658232166111327,0.9999000049296127
1740164233.0064056,1740164232.9954767,1,3,0.003760165025043452,-0.007480326798196365,-0.00977658796804275,-0.00782998739723322,0.015951929078015296,-0.004703392686948274,0.99983103840263
1740164233.023416,1740164233.0118127,1,3,0.004015864280104591,-0.005200728628262569,-0.006925149886819788,-0.0062674683500869265,0.020645779744999492,-0.006728504032632452,0.9997445663031554
1740164233.0395901,1740164233.0287154,1,3,0.004178061492032611,-0.003304333351513897,-0.004563196066951675,-0.004964435831104523,0.024332095984127784,-0.008410571112684244,0.9996562237966893
1740164233.0574305,1740164233.0452,1,3,0.004199219356691553,-0.0014606189926191023,-0.0022694943058558744,-0.003924519014697534,0.02672916042580807,-0.009458397210368888,0.9995902604845874
1740164233.0729365,1740164233.062122,1,3,0.004135932732305642,-5.939578094277153e-05,-0.0005223619603311458,-0.0031035072420411126,0.028245182438825036,-0.010299779713147945,0.9995431418651507
1740164233.0894969,1740164233.0784526,1,3,0.004095882164907994,0.00017172445525153056,-0.00023074309829797094,-0.0029522679111276804,0.029076131046199372,-0.011036344582197521,0.999511911792865
1740164233.1071634,1740164233.0950444,1,3,0.0040822134567110435,-0.0008703753266426045,-0.0015199940253838834,-0.0035084058394496504,0.02898119455271309,-0.011510518284101379,0.9995075234432179
1740164233.1233232,1740164233.1120832,1,3,0.00395241133567011,-0.0021630627305977497,-0.0031277410295824748,-0.004283735969788363,0.027844371150954523,-0.011549611673960245,0.9995363660575486
1740164233.138781,1740164233.1284523,1,3,0.003710740292865854,-0.003679751669949823,-0.005025700850328307,-0.005439755235924713,0.02571637112600444,-0.011380824884813096,0.9995896928960523
1740164233.1567428,1740164233.1451755,1,3,0.0033788735224316675,-0.005547156655399724,-0.007352039154760326,-0.006556729467893449,0.022316537305822448,-0.010606572279459032,0.9996731876397623
1740164233.1735098,1740164233.1619174,1,3,0.0028855389213223834,-0.007244538970383813,-0.00947148736872883,-0.007581452210363825,0.01839138986158556,-0.009779178927299036,0.9997542928244164
1740164233.190734,1740164233.1784844,1,3,0.002356530932778209,-0.009582841215511036,-0.012390565579528633,-0.009077576026228855,0.013135201760282829,-0.008251690291547351,0.9998384738024123
1740164233.2060823,1740164233.1954095,1,3,0.001703724693778828,-0.011887410193839529,-0.015281510821141148,-0.010526821922031249,0.006969834116912496,-0.006531378621180679,0.9998989691593403
1740164233.2235227,1740164233.211842,1,3,0.0009215654247710818,-0.014061803613847252,-0.018019525303893193,-0.01186059394678132,-0.0002334089586279646,-0.004310901381066584,0.9999203408075916
1740164233.2403603,1740164233.2287815,1,3,8.016387797537022e-05,-0.01653472700308153,-0.021134867262785764,-0.013333159383940451,-0.008234529714119808,-0.0017478557852302018,0.9998756744622722
1740164233.2571676,1740164233.2454958,1,3,-0.0008312825979895996,-0.019149377706321025,-0.024443489575647827,-0.014924430326712685,-0.016953144018671658,0.0010969772062436596,0.9997442917708078
1740164233.273157,1740164233.2620676,1,3,-0.0018173474601720968,-0.021779471732042515,-0.027783944845707554,-0.01657708974058967,-0.026367054760276346,0.004151733633322782,0.9995062489183542
1740164233.2902207,1740164233.2789083,1,3,-0.0028952730637966397,-0.024207719775281595,-0.0308852014480352,-0.01791076380325106,-0.03676344580021391,0.007596092095629562,0.9991346020320554
1740164233.3054392,1740164233.295452,1,3,-0.003990928015681146,-0.026799435200791432,-0.034208504842109556,-0.019381593636322213,-0.047390365639455506,0.011262636521214732,0.9986248845744163
1740164233.3233182,1740164233.3121538,1,3,-0.005128188137695527,-0.029260574814703483,-0.0373823797751861,-0.020778219454419326,-0.05849570547396599,0.015250790713939498,0.9979548744407267
1740164233.341012,1740164233.3291905,1,3,-0.006295100659776371,-0.031554398639045966,-0.04036709298899103,-0.022115280176413288,-0.06956226966060192,0.019148952236454846,0.9971485960731382
1740164233.355902,1740164233.3455546,1,3,-0.007471011510426432,-0.033654903005453894,-0.043115515177418164,-0.023271069974265802,-0.08017333463516049,0.02287574766389085,0.9962466531359337
1740164233.375732,1740164233.3625088,1,3,-0.00869144878847122,-0.035249239339754324,-0.045237907918856776,-0.023883966522879767,-0.09134004327428911,0.02689411647214382,0.9951699649491879
1740164233.390258,1740164233.3787725,1,3,-0.009819189491578692,-0.03715116713443261,-0.04775735332408909,-0.024799316861042003,-0.10134057730740492,0.03053100699546641,0.9940739101727146
1740164233.779354,1740164233.7628908,1,3,-0.010374293653983553,-0.03069465981958316,-0.039696959693548736,-0.021654628169670176,-0.11385833454966085,0.042380801787345435,0.9923563998746985
1740164233.79091,1740164233.779381,1,3,-0.00912917320264384,-0.029664039746890664,-0.038270455378530605,-0.02122457223349898,-0.10405668024123692,0.03890262265314689,0.9935835701043897
1740164233.806386,1740164233.7963016,1,3,-0.007836868500014128,-0.02865978540243061,-0.0368876255335408,-0.020847035829539586,-0.09406571945517081,0.035631787136294314,0.9947097150756982
1740164233.8225327,1740164233.8125603,1,3,-0.0065406072968773234,-0.027466228177233414,-0.03527265504070146,-0.020334490597491213,-0.08363063221467282,0.0320836460599918,0.9957725972846471
1740164233.840844,1740164233.8291872,1,3,-0.005204363643575614,-0.026443424997171713,-0.033883608533731686,-0.01989325582661473,-0.07245974016899025,0.028028184718851986,0.9967789450468069
1740164233.8575947,1740164233.8460338,1,3,-0.003934735243910342,-0.02502756575150762,-0.03201796669878481,-0.018988450456472825,-0.06162980741228512,0.02417754312199704,0.9976255068893191
1740164233.8739889,1740164233.862709,1,3,-0.00273490387862201,-0.02320317426177464,-0.029652238679174544,-0.01781155167024623,-0.05059238582605948,0.020249519660120945,0.9983552053638323
1740164233.890898,1740164233.879398,1,3,-0.0015290566028642015,-0.02177724521757448,-0.027796550922147206,-0.016969878151881956,-0.0396545030787713,0.016143755881740444,0.9989388984152718
1740164233.9075909,1740164233.896252,1,3,-0.0004423431795729748,-0.01994374746242602,-0.02544810078331685,-0.01578214893517954,-0.029500216556995886,0.012527298758264381,0.9993616601530695
1740164233.9232721,1740164233.9127262,1,3,0.0005510850934524373,-0.017973566538781592,-0.022947467590984472,-0.014549070614395181,-0.020137158749787783,0.009192405089712358,0.9996490979690873
1740164233.9410276,1740164233.9294128,1,3,0.001408870691854742,-0.01572770599042338,-0.020115411202018693,-0.013100144528520732,-0.010862219417123892,0.005664588722695403,0.9998391424810638
1740164233.9573321,1740164233.9461062,1,3,0.00221365549884667,-0.013845802562501256,-0.017744438988912984,-0.01194883026069637,-0.0027817914150887447,0.0025759240285775455,0.9999214227664707
1740164233.9741676,1740164233.9628239,1,3,0.0028340008589041194,-0.011479891284796286,-0.01477519632272347,-0.010376425703815277,0.004562917101287049,-0.00029682377235333226,0.9999357086697065
1740164233.9913907,1740164233.979648,1,3,0.0033562885399732174,-0.009312598880644148,-0.012062829461085887,-0.008885937147188968,0.010950099524993864,-0.0027475479172840273,0.9998967878845552
1740164234.007301,1740164233.996563,1,3,0.0037313032806769965,-0.006977794530914575,-0.009152243753889702,-0.007450711494860506,0.01625109081681817,-0.004809318108227094,0.9998286150160025
1740164234.0245543,1740164234.0127487,1,3,0.00405605434321771,-0.005290773024577747,-0.007044994228669947,-0.006401314674337745,0.020941362584587363,-0.00692443052389123,0.9997362325961087
1740164234.0414686,1740164234.0295203,1,3,0.004239445919093218,-0.003629139664659701,-0.004969221639587808,-0.005254222795829516,0.02429079504002102,-0.008240856099311609,0.9996571605855109
1740164234.0578249,1740164234.0461106,1,3,0.004186504386070928,-0.001302760920386309,-0.0020717741379990824,-0.0038651607742737583,0.026748587812478908,-0.009434732730596964,0.999590195730495
1740164234.0746236,1740164234.062923,1,3,0.004126969698361389,1.2423163334104772e-05,-0.0004330132804635284,-0.003069623050128169,0.02833615425467922,-0.010305386335781578,0.9995406138766225
1740164234.0910883,1740164234.079509,1,3,0.00408140963664204,0.0002108934972881762,-0.00018294045753116127,-0.0029095837685616235,0.02920825183874072,-0.011162774126559683,0.9995067807777084
1740164234.107581,1740164234.0961752,1,3,0.004045537400060007,-0.0007216632640624065,-0.001340642155500564,-0.0034896105173780473,0.02893896378824929,-0.011580744616203906,0.9995080016425248
1740164234.1282814,1740164234.1130095,1,3,0.003931293919927013,-0.0021552283491296184,-0.003122863125071083,-0.004294864866190689,0.027920045379867187,-0.011715810322586647,0.9995322731109048
1740164234.1410103,1740164234.1296382,1,3,0.003675697975297606,-0.0036295725791559244,-0.004965597336222178,-0.005420699290495422,0.025756059652199757,-0.011501556141196162,0.9995873926859649
1740164234.1571853,1740164234.1461492,1,3,0.0033497232625582787,-0.005584000981357439,-0.007396803819929925,-0.006580191060498757,0.022422221818862262,-0.010773303073154467,0.9996688856792568
1740164234.1742039,1740164234.163008,1,3,0.0028859940471736103,-0.007537831630600323,-0.009833887376467997,-0.007753586943608844,0.018189677529810776,-0.009724165858043159,0.9997571995835962
1740164234.1908,1740164234.1794715,1,3,0.0023212785260167857,-0.009679756181617533,-0.012516387457392326,-0.009138543166779917,0.013164907020472922,-0.008438840883684729,0.9998359656546023
1740164234.2078903,1740164234.1966343,1,3,0.0016489635761052044,-0.011879617555468442,-0.015278173854484225,-0.010533673786157069,0.006799617127290879,-0.0065514197019599435,0.9998999379054775
1740164234.22429,1740164234.2129986,1,3,0.0008977182979958911,-0.014318115468032624,-0.018342112687691297,-0.01210068821076328,-0.00024495254509794063,-0.004415169831070042,0.9999170063652479
1740164234.2409656,1740164234.2295916,1,3,7.267386057742864e-05,-0.01696603280652881,-0.021676936240736838,-0.013641448205628178,-0.00843683373369058,-0.0018103741531136663,0.9998697181497342
1740164234.2581851,1740164234.2464328,1,3,-0.0008849562687230781,-0.01932470858620369,-0.0246623066563317,-0.015016417262571533,-0.017361995911535935,0.0010886557007263055,0.9997359066970284
1740164234.2741876,1740164234.2629974,1,3,-0.0018590993226921065,-0.022071199148881292,-0.02815230519448573,-0.01666847777890088,-0.026906128152926225,0.004244909070908395,0.999489971367063
1740164234.2909803,1740164234.2799695,1,3,-0.00293620590699845,-0.02448815358956293,-0.031241761955698704,-0.018038653062291778,-0.037028464422435854,0.007591848571027367,0.9991225468647424
1740164234.3071938,1740164234.2963672,1,3,-0.00407375934612099,-0.026802373048840745,-0.03422370744465937,-0.0195291162502455,-0.04800493400315228,0.011466265717686757,0.9985903387677696
1740164234.324844,1740164234.313156,1,3,-0.005199377290829455,-0.029335406442922915,-0.03749097712083724,-0.020913153955850396,-0.05888064201014539,0.015270915878366173,0.9979291102660187
1740164234.3402805,1740164234.330023,1,3,-0.006340214551756616,-0.03182700477276775,-0.04071589654460608,-0.022215744413370306,-0.06985356672996676,0.019090445550338474,0.9971271206841941
1740164234.3572235,1740164234.3464506,1,3,-0.00752273505797686,-0.03385315964620524,-0.043372460284959974,-0.02335282986184864,-0.08054334201351919,0.022850083247468417,0.996215483261689
1740164234.3738277,1740164234.3633103,1,3,-0.008707109365650226,-0.03570753235578472,-0.04581979530983011,-0.024169119463248952,-0.09120452192624683,0.02658525425531798,0.995183808701064
1740164234.3915265,1740164234.379849,1,3,-0.009845848191076978,-0.03749783195303899,-0.048205915057349856,-0.02497914947424491,-0.1016340858989001,0.03051832343969421,0.9940398315004628
1740164234.7758086,1740164234.763523,1,3,-0.010279387312634674,-0.030742137660471222,-0.03975069950039906,-0.021693973040618965,-0.11332108591926791,0.0422332579346559,0.9924233244659335
1740164234.791169,1740164234.7801743,1,3,-0.009074366685491235,-0.02938891980510652,-0.03792501391396942,-0.021160593476150215,-0.1039571406998993,0.03922779600712146,0.9935825693930335
1740164234.8116581,1740164234.7973254,1,3,-0.007751557478903933,-0.028588062958297016,-0.03678865215726886,-0.020762506969154836,-0.09357394898743822,0.035620113478334006,0.9947582831477417
1740164234.8242834,1740164234.8137279,1,3,-0.006435185138454931,-0.027545823129032337,-0.035362548001286215,-0.020329646913895535,-0.08299408045042107,0.03200037745065745,0.9958286317984439
1740164234.8402464,1740164234.8302734,1,3,-0.005147583382040786,-0.026154054740390415,-0.03351201399152574,-0.01959567463422278,-0.07209333298655773,0.02817560269111597,0.9968072513216943
1740164234.8583496,1740164234.846916,1,3,-0.0038665648354927504,-0.024819320049693564,-0.03175227221398138,-0.018705406824146554,-0.061000359751524014,0.024028724681669635,0.9976731349775337
1740164234.878612,1740164234.8634775,1,3,-0.002615800927480444,-0.023414717145289653,-0.029916081734659018,-0.017778064879161375,-0.050025731317514144,0.02012831495480991,0.9983868075813002
1740164234.8962371,1740164234.8805752,1,3,-0.0014613694876827125,-0.021632757197545024,-0.027619962854509576,-0.016868028057446183,-0.03942777372859893,0.01627362554155131,0.9989474908122014
1740164234.9118803,1740164234.8969793,1,3,-0.00036937882726055716,-0.01986983006952431,-0.0253579230690142,-0.015777625306418068,-0.02943119790086883,0.01274732672224185,0.9993609842250429
1740164234.9249272,1740164234.913582,1,3,0.000584481319291163,-0.017661568233983477,-0.02255893481746357,-0.014295704609530866,-0.01932901502680082,0.008996836093587141,0.9996704851840509
1740164234.9410636,1740164234.930469,1,3,0.0014874514086152685,-0.015767589966826832,-0.020165948068741255,-0.013051610112320916,-0.010479108369400464,0.005673845827763744,0.9998438134202666
1740164234.9606936,1740164234.9468985,1,3,0.0022706508456446445,-0.013779467274517211,-0.01766476674720609,-0.011783363541888746,-0.002572396505501321,0.0026146245977352153,0.99992384652936
1740164234.974942,1740164234.964001,1,3,0.0028563426704921275,-0.011270928458633155,-0.014520366079609003,-0.010219741674336794,0.004482900519171224,-4.571392431471255e-05,0.9999377272576938
1740164234.9924004,1740164234.9803922,1,3,0.00344064037646659,-0.009537440085986958,-0.012345414994734513,-0.009056839443228739,0.010904341048474982,-0.0025682075517297273,0.9998962312738104
1740164235.0084078,1740164234.997213,1,3,0.0037490448412716387,-0.006845314526215662,-0.00898886754556346,-0.0073794951778925885,0.016794369232503804,-0.005095658005517163,0.9998187468148878
1740164235.0251522,1740164235.0139847,1,3,0.004072786607529608,-0.005185689219263794,-0.006915864447367536,-0.006340396864368634,0.02103231491685236,-0.006802229508273365,0.9997355504184882
1740164235.041842,1740164235.0304053,1,3,0.004203243573472839,-0.0031665463848164106,-0.004398780101425871,-0.005112667855010658,0.024301039999068363,-0.00815648344878687,0.9996583375634486
1740164235.0586772,1740164235.0470498,1,3,0.0041988048578072866,-0.001268221857502215,-0.002033659482665883,-0.003828744466980321,0.027079877125953836,-0.00963082030105937,0.9995795457445988
1740164235.074742,1740164235.063789,1,3,0.004113753915532644,0.00016204495424742521,-0.00025160708166796367,-0.0029691972736768115,0.02838196363043655,-0.010427267362011937,0.9995383534929472
1740164235.0918727,1740164235.0803757,1,3,0.004078049096632233,0.0002618970862187636,-0.0001236639345448962,-0.0029340039699995214,0.029384347774606603,-0.011312535191720053,0.9994998640690759
1740164235.1085103,1740164235.0972948,1,3,0.004050170080473153,-0.0007940120760018697,-0.0014337290564342628,-0.0035576523718248115,0.029004142748429714,-0.011719877582996913,0.999504250757579
1740164235.1255815,1740164235.1137848,1,3,0.003925160804575091,-0.0022144897896387624,-0.0031969840207915737,-0.0043782809000995565,0.0278429035174544,-0.01174772370688609,0.9995336884606663
1740164235.14176,1740164235.130512,1,3,0.003684863283158747,-0.0038159403448819774,-0.005197304754622435,-0.0053708408273775215,0.025744706684025172,-0.011535752244816535,0.9995875602300714
1740164235.15942,1740164235.1474724,1,3,0.0033252785984667064,-0.00561832984788012,-0.007446894948134516,-0.0065690921535008434,0.022533065118079898,-0.010920364053697045,0.9996648706709653
1740164235.1751971,1740164235.164035,1,3,0.0028641969912880463,-0.007627066295974925,-0.009951144973979467,-0.007878066262044809,0.01832808181689727,-0.009992817166713054,0.9997510495588172
1740164235.1924994,1740164235.1808593,1,3,0.0023008283084756005,-0.009834330751337054,-0.01271274510544757,-0.009219781958293732,0.013069713818970891,-0.008471910021063307,0.9998361890539504
1740164235.2089407,1740164235.1974432,1,3,0.0016378523949753276,-0.01216331202132562,-0.015630359774952654,-0.010649956598267455,0.006985159709663167,-0.0068410402899495015,0.9998954876065982
1740164235.225796,1740164235.2140768,1,3,0.0008892968724642471,-0.014651972586469312,-0.01875990445977548,-0.01221634787744731,-0.0003862070739413584,-0.004574908609286107,0.9999148373235842
1740164235.241143,1740164235.2309127,1,3,1.2666550037201111e-05,-0.016973821751798783,-0.021694006875112918,-0.013684356661110966,-0.008202772293138691,-0.0020953507894287586,0.9998705228251045
1740164235.2588701,1740164235.2472396,1,3,-0.000906680590791455,-0.019609193160187145,-0.02502938584911116,-0.015271408442182733,-0.01725201406565314,0.0007421293807834067,0.9997342653619775
1740164235.2760808,1740164235.2641294,1,3,-0.0019146550547434222,-0.022143986513347397,-0.028250714875785142,-0.016663964599773137,-0.026666633554628772,0.0038338061195672484,0.9994981264961521
1740164235.2918317,1740164235.2807157,1,3,-0.002975158937308807,-0.02471244541964552,-0.03152643721285765,-0.01827796068590568,-0.03709012730764208,0.007333833944315578,0.999117837639357
1740164235.3088005,1740164235.2972763,1,3,-0.004092532218394127,-0.02717132448275771,-0.03468648182021859,-0.019624616244681183,-0.04792532258955646,0.011204178602496393,0.9985952654973782
1740164235.325067,1740164235.3142905,1,3,-0.0052195806260649565,-0.02971394935213878,-0.03796660769142863,-0.021093023634232447,-0.05894085276472816,0.015002938171823618,0.9979258349574606
1740164235.340767,1740164235.330646,1,3,-0.006361470602400381,-0.03215071725355325,-0.04113209378540649,-0.02241973947292228,-0.06946617716333685,0.018607866595306163,0.9971587400274088
1740164235.3588696,1740164235.347528,1,3,-0.007558690814301261,-0.03409952700330841,-0.043690153013885645,-0.023493453053034224,-0.08076415587358765,0.02273746249727233,0.9961968764199458
1740164235.3744483,1740164235.3644147,1,3,-0.008749195267162556,-0.03589478242152227,-0.046066613290965286,-0.024235739850400236,-0.0914205066662121,0.0264350796477768,0.9951663712358917
1740164235.3913574,1740164235.3809488,1,3,-0.009894772434161212,-0.037637838972655914,-0.04838530360346858,-0.025054315081672288,-0.10174498427877893,0.03040083553987337,0.9940301950486097
1740164235.7785344,1740164235.764542,1,3,-0.010247152195324336,-0.03047283672226022,-0.0393968878883997,-0.02157120938586358,-0.11350169610969645,0.04265244364393458,0.9923874328895214
1740164235.7968729,1740164235.7812972,1,3,-0.008991536425676778,-0.029500985984678815,-0.038046998108181546,-0.021224018534463925,-0.10413121273969357,0.039610906115682604,0.9935477883259084
1740164235.809172,1740164235.7980886,1,3,-0.007710318040539053,-0.02833004938958672,-0.03645763498763533,-0.020701238346245196,-0.09371700192975513,0.03598596469941064,0.9947329252743587
1740164235.8264818,1740164235.8145704,1,3,-0.006394999498447358,-0.027293838429668253,-0.035043853869203154,-0.020309126756310577,-0.08317681324321329,0.03230983382880729,0.9958038118761419
1740164235.8417366,1740164235.8313506,1,3,-0.005071466760766409,-0.02619853629270288,-0.03356275818836548,-0.019775301644426074,-0.07225587942338345,0.02836977236299307,0.9967864271496163
1740164235.8583376,1740164235.8479714,1,3,-0.0037790498224104826,-0.02488539433650985,-0.03182171565373825,-0.018955493301509557,-0.06141598861461713,0.024581152161396832,0.9976294565491759
1740164235.8755093,1740164235.8645067,1,3,-0.0025700409522007163,-0.02322349341090967,-0.029662580172416866,-0.017828306403914963,-0.05021211053114089,0.020440419166753338,0.9983702142547443
1740164235.8924222,1740164235.8816452,1,3,-0.0013589148229343157,-0.021841228718260473,-0.02786700447285223,-0.017048336816442047,-0.03954693330339847,0.016600606832589848,0.9989343392490216
1740164235.9095657,1740164235.8982034,1,3,-0.00027521436926449325,-0.02003140353568971,-0.025555590737749947,-0.015908404651268613,-0.02919291781655263,0.01275964125509496,0.9993657427417896
1740164235.9265387,1740164235.9149652,1,3,0.0006873988513587964,-0.0179380384206477,-0.022902119490152285,-0.014596660000348231,-0.01944885550087312,0.009225398631081627,0.9996617285645369
1740164235.942706,1740164235.9315507,1,3,0.001556560967062403,-0.01583936909424652,-0.020247260838255773,-0.013170981921401146,-0.010507351088823471,0.005774358629031173,0.9998413762146201
1740164235.9637048,1740164235.948131,1,3,0.0022881235729901,-0.013523192265333526,-0.017337742288322848,-0.011703970451325579,-0.0025965616867875737,0.0028303763761304613,0.9999241290781269
1740164235.9792793,1740164235.9651043,1,3,0.0028969510196303117,-0.011197876309237359,-0.014418731316377484,-0.010099324829442199,0.004674084947869019,5.105612822720099e-05,0.9999380750632317
1740164235.9964247,1740164235.9813688,1,3,0.0034681631814750657,-0.009420925135453923,-0.012194622513852588,-0.008908401715100997,0.011158234735719837,-0.0025944370661152164,0.9998946959919205
1740164236.009675,1740164235.9981894,1,3,0.0038233704810977927,-0.007095252079445562,-0.009300753310105742,-0.00760489943107105,0.016596260642381844,-0.004902807866365654,0.9998213300947119
1740164236.0264845,1740164236.015018,1,3,0.0041055395405439924,-0.005201915927206826,-0.006935864574787049,-0.006405913641408475,0.021071511424273187,-0.006817996212871571,0.9997341999773524
1740164236.0431428,1740164236.0316038,1,3,0.004230809520983678,-0.003203370991919085,-0.00443683389468008,-0.0049386371128169425,0.024489602620653465,-0.008282754429765782,0.9996535725970306
1740164236.060217,1740164236.04841,1,3,0.004218378364941612,-0.0012979993304701274,-0.00205888494660344,-0.003773054112150356,0.027040330484048004,-0.009584214231524998,0.9995812760488986
1740164236.0760555,1740164236.0649798,1,3,0.004143532378657617,2.818651500793146e-06,-0.0004397721277883114,-0.0029827287297040867,0.02849225716150036,-0.0104723743479574,0.9995347037430387
1740164236.0929618,1740164236.081475,1,3,0.004091585292372386,0.00012994057225954237,-0.0002828106445645688,-0.002929154095596812,0.029342115596395737,-0.011270091023975156,0.9995015984764223
1740164236.1138856,1740164236.0982625,1,3,0.004052982288344622,-0.0008943784782229523,-0.0015563903993315027,-0.0035401983326040607,0.029168430879812884,-0.01182000767166526,0.999498352702203
1740164236.1256607,1740164236.1148398,1,3,0.003932678275267201,-0.002403626996467378,-0.003431605181289608,-0.004488532744105056,0.027971631396681615,-0.01192085174794496,0.9995275555003057
1740164236.143486,1740164236.1318986,1,3,0.003658358674030432,-0.003845090302174559,-0.0052297929534355055,-0.005510935348654989,0.025769933378641932,-0.011659234460857839,0.9995847149576818
1740164236.1601174,1740164236.1483488,1,3,0.0032865502583297322,-0.00560304298497357,-0.007419675311826986,-0.006584176270586906,0.02255875221358773,-0.01109220341769505,0.9996623001517784
1740164236.1757755,1740164236.1649554,1,3,0.0028282906309071215,-0.007689999115583737,-0.01002546383445875,-0.007811714766479264,0.018380317615368968,-0.010171564051915221,0.9997488086121948
1740164236.1937966,1740164236.1816347,1,3,0.002247832490302467,-0.009820985093202816,-0.012693506578281012,-0.009197695651024443,0.013319434244613036,-0.008914896340959566,0.9998292452660827
1740164236.2095456,1740164236.198266,1,3,0.0015421091099434494,-0.011922741958982814,-0.015332893478684497,-0.010609304451850482,0.007031028207093919,-0.007118180482514723,0.9998936637503096
1740164236.2261178,1740164236.2151146,1,3,0.0008110282365218624,-0.014565392935248696,-0.018649669132554336,-0.012234555891674792,-0.00018025541569920546,-0.005006289488753503,0.9999126062890062
1740164236.2430737,1740164236.2315996,1,3,-1.254203998307845e-05,-0.017315148522175687,-0.022110452042989358,-0.013804159195270557,-0.008241888285736106,-0.00242173952342451,0.9998678170858775
1740164236.2595692,1740164236.248279,1,3,-0.0009968793094626317,-0.019536172413901768,-0.02493329568114589,-0.015092352222210123,-0.0171132207724137,0.0003567674302976236,0.9997395817392628
1740164236.27636,1740164236.2652743,1,3,-0.0019729114433021436,-0.022325480266332867,-0.02847737734831039,-0.016824892338843368,-0.02657482924317085,0.0034854719854976995,0.9994991510419211
1740164236.292418,1740164236.2816641,1,3,-0.00302516315395907,-0.024945327305978964,-0.0318218949649938,-0.0183201560539948,-0.03706752897797906,0.006954262675890766,0.9991206175473804
1740164236.310909,1740164236.2986917,1,3,-0.00413390146453565,-0.027498358351001746,-0.03509854663993842,-0.019757787027792458,-0.047822683654561986,0.010740300527827935,0.998602657078586
1740164236.3267038,1740164236.315144,1,3,-0.005251176195148038,-0.030064975416586558,-0.038406033884089794,-0.021278198609372072,-0.05843970869045263,0.01436834256506747,0.9979607153811456
1740164236.3425424,1740164236.331702,1,3,-0.006385337374307297,-0.03260515876016287,-0.04169617721844499,-0.022579492117789864,-0.06953858296112245,0.018342720531339417,0.9971550013006859
1740164236.359106,1740164236.348836,1,3,-0.007583265012546227,-0.03456389319024887,-0.04427419831040186,-0.023732632472781404,-0.08041453743364886,0.022135649972945325,0.996233043682812
1740164236.3766854,1740164236.3654385,1,3,-0.00876944643718111,-0.036359008621591436,-0.04665180694587903,-0.024538483997209714,-0.0915948781310572,0.026324106470339826,0.995145859922963
1740164236.3926075,1740164236.3818696,1,3,-0.00991032423248844,-0.03811552901192315,-0.04899328886439722,-0.025320310675627032,-0.10161218916678105,0.02993501192646963,0.9940511757153081
1740164236.7791104,1740164236.7656941,1,3,-0.010197919816262396,-0.030183585575829116,-0.039032371048896085,-0.02142980071431307,-0.11358143145102316,0.043011831042493204,0.992365862200657
1740164236.7947524,1740164236.7824886,1,3,-0.008922172646180913,-0.029333844215676766,-0.03783441687415249,-0.02122908577678445,-0.10421795119582626,0.039986704423547,0.9935235316966429
1740164236.810341,1740164236.799122,1,3,-0.007616529344954809,-0.028382289852876386,-0.03651256719215836,-0.020798489393823446,-0.09391270937552623,0.03647155901766406,0.9946947527958032
1740164236.828442,1740164236.815893,1,3,-0.006328982225282123,-0.027054450826107433,-0.034732275360858815,-0.02011357069135171,-0.08345902815119927,0.03287085193876109,0.9957658067974223
1740164236.8440177,1740164236.832342,1,3,-0.0049837352017295345,-0.026118548483258577,-0.033456958675278835,-0.01970689055730628,-0.07230852486676871,0.028812811916521516,0.9967712563901596
1740164236.8599973,1740164236.8488638,1,3,-0.003695813710959695,-0.02480106099570579,-0.03171649898010343,-0.01884947759247773,-0.061262913898600294,0.02482974194512935,0.9976347209726021
1740164236.8774784,1740164236.865853,1,3,-0.0024568209828781675,-0.02331629407200061,-0.02978028906591592,-0.01790007373035311,-0.05020184610048101,0.020844902593526653,0.9983610829977388
1740164236.8964336,1740164236.8828058,1,3,-0.0012908415146392657,-0.021679077080557583,-0.027665301316436085,-0.01695201318528683,-0.0395313449969363,0.01692052789240225,0.9989312277366953
1740164236.9107273,1740164236.8993473,1,3,-0.00022787748983619756,-0.019762033658128893,-0.025214797016917482,-0.01572779445722853,-0.029136905683883132,0.013084590495616697,0.999366034393926
1740164236.9270303,1740164236.915841,1,3,0.0007410238365834035,-0.01773349196976318,-0.02264531978247453,-0.014406446009019514,-0.019535806970886197,0.009541420747782962,0.9996598260655969
1740164236.9440124,1740164236.932437,1,3,0.0016059663017533403,-0.015699919406150932,-0.020078783014592556,-0.012974457057254788,-0.010633899925177973,0.006138132916006262,0.999840440750801
1740164236.9602377,1740164236.94923,1,3,0.002352047629333205,-0.013540132566891303,-0.017364716483103088,-0.011743698036507304,-0.0024767481265657956,0.0029212170630638482,0.9999237059726184
1740164236.9776042,1740164236.9658859,1,3,0.0029937792692045348,-0.011458661419982471,-0.014749039625305613,-0.010406960207495096,0.004740001757256306,0.00014305479637791277,0.9999346014104652
1740164236.9940658,1740164236.9824073,1,3,0.003495547934113381,-0.0092633045982896,-0.012002765151144408,-0.008898844117154497,0.0113574791032481,-0.0026265166475363164,0.9998924540429827
1740164237.0110183,1740164236.9992638,1,3,0.0038947003467823403,-0.007261067362977361,-0.009505774664261292,-0.007599775815834323,0.01675645996260701,-0.004822981251558716,0.9998190852893927
1740164237.0276704,1740164237.0158174,1,3,0.004121028406929759,-0.005012191969510791,-0.0066984366718118105,-0.0061965084914009025,0.021347887106910105,-0.006714732425783123,0.9997303553293941
1740164237.0441918,1740164237.0327148,1,3,0.004213883222850914,-0.002867199240630517,-0.0040254451113435775,-0.00490675436886989,0.024687819309119955,-0.00826238012563926,0.999649022614429
1740164237.0604959,1740164237.0494068,1,3,0.004187247360098275,-0.0009426214461134019,-0.0016278871694365288,-0.0036777781599700255,0.027308808302167312,-0.009660501649459382,0.9995735979130314
1740164237.0775387,1740164237.0658937,1,3,0.004134581394732887,0.00015137741694385738,-0.00026292821217825484,-0.002930802392482183,0.02865261453803544,-0.010556741038337548,0.999529385909249
1740164237.0944886,1740164237.0828123,1,3,0.004081173766776097,0.00020058557106407423,-0.0001957200190856241,-0.002952507837077291,0.029427689881895258,-0.011364587484345583,0.9994979439283493
1740164237.1117105,1740164237.0991619,1,3,0.004027561900333341,-0.0007895717444071047,-0.0014261936038460646,-0.0035329637524630967,0.029261494528724626,-0.011869881310376603,0.9994950670327226
1740164237.1274886,1740164237.1157274,1,3,0.0039015399374200095,-0.002309220000035359,-0.0033180242948123457,-0.004448820192153463,0.028164747729459847,-0.012088527940623704,0.999520296180354
1740164237.144128,1740164237.1325152,1,3,0.003639075841503279,-0.003882126419688956,-0.005281070600103119,-0.005511371828887173,0.026020828179610527,-0.011943257324653888,0.9995748595707518
1740164237.1612144,1740164237.149097,1,3,0.0032793443299645453,-0.005780806000040332,-0.00764718010728273,-0.006690235735461592,0.022668583043049906,-0.011290049495100096,0.9996568965755313
1740164237.1769345,1740164237.1662629,1,3,0.0027725340562770213,-0.007590768545473497,-0.0099050206809082,-0.00784381409062268,0.01835837810359336,-0.010362366930178507,0.9997470009384982
1740164237.194022,1740164237.1824563,1,3,0.00221667207811577,-0.009924015136896709,-0.012821914767729217,-0.009262617943053908,0.01330844065673935,-0.009140330852867497,0.9998267568274152
1740164237.2111676,1740164237.199343,1,3,0.0015429138223285075,-0.01227075163949338,-0.015767948358985467,-0.01068120644658179,0.007173601800048312,-0.007327037377247055,0.9998903768860525
1740164237.2270725,1740164237.2159352,1,3,0.0007869049010579137,-0.01480506822674972,-0.018956363606472387,-0.01234749552616241,-7.388006151222168e-05,-0.00520691375018525,0.9999102069411863
1740164237.2439933,1740164237.232644,1,3,-8.598651353674348e-05,-0.017240857617003905,-0.022027754184368628,-0.013855717359577456,-0.008026005403152818,-0.0028382424471794696,0.9998677646136669
1740164237.2608526,1740164237.249512,1,3,-0.0010236558378078837,-0.01981086614700098,-0.02528280863337565,-0.015271619143552835,-0.016942258017653485,-1.5012391411068045e-07,0.9997398349280552
1740164237.2771192,1740164237.2660632,1,3,-0.0020186197828750575,-0.022512335162552903,-0.028715348710286626,-0.016899151197654574,-0.02638421313620204,0.00308030107281943,0.9995042789959847
1740164237.2950497,1740164237.2827098,1,3,-0.0030441345443066735,-0.025377161145595278,-0.03236177027097029,-0.018494411086133044,-0.037073154342425065,0.006616509868273366,0.9991194922444677
1740164237.3108156,1740164237.2995746,1,3,-0.004166932162780279,-0.027809362710667706,-0.035494261175750864,-0.01996457198209483,-0.047482034780241704,0.010239373661703341,0.9986200616178886
1740164237.3272967,1740164237.3160746,1,3,-0.005298036820423961,-0.030354162887787695,-0.03877778938646402,-0.02143463189616883,-0.05835095885928019,0.01399364958974638,0.9979678852181756
1740164237.345219,1740164237.3329551,1,3,-0.006460073442498624,-0.03265593007152759,-0.04177378760431268,-0.02266934152439438,-0.06951492587201986,0.018023291897698017,0.9971604369333092
1740164237.3601,1740164237.3495421,1,3,-0.007622243096945728,-0.034841581581388795,-0.044629976591645484,-0.02384455300773557,-0.0804158200163882,0.021757765235098283,0.9962385923236097
1740164237.3768432,1740164237.366248,1,3,-0.008812374147268173,-0.036618277992764306,-0.04698383938246255,-0.024714940487371825,-0.09141666360251735,0.025969082314816698,0.995167208109379
1740164237.3963435,1740164237.3831654,1,3,-0.009941868045131693,-0.038415788327164115,-0.04937286698798311,-0.02545662652146066,-0.10149929995196018,0.02964840146805199,0.994067816884642
1740164237.7788732,1740164237.7667572,1,3,-0.010119623591494471,-0.030059404545997544,-0.03886642388409942,-0.02146318266004941,-0.11349095540125881,0.04331408510383427,0.992362345549159
1740164237.7946193,1740164237.7832425,1,3,-0.00886689133916286,-0.028999376566326722,-0.03741115761346422,-0.02101688669161702,-0.10401636565620281,0.04016884521821108,0.9935418209734819
1740164237.8133588,1740164237.7998385,1,3,-0.0075674938466757016,-0.02802676239683366,-0.03606664441778277,-0.020574742083548068,-0.09385315243058337,0.03675698630967653,0.9946945208075026
1740164237.8276305,1740164237.816834,1,3,-0.006266963563275119,-0.026819510930275153,-0.0344344090008401,-0.020036682285981697,-0.08341456858938129,0.03319713295141506,0.9957602580309299
1740164237.8436494,1740164237.8334014,1,3,-0.004937023265160182,-0.0257487025182104,-0.032983858259138785,-0.019518251328879337,-0.07255528081666433,0.029369578544410156,0.9967407872394917
1740164237.862083,1740164237.8498049,1,3,-0.00362989089065122,-0.02459799065993874,-0.03145579815037693,-0.018711160095103128,-0.06141650145381122,0.025249317907436432,0.9976173503815371
1740164237.877894,1740164237.866875,1,3,-0.002398147944445577,-0.023104870661291,-0.02951217417354423,-0.017700399935736515,-0.05040253916440339,0.021295248102286585,0.9983450266797336
1740164237.894691,1740164237.883528,1,3,-0.0012151119154235645,-0.021595847699535847,-0.027560444235719118,-0.01691877168048012,-0.0396909545054436,0.017360326838475954,0.998917915720472
1740164237.91165,1740164237.9002795,1,3,-0.0001116823258499301,-0.019998777310438424,-0.02551082634367448,-0.01597163331747341,-0.02917760167458176,0.013399928170151587,0.9993568013551148
1740164237.9272144,1740164237.9168699,1,3,0.0008396388235640033,-0.01789144456061541,-0.022838459751813256,-0.01452104479239224,-0.019315540153662814,0.009612500484973195,0.9996617672998883
1740164237.944146,1740164237.9332576,1,3,0.001698177998240732,-0.0157847487736271,-0.020178146171577947,-0.012970869336733724,-0.010597811368167814,0.006370254038811135,0.9998394185099602
1740164237.9617617,1740164237.950358,1,3,0.002475371983900437,-0.013895564241437298,-0.017800856077225778,-0.011867282115101196,-0.002270990937320998,0.003013503019513625,0.999922461501348
1740164237.9779541,1740164237.9667954,1,3,0.0030691596444662617,-0.011534988509458069,-0.014842286897633113,-0.010387278975265101,0.004893058932250123,0.00023473415938709527,0.9999340514802214
1740164237.9956706,1740164237.9835556,1,3,0.003545689549877616,-0.009226345766252236,-0.011962767097643101,-0.00886972385682933,0.011365495847529643,-0.0023885582033257003,0.9998932184451261
1740164238.011533,1740164238.000198,1,3,0.0039042267768419603,-0.007016385508305849,-0.00920555448220419,-0.007486131279994539,0.016830487228229673,-0.00468115876768623,0.9998193733323589
1740164238.0285282,1740164238.0168443,1,3,0.004151777434366709,-0.004966521168388035,-0.006640971264747537,-0.006236457974388469,0.02120206183938023,-0.006663542734832252,0.9997335526848711
1740164238.0460858,1740164238.0337894,1,3,0.004245286706411837,-0.0028868278205906694,-0.0040439908952253365,-0.00480969124627577,0.024727164018199514,-0.008288842536843945,0.9996483028141108
1740164238.06154,1740164238.050138,1,3,0.004220038091454381,-0.00102517623830837,-0.0017258289776811565,-0.0036876824669126286,0.027282418879174535,-0.00959925186436462,0.9995748721240291
1740164238.0783236,1740164238.0668402,1,3,0.004139551815971976,0.0001624690777403754,-0.00024925788659731067,-0.0029044493930472605,0.02872444968243275,-0.01058895132687624,0.9995270603010015
1740164238.095597,1740164238.0838368,1,3,0.004093556437068477,0.00014475542375238381,-0.00026917416518920537,-0.0029737352257467285,0.029578602717889403,-0.01143039557941272,0.99949267591962
1740164238.1118522,1740164238.1004148,1,3,0.004054755393176954,-0.001015908326077965,-0.0017098441660941092,-0.0037618017928958396,0.029272022780811414,-0.011983090749915534,0.9994925727916492
1740164238.1289465,1740164238.1167932,1,3,0.00389103490972525,-0.0023574797287606985,-0.003373353145577775,-0.004441329469766495,0.02821767385314568,-0.012191498845978506,0.9995175860537658
1740164238.1456583,1740164238.1335864,1,3,0.0036367439432334384,-0.0040492636445776005,-0.0054840859412411316,-0.005536180240729942,0.025986306063461164,-0.011954546586163075,0.9995754856044827
1740164238.1620123,1740164238.15026,1,3,0.0032638308192176136,-0.00588835298027277,-0.007776405893342447,-0.006738083329855729,0.022769570802341342,-0.011467201042290223,0.9996522636290945
1740164238.179054,1740164238.1672058,1,3,0.002756191909001862,-0.007766918207252372,-0.010126643215353514,-0.007943107900744262,0.018526970049670376,-0.010594028136677763,0.9997406788690231
1740164238.1944718,1740164238.1835663,1,3,0.002155067591259566,-0.009859819294045889,-0.01274756452928461,-0.009214316214441019,0.013469443717375032,-0.009281853436704296,0.9998237432964994
1740164238.2115517,1740164238.2002187,1,3,0.001497119906224323,-0.0123544276093727,-0.015876248452857254,-0.010773316282690333,0.007006465548903078,-0.007473558369121666,0.9998894894047484
1740164238.237126,1740164238.2171075,1,3,0.0007368270986509697,-0.014909397439243993,-0.019081878465694587,-0.01238317207129718,-9.169881033076294e-05,-0.005495156998892095,0.9999082217335441
1740164238.252501,1740164238.2335777,1,3,-0.00015413769199999148,-0.017263903902768718,-0.022054343575847606,-0.013793434117532307,-0.007965736267014906,-0.0031095871226831436,0.9998683006720915
1740164238.2676716,1740164238.2507648,1,3,-0.001093491923666987,-0.01987557426203569,-0.025366930363230556,-0.015283656915233208,-0.016805206994234406,-0.000367920537214828,0.9997418964331027
1740164238.2840617,1740164238.2670515,1,3,-0.002075036577499864,-0.02268637299174709,-0.02894081593846226,-0.016878263076505733,-0.026409810683905664,0.00281298380203043,0.9995047439893869
1740164238.3020308,1740164238.2836452,1,3,-0.003108311209161523,-0.025525013841725404,-0.03255946216259994,-0.018650248473885037,-0.03659293561351635,0.006165935267496486,0.9991371810403837
1740164238.3122485,1740164238.3004332,1,3,-0.004235095884304365,-0.02795190644388114,-0.03568066367824439,-0.020123153957372172,-0.047602510113253796,0.009945455721283468,0.9986141134673701
1740164238.3280215,1740164238.3170555,1,3,-0.005360844507465325,-0.03054441247441034,-0.03901895437468181,-0.0215161116670889,-0.058474909910187535,0.013774404629168764,0.9979619269425245
1740164238.3451276,1740164238.333686,1,3,-0.006469958006500253,-0.03326854904432796,-0.042541296256799206,-0.022984544841070837,-0.06946609781032344,0.01763711283795343,0.9971635293191367
1740164238.3605008,1740164238.3504963,1,3,-0.0076756441650654775,-0.03511293499007967,-0.04497414228074586,-0.02398307661254517,-0.08048051697154739,0.021586848060648797,0.9962337609291283
1740164238.4050343,1740164238.3670738,1,3,-0.008843593084459197,-0.0370184625458569,-0.04749443079455429,-0.02490322750349858,-0.09117136925236352,0.02538090238658962,0.9952001911588444
1740164238.4079561,1740164238.3839478,1,3,-0.009980710274073235,-0.03877551281330608,-0.04983730081807007,-0.025641921039848397,-0.1014437381130962,0.029277650307605093,0.9940797146484246
1740164238.7625985,1740164238.7507167,1,3,-0.011337670498617574,-0.030399688370567224,-0.03942815604168816,-0.021421630498705255,-0.12262339182279235,0.046570136113369576,0.9911285688279968
1740164238.7799988,1740164238.7677433,1,3,-0.010092838104021921,-0.029687528120626187,-0.03840229153810589,-0.02132582741180945,-0.11367297733008679,0.04371946131132327,0.9923266962108612
1740164238.795999,1740164238.7843337,1,3,-0.008808668503570288,-0.028871713863945023,-0.03724233365003194,-0.021023029983624535,-0.10426706864988228,0.04069472531749439,0.9934940110221109
1740164238.8125772,1740164238.8010745,1,3,-0.007494109259172736,-0.027948586801098768,-0.03595469188542884,-0.020478237683298428,-0.09376368956689145,0.037012046719605,0.9946954914433943
1740164238.831455,1740164238.8178575,1,3,-0.0061584221152549325,-0.026990077899789387,-0.0346379861577216,-0.02014120651592626,-0.08316333551019332,0.03327887231393439,0.9957764347906687
1740164238.8449483,1740164238.834465,1,3,-0.004857913016337812,-0.02572495300259132,-0.032952209243109876,-0.01943252757727744,-0.07225001043951464,0.029491090067372765,0.9967610488327111
1740164238.8632073,1740164238.8512816,1,3,-0.0035632353299239667,-0.024476935866610747,-0.03130901565735461,-0.018664500893755435,-0.0611998618486792,0.02546459857513913,0.9976260659863978
1740164238.8785908,1740164238.867609,1,3,-0.002325959283312226,-0.023067991453381394,-0.02946524905539056,-0.017755166539204247,-0.05030767122694845,0.02152345097342131,0.9983439454091366
1740164238.894755,1740164238.8841996,1,3,-0.0011672342823231617,-0.0213821083791054,-0.027283688346836338,-0.016672459697975123,-0.03936995460962545,0.017415396009342374,0.9989338014821068
1740164238.9125493,1740164238.9011204,1,3,-6.227029122063695e-05,-0.019855945178067536,-0.025325164833254442,-0.015737183909350798,-0.0290977411913645,0.013586556249014671,0.9993603294054934
1740164238.9287696,1740164238.9175541,1,3,0.0008978285418691739,-0.017825722591796815,-0.022755161768198407,-0.014335361358264874,-0.01927260616435472,0.009835221363124947,0.9996631094959442
1740164238.9453914,1740164238.9345682,1,3,0.0017504559198307406,-0.015719299916330684,-0.02010298858083901,-0.012787387123015706,-0.010181120120811179,0.006305016897342629,0.9998465253655563
1740164238.9623628,1740164238.9510944,1,3,0.0024761165793939265,-0.013508548962371506,-0.01732787265947443,-0.011593036447535702,-0.0018239121097664414,0.002943025585496503,0.9999268040466488
1740164238.983138,1740164238.9676065,1,3,0.003076263524876615,-0.011254281816123741,-0.014497510950083666,-0.010240506769926055,0.005360408364405436,3.30108373642369e-05,0.9999331962454024
1740164238.9957554,1740164238.9846435,1,3,0.003569725179836607,-0.009136578516289845,-0.011842746973843556,-0.008657564802282082,0.011692445445177665,-0.0024316310535450244,0.9998912043125618
1740164239.0126665,1740164239.0010552,1,3,0.003921607975576225,-0.006916293464891674,-0.009074030056675023,-0.007268011426403762,0.016904320252413556,-0.0046936332522502485,0.999819678628903
1740164239.0291448,1740164239.017795,1,3,0.004149065813528942,-0.00481324681808771,-0.00644754416809927,-0.00597437290619982,0.021287972784211587,-0.0065566225406450095,0.9997340345231706
1740164239.0460966,1740164239.0344195,1,3,0.004222167473352373,-0.0026522857484191776,-0.0037599246701952947,-0.004764839614442129,0.024983583019530013,-0.008385921184534463,0.9996413322831553
1740164239.0619857,1740164239.0510561,1,3,0.004183832974739506,-0.0007693411334541871,-0.0014165588070855304,-0.00353581534253291,0.027366176335840636,-0.009689510071833845,0.9995722604180185
1740164239.0784414,1740164239.0681124,1,3,0.004140435537680393,0.00012272333243374306,-0.0003005512248659686,-0.0028483875479154825,0.028765095028004093,-0.010626241248999134,0.9995256569960197
1740164239.095966,1740164239.084581,1,3,0.004088173618252145,5.7149197546113844e-05,-0.00037438601369819535,-0.0029929589738829543,0.02952300655572473,-0.011497223895178254,0.9994934957883395
1740164239.1123092,1740164239.1013653,1,3,0.004029718742536266,-0.0010039296605031862,-0.001690441420990523,-0.0036815392980445627,0.02938283646033336,-0.012050946091553895,0.9994888042835902
1740164239.1286101,1740164239.117872,1,3,0.003865279829302537,-0.0024156151337072157,-0.0034549087235314843,-0.004393467108012686,0.028249854258451126,-0.012270028516648383,0.9995159276276431
1740164239.1469653,1740164239.1344392,1,3,0.0036023437388494773,-0.004137364244633667,-0.0056055241911549146,-0.005555573409664245,0.02592019233767756,-0.012047916292900862,0.9995759735739284
1740164239.1628315,1740164239.1512969,1,3,0.0031994591104179673,-0.00582689095065239,-0.007701953806334461,-0.006660730804119263,0.022718734200984823,-0.01159970261505001,0.9996524099309231
1740164239.180441,1740164239.1678865,1,3,0.002708992461391129,-0.00785004711485425,-0.010227215699077136,-0.008002506247926285,0.018457551341264793,-0.010678743329458359,0.9997405879192561
1740164239.1956286,1740164239.184578,1,3,0.0021068714897727985,-0.00997078854932457,-0.012881631932254146,-0.009153593181228908,0.013301605356708174,-0.009401694019112198,0.9998254283505587
1740164239.2122178,1740164239.2013502,1,3,0.0014384594701202088,-0.012448906988180661,-0.015993291544533966,-0.010566202378922486,0.006757611925370142,-0.007533031571647793,0.99989296601371
1740164239.2291727,1740164239.217833,1,3,0.0006420577945058247,-0.014806939542711985,-0.018964582085875082,-0.01226706636334145,-0.0003029974090614654,-0.005550832393583539,0.9999093036546594
1740164239.2503493,1740164239.2347856,1,3,-0.0002183048085232663,-0.017381806759940038,-0.022213664278483147,-0.013899532848471655,-0.008156537269195827,-0.0032589100411423173,0.9998648175587109
1740164239.2638154,1740164239.2513213,1,3,-0.0011565175620909286,-0.02003707424636726,-0.025577181313159815,-0.015472006808616299,-0.016992239040492546,-0.00042797068412787356,0.9997358139322601
1740164239.2802336,1740164239.2678888,1,3,-0.002155093150224553,-0.022756264587106223,-0.029027037412377613,-0.016894650323351225,-0.02655182608357085,0.002635410822052222,0.9995011885595126
1740164239.2960646,1740164239.284737,1,3,-0.0031866070858037414,-0.025625155400727313,-0.03268345870279853,-0.018616222386587892,-0.036990574145199885,0.006154518272323605,0.9991232434456208
1740164239.3127477,1740164239.3012462,1,3,-0.0042842398371196674,-0.028288541540061957,-0.03610739451068087,-0.020273323022446513,-0.04758858384721985,0.009698129748348472,0.9986141724111609
1740164239.3297584,1740164239.3178804,1,3,-0.005426098651215151,-0.0307789310186486,-0.03932955808687494,-0.02163136957218992,-0.0585662259553349,0.013500224646067092,0.997957827246365
1740164239.345497,1740164239.334877,1,3,-0.006551994187597759,-0.03337087770997926,-0.04268237276576444,-0.023006464849816572,-0.06973647473026542,0.017537682078340035,0.9971459052589186
1740164239.3636515,1740164239.3515296,1,3,-0.007725174494219292,-0.035461367537465184,-0.04541843760184179,-0.024158162984353145,-0.08066021810462821,0.02142043157704029,0.9962185892100129
1740164239.378905,1740164239.3683257,1,3,-0.008892652228069075,-0.03735679718116477,-0.04791995972434702,-0.025042594125214125,-0.09146042669616221,0.025324672956036052,0.9951716031759074
1740164239.3953748,1740164239.3848736,1,3,-0.010027048414958212,-0.039105409492881896,-0.05025520626622398,-0.025763684312444544,-0.101766017594864,0.02928581302867337,0.99404338506364
1740164239.7670531,1740164239.7521696,1,3,-0.011271481177765509,-0.030284574696105994,-0.03927033766107545,-0.021253025994975982,-0.12238387402552489,0.04664229255739088,0.9911584095438791
1740164239.7802947,1740164239.76867,1,3,-0.01003483348931321,-0.029475562143742355,-0.03812453961226377,-0.02112624702770121,-0.11326850706378086,0.043698628970098456,0.9923781319739973
1740164239.7967067,1740164239.785232,1,3,-0.008757814025439315,-0.028594533474722964,-0.036894009661018176,-0.020811355372706366,-0.10378824629658558,0.04063883804840291,0.993550890624283
1740164239.8144615,1740164239.802178,1,3,-0.00747400569362606,-0.027407845720728796,-0.03528196104604486,-0.020241110925239898,-0.09351487193085238,0.03711155409829503,0.9947200604736379
1740164239.829401,1740164239.8185706,1,3,-0.006105253067957696,-0.026698366250632138,-0.03426894790107775,-0.01991459688078535,-0.08281607522098876,0.033304156133078175,0.995809087978379
1740164239.8464637,1740164239.8352072,1,3,-0.004777834499683449,-0.02562764066366962,-0.03282376930485975,-0.019400933536802313,-0.07192808335523726,0.02954446069374292,0.9967833663565311
1740164239.8639293,1740164239.8521128,1,3,-0.0034932463065032587,-0.024337450727096373,-0.031120379539311103,-0.018505475146058218,-0.06089934097952162,0.025476542687296693,0.997647113678269
1740164239.8839204,1740164239.8688498,1,3,-0.00225716691503712,-0.02286664537117492,-0.029210412192998067,-0.01745018687722315,-0.049614386266974835,0.02135195988088869,0.9983876989739738
1740164239.8975263,1740164239.8855376,1,3,-0.001089919465704813,-0.021311383438757627,-0.0272017809018405,-0.01665752831662995,-0.03895019623160461,0.017375772354377504,0.9989511957543217
1740164239.9134305,1740164239.9019465,1,3,-1.7592107926365802e-06,-0.019679790502870192,-0.02511105337183732,-0.01566911629496363,-0.02865752384658527,0.013560606005343047,0.9993744719004409
1740164239.9305928,1740164239.9187632,1,3,0.0009296270976888292,-0.017531901314093157,-0.022386081646731993,-0.014112466660675086,-0.01887570335173258,0.009755042740711387,0.9996746396947638
1740164239.947149,1740164239.9356625,1,3,0.0018334721196415,-0.015850977966716834,-0.02025934747820785,-0.012790419572763742,-0.009808322118212153,0.006218699718726598,0.9998507537418705
1740164239.96283,1740164239.951997,1,3,0.0025356342031614366,-0.0135002074174746,-0.017308993121457745,-0.011481398041718853,-0.0015759577514091719,0.00287357735181053,0.9999287156639599
1740164239.980081,1740164239.968587,1,3,0.003124448572937513,-0.011203215292720335,-0.01443656370484206,-0.01018140940338877,0.005686150083571022,1.2229041933674226e-05,0.9999320009131811
1740164239.9974446,1740164239.985409,1,3,0.003649035405615831,-0.00932371202991743,-0.012087905660794818,-0.008844102588159396,0.01179604938347557,-0.00247798739359697,0.9998882410783867
1740164240.013741,1740164240.0019538,1,3,0.003964116460662214,-0.006964641024514834,-0.00914124507555081,-0.007258354202544343,0.01726135379642716,-0.004807761830147502,0.9998131062281439
1740164240.034886,1740164240.0189717,1,3,0.004180112993003111,-0.004841650149857436,-0.006482924277789453,-0.006034640583545006,0.02160260658944461,-0.0067559812625893854,0.999725595960586
1740164240.046709,1740164240.0354073,1,3,0.004208723766833412,-0.0024347437758833494,-0.00348645213179857,-0.004540800540188843,0.025032904334677624,-0.008424267883634866,0.9996408187652451
1740164240.0639367,1740164240.0522418,1,3,0.0041824154832464855,-0.0007008015490612905,-0.0013295116517853466,-0.0034482778375032174,0.027526627663603535,-0.009738876412033574,0.9995676807678687
1740164240.080933,1740164240.0688465,1,3,0.004134046070086643,0.0001305802359597333,-0.00029242658625828024,-0.0027805750603931353,0.028798981520394864,-0.010644429938519667,0.9995246786232971
1740164240.0967534,1740164240.0853968,1,3,0.00407899548284725,2.825347486258079e-05,-0.00041648271929714087,-0.0030059790718782926,0.029562198331593254,-0.011555526630930662,0.9994916259398599
1740164240.1139061,1740164240.1024196,1,3,0.004008426013765754,-0.0010468239815184788,-0.001749443511924803,-0.0037718872539990044,0.029202559037417728,-0.01203688733782391,0.9994939203193913
1740164240.1304898,1740164240.118993,1,3,0.003851635008397117,-0.002553797612422179,-0.003620264796287045,-0.004523318138046916,0.028044543067806436,-0.012282282203782852,0.9995209796402508
1740164240.147714,1740164240.135664,1,3,0.003567790118346961,-0.00416917086021871,-0.005638244666722586,-0.005498595302310329,0.025715718787882244,-0.012100744478224778,0.9995809318109248
1740164240.163508,1740164240.1525137,1,3,0.0031552516679021927,-0.005874093812696219,-0.007763049111141481,-0.006679605725633724,0.022304324749261653,-0.011411455035774584,0.999663782808398
1740164240.1799872,1740164240.1689246,1,3,0.0026759083443555188,-0.008039030231864195,-0.010471435380526365,-0.008131255046794954,0.017891406986060777,-0.010444094100578687,0.9997523199002047
1740164240.1971369,1740164240.1860209,1,3,0.0020839960434272504,-0.010299773872714638,-0.013299941891654253,-0.009516049962155061,0.012935864179128374,-0.009323344984191784,0.9998275768598117
1740164240.2145538,1740164240.2023053,1,3,0.0013757201931564008,-0.012562858195831497,-0.016136132597800546,-0.010804371223607756,0.006587650933381823,-0.007638760581902566,0.999890752909744
1740164240.2309747,1740164240.2189224,1,3,0.0005972700054046097,-0.015055553793783092,-0.019271042241970585,-0.012435347822915582,-0.0008364900546053889,-0.00538847066960417,0.9999078091468006
1740164240.247631,1740164240.2359984,1,3,-0.0002698070470427775,-0.017672222767518685,-0.022574665557188716,-0.014092968222548899,-0.008656139494761588,-0.003082216565224091,0.9998584697029728
1740164240.2646003,1740164240.2523432,1,3,-0.0012237835917836121,-0.020230951130655327,-0.025822715746387552,-0.015517842468904397,-0.017860490441510855,-0.0001488467153836035,0.9997200494593246
1740164240.2799833,1740164240.2689865,1,3,-0.002242964598342065,-0.022855680895946667,-0.02916422944257679,-0.017007700198820398,-0.027504512571943297,0.0029580989758475887,0.9994726057139215
1740164240.2969522,1740164240.285824,1,3,-0.003265627558416225,-0.025790861679688012,-0.0329017677538757,-0.018833006451319,-0.037926449058980904,0.006420228968852792,0.9990824205188322
1740164240.3137012,1740164240.3024666,1,3,-0.004375075098038392,-0.028362015308024083,-0.03620403663515918,-0.020365472535753947,-0.04846019337080163,0.010009604897119693,0.9985673061925588
1740164240.331129,1740164240.3193629,1,3,-0.005494072789344963,-0.031002697454489147,-0.03960913033002864,-0.021782452509418668,-0.059111857101945976,0.013651540339283215,0.9979203117278448
1740164240.3483083,1740164240.3359385,1,3,-0.006640652732661739,-0.03343083618823716,-0.04276317626315864,-0.023078097489381364,-0.07054633703138032,0.017796366999295102,0.9970826972068826
1740164240.3636143,1740164240.3526578,1,3,-0.00781939610991044,-0.0354771454662523,-0.04545031659096972,-0.02420518834209904,-0.08150603222586122,0.02172524237524932,0.9961420026340909
1740164240.3800273,1740164240.3696127,1,3,-0.00898653461508973,-0.037354758902306925,-0.04793428023199396,-0.02510174392598455,-0.09213676284512888,0.02561348341191887,0.9951003310479815
1740164240.398275,1740164240.3857856,1,3,-0.010126102355950352,-0.03900291458675861,-0.05013849669276467,-0.02579234734655395,-0.10243792325290849,0.0294317209865692,0.9939693156721463
1740164240.7650864,1740164240.752789,1,3,-0.011201182149214782,-0.030173830657192213,-0.039130868715162706,-0.02134416120238664,-0.12169427080427575,0.046386677853450214,0.9912533517490381
1740164240.7811615,1740164240.7698212,1,3,-0.009953961357836511,-0.02942833861110627,-0.03805843345090623,-0.02120883805961449,-0.1126878209551376,0.043470855359141976,0.9924524799358851
1740164240.7971537,1740164240.7861621,1,3,-0.008667915874874706,-0.02859725998086835,-0.03688027567881264,-0.020841481929969735,-0.10280685596619807,0.04005026430823206,0.9936761843408288
1740164240.8145382,1740164240.8030565,1,3,-0.007377319195962091,-0.02747525251625539,-0.03535278232428166,-0.020311806986015875,-0.09264987538980347,0.03667691052648495,0.9948156790689665
1740164240.831221,1740164240.8196578,1,3,-0.006047486311497682,-0.026462940913538652,-0.033971284323860915,-0.019872084043073897,-0.08216222522029527,0.033059202174858915,0.9958722599682132
1740164240.8474212,1740164240.836405,1,3,-0.004711392350583012,-0.025442369050627113,-0.03259410810374899,-0.01939253296015021,-0.07095457506395234,0.028951188597088753,0.9968707070737405
1740164240.8645694,1740164240.853313,1,3,-0.003405602307837385,-0.024328238600085383,-0.031107349585787713,-0.01862957301011125,-0.06007430189724689,0.025114565039597744,0.9977040021388565
1740164240.88045,1740164240.8697937,1,3,-0.002179390730429226,-0.022810672656098565,-0.02912795797644179,-0.017621511629317424,-0.048895078163810904,0.02099809332636708,0.9984276807740808
1740164240.8975885,1740164240.8865972,1,3,-0.0010278667052315326,-0.021172420326978726,-0.027017496077996667,-0.016569476467756628,-0.03819313405749879,0.017034183953229087,0.9989877744684856
1740164240.9143884,1740164240.9032326,1,3,7.063666711467305e-05,-0.019631400892607627,-0.025043440480399238,-0.01561107345343894,-0.027764868406760224,0.013077476276459154,0.999407017226828
1740164240.9304295,1740164240.9197712,1,3,0.0010029975063777414,-0.017507601022822145,-0.02235832002988593,-0.014209892173384486,-0.018028209802275173,0.009316055597560494,0.9996930897649784
1740164240.947485,1740164240.9366803,1,3,0.0018188345868523901,-0.015232448632494008,-0.019492818726577477,-0.012663736117101292,-0.008997402816909921,0.005784760739747788,0.9998625970968663
1740164240.964327,1740164240.9532351,1,3,0.002583550514082497,-0.013392899522190922,-0.017178646220966976,-0.011603305681264761,-0.0010076273147838354,0.002640947302114003,0.9999286841479291
1740164240.981403,1740164240.9699728,1,3,0.0031530802908700706,-0.011030007488580596,-0.014211817423096823,-0.010107243014299222,0.006254246790051294,-0.0003139746524539824,0.9999293122294479
1740164240.9990377,1740164240.986592,1,3,0.0037056687096352695,-0.009408117297440028,-0.012186146835332324,-0.008856417966636694,0.01209112580809348,-0.0026338022878495057,0.9998842091077355
1740164241.014404,1740164241.0031888,1,3,0.00396946898346516,-0.006754240464705483,-0.008876352418628494,-0.007178743914316908,0.01758541436966675,-0.00499696244677098,0.9998071059977346
1740164241.0317867,1740164241.0201008,1,3,0.004188285592241733,-0.004725812733693262,-0.00634592687236271,-0.0060980754671247205,0.021819884548469306,-0.006881814109925931,0.9997196340716956
1740164241.0480938,1740164241.0364473,1,3,0.004240379427504261,-0.0025311640806221026,-0.003610540766055429,-0.004741423595804354,0.0252023104396878,-0.00851672780455061,0.9996348472308726
1740164241.064306,1740164241.0531924,1,3,0.004192687044017416,-0.0007134832157032049,-0.0013415995786094854,-0.0035119421094295484,0.027553849977749702,-0.009762960142190712,0.9995664741393068
1740164241.0812778,1740164241.0701263,1,3,0.004114583914229293,0.0002809963341780858,-0.00010104710797161315,-0.0028213450224642703,0.028891234378774777,-0.010736066323665614,0.999520921976238
1740164241.0977967,1740164241.0864315,1,3,0.0040897908431385835,-8.945018952305665e-05,-0.0005584866096449989,-0.0030812142552298443,0.029484133127000902,-0.01149070265959719,0.999494450092071
1740164241.1146655,1740164241.1033008,1,3,0.0039911578109254504,-0.0010457732953311233,-0.0017481463719717367,-0.003780944262189524,0.029133614703351574,-0.01199190935878893,0.9994964387453981
1740164241.1323404,1740164241.1201217,1,3,0.0038312036538000723,-0.00259321741627102,-0.0036771096188302145,-0.004600339388282526,0.02793925082294032,-0.012245206971490352,0.9995240317507081
1740164241.1485512,1740164241.1364574,1,3,0.003528577800977768,-0.004157531422499454,-0.005628294701698981,-0.005683485684939777,0.025395296819598123,-0.011984016410778748,0.9995894958634668
1740164241.1644998,1740164241.1534588,1,3,0.003140450261906424,-0.006086494827735969,-0.008024564998203153,-0.00687302061662391,0.0218907879550947,-0.011260843517210734,0.999673320837157
1740164241.182321,1740164241.1699033,1,3,0.0026541008380840288,-0.00824763489303394,-0.010723788310011605,-0.008261418440386678,0.01748221558738903,-0.010262875771393955,0.9997603685305844
1740164241.197411,1740164241.1865048,1,3,0.002039048457042708,-0.010398177241870976,-0.01341918387142146,-0.009515069904364588,0.012140224550663992,-0.00896988441640618,0.9998407971102854
1740164241.215223,1740164241.2033708,1,3,0.0013214146361459425,-0.012625445475407213,-0.016219801377521194,-0.010837263584060222,0.005820924717655952,-0.0071466022867724644,0.9998987931931891
1740164241.2318308,1740164241.2198634,1,3,0.0005443120457899435,-0.01520918348077915,-0.019471181099534284,-0.012590044219460127,-0.0015154228778920345,-0.005067069113787981,0.9999067551980282
1740164241.2477267,1740164241.2366283,1,3,-0.00029649568662712124,-0.0180066841588526,-0.022997588934731285,-0.01433999342899093,-0.009713248228341319,-0.002477435007549904,0.9998469281410503
1740164241.2648313,1740164241.253258,1,3,-0.0012860681518280757,-0.02038924570582084,-0.026023170047534554,-0.01570478480336395,-0.018730730684282056,0.0002974699290649265,0.999701170837543
1740164241.2817872,1740164241.2698472,1,3,-0.002300687422965319,-0.02301515778830466,-0.029366049249850812,-0.0171064926667724,-0.028452518568089176,0.0035072238649882944,0.9994426053938941
1740164241.2988243,1740164241.2867708,1,3,-0.003339412604211428,-0.025900348736467883,-0.033041157928621286,-0.018829519459061268,-0.03873632589869253,0.006893273820664217,0.9990482616114421
1740164241.315107,1740164241.303273,1,3,-0.004435388901654564,-0.028570941606277402,-0.0364750925163443,-0.020527117710444787,-0.049680312452787985,0.010738824340231533,0.9984964605069387
1740164241.3319921,1740164241.3200507,1,3,-0.005571241809262116,-0.031092165340607877,-0.039733636306076174,-0.02189464637419123,-0.06045660111777264,0.014406487922063322,0.9978266768067423
1740164241.3469415,1740164241.3370223,1,3,-0.0067086260354950545,-0.03356871108769707,-0.042944646085190274,-0.02323310506927317,-0.07133045766705039,0.01822965537000825,0.9970154804730665
1740164241.3652625,1740164241.3534737,1,3,-0.00790479285952354,-0.03549282608906879,-0.04547626251399608,-0.024238983760196873,-0.08257377231676184,0.022318268052359397,0.9960401290624769
1740164241.3828378,1740164241.3705351,1,3,-0.009067692945458906,-0.03736184430095391,-0.047946705659504756,-0.025093712385439785,-0.0933184484695771,0.02621442386243874,0.9949747618686154
1740164241.7662795,1740164241.753862,1,3,-0.011111646205665146,-0.03024658406488321,-0.03920741036337553,-0.0213576976501896,-0.12076927107028,0.045860275333314736,0.9913906732779914
1740164241.7828596,1740164241.7707183,1,3,-0.009849892438812869,-0.029562921875124937,-0.038215454677071076,-0.021242112468110554,-0.1113906267545219,0.042714409532033905,0.9926310392827017
1740164241.7978063,1740164241.787117,1,3,-0.008570025276242937,-0.028649717976928935,-0.03694172602872072,-0.020901495232541402,-0.10179996551965904,0.0394818823353168,0.9938013259623376
1740164241.8374324,1740164241.8039527,1,3,-0.007257445176473311,-0.02769533028198266,-0.0356214124724135,-0.020507220558882593,-0.09139152064326762,0.03601062963429672,0.9949524000738941
1740164241.8410773,1740164241.8205616,1,3,-0.005947012826152201,-0.02652418308626293,-0.03403925212820905,-0.019947837712335024,-0.08081649893876768,0.03230186946056975,0.9960057060575682
1740164241.8488348,1740164241.8371665,1,3,-0.004625856594377002,-0.025407325499610764,-0.032538326218574776,-0.019317436604400055,-0.06980511406159275,0.028359391064873743,0.9969703243488808
1740164241.865975,1740164241.854173,1,3,-0.003324444965800808,-0.024260555613860972,-0.031015600573310965,-0.0185694915645409,-0.05869977029052774,0.0243464494190188,0.997805973800298
1740164241.8822036,1740164241.870656,1,3,-0.002104885495680448,-0.022731495399977434,-0.02903139868905264,-0.017600208535630154,-0.04743008942650797,0.02015668194305758,0.9985160626898008
1740164241.9033892,1740164241.887236,1,3,-0.0009500988992241983,-0.02111792043730903,-0.02695069253960658,-0.016595917011454197,-0.036712216391989266,0.01611768012944639,0.9990580609220775
1740164241.915521,1740164241.903987,1,3,0.0001032854826652579,-0.01930979516667405,-0.024640702121157106,-0.015489124330918664,-0.0266604957908285,0.012385043159743493,0.999447805389346
1740164241.932789,1740164241.9205449,1,3,0.0009993976960643693,-0.017004829358368615,-0.021726359518282917,-0.013866010736732558,-0.017029553720205426,0.008728649669836651,0.9997207303648757
1740164241.9482963,1740164241.9375281,1,3,0.0018631342461594784,-0.015121101195175964,-0.019348650447406284,-0.012420677434308804,-0.008012515957632202,0.005201576229953287,0.9998772274458627
1740164241.9662344,1740164241.9541085,1,3,0.002583106163596651,-0.01304306198470665,-0.01674020719504518,-0.011373026857083116,-0.0003517887829003011,0.002248360554312956,0.9999327354275277
1740164241.981885,1740164241.970659,1,3,0.003162076433094912,-0.010777566773370254,-0.013899909081661822,-0.009919419691603568,0.006811028789722886,-0.000653350754707636,0.9999273914302972
1740164241.9987726,1740164241.9879272,1,3,0.0036203669882306517,-0.008557171092742183,-0.01112853347419027,-0.008447905401971923,0.013311595760926722,-0.003356864111711955,0.9998700744476517
1740164242.0163617,1740164242.0040329,1,3,0.0039599911164329895,-0.006467806081825249,-0.00852259618829445,-0.007028253786520616,0.018407268661916554,-0.005596692570092399,0.9997902045636354
1740164242.0319548,1740164242.0210545,1,3,0.004177957481332392,-0.0045163724584097445,-0.006083192596636486,-0.005939213546059481,0.02199778299209637,-0.006901119054375933,0.9997165587513714
1740164242.0489209,1740164242.0374143,1,3,0.004221140978202525,-0.002331981311007775,-0.0033593792917237762,-0.004579935664944232,0.025606170064256348,-0.008812179065555,0.9996227757229534
1740164242.0654635,1740164242.0541668,1,3,0.004166663176543578,-0.000525401140314717,-0.0011087689416756064,-0.003384566835882696,0.027664296218678604,-0.009842329359553792,0.9995630845398588
1740164242.0825205,1740164242.0710826,1,3,0.004091468839375447,0.0003705515606087233,6.423865651261667e-06,-0.002768756318253313,0.028913428775623026,-0.01079094048469886,0.9995198363355992
1740164242.0992439,1740164242.087633,1,3,0.004072049028972107,-9.165469577769188e-05,-0.0005651911391175852,-0.003136408381333437,0.029385571158200226,-0.011472452304575335,0.9994973906860842
1740164242.1162627,1740164242.104453,1,3,0.003968534438702664,-0.001080951766053189,-0.0017892980488236731,-0.003758558647581077,0.028918772415879042,-0.011954922438053291,0.9995032054317542
1740164242.1322982,1740164242.1209805,1,3,0.00380276016691711,-0.002651681558962897,-0.003744608507412262,-0.004649500573556742,0.027488137250007875,-0.01202144226949309,0.9995390284429629
1740164242.1495657,1740164242.1375499,1,3,0.003531392088955717,-0.004499549257061817,-0.006048878107004387,-0.005805802497295933,0.024992349908249948,-0.011688520955433749,0.9996024477667611
1740164242.1693656,1740164242.1543462,1,3,0.0031046615572480215,-0.006200268467122937,-0.008168128513659459,-0.006906635553797527,0.021199659634042876,-0.010896004926848434,0.9996920275231577
1740164242.1824405,1740164242.17097,1,3,0.0026111363858946864,-0.008388867511389756,-0.010905335835284713,-0.008383406397550246,0.016850327989590724,-0.00995060155702159,0.9997733595532889
1740164242.1988146,1740164242.1875155,1,3,0.001997115520528127,-0.010592148666451199,-0.01366520692430763,-0.009748408536873537,0.011397424587279692,-0.00848730958476796,0.9998515053845685
1740164242.2161157,1740164242.2043657,1,3,0.0012657708359684462,-0.012784315163222653,-0.01642037004303829,-0.010994378604346447,0.004708760001877103,-0.006550092021753353,0.999907019433735
1740164242.2323563,1740164242.220893,1,3,0.00046310803206587567,-0.015207022896910418,-0.019465612105587827,-0.012682805646142043,-0.002664137500088534,-0.004377938062503368,0.9999064368582912
1740164242.2500498,1740164242.2378933,1,3,-0.00038073595200516426,-0.01804525016372906,-0.02304082306775917,-0.014295439097334151,-0.011124317032339678,-0.0016435296558126606,0.9998345807191553
1740164242.2655766,1740164242.2542877,1,3,-0.0013466892337560793,-0.020617889745349036,-0.02630798684034696,-0.01583270607418085,-0.02034098943014584,0.0013136349837614652,0.9996668664762781
1740164242.2821314,1740164242.2712421,1,3,-0.0023602381368905724,-0.02328702952794771,-0.029706657506208177,-0.017391463408921087,-0.029812231649162926,0.0043424848108812196,0.9993947721847758
1740164242.298907,1740164242.2880342,1,3,-0.00343020192880881,-0.02595847860815045,-0.033120913590539196,-0.018997133233052632,-0.04043220238126073,0.007879592381213283,0.9989705991486598
1740164242.3166492,1740164242.3045487,1,3,-0.0045511486207725676,-0.02846618907304447,-0.03634376957311733,-0.0204415575676687,-0.05116492155525933,0.011661414298641001,0.9984128930172161
1740164242.3331618,1740164242.3213882,1,3,-0.005656811350466364,-0.03120122318567897,-0.039868884709857354,-0.02193765187637355,-0.0623751850669137,0.015572043754916309,0.9976901258263079
1740164242.3493352,1740164242.337862,1,3,-0.00684689300930057,-0.033294183275625194,-0.042608490718976405,-0.02309584368945318,-0.07331444257342114,0.019421908025435315,0.9968522277665193
1740164242.3666523,1740164242.3545601,1,3,-0.008025638353266156,-0.03527431785530697,-0.04521311019493346,-0.024129828786105,-0.08409232760244761,0.023200037564981228,0.9958955718639074
1740164242.3840818,1740164242.3714578,1,3,-0.009197339595403321,-0.0370816455004609,-0.04760929822309449,-0.024810153886690976,-0.09484588411379323,0.02725481719699189,0.9948094739548625
1740164242.7658215,1740164242.7552047,1,3,-0.010982493975847338,-0.030585607477962115,-0.03962873524826489,-0.021621352444623956,-0.11929575946051021,0.04483721703306324,0.991610136526415
1740164242.7827175,1740164242.7717505,1,3,-0.0097228829095331,-0.029888449301745265,-0.03861473864104557,-0.02144626990605036,-0.1100011572636336,0.041770965871158625,0.9928217308852424
1740164242.7996235,1740164242.7882118,1,3,-0.008458978863047018,-0.028817592466945405,-0.0371399060518056,-0.020982135217483003,-0.10011551738463023,0.03840271981889426,0.9940130101216154
1740164242.8152802,1740164242.8050363,1,3,-0.007172471556714625,-0.027644617165508006,-0.03554953914460749,-0.02036279597455452,-0.08953116289937721,0.034841011020751475,0.9951661325432231
1740164242.8326752,1740164242.8216698,1,3,-0.005849303675743881,-0.026584844998094343,-0.03410918412731386,-0.019972283424427584,-0.07906936501706055,0.031124385874130023,0.9961829229687544
1740164242.849246,1740164242.8386312,1,3,-0.004529471972502697,-0.025458582906060682,-0.032599280487795555,-0.019334703760010296,-0.06796262484874564,0.027148522515787386,0.997130988676709
1740164242.8662453,1740164242.8550794,1,3,-0.003264275026662552,-0.024059515994492308,-0.030763634266945762,-0.01841590669287253,-0.057051018629063144,0.02318094386695991,0.9979322018531632
1740164242.8826914,1740164242.871671,1,3,-0.0020247658920005836,-0.022684649465491345,-0.028964817552384503,-0.01744519893284493,-0.04604837823098126,0.01929705474341375,0.9986004384010252
1740164242.9020417,1740164242.8893769,1,3,-0.0009223617799175698,-0.020719025528379485,-0.02644267223198328,-0.016311780276185094,-0.03507531513358576,0.015162388141249993,0.9991365022249739
1740164242.9166894,1740164242.9053867,1,3,0.0001313649009681725,-0.018933528592311597,-0.024165138236308274,-0.015179368075338477,-0.025051214248795195,0.011365842077040524,0.9995062986711861
1740164242.9331071,1740164242.9216945,1,3,0.0010569502402102719,-0.016850628802332575,-0.021531407363519495,-0.01382813087950475,-0.015720932459312727,0.00786828251569786,0.9997498313124349
1740164242.9499507,1740164242.9386735,1,3,0.0019072603049687577,-0.014942281963374257,-0.01913084383376212,-0.012482790834870692,-0.007198692816520908,0.004589185941191873,0.9998856425247356
1740164242.9664497,1740164242.9550788,1,3,0.0026228033629776826,-0.012849100841524151,-0.01649975564754375,-0.011273131544353712,0.0008087235273054141,0.0015293188073068782,0.9999349597125934
1740164242.9840374,1740164242.9720428,1,3,0.003171870563761658,-0.010468844606782978,-0.013514373404155339,-0.009751250968536173,0.007918379987166218,-0.0013377005109639103,0.9999202082767757
1740164242.9998112,1740164242.9889753,1,3,0.003658838488951571,-0.008535429076671161,-0.011095530619125509,-0.008418555192927557,0.013469637991299431,-0.0033663357686295656,0.9998681735930691
1740164243.0166414,1740164243.005336,1,3,0.003937362095487771,-0.006083196888940112,-0.008036255413256616,-0.006790966353732138,0.019162014473401927,-0.006066041944524931,0.9997749262271138
1740164243.0355425,1740164243.022135,1,3,0.004184916875973318,-0.004409750663354199,-0.005947610769382985,-0.0057647354070473325,0.0223369296929389,-0.007186630683127422,0.9997080482505899
1740164243.0498233,1740164243.0385475,1,3,0.004207774885871178,-0.002115259689404264,-0.0030926901218472414,-0.004447392018095554,0.02566858154614966,-0.008857728521664403,0.9996213709555647
1740164243.0665543,1740164243.0552554,1,3,0.004162635653106246,-0.00044548876510341873,-0.0010066109222896331,-0.003327583637325141,0.02788466561536226,-0.010049813010358668,0.9995550879611954
1740164243.0837052,1740164243.072247,1,3,0.004092667009709281,0.00036573493863232724,3.695683269621801e-06,-0.0028154997399196424,0.028893655847547415,-0.010795173594128188,0.9995202318312774
1740164243.0999138,1740164243.088684,1,3,0.0040732891969545775,-0.0001923484008236439,-0.0006858068667680763,-0.003173237439499315,0.029161282660451173,-0.011391875877744902,0.9995047650320311
1740164243.116333,1740164243.10532,1,3,0.00398513365146536,-0.0013251884397321922,-0.002094980602518514,-0.003896343731076138,0.02871735097579297,-0.011815429047586168,0.9995101439679759
1740164243.1329443,1740164243.1225965,1,3,0.0038078074988809685,-0.002894975229390778,-0.004053806538817225,-0.004886194849444407,0.02706217259759499,-0.011730697712618183,0.9995529774080845
1740164243.1496875,1740164243.1386597,1,3,0.003498840804425593,-0.004550302545521881,-0.0061195051374190205,-0.0059871388116190015,0.024355357666737153,-0.01132848296874564,0.9996212463705453
1740164243.167497,1740164243.1552367,1,3,0.0031051968539933836,-0.006560159447101397,-0.0086206776325648,-0.0072274030065884575,0.020584838182237653,-0.010488548893567573,0.9997069667782148
1740164243.184328,1740164243.1720166,1,3,0.0025663783638755727,-0.008477662901323369,-0.011014568729032372,-0.008402297341067703,0.016055832089769222,-0.009459817737194167,0.9997910399196807
1740164243.2003126,1740164243.1886456,1,3,0.0019693645414058697,-0.010866969417195074,-0.014003883804193193,-0.009888294961304193,0.010318926008685917,-0.00782804702924651,0.9998672227193436
1740164243.217452,1740164243.2055595,1,3,0.001250329845320853,-0.013195559335910958,-0.016930436832068494,-0.011284445884834302,0.003499722812009096,-0.005743859430619102,0.999913706926829
1740164243.2330043,1740164243.222168,1,3,0.00043987397049319635,-0.015610299104930008,-0.01997373874838417,-0.01292745302983318,-0.004144785094622621,-0.0034140174129978266,0.9999020182996855
1740164243.2494545,1740164243.2387083,1,3,-0.00045596675476832047,-0.018129942440830212,-0.02315843976113233,-0.014424057500431792,-0.01243750068885488,-0.0009002063624780874,0.9998182058606174
1740164243.2669737,1740164243.2555573,1,3,-0.0014042336825551734,-0.020817119430449636,-0.02656256591181301,-0.016031964129210895,-0.021667457018945145,0.002129564887582303,0.999634414366513
1740164243.282383,1740164243.2721722,1,3,-0.002434965447490307,-0.02342796190538188,-0.029884734618889384,-0.017552082654642195,-0.03175666827998604,0.005438256463627252,0.9993267052275124
1740164243.3009605,1740164243.288941,1,3,-0.003501027297704264,-0.026130537258725696,-0.03334078430381932,-0.01904184034554593,-0.04222325191761434,0.008968406194974042,0.9988864665236377
1740164243.3169808,1740164243.3053043,1,3,-0.004644387044817126,-0.028509326005162802,-0.036413544121595226,-0.020494772953493504,-0.05282631730249288,0.012703114394240492,0.9983125639630747
1740164243.3336933,1740164243.322286,1,3,-0.005813289340686811,-0.030806622400968972,-0.039391376939908664,-0.021791204159412533,-0.06405971029586643,0.01665463459425763,0.9975691054180779
1740164243.3510206,1740164243.3390012,1,3,-0.006978647961936564,-0.03304628681687302,-0.04230914144784359,-0.022940981754151445,-0.07507295282588411,0.020609219688736902,0.9967010701178061
1740164243.3665648,1740164243.3556833,1,3,-0.008166991407371307,-0.03494363533937783,-0.04480862649856197,-0.023885508022346753,-0.08593589128990435,0.024386175032429052,0.9957157323061697
1740164243.3827293,1740164243.372028,1,3,-0.009320465343359827,-0.036866910130939644,-0.04734785941777615,-0.024754991605095224,-0.09630980791151757,0.028175137107444428,0.9946445460261947
1740164243.7687576,1740164243.7559419,1,3,-0.010866066746344594,-0.03091922923799081,-0.04002879163604946,-0.021709070450105554,-0.11820071912014658,0.0441699139073358,0.9917692901905619
1740164243.7848008,1740164243.772769,1,3,-0.009606945619366772,-0.03017853579784919,-0.038960996435346944,-0.02144319515598693,-0.10857435082137612,0.040752350569069166,0.9930211707956255
1740164243.8010445,1740164243.789263,1,3,-0.008362652571070796,-0.028934425700778112,-0.03727615753519778,-0.020976418190144633,-0.09858097972514174,0.037432354101746945,0.9942034998845783
1740164243.8174257,1740164243.8059485,1,3,-0.007079646741678265,-0.027692528670183767,-0.035604559648935934,-0.020499201536528854,-0.08816218873619401,0.033863239234548426,0.9953192916055391
1740164243.8343456,1740164243.8227403,1,3,-0.005739935529772976,-0.026753862249724772,-0.03431227889928563,-0.020088823831045932,-0.07732698422753184,0.029975613413967764,0.9963525677529097
1740164243.8506181,1740164243.839382,1,3,-0.004451431430544611,-0.025453289306729694,-0.032581777910080774,-0.01931504309719213,-0.06665782798147557,0.026314830618822314,0.9972417925300004
1740164243.867958,1740164243.8561616,1,3,-0.003185100268176371,-0.024040641237714728,-0.03072330868776518,-0.018376060013518124,-0.055539894025260925,0.022290637898904238,0.998038460206871
1740164243.882966,1740164243.8727422,1,3,-0.001991897143000983,-0.022365866067009695,-0.028565695564866638,-0.017298842461513052,-0.044395538585138346,0.01814713178472625,0.9986993881099633
1740164243.9010768,1740164243.8893912,1,3,-0.0008727038364839429,-0.020577706548406342,-0.026270081666301324,-0.016277038845556563,-0.03394941340151141,0.014315820777936016,0.9991884469966452
1740164243.9173582,1740164243.906348,1,3,0.00015296942289232175,-0.01861182861603402,-0.023762557511855704,-0.015013601116191336,-0.023924097966355258,0.010667849285588952,0.9995441092366261
1740164243.933563,1740164243.9227228,1,3,0.0010951025474866035,-0.016696872558061356,-0.021338012715463105,-0.013683874355496664,-0.014875751658915045,0.007308890400926373,0.9997689951765419
1740164243.9508612,1740164243.9396243,1,3,0.0019792366146787646,-0.015032085848519124,-0.019236829138320616,-0.012434374560011603,-0.006255179575894399,0.004075022289333789,0.999894821094257
1740164243.9672103,1740164243.9561574,1,3,0.0026762155840325706,-0.01285874773607734,-0.016508036938618284,-0.011139368301060163,0.0018558994957530407,0.0008605765952248586,0.9999358627026229
1740164243.983924,1740164243.9728847,1,3,0.003164134890738453,-0.01010811814179649,-0.013065890426791826,-0.009513482500776634,0.008593957349798162,-0.0017709764084462222,0.999916247087894
1740164244.0014212,1740164243.9901664,1,3,0.0037018767152020887,-0.008536898565676814,-0.011105293387836206,-0.008272308626312602,0.014408039451473346,-0.0040755331847573155,0.9998536729634071
1740164244.0179079,1740164244.006324,1,3,0.003922389143996509,-0.005761401561468857,-0.007643523098634552,-0.006374527269128504,0.01913555173908751,-0.0059127805660623015,0.9997790931439372
1740164244.034385,1740164244.0230699,1,3,0.004151140183935133,-0.004027957487235193,-0.005477622629876449,-0.00534276522138103,0.023040043173532105,-0.007672250200401112,0.9996908261293657
1740164244.0511117,1740164244.0396934,1,3,0.004211683718222908,-0.002096324144472402,-0.0030713062751288227,-0.0042781381667765,0.025885461050534044,-0.00896440469194725,0.999615566049542
1740164244.067395,1740164244.0561619,1,3,0.004168572697684047,-0.0004830992475700743,-0.0010643078379546915,-0.0031400715293508435,0.027868536925920506,-0.009988870850033433,0.9995567552968367
1740164244.0883029,1740164244.0729375,1,3,0.0041465034697706305,-5.800781912554333e-05,-0.0005309344430469403,-0.0027499650916710163,0.02898182220779724,-0.01088267135120897,0.9995169128823043
1740164244.1009476,1740164244.0893745,1,3,0.004093650484085841,-0.0004270340355875909,-0.000984636899121972,-0.0031021210916676936,0.029228224070204686,-0.011444817506580164,0.999502428168474
1740164244.1174846,1740164244.1063225,1,3,0.003968963167693292,-0.0013715646441466887,-0.002158461121090225,-0.0037983755363936193,0.028422597521566114,-0.011676698032417143,0.9995205765848302
1740164244.1351626,1740164244.1229997,1,3,0.003804463399682792,-0.003072543315346633,-0.004275842666049482,-0.004751992578796247,0.02675306274467477,-0.011589924201469957,0.99956358770081
1740164244.1521873,1740164244.1394823,1,3,0.003506811462759869,-0.004846429221588023,-0.006487999303819356,-0.005839266155555121,0.023819763640161824,-0.011057191903860958,0.9996380646704549
1740164244.167744,1740164244.156466,1,3,0.00308217107545446,-0.0067098178686552734,-0.00880829856562551,-0.007039516462918875,0.020026412464338172,-0.010131744204790474,0.9997233296123208
1740164244.1856122,1740164244.1729715,1,3,0.0025526194572393864,-0.008743016744683375,-0.011352630436162654,-0.008448927647032894,0.015374802099338471,-0.009042520155322411,0.9998052129846403
1740164244.2041457,1740164244.1896453,1,3,0.001938014425642905,-0.011059220249986982,-0.01425365377276632,-0.009854078208696002,0.009458703553469661,-0.007285766900058388,0.9998801666551961
1740164244.2175431,1740164244.2066176,1,3,0.0012236050403284608,-0.013445162687493866,-0.01725066709441666,-0.011351369090532592,0.0025976097712703122,-0.005240160978689422,0.9999184664542226
1740164244.2337625,1740164244.2228334,1,3,0.00040607987238619697,-0.01587617672956589,-0.020311234436002964,-0.012965644141284071,-0.004797662812273183,-0.002961682343544876,0.999900046475265
1740164244.251304,1740164244.239758,1,3,-0.0005043515198230966,-0.018313366709877914,-0.02338845627623721,-0.014511910746386322,-0.013693530849984996,-9.084976811776951e-05,0.9998009218867869
1740164244.2678993,1740164244.2563343,1,3,-0.0014782011200637699,-0.020874851976166533,-0.026638590173129,-0.01586771507676689,-0.022955988683460164,0.0029451928520174823,0.9996062044829813
1740164244.283917,1740164244.2730117,1,3,-0.002531004943432445,-0.02331509225623458,-0.029751975326471856,-0.01728675764918515,-0.03298636526892426,0.0062964417732374435,0.9992864566966368
1740164244.300402,1740164244.2900214,1,3,-0.0036003904367692837,-0.026021071404143573,-0.033216838264942504,-0.01893339121543666,-0.04365388808387218,0.009867399775385007,0.9988185516768883
1740164244.3178365,1740164244.3063934,1,3,-0.004759917451843658,-0.028260313489050233,-0.03611039396678214,-0.02025982798264081,-0.05424647398356944,0.013575871779447635,0.998229710605676
1740164244.3339605,1740164244.323058,1,3,-0.005876717166247865,-0.030933345959114605,-0.03955567469178228,-0.0217439464810601,-0.06526993784992831,0.017374014524335117,0.9974794131328242
1740164244.350452,1740164244.3397706,1,3,-0.007072924960642737,-0.03294509948666372,-0.04219119522310948,-0.022762063660338158,-0.076317897829124,0.02138045414863244,0.9965943724049742
1740164244.369005,1740164244.3562999,1,3,-0.008265946804194237,-0.034818737512777614,-0.04466539059735817,-0.023805308829153365,-0.08707826327447636,0.02515867416167014,0.9955991786110897
1740164244.3863082,1740164244.3731942,1,3,-0.009419075241663199,-0.03668803560943802,-0.04713691494885173,-0.02472405730722377,-0.0976986668941877,0.029084124973471272,0.9944836877253921
1740164244.7704897,1740164244.7569249,1,3,-0.010753962118956089,-0.031183377407446096,-0.04035399171383329,-0.02190233483793384,-0.11673463390247563,0.04325653969402391,0.991978923541222
1740164244.7857492,1740164244.7736742,1,3,-0.009572004215563285,-0.029854202013209364,-0.03854940220010164,-0.021298614966302042,-0.10765219993844823,0.04029741258238271,0.9931432381021857
1740164244.8025625,1740164244.7903316,1,3,-0.00826166852784794,-0.029112103732739498,-0.03749026481844512,-0.021069708587145755,-0.09737870442447066,0.03661720764246537,0.9943503584799137
1740164244.820656,1740164244.8071156,1,3,-0.006976728401499271,-0.027868680310272786,-0.03581855644655348,-0.020525089178488637,-0.08694369519145578,0.033132219210568296,0.9954505365063866
1740164244.8348942,1740164244.8235164,1,3,-0.005698923140198173,-0.026455836591021305,-0.03393559302688023,-0.019822921442284723,-0.07637291772794366,0.029394041006947806,0.9964488042927723
1740164244.8520453,1740164244.8403409,1,3,-0.004374093316620248,-0.02534454919594298,-0.0324437960491703,-0.019258561348870915,-0.06508256460477875,0.025347309914445428,0.9973719875148578
1740164244.8684132,1740164244.8572836,1,3,-0.003130368667870607,-0.023825574737483347,-0.030454269511049528,-0.018233289805923696,-0.05406306724462017,0.0214403807613479,0.9981407926619196
1740164244.885194,1740164244.8737476,1,3,-0.001904907904890521,-0.022381738865496024,-0.02857673676485639,-0.01724993534532235,-0.043219647759325325,0.01756318296909189,0.9987622521812367
1740164244.9013731,1740164244.8905644,1,3,-0.0007871090472467128,-0.02060144024934018,-0.026291449308689926,-0.016217749767721328,-0.03285254728080068,0.013719019575709127,0.9992344485812705
1740164244.918984,1740164244.90722,1,3,0.00023386741379065407,-0.018644188916414423,-0.023801670703385347,-0.015016589392115871,-0.022864293581712304,0.010042739482618223,0.999575344586751
1740164244.940718,1740164244.9237335,1,3,0.0011039270023791138,-0.016293354797354293,-0.0208357748906999,-0.013433739427980292,-0.013431625440392007,0.006395531557688599,0.9997990914474291
1740164244.955994,1740164244.9407523,1,3,0.0019577127133408537,-0.014466612550070364,-0.01853293794448993,-0.01213145231228946,-0.0052494770707440614,0.0034812382159233398,0.999906571553444
1740164244.9684978,1740164244.957117,1,3,0.002636485388584539,-0.012248697548691232,-0.015745809052539896,-0.01073621968627248,0.0023609770430358733,0.0005199216147805775,0.9999394426942888
1740164244.9861963,1740164244.9739263,1,3,0.0032142655154274867,-0.01015650320721164,-0.01312078767862633,-0.009394426185870873,0.008965026984100335,-0.0019516113178669997,0.9999137784134573
1740164245.0018408,1740164244.9911609,1,3,0.00365296458665604,-0.007968785799187162,-0.010399366333864239,-0.007898803173012186,0.014513802678734627,-0.004024302769232054,0.9998553712549922
1740164245.0189798,1740164245.0072017,1,3,0.003956071510582725,-0.005790816966737537,-0.0076807598651929924,-0.006329508539468483,0.01934149119026511,-0.006022683645138564,0.9997747602944856
1740164245.0357664,1740164245.0240698,1,3,0.004166955276592411,-0.003955510396335343,-0.005388959394489286,-0.005266801983653052,0.023121710759075237,-0.007694151506924755,0.9996891753545335
1740164245.051754,1740164245.0404766,1,3,0.004200775174254713,-0.0019052960682241354,-0.0028350107867547,-0.0041438813445372254,0.026135298023666525,-0.009140606096416566,0.9996080350641479
1740164245.0690093,1740164245.0570781,1,3,0.004171660652254518,-0.0004648843900587038,-0.0010369635915463543,-0.003077443996734732,0.027960263439946474,-0.010030870755854347,0.9995539678470068
1740164245.0852966,1740164245.0738564,1,3,0.004143754310742507,-6.03849785900938e-05,-0.0005288265589744841,-0.002662186906997805,0.028958996939471734,-0.010869817419617508,0.9995179519780504
1740164245.1016614,1740164245.0904007,1,3,0.004105735357967552,-0.0005977064306172777,-0.0011958487805995592,-0.003095362170693395,0.02913075574951969,-0.011413297733942517,0.9995056550301907
1740164245.119178,1740164245.1074135,1,3,0.003995608495612882,-0.0017116936835584384,-0.0025865422838769266,-0.004012498566593588,0.02840938242212753,-0.011636366979265506,0.9995205859856865
1740164245.1355448,1740164245.123904,1,3,0.0037839750696491725,-0.003129987231417546,-0.0043523678536287955,-0.004814229836003332,0.02651678040760675,-0.0114778870432187,0.999570878755941
1740164245.156747,1740164245.1406677,1,3,0.003502463432411705,-0.005086312346224727,-0.006785992451528538,-0.005876152048853981,0.023551888983855174,-0.010889297164881864,0.999646038640501
1740164245.1731339,1740164245.157322,1,3,0.003060961699580503,-0.006871974211143991,-0.009008018019676033,-0.007059912940838743,0.01970923748205091,-0.009991313416535495,0.999730902414923
1740164245.1884365,1740164245.1738563,1,3,0.0025110545017631523,-0.008824495170817835,-0.011452925891648782,-0.008402415738799051,0.014938949163070927,-0.008819039584738194,0.9998142086150098
1740164245.2022412,1740164245.190925,1,3,0.0018946199144098562,-0.011142237156901586,-0.01435834790098976,-0.009854822256464467,0.008902935390891114,-0.007047636920276624,0.9998869691287906
1740164245.2187567,1740164245.2074587,1,3,0.001181943511764808,-0.013578696493063298,-0.01742081767619162,-0.0113855734628889,0.0020620469761262654,-0.004953000719665504,0.9999207890943463
1740164245.2356317,1740164245.2241573,1,3,0.00035730192543857823,-0.015998089015042273,-0.020463728416841628,-0.012936846240613385,-0.005598414474661951,-0.002683631886898848,0.9998970416420945
1740164245.25241,1740164245.2410002,1,3,-0.0005630446077995535,-0.018397084839247214,-0.023497218408296515,-0.014468817271749715,-0.014286864646509533,0.00017596972964333904,0.9997932325536032
1740164245.2689512,1740164245.2572737,1,3,-0.0015443657975900964,-0.020965102148604944,-0.026757792624387836,-0.015948102979100733,-0.02377752530425066,0.0033397600319834296,0.9995844803240507
1740164245.2856922,1740164245.27432,1,3,-0.0025813445870280375,-0.023519572257816444,-0.030014663743351707,-0.017368145801224824,-0.033666997428908024,0.006698423485592725,0.9992597319607935
1740164245.3049684,1740164245.2907906,1,3,-0.003701698055177623,-0.02586925188371341,-0.03303401706987624,-0.018745607048026837,-0.044549174782963295,0.01042689366998276,0.9987768785524387
1740164245.3192086,1740164245.3076618,1,3,-0.004807812331845616,-0.028492806970620198,-0.036408399399122535,-0.02047035100022508,-0.055097976760401374,0.014001093666785827,0.9981729043923061
1740164245.335393,1740164245.3246071,1,3,-0.005955088557807124,-0.03093335329457233,-0.039561898136864476,-0.021665059647775594,-0.06626827115558868,0.01789065020610259,0.9974061690523628
1740164245.3521726,1740164245.3406885,1,3,-0.007158232300548646,-0.03288967425372953,-0.042131632833559515,-0.022669801024961203,-0.0770783274402028,0.021813616574187015,0.9965285634102335
1740164245.3698506,1740164245.3575804,1,3,-0.008330844146657794,-0.034890247371292045,-0.044759379967258185,-0.02379037647558848,-0.08795561496369303,0.025691346272636834,0.9955088058426244
1740164245.3859553,1740164245.374137,1,3,-0.009488174753097395,-0.03671486218800822,-0.047178381222332075,-0.024679296718688293,-0.09858813874774776,0.02955355854299155,0.9943831748321026
1740164245.7695265,1740164245.7578926,1,3,-0.010713534838083343,-0.030922490275476142,-0.040019511148614274,-0.021730566036092313,-0.11635055260674393,0.04317791133950515,0.9920312491954143
1740164245.786516,1740164245.7746663,1,3,-0.009461391224243953,-0.030061803147486677,-0.03880481841726092,-0.02144066860247958,-0.10703178198021215,0.040048665647629864,0.9932172973503147
1740164245.8034139,1740164245.7916548,1,3,-0.008191172263859996,-0.028996992366285612,-0.037344136630778305,-0.021021380728545497,-0.09681124360042011,0.03653528776961111,0.994409803558069
1740164245.8202999,1740164245.807933,1,3,-0.006894740126191316,-0.027843293000871086,-0.0357775903497044,-0.020460538336168014,-0.08614337510104052,0.03277017765569824,0.9955334252317246
1740164245.8368835,1740164245.8248398,1,3,-0.005594503109223624,-0.026576960590497724,-0.03407933001007898,-0.019900626065348755,-0.07571464266947281,0.02923364276312072,0.9965022087775016
1740164245.8525705,1740164245.841349,1,3,-0.00431999668240998,-0.025135450428970474,-0.032174531434613345,-0.019016031267170806,-0.0648684056765448,0.02543591557791942,0.9973883369573469
1740164245.8694663,1740164245.8577383,1,3,-0.0030467934294144574,-0.023836017524287035,-0.030464494024818562,-0.018162559912825192,-0.053744727015060036,0.02134668441609038,0.9981612819579457
1740164245.8852978,1740164245.8751247,1,3,-0.0018585058512417655,-0.02218204987966346,-0.02832782535705621,-0.017163672605733597,-0.04274731410285271,0.017443069696708103,0.9987861707088415
1740164245.903012,1740164245.8913827,1,3,-0.000738603547780449,-0.020424422632832725,-0.026069410938112304,-0.01610198271246051,-0.032199263913288825,0.01353295767718626,0.9992601225970531
1740164245.920037,1740164245.9081023,1,3,0.0002509727958205654,-0.018300850520855724,-0.023371808950249096,-0.014834607919905317,-0.022539088241195625,0.009972283770874996,0.9995861530981266
1740164245.9361937,1740164245.9246047,1,3,0.0012051560959150905,-0.01650395342626271,-0.021095703742528497,-0.013553828982134407,-0.013350731614472885,0.006586759358429328,0.9997973126021271
1740164245.9531057,1740164245.941293,1,3,0.002016431944171654,-0.014479913041861891,-0.01854526530531557,-0.012155484969057846,-0.005129497308620441,0.0035306591330272518,0.9999067290945762
1740164245.9690053,1740164245.9580314,1,3,0.0026465507093778235,-0.011971321174018359,-0.015399497779002121,-0.0107430935177976,0.002601882489158425,0.0005195476602262862,0.9999387712352238
1740164245.9855256,1740164245.9745257,1,3,0.0032530588781682565,-0.010101066269957297,-0.013051977092516282,-0.009480112284831239,0.00915814134841771,-0.001984602774034481,0.9999111546882247
1740164246.0045164,1740164245.9919276,1,3,0.003679216062415001,-0.007876889935973798,-0.010276811179730448,-0.007967613606807828,0.014886171286879638,-0.00426392228663589,0.9998483575045587
1740164246.0195007,1740164246.0080807,1,3,0.003973041235182903,-0.00568401770917715,-0.007543055899205726,-0.006572212506880767,0.019540212039665838,-0.006131880434036176,0.999768666331643
1740164246.0354614,1740164246.0246794,1,3,0.0041494528699954,-0.003674216256160201,-0.005032432094609998,-0.005347756042910381,0.023461257157906385,-0.007845823862775558,0.999679655672651
1740164246.0575857,1740164246.0415711,1,3,0.004190312328514406,-0.0017246368316740975,-0.002605668754950897,-0.004186065382358654,0.026196696067545024,-0.009183598967459615,0.9996058580669505
1740164246.0692225,1740164246.058118,1,3,0.004131632561404387,-0.00013860934194410662,-0.0006276649047918153,-0.0031239510641082892,0.028200242370519716,-0.010209430923894355,0.999545274002235
1740164246.086606,1740164246.0748582,1,3,0.004094862032430728,0.00027297968335884034,-0.00011407641851246149,-0.0027906640536535317,0.029161249287300822,-0.01103267004633637,0.9995099368819663
1740164246.102993,1740164246.0916762,1,3,0.004067534174601381,-0.00037583445045599295,-0.0009183217070535949,-0.0032274959331104205,0.029199590160743815,-0.011511711650149137,0.999502099897409
1740164246.1196349,1740164246.1082513,1,3,0.003974510752842796,-0.001664224111160601,-0.0025188707527150894,-0.004099505888785438,0.028251281301026304,-0.011676394304082485,0.9995242473158786
1740164246.14173,1740164246.1252165,1,3,0.0037753278668119362,-0.003223407754687201,-0.00446256337919583,-0.0050270298671310975,0.026663494505624923,-0.0115957648180293,0.9995645678342887
1740164246.154484,1740164246.141715,1,3,0.0034999516883791513,-0.0052523750239990745,-0.0069902596702647824,-0.006317503042040094,0.023545322060933394,-0.011040571255179597,0.9996418422368685
1740164246.1699512,1740164246.1584833,1,3,0.0030479892619997514,-0.007004549192910424,-0.009173029927219117,-0.007387081252711276,0.019593397430222634,-0.010093537883434455,0.9997297886432629
1740164246.187836,1740164246.1749392,1,3,0.002519839099871037,-0.009177505452678343,-0.011891710907057386,-0.008796265663435785,0.014625265664754807,-0.008779598263676813,0.99981580602076
1740164246.2030542,1740164246.19172,1,3,0.0018682324929494153,-0.011324594302215375,-0.014580818388957348,-0.010109406039719503,0.008790265553201315,-0.007150118874144297,0.9998846968231457
1740164246.2200582,1740164246.2086391,1,3,0.0011632695260303495,-0.013897899704839279,-0.017814788176999417,-0.011600752962952252,0.0021501102717669347,-0.0052734585878527205,0.9999164916086912
1740164246.2363033,1740164246.2250447,1,3,0.0002981832331108173,-0.016035153027236963,-0.020513474660923552,-0.013031028834838717,-0.0059037243241934255,-0.0026441840566290885,0.9998941677084051
1740164246.2530465,1740164246.2418067,1,3,-0.000623906261700621,-0.018467431549914797,-0.02358493435494051,-0.014562956422744303,-0.014630122835767029,0.00015342502213896162,0.9997869054287529
1740164246.2702827,1740164246.2585778,1,3,-0.0015750051721129714,-0.02125225671966817,-0.027118923939246937,-0.016183430015265537,-0.02386235760456468,0.0031640015900487825,0.9995792482722072
1740164246.2859304,1740164246.2751565,1,3,-0.0026159275877692774,-0.023821558543466452,-0.030392787710650387,-0.017632708923798875,-0.03385335200655095,0.006457850684952091,0.999250386188797
1740164246.3022113,1740164246.2919347,1,3,-0.003738309529054707,-0.026138825922606152,-0.033367023613057115,-0.01899884185187678,-0.044502163059092256,0.010081780768491675,0.9987777326251749
1740164246.3197877,1740164246.3084629,1,3,-0.0048491291050272506,-0.02876904078673168,-0.036752008792693046,-0.020643317916754778,-0.05553091049351729,0.013963827560010111,0.9981458725682449
1740164246.3349054,1740164246.325102,1,3,-0.005980706649786929,-0.03129076969240446,-0.0400131587443175,-0.02194836532947809,-0.06616323624570734,0.017554751722704588,0.9974129165600436
1740164246.3530936,1740164246.3420107,1,3,-0.0071712686300318546,-0.0333318441732441,-0.042689049429458475,-0.022984469390512127,-0.07719019130389325,0.021444744856778546,0.996520702971761
1740164246.3698008,1740164246.358637,1,3,-0.008382583203056434,-0.03506709703193767,-0.04498859643698117,-0.023951456130713974,-0.08812425087067058,0.025498322015074203,0.9954949923189554
1740164246.3875334,1740164246.3752546,1,3,-0.00951415725861985,-0.03704433627286211,-0.04759623609647808,-0.024885868400979186,-0.09858981787164693,0.029305575549318005,0.9943851993104522
1740164246.7713242,1740164246.758685,1,3,-0.010646034876849566,-0.03082204522985465,-0.039887836601691415,-0.021646947170540384,-0.11645645643600379,0.04348705658402442,0.9920071468201339
1740164246.7873123,1740164246.7755911,1,3,-0.009407692466854238,-0.029831320688517585,-0.038510770846082086,-0.021309005071902073,-0.10701578106471189,0.04038639715494157,0.9932081795025647
1740164246.8027902,1740164246.7920709,1,3,-0.008112126534697174,-0.028953611115537438,-0.037283416279055494,-0.021006344440289502,-0.09685977541314747,0.03689202439152618,0.9943922243946126
1740164246.8187053,1740164246.8089094,1,3,-0.006842781849953635,-0.027552639633247063,-0.03541145924573443,-0.020171656991715144,-0.08633979017142401,0.033378230044255545,0.9955021037880712
1740164246.8358626,1740164246.8255956,1,3,-0.00552501288200381,-0.026407343793915797,-0.033867934215030426,-0.019644641237218076,-0.07583749599124806,0.029638320732222317,0.9964859919821314
1740164246.853065,1740164246.842208,1,3,-0.0042036449076999355,-0.02532176903199824,-0.03240802388714688,-0.01911844244072282,-0.06444054243490951,0.02543468931830652,0.9974141457933192
1740164246.871125,1740164246.859329,1,3,-0.0029684456224836186,-0.023717157721004058,-0.03031407806643599,-0.01801736378482023,-0.05362869914286192,0.021731504789174117,0.9981618500674566
1740164246.8868892,1740164246.8755953,1,3,-0.0017464799227560638,-0.022318343670798574,-0.028492551812386063,-0.017040489610463814,-0.04274563495073682,0.017647839309896718,0.9987847546764949
1740164246.9037545,1740164246.892353,1,3,-0.0006687581060928196,-0.02028822592074936,-0.025894508508001655,-0.015835475278863188,-0.03237006919290149,0.01396088829505138,0.9992529759481091
1740164246.9201837,1740164246.909169,1,3,0.00035954049905017357,-0.018449270178214808,-0.023558044590743607,-0.014831500649172815,-0.02236412909563684,0.010264115271972641,0.9995871749157104
1740164246.9368875,1740164246.925745,1,3,0.0012883375175777128,-0.016548487297490085,-0.021151413277870852,-0.013498164646883321,-0.01339355454526426,0.006821052336422037,0.9997959219224855
1740164246.954514,1740164246.9426727,1,3,0.0020671465961623363,-0.014301536725871295,-0.01832084763415023,-0.011880089232499292,-0.004722439247501017,0.0035415935553424448,0.9999120057097376
1740164246.9706848,1740164246.9592092,1,3,0.0027078083493190684,-0.011918410635069304,-0.01533238436682224,-0.010527014029220594,0.002630358949151198,0.0007122108491435498,0.9999408762237564
1740164246.9868538,1740164246.97576,1,3,0.0033080017492472993,-0.010039126841898838,-0.012977056320018873,-0.009331297865303548,0.009377223699370616,-0.0018592620684122411,0.9999107648687466
1740164247.0039933,1740164246.9930906,1,3,0.003733260278331442,-0.00786516273796895,-0.010265710864166014,-0.00789488621966197,0.015117027846609447,-0.004135467953853389,0.9998460102163064
1740164247.0210347,1740164247.0092225,1,3,0.00402169470116357,-0.005711655293286665,-0.007580958398787754,-0.006400090556074068,0.019920751700667053,-0.006277211253325459,0.999761371083838
1740164247.0370276,1740164247.026107,1,3,0.004200669778381005,-0.003741221572206442,-0.005121241906881936,-0.005304971661146305,0.023513489854212685,-0.007778759208246775,0.9996791805252976
1740164247.0540366,1740164247.042732,1,3,0.004225583704204751,-0.0017397494864534752,-0.002628126595589145,-0.004130152254248917,0.026316835507978857,-0.00914485284639553,0.9996032901494575
1740164247.070862,1740164247.0593913,1,3,0.0041795944039443615,-0.0002874250905937491,-0.0008137818722637343,-0.0030449711230089776,0.028228193362508185,-0.01019426045836982,0.9995448835865529
1740164247.087221,1740164247.0762107,1,3,0.0041381762248795,0.00010392442923137999,-0.000326672464346937,-0.0027573488635280387,0.02918724089392473,-0.010974984250294256,0.9995099057622944
1740164247.103729,1740164247.0925407,1,3,0.004110496710905107,-0.0006201053099836369,-0.0012245416820229392,-0.003264981679713229,0.029409603618246467,-0.011651636878446144,0.9994941993166852
1740164247.121493,1740164247.109225,1,3,0.003975510046923164,-0.0016834098969662182,-0.0025463746051650545,-0.004005517221156502,0.028665629454571316,-0.011954071020700705,0.9995095485816012
1740164247.1373127,1740164247.1260262,1,3,0.003768106716254781,-0.0032342696381768613,-0.004479816124583182,-0.004930667864177422,0.02683223481154267,-0.0117978721815309,0.9995581673426613
1740164247.154712,1740164247.1425703,1,3,0.0034576939742240517,-0.0050933119960503235,-0.006794370485932953,-0.005943816382457067,0.02372010491521072,-0.011207371630203694,0.9996381457761432
1740164247.1705685,1740164247.1596715,1,3,0.0030012591636707784,-0.0068626966637300975,-0.009000809767335397,-0.007178086131938329,0.020137074602881094,-0.01057545425824348,0.9997155260738687
1740164247.1873295,1740164247.176083,1,3,0.0024766875607285955,-0.009089150157797564,-0.011784987266110408,-0.008608702163972656,0.01501813760807725,-0.00916899107673662,0.9998081192871319
1740164247.2078323,1740164247.1926627,1,3,0.0018219479639564032,-0.011237304438242411,-0.014479463576552101,-0.00997103573731572,0.009454387576259963,-0.007742980024116329,0.9998756118949141
1740164247.2207427,1740164247.2094924,1,3,0.001106262653410057,-0.01374882774096782,-0.01763428704814137,-0.011429313045941115,0.0022511140946357266,-0.0055830326162976535,0.9999165630368546
1740164247.237672,1740164247.2260363,1,3,0.0002583023037418089,-0.016063220972525227,-0.020551372709145248,-0.012920145479453844,-0.005409573888935014,-0.0032244844476221504,0.9998966991900597
1740164247.254825,1740164247.2429006,1,3,-0.0006357489045741026,-0.018714208661912812,-0.023899675778067987,-0.014712426377758284,-0.013946996684469708,-0.0005129639444188959,0.9997943601869107
1740164247.2699506,1740164247.2595537,1,3,-0.0016078441775598216,-0.02136649096711763,-0.027264871093816492,-0.016084211230410726,-0.023226335132734702,0.0024483639079515332,0.9995978396433096
1740164247.2878706,1740164247.276103,1,3,-0.002643423984144045,-0.023998558817803214,-0.030618010319008928,-0.017491108610288342,-0.03328921115914091,0.005812308126131038,0.9992757910678274
1740164247.3033109,1740164247.2927055,1,3,-0.0037404667052805354,-0.026534110184744133,-0.03387153230798553,-0.01910418247403594,-0.04396937016945986,0.009420083242934026,0.998805780284934
1740164247.319427,1740164247.309382,1,3,-0.004891936352922983,-0.028887333961102494,-0.03691202338746764,-0.020660930362392218,-0.05476183895869229,0.013242127404948558,0.9981978326024424
1740164247.3367448,1740164247.3262467,1,3,-0.006009515307027039,-0.031538843109712375,-0.04033506502251304,-0.02202892479571251,-0.06578193867547392,0.01712600413895034,0.9974438144570719
1740164247.3538067,1740164247.3426542,1,3,-0.0071574611407289514,-0.03390073233678734,-0.043403987146587206,-0.023196812138481297,-0.07669053198949446,0.020984079750474467,0.9965641668286122
1740164247.3708255,1740164247.3593516,1,3,-0.008377802799864994,-0.03553382323771729,-0.045572967854991056,-0.024009048265495644,-0.08740633667839545,0.024679579145965892,0.995577529016714
1740164247.3870683,1740164247.3762908,1,3,-0.00951677377995027,-0.037429974162646665,-0.04809062055787059,-0.02499839763427307,-0.09787636099376414,0.0285776652327934,0.9944740394420457
1740164247.7773645,1740164247.7601244,1,3,-0.01063991157068627,-0.030240865764574024,-0.03915513002137447,-0.021059819807181333,-0.11664192100281426,0.04409997327183754,0.9919709363745923
1740164247.7888198,1740164247.7767265,1,3,-0.009388828613026267,-0.029319855703486858,-0.037871955671520026,-0.020957940954843386,-0.10750888150986641,0.041227069437964954,0.9931278537293112
1740164247.8043084,1740164247.7933154,1,3,-0.008075452701876581,-0.028537926719650945,-0.036762963660081686,-0.020627155998716763,-0.09731999882887327,0.03766290978919475,0.9943263264590572
1740164247.8201082,1740164247.8102062,1,3,-0.0067681759608346475,-0.027457111620695144,-0.035284889751814374,-0.019900545514147626,-0.08664672173665407,0.033909562310158084,0.9954629352640226
1740164247.8374088,1740164247.8266003,1,3,-0.005471779711061037,-0.026153909235719825,-0.03353825835092425,-0.019295600247766293,-0.07578608816188502,0.030155591704563115,0.9964812035061901
1740164247.8557727,1740164247.8432953,1,3,-0.004148674551564911,-0.025078765169238376,-0.03209581370902768,-0.018739554575790802,-0.06517831369923291,0.026387522715679766,0.9973486427336004
1740164247.8720493,1740164247.860148,1,3,-0.0028883907564859744,-0.023719884165166197,-0.03031757716377284,-0.017785611998113432,-0.05412016195630904,0.022386842711713928,0.9981249968561435
1740164247.8874466,1740164247.8766263,1,3,-0.0016923892170648677,-0.022130369109537463,-0.028260288324928627,-0.016643024595341133,-0.043249337592343846,0.018464093405976188,0.9987550158997139
1740164247.9051125,1740164247.893525,1,3,-0.0005928030872180396,-0.02030897184674575,-0.025922096486773075,-0.015679303254358203,-0.032869399549528465,0.014622540926696554,0.9992296749594451
1740164247.9210784,1740164247.9099255,1,3,0.0004148168160192796,-0.018356775960803488,-0.023440012837500135,-0.014530921550411547,-0.022845179966581013,0.010828517502577085,0.9995747562238088
1740164247.9385123,1740164247.9266813,1,3,0.0013295904258265523,-0.01638727914149405,-0.02094581715449203,-0.013089434981699758,-0.013603731479284571,0.00732964006740554,0.9997949197501363
1740164247.9546473,1740164247.9433072,1,3,0.002148742552600246,-0.014476884418815556,-0.018540239635546428,-0.011631996487084583,-0.005145610855802602,0.004045748613957921,0.999910921664924
1740164247.9714525,1740164247.960055,1,3,0.002792364716540978,-0.012116117611935033,-0.01558101630146779,-0.010344156178382595,0.002453419533356508,0.0010824606390941482,0.9999429020921721
1740164247.9920564,1740164247.9768717,1,3,0.0034083799721817006,-0.010359502269652765,-0.013383279173483463,-0.009380366921737935,0.00933016818466884,-0.0016486392060667363,0.9999111153831762
1740164248.0045168,1740164247.9938366,1,3,0.003771861554302819,-0.007872528025750768,-0.010275722618225546,-0.007682690561012262,0.01476770088472835,-0.0037801599031018268,0.9998542902180446
1740164248.0215247,1740164248.0100923,1,3,0.004099755584600674,-0.006030835396304014,-0.007974355433681147,-0.006370903705731565,0.01974339171942685,-0.006047864618923949,0.9997664894378769
1740164248.0387726,1740164248.026801,1,3,0.004264552781332459,-0.004083232160869124,-0.005544071398261719,-0.0051773764935608094,0.023565424464960353,-0.00768189874109282,0.9996793755870738
1740164248.0548728,1740164248.0433836,1,3,0.004242770834645736,-0.0017925459575203364,-0.00269518462897003,-0.003976256176864862,0.02616807610715661,-0.008990716665911126,0.9996092177413628
1740164248.0712185,1740164248.060249,1,3,0.00420499658255812,-0.00045677474361093787,-0.0010357206472014838,-0.0030584745056021897,0.02823559596069448,-0.010191753986195673,0.9995446588347756
1740164248.0883691,1740164248.076701,1,3,0.004160135739343473,-9.403433575063986e-05,-0.0005796648016886999,-0.002686354738317518,0.029361985259516863,-0.011119465112492035,0.9995033840940468
1740164248.1047714,1740164248.0933836,1,3,0.004096288686593806,-0.000639164246699598,-0.001249521171694185,-0.003110093133165453,0.029465667899348638,-0.011714480599996186,0.9994923074642549
1740164248.1224437,1740164248.110193,1,3,0.003962610641635353,-0.001744839483178539,-0.002620013558740085,-0.0038730579735963087,0.028674340011816988,-0.011983748785793686,0.9995094653938295
1740164248.1386485,1740164248.1268528,1,3,0.003756427333560739,-0.00336376319560881,-0.004640780042231568,-0.00466906211848674,0.026659563992833004,-0.011865620578495393,0.9995632418986469
1740164248.1554024,1740164248.1435156,1,3,0.003423972473402477,-0.005114241168782746,-0.006823091000651783,-0.00573865256126417,0.023885089286315758,-0.011373077633025863,0.999633544596078
1740164248.1753242,1740164248.1601572,1,3,0.0029778488354925,-0.007012249357264866,-0.00918991855564197,-0.0070538779868423804,0.020297162706286256,-0.010890835635300692,0.999709786733423
1740164248.188796,1740164248.17715,1,3,0.002398972757670036,-0.00888441275569534,-0.011534478069051191,-0.008398751840726833,0.015385699156327707,-0.009687489222091774,0.9997994267759713
1740164248.2051172,1740164248.1937475,1,3,0.0017717959625415786,-0.011314775655780348,-0.01457414721588653,-0.009843320248504374,0.00967332380773298,-0.008087781176578535,0.9998720536391823
1740164248.2222044,1740164248.2102845,1,3,0.0010492901260664741,-0.013860088548096042,-0.017771451053635146,-0.011164064778769243,0.0026837856101702942,-0.006178175740652593,0.9999149919352803
1740164248.2385492,1740164248.2273042,1,3,0.0001945118635668355,-0.01615147053547411,-0.020661121777438812,-0.0127977544247389,-0.005045459678306115,-0.0037719159755733008,0.9998982615587408
1740164248.255397,1740164248.2436187,1,3,-0.0007213599120257029,-0.018704652935221912,-0.023894322916049753,-0.014545717193727306,-0.013531605884562153,-0.0011534441854857379,0.9998019740528702
1740164248.2716482,1740164248.260204,1,3,-0.0016654978169567854,-0.02158854568238639,-0.027552525669596168,-0.016172673491088658,-0.022974953743777216,0.001881214553660743,0.9996034499562438
1740164248.2880254,1740164248.2773354,1,3,-0.0027130255281706817,-0.024164731284262154,-0.030830751988296986,-0.017448909544134673,-0.03289637265815997,0.005123674040514493,0.9992933063850586
1740164248.30554,1740164248.293835,1,3,-0.0037862381171289653,-0.026849402762247596,-0.0342674129325191,-0.019125205518145946,-0.043436553293203506,0.008731169451737141,0.9988349508461849
1740164248.3211646,1740164248.3105001,1,3,-0.004914120346902677,-0.029372758386798602,-0.03751683224686824,-0.020735934141569018,-0.054215149433064186,0.012389025164302854,0.9982370713726801
1740164248.3385105,1740164248.3272905,1,3,-0.006056128164322303,-0.03182750255928451,-0.04069929943256998,-0.02196723817849948,-0.06513917346036205,0.016274229634919188,0.9975016180325221
1740164248.354832,1740164248.3436394,1,3,-0.007226647784383627,-0.03402074642359575,-0.04356835511924555,-0.023094825654868933,-0.07614021425621555,0.020198492661889906,0.9966249634116018
1740164248.3715591,1740164248.360969,1,3,-0.008380301581500377,-0.03614491219713528,-0.04634844440039582,-0.024288432278396853,-0.08709371694238939,0.0241321761501362,0.9956115681333135
1740164248.3878508,1740164248.3772557,1,3,-0.00955149275224116,-0.037839812129965275,-0.048608359584178945,-0.02516881235621291,-0.09761510278727789,0.028039866332399,0.9945107281917417
1740164248.773342,1740164248.760952,1,3,-0.010601456105370593,-0.029921459220442117,-0.038746185546899584,-0.021046987121584773,-0.11696820438159122,0.04465497357237248,0.9919079578429144
1740164248.789091,1740164248.7776337,1,3,-0.009331458631206577,-0.029179723085775957,-0.037686440637020764,-0.02102951585431247,-0.10781601598273818,0.041699392324203347,0.9930733239999628
1740164248.8073611,1740164248.794481,1,3,-0.008062465532634885,-0.028029255167155483,-0.03611447217550581,-0.020447246314180267,-0.09777506795726452,0.03830141027415521,0.9942610060618542
1740164248.822817,1740164248.8110058,1,3,-0.006736385269894046,-0.02704929007047945,-0.03476696101622266,-0.01976418407054805,-0.0871895091864999,0.034594655111870876,0.9953946837076907
1740164248.8381612,1740164248.8276663,1,3,-0.005393091222320698,-0.026102474530715597,-0.033470351985474905,-0.019445287419405842,-0.07660854267829348,0.031003022152461802,0.996389394064037
1740164248.8547108,1740164248.8444295,1,3,-0.004080221013013885,-0.024961314033671942,-0.031946525368473214,-0.018877418894968058,-0.06544821951206399,0.026964489146801923,0.9973129348121464
1740164248.8728259,1740164248.8607864,1,3,-0.002860486347811046,-0.023317968390780007,-0.02981068773225106,-0.01775902156567733,-0.054406984998075995,0.02284958202371555,0.9980993907110606
1740164248.8908415,1740164248.878519,1,3,-0.0016226669307071032,-0.02206670647804704,-0.028178179672635428,-0.016842876923358976,-0.04354722328884329,0.018979185431226196,0.9987290660440115
1740164248.9066696,1740164248.8948333,1,3,-0.0005436198201860437,-0.020134722077366652,-0.025700007478404886,-0.015710501034639005,-0.03309362983555829,0.01508682500777278,0.9992148815608844
1740164248.92266,1740164248.9110231,1,3,0.0004694887475149077,-0.018267827114786677,-0.023325633533326118,-0.014538792824923584,-0.023076520072175293,0.011142309478078372,0.9995658791015464
1740164248.9390078,1740164248.9277413,1,3,0.001383474221735257,-0.016341512758927666,-0.020892583380932885,-0.013204856040226368,-0.013611627421992073,0.007551626051470752,0.9997916424534966
1740164248.9553597,1740164248.9442801,1,3,0.002189898051254168,-0.014407509299561182,-0.018458234572147503,-0.011818163966753545,-0.0052265927817955185,0.0043918260009111676,0.9999068584586897
1740164248.972602,1740164248.9610362,1,3,0.002831002332703549,-0.012066333993268986,-0.01551630244606388,-0.010531984564697424,0.0024673368083812488,0.0012607270448685244,0.9999406983004149
1740164248.9894068,1740164248.9777694,1,3,0.0034085493165506016,-0.01015467042081165,-0.013121199455716995,-0.009321189228779492,0.009269054432503544,-0.001547931949901144,0.9999123981469411
1740164249.0062108,1740164248.994946,1,3,0.0038515204414168005,-0.008196007056541868,-0.010679726530328738,-0.008020615329946159,0.01479905951847974,-0.0037579761311108168,0.9998512565289377
1740164249.0219529,1740164249.0113697,1,3,0.0040858243325619555,-0.005773461151739908,-0.007655764994854622,-0.006298223357853516,0.019577473719101294,-0.005788232812622983,0.9997717495839835
1740164249.0395799,1740164249.0278883,1,3,0.004211542889893722,-0.003551526521592695,-0.004885714346555435,-0.00514993058516709,0.02341537073435551,-0.007483199250837616,0.9996845504244392
1740164249.0558233,1740164249.0444798,1,3,0.0042134265727034655,-0.0015000830739902563,-0.0023286810243411727,-0.004016770404099544,0.026591294003276502,-0.00931499959636143,0.9995949176647867
1740164249.0719502,1740164249.0611858,1,3,0.004167358850406184,-0.00019113827975897986,-0.0006916382564502986,-0.0030880146412623566,0.028354079093543597,-0.010293495228863452,0.9995401714390001
1740164249.0888743,1740164249.0776427,1,3,0.0040953625086940885,0.00027473914300215024,-0.00010868300000607182,-0.002684646869983766,0.029425369335530888,-0.011191248306570152,0.9995007234974829
1740164249.1062622,1740164249.0945506,1,3,0.004061134184115156,-0.0005273541608786288,-0.0011055766035253747,-0.0032864981442905614,0.029509532291254515,-0.011842496966184932,0.9994889402587228
1740164249.1228542,1740164249.111193,1,3,0.003937997284955048,-0.001780724682035217,-0.002666336615647114,-0.004162511818375515,0.02856609906692206,-0.012070122100902038,0.9995103619432516
1740164249.1393209,1740164249.127963,1,3,0.0037135738530032613,-0.003350404530378183,-0.00462214248381214,-0.005064596746025893,0.02675895168264861,-0.01209848088817568,0.9995558689362212
1740164249.1563714,1740164249.1447053,1,3,0.0033726938936054045,-0.005095810645842785,-0.006795794654354671,-0.006156437683957526,0.02403417856632025,-0.011731450892304507,0.9996233438629007
1740164249.1720808,1740164249.161436,1,3,0.0029309977564624346,-0.007077757240983963,-0.009265614967728882,-0.007420715715166207,0.0202140052436401,-0.011091081697251695,0.99970661440098
1740164249.190454,1740164249.1783125,1,3,0.0023427163624632937,-0.008948971495255795,-0.011608323017448931,-0.00864083827765803,0.015294260937758044,-0.009857819830950479,0.9997971018583759
1740164249.2061706,1740164249.1947143,1,3,0.0017059434685389562,-0.011340866204601006,-0.014606834631258349,-0.010096673970520394,0.009555618058080443,-0.008372875862169078,0.9998683124732265
1740164249.2226844,1740164249.2114322,1,3,0.0009537249808412313,-0.013665340447667184,-0.01753329314794464,-0.011460982220025201,0.002726591438531008,-0.006395099879297074,0.9999101531053745
1740164249.2398818,1740164249.2282355,1,3,0.00013392564034739505,-0.016263713209185106,-0.02080241560236193,-0.013190913395630883,-0.004845012150025097,-0.004151157957290674,0.9998926410113581
1740164249.2559743,1740164249.2447364,1,3,-0.0007863382007882644,-0.018791432201391154,-0.02399719980803268,-0.014698844269363711,-0.01329227008525403,-0.0015747759105237467,0.9998023702782253
1740164249.2725046,1740164249.261683,1,3,-0.0017484181488618244,-0.021601302814634783,-0.02756171146802686,-0.01622532479084964,-0.02279577139900725,0.0014678355117074442,0.999607391479608
1740164249.2895164,1740164249.2782145,1,3,-0.002772199055081325,-0.024355889479093097,-0.031071394021879323,-0.017787107778745728,-0.03279228004176437,0.004782184542685828,0.9992924576306625
1740164249.3065224,1740164249.2947698,1,3,-0.0038684187808597946,-0.02694003391588539,-0.03438498128667392,-0.01937339480341762,-0.04322551324660035,0.008255640346954746,0.9988433665899877
1740164249.3231158,1740164249.3116784,1,3,-0.004971830215196364,-0.029603974738190594,-0.03781429184357698,-0.02101668522164481,-0.05422617267438552,0.012065765060117367,0.998234560838732
1740164249.3402324,1740164249.3282678,1,3,-0.006111489986260728,-0.032104127242874994,-0.04105192279858209,-0.022342600455442146,-0.06522891522592933,0.015992180518643453,0.9974919784066416
1740164249.3556316,1740164249.3452418,1,3,-0.007279186110977793,-0.034312827639468024,-0.043932991222096526,-0.023389090389917783,-0.07622262866417163,0.019880701403951456,0.9966181912056106
1740164249.3731105,1740164249.361623,1,3,-0.008445826178104519,-0.03630863424371105,-0.046559210814103844,-0.024531035666879815,-0.08707812458651568,0.02367653157534514,0.9956179238845427
1740164249.388593,1740164249.3782246,1,3,-0.009577830523599501,-0.03825164837350646,-0.049127125374342606,-0.025416856155424182,-0.09759287758169127,0.027740991099967537,0.9945149828339899
1740164249.774993,1740164249.7617881,1,3,-0.010531105594152369,-0.02976014924373904,-0.03853505584353324,-0.021107570472420713,-0.11684248776793216,0.04486771416686657,0.9919118870879574
1740164249.7906785,1740164249.7787435,1,3,-0.009281920719860637,-0.028774257782003414,-0.037168616966405506,-0.0208543340620459,-0.10751972300239397,0.041798673784920005,0.993104967657568
1740164249.8066592,1740164249.7953305,1,3,-0.007996367310664285,-0.027757192057508134,-0.03576837469134081,-0.02033244298800196,-0.09754791895611854,0.03841875029837337,0.9942811447950632
1740164249.8226714,1740164249.8119142,1,3,-0.006671284326187753,-0.02678584047622071,-0.03442955928022292,-0.019841626861785373,-0.08695366341218087,0.034838939141730585,0.9954052534431178
1740164249.839237,1740164249.8289387,1,3,-0.005320583799516768,-0.02588138854745858,-0.03318334806275458,-0.019376446926846355,-0.07620267839052264,0.031058552410989607,0.9964201279745083
1740164249.8561845,1740164249.8452854,1,3,-0.004008514486948086,-0.024748802359884216,-0.03167210439355526,-0.01883786097183774,-0.0649990655029823,0.026937863473098355,0.9973437762322725
1740164249.8736215,1740164249.8620272,1,3,-0.002758213951032854,-0.02332164484848131,-0.029809115832253735,-0.017824320412000563,-0.0538460456933267,0.022901683657959613,0.9981274517067814
1740164249.890313,1740164249.878834,1,3,-0.0015468167065355635,-0.021961009327354633,-0.028039149579654254,-0.01683281872820282,-0.04347002772849122,0.01915435356064971,0.9987292544241513
1740164249.906595,1740164249.8953538,1,3,-0.0004572452299063631,-0.0200877870087674,-0.025638854205414407,-0.015709621288791817,-0.032783705250514536,0.015035210242682569,0.9992258898377125
1740164249.9236026,1740164249.9122827,1,3,0.0005576752957750596,-0.018289460556051976,-0.023349783978399444,-0.01467158515549937,-0.022511816104585896,0.011075988733126577,0.9995775533685628
1740164249.9402118,1740164249.9287665,1,3,0.0014629998209922065,-0.0163357490301838,-0.020877317438586764,-0.013217143326374994,-0.01333498608723216,0.007560280381894264,0.999795142731195
1740164249.9568295,1740164249.9452972,1,3,0.00223962499627359,-0.014228277492348583,-0.0182285295663167,-0.01160303618813429,-0.004837707940497015,0.004190360958124674,0.9999121996496192
1740164249.9736097,1740164249.9622355,1,3,0.0029042282034650443,-0.012126097050486371,-0.01559132278181977,-0.01042669261512601,0.002949580299850919,0.0011553953335624904,0.9999406227965676
1740164249.9906816,1740164249.9785964,1,3,0.003409694039201364,-0.009796667145467085,-0.012682861681183603,-0.009040719003592662,0.00943839232749118,-0.0014892286567250801,0.9999134784310983
1740164250.0068004,1740164249.99593,1,3,0.003832918378435539,-0.007757142338933594,-0.010134436843587478,-0.0076757791092137125,0.015214349952465196,-0.003815946911844518,0.9998475106333747
1740164250.0239122,1740164250.0121272,1,3,0.004150448263501467,-0.0059448082778185115,-0.00786604915511659,-0.006263114136160576,0.019629391232341167,-0.0056600898011271,0.9997716858286236
1740164250.045034,1740164250.0287964,1,3,0.004279438022279076,-0.003856978881614497,-0.005260802540509889,-0.0050656012994501195,0.023624209233671485,-0.007632517231066723,0.9996789390110588
1740164250.0608094,1740164250.0457046,1,3,0.00424726490828107,-0.0016252312417636492,-0.0024856338253385537,-0.0038294492795151033,0.026403125154300575,-0.00912037125640264,0.999602435535472
1740164250.0738645,1740164250.062071,1,3,0.004198299329280503,-0.00033920059990295566,-0.0008833174198579802,-0.00293791148319481,0.028491715252424218,-0.010351507689072177,0.9995361109668097
1740164250.0902734,1740164250.0788367,1,3,0.00416545813513982,-0.00020301485072882642,-0.000711769097081594,-0.002732782631183779,0.029265250147482626,-0.011080324803064845,0.9995065299612378
1740164250.106653,1740164250.0955427,1,3,0.004087730786762423,-0.0007651141074825439,-0.001404388329084428,-0.0031958942301598785,0.029577401918006584,-0.01191676871526818,0.9994863451689758
1740164250.12384,1740164250.1121137,1,3,0.0039354410992485,-0.0018828885185188402,-0.002792054032932391,-0.003977418430902112,0.02870292678022922,-0.012223876752277315,0.9995053271363887
1740164250.1390007,1740164250.1290686,1,3,0.0037368219063811155,-0.0036889377860871695,-0.005042526529001819,-0.005016865083086967,0.02664401796334456,-0.012049597881091495,0.9995597703801464
1740164250.1570003,1740164250.145661,1,3,0.003365878127049673,-0.005285740407714138,-0.007035997291084171,-0.005920495125823097,0.023963023512425394,-0.011754675930205074,0.9996262045561751
1740164250.1744497,1740164250.1621397,1,3,0.0028939577848123865,-0.007105914716337148,-0.009305595577547045,-0.0072052731433379785,0.01990935325308367,-0.01085529885952179,0.9997168920142563
1740164250.1901577,1740164250.1791272,1,3,0.0023187418297800923,-0.009120443715265146,-0.01182477932548199,-0.008594046441471773,0.015292460522802276,-0.009933848567947321,0.9997967801856282
1740164250.206913,1740164250.1954577,1,3,0.0016560401582812671,-0.011384302697469035,-0.014660447129838477,-0.009947605551754954,0.008987471313470703,-0.008122278078936873,0.9998771420039487
1740164250.2252347,1740164250.2122052,1,3,0.0009310236124683725,-0.013957600382658895,-0.017893000973329545,-0.011443077065084713,0.0024924807380877147,-0.0064428272504667376,0.9999106627614657
1740164250.2405474,1740164250.2289205,1,3,7.030501733769133e-05,-0.01631550945206218,-0.020868119124346406,-0.012976574678142823,-0.005096067342738689,-0.004123962805661733,0.9998943101838506
1740164250.257573,1740164250.2455232,1,3,-0.0008521824721900331,-0.018857470831580844,-0.024088149915247756,-0.01468397480306018,-0.013828472082247894,-0.0014649634668633265,0.999795483149376
1740164250.2742388,1740164250.2625186,1,3,-0.0018202037562522716,-0.021658510000938356,-0.027641856279310095,-0.01629887051805105,-0.023458022954139738,0.0017072420677040742,0.9995904928036486
1740164250.2901335,1740164250.2789521,1,3,-0.0028271202741505064,-0.02457475530294644,-0.03135483000527118,-0.017917394577162637,-0.03335836245255903,0.004890590046277384,0.9992708685611971
1740164250.3090644,1740164250.29557,1,3,-0.003922532580673119,-0.027164985919834114,-0.034669970574289576,-0.019404835679778448,-0.043825228396211564,0.008429244642283482,0.9988151728638393
1740164250.328003,1740164250.31409,1,3,-0.005065334741974441,-0.029537515844639012,-0.03773766964892944,-0.020917231719611084,-0.0546554618035712,0.012236408300509689,0.9982111601380389
1740164250.3394835,1740164250.3293662,1,3,-0.00615989404516344,-0.032390713228384604,-0.041414510851863054,-0.0224445247345052,-0.0657644240843715,0.016010436446155782,0.9974542344183499
1740164250.3587806,1740164250.3460402,1,3,-0.007316405500975867,-0.03465614859704665,-0.04437224590457147,-0.02354452611800493,-0.07664999350927701,0.020061411002859908,0.9965781321971102
1740164250.3762743,1740164250.3632643,1,3,-0.008505646996590132,-0.036471967526430234,-0.04677349102614034,-0.024544984986659406,-0.08779474399474702,0.024060116699294927,0.9955454471912961
1740164250.3913133,1740164250.3791776,1,3,-0.009637450412538225,-0.03840823223176787,-0.049334155612917624,-0.02556655180273381,-0.09818293032783647,0.027865261012925368,0.9944495919099362
1740164250.775618,1740164250.7628553,1,3,-0.010433156608061357,-0.029846574090543698,-0.03863242362484906,-0.02116604385659121,-0.11605387437065331,0.044518646338822784,0.9920189448590084
1740164250.791114,1740164250.7793477,1,3,-0.009168495380700473,-0.028932237111676487,-0.03735362333389763,-0.020829902226497127,-0.10625319397334732,0.041134502432855206,0.9932695136030796
1740164250.8065882,1740164250.7963076,1,3,-0.007882572494944052,-0.027909283348366162,-0.035950373653819624,-0.02040696232991407,-0.09651076426292055,0.03790265525154488,0.9944006320365726
1740164250.823791,1740164250.8128262,1,3,-0.006559767702222983,-0.026886386171295053,-0.03454763468736673,-0.019787399993433742,-0.08575939445461095,0.03417971557268456,0.9955327880625775
1740164250.8406208,1740164250.8295271,1,3,-0.005241108625011376,-0.02574940933546817,-0.03301522956431068,-0.01925736651041986,-0.0750167306496488,0.030466149305824808,0.9965307108685595
1740164250.8569365,1740164250.8463638,1,3,-0.003916190347314353,-0.024719362239133916,-0.0316286895293002,-0.018766643251355696,-0.064114480624796,0.026530918015681918,0.9974132828795365
1740164250.8739507,1740164250.8628001,1,3,-0.0026837793184587995,-0.023189351000576622,-0.029637947660669187,-0.01764416378369189,-0.052959405388542186,0.022404966441507957,0.9981893619669673
1740164250.889666,1740164250.879718,1,3,-0.0014886839852408958,-0.021707484440949477,-0.027717149158238523,-0.01655068860537511,-0.042018265269590384,0.018337108558775676,0.9988114389313559
1740164250.9078887,1740164250.896235,1,3,-0.00040170978424276295,-0.01989640491162575,-0.025399409468633515,-0.015548046704593841,-0.03162403488210333,0.014461701903504928,0.9992742555672599
1740164250.9243488,1740164250.9129572,1,3,0.0006196480256078747,-0.018191966846985017,-0.023228018816029698,-0.014625165130482036,-0.021639827195584133,0.01062268956368042,0.9996024114067978
1740164250.9402974,1740164250.9297056,1,3,0.0015140319791888393,-0.01623046337801073,-0.020745044009072473,-0.013231456796262319,-0.012508600706685438,0.007151442085163569,0.9998086418587868
1740164250.958191,1740164250.94629,1,3,0.002297548665096774,-0.014193263076529898,-0.018183427134718634,-0.011668234001140398,-0.004074887770713331,0.003777019771511095,0.999916487376119
1740164250.9746945,1740164250.9631162,1,3,0.0029255893709601018,-0.011876360722007321,-0.015276152905017153,-0.010339386788411039,0.003509153250020068,0.0007807008022091856,0.999940084920374
1740164250.9914112,1740164250.9798415,1,3,0.0034915105079000555,-0.01000309281686225,-0.012933571848431687,-0.009214490694074413,0.010003567464564326,-0.0018760269568141635,0.9999057467192036
1740164251.0079606,1740164250.9967923,1,3,0.003870814181173961,-0.007749378750808164,-0.010122342140115911,-0.007728390142490401,0.015520486447329682,-0.004016035218844088,0.999841616431005
1740164251.0244725,1740164251.013429,1,3,0.004157597520060173,-0.005810974649813081,-0.00770299162787011,-0.006333244527001701,0.02004839562384552,-0.006014402213481008,0.9997608608125673
1740164251.0418053,1740164251.029886,1,3,0.004217533433158189,-0.0032408817144906864,-0.004495826945047303,-0.004822654650171326,0.024098117308936504,-0.00793114710189021,0.9996665042152498
1740164251.0589917,1740164251.0467803,1,3,0.004239419400008299,-0.0014882841249800843,-0.0023133789971761395,-0.00387442823207748,0.0266494498669044,-0.009227196614978955,0.9995947451193881
1740164251.074839,1740164251.0633783,1,3,0.004171329141754776,-0.000145615876929721,-0.0006406803542685092,-0.0029379891638699764,0.028572285162099424,-0.010454563905241973,0.9995327382501484
1740164251.0916488,1740164251.079876,1,3,0.0041394328690869215,-8.567393517215754e-05,-0.0005613772022238635,-0.00271026789436989,0.029415141594640516,-0.011254699413851195,0.9995002429384456
1740164251.108572,1740164251.0968723,1,3,0.004061563157069135,-0.0007107797855219222,-0.0013333157294295613,-0.0032278342487360298,0.02946148102110507,-0.011806110710709944,0.9994909794350283
1740164251.1245344,1740164251.1132946,1,3,0.003943265658392379,-0.002125686100683864,-0.0030938134224035778,-0.004215067779137947,0.028376596817282208,-0.012098014417605208,0.9995152024876051
1740164251.1420124,1740164251.1300757,1,3,0.003685533548536956,-0.0035835395991942335,-0.00491170494889516,-0.0051080721467134235,0.026469569458740533,-0.01200045065647473,0.9995645345227362
1740164251.1587026,1740164251.1465898,1,3,0.003336670546415529,-0.005419401834112372,-0.007199753846498035,-0.006047439079751398,0.023172848935436342,-0.011350733568257169,0.9996487425092149
1740164251.174544,1740164251.1632547,1,3,0.002860808484395534,-0.007273433571558253,-0.009514933597207119,-0.0073769549507375,0.019314100184686073,-0.010623052392925783,0.9997298119129828
1740164251.1918736,1740164251.1801565,1,3,0.0023081950186088513,-0.009512449136394919,-0.012313097698895728,-0.008872724867757784,0.014332550106245208,-0.009394511705499077,0.9998137806165148
1740164251.2080827,1740164251.1968157,1,3,0.001659574906467972,-0.01188987719521889,-0.015295101191022455,-0.010283457956971482,0.008333907272066678,-0.0077561508698230815,0.999882312377668
1740164251.226143,1740164251.213363,1,3,0.0008914320658953894,-0.01424460604924711,-0.018255961062078396,-0.011721093240279768,0.0013327872479343458,-0.005771939538201227,0.9999137584638846
1740164251.2416177,1740164251.2299607,1,3,2.6047946363220753e-05,-0.016616432927931055,-0.021244399028709796,-0.013201524454455523,-0.006435002480083017,-0.0033823649912239303,0.9998864286018817
1740164251.258045,1740164251.246517,1,3,-0.0009170483669715291,-0.019053568371283188,-0.024333286669566967,-0.014824209393822323,-0.015171761091220686,-0.0007112347441948832,0.9997747519448457
1740164251.2757032,1740164251.2639134,1,3,-0.0018699465984497346,-0.021990655494726976,-0.02805669774692651,-0.016506228214117954,-0.024655894102832372,0.0023970808661835617,0.9995568444663137
1740164251.2909708,1740164251.280166,1,3,-0.002921527226944352,-0.024589175612805006,-0.031373942597982395,-0.017883279333545547,-0.03455959066620284,0.005580502294201211,0.9992270417714921
1740164251.3093114,1740164251.29677,1,3,-0.004000205981321772,-0.02732416600092987,-0.034875264335193584,-0.01959690812486721,-0.0455258913021336,0.009423309405102916,0.9987264668831739
1740164251.3253932,1740164251.313687,1,3,-0.00514185835682365,-0.0297512020886969,-0.03801209398863426,-0.021120816743823115,-0.056387922631090645,0.013151972755935121,0.9980988622847193
1740164251.3409507,1740164251.3300688,1,3,-0.006268619347130421,-0.032337296026696966,-0.04135608712032313,-0.02244705080368275,-0.06744660611756283,0.017077729128452263,0.9973241380821254
1740164251.3573952,1740164251.346847,1,3,-0.00745438284481945,-0.034364172581096336,-0.044018635349939945,-0.023429984438750013,-0.07813353458058998,0.02086906389630895,0.9964490296925556
1740164251.3761017,1740164251.3633893,1,3,-0.008615303151034672,-0.0363801497487195,-0.0466673355925191,-0.024521880897576103,-0.08914751535615553,0.02489196064436383,0.9954053386225877
1740164251.3923185,1740164251.3802943,1,3,-0.00975505219498068,-0.038181563620133835,-0.04906142387566939,-0.025322937157035548,-0.0993820795403176,0.02862081988993544,0.9943152416556887
1740164251.7758029,1740164251.763659,1,3,-0.010288500589926588,-0.03025578171368057,-0.03913118004448661,-0.02153214315341687,-0.11478931606662858,0.043665763954352836,0.9921960898867013
1740164251.7932067,1740164251.78068,1,3,-0.009069179610558037,-0.029011062611424263,-0.03743917173334294,-0.02100822528379681,-0.10508456847204355,0.04033703018947614,0.9934227760299051
